loop_i,video_fid,t_sec,camera_id,kind,track_id
0,0,0.0,camera_1,new_track,1
0,0,0.0,camera_2,new_track,1
0,0,0.0,camera_2,new_track,2
0,0,0.0,camera_2,new_track,3
0,0,0.0,camera_3,new_track,1
0,0,0.0,camera_3,new_track,2
0,0,0.0,camera_3,new_track,3
0,0,0.0,camera_3,new_track,4
0,0,0.0,camera_3,new_track,5
2,10,0.333,camera_2,lost_track,2
2,10,0.333,camera_4,new_track,1
10,50,1.667,camera_3,new_track,6
13,65,2.167,camera_1,new_track,2
13,65,2.167,camera_2,new_track,4
15,75,2.5,camera_3,new_track,8
15,75,2.5,camera_3,new_track,7
15,75,2.5,camera_3,lost_track,1
16,80,2.667,camera_3,reacquired,1
17,85,2.833,camera_3,lost_track,7
19,95,3.167,camera_3,lost_track,5
20,100,3.333,camera_3,reacquired,5
22,110,3.667,camera_2,lost_track,4
22,110,3.667,camera_3,new_track,9
22,110,3.667,camera_3,lost_track,6
23,115,3.833,camera_3,lost_track,8
23,115,3.833,camera_3,lost_track,5
24,120,4.0,camera_3,reacquired,5
24,120,4.0,camera_3,reacquired,8
25,125,4.167,camera_3,lost_track,9
26,130,4.333,camera_3,reacquired,9
28,140,4.667,camera_3,lost_track,9
31,155,5.167,camera_3,lost_track,3
32,160,5.333,camera_2,lost_track,3
32,160,5.333,camera_2,removed,2
39,195,6.5,camera_3,reacquired,9
43,215,7.167,camera_3,lost_track,9
47,235,7.833,camera_3,removed,7
49,245,8.167,camera_3,reacquired,9
52,260,8.667,camera_2,removed,4
52,260,8.667,camera_3,removed,6
55,275,9.167,camera_3,lost_track,9
56,280,9.333,camera_1,lost_track,2
57,285,9.5,camera_2,new_track,5
57,285,9.5,camera_3,lost_track,1
58,290,9.667,camera_1,new_track,3
60,300,10.0,camera_3,reacquired,1
61,305,10.167,camera_3,removed,3
62,310,10.333,camera_1,lost_track,3
62,310,10.333,camera_2,removed,3
63,315,10.5,camera_1,new_track,4
63,315,10.5,camera_3,new_track,10
66,330,11.0,camera_3,reacquired,9
67,335,11.167,camera_3,lost_track,10
74,370,12.333,camera_1,new_track,5
74,370,12.333,camera_1,lost_track,4
75,375,12.5,camera_2,lost_track,5
79,395,13.167,camera_2,new_track,6
79,395,13.167,camera_3,new_track,11
79,395,13.167,camera_3,new_track,12
80,400,13.333,camera_3,lost_track,1
81,405,13.5,camera_3,new_track,13
82,410,13.667,camera_3,lost_track,12
84,420,14.0,camera_2,new_track,7
84,420,14.0,camera_3,reacquired,1
84,420,14.0,camera_3,lost_track,9
86,430,14.333,camera_1,removed,2
87,435,14.5,camera_3,reacquired,9
88,440,14.667,camera_3,reacquired,10
89,445,14.833,camera_3,lost_track,9
92,460,15.333,camera_1,removed,3
92,460,15.333,camera_3,reacquired,9
92,460,15.333,camera_3,lost_track,10
94,470,15.667,camera_3,lost_track,11
95,475,15.833,camera_3,lost_track,1
96,480,16.0,camera_1,lost_track,1
96,480,16.0,camera_3,new_track,14
96,480,16.0,camera_3,reacquired,1
97,485,16.167,camera_2,new_track,8
97,485,16.167,camera_3,lost_track,1
100,500,16.667,camera_3,lost_track,9
100,500,16.667,camera_4,lost_track,1
101,505,16.833,camera_3,reacquired,9
102,510,17.0,camera_3,lost_track,9
103,515,17.167,camera_3,new_track,15
104,520,17.333,camera_1,removed,4
105,525,17.5,camera_2,removed,5
106,530,17.667,camera_3,lost_track,15
107,535,17.833,camera_1,new_track,6
107,535,17.833,camera_2,new_track,9
107,535,17.833,camera_3,new_track,16
107,535,17.833,camera_3,reacquired,15
107,535,17.833,camera_3,lost_track,14
110,550,18.333,camera_1,reacquired,1
110,550,18.333,camera_3,lost_track,16
112,560,18.667,camera_3,removed,12
116,580,19.333,camera_1,new_track,7
118,590,19.667,camera_3,reacquired,1
121,605,20.167,camera_3,lost_track,5
122,610,20.333,camera_1,lost_track,7
122,610,20.333,camera_3,removed,10
124,620,20.667,camera_1,new_track,8
124,620,20.667,camera_3,new_track,17
124,620,20.667,camera_3,removed,11
126,630,21.0,camera_1,lost_track,5
127,635,21.167,camera_1,new_track,9
128,640,21.333,camera_1,reacquired,7
128,640,21.333,camera_2,new_track,10
128,640,21.333,camera_3,lost_track,17
129,645,21.5,camera_1,new_track,10
129,645,21.5,camera_2,lost_track,8
129,645,21.5,camera_3,lost_track,1
130,650,21.667,camera_2,new_track,11
130,650,21.667,camera_4,removed,1
132,660,22.0,camera_1,lost_track,6
132,660,22.0,camera_3,reacquired,5
132,660,22.0,camera_3,lost_track,13
132,660,22.0,camera_3,removed,9
132,660,22.0,camera_5,new_track,1
133,665,22.167,camera_1,lost_track,10
134,670,22.333,camera_3,new_track,18
134,670,22.333,camera_3,lost_track,8
134,670,22.333,camera_3,lost_track,15
135,675,22.5,camera_3,reacquired,8
136,680,22.667,camera_1,lost_track,8
136,680,22.667,camera_2,lost_track,7
136,680,22.667,camera_3,new_track,19
137,685,22.833,camera_3,removed,14
138,690,23.0,camera_3,lost_track,18
138,690,23.0,camera_4,new_track,2
140,700,23.333,camera_3,removed,16
143,715,23.833,camera_3,lost_track,5
144,720,24.0,camera_2,lost_track,11
148,740,24.667,camera_1,reacquired,10
149,745,24.833,camera_2,lost_track,10
149,745,24.833,camera_3,new_track,20
150,750,25.0,camera_1,lost_track,7
150,750,25.0,camera_2,new_track,12
150,750,25.0,camera_3,lost_track,19
151,755,25.167,camera_2,lost_track,12
151,755,25.167,camera_3,reacquired,13
151,755,25.167,camera_3,lost_track,2
152,760,25.333,camera_2,new_track,13
152,760,25.333,camera_3,lost_track,8
152,760,25.333,camera_5,new_track,2
153,765,25.5,camera_1,reacquired,8
153,765,25.5,camera_2,reacquired,10
153,765,25.5,camera_2,lost_track,13
155,775,25.833,camera_5,new_track,3
156,780,26.0,camera_1,lost_track,1
156,780,26.0,camera_1,removed,5
156,780,26.0,camera_3,reacquired,8
156,780,26.0,camera_3,lost_track,4
156,780,26.0,camera_5,lost_track,3
157,785,26.167,camera_2,lost_track,10
158,790,26.333,camera_3,removed,17
159,795,26.5,camera_2,removed,8
159,795,26.5,camera_3,lost_track,13
159,795,26.5,camera_3,removed,1
161,805,26.833,camera_2,lost_track,9
162,810,27.0,camera_1,reacquired,1
162,810,27.0,camera_1,removed,6
162,810,27.0,camera_2,reacquired,9
162,810,27.0,camera_5,new_track,4
163,815,27.167,camera_1,lost_track,10
164,820,27.333,camera_1,reacquired,10
164,820,27.333,camera_1,lost_track,1
164,820,27.333,camera_2,new_track,14
164,820,27.333,camera_3,removed,15
165,825,27.5,camera_1,new_track,11
165,825,27.5,camera_2,lost_track,14
165,825,27.5,camera_5,new_track,5
166,830,27.667,camera_2,lost_track,9
166,830,27.667,camera_2,removed,7
166,830,27.667,camera_5,reacquired,3
167,835,27.833,camera_1,lost_track,11
167,835,27.833,camera_5,lost_track,2
167,835,27.833,camera_5,lost_track,3
167,835,27.833,camera_5,lost_track,5
168,840,28.0,camera_3,removed,18
168,840,28.0,camera_5,new_track,6
168,840,28.0,camera_5,new_track,7
169,845,28.167,camera_2,reacquired,14
169,845,28.167,camera_5,new_track,8
170,850,28.333,camera_2,lost_track,1
170,850,28.333,camera_3,new_track,21
170,850,28.333,camera_3,lost_track,20
170,850,28.333,camera_5,lost_track,6
171,855,28.5,camera_5,reacquired,3
171,855,28.5,camera_5,reacquired,5
172,860,28.667,camera_1,lost_track,8
173,865,28.833,camera_2,lost_track,14
173,865,28.833,camera_3,removed,5
173,865,28.833,camera_5,lost_track,3
173,865,28.833,camera_5,lost_track,5
174,870,29.0,camera_2,removed,11
175,875,29.167,camera_5,reacquired,5
178,890,29.667,camera_1,lost_track,10
179,895,29.833,camera_5,new_track,9
179,895,29.833,camera_5,lost_track,4
180,900,30.0,camera_1,removed,7
180,900,30.0,camera_3,removed,19
180,900,30.0,camera_5,lost_track,5
181,905,30.167,camera_2,removed,12
181,905,30.167,camera_3,removed,2
182,910,30.333,camera_2,new_track,15
182,910,30.333,camera_5,reacquired,5
183,915,30.5,camera_2,removed,13
184,920,30.667,camera_5,lost_track,1
186,930,31.0,camera_3,removed,4
186,930,31.0,camera_5,lost_track,8
187,935,31.167,camera_2,removed,10
187,935,31.167,camera_6,new_track,1
188,940,31.333,camera_2,lost_track,6
189,945,31.5,camera_3,removed,13
191,955,31.833,camera_5,new_track,10
192,960,32.0,camera_4,new_track,3
194,970,32.333,camera_1,removed,1
195,975,32.5,camera_4,lost_track,3
195,975,32.5,camera_6,new_track,2
196,980,32.667,camera_1,lost_track,9
196,980,32.667,camera_2,removed,9
196,980,32.667,camera_5,lost_track,5
196,980,32.667,camera_6,new_track,3
197,985,32.833,camera_1,removed,11
197,985,32.833,camera_5,removed,2
199,995,33.167,camera_2,lost_track,15
199,995,33.167,camera_6,new_track,4
200,1000,33.333,camera_2,removed,1
200,1000,33.333,camera_3,removed,20
200,1000,33.333,camera_5,new_track,11
200,1000,33.333,camera_5,removed,6
201,1005,33.5,camera_5,new_track,12
202,1010,33.667,camera_1,removed,8
203,1015,33.833,camera_2,removed,14
203,1015,33.833,camera_5,lost_track,10
203,1015,33.833,camera_5,removed,3
203,1015,33.833,camera_6,lost_track,4
204,1020,34.0,camera_3,lost_track,21
204,1020,34.0,camera_4,new_track,4
204,1020,34.0,camera_5,lost_track,12
204,1020,34.0,camera_6,lost_track,1
204,1020,34.0,camera_7,new_track,1
205,1025,34.167,camera_5,reacquired,12
206,1030,34.333,camera_5,lost_track,12
206,1030,34.333,camera_6,new_track,5
207,1035,34.5,camera_5,new_track,13
207,1035,34.5,camera_5,reacquired,12
207,1035,34.5,camera_6,lost_track,3
208,1040,34.667,camera_1,removed,10
208,1040,34.667,camera_5,lost_track,9
209,1045,34.833,camera_5,new_track,14
209,1045,34.833,camera_5,removed,4
210,1050,35.0,camera_5,lost_track,12
211,1055,35.167,camera_4,lost_track,2
211,1055,35.167,camera_5,new_track,15
211,1055,35.167,camera_5,reacquired,10
211,1055,35.167,camera_5,lost_track,14
211,1055,35.167,camera_6,new_track,6
211,1055,35.167,camera_6,reacquired,4
211,1055,35.167,camera_7,new_track,2
212,1060,35.333,camera_5,lost_track,10
212,1060,35.333,camera_5,lost_track,13
212,1060,35.333,camera_6,lost_track,4
213,1065,35.5,camera_7,lost_track,2
214,1070,35.667,camera_5,removed,1
214,1070,35.667,camera_6,lost_track,6
214,1070,35.667,camera_7,new_track,3
215,1075,35.833,camera_5,reacquired,10
215,1075,35.833,camera_5,lost_track,7
216,1080,36.0,camera_5,removed,8
217,1085,36.167,camera_5,new_track,16
217,1085,36.167,camera_5,new_track,17
217,1085,36.167,camera_6,reacquired,4
217,1085,36.167,camera_6,lost_track,5
218,1090,36.333,camera_2,removed,6
218,1090,36.333,camera_5,lost_track,10
218,1090,36.333,camera_6,reacquired,6
218,1090,36.333,camera_6,lost_track,4
219,1095,36.5,camera_5,lost_track,17
219,1095,36.5,camera_6,lost_track,2
219,1095,36.5,camera_6,lost_track,6
220,1100,36.667,camera_5,lost_track,16
220,1100,36.667,camera_7,new_track,4
221,1105,36.833,camera_5,new_track,18
223,1115,37.167,camera_5,reacquired,13
223,1115,37.167,camera_5,lost_track,15
225,1125,37.5,camera_4,lost_track,4
225,1125,37.5,camera_4,removed,3
226,1130,37.667,camera_1,removed,9
226,1130,37.667,camera_5,removed,5
227,1135,37.833,camera_7,lost_track,3
229,1145,38.167,camera_2,removed,15
229,1145,38.167,camera_7,new_track,5
230,1150,38.333,camera_5,new_track,19
232,1160,38.667,camera_5,lost_track,11
233,1165,38.833,camera_5,new_track,20
233,1165,38.833,camera_5,lost_track,19
234,1170,39.0,camera_3,removed,21
234,1170,39.0,camera_5,reacquired,11
234,1170,39.0,camera_6,removed,1
235,1175,39.167,camera_7,lost_track,5
237,1185,39.5,camera_6,removed,3
237,1185,39.5,camera_7,new_track,6
238,1190,39.667,camera_5,new_track,21
238,1190,39.667,camera_5,removed,9
238,1190,39.667,camera_7,lost_track,6
239,1195,39.833,camera_5,lost_track,20
240,1200,40.0,camera_5,removed,12
241,1205,40.167,camera_4,removed,2
241,1205,40.167,camera_5,removed,14
241,1205,40.167,camera_7,new_track,7
242,1210,40.333,camera_5,new_track,22
242,1210,40.333,camera_7,new_track,8
243,1215,40.5,camera_5,reacquired,20
243,1215,40.5,camera_7,lost_track,1
243,1215,40.5,camera_7,removed,2
245,1225,40.833,camera_5,removed,7
246,1230,41.0,camera_5,lost_track,13
247,1235,41.167,camera_5,lost_track,22
247,1235,41.167,camera_6,removed,5
247,1235,41.167,camera_7,lost_track,8
248,1240,41.333,camera_5,new_track,23
248,1240,41.333,camera_5,lost_track,20
248,1240,41.333,camera_5,removed,10
248,1240,41.333,camera_6,removed,4
248,1240,41.333,camera_7,reacquired,8
249,1245,41.5,camera_5,lost_track,21
249,1245,41.5,camera_5,removed,17
249,1245,41.5,camera_6,removed,2
249,1245,41.5,camera_6,removed,6
249,1245,41.5,camera_7,lost_track,8
250,1250,41.667,camera_5,reacquired,20
250,1250,41.667,camera_5,removed,16
250,1250,41.667,camera_7,reacquired,8
251,1255,41.833,camera_5,lost_track,23
252,1260,42.0,camera_5,lost_track,20
253,1265,42.167,camera_5,removed,15
253,1265,42.167,camera_7,reacquired,6
253,1265,42.167,camera_7,lost_track,8
254,1270,42.333,camera_7,lost_track,6
255,1275,42.5,camera_4,removed,4
257,1285,42.833,camera_7,new_track,9
257,1285,42.833,camera_7,removed,3
259,1295,43.167,camera_6,new_track,7
262,1310,43.667,camera_6,lost_track,7
263,1315,43.833,camera_5,new_track,24
263,1315,43.833,camera_5,removed,19
265,1325,44.167,camera_7,removed,5
266,1330,44.333,camera_5,lost_track,24
267,1335,44.5,camera_5,lost_track,18
272,1360,45.333,camera_5,reacquired,18
273,1365,45.5,camera_5,new_track,25
273,1365,45.5,camera_7,lost_track,4
273,1365,45.5,camera_7,removed,1
275,1375,45.833,camera_5,lost_track,25
275,1375,45.833,camera_5,lost_track,11
276,1380,46.0,camera_5,removed,13
277,1385,46.167,camera_5,reacquired,11
277,1385,46.167,camera_5,removed,22
278,1390,46.333,camera_5,reacquired,25
279,1395,46.5,camera_5,removed,21
281,1405,46.833,camera_5,removed,23
282,1410,47.0,camera_5,removed,20
282,1410,47.0,camera_7,new_track,10
283,1415,47.167,camera_7,removed,8
284,1420,47.333,camera_7,removed,6
286,1430,47.667,camera_5,lost_track,11
292,1460,48.667,camera_6,removed,7
296,1480,49.333,camera_5,lost_track,18
296,1480,49.333,camera_5,removed,24
303,1515,50.5,camera_7,removed,4
311,1555,51.833,camera_5,new_track,26
313,1565,52.167,camera_5,new_track,27
316,1580,52.667,camera_5,removed,11
317,1585,52.833,camera_5,lost_track,25
319,1595,53.167,camera_5,new_track,28
320,1600,53.333,camera_5,new_track,29
323,1615,53.833,camera_5,new_track,30
325,1625,54.167,camera_5,lost_track,27
326,1630,54.333,camera_5,removed,18
326,1630,54.333,camera_6,new_track,8
326,1630,54.333,camera_7,lost_track,9
327,1635,54.5,camera_6,new_track,9
329,1645,54.833,camera_5,lost_track,28
332,1660,55.333,camera_5,reacquired,28
334,1670,55.667,camera_6,lost_track,9
338,1690,56.333,camera_5,lost_track,28
339,1695,56.5,camera_5,lost_track,29
340,1700,56.667,camera_6,lost_track,8
343,1715,57.167,camera_5,new_track,31
343,1715,57.167,camera_5,reacquired,28
344,1720,57.333,camera_5,lost_track,28
345,1725,57.5,camera_7,lost_track,10
346,1730,57.667,camera_7,new_track,11
347,1735,57.833,camera_5,removed,25
347,1735,57.833,camera_7,lost_track,11
348,1740,58.0,camera_5,new_track,32
348,1740,58.0,camera_7,new_track,12
349,1745,58.167,camera_5,reacquired,28
350,1750,58.333,camera_5,new_track,33
350,1750,58.333,camera_5,lost_track,31
351,1755,58.5,camera_5,new_track,34
352,1760,58.667,camera_5,lost_track,33
353,1765,58.833,camera_5,lost_track,28
354,1770,59.0,camera_5,reacquired,28
354,1770,59.0,camera_5,reacquired,29
355,1775,59.167,camera_5,removed,27
355,1775,59.167,camera_7,lost_track,12
356,1780,59.333,camera_5,new_track,35
356,1780,59.333,camera_5,lost_track,28
356,1780,59.333,camera_6,new_track,10
356,1780,59.333,camera_7,removed,9
357,1785,59.5,camera_1,new_track,12
357,1785,59.5,camera_2,new_track,16
357,1785,59.5,camera_5,lost_track,29
358,1790,59.667,camera_5,reacquired,29
358,1790,59.667,camera_5,lost_track,35
358,1790,59.667,camera_6,new_track,11
359,1795,59.833,camera_5,reacquired,28
359,1795,59.833,camera_5,lost_track,32
359,1795,59.833,camera_5,lost_track,34
359,1795,59.833,camera_5,lost_track,29
360,1800,60.0,camera_5,reacquired,35
361,1805,60.167,camera_5,new_track,36
361,1805,60.167,camera_5,reacquired,29
361,1805,60.167,camera_5,lost_track,30
362,1810,60.333,camera_4,new_track,5
362,1810,60.333,camera_6,new_track,12
363,1815,60.5,camera_5,lost_track,36
363,1815,60.5,camera_7,lost_track,7
364,1820,60.667,camera_5,lost_track,35
364,1820,60.667,camera_6,removed,9
365,1825,60.833,camera_3,new_track,22
366,1830,61.0,camera_5,reacquired,36
366,1830,61.0,camera_5,lost_track,26
366,1830,61.0,camera_6,lost_track,11
367,1835,61.167,camera_5,new_track,37
369,1845,61.5,camera_5,new_track,38
370,1850,61.667,camera_5,lost_track,36
370,1850,61.667,camera_6,lost_track,12
370,1850,61.667,camera_6,removed,8
371,1855,61.833,camera_3,lost_track,8
371,1855,61.833,camera_5,new_track,39
371,1855,61.833,camera_6,new_track,13
372,1860,62.0,camera_1,lost_track,12
374,1870,62.333,camera_5,reacquired,36
375,1875,62.5,camera_3,reacquired,8
375,1875,62.5,camera_6,lost_track,10
375,1875,62.5,camera_7,removed,10
376,1880,62.667,camera_2,lost_track,16
376,1880,62.667,camera_5,new_track,40
377,1885,62.833,camera_5,reacquired,34
377,1885,62.833,camera_5,lost_track,36
377,1885,62.833,camera_5,lost_track,39
377,1885,62.833,camera_7,removed,11
379,1895,63.167,camera_3,lost_track,22
379,1895,63.167,camera_4,new_track,6
379,1895,63.167,camera_5,reacquired,39
380,1900,63.333,camera_5,reacquired,36
380,1900,63.333,camera_5,lost_track,34
380,1900,63.333,camera_5,lost_track,39
380,1900,63.333,camera_5,removed,31
380,1900,63.333,camera_6,reacquired,10
380,1900,63.333,camera_6,lost_track,13
381,1905,63.5,camera_5,reacquired,39
381,1905,63.5,camera_5,lost_track,29
381,1905,63.5,camera_5,lost_track,38
381,1905,63.5,camera_6,lost_track,10
382,1910,63.667,camera_4,new_track,7
382,1910,63.667,camera_5,removed,33
383,1915,63.833,camera_3,reacquired,22
383,1915,63.833,camera_4,lost_track,5
383,1915,63.833,camera_5,reacquired,34
384,1920,64.0,camera_5,lost_track,34
385,1925,64.167,camera_5,reacquired,34
385,1925,64.167,camera_7,removed,12
386,1930,64.333,camera_5,new_track,41
386,1930,64.333,camera_5,lost_track,34
387,1935,64.5,camera_4,lost_track,7
387,1935,64.5,camera_5,lost_track,37
389,1945,64.833,camera_2,new_track,17
389,1945,64.833,camera_2,new_track,18
389,1945,64.833,camera_5,new_track,42
389,1945,64.833,camera_5,removed,32
390,1950,65.0,camera_5,new_track,43
390,1950,65.0,camera_5,reacquired,37
391,1955,65.167,camera_5,removed,30
393,1965,65.5,camera_2,lost_track,17
393,1965,65.5,camera_4,lost_track,6
393,1965,65.5,camera_5,lost_track,36
393,1965,65.5,camera_7,removed,7
394,1970,65.667,camera_1,new_track,13
394,1970,65.667,camera_5,removed,35
395,1975,65.833,camera_5,new_track,44
396,1980,66.0,camera_5,removed,26
396,1980,66.0,camera_6,removed,11
397,1985,66.167,camera_1,new_track,14
397,1985,66.167,camera_5,lost_track,44
398,1990,66.333,camera_2,new_track,19
399,1995,66.5,camera_1,lost_track,14
399,1995,66.5,camera_5,reacquired,44
399,1995,66.5,camera_5,lost_track,37
400,2000,66.667,camera_3,lost_track,22
400,2000,66.667,camera_5,lost_track,41
400,2000,66.667,camera_6,removed,12
401,2005,66.833,camera_2,lost_track,19
401,2005,66.833,camera_5,reacquired,36
401,2005,66.833,camera_5,lost_track,39
402,2010,67.0,camera_1,removed,12
402,2010,67.0,camera_5,new_track,45
403,2015,67.167,camera_5,lost_track,40
403,2015,67.167,camera_5,lost_track,44
404,2020,67.333,camera_1,new_track,15
404,2020,67.333,camera_2,new_track,20
405,2025,67.5,camera_5,reacquired,40
405,2025,67.5,camera_5,reacquired,44
405,2025,67.5,camera_5,lost_track,45
406,2030,67.667,camera_2,removed,16
406,2030,67.667,camera_5,reacquired,37
406,2030,67.667,camera_5,lost_track,28
407,2035,67.833,camera_3,reacquired,22
408,2040,68.0,camera_5,lost_track,40
408,2040,68.0,camera_5,lost_track,44
408,2040,68.0,camera_5,lost_track,37
409,2045,68.167,camera_5,reacquired,34
409,2045,68.167,camera_5,reacquired,44
410,2050,68.333,camera_4,new_track,8
410,2050,68.333,camera_6,removed,13
411,2055,68.5,camera_5,lost_track,36
411,2055,68.5,camera_5,lost_track,44
411,2055,68.5,camera_5,removed,29
411,2055,68.5,camera_5,removed,38
411,2055,68.5,camera_6,removed,10
412,2060,68.667,camera_1,lost_track,13
412,2060,68.667,camera_2,lost_track,18
412,2060,68.667,camera_5,reacquired,45
412,2060,68.667,camera_5,lost_track,34
412,2060,68.667,camera_5,lost_track,42
413,2065,68.833,camera_4,removed,5
413,2065,68.833,camera_5,reacquired,34
414,2070,69.0,camera_5,reacquired,44
415,2075,69.167,camera_6,new_track,14
417,2085,69.5,camera_1,reacquired,13
417,2085,69.5,camera_1,lost_track,15
417,2085,69.5,camera_4,new_track,9
417,2085,69.5,camera_4,removed,7
418,2090,69.667,camera_1,lost_track,13
418,2090,69.667,camera_5,new_track,46
419,2095,69.833,camera_5,new_track,47
420,2100,70.0,camera_4,lost_track,9
421,2105,70.167,camera_5,lost_track,46
422,2110,70.333,camera_2,new_track,21
422,2110,70.333,camera_3,new_track,23
422,2110,70.333,camera_4,lost_track,8
422,2110,70.333,camera_5,lost_track,47
423,2115,70.5,camera_2,removed,17
423,2115,70.5,camera_4,removed,6
423,2115,70.5,camera_5,lost_track,43
424,2120,70.667,camera_1,new_track,16
424,2120,70.667,camera_2,new_track,22
424,2120,70.667,camera_5,reacquired,46
426,2130,71.0,camera_1,lost_track,16
426,2130,71.0,camera_2,reacquired,19
426,2130,71.0,camera_2,lost_track,21
426,2130,71.0,camera_2,lost_track,22
426,2130,71.0,camera_6,new_track,15
428,2140,71.333,camera_1,reacquired,14
430,2150,71.667,camera_5,lost_track,46
430,2150,71.667,camera_5,removed,41
431,2155,71.833,camera_5,reacquired,46
431,2155,71.833,camera_5,removed,39
432,2160,72.0,camera_4,new_track,10
432,2160,72.0,camera_6,lost_track,15
433,2165,72.167,camera_6,new_track,16
433,2165,72.167,camera_6,lost_track,14
433,2165,72.167,camera_7,new_track,13
434,2170,72.333,camera_1,reacquired,16
434,2170,72.333,camera_3,lost_track,23
434,2170,72.333,camera_5,lost_track,45
434,2170,72.333,camera_7,lost_track,13
435,2175,72.5,camera_4,lost_track,10
435,2175,72.5,camera_7,new_track,14
436,2180,72.667,camera_1,lost_track,16
436,2180,72.667,camera_5,removed,28
437,2185,72.833,camera_5,lost_track,34
438,2190,73.0,camera_3,new_track,24
438,2190,73.0,camera_5,removed,40
438,2190,73.0,camera_5,removed,37
439,2195,73.167,camera_2,new_track,23
439,2195,73.167,camera_5,new_track,48
439,2195,73.167,camera_5,lost_track,46
440,2200,73.333,camera_1,new_track,17
440,2200,73.333,camera_1,lost_track,14
441,2205,73.5,camera_2,lost_track,19
441,2205,73.5,camera_5,removed,36
442,2210,73.667,camera_2,removed,18
442,2210,73.667,camera_5,reacquired,46
442,2210,73.667,camera_5,removed,42
443,2215,73.833,camera_2,lost_track,23
444,2220,74.0,camera_5,lost_track,46
445,2225,74.167,camera_1,reacquired,14
445,2225,74.167,camera_5,new_track,49
445,2225,74.167,camera_5,new_track,50
446,2230,74.333,camera_6,lost_track,16
447,2235,74.5,camera_1,removed,15
447,2235,74.5,camera_6,reacquired,16
448,2240,74.667,camera_1,removed,13
448,2240,74.667,camera_6,new_track,17
450,2250,75.0,camera_4,removed,9
451,2255,75.167,camera_1,lost_track,17
452,2260,75.333,camera_4,removed,8
452,2260,75.333,camera_5,removed,47
453,2265,75.5,camera_2,lost_track,20
453,2265,75.5,camera_5,lost_track,44
453,2265,75.5,camera_5,removed,43
454,2270,75.667,camera_2,new_track,24
454,2270,75.667,camera_5,new_track,51
454,2270,75.667,camera_6,new_track,18
455,2275,75.833,camera_2,lost_track,24
456,2280,76.0,camera_2,removed,21
456,2280,76.0,camera_2,removed,22
456,2280,76.0,camera_7,reacquired,13
458,2290,76.333,camera_4,new_track,11
458,2290,76.333,camera_6,lost_track,18
459,2295,76.5,camera_6,lost_track,16
461,2305,76.833,camera_2,new_track,25
462,2310,77.0,camera_2,reacquired,24
462,2310,77.0,camera_6,removed,15
463,2315,77.167,camera_6,removed,14
464,2320,77.333,camera_3,removed,23
464,2320,77.333,camera_5,removed,45
464,2320,77.333,camera_6,new_track,19
464,2320,77.333,camera_6,reacquired,16
465,2325,77.5,camera_4,removed,10
466,2330,77.667,camera_1,removed,16
466,2330,77.667,camera_2,lost_track,24
467,2335,77.833,camera_3,lost_track,22
467,2335,77.833,camera_5,lost_track,51
467,2335,77.833,camera_5,removed,34
467,2335,77.833,camera_6,lost_track,16
467,2335,77.833,camera_7,new_track,15
468,2340,78.0,camera_3,lost_track,8
468,2340,78.0,camera_6,reacquired,18
468,2340,78.0,camera_6,lost_track,17
469,2345,78.167,camera_5,reacquired,51
469,2345,78.167,camera_6,lost_track,18
470,2350,78.333,camera_3,reacquired,8
471,2355,78.5,camera_2,removed,19
471,2355,78.5,camera_5,new_track,52
473,2365,78.833,camera_2,removed,23
473,2365,78.833,camera_3,lost_track,24
474,2370,79.0,camera_5,removed,46
475,2375,79.167,camera_5,lost_track,51
476,2380,79.333,camera_5,lost_track,50
477,2385,79.5,camera_6,reacquired,18
477,2385,79.5,camera_6,lost_track,19
478,2390,79.667,camera_5,new_track,53
480,2400,80.0,camera_5,lost_track,52
480,2400,80.0,camera_6,new_track,20
481,2405,80.167,camera_1,removed,17
481,2405,80.167,camera_5,reacquired,52
483,2415,80.5,camera_1,lost_track,14
483,2415,80.5,camera_2,removed,20
483,2415,80.5,camera_5,new_track,54
483,2415,80.5,camera_5,lost_track,52
483,2415,80.5,camera_5,removed,44
484,2420,80.667,camera_6,lost_track,20
484,2420,80.667,camera_7,new_track,16
485,2425,80.833,camera_2,lost_track,25
485,2425,80.833,camera_5,new_track,55
486,2430,81.0,camera_6,lost_track,18
486,2430,81.0,camera_7,lost_track,16
487,2435,81.167,camera_5,lost_track,55
487,2435,81.167,camera_7,reacquired,16
488,2440,81.333,camera_4,new_track,12
488,2440,81.333,camera_5,lost_track,54
489,2445,81.5,camera_4,lost_track,11
489,2445,81.5,camera_5,reacquired,54
489,2445,81.5,camera_5,reacquired,55
490,2450,81.667,camera_5,lost_track,48
490,2450,81.667,camera_7,lost_track,15
491,2455,81.833,camera_5,reacquired,48
491,2455,81.833,camera_5,lost_track,53
492,2460,82.0,camera_2,reacquired,25
492,2460,82.0,camera_5,lost_track,54
492,2460,82.0,camera_7,new_track,17
493,2465,82.167,camera_1,reacquired,14
493,2465,82.167,camera_5,lost_track,48
493,2465,82.167,camera_5,lost_track,55
493,2465,82.167,camera_7,new_track,18
493,2465,82.167,camera_7,lost_track,17
494,2470,82.333,camera_7,lost_track,18
496,2480,82.667,camera_2,removed,24
496,2480,82.667,camera_5,reacquired,51
496,2480,82.667,camera_7,reacquired,18
497,2485,82.833,camera_1,lost_track,14
497,2485,82.833,camera_2,lost_track,25
497,2485,82.833,camera_3,removed,22
497,2485,82.833,camera_6,removed,16
497,2485,82.833,camera_7,lost_track,13
498,2490,83.0,camera_6,removed,17
499,2495,83.167,camera_7,new_track,19
501,2505,83.5,camera_7,reacquired,15
503,2515,83.833,camera_3,removed,24
503,2515,83.833,camera_7,lost_track,15
505,2525,84.167,camera_3,new_track,25
505,2525,84.167,camera_4,lost_track,12
506,2530,84.333,camera_5,removed,50
506,2530,84.333,camera_7,reacquired,17
506,2530,84.333,camera_7,lost_track,18
507,2535,84.5,camera_6,removed,19
509,2545,84.833,camera_5,lost_track,49
510,2550,85.0,camera_5,reacquired,48
512,2560,85.333,camera_2,new_track,26
512,2560,85.333,camera_7,lost_track,19
513,2565,85.5,camera_5,removed,52
514,2570,85.667,camera_6,removed,20
515,2575,85.833,camera_5,lost_track,48
516,2580,86.0,camera_5,reacquired,48
516,2580,86.0,camera_6,removed,18
519,2595,86.5,camera_4,removed,11
519,2595,86.5,camera_5,lost_track,48
519,2595,86.5,camera_6,new_track,21
521,2605,86.833,camera_5,removed,53
522,2610,87.0,camera_5,removed,54
523,2615,87.167,camera_5,removed,55
524,2620,87.333,camera_5,new_track,56
527,2635,87.833,camera_1,removed,14
527,2635,87.833,camera_2,removed,25
527,2635,87.833,camera_7,removed,13
528,2640,88.0,camera_1,new_track,18
530,2650,88.333,camera_5,lost_track,56
533,2665,88.833,camera_5,new_track,57
533,2665,88.833,camera_7,removed,15
535,2675,89.167,camera_4,removed,12
535,2675,89.167,camera_5,lost_track,51
536,2680,89.333,camera_7,removed,18
539,2695,89.833,camera_3,new_track,26
539,2695,89.833,camera_5,removed,49
540,2700,90.0,camera_6,new_track,22
541,2705,90.167,camera_3,new_track,27
542,2710,90.333,camera_3,lost_track,26
542,2710,90.333,camera_7,new_track,20
542,2710,90.333,camera_7,removed,19
543,2715,90.5,camera_3,reacquired,26
544,2720,90.667,camera_3,lost_track,25
544,2720,90.667,camera_7,new_track,21
544,2720,90.667,camera_7,lost_track,17
545,2725,90.833,camera_3,lost_track,27
547,2735,91.167,camera_3,reacquired,25
547,2735,91.167,camera_3,lost_track,26
547,2735,91.167,camera_7,new_track,22
547,2735,91.167,camera_7,lost_track,20
547,2735,91.167,camera_7,lost_track,21
548,2740,91.333,camera_6,new_track,23
549,2745,91.5,camera_5,removed,48
550,2750,91.667,camera_5,lost_track,57
550,2750,91.667,camera_7,new_track,23
554,2770,92.333,camera_6,lost_track,22
554,2770,92.333,camera_7,reacquired,17
554,2770,92.333,camera_7,lost_track,23
555,2775,92.5,camera_6,lost_track,21
555,2775,92.5,camera_7,lost_track,17
556,2780,92.667,camera_7,lost_track,22
558,2790,93.0,camera_7,reacquired,20
559,2795,93.167,camera_5,new_track,58
560,2800,93.333,camera_5,removed,56
562,2810,93.667,camera_5,new_track,59
564,2820,94.0,camera_5,new_track,60
564,2820,94.0,camera_7,lost_track,20
565,2825,94.167,camera_5,removed,51
565,2825,94.167,camera_7,new_track,24
566,2830,94.333,camera_6,lost_track,23
566,2830,94.333,camera_7,new_track,25
570,2850,95.0,camera_5,lost_track,59
570,2850,95.0,camera_7,reacquired,20
570,2850,95.0,camera_7,lost_track,24
573,2865,95.5,camera_7,reacquired,24
573,2865,95.5,camera_7,lost_track,25
575,2875,95.833,camera_3,removed,27
575,2875,95.833,camera_5,new_track,61
575,2875,95.833,camera_5,new_track,62
575,2875,95.833,camera_7,new_track,26
575,2875,95.833,camera_7,lost_track,24
577,2885,96.167,camera_3,removed,26
577,2885,96.167,camera_5,new_track,63
577,2885,96.167,camera_7,removed,21
578,2890,96.333,camera_7,lost_track,26
579,2895,96.5,camera_5,new_track,64
580,2900,96.667,camera_5,lost_track,58
580,2900,96.667,camera_5,removed,57
582,2910,97.0,camera_5,lost_track,63
582,2910,97.0,camera_7,reacquired,22
583,2915,97.167,camera_5,reacquired,63
583,2915,97.167,camera_7,new_track,27
583,2915,97.167,camera_7,lost_track,22
584,2920,97.333,camera_2,new_track,27
584,2920,97.333,camera_6,removed,22
584,2920,97.333,camera_7,removed,23
585,2925,97.5,camera_1,new_track,19
585,2925,97.5,camera_5,lost_track,61
585,2925,97.5,camera_6,removed,21
585,2925,97.5,camera_7,lost_track,27
585,2925,97.5,camera_7,removed,17
588,2940,98.0,camera_5,new_track,65
588,2940,98.0,camera_5,lost_track,63
589,2945,98.167,camera_6,new_track,24
590,2950,98.333,camera_6,new_track,25
591,2955,98.5,camera_5,lost_track,64
591,2955,98.5,camera_5,lost_track,65
592,2960,98.667,camera_2,lost_track,26
592,2960,98.667,camera_6,lost_track,25
593,2965,98.833,camera_2,reacquired,26
595,2975,99.167,camera_6,new_track,26
595,2975,99.167,camera_7,lost_track,16
596,2980,99.333,camera_5,new_track,66
596,2980,99.333,camera_6,removed,23
597,2985,99.5,camera_5,lost_track,60
597,2985,99.5,camera_6,reacquired,25
600,3000,100.0,camera_1,lost_track,18
600,3000,100.0,camera_5,new_track,67
600,3000,100.0,camera_5,removed,59
601,3005,100.167,camera_4,new_track,13
601,3005,100.167,camera_6,lost_track,25
602,3010,100.333,camera_2,lost_track,26
602,3010,100.333,camera_2,lost_track,27
602,3010,100.333,camera_5,new_track,68
603,3015,100.5,camera_5,lost_track,67
603,3015,100.5,camera_7,removed,25
604,3020,100.667,camera_6,lost_track,24
605,3025,100.833,camera_5,lost_track,62
605,3025,100.833,camera_7,removed,24
606,3030,101.0,camera_5,lost_track,68
606,3030,101.0,camera_7,reacquired,27
606,3030,101.0,camera_7,lost_track,14
607,3035,101.167,camera_5,reacquired,68
608,3040,101.333,camera_7,removed,26
609,3045,101.5,camera_6,new_track,27
610,3050,101.667,camera_5,removed,58
610,3050,101.667,camera_7,lost_track,27
611,3055,101.833,camera_6,reacquired,25
612,3060,102.0,camera_5,new_track,69
613,3065,102.167,camera_3,lost_track,25
613,3065,102.167,camera_6,lost_track,26
613,3065,102.167,camera_7,removed,22
614,3070,102.333,camera_3,new_track,28
615,3075,102.5,camera_5,removed,61
615,3075,102.5,camera_6,new_track,28
615,3075,102.5,camera_7,lost_track,20
616,3080,102.667,camera_4,lost_track,13
616,3080,102.667,camera_5,lost_track,68
617,3085,102.833,camera_5,new_track,70
618,3090,103.0,camera_1,new_track,20
618,3090,103.0,camera_5,removed,63
619,3095,103.167,camera_2,new_track,28
619,3095,103.167,camera_3,new_track,29
620,3100,103.333,camera_1,lost_track,19
620,3100,103.333,camera_2,new_track,29
620,3100,103.333,camera_5,lost_track,69
621,3105,103.5,camera_5,new_track,71
621,3105,103.5,camera_5,removed,64
621,3105,103.5,camera_5,removed,65
621,3105,103.5,camera_6,lost_track,25
622,3110,103.667,camera_1,new_track,21
623,3115,103.833,camera_1,lost_track,21
624,3120,104.0,camera_5,new_track,72
625,3125,104.167,camera_1,new_track,22
625,3125,104.167,camera_7,removed,16
627,3135,104.5,camera_1,new_track,23
627,3135,104.5,camera_1,reacquired,21
627,3135,104.5,camera_5,removed,60
628,3140,104.667,camera_1,lost_track,21
628,3140,104.667,camera_2,new_track,30
630,3150,105.0,camera_1,removed,18
631,3155,105.167,camera_2,new_track,31
631,3155,105.167,camera_2,lost_track,28
631,3155,105.167,camera_6,lost_track,27
632,3160,105.333,camera_1,lost_track,22
632,3160,105.333,camera_2,removed,26
632,3160,105.333,camera_2,removed,27
633,3165,105.5,camera_1,reacquired,22
633,3165,105.5,camera_2,new_track,32
633,3165,105.5,camera_2,lost_track,31
633,3165,105.5,camera_3,lost_track,8
633,3165,105.5,camera_5,reacquired,62
633,3165,105.5,camera_5,removed,67
634,3170,105.667,camera_1,lost_track,22
634,3170,105.667,camera_2,new_track,33
634,3170,105.667,camera_3,reacquired,8
634,3170,105.667,camera_5,lost_track,62
634,3170,105.667,camera_6,removed,24
635,3175,105.833,camera_1,reacquired,21
635,3175,105.833,camera_1,reacquired,22
635,3175,105.833,camera_5,lost_track,72
636,3180,106.0,camera_1,lost_track,21
636,3180,106.0,camera_1,lost_track,23
636,3180,106.0,camera_3,lost_track,28
636,3180,106.0,camera_6,lost_track,28
636,3180,106.0,camera_7,removed,14
637,3185,106.167,camera_1,reacquired,23
637,3185,106.167,camera_1,lost_track,22
637,3185,106.167,camera_2,lost_track,32
637,3185,106.167,camera_5,new_track,73
638,3190,106.333,camera_1,new_track,24
638,3190,106.333,camera_2,new_track,34
638,3190,106.333,camera_3,reacquired,28
639,3195,106.5,camera_1,reacquired,21
640,3200,106.667,camera_1,new_track,25
640,3200,106.667,camera_2,lost_track,33
640,3200,106.667,camera_2,lost_track,29
640,3200,106.667,camera_5,new_track,74
640,3200,106.667,camera_7,removed,27
641,3205,106.833,camera_1,lost_track,25
641,3205,106.833,camera_2,new_track,35
642,3210,107.0,camera_1,lost_track,23
643,3215,107.167,camera_2,lost_track,34
643,3215,107.167,camera_3,removed,25
643,3215,107.167,camera_6,removed,26
644,3220,107.333,camera_5,lost_track,73
644,3220,107.333,camera_5,lost_track,66
644,3220,107.333,camera_5,lost_track,70
645,3225,107.5,camera_5,new_track,75
645,3225,107.5,camera_5,reacquired,73
645,3225,107.5,camera_7,removed,20
646,3230,107.667,camera_1,lost_track,21
646,3230,107.667,camera_4,removed,13
646,3230,107.667,camera_5,new_track,76
646,3230,107.667,camera_5,reacquired,70
646,3230,107.667,camera_5,lost_track,73
646,3230,107.667,camera_5,removed,68
649,3245,108.167,camera_1,reacquired,21
649,3245,108.167,camera_1,lost_track,24
649,3245,108.167,camera_2,reacquired,34
649,3245,108.167,camera_2,lost_track,35
649,3245,108.167,camera_5,lost_track,70
650,3250,108.333,camera_1,removed,19
650,3250,108.333,camera_2,lost_track,34
650,3250,108.333,camera_5,new_track,77
650,3250,108.333,camera_5,reacquired,70
650,3250,108.333,camera_5,removed,69
651,3255,108.5,camera_2,new_track,36
651,3255,108.5,camera_6,removed,25
652,3260,108.667,camera_5,lost_track,70
653,3265,108.833,camera_1,new_track,26
653,3265,108.833,camera_5,reacquired,70
654,3270,109.0,camera_2,reacquired,34
654,3270,109.0,camera_5,lost_track,77
655,3275,109.167,camera_5,lost_track,74
655,3275,109.167,camera_5,lost_track,71
656,3280,109.333,camera_1,lost_track,21
656,3280,109.333,camera_5,new_track,78
657,3285,109.5,camera_2,reacquired,28
657,3285,109.5,camera_2,lost_track,34
657,3285,109.5,camera_5,lost_track,75
658,3290,109.667,camera_5,new_track,79
659,3295,109.833,camera_2,lost_track,28
660,3300,110.0,camera_2,reacquired,34
660,3300,110.0,camera_5,lost_track,76
661,3305,110.167,camera_4,new_track,14
661,3305,110.167,camera_6,removed,27
662,3310,110.333,camera_2,reacquired,28
662,3310,110.333,camera_5,lost_track,78
663,3315,110.5,camera_2,lost_track,28
663,3315,110.5,camera_2,removed,31
663,3315,110.5,camera_5,reacquired,78
664,3320,110.667,camera_1,lost_track,20
664,3320,110.667,camera_2,lost_track,34
664,3320,110.667,camera_5,removed,62
665,3325,110.833,camera_1,reacquired,20
665,3325,110.833,camera_5,removed,72
666,3330,111.0,camera_2,reacquired,34
666,3330,111.0,camera_2,lost_track,30
666,3330,111.0,camera_6,removed,28
667,3335,111.167,camera_1,removed,22
667,3335,111.167,camera_2,new_track,37
667,3335,111.167,camera_2,reacquired,28
667,3335,111.167,camera_2,removed,32
667,3335,111.167,camera_3,lost_track,29
667,3335,111.167,camera_4,new_track,15
667,3335,111.167,camera_5,lost_track,78
668,3340,111.333,camera_2,lost_track,28
668,3340,111.333,camera_5,new_track,80
669,3345,111.5,camera_1,lost_track,20
669,3345,111.5,camera_6,new_track,29
670,3350,111.667,camera_2,removed,33
670,3350,111.667,camera_2,removed,29
671,3355,111.833,camera_1,new_track,27
671,3355,111.833,camera_1,removed,25
671,3355,111.833,camera_2,lost_track,37
671,3355,111.833,camera_4,lost_track,15
671,3355,111.833,camera_5,new_track,81
672,3360,112.0,camera_1,removed,23
673,3365,112.167,camera_2,lost_track,34
673,3365,112.167,camera_5,lost_track,70
674,3370,112.333,camera_5,new_track,82
674,3370,112.333,camera_5,removed,66
675,3375,112.5,camera_1,lost_track,26
675,3375,112.5,camera_5,reacquired,70
676,3380,112.667,camera_5,removed,73
677,3385,112.833,camera_5,reacquired,78
679,3395,113.167,camera_1,removed,24
679,3395,113.167,camera_2,removed,35
679,3395,113.167,camera_5,lost_track,82
680,3400,113.333,camera_5,reacquired,82
681,3405,113.5,camera_1,lost_track,27
681,3405,113.5,camera_5,lost_track,82
683,3415,113.833,camera_5,lost_track,70
683,3415,113.833,camera_6,new_track,30
684,3420,114.0,camera_5,removed,77
685,3425,114.167,camera_5,removed,74
685,3425,114.167,camera_5,removed,71
685,3425,114.167,camera_6,lost_track,30
686,3430,114.333,camera_1,removed,21
686,3430,114.333,camera_2,lost_track,36
687,3435,114.5,camera_1,new_track,28
687,3435,114.5,camera_2,reacquired,36
687,3435,114.5,camera_5,removed,75
687,3435,114.5,camera_7,new_track,28
688,3440,114.667,camera_6,lost_track,29
689,3445,114.833,camera_1,lost_track,28
690,3450,115.0,camera_5,new_track,83
690,3450,115.0,camera_5,removed,76
692,3460,115.333,camera_4,lost_track,14
693,3465,115.5,camera_1,reacquired,27
696,3480,116.0,camera_2,removed,30
697,3485,116.167,camera_3,removed,29
698,3490,116.333,camera_1,lost_track,27
698,3490,116.333,camera_2,removed,28
698,3490,116.333,camera_5,lost_track,79
699,3495,116.5,camera_1,removed,20
699,3495,116.5,camera_2,lost_track,36
699,3495,116.5,camera_3,lost_track,28
700,3500,116.667,camera_5,lost_track,83
701,3505,116.833,camera_2,removed,37
701,3505,116.833,camera_4,removed,15
703,3515,117.167,camera_2,removed,34
704,3520,117.333,camera_5,lost_track,80
705,3525,117.5,camera_1,reacquired,27
705,3525,117.5,camera_1,removed,26
705,3525,117.5,camera_2,reacquired,36
705,3525,117.5,camera_5,new_track,84
705,3525,117.5,camera_5,reacquired,80
706,3530,117.667,camera_3,new_track,30
708,3540,118.0,camera_6,new_track,31
711,3555,118.5,camera_5,lost_track,84
711,3555,118.5,camera_5,removed,82
712,3560,118.667,camera_1,lost_track,27
713,3565,118.833,camera_5,new_track,85
713,3565,118.833,camera_5,reacquired,84
713,3565,118.833,camera_5,removed,70
714,3570,119.0,camera_5,new_track,86
714,3570,119.0,camera_5,new_track,87
715,3575,119.167,camera_2,lost_track,36
715,3575,119.167,camera_6,removed,30
716,3580,119.333,camera_5,lost_track,84
717,3585,119.5,camera_4,new_track,16
718,3590,119.667,camera_6,removed,29
719,3595,119.833,camera_1,removed,28
719,3595,119.833,camera_3,new_track,31
719,3595,119.833,camera_5,lost_track,87
719,3595,119.833,camera_7,new_track,29
719,3595,119.833,camera_7,lost_track,28
720,3600,120.0,camera_5,reacquired,87
721,3605,120.167,camera_5,lost_track,85
722,3610,120.333,camera_4,removed,14
723,3615,120.5,camera_4,new_track,17
724,3620,120.667,camera_4,lost_track,17
724,3620,120.667,camera_5,new_track,88
725,3625,120.833,camera_5,lost_track,86
725,3625,120.833,camera_7,new_track,30
726,3630,121.0,camera_2,new_track,38
726,3630,121.0,camera_5,reacquired,86
727,3635,121.167,camera_5,lost_track,88
727,3635,121.167,camera_5,lost_track,87
727,3635,121.167,camera_6,lost_track,31
728,3640,121.333,camera_1,new_track,29
728,3640,121.333,camera_5,removed,79
729,3645,121.5,camera_1,new_track,30
729,3645,121.5,camera_3,removed,28
729,3645,121.5,camera_5,reacquired,87
729,3645,121.5,camera_5,lost_track,86
729,3645,121.5,camera_5,lost_track,78
730,3650,121.667,camera_2,new_track,39
730,3650,121.667,camera_5,new_track,89
730,3650,121.667,camera_5,reacquired,88
730,3650,121.667,camera_5,removed,83
731,3655,121.833,camera_5,lost_track,81
732,3660,122.0,camera_5,lost_track,89
733,3665,122.167,camera_1,lost_track,29
735,3675,122.5,camera_2,lost_track,38
735,3675,122.5,camera_4,new_track,18
736,3680,122.667,camera_1,new_track,31
736,3680,122.667,camera_2,reacquired,36
736,3680,122.667,camera_3,new_track,32
736,3680,122.667,camera_3,lost_track,30
736,3680,122.667,camera_4,lost_track,18
737,3685,122.833,camera_4,new_track,19
738,3690,123.0,camera_5,lost_track,87
739,3695,123.167,camera_3,lost_track,31
739,3695,123.167,camera_5,lost_track,88
740,3700,123.333,camera_3,new_track,33
740,3700,123.333,camera_3,reacquired,30
740,3700,123.333,camera_3,reacquired,31
741,3705,123.5,camera_3,lost_track,32
741,3705,123.5,camera_3,lost_track,31
742,3710,123.667,camera_1,removed,27
742,3710,123.667,camera_3,lost_track,8
742,3710,123.667,camera_5,reacquired,88
743,3715,123.833,camera_3,reacquired,8
743,3715,123.833,camera_5,new_track,90
744,3720,124.0,camera_4,lost_track,19
745,3725,124.167,camera_1,lost_track,30
745,3725,124.167,camera_5,reacquired,81
746,3730,124.333,camera_5,removed,84
749,3745,124.833,camera_5,lost_track,90
749,3745,124.833,camera_7,removed,28
751,3755,125.167,camera_1,new_track,32
751,3755,125.167,camera_5,removed,85
752,3760,125.333,camera_2,lost_track,39
752,3760,125.333,camera_5,reacquired,90
754,3770,125.667,camera_1,reacquired,30
754,3770,125.667,camera_1,lost_track,32
754,3770,125.667,camera_4,reacquired,17
755,3775,125.833,camera_3,lost_track,33
755,3775,125.833,camera_5,lost_track,90
756,3780,126.0,camera_5,reacquired,90
757,3785,126.167,camera_6,removed,31
759,3795,126.5,camera_4,lost_track,17
759,3795,126.5,camera_5,removed,78
759,3795,126.5,camera_5,removed,86
760,3800,126.667,camera_1,lost_track,30
762,3810,127.0,camera_5,removed,89
763,3815,127.167,camera_1,removed,29
765,3825,127.5,camera_2,removed,38
766,3830,127.667,camera_1,lost_track,31
766,3830,127.667,camera_4,removed,18
766,3830,127.667,camera_6,new_track,32
766,3830,127.667,camera_7,lost_track,30
767,3835,127.833,camera_6,new_track,33
768,3840,128.0,camera_3,new_track,34
768,3840,128.0,camera_5,lost_track,90
768,3840,128.0,camera_5,removed,87
768,3840,128.0,camera_6,lost_track,33
769,3845,128.167,camera_5,lost_track,88
770,3850,128.333,camera_4,lost_track,16
771,3855,128.5,camera_3,removed,32
771,3855,128.5,camera_3,removed,31
774,3870,129.0,camera_2,new_track,40
774,3870,129.0,camera_4,removed,19
775,3875,129.167,camera_5,new_track,91
776,3880,129.333,camera_5,lost_track,81
777,3885,129.5,camera_5,reacquired,81
778,3890,129.667,camera_4,new_track,20
778,3890,129.667,camera_5,lost_track,91
779,3895,129.833,camera_1,new_track,33
780,3900,130.0,camera_5,new_track,92
780,3900,130.0,camera_5,reacquired,91
782,3910,130.333,camera_2,removed,39
783,3915,130.5,camera_6,lost_track,32
784,3920,130.667,camera_1,removed,32
785,3925,130.833,camera_3,removed,33
785,3925,130.833,camera_5,lost_track,91
786,3930,131.0,camera_2,new_track,41
786,3930,131.0,camera_5,new_track,93
787,3935,131.167,camera_5,lost_track,80
789,3945,131.5,camera_4,removed,17
790,3950,131.667,camera_1,removed,30
791,3955,131.833,camera_5,new_track,94
792,3960,132.0,camera_2,lost_track,40
792,3960,132.0,camera_2,lost_track,41
794,3970,132.333,camera_3,lost_track,34
795,3975,132.5,camera_5,lost_track,93
796,3980,132.667,camera_1,removed,31
796,3980,132.667,camera_7,removed,30
798,3990,133.0,camera_4,lost_track,20
798,3990,133.0,camera_5,removed,90
798,3990,133.0,camera_6,removed,33
799,3995,133.167,camera_3,new_track,35
799,3995,133.167,camera_4,new_track,21
799,3995,133.167,camera_5,removed,88
800,4000,133.333,camera_2,new_track,42
800,4000,133.333,camera_3,new_track,36
800,4000,133.333,camera_4,lost_track,21
800,4000,133.333,camera_4,removed,16
801,4005,133.5,camera_2,lost_track,36
801,4005,133.5,camera_5,lost_track,94
802,4010,133.667,camera_1,new_track,34
802,4010,133.667,camera_3,lost_track,36
803,4015,133.833,camera_5,new_track,95
804,4020,134.0,camera_2,new_track,43
805,4025,134.167,camera_1,new_track,35
807,4035,134.5,camera_3,new_track,37
807,4035,134.5,camera_5,lost_track,81
807,4035,134.5,camera_6,new_track,34
807,4035,134.5,camera_7,lost_track,29
808,4040,134.667,camera_6,new_track,35
809,4045,134.833,camera_2,lost_track,42
810,4050,135.0,camera_1,new_track,36
810,4050,135.0,camera_5,lost_track,92
811,4055,135.167,camera_1,lost_track,35
811,4055,135.167,camera_1,lost_track,36
811,4055,135.167,camera_2,reacquired,42
811,4055,135.167,camera_6,lost_track,35
812,4060,135.333,camera_3,lost_track,30
813,4065,135.5,camera_3,new_track,38
813,4065,135.5,camera_6,removed,32
815,4075,135.833,camera_2,lost_track,42
815,4075,135.833,camera_5,removed,91
817,4085,136.167,camera_4,reacquired,21
817,4085,136.167,camera_5,removed,80
819,4095,136.5,camera_3,new_track,39
820,4100,136.667,camera_3,lost_track,37
820,4100,136.667,camera_3,lost_track,38
820,4100,136.667,camera_3,lost_track,39
821,4105,136.833,camera_1,new_track,37
822,4110,137.0,camera_1,new_track,38
822,4110,137.0,camera_2,removed,40
822,4110,137.0,camera_2,removed,41
822,4110,137.0,camera_5,lost_track,95
822,4110,137.0,camera_6,lost_track,34
823,4115,137.167,camera_1,lost_track,38
823,4115,137.167,camera_3,reacquired,38
824,4120,137.333,camera_1,reacquired,38
824,4120,137.333,camera_3,removed,34
825,4125,137.5,camera_1,reacquired,36
825,4125,137.5,camera_1,lost_track,33
825,4125,137.5,camera_1,lost_track,38
825,4125,137.5,camera_5,removed,93
827,4135,137.833,camera_1,lost_track,37
828,4140,138.0,camera_1,new_track,39
828,4140,138.0,camera_4,removed,20
830,4150,138.333,camera_1,lost_track,36
830,4150,138.333,camera_3,new_track,40
830,4150,138.333,camera_5,new_track,96
830,4150,138.333,camera_5,new_track,97
831,4155,138.5,camera_1,reacquired,36
831,4155,138.5,camera_2,removed,36
831,4155,138.5,camera_5,removed,94
832,4160,138.667,camera_3,lost_track,40
832,4160,138.667,camera_3,removed,36
833,4165,138.833,camera_5,new_track,98
833,4165,138.833,camera_5,new_track,99
834,4170,139.0,camera_4,lost_track,21
835,4175,139.167,camera_1,lost_track,36
837,4185,139.5,camera_1,new_track,40
837,4185,139.5,camera_2,new_track,44
837,4185,139.5,camera_5,lost_track,98
837,4185,139.5,camera_5,removed,81
837,4185,139.5,camera_7,removed,29
838,4190,139.667,camera_1,lost_track,40
839,4195,139.833,camera_3,lost_track,35
839,4195,139.833,camera_5,lost_track,96
840,4200,140.0,camera_3,reacquired,35
840,4200,140.0,camera_5,removed,92
841,4205,140.167,camera_1,removed,35
841,4205,140.167,camera_6,removed,35
842,4210,140.333,camera_2,new_track,45
842,4210,140.333,camera_3,removed,30
843,4215,140.5,camera_1,new_track,41
843,4215,140.5,camera_5,lost_track,99
845,4225,140.833,camera_2,removed,42
847,4235,141.167,camera_1,lost_track,41
848,4240,141.333,camera_1,reacquired,40
850,4250,141.667,camera_1,lost_track,40
850,4250,141.667,camera_2,lost_track,45
850,4250,141.667,camera_3,removed,37
850,4250,141.667,camera_3,removed,39
851,4255,141.833,camera_5,new_track,100
851,4255,141.833,camera_5,new_track,101
852,4260,142.0,camera_2,lost_track,43
852,4260,142.0,camera_3,lost_track,35
852,4260,142.0,camera_4,new_track,22
852,4260,142.0,camera_5,removed,95
852,4260,142.0,camera_6,removed,34
854,4270,142.333,camera_5,new_track,102
855,4275,142.5,camera_1,removed,33
855,4275,142.5,camera_1,removed,38
856,4280,142.667,camera_3,lost_track,38
856,4280,142.667,camera_5,lost_track,102
857,4285,142.833,camera_1,removed,37
857,4285,142.833,camera_5,new_track,103
858,4290,143.0,camera_5,lost_track,103
859,4295,143.167,camera_3,lost_track,8
861,4305,143.5,camera_3,new_track,41
861,4305,143.5,camera_5,reacquired,103
862,4310,143.667,camera_3,removed,40
862,4310,143.667,camera_5,new_track,104
863,4315,143.833,camera_5,new_track,105
863,4315,143.833,camera_5,reacquired,102
863,4315,143.833,camera_5,lost_track,100
864,4320,144.0,camera_4,removed,21
865,4325,144.167,camera_1,removed,36
865,4325,144.167,camera_5,new_track,106
865,4325,144.167,camera_5,lost_track,102
867,4335,144.5,camera_4,lost_track,22
867,4335,144.5,camera_5,lost_track,105
867,4335,144.5,camera_5,removed,98
868,4340,144.667,camera_1,lost_track,34
869,4345,144.833,camera_5,removed,96
871,4355,145.167,camera_1,reacquired,34
871,4355,145.167,camera_4,reacquired,22
872,4360,145.333,camera_5,lost_track,101
873,4365,145.5,camera_5,removed,99
873,4365,145.5,camera_6,new_track,36
874,4370,145.667,camera_5,lost_track,106
874,4370,145.667,camera_5,lost_track,103
875,4375,145.833,camera_5,reacquired,103
877,4385,146.167,camera_1,removed,41
877,4385,146.167,camera_4,lost_track,22
877,4385,146.167,camera_5,new_track,107
877,4385,146.167,camera_5,reacquired,102
877,4385,146.167,camera_5,lost_track,103
879,4395,146.5,camera_3,reacquired,8
879,4395,146.5,camera_5,lost_track,102
880,4400,146.667,camera_1,removed,40
880,4400,146.667,camera_2,removed,45
882,4410,147.0,camera_2,removed,43
882,4410,147.0,camera_3,removed,35
882,4410,147.0,camera_5,lost_track,97
883,4415,147.167,camera_6,new_track,37
884,4420,147.333,camera_1,lost_track,34
886,4430,147.667,camera_3,removed,38
887,4435,147.833,camera_2,lost_track,44
887,4435,147.833,camera_5,new_track,108
888,4440,148.0,camera_7,new_track,31
889,4445,148.167,camera_3,lost_track,8
889,4445,148.167,camera_6,lost_track,36
889,4445,148.167,camera_6,lost_track,37
890,4450,148.333,camera_3,new_track,42
890,4450,148.333,camera_5,reacquired,102
891,4455,148.5,camera_4,new_track,23
892,4460,148.667,camera_3,lost_track,42
893,4465,148.833,camera_5,removed,100
895,4475,149.167,camera_5,new_track,109
895,4475,149.167,camera_5,lost_track,107
897,4485,149.5,camera_5,lost_track,108
897,4485,149.5,camera_5,removed,105
899,4495,149.833,camera_5,reacquired,107
900,4500,150.0,camera_5,lost_track,102
901,4505,150.167,camera_5,new_track,110
901,4505,150.167,camera_5,lost_track,107
902,4510,150.333,camera_5,removed,101
904,4520,150.667,camera_4,lost_track,23
904,4520,150.667,camera_5,new_track,111
904,4520,150.667,camera_5,removed,106
907,4535,151.167,camera_4,removed,22
907,4535,151.167,camera_5,removed,103
909,4545,151.5,camera_3,new_track,43
909,4545,151.5,camera_5,lost_track,109
912,4560,152.0,camera_5,removed,97
914,4570,152.333,camera_1,removed,34
917,4585,152.833,camera_2,removed,44
917,4585,152.833,camera_5,lost_track,111
919,4595,153.167,camera_2,new_track,46
919,4595,153.167,camera_3,removed,8
919,4595,153.167,camera_6,removed,36
919,4595,153.167,camera_6,removed,37
922,4610,153.667,camera_3,removed,42
923,4615,153.833,camera_1,new_track,42
924,4620,154.0,camera_3,lost_track,43
925,4625,154.167,camera_3,new_track,44
926,4630,154.333,camera_3,lost_track,44
927,4635,154.5,camera_3,new_track,45
927,4635,154.5,camera_5,removed,108
928,4640,154.667,camera_1,lost_track,39
928,4640,154.667,camera_5,reacquired,102
929,4645,154.833,camera_5,new_track,112
929,4645,154.833,camera_5,lost_track,104
929,4645,154.833,camera_6,new_track,38
930,4650,155.0,camera_2,lost_track,46
930,4650,155.0,camera_5,lost_track,102
931,4655,155.167,camera_5,removed,107
931,4655,155.167,camera_6,new_track,39
931,4655,155.167,camera_7,lost_track,31
932,4660,155.333,camera_5,reacquired,104
933,4665,155.5,camera_5,lost_track,104
934,4670,155.667,camera_3,lost_track,45
934,4670,155.667,camera_4,new_track,24
934,4670,155.667,camera_4,removed,23
934,4670,155.667,camera_5,reacquired,102
935,4675,155.833,camera_3,new_track,46
936,4680,156.0,camera_5,new_track,113
938,4690,156.333,camera_6,lost_track,39
939,4695,156.5,camera_5,removed,109
941,4705,156.833,camera_5,lost_track,102
943,4715,157.167,camera_5,new_track,114
944,4720,157.333,camera_2,new_track,47
944,4720,157.333,camera_4,lost_track,24
945,4725,157.5,camera_5,lost_track,112
946,4730,157.667,camera_5,lost_track,113
947,4735,157.833,camera_2,new_track,48
947,4735,157.833,camera_5,reacquired,112
947,4735,157.833,camera_5,removed,111
948,4740,158.0,camera_6,lost_track,38
949,4745,158.167,camera_2,lost_track,48
949,4745,158.167,camera_3,reacquired,44
949,4745,158.167,camera_3,lost_track,46
949,4745,158.167,camera_4,reacquired,24
952,4760,158.667,camera_4,lost_track,24
954,4770,159.0,camera_3,removed,43
955,4775,159.167,camera_2,new_track,49
955,4775,159.167,camera_5,new_track,115
956,4780,159.333,camera_3,lost_track,44
956,4780,159.333,camera_5,lost_track,114
957,4785,159.5,camera_2,lost_track,49
957,4785,159.5,camera_5,new_track,116
958,4790,159.667,camera_1,removed,39
960,4800,160.0,camera_2,removed,46
961,4805,160.167,camera_7,removed,31
962,4810,160.333,camera_5,new_track,117
963,4815,160.5,camera_5,new_track,118
963,4815,160.5,camera_5,removed,104
964,4820,160.667,camera_3,removed,45
964,4820,160.667,camera_6,new_track,40
966,4830,161.0,camera_5,lost_track,110
967,4835,161.167,camera_1,lost_track,42
968,4840,161.333,camera_6,removed,39
969,4845,161.5,camera_2,lost_track,47
971,4855,161.833,camera_1,reacquired,42
971,4855,161.833,camera_2,reacquired,47
971,4855,161.833,camera_5,removed,102
972,4860,162.0,camera_4,new_track,25
972,4860,162.0,camera_6,new_track,41
973,4865,162.167,camera_1,lost_track,42
974,4870,162.333,camera_5,new_track,119
974,4870,162.333,camera_5,lost_track,117
974,4870,162.333,camera_6,new_track,42
975,4875,162.5,camera_2,lost_track,47
975,4875,162.5,camera_6,lost_track,40
975,4875,162.5,camera_6,lost_track,41
976,4880,162.667,camera_4,new_track,26
976,4880,162.667,camera_4,lost_track,25
976,4880,162.667,camera_5,removed,113
977,4885,162.833,camera_7,new_track,32
978,4890,163.0,camera_5,lost_track,112
978,4890,163.0,camera_6,removed,38
979,4895,163.167,camera_2,removed,48
979,4895,163.167,camera_3,removed,46
980,4900,163.333,camera_4,lost_track,26
982,4910,163.667,camera_4,removed,24
983,4915,163.833,camera_5,new_track,120
984,4920,164.0,camera_5,lost_track,119
985,4925,164.167,camera_5,lost_track,118
985,4925,164.167,camera_6,new_track,43
986,4930,164.333,camera_3,removed,44
986,4930,164.333,camera_5,lost_track,120
986,4930,164.333,camera_5,removed,114
986,4930,164.333,camera_7,lost_track,32
987,4935,164.5,camera_2,removed,49
989,4945,164.833,camera_6,lost_track,43
990,4950,165.0,camera_6,lost_track,42
990,4950,165.0,camera_7,new_track,33
991,4955,165.167,camera_7,new_track,34
993,4965,165.5,camera_5,reacquired,118
994,4970,165.667,camera_7,lost_track,34
995,4975,165.833,camera_5,lost_track,118
995,4975,165.833,camera_7,new_track,35
996,4980,166.0,camera_5,removed,110
998,4990,166.333,camera_5,new_track,121
1002,5010,167.0,camera_5,new_track,122
1003,5015,167.167,camera_1,removed,42
1003,5015,167.167,camera_5,lost_track,116
1004,5020,167.333,camera_5,new_track,123
1004,5020,167.333,camera_5,removed,117
1004,5020,167.333,camera_7,lost_track,33
1005,5025,167.5,camera_2,removed,47
1005,5025,167.5,camera_4,new_track,27
1005,5025,167.5,camera_6,removed,40
1005,5025,167.5,camera_6,removed,41
1005,5025,167.5,camera_7,reacquired,33
1006,5030,167.667,camera_4,removed,25
1007,5035,167.833,camera_5,lost_track,122
1008,5040,168.0,camera_4,lost_track,27
1008,5040,168.0,camera_5,removed,112
1008,5040,168.0,camera_7,lost_track,33
1008,5040,168.0,camera_7,lost_track,35
1010,5050,168.333,camera_2,new_track,50
1010,5050,168.333,camera_4,removed,26
1010,5050,168.333,camera_5,new_track,124
1010,5050,168.333,camera_5,new_track,125
1011,5055,168.5,camera_1,new_track,43
1011,5055,168.5,camera_5,lost_track,124
1011,5055,168.5,camera_6,new_track,44
1012,5060,168.667,camera_2,lost_track,50
1012,5060,168.667,camera_6,new_track,45
1014,5070,169.0,camera_1,lost_track,43
1014,5070,169.0,camera_5,new_track,126
1014,5070,169.0,camera_5,new_track,127
1014,5070,169.0,camera_5,removed,119
1014,5070,169.0,camera_6,lost_track,45
1015,5075,169.167,camera_5,lost_track,125
1016,5080,169.333,camera_5,new_track,128
1016,5080,169.333,camera_5,removed,120
1016,5080,169.333,camera_7,removed,32
1017,5085,169.5,camera_7,new_track,36
1019,5095,169.833,camera_5,reacquired,125
1019,5095,169.833,camera_5,lost_track,127
1019,5095,169.833,camera_6,removed,43
1020,5100,170.0,camera_5,lost_track,126
1020,5100,170.0,camera_6,removed,42
1022,5110,170.333,camera_5,reacquired,127
1022,5110,170.333,camera_5,lost_track,115
1023,5115,170.5,camera_5,reacquired,124
1023,5115,170.5,camera_5,lost_track,128
1023,5115,170.5,camera_6,lost_track,44
1024,5120,170.667,camera_5,reacquired,128
1024,5120,170.667,camera_7,removed,34
1025,5125,170.833,camera_5,removed,118
1026,5130,171.0,camera_5,lost_track,128
1026,5130,171.0,camera_5,lost_track,127
1027,5135,171.167,camera_5,new_track,129
1028,5140,171.333,camera_5,reacquired,127
1028,5140,171.333,camera_5,lost_track,129
1029,5145,171.5,camera_5,lost_track,123
1030,5150,171.667,camera_6,new_track,46
1030,5150,171.667,camera_7,reacquired,33
1030,5150,171.667,camera_7,lost_track,36
1031,5155,171.833,camera_5,lost_track,127
1032,5160,172.0,camera_5,new_track,130
1032,5160,172.0,camera_7,reacquired,36
1032,5160,172.0,camera_7,lost_track,33
1033,5165,172.167,camera_5,lost_track,124
1033,5165,172.167,camera_5,removed,116
1037,5185,172.833,camera_5,removed,122
1038,5190,173.0,camera_2,new_track,51
1038,5190,173.0,camera_4,removed,27
1038,5190,173.0,camera_5,new_track,131
1038,5190,173.0,camera_5,new_track,132
1038,5190,173.0,camera_7,removed,35
1039,5195,173.167,camera_1,new_track,44
1039,5195,173.167,camera_5,lost_track,130
1039,5195,173.167,camera_6,new_track,47
1041,5205,173.5,camera_6,lost_track,46
1042,5210,173.667,camera_2,removed,50
1042,5210,173.667,camera_7,lost_track,36
1043,5215,173.833,camera_6,new_track,48
1043,5215,173.833,camera_6,new_track,49
1044,5220,174.0,camera_1,removed,43
1044,5220,174.0,camera_3,new_track,47
1044,5220,174.0,camera_5,lost_track,131
1044,5220,174.0,camera_6,removed,45
1046,5230,174.333,camera_1,lost_track,44
1046,5230,174.333,camera_6,lost_track,49
1046,5230,174.333,camera_7,new_track,37
1047,5235,174.5,camera_5,new_track,133
1047,5235,174.5,camera_5,lost_track,125
1047,5235,174.5,camera_6,lost_track,47
1048,5240,174.667,camera_5,reacquired,131
1049,5245,174.833,camera_2,lost_track,51
1049,5245,174.833,camera_5,new_track,134
1050,5250,175.0,camera_5,new_track,135
1050,5250,175.0,camera_5,removed,126
1051,5255,175.167,camera_5,lost_track,134
1052,5260,175.333,camera_5,reacquired,125
1052,5260,175.333,camera_5,lost_track,131
1052,5260,175.333,camera_5,lost_track,132
1052,5260,175.333,camera_5,removed,115
1053,5265,175.5,camera_6,removed,44
1054,5270,175.667,camera_4,new_track,28
1054,5270,175.667,camera_7,reacquired,33
1054,5270,175.667,camera_7,lost_track,37
1055,5275,175.833,camera_7,reacquired,37
1055,5275,175.833,camera_7,lost_track,33
1056,5280,176.0,camera_4,lost_track,28
1056,5280,176.0,camera_5,removed,128
1058,5290,176.333,camera_4,new_track,29
1058,5290,176.333,camera_5,reacquired,131
1058,5290,176.333,camera_5,removed,129
1059,5295,176.5,camera_2,new_track,52
1059,5295,176.5,camera_5,removed,123
1061,5305,176.833,camera_5,removed,127
1062,5310,177.0,camera_1,new_track,45
1062,5310,177.0,camera_4,lost_track,29
1062,5310,177.0,camera_5,lost_track,125
1062,5310,177.0,camera_5,lost_track,133
1063,5315,177.167,camera_5,reacquired,133
1063,5315,177.167,camera_5,removed,124
1064,5320,177.333,camera_6,lost_track,48
1065,5325,177.5,camera_2,new_track,53
1065,5325,177.5,camera_5,new_track,136
1066,5330,177.667,camera_5,new_track,137
1067,5335,177.833,camera_1,new_track,46
1067,5335,177.833,camera_5,new_track,138
1067,5335,177.833,camera_5,reacquired,132
1067,5335,177.833,camera_5,lost_track,131
1067,5335,177.833,camera_5,lost_track,133
1068,5340,178.0,camera_4,new_track,30
1069,5345,178.167,camera_1,lost_track,45
1069,5345,178.167,camera_5,new_track,139
1069,5345,178.167,camera_5,reacquired,133
1069,5345,178.167,camera_5,removed,130
1070,5350,178.333,camera_5,lost_track,121
1070,5350,178.333,camera_5,lost_track,139
1070,5350,178.333,camera_5,lost_track,135
1071,5355,178.5,camera_3,lost_track,41
1071,5355,178.5,camera_6,removed,46
1072,5360,178.667,camera_7,removed,36
1073,5365,178.833,camera_5,new_track,140
1073,5365,178.833,camera_5,new_track,141
1073,5365,178.833,camera_5,lost_track,137
1073,5365,178.833,camera_5,lost_track,132
1075,5375,179.167,camera_5,reacquired,137
1076,5380,179.333,camera_1,removed,44
1076,5380,179.333,camera_3,new_track,48
1076,5380,179.333,camera_6,removed,49
1077,5385,179.5,camera_5,lost_track,133
1077,5385,179.5,camera_6,removed,47
1079,5395,179.833,camera_2,removed,51
1080,5400,180.0,camera_1,lost_track,46
1081,5405,180.167,camera_5,lost_track,136
1081,5405,180.167,camera_5,removed,134
1082,5410,180.333,camera_1,new_track,47
1082,5410,180.333,camera_3,new_track,49
1082,5410,180.333,camera_5,new_track,142
1083,5415,180.5,camera_2,new_track,54
1083,5415,180.5,camera_5,lost_track,138
1084,5420,180.667,camera_3,lost_track,49
1085,5425,180.833,camera_1,lost_track,47
1085,5425,180.833,camera_2,lost_track,53
1085,5425,180.833,camera_5,new_track,143
1085,5425,180.833,camera_7,removed,33
1086,5430,181.0,camera_2,lost_track,54
1086,5430,181.0,camera_4,removed,28
1087,5435,181.167,camera_5,reacquired,139
1088,5440,181.333,camera_4,new_track,32
1088,5440,181.333,camera_4,new_track,31
1089,5445,181.5,camera_4,lost_track,32
1089,5445,181.5,camera_4,lost_track,31
1089,5445,181.5,camera_5,new_track,144
1089,5445,181.5,camera_5,lost_track,139
1090,5450,181.667,camera_1,new_track,48
1090,5450,181.667,camera_2,new_track,55
1090,5450,181.667,camera_3,lost_track,48
1090,5450,181.667,camera_4,reacquired,31
1090,5450,181.667,camera_5,lost_track,144
1092,5460,182.0,camera_4,removed,29
1092,5460,182.0,camera_5,reacquired,144
1092,5460,182.0,camera_5,removed,125
1093,5465,182.167,camera_1,lost_track,48
1094,5470,182.333,camera_2,new_track,56
1094,5470,182.333,camera_3,reacquired,48
1094,5470,182.333,camera_6,removed,48
1095,5475,182.5,camera_2,lost_track,56
1095,5475,182.5,camera_5,lost_track,141
1096,5480,182.667,camera_2,lost_track,55
1096,5480,182.667,camera_4,lost_track,31
1096,5480,182.667,camera_6,new_track,50
1097,5485,182.833,camera_2,reacquired,55
1097,5485,182.833,camera_5,removed,131
1097,5485,182.833,camera_6,new_track,51
1097,5485,182.833,camera_7,lost_track,37
1099,5495,183.167,camera_1,removed,45
1100,5500,183.333,camera_5,removed,121
1100,5500,183.333,camera_5,removed,135
1100,5500,183.333,camera_6,lost_track,51
1101,5505,183.5,camera_3,removed,41
1101,5505,183.5,camera_5,lost_track,143
1102,5510,183.667,camera_1,reacquired,48
1103,5515,183.833,camera_1,new_track,49
1103,5515,183.833,camera_5,removed,132
1106,5530,184.333,camera_1,lost_track,48
1106,5530,184.333,camera_5,reacquired,143
1106,5530,184.333,camera_5,lost_track,144
1107,5535,184.5,camera_3,lost_track,48
1107,5535,184.5,camera_5,new_track,145
1107,5535,184.5,camera_5,removed,133
1109,5545,184.833,camera_3,new_track,50
1109,5545,184.833,camera_4,new_track,33
1110,5550,185.0,camera_1,reacquired,48
1110,5550,185.0,camera_1,removed,46
1110,5550,185.0,camera_5,new_track,146
1111,5555,185.167,camera_5,lost_track,142
1111,5555,185.167,camera_5,removed,136
1112,5560,185.333,camera_2,lost_track,55
1112,5560,185.333,camera_5,reacquired,142
1113,5565,185.5,camera_5,removed,138
1114,5570,185.667,camera_1,lost_track,49
1114,5570,185.667,camera_3,removed,49
1114,5570,185.667,camera_5,lost_track,146
1114,5570,185.667,camera_6,lost_track,50
1115,5575,185.833,camera_1,removed,47
1115,5575,185.833,camera_2,removed,53
1115,5575,185.833,camera_3,reacquired,48
1116,5580,186.0,camera_2,removed,54
1116,5580,186.0,camera_3,lost_track,50
1116,5580,186.0,camera_5,lost_track,137
1119,5595,186.5,camera_4,removed,32
1119,5595,186.5,camera_5,lost_track,142
1119,5595,186.5,camera_5,removed,139
1120,5600,186.667,camera_5,lost_track,143
1121,5605,186.833,camera_5,reacquired,143
1123,5615,187.167,camera_5,new_track,147
1123,5615,187.167,camera_5,reacquired,144
1124,5620,187.333,camera_3,lost_track,47
1125,5625,187.5,camera_2,removed,56
1125,5625,187.5,camera_5,new_track,148
1125,5625,187.5,camera_5,removed,141
1126,5630,187.667,camera_4,new_track,34
1126,5630,187.667,camera_4,removed,31
1127,5635,187.833,camera_4,lost_track,34
1127,5635,187.833,camera_5,lost_track,148
1127,5635,187.833,camera_7,removed,37
1129,5645,188.167,camera_5,lost_track,140
1129,5645,188.167,camera_5,lost_track,143
1130,5650,188.333,camera_5,reacquired,143
1130,5650,188.333,camera_6,removed,51
1132,5660,188.667,camera_5,lost_track,144
1133,5665,188.833,camera_5,new_track,149
1134,5670,189.0,camera_5,reacquired,144
1135,5675,189.167,camera_5,new_track,150
1135,5675,189.167,camera_5,lost_track,147
1136,5680,189.333,camera_5,new_track,151
1138,5690,189.667,camera_5,new_track,152
1139,5695,189.833,camera_4,reacquired,34
1140,5700,190.0,camera_1,lost_track,48
1140,5700,190.0,camera_2,lost_track,52
1140,5700,190.0,camera_4,new_track,35
1140,5700,190.0,camera_4,new_track,36
1140,5700,190.0,camera_4,lost_track,34
1140,5700,190.0,camera_5,new_track,153
1140,5700,190.0,camera_5,lost_track,151
1141,5705,190.167,camera_4,reacquired,34
1141,5705,190.167,camera_4,lost_track,35
1142,5710,190.333,camera_2,removed,55
1142,5710,190.333,camera_4,lost_track,34
1142,5710,190.333,camera_5,lost_track,150
1143,5715,190.5,camera_4,reacquired,34
1143,5715,190.5,camera_4,lost_track,33
1144,5720,190.667,camera_1,removed,49
1144,5720,190.667,camera_2,reacquired,52
1144,5720,190.667,camera_3,new_track,51
1144,5720,190.667,camera_4,lost_track,34
1144,5720,190.667,camera_5,lost_track,145
1144,5720,190.667,camera_5,removed,146
1144,5720,190.667,camera_6,removed,50
1145,5725,190.833,camera_5,new_track,154
1146,5730,191.0,camera_1,new_track,50
1146,5730,191.0,camera_3,removed,50
1146,5730,191.0,camera_5,removed,137
1147,5735,191.167,camera_1,lost_track,50
1147,5735,191.167,camera_2,new_track,57
1147,5735,191.167,camera_4,reacquired,35
1147,5735,191.167,camera_4,lost_track,36
1148,5740,191.333,camera_5,reacquired,140
1148,5740,191.333,camera_5,lost_track,143
1149,5745,191.5,camera_1,new_track,51
1149,5745,191.5,camera_2,lost_track,52
1149,5745,191.5,camera_5,removed,142
1151,5755,191.833,camera_4,lost_track,35
1152,5760,192.0,camera_5,lost_track,144
1152,5760,192.0,camera_5,lost_track,152
1152,5760,192.0,camera_5,lost_track,149
1152,5760,192.0,camera_5,lost_track,154
1153,5765,192.167,camera_2,reacquired,52
1153,5765,192.167,camera_5,lost_track,140
1154,5770,192.333,camera_3,removed,47
1154,5770,192.333,camera_4,new_track,37
1154,5770,192.333,camera_5,reacquired,150
1155,5775,192.5,camera_5,new_track,155
1157,5785,192.833,camera_1,reacquired,50
1157,5785,192.833,camera_4,lost_track,30
1157,5785,192.833,camera_5,removed,148
1158,5790,193.0,camera_1,lost_track,50
1158,5790,193.0,camera_3,lost_track,51
1158,5790,193.0,camera_5,new_track,156
1158,5790,193.0,camera_5,reacquired,154
1158,5790,193.0,camera_5,lost_track,150
1159,5795,193.167,camera_3,new_track,52
1160,5800,193.333,camera_2,lost_track,52
1161,5805,193.5,camera_5,new_track,157
1161,5805,193.5,camera_5,new_track,158
1162,5810,193.667,camera_2,reacquired,52
1162,5810,193.667,camera_5,lost_track,154
1162,5810,193.667,camera_6,new_track,52
1163,5815,193.833,camera_3,lost_track,48
1163,5815,193.833,camera_3,lost_track,52
1163,5815,193.833,camera_5,lost_track,155
1164,5820,194.0,camera_5,reacquired,154
1165,5825,194.167,camera_5,removed,147
1166,5830,194.333,camera_5,lost_track,157
1167,5835,194.5,camera_5,reacquired,157
1168,5840,194.667,camera_2,new_track,58
1168,5840,194.667,camera_2,lost_track,52
1169,5845,194.833,camera_5,reacquired,144
1169,5845,194.833,camera_5,lost_track,157
1170,5850,195.0,camera_1,removed,48
1170,5850,195.0,camera_5,removed,151
1171,5855,195.167,camera_2,lost_track,58
1171,5855,195.167,camera_5,new_track,159
1171,5855,195.167,camera_5,lost_track,144
1173,5865,195.5,camera_4,lost_track,37
1173,5865,195.5,camera_4,removed,33
1173,5865,195.5,camera_5,reacquired,150
1174,5870,195.667,camera_2,reacquired,52
1174,5870,195.667,camera_3,new_track,53
1174,5870,195.667,camera_4,removed,34
1174,5870,195.667,camera_5,lost_track,150
1174,5870,195.667,camera_5,removed,145
1175,5875,195.833,camera_5,reacquired,150
1177,5885,196.167,camera_2,lost_track,52
1177,5885,196.167,camera_4,removed,36
1178,5890,196.333,camera_2,new_track,59
1178,5890,196.333,camera_5,lost_track,150
1178,5890,196.333,camera_5,removed,143
1178,5890,196.333,camera_6,new_track,53
1179,5895,196.5,camera_1,lost_track,51
1179,5895,196.5,camera_2,lost_track,59
1179,5895,196.5,camera_5,lost_track,153
1180,5900,196.667,camera_1,reacquired,51
1180,5900,196.667,camera_2,reacquired,59
1180,5900,196.667,camera_6,lost_track,53
1180,5900,196.667,camera_7,new_track,38
1181,5905,196.833,camera_1,new_track,52
1181,5905,196.833,camera_2,reacquired,58
1181,5905,196.833,camera_4,removed,35
1182,5910,197.0,camera_3,new_track,54
1182,5910,197.0,camera_5,removed,152
1182,5910,197.0,camera_5,removed,149
1182,5910,197.0,camera_6,lost_track,52
1182,5910,197.0,camera_7,new_track,39
1182,5910,197.0,camera_7,lost_track,38
1183,5915,197.167,camera_2,reacquired,52
1183,5915,197.167,camera_2,lost_track,58
1183,5915,197.167,camera_5,removed,140
1186,5930,197.667,camera_1,lost_track,51
1186,5930,197.667,camera_3,lost_track,53
1187,5935,197.833,camera_4,removed,30
1187,5935,197.833,camera_5,lost_track,158
1188,5940,198.0,camera_1,removed,50
1188,5940,198.0,camera_3,removed,51
1189,5945,198.167,camera_1,new_track,53
1189,5945,198.167,camera_4,new_track,38
1190,5950,198.333,camera_1,reacquired,51
1191,5955,198.5,camera_5,lost_track,156
1191,5955,198.5,camera_6,new_track,54
1192,5960,198.667,camera_2,lost_track,59
1192,5960,198.667,camera_5,new_track,160
1193,5965,198.833,camera_1,lost_track,51
1193,5965,198.833,camera_1,lost_track,52
1193,5965,198.833,camera_2,reacquired,59
1193,5965,198.833,camera_3,removed,48
1193,5965,198.833,camera_3,removed,52
1193,5965,198.833,camera_5,reacquired,150
1193,5965,198.833,camera_5,removed,155
1194,5970,199.0,camera_1,reacquired,51
1194,5970,199.0,camera_2,lost_track,59
1194,5970,199.0,camera_2,lost_track,52
1194,5970,199.0,camera_4,lost_track,38
1194,5970,199.0,camera_5,lost_track,159
1196,5980,199.333,camera_1,lost_track,53
1196,5980,199.333,camera_3,new_track,55
1196,5980,199.333,camera_5,lost_track,160
1199,5995,199.833,camera_1,new_track,54
1199,5995,199.833,camera_5,new_track,161
1199,5995,199.833,camera_5,new_track,162
1199,5995,199.833,camera_5,removed,157
1199,5995,199.833,camera_6,new_track,55
1200,6000,200.0,camera_5,reacquired,159
1201,6005,200.167,camera_5,lost_track,162
1201,6005,200.167,camera_5,removed,144
1203,6015,200.5,camera_4,removed,37
1203,6015,200.5,camera_5,new_track,163
1204,6020,200.667,camera_4,new_track,39
1204,6020,200.667,camera_6,reacquired,53
1205,6025,200.833,camera_1,lost_track,54
1205,6025,200.833,camera_5,lost_track,159
1206,6030,201.0,camera_1,reacquired,54
1206,6030,201.0,camera_5,reacquired,159
1206,6030,201.0,camera_5,lost_track,163
1206,6030,201.0,camera_7,new_track,40
1207,6035,201.167,camera_6,lost_track,53
1207,6035,201.167,camera_6,lost_track,55
1208,6040,201.333,camera_5,lost_track,150
1209,6045,201.5,camera_1,lost_track,51
1209,6045,201.5,camera_4,lost_track,39
1209,6045,201.5,camera_5,reacquired,150
1209,6045,201.5,camera_5,lost_track,159
1209,6045,201.5,camera_5,removed,153
1209,6045,201.5,camera_6,lost_track,54
1210,6050,201.667,camera_5,reacquired,159
1211,6055,201.833,camera_2,reacquired,58
1212,6060,202.0,camera_5,new_track,164
1212,6060,202.0,camera_6,removed,52
1212,6060,202.0,camera_7,removed,38
1213,6065,202.167,camera_1,new_track,55
1213,6065,202.167,camera_5,lost_track,164
1213,6065,202.167,camera_5,lost_track,150
1213,6065,202.167,camera_5,lost_track,159
1214,6070,202.333,camera_1,lost_track,55
1214,6070,202.333,camera_2,lost_track,58
1214,6070,202.333,camera_5,reacquired,150
1214,6070,202.333,camera_5,reacquired,164
1215,6075,202.5,camera_3,new_track,56
1216,6080,202.667,camera_2,lost_track,57
1216,6080,202.667,camera_3,lost_track,56
1216,6080,202.667,camera_3,removed,53
1216,6080,202.667,camera_5,lost_track,150
1217,6085,202.833,camera_5,removed,158
1218,6090,203.0,camera_2,new_track,60
1218,6090,203.0,camera_5,reacquired,159
1221,6105,203.5,camera_3,reacquired,56
1221,6105,203.5,camera_5,new_track,165
1221,6105,203.5,camera_5,removed,156
1223,6115,203.833,camera_1,removed,52
1223,6115,203.833,camera_2,new_track,61
1223,6115,203.833,camera_3,lost_track,56
1223,6115,203.833,camera_5,new_track,166
1223,6115,203.833,camera_5,lost_track,164
1224,6120,204.0,camera_2,removed,59
1224,6120,204.0,camera_2,removed,52
1224,6120,204.0,camera_4,removed,38
1225,6125,204.167,camera_5,lost_track,154
1226,6130,204.333,camera_1,removed,53
1226,6130,204.333,camera_2,lost_track,60
1226,6130,204.333,camera_5,removed,160
1227,6135,204.5,camera_1,new_track,56
1227,6135,204.5,camera_2,reacquired,58
1227,6135,204.5,camera_2,reacquired,60
1227,6135,204.5,camera_2,lost_track,61
1227,6135,204.5,camera_5,lost_track,159
1228,6140,204.667,camera_5,reacquired,159
1228,6140,204.667,camera_5,lost_track,165
1228,6140,204.667,camera_5,lost_track,166
1230,6150,205.0,camera_1,lost_track,56
1231,6155,205.167,camera_1,new_track,57
1231,6155,205.167,camera_3,reacquired,56
1231,6155,205.167,camera_3,lost_track,54
1231,6155,205.167,camera_5,removed,162
1232,6160,205.333,camera_5,reacquired,166
1232,6160,205.333,camera_6,new_track,56
1233,6165,205.5,camera_1,lost_track,57
1233,6165,205.5,camera_3,new_track,57
1234,6170,205.667,camera_1,new_track,58
1234,6170,205.667,camera_5,lost_track,166
1236,6180,206.0,camera_5,removed,163
1237,6185,206.167,camera_3,new_track,58
1237,6185,206.167,camera_6,removed,53
1237,6185,206.167,camera_6,removed,55
1238,6190,206.333,camera_1,lost_track,58
1238,6190,206.333,camera_5,new_track,167
1238,6190,206.333,camera_5,lost_track,159
1239,6195,206.5,camera_1,removed,51
1239,6195,206.5,camera_3,lost_track,58
1239,6195,206.5,camera_4,removed,39
1239,6195,206.5,camera_5,new_track,168
1239,6195,206.5,camera_6,removed,54
1242,6210,207.0,camera_5,lost_track,167
1243,6215,207.167,camera_1,new_track,59
1243,6215,207.167,camera_1,new_track,60
1243,6215,207.167,camera_5,reacquired,167
1243,6215,207.167,camera_5,lost_track,168
1244,6220,207.333,camera_1,lost_track,60
1244,6220,207.333,camera_1,removed,55
1244,6220,207.333,camera_3,lost_track,56
1244,6220,207.333,camera_5,reacquired,168
1245,6225,207.5,camera_3,reacquired,56
1246,6230,207.667,camera_2,removed,57
1246,6230,207.667,camera_3,lost_track,56
1246,6230,207.667,camera_5,removed,150
1247,6235,207.833,camera_5,lost_track,168
1248,6240,208.0,camera_3,new_track,59
1249,6245,208.167,camera_5,lost_track,167
1250,6250,208.333,camera_4,new_track,40
1252,6260,208.667,camera_7,new_track,41
1253,6265,208.833,camera_3,lost_track,55
1253,6265,208.833,camera_4,lost_track,40
1253,6265,208.833,camera_5,removed,164
1253,6265,208.833,camera_6,new_track,57
1254,6270,209.0,camera_1,reacquired,60
1255,6275,209.167,camera_2,new_track,62
1255,6275,209.167,camera_5,removed,154
1256,6280,209.333,camera_3,new_track,60
1257,6285,209.5,camera_2,removed,61
1257,6285,209.5,camera_7,lost_track,41
1258,6290,209.667,camera_5,removed,165
1258,6290,209.667,camera_6,new_track,58
1258,6290,209.667,camera_7,new_track,42
1259,6295,209.833,camera_7,lost_track,40
1260,6300,210.0,camera_1,removed,56
1261,6305,210.167,camera_2,lost_track,60
1261,6305,210.167,camera_3,removed,54
1262,6310,210.333,camera_5,lost_track,161
1263,6315,210.5,camera_1,lost_track,54
1263,6315,210.5,camera_1,removed,57
1263,6315,210.5,camera_2,reacquired,60
1263,6315,210.5,camera_6,lost_track,57
1264,6320,210.667,camera_5,removed,166
1265,6325,210.833,camera_1,new_track,61
1265,6325,210.833,camera_1,reacquired,54
1265,6325,210.833,camera_1,lost_track,59
1265,6325,210.833,camera_6,lost_track,58
1266,6330,211.0,camera_1,reacquired,59
1267,6335,211.167,camera_1,lost_track,54
1267,6335,211.167,camera_2,new_track,63
1268,6340,211.333,camera_1,removed,58
1268,6340,211.333,camera_3,new_track,61
1268,6340,211.333,camera_5,removed,159
1269,6345,211.5,camera_1,lost_track,61
1269,6345,211.5,camera_3,removed,58
1270,6350,211.667,camera_3,lost_track,60
1271,6355,211.833,camera_3,lost_track,57
1273,6365,212.167,camera_2,lost_track,60
1273,6365,212.167,camera_3,reacquired,57
1274,6370,212.333,camera_1,reacquired,61
1275,6375,212.5,camera_2,reacquired,60
1275,6375,212.5,camera_2,lost_track,58
1275,6375,212.5,camera_3,lost_track,59
1276,6380,212.667,camera_3,reacquired,59
1276,6380,212.667,camera_3,removed,56
1277,6385,212.833,camera_1,reacquired,54
1277,6385,212.833,camera_2,new_track,64
1277,6385,212.833,camera_2,lost_track,60
1277,6385,212.833,camera_5,removed,168
1277,6385,212.833,camera_6,lost_track,56
1278,6390,213.0,camera_2,new_track,65
1278,6390,213.0,camera_3,lost_track,57
1279,6395,213.167,camera_1,new_track,62
1279,6395,213.167,camera_5,removed,167
1280,6400,213.333,camera_2,reacquired,58
1280,6400,213.333,camera_2,lost_track,63
1280,6400,213.333,camera_5,new_track,169
1281,6405,213.5,camera_1,lost_track,59
1282,6410,213.667,camera_1,lost_track,62
1282,6410,213.667,camera_2,reacquired,60
1282,6410,213.667,camera_2,lost_track,64
1282,6410,213.667,camera_2,lost_track,58
1283,6415,213.833,camera_3,removed,55
1283,6415,213.833,camera_4,removed,40
1284,6420,214.0,camera_1,lost_track,54
1284,6420,214.0,camera_5,new_track,170
1285,6425,214.167,camera_3,lost_track,59
1286,6430,214.333,camera_2,lost_track,62
1287,6435,214.5,camera_1,reacquired,54
1287,6435,214.5,camera_1,lost_track,61
1287,6435,214.5,camera_2,lost_track,65
1287,6435,214.5,camera_7,removed,41
1288,6440,214.667,camera_1,reacquired,59
1288,6440,214.667,camera_5,new_track,171
1289,6445,214.833,camera_1,lost_track,54
1289,6445,214.833,camera_7,removed,40
1290,6450,215.0,camera_1,lost_track,60
1291,6455,215.167,camera_2,reacquired,65
1291,6455,215.167,camera_4,new_track,41
1291,6455,215.167,camera_5,new_track,172
1291,6455,215.167,camera_5,lost_track,169
1292,6460,215.333,camera_2,lost_track,60
1292,6460,215.333,camera_5,new_track,173
1292,6460,215.333,camera_5,reacquired,169
1292,6460,215.333,camera_5,removed,161
1293,6465,215.5,camera_6,removed,57
1294,6470,215.667,camera_4,lost_track,41
1294,6470,215.667,camera_5,lost_track,169
1294,6470,215.667,camera_5,lost_track,170
1295,6475,215.833,camera_5,new_track,174
1295,6475,215.833,camera_5,reacquired,170
1295,6475,215.833,camera_6,removed,58
1296,6480,216.0,camera_5,lost_track,173
1298,6490,216.333,camera_5,lost_track,172
1298,6490,216.333,camera_6,new_track,59
1299,6495,216.5,camera_7,lost_track,42
1300,6500,216.667,camera_3,removed,60
1300,6500,216.667,camera_6,new_track,60
1301,6505,216.833,camera_5,new_track,175
1301,6505,216.833,camera_5,reacquired,173
1301,6505,216.833,camera_6,lost_track,60
1303,6515,217.167,camera_5,new_track,176
1304,6520,217.333,camera_1,new_track,63
1304,6520,217.333,camera_4,new_track,42
1304,6520,217.333,camera_5,lost_track,174
1305,6525,217.5,camera_5,reacquired,174
1306,6530,217.667,camera_1,lost_track,63
1306,6530,217.667,camera_5,lost_track,171
1307,6535,217.833,camera_1,new_track,64
1307,6535,217.833,camera_1,lost_track,59
1307,6535,217.833,camera_5,new_track,177
1307,6535,217.833,camera_5,lost_track,174
1307,6535,217.833,camera_6,removed,56
1308,6540,218.0,camera_1,lost_track,64
1308,6540,218.0,camera_3,removed,57
1309,6545,218.167,camera_2,lost_track,65
1310,6550,218.333,camera_2,removed,63
1312,6560,218.667,camera_1,removed,62
1312,6560,218.667,camera_2,removed,64
1312,6560,218.667,camera_2,removed,58
1312,6560,218.667,camera_4,new_track,43
1312,6560,218.667,camera_5,lost_track,176
1312,6560,218.667,camera_5,lost_track,173
1313,6565,218.833,camera_5,reacquired,176
1313,6565,218.833,camera_6,lost_track,59
1315,6575,219.167,camera_3,removed,59
1315,6575,219.167,camera_5,lost_track,175
1316,6580,219.333,camera_2,removed,62
1316,6580,219.333,camera_4,lost_track,43
1316,6580,219.333,camera_5,reacquired,175
1317,6585,219.5,camera_1,removed,61
1319,6595,219.833,camera_1,removed,54
1320,6600,220.0,camera_1,removed,60
1320,6600,220.0,camera_4,lost_track,42
1320,6600,220.0,camera_5,new_track,178
1320,6600,220.0,camera_6,new_track,61
1321,6605,220.167,camera_3,new_track,62
1321,6605,220.167,camera_5,new_track,179
1321,6605,220.167,camera_5,lost_track,175
1322,6610,220.333,camera_2,removed,60
1322,6610,220.333,camera_5,new_track,180
1322,6610,220.333,camera_5,new_track,181
1324,6620,220.667,camera_2,new_track,66
1324,6620,220.667,camera_4,removed,41
1324,6620,220.667,camera_5,lost_track,180
1324,6620,220.667,camera_5,removed,169
1325,6625,220.833,camera_6,new_track,62
1326,6630,221.0,camera_5,lost_track,176
1326,6630,221.0,camera_6,reacquired,60
1326,6630,221.0,camera_6,lost_track,61
1327,6635,221.167,camera_1,new_track,65
1327,6635,221.167,camera_2,new_track,67
1327,6635,221.167,camera_5,lost_track,178
1327,6635,221.167,camera_5,lost_track,181
1327,6635,221.167,camera_6,new_track,63
1327,6635,221.167,camera_6,lost_track,60
1328,6640,221.333,camera_1,new_track,66
1328,6640,221.333,camera_5,removed,172
1328,6640,221.333,camera_6,new_track,64
1328,6640,221.333,camera_6,reacquired,60
1329,6645,221.5,camera_5,lost_track,170
1329,6645,221.5,camera_7,removed,42
1331,6655,221.833,camera_1,lost_track,66
1331,6655,221.833,camera_5,lost_track,179
1331,6655,221.833,camera_6,lost_track,64
1331,6655,221.833,camera_6,lost_track,60
1332,6660,222.0,camera_5,new_track,182
1333,6665,222.167,camera_1,new_track,67
1333,6665,222.167,camera_5,reacquired,179
1333,6665,222.167,camera_6,lost_track,62
1333,6665,222.167,camera_6,lost_track,63
1334,6670,222.333,camera_1,reacquired,66
1334,6670,222.333,camera_1,lost_track,65
1334,6670,222.333,camera_7,new_track,43
1335,6675,222.5,camera_5,lost_track,182
1336,6680,222.667,camera_1,removed,63
1336,6680,222.667,camera_2,new_track,68
1336,6680,222.667,camera_3,new_track,63
1336,6680,222.667,camera_5,removed,171
1337,6685,222.833,camera_1,removed,59
1337,6685,222.833,camera_2,lost_track,67
1337,6685,222.833,camera_5,new_track,184
1337,6685,222.833,camera_5,new_track,183
1337,6685,222.833,camera_5,removed,174
1338,6690,223.0,camera_1,lost_track,66
1338,6690,223.0,camera_1,removed,64
1339,6695,223.167,camera_2,removed,65
1339,6695,223.167,camera_3,lost_track,62
1339,6695,223.167,camera_5,lost_track,179
1342,6710,223.667,camera_3,lost_track,63
1342,6710,223.667,camera_4,new_track,44
1342,6710,223.667,camera_5,removed,173
1343,6715,223.833,camera_4,lost_track,44
1343,6715,223.833,camera_6,removed,59
1344,6720,224.0,camera_2,lost_track,66
1344,6720,224.0,camera_4,new_track,45
1344,6720,224.0,camera_5,new_track,185
1346,6730,224.333,camera_4,removed,43
1348,6740,224.667,camera_5,new_track,186
1350,6750,225.0,camera_4,removed,42
1351,6755,225.167,camera_3,lost_track,61
1351,6755,225.167,camera_5,removed,175
1353,6765,225.5,camera_5,lost_track,185
1354,6770,225.667,camera_5,removed,180
1355,6775,225.833,camera_4,lost_track,45
1355,6775,225.833,camera_5,lost_track,177
1356,6780,226.0,camera_5,new_track,187
1356,6780,226.0,camera_5,reacquired,177
1356,6780,226.0,camera_5,lost_track,186
1356,6780,226.0,camera_5,removed,176
1356,6780,226.0,camera_6,removed,61
1357,6785,226.167,camera_5,reacquired,176
1357,6785,226.167,camera_5,removed,178
1357,6785,226.167,camera_5,removed,181
1359,6795,226.5,camera_5,removed,170
1361,6805,226.833,camera_5,lost_track,177
1361,6805,226.833,camera_6,removed,64
1361,6805,226.833,camera_6,removed,60
1362,6810,227.0,camera_1,lost_track,67
1363,6815,227.167,camera_6,new_track,65
1363,6815,227.167,camera_6,removed,62
1363,6815,227.167,camera_6,removed,63
1364,6820,227.333,camera_1,removed,65
1364,6820,227.333,camera_2,lost_track,68
1364,6820,227.333,camera_7,lost_track,39
1365,6825,227.5,camera_5,removed,182
1365,6825,227.5,camera_7,new_track,44
1366,6830,227.667,camera_4,new_track,46
1367,6835,227.833,camera_2,removed,67
1367,6835,227.833,camera_5,lost_track,184
1367,6835,227.833,camera_5,lost_track,183
1368,6840,228.0,camera_1,removed,66
1368,6840,228.0,camera_4,lost_track,46
1369,6845,228.167,camera_3,new_track,64
1369,6845,228.167,camera_3,removed,62
1369,6845,228.167,camera_4,new_track,47
1369,6845,228.167,camera_5,removed,179
1370,6850,228.333,camera_4,lost_track,47
1371,6855,228.5,camera_5,reacquired,184
1371,6855,228.5,camera_6,new_track,66
1372,6860,228.667,camera_3,removed,63
1372,6860,228.667,camera_4,reacquired,47
1372,6860,228.667,camera_5,new_track,188
1373,6865,228.833,camera_4,reacquired,46
1373,6865,228.833,camera_4,lost_track,47
1373,6865,228.833,camera_4,removed,44
1373,6865,228.833,camera_7,lost_track,44
1374,6870,229.0,camera_2,removed,66
1376,6880,229.333,camera_4,lost_track,46
1376,6880,229.333,camera_7,new_track,45
1377,6885,229.5,camera_5,lost_track,184
1378,6890,229.667,camera_6,lost_track,65
1378,6890,229.667,camera_6,lost_track,66
1379,6895,229.833,camera_1,reacquired,67
1379,6895,229.833,camera_2,new_track,69
1381,6905,230.167,camera_3,removed,61
1383,6915,230.5,camera_5,lost_track,188
1383,6915,230.5,camera_5,removed,185
1384,6920,230.667,camera_4,new_track,48
1384,6920,230.667,camera_5,lost_track,176
1385,6925,230.833,camera_4,lost_track,48
1385,6925,230.833,camera_4,removed,45
1385,6925,230.833,camera_7,new_track,46
1386,6930,231.0,camera_5,removed,186
1389,6945,231.5,camera_7,lost_track,45
1389,6945,231.5,camera_7,lost_track,46
1390,6950,231.667,camera_2,new_track,70
1390,6950,231.667,camera_3,new_track,65
1390,6950,231.667,camera_7,reacquired,45
1391,6955,231.833,camera_5,new_track,189
1391,6955,231.833,camera_5,removed,177
1392,6960,232.0,camera_7,lost_track,45
1393,6965,232.167,camera_5,lost_track,189
1394,6970,232.333,camera_2,removed,68
1394,6970,232.333,camera_5,reacquired,189
1394,6970,232.333,camera_7,removed,39
1395,6975,232.5,camera_6,new_track,67
1395,6975,232.5,camera_7,reacquired,45
1396,6980,232.667,camera_1,new_track,68
1396,6980,232.667,camera_2,lost_track,69
1396,6980,232.667,camera_6,lost_track,67
1397,6985,232.833,camera_2,new_track,71
1397,6985,232.833,camera_5,removed,183
1397,6985,232.833,camera_6,reacquired,67
1398,6990,233.0,camera_2,reacquired,69
1401,7005,233.5,camera_5,new_track,190
1402,7010,233.667,camera_2,lost_track,69
1402,7010,233.667,camera_5,new_track,191
1403,7015,233.833,camera_2,lost_track,71
1403,7015,233.833,camera_4,removed,47
1403,7015,233.833,camera_7,removed,44
1404,7020,234.0,camera_2,reacquired,71
1405,7025,234.167,camera_5,new_track,192
1406,7030,234.333,camera_4,removed,46
1406,7030,234.333,camera_7,new_track,47
1407,7035,234.5,camera_5,removed,184
1408,7040,234.667,camera_6,removed,65
1408,7040,234.667,camera_6,removed,66
1408,7040,234.667,camera_7,lost_track,47
1409,7045,234.833,camera_6,lost_track,67
1410,7050,235.0,camera_2,lost_track,70
1411,7055,235.167,camera_5,lost_track,189
1412,7060,235.333,camera_2,new_track,72
1412,7060,235.333,camera_2,new_track,73
1413,7065,235.5,camera_5,removed,188
1414,7070,235.667,camera_2,lost_track,73
1414,7070,235.667,camera_5,removed,176
1415,7075,235.833,camera_4,removed,48
1416,7080,236.0,camera_5,lost_track,190
1417,7085,236.167,camera_2,reacquired,69
1417,7085,236.167,camera_2,lost_track,72
1418,7090,236.333,camera_5,new_track,193
1419,7095,236.5,camera_3,lost_track,64
1419,7095,236.5,camera_5,lost_track,187
1419,7095,236.5,camera_7,removed,46
1420,7100,236.667,camera_3,reacquired,64
1420,7100,236.667,camera_5,lost_track,193
1422,7110,237.0,camera_3,lost_track,65
1422,7110,237.0,camera_5,new_track,194
1423,7115,237.167,camera_3,new_track,66
1423,7115,237.167,camera_5,reacquired,187
1423,7115,237.167,camera_5,reacquired,190
1424,7120,237.333,camera_3,lost_track,66
1424,7120,237.333,camera_5,lost_track,187
1425,7125,237.5,camera_5,lost_track,190
1426,7130,237.667,camera_5,reacquired,193
1427,7135,237.833,camera_5,lost_track,193
1427,7135,237.833,camera_5,lost_track,194
1428,7140,238.0,camera_5,reacquired,193
1428,7140,238.0,camera_5,reacquired,194
1429,7145,238.167,camera_3,new_track,67
1429,7145,238.167,camera_5,new_track,195
1431,7155,238.5,camera_3,lost_track,67
1431,7155,238.5,camera_5,new_track,196
1432,7160,238.667,camera_5,lost_track,192
1433,7165,238.833,camera_1,lost_track,68
1433,7165,238.833,camera_5,reacquired,192
1435,7175,239.167,camera_2,lost_track,71
1435,7175,239.167,camera_5,lost_track,194
1437,7185,239.5,camera_2,reacquired,72
1437,7185,239.5,camera_2,lost_track,69
1437,7185,239.5,camera_3,reacquired,65
1437,7185,239.5,camera_3,lost_track,64
1437,7185,239.5,camera_4,new_track,49
1438,7190,239.667,camera_5,lost_track,192
1438,7190,239.667,camera_5,lost_track,193
1438,7190,239.667,camera_7,removed,47
1439,7195,239.833,camera_5,new_track,197
1439,7195,239.833,camera_6,removed,67
1440,7200,240.0,camera_2,removed,70
1440,7200,240.0,camera_3,reacquired,66
1440,7200,240.0,camera_3,lost_track,65
1440,7200,240.0,camera_4,lost_track,49
1440,7200,240.0,camera_5,reacquired,193
1441,7205,240.167,camera_5,removed,189
1444,7220,240.667,camera_2,removed,73
1444,7220,240.667,camera_3,reacquired,65
1444,7220,240.667,camera_3,lost_track,66
1444,7220,240.667,camera_5,lost_track,196
1444,7220,240.667,camera_5,lost_track,197
1446,7230,241.0,camera_3,reacquired,64
1446,7230,241.0,camera_3,lost_track,65
1446,7230,241.0,camera_5,new_track,198
1448,7240,241.333,camera_3,lost_track,64
1448,7240,241.333,camera_5,reacquired,196
1449,7245,241.5,camera_3,new_track,68
1449,7245,241.5,camera_5,lost_track,198
1450,7250,241.667,camera_5,reacquired,197
1450,7250,241.667,camera_5,lost_track,193
1451,7255,241.833,camera_5,new_track,199
1452,7260,242.0,camera_5,lost_track,199
1453,7265,242.167,camera_4,new_track,50
1453,7265,242.167,camera_5,reacquired,199
1454,7270,242.333,camera_2,lost_track,72
1454,7270,242.333,camera_5,removed,187
1455,7275,242.5,camera_5,lost_track,199
1455,7275,242.5,camera_5,removed,190
1455,7275,242.5,camera_7,new_track,48
1456,7280,242.667,camera_4,lost_track,50
1456,7280,242.667,camera_5,reacquired,199
1457,7285,242.833,camera_5,lost_track,197
1459,7295,243.167,camera_2,new_track,74
1460,7300,243.333,camera_1,new_track,69
1460,7300,243.333,camera_3,lost_track,68
1460,7300,243.333,camera_7,lost_track,48
1461,7305,243.5,camera_1,lost_track,69
1461,7305,243.5,camera_2,lost_track,74
1461,7305,243.5,camera_3,removed,67
1461,7305,243.5,camera_5,lost_track,199
1462,7310,243.667,camera_5,lost_track,195
1463,7315,243.833,camera_1,removed,68
1463,7315,243.833,camera_5,new_track,200
1463,7315,243.833,camera_7,reacquired,48
1464,7320,244.0,camera_5,reacquired,195
1465,7325,244.167,camera_2,removed,71
1465,7325,244.167,camera_5,removed,194
1465,7325,244.167,camera_7,new_track,49
1465,7325,244.167,camera_7,lost_track,48
1466,7330,244.333,camera_6,new_track,68
1466,7330,244.333,camera_7,lost_track,49
1467,7335,244.5,camera_2,removed,69
1467,7335,244.5,camera_6,new_track,69
1468,7340,244.667,camera_4,new_track,51
1468,7340,244.667,camera_5,removed,192
1469,7345,244.833,camera_1,lost_track,67
1469,7345,244.833,camera_5,lost_track,200
1469,7345,244.833,camera_6,lost_track,69
1470,7350,245.0,camera_4,removed,49
1470,7350,245.0,camera_5,new_track,201
1471,7355,245.167,camera_4,lost_track,51
1471,7355,245.167,camera_5,lost_track,191
1473,7365,245.5,camera_7,reacquired,49
1473,7365,245.5,camera_7,lost_track,45
1474,7370,245.667,camera_2,new_track,75
1474,7370,245.667,camera_3,removed,66
1474,7370,245.667,camera_6,new_track,70
1474,7370,245.667,camera_7,lost_track,49
1475,7375,245.833,camera_1,reacquired,69
1476,7380,246.0,camera_3,removed,65
1477,7385,246.167,camera_1,lost_track,69
1477,7385,246.167,camera_2,lost_track,75
1477,7385,246.167,camera_5,lost_track,201
1478,7390,246.333,camera_3,removed,64
1479,7395,246.5,camera_5,removed,198
1480,7400,246.667,camera_1,new_track,70
1480,7400,246.667,camera_5,removed,193
1481,7405,246.833,camera_6,new_track,71
1482,7410,247.0,camera_5,lost_track,195
1483,7415,247.167,camera_6,lost_track,68
1484,7420,247.333,camera_2,removed,72
1486,7430,247.667,camera_4,removed,50
1486,7430,247.667,camera_5,lost_track,196
1487,7435,247.833,camera_5,removed,197
1488,7440,248.0,camera_6,new_track,72
1489,7445,248.167,camera_6,lost_track,70
1490,7450,248.333,camera_3,removed,68
1491,7455,248.5,camera_2,removed,74
1491,7455,248.5,camera_3,new_track,69
1491,7455,248.5,camera_5,removed,199
1491,7455,248.5,camera_6,new_track,73
1492,7460,248.667,camera_7,lost_track,43
1493,7465,248.833,camera_1,lost_track,70
1493,7465,248.833,camera_6,new_track,74
1493,7465,248.833,camera_6,lost_track,71
1494,7470,249.0,camera_1,new_track,71
1494,7470,249.0,camera_5,new_track,202
1494,7470,249.0,camera_6,reacquired,71
1495,7475,249.167,camera_7,removed,48
1497,7485,249.5,camera_5,new_track,203
1498,7490,249.667,camera_6,lost_track,74
1499,7495,249.833,camera_1,removed,67
1499,7495,249.833,camera_5,lost_track,202
1499,7495,249.833,camera_5,removed,200
1499,7495,249.833,camera_6,new_track,75
1499,7495,249.833,camera_6,removed,69
1500,7500,250.0,camera_5,reacquired,202
1500,7500,250.0,camera_7,new_track,50
1501,7505,250.167,camera_2,new_track,76
1501,7505,250.167,camera_2,new_track,77
1501,7505,250.167,camera_4,removed,51
1501,7505,250.167,camera_5,removed,191
1502,7510,250.333,camera_7,lost_track,50
1503,7515,250.5,camera_7,new_track,51
1503,7515,250.5,camera_7,removed,45
1504,7520,250.667,camera_2,new_track,78
1504,7520,250.667,camera_2,lost_track,77
1504,7520,250.667,camera_7,lost_track,51
1504,7520,250.667,camera_7,removed,49
1505,7525,250.833,camera_5,lost_track,203
1506,7530,251.0,camera_1,new_track,72
1506,7530,251.0,camera_4,new_track,52
1507,7535,251.167,camera_1,removed,69
1507,7535,251.167,camera_2,removed,75
1507,7535,251.167,camera_5,removed,201
1507,7535,251.167,camera_6,lost_track,72
1508,7540,251.333,camera_6,new_track,76
1509,7545,251.5,camera_6,reacquired,72
1510,7550,251.667,camera_6,lost_track,72
1511,7555,251.833,camera_3,lost_track,69
1511,7555,251.833,camera_5,new_track,204
1511,7555,251.833,camera_6,lost_track,76
1511,7555,251.833,camera_7,new_track,52
1512,7560,252.0,camera_5,removed,195
1513,7565,252.167,camera_2,lost_track,76
1513,7565,252.167,camera_6,lost_track,71
1513,7565,252.167,camera_6,removed,68
1513,7565,252.167,camera_7,reacquired,51
1513,7565,252.167,camera_7,lost_track,52
1514,7570,252.333,camera_3,new_track,70
1514,7570,252.333,camera_6,lost_track,75
1515,7575,252.5,camera_2,reacquired,76
1515,7575,252.5,camera_5,new_track,205
1515,7575,252.5,camera_7,lost_track,51
1516,7580,252.667,camera_1,lost_track,71
1516,7580,252.667,camera_5,removed,196
1516,7580,252.667,camera_7,new_track,53
1519,7595,253.167,camera_2,lost_track,76
1519,7595,253.167,camera_6,removed,70
1521,7605,253.5,camera_5,new_track,206
1522,7610,253.667,camera_6,new_track,77
1522,7610,253.667,camera_7,removed,43
1523,7615,253.833,camera_1,removed,70
1524,7620,254.0,camera_2,lost_track,78
1526,7630,254.333,camera_5,lost_track,202
1528,7640,254.667,camera_6,removed,74
1530,7650,255.0,camera_3,new_track,71
1530,7650,255.0,camera_7,new_track,54
1531,7655,255.167,camera_7,lost_track,54
1532,7660,255.333,camera_2,new_track,79
1532,7660,255.333,camera_4,lost_track,52
1532,7660,255.333,camera_6,lost_track,77
1532,7660,255.333,camera_7,removed,50
1533,7665,255.5,camera_1,reacquired,71
1534,7670,255.667,camera_2,removed,77
1534,7670,255.667,camera_5,lost_track,206
1535,7675,255.833,camera_1,lost_track,71
1535,7675,255.833,camera_5,new_track,208
1535,7675,255.833,camera_5,new_track,207
1535,7675,255.833,camera_5,lost_track,205
1535,7675,255.833,camera_5,removed,203
1535,7675,255.833,camera_6,new_track,78
1535,7675,255.833,camera_7,lost_track,53
1536,7680,256.0,camera_2,new_track,80
1536,7680,256.0,camera_3,lost_track,70
1536,7680,256.0,camera_5,lost_track,207
1537,7685,256.167,camera_1,reacquired,71
1539,7695,256.5,camera_3,new_track,72
1539,7695,256.5,camera_6,new_track,79
1539,7695,256.5,camera_7,new_track,55
1540,7700,256.667,camera_6,removed,72
1541,7705,256.833,camera_3,removed,69
1541,7705,256.833,camera_5,reacquired,205
1541,7705,256.833,camera_6,removed,76
1543,7715,257.167,camera_1,new_track,73
1543,7715,257.167,camera_6,lost_track,78
1543,7715,257.167,camera_6,removed,71
1543,7715,257.167,camera_7,removed,52
1544,7720,257.333,camera_5,new_track,209
1544,7720,257.333,camera_6,new_track,80
1544,7720,257.333,camera_6,removed,75
1545,7725,257.5,camera_3,lost_track,71
1545,7725,257.5,camera_7,removed,51
1546,7730,257.667,camera_3,reacquired,71
1546,7730,257.667,camera_6,lost_track,79
1546,7730,257.667,camera_7,reacquired,54
1546,7730,257.667,camera_7,lost_track,55
1547,7735,257.833,camera_5,lost_track,209
1547,7735,257.833,camera_5,lost_track,205
1547,7735,257.833,camera_7,reacquired,55
1548,7740,258.0,camera_1,lost_track,73
1548,7740,258.0,camera_1,lost_track,71
1548,7740,258.0,camera_6,lost_track,80
1549,7745,258.167,camera_2,removed,76
1549,7745,258.167,camera_5,reacquired,209
1549,7745,258.167,camera_5,lost_track,208
1550,7750,258.333,camera_6,lost_track,73
1551,7755,258.5,camera_5,reacquired,208
1551,7755,258.5,camera_5,lost_track,209
1553,7765,258.833,camera_1,reacquired,73
1553,7765,258.833,camera_5,lost_track,208
1554,7770,259.0,camera_2,removed,78
1555,7775,259.167,camera_4,new_track,53
1556,7780,259.333,camera_5,removed,202
1558,7790,259.667,camera_4,lost_track,53
1559,7795,259.833,camera_5,new_track,210
1560,7800,260.0,camera_2,new_track,81
1562,7810,260.333,camera_1,lost_track,72
1562,7810,260.333,camera_3,new_track,73
1562,7810,260.333,camera_4,removed,52
1562,7810,260.333,camera_6,removed,77
1563,7815,260.5,camera_1,reacquired,72
1564,7820,260.667,camera_5,removed,206
1565,7825,260.833,camera_1,new_track,74
1565,7825,260.833,camera_1,lost_track,73
1565,7825,260.833,camera_2,lost_track,81
1565,7825,260.833,camera_7,removed,53
1566,7830,261.0,camera_1,new_track,75
1566,7830,261.0,camera_1,lost_track,74
1566,7830,261.0,camera_3,removed,70
1566,7830,261.0,camera_5,lost_track,210
1566,7830,261.0,camera_5,removed,207
1567,7835,261.167,camera_2,lost_track,80
1567,7835,261.167,camera_6,new_track,81
1567,7835,261.167,camera_7,lost_track,54
1568,7840,261.333,camera_2,reacquired,80
1568,7840,261.333,camera_5,reacquired,210
1568,7840,261.333,camera_7,lost_track,55
1569,7845,261.5,camera_6,new_track,82
1570,7850,261.667,camera_1,lost_track,75
1571,7855,261.833,camera_2,lost_track,80
1572,7860,262.0,camera_2,new_track,82
1572,7860,262.0,camera_2,new_track,83
1572,7860,262.0,camera_3,lost_track,71
1573,7865,262.167,camera_1,reacquired,73
1573,7865,262.167,camera_3,reacquired,71
1573,7865,262.167,camera_5,new_track,211
1573,7865,262.167,camera_6,lost_track,82
1573,7865,262.167,camera_6,removed,78
1573,7865,262.167,camera_7,new_track,56
1574,7870,262.333,camera_2,lost_track,83
1575,7875,262.5,camera_1,reacquired,74
1575,7875,262.5,camera_1,lost_track,72
1575,7875,262.5,camera_1,lost_track,73
1575,7875,262.5,camera_2,reacquired,83
1576,7880,262.667,camera_1,reacquired,73
1576,7880,262.667,camera_6,removed,79
1577,7885,262.833,camera_1,lost_track,74
1577,7885,262.833,camera_5,lost_track,211
1577,7885,262.833,camera_5,removed,205
1578,7890,263.0,camera_1,removed,71
1578,7890,263.0,camera_6,removed,80
1579,7895,263.167,camera_2,new_track,84
1580,7900,263.333,camera_4,new_track,54
1580,7900,263.333,camera_6,removed,73
1581,7905,263.5,camera_5,reacquired,211
1581,7905,263.5,camera_5,removed,209
1582,7910,263.667,camera_1,new_track,76
1582,7910,263.667,camera_2,lost_track,82
1582,7910,263.667,camera_5,lost_track,211
1583,7915,263.833,camera_5,lost_track,204
1583,7915,263.833,camera_5,removed,208
1584,7920,264.0,camera_6,lost_track,81
1587,7935,264.5,camera_1,reacquired,74
1587,7935,264.5,camera_1,lost_track,73
1587,7935,264.5,camera_2,lost_track,84
1588,7940,264.667,camera_2,reacquired,84
1588,7940,264.667,camera_4,removed,53
1589,7945,264.833,camera_2,lost_track,83
1589,7945,264.833,camera_3,lost_track,73
1590,7950,265.0,camera_1,lost_track,74
1590,7950,265.0,camera_3,new_track,74
1591,7955,265.167,camera_3,reacquired,73
1591,7955,265.167,camera_3,lost_track,74
1592,7960,265.333,camera_1,new_track,77
1592,7960,265.333,camera_2,lost_track,84
1593,7965,265.5,camera_2,reacquired,80
1593,7965,265.5,camera_3,lost_track,71
1593,7965,265.5,camera_5,new_track,212
1594,7970,265.667,camera_1,lost_track,76
1595,7975,265.833,camera_2,removed,81
1595,7975,265.833,camera_3,reacquired,71
1596,7980,266.0,camera_1,new_track,78
1596,7980,266.0,camera_3,new_track,75
1597,7985,266.167,camera_7,removed,54
1598,7990,266.333,camera_4,lost_track,54
1598,7990,266.333,camera_7,removed,55
1600,8000,266.667,camera_1,removed,75
1600,8000,266.667,camera_7,lost_track,56
1601,8005,266.833,camera_2,new_track,85
1601,8005,266.833,camera_5,lost_track,210
1601,8005,266.833,camera_6,new_track,83
1602,8010,267.0,camera_3,lost_track,75
1602,8010,267.0,camera_6,new_track,84
1603,8015,267.167,camera_1,reacquired,74
1603,8015,267.167,camera_3,reacquired,75
1603,8015,267.167,camera_6,removed,82
1604,8020,267.333,camera_3,lost_track,72
1604,8020,267.333,camera_6,lost_track,84
1605,8025,267.5,camera_1,removed,72
1605,8025,267.5,camera_2,new_track,86
1607,8035,267.833,camera_1,reacquired,76
1608,8040,268.0,camera_1,lost_track,77
1608,8040,268.0,camera_3,new_track,76
1608,8040,268.0,camera_5,new_track,213
1609,8045,268.167,camera_6,new_track,85
1610,8050,268.333,camera_2,lost_track,79
1610,8050,268.333,camera_3,lost_track,73
1612,8060,268.667,camera_2,new_track,87
1612,8060,268.667,camera_2,removed,82
1612,8060,268.667,camera_5,removed,211
1613,8065,268.833,camera_1,lost_track,74
1613,8065,268.833,camera_1,lost_track,76
1613,8065,268.833,camera_2,lost_track,87
1613,8065,268.833,camera_5,removed,204
1613,8065,268.833,camera_6,new_track,86
1614,8070,269.0,camera_1,reacquired,74
1614,8070,269.0,camera_1,lost_track,78
1614,8070,269.0,camera_2,new_track,88
1614,8070,269.0,camera_2,new_track,89
1614,8070,269.0,camera_5,new_track,214
1614,8070,269.0,camera_6,lost_track,83
1614,8070,269.0,camera_6,lost_track,85
1614,8070,269.0,camera_6,removed,81
1615,8075,269.167,camera_1,reacquired,78
1615,8075,269.167,camera_5,lost_track,212
1615,8075,269.167,camera_6,new_track,87
1616,8080,269.333,camera_1,new_track,79
1617,8085,269.5,camera_1,removed,73
1617,8085,269.5,camera_2,lost_track,89
1617,8085,269.5,camera_6,lost_track,86
1618,8090,269.667,camera_6,reacquired,86
