loop_i,video_fid,t_sec,camera_id,kind,track_id
0,0,0.0,camera_2,new_track,1
0,0,0.0,camera_2,new_track,2
0,0,0.0,camera_2,new_track,3
17,85,2.833,camera_2,lost_track,2
17,85,2.833,camera_2,removed,-1
18,90,3.0,camera_2,new_track,4
18,90,3.0,camera_3,removed,-1
19,95,3.167,camera_2,reacquired,2
20,100,3.333,camera_1,removed,-1
23,115,3.833,camera_1,new_track,1
23,115,3.833,camera_2,lost_track,3
25,125,4.167,camera_3,removed,-1
26,130,4.333,camera_3,new_track,1
27,135,4.5,camera_3,lost_track,1
29,145,4.833,camera_1,lost_track,1
29,145,4.833,camera_3,removed,-1
30,150,5.0,camera_1,removed,-1
30,150,5.0,camera_2,lost_track,4
30,150,5.0,camera_3,new_track,2
31,155,5.167,camera_3,lost_track,2
32,160,5.333,camera_3,new_track,3
33,165,5.5,camera_3,lost_track,3
41,205,6.833,camera_3,removed,-1
43,215,7.167,camera_3,reacquired,3
44,220,7.333,camera_1,reacquired,1
53,265,8.833,camera_2,removed,3
55,275,9.167,camera_2,new_track,5
55,275,9.167,camera_3,lost_track,3
56,280,9.333,camera_2,lost_track,5
57,285,9.5,camera_3,removed,1
58,290,9.667,camera_2,new_track,6
59,295,9.833,camera_3,reacquired,2
60,300,10.0,camera_2,removed,4
60,300,10.0,camera_3,removed,-1
64,320,10.667,camera_3,removed,-1
66,330,11.0,camera_1,removed,-1
66,330,11.0,camera_3,new_track,4
67,335,11.167,camera_3,lost_track,4
68,340,11.333,camera_3,new_track,5
68,340,11.333,camera_3,lost_track,2
72,360,12.0,camera_3,lost_track,5
74,370,12.333,camera_3,reacquired,5
74,370,12.333,camera_3,removed,-1
75,375,12.5,camera_1,lost_track,1
76,380,12.667,camera_1,reacquired,1
76,380,12.667,camera_2,removed,-1
77,385,12.833,camera_3,lost_track,5
79,395,13.167,camera_2,lost_track,2
80,400,13.333,camera_2,reacquired,2
82,410,13.667,camera_2,new_track,7
82,410,13.667,camera_2,lost_track,2
84,420,14.0,camera_5,removed,-1
85,425,14.167,camera_1,lost_track,1
85,425,14.167,camera_3,removed,3
85,425,14.167,camera_5,new_track,1
86,430,14.333,camera_2,lost_track,6
86,430,14.333,camera_2,removed,5
86,430,14.333,camera_5,removed,-1
91,455,15.167,camera_2,reacquired,2
92,460,15.333,camera_2,lost_track,2
97,485,16.167,camera_3,removed,4
98,490,16.333,camera_3,removed,2
99,495,16.5,camera_3,removed,-1
99,495,16.5,camera_5,lost_track,1
100,500,16.667,camera_3,new_track,6
101,505,16.833,camera_2,removed,-1
104,520,17.333,camera_1,new_track,2
104,520,17.333,camera_2,reacquired,2
105,525,17.5,camera_2,lost_track,2
106,530,17.667,camera_2,new_track,8
107,535,17.833,camera_3,removed,5
108,540,18.0,camera_1,lost_track,2
109,545,18.167,camera_1,reacquired,2
109,545,18.167,camera_3,lost_track,6
109,545,18.167,camera_3,removed,-1
110,550,18.333,camera_2,new_track,9
113,565,18.833,camera_3,new_track,7
115,575,19.167,camera_1,removed,1
115,575,19.167,camera_6,new_track,1
116,580,19.333,camera_2,removed,6
117,585,19.5,camera_1,new_track,3
118,590,19.667,camera_1,lost_track,2
118,590,19.667,camera_2,lost_track,8
119,595,19.833,camera_1,lost_track,3
120,600,20.0,camera_1,new_track,4
122,610,20.333,camera_1,lost_track,4
124,620,20.667,camera_1,reacquired,2
124,620,20.667,camera_2,new_track,10
125,625,20.833,camera_2,reacquired,2
125,625,20.833,camera_3,lost_track,7
128,640,21.333,camera_3,reacquired,7
129,645,21.5,camera_1,lost_track,2
129,645,21.5,camera_2,lost_track,9
129,645,21.5,camera_5,removed,1
131,655,21.833,camera_2,lost_track,10
131,655,21.833,camera_2,removed,-1
133,665,22.167,camera_1,reacquired,3
133,665,22.167,camera_2,reacquired,10
133,665,22.167,camera_6,lost_track,1
134,670,22.333,camera_1,lost_track,3
134,670,22.333,camera_2,lost_track,2
134,670,22.333,camera_6,removed,-1
135,675,22.5,camera_2,reacquired,2
135,675,22.5,camera_3,lost_track,7
135,675,22.5,camera_6,new_track,2
136,680,22.667,camera_3,reacquired,7
136,680,22.667,camera_6,lost_track,2
137,685,22.833,camera_1,removed,-1
137,685,22.833,camera_2,lost_track,2
137,685,22.833,camera_2,lost_track,7
137,685,22.833,camera_2,removed,-1
137,685,22.833,camera_3,lost_track,7
137,685,22.833,camera_6,new_track,3
138,690,23.0,camera_2,reacquired,7
138,690,23.0,camera_3,reacquired,7
139,695,23.167,camera_3,removed,6
140,700,23.333,camera_1,reacquired,2
141,705,23.5,camera_5,new_track,2
142,710,23.667,camera_1,lost_track,2
144,720,24.0,camera_2,new_track,11
145,725,24.167,camera_2,lost_track,10
145,725,24.167,camera_3,lost_track,7
146,730,24.333,camera_5,lost_track,2
146,730,24.333,camera_6,reacquired,2
147,735,24.5,camera_5,reacquired,2
148,740,24.667,camera_2,removed,8
148,740,24.667,camera_6,lost_track,2
149,745,24.833,camera_5,lost_track,2
149,745,24.833,camera_6,reacquired,2
150,750,25.0,camera_4,new_track,1
152,760,25.333,camera_1,removed,4
152,760,25.333,camera_6,removed,-1
153,765,25.5,camera_2,lost_track,11
156,780,26.0,camera_2,reacquired,2
159,795,26.5,camera_2,reacquired,11
159,795,26.5,camera_2,removed,9
160,800,26.667,camera_2,lost_track,11
162,810,27.0,camera_3,new_track,8
163,815,27.167,camera_6,lost_track,2
163,815,27.167,camera_6,removed,1
164,820,27.333,camera_1,removed,3
164,820,27.333,camera_2,lost_track,2
164,820,27.333,camera_6,reacquired,2
165,825,27.5,camera_2,reacquired,2
165,825,27.5,camera_2,lost_track,7
167,835,27.833,camera_6,lost_track,2
168,840,28.0,camera_2,reacquired,7
169,845,28.167,camera_1,new_track,5
169,845,28.167,camera_3,lost_track,8
172,860,28.667,camera_1,removed,2
174,870,29.0,camera_6,new_track,4
175,875,29.167,camera_2,removed,10
175,875,29.167,camera_3,removed,7
179,895,29.833,camera_5,removed,2
181,905,30.167,camera_3,removed,-1
183,915,30.5,camera_6,lost_track,3
183,915,30.5,camera_6,lost_track,4
185,925,30.833,camera_3,new_track,9
186,930,31.0,camera_3,lost_track,9
186,930,31.0,camera_4,lost_track,1
186,930,31.0,camera_6,reacquired,4
187,935,31.167,camera_4,removed,-1
188,940,31.333,camera_3,removed,-1
189,945,31.5,camera_3,new_track,10
189,945,31.5,camera_6,lost_track,4
190,950,31.667,camera_2,removed,11
191,955,31.833,camera_3,new_track,11
191,955,31.833,camera_6,reacquired,4
192,960,32.0,camera_3,lost_track,10
193,965,32.167,camera_2,new_track,12
193,965,32.167,camera_3,reacquired,10
193,965,32.167,camera_3,removed,-1
194,970,32.333,camera_2,lost_track,12
194,970,32.333,camera_3,lost_track,10
194,970,32.333,camera_3,lost_track,11
195,975,32.5,camera_1,removed,-1
195,975,32.5,camera_2,new_track,13
195,975,32.5,camera_2,new_track,14
195,975,32.5,camera_6,lost_track,4
196,980,32.667,camera_3,reacquired,11
196,980,32.667,camera_3,removed,-1
197,985,32.833,camera_1,lost_track,5
197,985,32.833,camera_3,new_track,12
197,985,32.833,camera_6,removed,2
198,990,33.0,camera_3,lost_track,12
199,995,33.167,camera_1,reacquired,5
199,995,33.167,camera_2,lost_track,7
199,995,33.167,camera_3,lost_track,11
199,995,33.167,camera_3,removed,8
199,995,33.167,camera_3,removed,-1
200,1000,33.333,camera_1,removed,-1
200,1000,33.333,camera_3,reacquired,11
201,1005,33.5,camera_3,lost_track,11
201,1005,33.5,camera_5,removed,-1
202,1010,33.667,camera_2,reacquired,7
202,1010,33.667,camera_3,reacquired,11
203,1015,33.833,camera_2,lost_track,13
203,1015,33.833,camera_2,lost_track,7
203,1015,33.833,camera_3,lost_track,11
203,1015,33.833,camera_5,new_track,3
204,1020,34.0,camera_2,lost_track,1
205,1025,34.167,camera_1,new_track,6
205,1025,34.167,camera_2,reacquired,1
206,1030,34.333,camera_1,lost_track,6
206,1030,34.333,camera_2,removed,-1
207,1035,34.5,camera_1,lost_track,5
208,1040,34.667,camera_2,lost_track,14
209,1045,34.833,camera_2,reacquired,7
209,1045,34.833,camera_2,reacquired,14
209,1045,34.833,camera_2,removed,-1
209,1045,34.833,camera_3,removed,-1
210,1050,35.0,camera_2,lost_track,7
211,1055,35.167,camera_2,removed,-1
212,1060,35.333,camera_1,reacquired,6
212,1060,35.333,camera_2,reacquired,7
213,1065,35.5,camera_2,new_track,15
213,1065,35.5,camera_5,new_track,4
213,1065,35.5,camera_6,removed,3
214,1070,35.667,camera_5,lost_track,4
215,1075,35.833,camera_2,lost_track,15
215,1075,35.833,camera_5,new_track,5
216,1080,36.0,camera_3,removed,9
216,1080,36.0,camera_4,removed,1
217,1085,36.167,camera_1,new_track,7
217,1085,36.167,camera_5,lost_track,3
218,1090,36.333,camera_3,removed,-1
219,1095,36.5,camera_1,lost_track,6
219,1095,36.5,camera_5,new_track,6
219,1095,36.5,camera_5,reacquired,4
219,1095,36.5,camera_5,removed,-1
220,1100,36.667,camera_4,new_track,2
220,1100,36.667,camera_5,lost_track,5
221,1105,36.833,camera_5,new_track,7
221,1105,36.833,camera_5,lost_track,6
223,1115,37.167,camera_2,new_track,16
224,1120,37.333,camera_2,lost_track,14
224,1120,37.333,camera_2,removed,12
224,1120,37.333,camera_3,removed,10
224,1120,37.333,camera_5,lost_track,4
225,1125,37.5,camera_1,lost_track,7
225,1125,37.5,camera_2,lost_track,7
225,1125,37.5,camera_5,new_track,8
225,1125,37.5,camera_6,removed,4
226,1130,37.667,camera_1,reacquired,7
226,1130,37.667,camera_3,reacquired,12
227,1135,37.833,camera_1,lost_track,7
227,1135,37.833,camera_2,reacquired,7
229,1145,38.167,camera_2,reacquired,14
229,1145,38.167,camera_2,lost_track,7
230,1150,38.333,camera_2,reacquired,7
230,1150,38.333,camera_2,lost_track,14
230,1150,38.333,camera_5,lost_track,7
231,1155,38.5,camera_2,lost_track,7
231,1155,38.5,camera_3,lost_track,12
231,1155,38.5,camera_4,new_track,3
232,1160,38.667,camera_1,new_track,8
232,1160,38.667,camera_2,reacquired,7
232,1160,38.667,camera_4,lost_track,3
232,1160,38.667,camera_5,reacquired,5
232,1160,38.667,camera_5,lost_track,8
233,1165,38.833,camera_2,removed,13
233,1165,38.833,camera_3,removed,11
233,1165,38.833,camera_3,removed,-1
233,1165,38.833,camera_4,new_track,4
233,1165,38.833,camera_5,reacquired,8
233,1165,38.833,camera_5,lost_track,5
234,1170,39.0,camera_2,new_track,17
234,1170,39.0,camera_2,lost_track,7
234,1170,39.0,camera_5,reacquired,7
234,1170,39.0,camera_5,lost_track,8
235,1175,39.167,camera_2,lost_track,17
236,1180,39.333,camera_4,lost_track,4
236,1180,39.333,camera_6,removed,-1
237,1185,39.5,camera_1,removed,5
238,1190,39.667,camera_1,lost_track,8
238,1190,39.667,camera_4,reacquired,3
238,1190,39.667,camera_4,removed,-1
238,1190,39.667,camera_6,new_track,5
241,1205,40.167,camera_2,reacquired,7
241,1205,40.167,camera_4,lost_track,3
242,1210,40.333,camera_2,lost_track,16
242,1210,40.333,camera_5,removed,-1
243,1215,40.5,camera_2,reacquired,16
244,1220,40.667,camera_2,lost_track,7
245,1225,40.833,camera_2,reacquired,7
245,1225,40.833,camera_2,lost_track,16
245,1225,40.833,camera_2,removed,15
245,1225,40.833,camera_5,lost_track,7
246,1230,41.0,camera_5,new_track,9
247,1235,41.167,camera_5,removed,3
248,1240,41.333,camera_5,lost_track,9
249,1245,41.5,camera_1,removed,6
249,1245,41.5,camera_5,reacquired,7
249,1245,41.5,camera_6,lost_track,5
249,1245,41.5,camera_6,removed,-1
250,1250,41.667,camera_2,lost_track,7
250,1250,41.667,camera_6,reacquired,5
251,1255,41.833,camera_5,removed,6
251,1255,41.833,camera_6,new_track,6
251,1255,41.833,camera_6,lost_track,5
253,1265,42.167,camera_2,reacquired,7
254,1270,42.333,camera_5,lost_track,7
254,1270,42.333,camera_5,removed,4
257,1285,42.833,camera_1,removed,7
258,1290,43.0,camera_6,removed,-1
260,1300,43.333,camera_2,removed,14
260,1300,43.333,camera_6,new_track,7
261,1305,43.5,camera_3,removed,12
262,1310,43.667,camera_6,lost_track,6
263,1315,43.833,camera_5,removed,5
264,1320,44.0,camera_5,removed,8
265,1325,44.167,camera_2,removed,17
266,1330,44.333,camera_4,removed,4
267,1335,44.5,camera_6,reacquired,6
268,1340,44.667,camera_1,removed,8
268,1340,44.667,camera_6,lost_track,6
270,1350,45.0,camera_6,lost_track,7
271,1355,45.167,camera_3,removed,-1
271,1355,45.167,camera_4,removed,3
271,1355,45.167,camera_6,reacquired,7
272,1360,45.333,camera_6,lost_track,7
272,1360,45.333,camera_6,removed,-1
273,1365,45.5,camera_2,lost_track,7
273,1365,45.5,camera_6,new_track,8
274,1370,45.667,camera_2,reacquired,7
274,1370,45.667,camera_6,lost_track,8
275,1375,45.833,camera_2,removed,16
276,1380,46.0,camera_6,removed,-1
277,1385,46.167,camera_6,reacquired,7
278,1390,46.333,camera_5,removed,9
281,1405,46.833,camera_3,removed,-1
281,1405,46.833,camera_6,new_track,9
281,1405,46.833,camera_6,lost_track,7
281,1405,46.833,camera_6,removed,5
282,1410,47.0,camera_3,new_track,13
282,1410,47.0,camera_6,reacquired,7
284,1420,47.333,camera_5,removed,7
284,1420,47.333,camera_6,lost_track,9
285,1425,47.5,camera_6,lost_track,7
287,1435,47.833,camera_5,removed,-1
287,1435,47.833,camera_6,removed,-1
288,1440,48.0,camera_5,new_track,10
289,1445,48.167,camera_1,new_track,9
290,1450,48.333,camera_2,new_track,18
290,1450,48.333,camera_3,lost_track,13
291,1455,48.5,camera_5,lost_track,10
291,1455,48.5,camera_5,removed,-1
292,1460,48.667,camera_1,lost_track,9
292,1460,48.667,camera_5,new_track,11
292,1460,48.667,camera_5,reacquired,10
294,1470,49.0,camera_3,removed,-1
297,1485,49.5,camera_2,removed,-1
298,1490,49.667,camera_6,removed,6
299,1495,49.833,camera_1,new_track,10
299,1495,49.833,camera_2,new_track,19
299,1495,49.833,camera_3,removed,-1
300,1500,50.0,camera_1,lost_track,10
301,1505,50.167,camera_1,reacquired,10
301,1505,50.167,camera_2,lost_track,19
302,1510,50.333,camera_5,new_track,12
303,1515,50.5,camera_1,lost_track,10
303,1515,50.5,camera_4,new_track,5
304,1520,50.667,camera_4,lost_track,5
304,1520,50.667,camera_6,removed,8
306,1530,51.0,camera_4,new_track,6
307,1535,51.167,camera_2,lost_track,18
307,1535,51.167,camera_4,reacquired,5
307,1535,51.167,camera_4,lost_track,2
307,1535,51.167,camera_4,lost_track,6
307,1535,51.167,camera_5,lost_track,10
307,1535,51.167,camera_5,lost_track,11
308,1540,51.333,camera_4,lost_track,5
309,1545,51.5,camera_5,lost_track,12
310,1550,51.667,camera_5,reacquired,12
310,1550,51.667,camera_5,removed,-1
311,1555,51.833,camera_2,lost_track,7
311,1555,51.833,camera_3,removed,-1
311,1555,51.833,camera_5,lost_track,12
312,1560,52.0,camera_5,reacquired,12
313,1565,52.167,camera_3,new_track,14
313,1565,52.167,camera_5,lost_track,12
313,1565,52.167,camera_5,removed,-1
314,1570,52.333,camera_2,reacquired,7
314,1570,52.333,camera_5,new_track,13
314,1570,52.333,camera_5,reacquired,12
314,1570,52.333,camera_6,removed,9
315,1575,52.5,camera_6,removed,7
316,1580,52.667,camera_5,new_track,14
316,1580,52.667,camera_5,lost_track,12
316,1580,52.667,camera_5,removed,-1
317,1585,52.833,camera_2,lost_track,7
317,1585,52.833,camera_3,lost_track,14
318,1590,53.0,camera_2,reacquired,19
320,1600,53.333,camera_2,reacquired,7
320,1600,53.333,camera_2,removed,-1
320,1600,53.333,camera_3,removed,13
321,1605,53.5,camera_2,lost_track,7
322,1610,53.667,camera_1,removed,9
323,1615,53.833,camera_3,removed,-1
323,1615,53.833,camera_5,lost_track,13
325,1625,54.167,camera_2,lost_track,19
325,1625,54.167,camera_3,removed,-1
326,1630,54.333,camera_1,new_track,11
326,1630,54.333,camera_2,reacquired,7
326,1630,54.333,camera_2,removed,-1
327,1635,54.5,camera_1,lost_track,11
327,1635,54.5,camera_2,lost_track,7
328,1640,54.667,camera_3,reacquired,14
329,1645,54.833,camera_2,reacquired,7
329,1645,54.833,camera_3,lost_track,14
329,1645,54.833,camera_5,reacquired,11
329,1645,54.833,camera_5,removed,-1
330,1650,55.0,camera_3,removed,-1
331,1655,55.167,camera_4,new_track,7
332,1660,55.333,camera_2,lost_track,7
333,1665,55.5,camera_1,removed,10
334,1670,55.667,camera_2,reacquired,7
336,1680,56.0,camera_5,lost_track,11
337,1685,56.167,camera_2,removed,18
337,1685,56.167,camera_4,removed,2
337,1685,56.167,camera_4,removed,6
337,1685,56.167,camera_5,removed,10
338,1690,56.333,camera_4,removed,5
338,1690,56.333,camera_5,reacquired,11
340,1700,56.667,camera_5,new_track,15
342,1710,57.0,camera_4,lost_track,7
344,1720,57.333,camera_5,lost_track,15
345,1725,57.5,camera_5,reacquired,15
346,1730,57.667,camera_5,lost_track,15
346,1730,57.667,camera_5,removed,12
347,1735,57.833,camera_2,removed,-1
349,1745,58.167,camera_2,lost_track,7
350,1750,58.333,camera_2,reacquired,7
350,1750,58.333,camera_2,removed,-1
351,1755,58.5,camera_2,lost_track,7
352,1760,58.667,camera_2,reacquired,7
353,1765,58.833,camera_5,removed,13
354,1770,59.0,camera_2,removed,-1
354,1770,59.0,camera_3,reacquired,14
354,1770,59.0,camera_5,lost_track,11
355,1775,59.167,camera_2,removed,19
355,1775,59.167,camera_3,lost_track,14
356,1780,59.333,camera_5,removed,-1
357,1785,59.5,camera_1,removed,11
358,1790,59.667,camera_3,removed,-1
361,1805,60.167,camera_1,new_track,12
361,1805,60.167,camera_3,new_track,15
362,1810,60.333,camera_2,new_track,20
362,1810,60.333,camera_3,lost_track,15
363,1815,60.5,camera_3,removed,-1
364,1820,60.667,camera_3,reacquired,14
365,1825,60.833,camera_2,lost_track,7
366,1830,61.0,camera_3,removed,-1
367,1835,61.167,camera_3,lost_track,14
368,1840,61.333,camera_1,lost_track,12
369,1845,61.5,camera_2,reacquired,7
372,1860,62.0,camera_2,lost_track,20
372,1860,62.0,camera_4,removed,7
373,1865,62.167,camera_2,new_track,21
373,1865,62.167,camera_3,reacquired,14
373,1865,62.167,camera_5,removed,-1
375,1875,62.5,camera_2,lost_track,21
375,1875,62.5,camera_5,removed,-1
376,1880,62.667,camera_3,lost_track,14
376,1880,62.667,camera_5,removed,15
376,1880,62.667,camera_6,removed,-1
378,1890,63.0,camera_6,new_track,10
379,1895,63.167,camera_3,reacquired,14
379,1895,63.167,camera_4,new_track,8
380,1900,63.333,camera_3,lost_track,14
381,1905,63.5,camera_2,lost_track,7
382,1910,63.667,camera_2,reacquired,7
382,1910,63.667,camera_5,removed,-1
383,1915,63.833,camera_4,lost_track,8
384,1920,64.0,camera_5,removed,11
385,1925,64.167,camera_2,lost_track,2
385,1925,64.167,camera_2,lost_track,7
385,1925,64.167,camera_2,removed,-1
385,1925,64.167,camera_5,new_track,16
386,1930,64.333,camera_5,lost_track,16
387,1935,64.5,camera_2,reacquired,2
388,1940,64.667,camera_2,lost_track,2
390,1950,65.0,camera_5,reacquired,16
391,1955,65.167,camera_2,reacquired,7
392,1960,65.333,camera_2,reacquired,2
392,1960,65.333,camera_3,removed,15
392,1960,65.333,camera_5,lost_track,14
393,1965,65.5,camera_6,new_track,11
394,1970,65.667,camera_2,lost_track,2
394,1970,65.667,camera_2,lost_track,7
394,1970,65.667,camera_5,reacquired,14
395,1975,65.833,camera_2,new_track,22
395,1975,65.833,camera_6,lost_track,10
396,1980,66.0,camera_5,lost_track,16
397,1985,66.167,camera_5,reacquired,16
397,1985,66.167,camera_6,removed,-1
398,1990,66.333,camera_1,removed,12
398,1990,66.333,camera_2,reacquired,7
398,1990,66.333,camera_5,lost_track,16
399,1995,66.5,camera_5,lost_track,14
400,2000,66.667,camera_5,reacquired,14
401,2005,66.833,camera_6,removed,-1
402,2010,67.0,camera_2,removed,20
403,2015,67.167,camera_4,new_track,9
403,2015,67.167,camera_5,lost_track,14
404,2020,67.333,camera_2,lost_track,7
404,2020,67.333,camera_5,new_track,17
404,2020,67.333,camera_6,new_track,12
405,2025,67.5,camera_2,reacquired,7
405,2025,67.5,camera_2,removed,21
405,2025,67.5,camera_6,lost_track,11
405,2025,67.5,camera_6,lost_track,12
406,2030,67.667,camera_5,lost_track,17
406,2030,67.667,camera_6,reacquired,11
406,2030,67.667,camera_6,reacquired,12
407,2035,67.833,camera_6,removed,-1
408,2040,68.0,camera_6,lost_track,12
409,2045,68.167,camera_5,new_track,18
410,2050,68.333,camera_3,removed,14
411,2055,68.5,camera_5,lost_track,18
412,2060,68.667,camera_2,lost_track,7
413,2065,68.833,camera_2,reacquired,7
413,2065,68.833,camera_4,removed,8
413,2065,68.833,camera_5,reacquired,18
413,2065,68.833,camera_6,reacquired,12
414,2070,69.0,camera_2,lost_track,7
414,2070,69.0,camera_5,reacquired,16
414,2070,69.0,camera_6,lost_track,11
415,2075,69.167,camera_2,reacquired,7
415,2075,69.167,camera_5,lost_track,16
415,2075,69.167,camera_6,removed,-1
416,2080,69.333,camera_4,lost_track,9
416,2080,69.333,camera_6,reacquired,11
417,2085,69.5,camera_5,lost_track,18
417,2085,69.5,camera_6,lost_track,11
418,2090,69.667,camera_5,reacquired,16
418,2090,69.667,camera_6,reacquired,11
419,2095,69.833,camera_5,lost_track,16
419,2095,69.833,camera_6,removed,-1
420,2100,70.0,camera_5,reacquired,16
420,2100,70.0,camera_6,lost_track,12
421,2105,70.167,camera_6,new_track,13
422,2110,70.333,camera_5,lost_track,16
424,2120,70.667,camera_2,lost_track,7
424,2120,70.667,camera_2,removed,2
424,2120,70.667,camera_6,lost_track,11
425,2125,70.833,camera_2,reacquired,7
425,2125,70.833,camera_5,reacquired,18
425,2125,70.833,camera_6,lost_track,13
425,2125,70.833,camera_6,removed,10
426,2130,71.0,camera_6,reacquired,13
428,2140,71.333,camera_5,lost_track,18
429,2145,71.5,camera_2,lost_track,22
429,2145,71.5,camera_7,new_track,1
430,2150,71.667,camera_2,new_track,23
430,2150,71.667,camera_6,lost_track,13
430,2150,71.667,camera_7,lost_track,1
431,2155,71.833,camera_6,reacquired,13
431,2155,71.833,camera_7,reacquired,1
432,2160,72.0,camera_7,lost_track,1
433,2165,72.167,camera_5,removed,14
434,2170,72.333,camera_7,reacquired,1
435,2175,72.5,camera_6,lost_track,13
435,2175,72.5,camera_7,lost_track,1
436,2180,72.667,camera_5,removed,17
437,2185,72.833,camera_7,reacquired,1
439,2195,73.167,camera_7,lost_track,1
440,2200,73.333,camera_7,reacquired,1
440,2200,73.333,camera_7,removed,-1
443,2215,73.833,camera_2,lost_track,23
445,2225,74.167,camera_2,new_track,24
445,2225,74.167,camera_4,new_track,10
445,2225,74.167,camera_7,lost_track,1
446,2230,74.333,camera_4,removed,9
446,2230,74.333,camera_7,reacquired,1
447,2235,74.5,camera_2,reacquired,23
447,2235,74.5,camera_2,lost_track,24
447,2235,74.5,camera_5,new_track,19
447,2235,74.5,camera_7,lost_track,1
448,2240,74.667,camera_2,reacquired,24
448,2240,74.667,camera_2,lost_track,7
448,2240,74.667,camera_5,lost_track,19
448,2240,74.667,camera_7,removed,-1
449,2245,74.833,camera_2,lost_track,24
450,2250,75.0,camera_2,reacquired,7
450,2250,75.0,camera_2,reacquired,24
450,2250,75.0,camera_2,lost_track,23
450,2250,75.0,camera_6,removed,12
451,2255,75.167,camera_2,reacquired,23
451,2255,75.167,camera_2,lost_track,24
451,2255,75.167,camera_5,reacquired,19
452,2260,75.333,camera_5,lost_track,19
452,2260,75.333,camera_5,removed,16
454,2270,75.667,camera_2,lost_track,7
454,2270,75.667,camera_6,removed,11
455,2275,75.833,camera_5,new_track,20
455,2275,75.833,camera_5,removed,-1
457,2285,76.167,camera_5,new_track,21
458,2290,76.333,camera_5,new_track,22
458,2290,76.333,camera_5,removed,18
459,2295,76.5,camera_2,reacquired,7
459,2295,76.5,camera_2,removed,22
461,2305,76.833,camera_2,removed,-1
462,2310,77.0,camera_2,lost_track,7
462,2310,77.0,camera_5,lost_track,20
464,2320,77.333,camera_4,new_track,11
464,2320,77.333,camera_4,lost_track,10
465,2325,77.5,camera_4,removed,-1
465,2325,77.5,camera_5,lost_track,22
465,2325,77.5,camera_6,removed,13
466,2330,77.667,camera_5,reacquired,22
467,2335,77.833,camera_2,reacquired,7
468,2340,78.0,camera_4,new_track,12
469,2345,78.167,camera_2,lost_track,23
469,2345,78.167,camera_5,lost_track,22
470,2350,78.333,camera_2,reacquired,23
471,2355,78.5,camera_2,lost_track,23
471,2355,78.5,camera_5,lost_track,21
474,2370,79.0,camera_5,reacquired,20
475,2375,79.167,camera_2,reacquired,23
475,2375,79.167,camera_2,removed,-1
475,2375,79.167,camera_4,new_track,13
475,2375,79.167,camera_5,lost_track,20
477,2385,79.5,camera_2,lost_track,7
477,2385,79.5,camera_2,lost_track,23
477,2385,79.5,camera_7,removed,1
478,2390,79.667,camera_2,new_track,25
478,2390,79.667,camera_2,reacquired,23
479,2395,79.833,camera_2,lost_track,23
479,2395,79.833,camera_4,lost_track,11
480,2400,80.0,camera_2,reacquired,7
480,2400,80.0,camera_5,reacquired,20
481,2405,80.167,camera_2,removed,24
481,2405,80.167,camera_4,lost_track,12
482,2410,80.333,camera_4,removed,-1
482,2410,80.333,camera_5,removed,19
483,2415,80.5,camera_1,removed,-1
483,2415,80.5,camera_2,reacquired,23
484,2420,80.667,camera_4,removed,-1
485,2425,80.833,camera_1,new_track,13
485,2425,80.833,camera_3,removed,-1
486,2430,81.0,camera_2,lost_track,7
486,2430,81.0,camera_5,reacquired,22
487,2435,81.167,camera_2,reacquired,7
487,2435,81.167,camera_5,lost_track,22
488,2440,81.333,camera_3,new_track,16
488,2440,81.333,camera_4,lost_track,13
489,2445,81.5,camera_4,removed,-1
489,2445,81.5,camera_5,reacquired,22
490,2450,81.667,camera_3,lost_track,16
490,2450,81.667,camera_4,new_track,14
490,2450,81.667,camera_5,lost_track,22
491,2455,81.833,camera_2,lost_track,25
492,2460,82.0,camera_2,reacquired,25
493,2465,82.167,camera_2,lost_track,25
494,2470,82.333,camera_1,lost_track,13
494,2470,82.333,camera_2,reacquired,25
494,2470,82.333,camera_3,removed,-1
494,2470,82.333,camera_4,removed,10
495,2475,82.5,camera_2,lost_track,25
495,2475,82.5,camera_5,lost_track,20
496,2480,82.667,camera_3,removed,-1
496,2480,82.667,camera_4,lost_track,14
496,2480,82.667,camera_5,reacquired,20
497,2485,82.833,camera_4,reacquired,14
498,2490,83.0,camera_1,reacquired,13
498,2490,83.0,camera_4,lost_track,14
500,2500,83.333,camera_2,lost_track,7
500,2500,83.333,camera_3,removed,-1
501,2505,83.5,camera_2,reacquired,7
501,2505,83.5,camera_5,removed,21
502,2510,83.667,camera_1,lost_track,13
503,2515,83.833,camera_1,reacquired,13
503,2515,83.833,camera_3,removed,-1
503,2515,83.833,camera_5,reacquired,22
505,2525,84.167,camera_3,removed,-1
506,2530,84.333,camera_4,removed,-1
507,2535,84.5,camera_2,lost_track,7
507,2535,84.5,camera_4,new_track,15
507,2535,84.5,camera_5,lost_track,22
508,2540,84.667,camera_2,lost_track,23
509,2545,84.833,camera_2,reacquired,23
509,2545,84.833,camera_4,removed,11
510,2550,85.0,camera_3,removed,-1
511,2555,85.167,camera_4,removed,12
512,2560,85.333,camera_2,reacquired,7
512,2560,85.333,camera_3,removed,-1
512,2560,85.333,camera_5,removed,-1
513,2565,85.5,camera_3,new_track,17
515,2575,85.833,camera_1,lost_track,13
515,2575,85.833,camera_3,lost_track,17
515,2575,85.833,camera_5,lost_track,20
516,2580,86.0,camera_5,reacquired,22
517,2585,86.167,camera_5,new_track,23
517,2585,86.167,camera_5,reacquired,20
517,2585,86.167,camera_5,lost_track,22
518,2590,86.333,camera_4,removed,13
518,2590,86.333,camera_5,new_track,24
520,2600,86.667,camera_3,removed,16
521,2605,86.833,camera_5,lost_track,24
523,2615,87.167,camera_5,lost_track,20
523,2615,87.167,camera_5,lost_track,23
524,2620,87.333,camera_5,reacquired,20
524,2620,87.333,camera_5,reacquired,23
525,2625,87.5,camera_2,removed,25
525,2625,87.5,camera_5,lost_track,20
526,2630,87.667,camera_5,reacquired,20
527,2635,87.833,camera_4,new_track,16
527,2635,87.833,camera_4,lost_track,15
528,2640,88.0,camera_2,new_track,26
528,2640,88.0,camera_4,removed,14
530,2650,88.333,camera_1,removed,-1
530,2650,88.333,camera_4,lost_track,16
530,2650,88.333,camera_5,lost_track,23
531,2655,88.5,camera_2,new_track,27
532,2660,88.667,camera_1,new_track,14
533,2665,88.833,camera_1,lost_track,14
536,2680,89.333,camera_1,removed,-1
537,2685,89.5,camera_1,new_track,15
537,2685,89.5,camera_2,lost_track,27
537,2685,89.5,camera_5,removed,-1
541,2705,90.167,camera_5,reacquired,22
542,2710,90.333,camera_5,lost_track,22
543,2715,90.5,camera_3,removed,-1
544,2720,90.667,camera_3,new_track,18
545,2725,90.833,camera_1,removed,13
545,2725,90.833,camera_3,removed,17
546,2730,91.0,camera_3,lost_track,18
547,2735,91.167,camera_1,lost_track,15
547,2735,91.167,camera_2,lost_track,7
548,2740,91.333,camera_3,reacquired,18
549,2745,91.5,camera_1,reacquired,15
549,2745,91.5,camera_3,lost_track,18
550,2750,91.667,camera_2,reacquired,7
550,2750,91.667,camera_3,reacquired,18
550,2750,91.667,camera_5,removed,-1
551,2755,91.833,camera_2,lost_track,7
551,2755,91.833,camera_3,lost_track,18
551,2755,91.833,camera_5,removed,24
551,2755,91.833,camera_7,new_track,2
552,2760,92.0,camera_2,reacquired,7
552,2760,92.0,camera_5,removed,-1
554,2770,92.333,camera_1,lost_track,15
555,2775,92.5,camera_1,reacquired,15
555,2775,92.5,camera_2,lost_track,7
555,2775,92.5,camera_3,removed,-1
555,2775,92.5,camera_4,removed,-1
556,2780,92.667,camera_2,reacquired,7
556,2780,92.667,camera_4,new_track,17
557,2785,92.833,camera_4,removed,15
558,2790,93.0,camera_1,lost_track,15
559,2795,93.167,camera_2,lost_track,26
560,2800,93.333,camera_2,reacquired,26
560,2800,93.333,camera_2,lost_track,7
560,2800,93.333,camera_3,removed,-1
560,2800,93.333,camera_4,new_track,18
560,2800,93.333,camera_4,removed,16
560,2800,93.333,camera_5,removed,23
561,2805,93.5,camera_1,new_track,16
561,2805,93.5,camera_2,new_track,28
561,2805,93.5,camera_2,reacquired,7
562,2810,93.667,camera_1,lost_track,16
562,2810,93.667,camera_3,new_track,19
563,2815,93.833,camera_1,removed,14
564,2820,94.0,camera_5,removed,-1
565,2825,94.167,camera_3,new_track,20
565,2825,94.167,camera_4,new_track,19
565,2825,94.167,camera_5,new_track,25
566,2830,94.333,camera_5,lost_track,25
566,2830,94.333,camera_5,removed,-1
567,2835,94.5,camera_2,removed,27
567,2835,94.5,camera_3,lost_track,20
567,2835,94.5,camera_5,reacquired,25
568,2840,94.667,camera_1,reacquired,16
569,2845,94.833,camera_1,lost_track,16
569,2845,94.833,camera_2,lost_track,26
569,2845,94.833,camera_3,lost_track,19
569,2845,94.833,camera_5,lost_track,25
570,2850,95.0,camera_1,reacquired,16
570,2850,95.0,camera_2,reacquired,26
570,2850,95.0,camera_3,reacquired,19
570,2850,95.0,camera_5,reacquired,25
570,2850,95.0,camera_7,lost_track,2
571,2855,95.167,camera_2,lost_track,26
571,2855,95.167,camera_5,lost_track,25
572,2860,95.333,camera_2,lost_track,1
572,2860,95.333,camera_3,lost_track,19
572,2860,95.333,camera_5,reacquired,25
572,2860,95.333,camera_5,removed,22
572,2860,95.333,camera_6,removed,-1
573,2865,95.5,camera_2,reacquired,1
573,2865,95.5,camera_3,reacquired,19
573,2865,95.5,camera_5,lost_track,25
573,2865,95.5,camera_5,removed,-1
573,2865,95.5,camera_6,new_track,14
574,2870,95.667,camera_5,new_track,26
575,2875,95.833,camera_2,removed,-1
575,2875,95.833,camera_4,lost_track,19
575,2875,95.833,camera_5,lost_track,20
575,2875,95.833,camera_6,new_track,15
576,2880,96.0,camera_6,lost_track,15
577,2885,96.167,camera_4,lost_track,18
578,2890,96.333,camera_2,lost_track,28
578,2890,96.333,camera_4,reacquired,19
578,2890,96.333,camera_4,removed,-1
578,2890,96.333,camera_6,lost_track,14
579,2895,96.5,camera_3,reacquired,20
579,2895,96.5,camera_5,lost_track,26
579,2895,96.5,camera_5,removed,-1
579,2895,96.5,camera_6,reacquired,14
580,2900,96.667,camera_3,lost_track,20
580,2900,96.667,camera_4,lost_track,19
581,2905,96.833,camera_3,reacquired,20
581,2905,96.833,camera_3,removed,18
581,2905,96.833,camera_4,reacquired,19
581,2905,96.833,camera_5,removed,-1
582,2910,97.0,camera_2,removed,-1
582,2910,97.0,camera_3,lost_track,20
583,2915,97.167,camera_3,reacquired,20
583,2915,97.167,camera_5,reacquired,25
584,2920,97.333,camera_5,new_track,27
584,2920,97.333,camera_6,lost_track,14
586,2930,97.667,camera_5,lost_track,25
586,2930,97.667,camera_5,lost_track,27
588,2940,98.0,camera_1,removed,15
591,2955,98.5,camera_3,lost_track,19
591,2955,98.5,camera_5,removed,-1
592,2960,98.667,camera_6,new_track,16
593,2965,98.833,camera_3,removed,-1
593,2965,98.833,camera_5,new_track,28
594,2970,99.0,camera_4,lost_track,19
594,2970,99.0,camera_6,new_track,17
595,2975,99.167,camera_4,reacquired,19
597,2985,99.5,camera_1,lost_track,16
597,2985,99.5,camera_5,new_track,29
598,2990,99.667,camera_1,reacquired,16
598,2990,99.667,camera_3,lost_track,20
598,2990,99.667,camera_5,lost_track,29
599,2995,99.833,camera_1,lost_track,16
599,2995,99.833,camera_3,reacquired,20
600,3000,100.0,camera_5,reacquired,29
600,3000,100.0,camera_7,removed,2
601,3005,100.167,camera_2,removed,26
601,3005,100.167,camera_4,lost_track,19
601,3005,100.167,camera_5,lost_track,29
601,3005,100.167,camera_6,reacquired,15
603,3015,100.5,camera_6,lost_track,15
604,3020,100.667,camera_6,reacquired,15
605,3025,100.833,camera_5,removed,20
606,3030,101.0,camera_6,lost_track,17
606,3030,101.0,camera_6,lost_track,15
607,3035,101.167,camera_4,removed,18
607,3035,101.167,camera_6,lost_track,16
608,3040,101.333,camera_2,removed,28
608,3040,101.333,camera_4,lost_track,17
608,3040,101.333,camera_6,new_track,18
609,3045,101.5,camera_5,removed,26
609,3045,101.5,camera_6,lost_track,18
610,3050,101.667,camera_2,lost_track,1
610,3050,101.667,camera_5,lost_track,28
610,3050,101.667,camera_6,removed,-1
610,3050,101.667,camera_7,new_track,3
611,3055,101.833,camera_2,reacquired,1
611,3055,101.833,camera_2,removed,-1
611,3055,101.833,camera_5,reacquired,28
612,3060,102.0,camera_1,new_track,17
612,3060,102.0,camera_2,lost_track,1
612,3060,102.0,camera_5,lost_track,28
613,3065,102.167,camera_2,reacquired,1
613,3065,102.167,camera_6,new_track,19
614,3070,102.333,camera_3,lost_track,20
614,3070,102.333,camera_5,reacquired,27
614,3070,102.333,camera_5,removed,-1
614,3070,102.333,camera_6,removed,14
615,3075,102.5,camera_3,reacquired,20
616,3080,102.667,camera_5,removed,25
621,3105,103.5,camera_2,lost_track,1
621,3105,103.5,camera_3,removed,19
622,3110,103.667,camera_2,reacquired,1
623,3115,103.833,camera_6,removed,-1
624,3120,104.0,camera_6,reacquired,15
625,3125,104.167,camera_5,lost_track,27
626,3130,104.333,camera_5,new_track,30
626,3130,104.333,camera_6,reacquired,18
626,3130,104.333,camera_6,lost_track,19
626,3130,104.333,camera_6,lost_track,15
627,3135,104.5,camera_5,lost_track,30
628,3140,104.667,camera_2,lost_track,7
628,3140,104.667,camera_5,new_track,31
628,3140,104.667,camera_6,reacquired,17
628,3140,104.667,camera_6,lost_track,18
628,3140,104.667,camera_6,removed,-1
629,3145,104.833,camera_1,removed,16
629,3145,104.833,camera_2,reacquired,7
629,3145,104.833,camera_5,lost_track,31
629,3145,104.833,camera_7,removed,-1
631,3155,105.167,camera_2,lost_track,7
631,3155,105.167,camera_4,removed,19
631,3155,105.167,camera_5,reacquired,27
631,3155,105.167,camera_5,removed,29
631,3155,105.167,camera_5,removed,-1
632,3160,105.333,camera_3,lost_track,20
633,3165,105.5,camera_2,new_track,29
633,3165,105.5,camera_2,reacquired,7
634,3170,105.667,camera_1,removed,-1
635,3175,105.833,camera_3,reacquired,20
635,3175,105.833,camera_5,reacquired,30
635,3175,105.833,camera_5,lost_track,27
635,3175,105.833,camera_6,reacquired,15
635,3175,105.833,camera_7,removed,-1
636,3180,106.0,camera_3,lost_track,20
636,3180,106.0,camera_3,removed,-1
637,3185,106.167,camera_6,removed,16
637,3185,106.167,camera_7,removed,-1
638,3190,106.333,camera_4,removed,17
638,3190,106.333,camera_6,lost_track,15
639,3195,106.5,camera_2,removed,-1
639,3195,106.5,camera_6,reacquired,18
639,3195,106.5,camera_6,lost_track,17
640,3200,106.667,camera_1,removed,-1
640,3200,106.667,camera_5,lost_track,30
640,3200,106.667,camera_6,lost_track,18
640,3200,106.667,camera_7,removed,-1
641,3205,106.833,camera_2,lost_track,1
641,3205,106.833,camera_7,new_track,4
642,3210,107.0,camera_1,new_track,18
642,3210,107.0,camera_2,reacquired,1
642,3210,107.0,camera_5,removed,28
643,3215,107.167,camera_7,lost_track,4
643,3215,107.167,camera_7,removed,-1
645,3225,107.5,camera_2,new_track,30
645,3225,107.5,camera_2,lost_track,29
646,3230,107.667,camera_1,new_track,19
647,3235,107.833,camera_1,lost_track,18
647,3235,107.833,camera_3,reacquired,20
647,3235,107.833,camera_7,removed,-1
648,3240,108.0,camera_2,lost_track,1
648,3240,108.0,camera_3,lost_track,20
649,3245,108.167,camera_2,reacquired,1
649,3245,108.167,camera_2,reacquired,29
649,3245,108.167,camera_3,new_track,21
649,3245,108.167,camera_3,reacquired,20
649,3245,108.167,camera_3,removed,-1
650,3250,108.333,camera_1,lost_track,19
650,3250,108.333,camera_3,new_track,22
653,3265,108.833,camera_2,lost_track,30
653,3265,108.833,camera_3,removed,-1
654,3270,109.0,camera_1,reacquired,18
655,3275,109.167,camera_3,lost_track,20
656,3280,109.333,camera_3,reacquired,20
656,3280,109.333,camera_3,lost_track,21
656,3280,109.333,camera_6,removed,19
657,3285,109.5,camera_1,lost_track,18
657,3285,109.5,camera_4,removed,-1
658,3290,109.667,camera_1,lost_track,17
658,3290,109.667,camera_3,lost_track,20
658,3290,109.667,camera_7,new_track,5
659,3295,109.833,camera_1,reacquired,17
659,3295,109.833,camera_2,lost_track,1
659,3295,109.833,camera_3,lost_track,22
659,3295,109.833,camera_5,removed,31
660,3300,110.0,camera_2,reacquired,1
660,3300,110.0,camera_3,reacquired,20
661,3305,110.167,camera_1,reacquired,18
662,3310,110.333,camera_1,lost_track,18
663,3315,110.5,camera_1,reacquired,18
663,3315,110.5,camera_2,lost_track,1
663,3315,110.5,camera_3,lost_track,20
664,3320,110.667,camera_1,lost_track,18
665,3325,110.833,camera_3,reacquired,20
665,3325,110.833,camera_5,removed,27
666,3330,111.0,camera_2,reacquired,1
666,3330,111.0,camera_3,removed,-1
666,3330,111.0,camera_4,new_track,20
667,3335,111.167,camera_1,reacquired,18
667,3335,111.167,camera_7,removed,-1
668,3340,111.333,camera_1,lost_track,18
668,3340,111.333,camera_3,removed,-1
668,3340,111.333,camera_6,removed,15
669,3345,111.5,camera_3,lost_track,20
669,3345,111.5,camera_6,removed,17
669,3345,111.5,camera_7,new_track,6
670,3350,111.667,camera_1,reacquired,18
670,3350,111.667,camera_3,reacquired,20
670,3350,111.667,camera_5,removed,30
670,3350,111.667,camera_6,removed,18
671,3355,111.833,camera_1,lost_track,17
671,3355,111.833,camera_2,lost_track,1
671,3355,111.833,camera_7,lost_track,6
672,3360,112.0,camera_1,reacquired,17
672,3360,112.0,camera_1,lost_track,18
673,3365,112.167,camera_1,lost_track,17
673,3365,112.167,camera_7,removed,4
674,3370,112.333,camera_1,reacquired,17
674,3370,112.333,camera_2,reacquired,1
676,3380,112.667,camera_2,lost_track,29
676,3380,112.667,camera_3,lost_track,20
676,3380,112.667,camera_7,removed,-1
678,3390,113.0,camera_5,new_track,32
679,3395,113.167,camera_7,removed,-1
680,3400,113.333,camera_1,removed,19
680,3400,113.333,camera_2,lost_track,1
680,3400,113.333,camera_4,lost_track,20
681,3405,113.5,camera_2,reacquired,1
681,3405,113.5,camera_3,reacquired,20
681,3405,113.5,camera_4,reacquired,20
682,3410,113.667,camera_5,lost_track,32
683,3415,113.833,camera_2,lost_track,1
683,3415,113.833,camera_2,removed,30
683,3415,113.833,camera_3,lost_track,20
684,3420,114.0,camera_2,reacquired,1
684,3420,114.0,camera_3,reacquired,20
685,3425,114.167,camera_5,reacquired,32
686,3430,114.333,camera_3,removed,21
686,3430,114.333,camera_4,lost_track,20
686,3430,114.333,camera_5,lost_track,32
686,3430,114.333,camera_5,removed,-1
687,3435,114.5,camera_2,lost_track,1
687,3435,114.5,camera_6,new_track,20
687,3435,114.5,camera_6,new_track,21
688,3440,114.667,camera_2,reacquired,1
688,3440,114.667,camera_3,lost_track,20
688,3440,114.667,camera_6,lost_track,20
689,3445,114.833,camera_3,removed,22
690,3450,115.0,camera_3,reacquired,20
692,3460,115.333,camera_3,lost_track,20
693,3465,115.5,camera_3,reacquired,20
694,3470,115.667,camera_3,lost_track,20
695,3475,115.833,camera_3,reacquired,20
696,3480,116.0,camera_3,lost_track,20
697,3485,116.167,camera_2,removed,-1
697,3485,116.167,camera_4,removed,-1
699,3495,116.5,camera_6,lost_track,21
700,3500,116.667,camera_3,new_track,23
700,3500,116.667,camera_6,removed,-1
701,3505,116.833,camera_2,new_track,31
701,3505,116.833,camera_7,removed,6
702,3510,117.0,camera_1,removed,18
702,3510,117.0,camera_2,lost_track,31
702,3510,117.0,camera_6,new_track,22
703,3515,117.167,camera_2,reacquired,31
703,3515,117.167,camera_2,removed,-1
703,3515,117.167,camera_7,lost_track,5
704,3520,117.333,camera_1,lost_track,17
705,3525,117.5,camera_1,new_track,20
705,3525,117.5,camera_3,lost_track,23
706,3530,117.667,camera_1,reacquired,17
706,3530,117.667,camera_2,lost_track,7
706,3530,117.667,camera_2,removed,29
706,3530,117.667,camera_7,reacquired,5
707,3535,117.833,camera_1,lost_track,17
707,3535,117.833,camera_2,reacquired,7
707,3535,117.833,camera_3,removed,-1
707,3535,117.833,camera_6,reacquired,20
708,3540,118.0,camera_1,reacquired,17
708,3540,118.0,camera_2,lost_track,7
709,3545,118.167,camera_2,reacquired,7
709,3545,118.167,camera_2,lost_track,31
710,3550,118.333,camera_1,lost_track,20
710,3550,118.333,camera_3,removed,-1
710,3550,118.333,camera_7,lost_track,5
710,3550,118.333,camera_7,removed,-1
712,3560,118.667,camera_2,lost_track,7
712,3560,118.667,camera_3,new_track,24
713,3565,118.833,camera_1,lost_track,17
713,3565,118.833,camera_3,reacquired,20
713,3565,118.833,camera_5,removed,-1
713,3565,118.833,camera_6,lost_track,20
714,3570,119.0,camera_1,reacquired,17
714,3570,119.0,camera_2,lost_track,1
714,3570,119.0,camera_3,lost_track,24
714,3570,119.0,camera_5,new_track,33
714,3570,119.0,camera_6,lost_track,22
715,3575,119.167,camera_3,reacquired,24
715,3575,119.167,camera_3,lost_track,20
716,3580,119.333,camera_1,lost_track,17
716,3580,119.333,camera_2,reacquired,1
716,3580,119.333,camera_3,lost_track,24
716,3580,119.333,camera_4,removed,20
716,3580,119.333,camera_5,removed,32
717,3585,119.5,camera_1,reacquired,17
717,3585,119.5,camera_2,lost_track,1
717,3585,119.5,camera_3,reacquired,20
717,3585,119.5,camera_7,removed,-1
718,3590,119.667,camera_2,reacquired,1
718,3590,119.667,camera_7,new_track,7
720,3600,120.0,camera_2,reacquired,7
720,3600,120.0,camera_3,lost_track,20
720,3600,120.0,camera_7,removed,-1
721,3605,120.167,camera_2,lost_track,7
722,3610,120.333,camera_2,reacquired,7
723,3615,120.5,camera_2,lost_track,7
723,3615,120.5,camera_3,reacquired,20
724,3620,120.667,camera_3,lost_track,20
724,3620,120.667,camera_5,lost_track,33
725,3625,120.833,camera_3,reacquired,20
726,3630,121.0,camera_2,reacquired,7
727,3635,121.167,camera_2,removed,-1
727,3635,121.167,camera_7,lost_track,7
728,3640,121.333,camera_1,new_track,21
728,3640,121.333,camera_7,reacquired,7
729,3645,121.5,camera_2,new_track,32
729,3645,121.5,camera_6,removed,21
729,3645,121.5,camera_7,lost_track,7
732,3660,122.0,camera_2,lost_track,7
732,3660,122.0,camera_3,new_track,25
732,3660,122.0,camera_3,lost_track,20
733,3665,122.167,camera_2,reacquired,7
733,3665,122.167,camera_3,lost_track,25
735,3675,122.5,camera_3,reacquired,20
735,3675,122.5,camera_3,removed,-1
735,3675,122.5,camera_3,removed,23
736,3680,122.667,camera_1,lost_track,17
736,3680,122.667,camera_3,new_track,26
737,3685,122.833,camera_3,lost_track,26
738,3690,123.0,camera_7,removed,-1
739,3695,123.167,camera_2,removed,31
739,3695,123.167,camera_3,lost_track,20
740,3700,123.333,camera_1,removed,20
740,3700,123.333,camera_2,lost_track,32
740,3700,123.333,camera_3,removed,-1
740,3700,123.333,camera_7,removed,5
741,3705,123.5,camera_1,reacquired,17
742,3710,123.667,camera_7,removed,-1
743,3715,123.833,camera_6,removed,20
744,3720,124.0,camera_3,removed,-1
744,3720,124.0,camera_6,removed,22
746,3730,124.333,camera_3,removed,24
748,3740,124.667,camera_1,lost_track,21
748,3740,124.667,camera_3,new_track,27
748,3740,124.667,camera_3,removed,-1
749,3745,124.833,camera_1,reacquired,21
750,3750,125.0,camera_2,new_track,33
750,3750,125.0,camera_3,reacquired,26
752,3760,125.333,camera_1,lost_track,21
753,3765,125.5,camera_7,reacquired,7
753,3765,125.5,camera_7,removed,-1
754,3770,125.667,camera_1,reacquired,21
754,3770,125.667,camera_3,lost_track,26
754,3770,125.667,camera_5,removed,33
756,3780,126.0,camera_3,reacquired,20
757,3785,126.167,camera_2,lost_track,7
757,3785,126.167,camera_3,lost_track,20
757,3785,126.167,camera_7,lost_track,7
758,3790,126.333,camera_2,reacquired,7
758,3790,126.333,camera_3,lost_track,27
758,3790,126.333,camera_7,reacquired,7
759,3795,126.5,camera_1,lost_track,21
759,3795,126.5,camera_2,lost_track,7
759,3795,126.5,camera_3,reacquired,27
760,3800,126.667,camera_1,new_track,22
760,3800,126.667,camera_3,lost_track,27
760,3800,126.667,camera_7,lost_track,7
761,3805,126.833,camera_1,lost_track,22
761,3805,126.833,camera_2,reacquired,7
761,3805,126.833,camera_7,reacquired,7
762,3810,127.0,camera_3,reacquired,20
762,3810,127.0,camera_3,removed,-1
762,3810,127.0,camera_7,lost_track,7
763,3815,127.167,camera_1,reacquired,21
763,3815,127.167,camera_1,lost_track,17
763,3815,127.167,camera_3,removed,25
764,3820,127.333,camera_1,reacquired,22
764,3820,127.333,camera_2,lost_track,33
764,3820,127.333,camera_5,removed,-1
765,3825,127.5,camera_1,lost_track,21
765,3825,127.5,camera_5,new_track,34
766,3830,127.667,camera_1,reacquired,21
766,3830,127.667,camera_3,lost_track,20
767,3835,127.833,camera_2,lost_track,7
767,3835,127.833,camera_2,removed,-1
767,3835,127.833,camera_3,removed,-1
767,3835,127.833,camera_7,reacquired,7
769,3845,128.167,camera_2,removed,-1
769,3845,128.167,camera_3,removed,-1
769,3845,128.167,camera_7,lost_track,7
770,3850,128.333,camera_2,new_track,34
770,3850,128.333,camera_2,reacquired,7
770,3850,128.333,camera_2,removed,32
770,3850,128.333,camera_7,reacquired,7
771,3855,128.5,camera_2,lost_track,7
772,3860,128.667,camera_2,new_track,35
772,3860,128.667,camera_2,reacquired,7
772,3860,128.667,camera_3,removed,-1
772,3860,128.667,camera_7,lost_track,7
773,3865,128.833,camera_2,lost_track,7
773,3865,128.833,camera_3,reacquired,20
775,3875,129.167,camera_2,lost_track,35
776,3880,129.333,camera_3,removed,-1
777,3885,129.5,camera_1,lost_track,22
778,3890,129.667,camera_1,reacquired,22
779,3895,129.833,camera_2,reacquired,35
779,3895,129.833,camera_2,removed,-1
781,3905,130.167,camera_2,lost_track,35
781,3905,130.167,camera_3,removed,-1
781,3905,130.167,camera_7,new_track,8
782,3910,130.333,camera_6,new_track,23
783,3915,130.5,camera_2,reacquired,35
783,3915,130.5,camera_6,lost_track,23
783,3915,130.5,camera_7,reacquired,7
783,3915,130.5,camera_7,lost_track,8
784,3920,130.667,camera_2,lost_track,34
784,3920,130.667,camera_3,removed,26
784,3920,130.667,camera_6,new_track,24
784,3920,130.667,camera_7,lost_track,7
785,3925,130.833,camera_1,lost_track,22
785,3925,130.833,camera_2,reacquired,34
785,3925,130.833,camera_2,lost_track,35
785,3925,130.833,camera_6,reacquired,23
785,3925,130.833,camera_6,removed,-1
787,3935,131.167,camera_1,reacquired,17
787,3935,131.167,camera_1,lost_track,21
787,3935,131.167,camera_2,lost_track,34
789,3945,131.5,camera_6,new_track,25
789,3945,131.5,camera_6,lost_track,24
789,3945,131.5,camera_7,reacquired,8
789,3945,131.5,camera_7,lost_track,3
790,3950,131.667,camera_3,removed,27
790,3950,131.667,camera_6,reacquired,24
790,3950,131.667,camera_6,lost_track,25
790,3950,131.667,camera_6,lost_track,23
791,3955,131.833,camera_6,reacquired,23
791,3955,131.833,camera_6,removed,-1
791,3955,131.833,camera_7,lost_track,8
792,3960,132.0,camera_2,reacquired,7
792,3960,132.0,camera_3,lost_track,20
792,3960,132.0,camera_4,new_track,21
792,3960,132.0,camera_5,removed,-1
792,3960,132.0,camera_6,new_track,26
792,3960,132.0,camera_6,lost_track,24
793,3965,132.167,camera_4,lost_track,21
793,3965,132.167,camera_6,reacquired,25
794,3970,132.333,camera_2,lost_track,7
794,3970,132.333,camera_2,removed,33
794,3970,132.333,camera_4,new_track,22
794,3970,132.333,camera_5,new_track,35
795,3975,132.5,camera_2,lost_track,1
795,3975,132.5,camera_3,reacquired,20
795,3975,132.5,camera_4,lost_track,22
796,3980,132.667,camera_2,reacquired,1
796,3980,132.667,camera_3,lost_track,20
796,3980,132.667,camera_5,lost_track,35
797,3985,132.833,camera_3,removed,-1
797,3985,132.833,camera_6,lost_track,25
797,3985,132.833,camera_6,lost_track,26
798,3990,133.0,camera_2,reacquired,7
798,3990,133.0,camera_6,new_track,27
799,3995,133.167,camera_6,lost_track,27
799,3995,133.167,camera_6,lost_track,23
800,4000,133.333,camera_5,removed,-1
800,4000,133.333,camera_6,reacquired,26
800,4000,133.333,camera_6,removed,-1
801,4005,133.5,camera_2,lost_track,7
801,4005,133.5,camera_5,lost_track,34
803,4015,133.833,camera_2,reacquired,7
803,4015,133.833,camera_3,reacquired,20
804,4020,134.0,camera_2,lost_track,7
804,4020,134.0,camera_3,lost_track,20
805,4025,134.167,camera_2,reacquired,7
805,4025,134.167,camera_3,reacquired,20
805,4025,134.167,camera_5,removed,-1
806,4030,134.333,camera_2,lost_track,7
806,4030,134.333,camera_3,new_track,28
807,4035,134.5,camera_2,reacquired,7
807,4035,134.5,camera_3,lost_track,28
807,4035,134.5,camera_5,reacquired,35
808,4040,134.667,camera_3,new_track,29
808,4040,134.667,camera_3,lost_track,20
808,4040,134.667,camera_5,new_track,36
808,4040,134.667,camera_5,lost_track,35
809,4045,134.833,camera_2,new_track,36
809,4045,134.833,camera_3,reacquired,20
809,4045,134.833,camera_3,lost_track,29
809,4045,134.833,camera_5,new_track,37
810,4050,135.0,camera_3,lost_track,20
810,4050,135.0,camera_3,removed,-1
810,4050,135.0,camera_5,lost_track,36
812,4060,135.333,camera_3,removed,-1
812,4060,135.333,camera_4,reacquired,22
812,4060,135.333,camera_5,reacquired,36
812,4060,135.333,camera_6,removed,-1
813,4065,135.5,camera_3,new_track,30
813,4065,135.5,camera_5,lost_track,36
813,4065,135.5,camera_5,lost_track,37
814,4070,135.667,camera_1,lost_track,17
814,4070,135.667,camera_6,new_track,28
814,4070,135.667,camera_6,lost_track,26
814,4070,135.667,camera_7,removed,7
815,4075,135.833,camera_1,reacquired,17
815,4075,135.833,camera_1,removed,22
815,4075,135.833,camera_2,lost_track,7
815,4075,135.833,camera_2,removed,35
815,4075,135.833,camera_4,reacquired,21
815,4075,135.833,camera_4,lost_track,22
816,4080,136.0,camera_2,reacquired,7
816,4080,136.0,camera_2,lost_track,36
816,4080,136.0,camera_3,reacquired,29
816,4080,136.0,camera_3,lost_track,30
816,4080,136.0,camera_6,reacquired,26
817,4085,136.167,camera_1,removed,21
817,4085,136.167,camera_2,removed,34
817,4085,136.167,camera_3,reacquired,20
817,4085,136.167,camera_3,reacquired,28
817,4085,136.167,camera_3,lost_track,29
817,4085,136.167,camera_4,lost_track,21
817,4085,136.167,camera_5,new_track,38
817,4085,136.167,camera_5,removed,-1
817,4085,136.167,camera_6,reacquired,25
818,4090,136.333,camera_2,new_track,37
818,4090,136.333,camera_2,lost_track,7
818,4090,136.333,camera_3,lost_track,28
818,4090,136.333,camera_6,lost_track,25
819,4095,136.5,camera_2,reacquired,7
819,4095,136.5,camera_3,lost_track,20
819,4095,136.5,camera_3,removed,-1
819,4095,136.5,camera_5,new_track,39
819,4095,136.5,camera_6,reacquired,25
819,4095,136.5,camera_6,lost_track,26
819,4095,136.5,camera_7,removed,3
821,4105,136.833,camera_5,lost_track,38
821,4105,136.833,camera_7,removed,8
822,4110,137.0,camera_3,reacquired,20
822,4110,137.0,camera_5,reacquired,38
822,4110,137.0,camera_6,removed,24
823,4115,137.167,camera_3,new_track,31
823,4115,137.167,camera_5,lost_track,38
824,4120,137.333,camera_2,lost_track,7
824,4120,137.333,camera_3,new_track,32
824,4120,137.333,camera_6,lost_track,25
825,4125,137.5,camera_2,lost_track,1
825,4125,137.5,camera_3,lost_track,31
825,4125,137.5,camera_5,removed,-1
825,4125,137.5,camera_6,lost_track,28
826,4130,137.667,camera_2,reacquired,1
826,4130,137.667,camera_2,reacquired,7
826,4130,137.667,camera_2,removed,-1
826,4130,137.667,camera_5,lost_track,39
826,4130,137.667,camera_6,removed,-1
827,4135,137.833,camera_3,lost_track,20
828,4140,138.0,camera_1,removed,-1
829,4145,138.167,camera_1,lost_track,17
829,4145,138.167,camera_2,removed,-1
829,4145,138.167,camera_3,reacquired,20
829,4145,138.167,camera_5,removed,-1
829,4145,138.167,camera_6,removed,27
829,4145,138.167,camera_6,removed,23
829,4145,138.167,camera_7,removed,-1
830,4150,138.333,camera_1,reacquired,17
830,4150,138.333,camera_3,removed,-1
831,4155,138.5,camera_1,lost_track,17
831,4155,138.5,camera_3,lost_track,20
831,4155,138.5,camera_5,removed,34
833,4165,138.833,camera_1,new_track,23
833,4165,138.833,camera_2,new_track,38
834,4170,139.0,camera_1,lost_track,23
834,4170,139.0,camera_3,reacquired,20
834,4170,139.0,camera_7,new_track,9
835,4175,139.167,camera_3,removed,-1
835,4175,139.167,camera_5,new_track,40
837,4185,139.5,camera_1,reacquired,23
837,4185,139.5,camera_2,lost_track,37
837,4185,139.5,camera_3,new_track,33
838,4190,139.667,camera_1,lost_track,23
838,4190,139.667,camera_2,lost_track,1
838,4190,139.667,camera_3,lost_track,32
838,4190,139.667,camera_5,removed,35
839,4195,139.833,camera_2,reacquired,1
839,4195,139.833,camera_2,reacquired,36
839,4195,139.833,camera_2,lost_track,38
839,4195,139.833,camera_2,removed,-1
839,4195,139.833,camera_3,reacquired,28
839,4195,139.833,camera_3,lost_track,20
839,4195,139.833,camera_3,removed,-1
840,4200,140.0,camera_1,reacquired,23
840,4200,140.0,camera_2,new_track,39
840,4200,140.0,camera_2,lost_track,36
840,4200,140.0,camera_3,reacquired,29
840,4200,140.0,camera_3,lost_track,28
842,4210,140.333,camera_1,lost_track,23
842,4210,140.333,camera_2,removed,-1
842,4210,140.333,camera_3,reacquired,20
843,4215,140.5,camera_1,new_track,24
843,4215,140.5,camera_2,lost_track,1
843,4215,140.5,camera_3,lost_track,33
843,4215,140.5,camera_5,removed,36
843,4215,140.5,camera_5,removed,37
844,4220,140.667,camera_7,lost_track,9
845,4225,140.833,camera_4,removed,22
845,4225,140.833,camera_7,reacquired,9
846,4230,141.0,camera_2,new_track,40
846,4230,141.0,camera_2,reacquired,1
846,4230,141.0,camera_3,reacquired,33
846,4230,141.0,camera_3,lost_track,20
846,4230,141.0,camera_3,removed,30
847,4235,141.167,camera_3,reacquired,20
847,4235,141.167,camera_3,lost_track,33
847,4235,141.167,camera_4,removed,21
847,4235,141.167,camera_5,reacquired,38
847,4235,141.167,camera_5,lost_track,40
849,4245,141.5,camera_2,lost_track,1
849,4245,141.5,camera_5,lost_track,38
849,4245,141.5,camera_6,removed,26
850,4250,141.667,camera_2,reacquired,1
850,4250,141.667,camera_3,lost_track,20
851,4255,141.833,camera_3,reacquired,20
852,4260,142.0,camera_2,lost_track,1
852,4260,142.0,camera_3,reacquired,33
852,4260,142.0,camera_3,lost_track,29
853,4265,142.167,camera_2,reacquired,1
853,4265,142.167,camera_3,lost_track,33
853,4265,142.167,camera_3,lost_track,20
854,4270,142.333,camera_6,removed,25
855,4275,142.5,camera_3,reacquired,33
855,4275,142.5,camera_3,removed,-1
855,4275,142.5,camera_3,removed,31
855,4275,142.5,camera_6,removed,28
856,4280,142.667,camera_2,lost_track,1
856,4280,142.667,camera_3,lost_track,33
856,4280,142.667,camera_5,removed,39
857,4285,142.833,camera_1,lost_track,24
857,4285,142.833,camera_2,reacquired,1
857,4285,142.833,camera_3,reacquired,33
858,4290,143.0,camera_2,lost_track,1
858,4290,143.0,camera_6,removed,-1
859,4295,143.167,camera_1,reacquired,23
859,4295,143.167,camera_1,removed,-1
859,4295,143.167,camera_2,reacquired,1
860,4300,143.333,camera_1,lost_track,23
860,4300,143.333,camera_6,new_track,29
861,4305,143.5,camera_1,reacquired,23
861,4305,143.5,camera_1,removed,17
862,4310,143.667,camera_3,new_track,34
864,4320,144.0,camera_3,reacquired,28
864,4320,144.0,camera_3,lost_track,33
865,4325,144.167,camera_2,lost_track,1
865,4325,144.167,camera_2,lost_track,39
866,4330,144.333,camera_2,reacquired,1
866,4330,144.333,camera_2,reacquired,39
867,4335,144.5,camera_1,removed,-1
867,4335,144.5,camera_2,lost_track,39
867,4335,144.5,camera_2,removed,37
868,4340,144.667,camera_3,lost_track,28
868,4340,144.667,camera_3,removed,32
868,4340,144.667,camera_7,lost_track,9
869,4345,144.833,camera_2,removed,38
869,4345,144.833,camera_6,new_track,30
870,4350,145.0,camera_2,removed,36
870,4350,145.0,camera_3,new_track,35
871,4355,145.167,camera_2,lost_track,1
872,4360,145.333,camera_2,reacquired,1
872,4360,145.333,camera_2,lost_track,40
874,4370,145.667,camera_3,lost_track,34
874,4370,145.667,camera_3,lost_track,35
874,4370,145.667,camera_6,lost_track,29
875,4375,145.833,camera_4,removed,-1
875,4375,145.833,camera_6,reacquired,29
875,4375,145.833,camera_6,lost_track,30
876,4380,146.0,camera_6,reacquired,30
876,4380,146.0,camera_6,lost_track,29
877,4385,146.167,camera_2,lost_track,1
877,4385,146.167,camera_5,removed,40
877,4385,146.167,camera_6,removed,-1
878,4390,146.333,camera_4,new_track,23
879,4395,146.5,camera_5,removed,38
879,4395,146.5,camera_6,removed,-1
880,4400,146.667,camera_6,new_track,31
880,4400,146.667,camera_6,lost_track,30
881,4405,146.833,camera_2,reacquired,1
882,4410,147.0,camera_3,removed,29
883,4415,147.167,camera_1,lost_track,23
883,4415,147.167,camera_3,removed,20
884,4420,147.333,camera_6,lost_track,31
884,4420,147.333,camera_7,removed,-1
885,4425,147.5,camera_6,reacquired,31
885,4425,147.5,camera_7,new_track,10
887,4435,147.833,camera_1,removed,24
888,4440,148.0,camera_2,lost_track,1
888,4440,148.0,camera_7,lost_track,10
890,4450,148.333,camera_7,reacquired,10
891,4455,148.5,camera_2,reacquired,1
891,4455,148.5,camera_6,lost_track,31
892,4460,148.667,camera_7,lost_track,10
894,4470,149.0,camera_3,removed,33
895,4475,149.167,camera_6,removed,-1
897,4485,149.5,camera_2,removed,39
898,4490,149.667,camera_3,removed,28
898,4490,149.667,camera_6,new_track,32
898,4490,149.667,camera_6,reacquired,30
898,4490,149.667,camera_6,removed,-1
898,4490,149.667,camera_7,removed,9
899,4495,149.833,camera_6,lost_track,30
902,4510,150.333,camera_2,removed,40
902,4510,150.333,camera_6,lost_track,32
903,4515,150.5,camera_6,reacquired,32
904,4520,150.667,camera_3,removed,34
904,4520,150.667,camera_3,removed,35
906,4530,151.0,camera_6,lost_track,32
906,4530,151.0,camera_6,removed,29
907,4535,151.167,camera_1,new_track,25
913,4565,152.167,camera_1,removed,23
918,4590,153.0,camera_1,new_track,26
918,4590,153.0,camera_1,lost_track,25
918,4590,153.0,camera_2,removed,-1
918,4590,153.0,camera_5,new_track,41
919,4595,153.167,camera_1,reacquired,25
919,4595,153.167,camera_1,removed,-1
921,4605,153.5,camera_6,removed,31
922,4610,153.667,camera_3,removed,-1
922,4610,153.667,camera_7,removed,10
928,4640,154.667,camera_1,lost_track,25
928,4640,154.667,camera_5,new_track,42
928,4640,154.667,camera_5,removed,-1
929,4645,154.833,camera_3,removed,-1
929,4645,154.833,camera_5,lost_track,42
929,4645,154.833,camera_6,removed,30
930,4650,155.0,camera_2,lost_track,7
930,4650,155.0,camera_3,new_track,36
930,4650,155.0,camera_5,lost_track,41
931,4655,155.167,camera_1,new_track,27
931,4655,155.167,camera_2,reacquired,7
931,4655,155.167,camera_3,lost_track,36
932,4660,155.333,camera_2,new_track,41
932,4660,155.333,camera_2,removed,-1
932,4660,155.333,camera_3,new_track,37
932,4660,155.333,camera_5,new_track,43
932,4660,155.333,camera_5,reacquired,42
933,4665,155.5,camera_1,lost_track,27
933,4665,155.5,camera_5,new_track,44
933,4665,155.5,camera_5,lost_track,42
933,4665,155.5,camera_5,lost_track,43
934,4670,155.667,camera_3,lost_track,37
934,4670,155.667,camera_5,reacquired,43
935,4675,155.833,camera_3,reacquired,37
935,4675,155.833,camera_5,lost_track,43
936,4680,156.0,camera_6,removed,32
937,4685,156.167,camera_2,removed,-1
937,4685,156.167,camera_5,new_track,45
938,4690,156.333,camera_1,reacquired,27
938,4690,156.333,camera_4,removed,-1
939,4695,156.5,camera_2,new_track,42
939,4695,156.5,camera_3,lost_track,37
940,4700,156.667,camera_1,lost_track,26
940,4700,156.667,camera_5,lost_track,45
941,4705,156.833,camera_1,reacquired,26
941,4705,156.833,camera_1,lost_track,27
941,4705,156.833,camera_3,removed,-1
941,4705,156.833,camera_4,new_track,24
942,4710,157.0,camera_3,new_track,38
944,4720,157.333,camera_2,new_track,43
944,4720,157.333,camera_2,lost_track,41
944,4720,157.333,camera_3,removed,-1
944,4720,157.333,camera_5,lost_track,44
945,4725,157.5,camera_2,lost_track,43
946,4730,157.667,camera_1,reacquired,27
946,4730,157.667,camera_2,reacquired,43
946,4730,157.667,camera_3,removed,-1
947,4735,157.833,camera_1,lost_track,26
947,4735,157.833,camera_1,lost_track,27
948,4740,158.0,camera_5,removed,-1
949,4745,158.167,camera_1,reacquired,27
949,4745,158.167,camera_3,lost_track,38
949,4745,158.167,camera_4,lost_track,24
950,4750,158.333,camera_3,reacquired,38
950,4750,158.333,camera_3,removed,-1
951,4755,158.5,camera_2,lost_track,42
951,4755,158.5,camera_2,lost_track,43
951,4755,158.5,camera_3,lost_track,38
952,4760,158.667,camera_2,reacquired,43
952,4760,158.667,camera_2,lost_track,7
953,4765,158.833,camera_1,lost_track,27
953,4765,158.833,camera_2,reacquired,7
953,4765,158.833,camera_3,removed,-1
954,4770,159.0,camera_4,new_track,25
956,4780,159.333,camera_4,reacquired,24
956,4780,159.333,camera_4,removed,-1
957,4785,159.5,camera_1,reacquired,27
957,4785,159.5,camera_3,removed,-1
958,4790,159.667,camera_1,removed,25
959,4795,159.833,camera_3,removed,-1
960,4800,160.0,camera_1,lost_track,27
960,4800,160.0,camera_5,removed,41
961,4805,160.167,camera_2,lost_track,7
961,4805,160.167,camera_3,removed,36
963,4815,160.5,camera_4,lost_track,25
963,4815,160.5,camera_5,removed,42
964,4820,160.667,camera_2,reacquired,7
965,4825,160.833,camera_5,removed,43
969,4845,161.5,camera_2,lost_track,7
969,4845,161.5,camera_3,new_track,39
969,4845,161.5,camera_3,removed,37
969,4845,161.5,camera_5,new_track,46
970,4850,161.667,camera_4,removed,-1
970,4850,161.667,camera_5,removed,45
971,4855,161.833,camera_2,reacquired,7
971,4855,161.833,camera_5,removed,-1
973,4865,162.167,camera_4,lost_track,24
974,4870,162.333,camera_2,removed,41
974,4870,162.333,camera_5,removed,44
976,4880,162.667,camera_2,removed,-1
977,4885,162.833,camera_1,removed,26
977,4885,162.833,camera_3,lost_track,39
978,4890,163.0,camera_3,reacquired,39
978,4890,163.0,camera_5,removed,-1
979,4895,163.167,camera_2,new_track,44
981,4905,163.5,camera_2,lost_track,7
981,4905,163.5,camera_2,removed,42
981,4905,163.5,camera_3,removed,38
982,4910,163.667,camera_2,reacquired,7
982,4910,163.667,camera_3,new_track,40
983,4915,163.833,camera_3,lost_track,40
985,4925,164.167,camera_1,reacquired,27
985,4925,164.167,camera_3,removed,-1
985,4925,164.167,camera_5,lost_track,46
986,4930,164.333,camera_2,lost_track,43
986,4930,164.333,camera_2,removed,-1
986,4930,164.333,camera_5,reacquired,46
987,4935,164.5,camera_3,lost_track,39
987,4935,164.5,camera_3,removed,-1
987,4935,164.5,camera_5,lost_track,46
988,4940,164.667,camera_1,lost_track,27
988,4940,164.667,camera_2,new_track,45
988,4940,164.667,camera_2,lost_track,23
988,4940,164.667,camera_2,lost_track,7
988,4940,164.667,camera_3,new_track,41
988,4940,164.667,camera_3,reacquired,39
989,4945,164.833,camera_1,removed,-1
989,4945,164.833,camera_2,reacquired,7
990,4950,165.0,camera_2,lost_track,44
990,4950,165.0,camera_2,lost_track,45
990,4950,165.0,camera_2,lost_track,7
990,4950,165.0,camera_2,removed,-1
991,4955,165.167,camera_2,reacquired,7
992,4960,165.333,camera_2,reacquired,44
993,4965,165.5,camera_2,new_track,46
993,4965,165.5,camera_2,lost_track,7
993,4965,165.5,camera_3,lost_track,41
993,4965,165.5,camera_3,lost_track,39
993,4965,165.5,camera_3,removed,-1
993,4965,165.5,camera_4,removed,25
994,4970,165.667,camera_1,new_track,28
994,4970,165.667,camera_2,reacquired,7
994,4970,165.667,camera_3,reacquired,41
995,4975,165.833,camera_1,lost_track,28
995,4975,165.833,camera_2,lost_track,44
996,4980,166.0,camera_1,removed,-1
996,4980,166.0,camera_2,lost_track,46
997,4985,166.167,camera_2,reacquired,44
999,4995,166.5,camera_3,removed,-1
1000,5000,166.667,camera_1,reacquired,27
1000,5000,166.667,camera_1,reacquired,28
1000,5000,166.667,camera_2,lost_track,44
1001,5005,166.833,camera_1,lost_track,27
1001,5005,166.833,camera_1,lost_track,28
1002,5010,167.0,camera_1,reacquired,28
1002,5010,167.0,camera_3,new_track,42
1002,5010,167.0,camera_3,lost_track,41
1003,5015,167.167,camera_2,removed,-1
1003,5015,167.167,camera_4,removed,24
1004,5020,167.333,camera_3,lost_track,42
1005,5025,167.5,camera_2,new_track,47
1005,5025,167.5,camera_2,removed,-1
1006,5030,167.667,camera_1,removed,-1
1006,5030,167.667,camera_2,lost_track,47
1008,5040,168.0,camera_3,reacquired,42
1008,5040,168.0,camera_3,removed,-1
1009,5045,168.167,camera_2,reacquired,47
1009,5045,168.167,camera_3,new_track,43
1010,5050,168.333,camera_2,lost_track,7
1010,5050,168.333,camera_3,lost_track,43
1011,5055,168.5,camera_2,reacquired,7
1011,5055,168.5,camera_2,lost_track,47
1013,5065,168.833,camera_2,removed,-1
1013,5065,168.833,camera_3,removed,40
1014,5070,169.0,camera_2,reacquired,47
1014,5070,169.0,camera_3,new_track,44
1015,5075,169.167,camera_3,lost_track,42
1016,5080,169.333,camera_2,lost_track,47
1016,5080,169.333,camera_2,removed,43
1016,5080,169.333,camera_3,reacquired,42
1017,5085,169.5,camera_3,lost_track,42
1017,5085,169.5,camera_5,removed,46
1018,5090,169.667,camera_2,removed,23
1018,5090,169.667,camera_3,reacquired,42
1019,5095,169.833,camera_1,removed,-1
1019,5095,169.833,camera_2,reacquired,47
1019,5095,169.833,camera_3,lost_track,42
1020,5100,170.0,camera_1,lost_track,28
1020,5100,170.0,camera_2,removed,45
1021,5105,170.167,camera_1,reacquired,28
1021,5105,170.167,camera_2,new_track,48
1022,5110,170.333,camera_1,lost_track,28
1023,5115,170.5,camera_1,new_track,29
1023,5115,170.5,camera_3,removed,39
1025,5125,170.833,camera_2,lost_track,48
1026,5130,171.0,camera_2,removed,46
1026,5130,171.0,camera_3,removed,-1
1029,5145,171.5,camera_2,reacquired,48
1029,5145,171.5,camera_3,lost_track,44
1029,5145,171.5,camera_3,removed,-1
1030,5150,171.667,camera_2,lost_track,48
1030,5150,171.667,camera_2,removed,44
1031,5155,171.833,camera_1,removed,27
1031,5155,171.833,camera_2,reacquired,48
1032,5160,172.0,camera_3,removed,41
1033,5165,172.167,camera_1,removed,-1
1034,5170,172.333,camera_2,lost_track,48
1036,5180,172.667,camera_2,reacquired,48
1037,5185,172.833,camera_2,lost_track,48
1037,5185,172.833,camera_2,lost_track,47
1040,5200,173.333,camera_3,removed,43
1040,5200,173.333,camera_3,removed,-1
1040,5200,173.333,camera_4,removed,-1
1042,5210,173.667,camera_4,new_track,26
1048,5240,174.667,camera_2,new_track,49
1049,5245,174.833,camera_3,removed,42
1049,5245,174.833,camera_3,removed,-1
1050,5250,175.0,camera_4,lost_track,26
1051,5255,175.167,camera_4,reacquired,26
1052,5260,175.333,camera_1,removed,28
1052,5260,175.333,camera_4,lost_track,26
1056,5280,176.0,camera_2,new_track,50
1057,5285,176.167,camera_3,new_track,45
1057,5285,176.167,camera_3,removed,-1
1058,5290,176.333,camera_2,lost_track,50
1059,5295,176.5,camera_3,removed,44
1060,5300,176.667,camera_3,lost_track,45
1060,5300,176.667,camera_4,removed,-1
1061,5305,176.833,camera_3,new_track,46
1062,5310,177.0,camera_3,lost_track,46
1062,5310,177.0,camera_4,removed,-1
1063,5315,177.167,camera_1,lost_track,29
1063,5315,177.167,camera_3,removed,-1
1064,5320,177.333,camera_2,reacquired,50
1065,5325,177.5,camera_3,new_track,47
1067,5335,177.833,camera_2,lost_track,50
1067,5335,177.833,camera_2,removed,48
1067,5335,177.833,camera_2,removed,47
1068,5340,178.0,camera_2,reacquired,50
1068,5340,178.0,camera_3,lost_track,47
1069,5345,178.167,camera_2,lost_track,49
1069,5345,178.167,camera_2,lost_track,7
1070,5350,178.333,camera_3,reacquired,47
1071,5355,178.5,camera_2,removed,-1
1072,5360,178.667,camera_2,new_track,51
1074,5370,179.0,camera_2,lost_track,51
1074,5370,179.0,camera_3,lost_track,47
1074,5370,179.0,camera_4,new_track,27
1074,5370,179.0,camera_4,removed,-1
1075,5375,179.167,camera_4,lost_track,27
1076,5380,179.333,camera_3,reacquired,47
1078,5390,179.667,camera_2,lost_track,50
1082,5410,180.333,camera_3,lost_track,47
1082,5410,180.333,camera_4,removed,26
1085,5425,180.833,camera_2,reacquired,50
1085,5425,180.833,camera_3,reacquired,47
1086,5430,181.0,camera_3,lost_track,47
1086,5430,181.0,camera_4,removed,-1
1087,5435,181.167,camera_3,reacquired,47
1087,5435,181.167,camera_4,reacquired,27
1088,5440,181.333,camera_3,lost_track,47
1088,5440,181.333,camera_3,removed,-1
1088,5440,181.333,camera_4,lost_track,27
1089,5445,181.5,camera_4,reacquired,27
1090,5450,181.667,camera_3,removed,45
1090,5450,181.667,camera_4,lost_track,27
1090,5450,181.667,camera_4,removed,-1
1091,5455,181.833,camera_2,removed,-1
1092,5460,182.0,camera_3,reacquired,47
1092,5460,182.0,camera_3,removed,46
1092,5460,182.0,camera_4,reacquired,27
1093,5465,182.167,camera_1,removed,29
1093,5465,182.167,camera_2,lost_track,50
1093,5465,182.167,camera_3,lost_track,47
1094,5470,182.333,camera_2,reacquired,50
1095,5475,182.5,camera_2,new_track,52
1095,5475,182.5,camera_3,reacquired,47
1095,5475,182.5,camera_4,lost_track,27
1096,5480,182.667,camera_2,lost_track,52
1097,5485,182.833,camera_3,lost_track,47
1098,5490,183.0,camera_3,reacquired,47
1099,5495,183.167,camera_2,removed,49
1099,5495,183.167,camera_2,removed,7
1099,5495,183.167,camera_5,new_track,47
1100,5500,183.333,camera_3,lost_track,47
1100,5500,183.333,camera_4,lost_track,23
1100,5500,183.333,camera_5,lost_track,47
1100,5500,183.333,camera_5,removed,-1
1101,5505,183.5,camera_3,reacquired,47
1102,5510,183.667,camera_2,lost_track,50
1102,5510,183.667,camera_5,reacquired,47
1103,5515,183.833,camera_2,reacquired,50
1103,5515,183.833,camera_3,lost_track,47
1103,5515,183.833,camera_5,lost_track,47
1104,5520,184.0,camera_2,lost_track,50
1104,5520,184.0,camera_2,removed,51
1104,5520,184.0,camera_4,new_track,28
1104,5520,184.0,camera_4,new_track,29
1104,5520,184.0,camera_5,reacquired,47
1106,5530,184.333,camera_4,new_track,30
1107,5535,184.5,camera_4,lost_track,28
1107,5535,184.5,camera_4,lost_track,29
1108,5540,184.667,camera_4,reacquired,28
1108,5540,184.667,camera_4,lost_track,30
1108,5540,184.667,camera_4,removed,-1
1110,5550,185.0,camera_5,lost_track,47
1111,5555,185.167,camera_5,reacquired,47
1112,5560,185.333,camera_2,reacquired,50
1112,5560,185.333,camera_2,removed,-1
1112,5560,185.333,camera_4,new_track,31
1112,5560,185.333,camera_5,lost_track,47
1113,5565,185.5,camera_2,lost_track,50
1113,5565,185.5,camera_5,reacquired,47
1114,5570,185.667,camera_2,new_track,53
1115,5575,185.833,camera_5,lost_track,47
1116,5580,186.0,camera_2,reacquired,50
1118,5590,186.333,camera_1,new_track,30
1118,5590,186.333,camera_2,reacquired,52
1120,5600,186.667,camera_2,removed,-1
1121,5605,186.833,camera_2,lost_track,52
1123,5615,187.167,camera_5,new_track,48
1125,5625,187.5,camera_4,removed,27
1126,5630,187.667,camera_3,new_track,48
1126,5630,187.667,camera_5,lost_track,48
1127,5635,187.833,camera_3,lost_track,48
1127,5635,187.833,camera_5,reacquired,48
1128,5640,188.0,camera_1,lost_track,30
1128,5640,188.0,camera_2,reacquired,52
1128,5640,188.0,camera_4,lost_track,28
1129,5645,188.167,camera_1,reacquired,30
1129,5645,188.167,camera_5,new_track,49
1129,5645,188.167,camera_5,lost_track,48
1130,5650,188.333,camera_4,removed,-1
1130,5650,188.333,camera_4,removed,23
1130,5650,188.333,camera_5,reacquired,48
1131,5655,188.5,camera_3,removed,-1
1131,5655,188.5,camera_5,lost_track,48
1131,5655,188.5,camera_5,lost_track,49
1132,5660,188.667,camera_4,removed,-1
1132,5660,188.667,camera_5,reacquired,48
1133,5665,188.833,camera_2,removed,-1
1133,5665,188.833,camera_3,removed,47
1133,5665,188.833,camera_5,reacquired,49
1134,5670,189.0,camera_4,new_track,32
1134,5670,189.0,camera_5,lost_track,48
1134,5670,189.0,camera_5,removed,-1
1135,5675,189.167,camera_5,reacquired,48
1135,5675,189.167,camera_5,lost_track,49
1136,5680,189.333,camera_2,removed,-1
1136,5680,189.333,camera_5,removed,-1
1137,5685,189.5,camera_4,removed,29
1138,5690,189.667,camera_4,removed,30
1138,5690,189.667,camera_5,removed,-1
1140,5700,190.0,camera_5,lost_track,48
1141,5705,190.167,camera_5,reacquired,49
1141,5705,190.167,camera_5,removed,-1
1142,5710,190.333,camera_2,lost_track,52
1143,5715,190.5,camera_2,reacquired,52
1143,5715,190.5,camera_5,lost_track,49
1144,5720,190.667,camera_5,reacquired,49
1145,5725,190.833,camera_5,new_track,50
1145,5725,190.833,camera_5,removed,47
1146,5730,191.0,camera_5,lost_track,49
1147,5735,191.167,camera_4,new_track,33
1147,5735,191.167,camera_5,lost_track,50
1148,5740,191.333,camera_5,reacquired,50
1149,5745,191.5,camera_2,lost_track,52
1149,5745,191.5,camera_5,removed,-1
1150,5750,191.667,camera_2,lost_track,50
1151,5755,191.833,camera_2,reacquired,50
1151,5755,191.833,camera_4,lost_track,31
1152,5760,192.0,camera_1,lost_track,30
1152,5760,192.0,camera_2,removed,-1
1152,5760,192.0,camera_3,reacquired,48
1152,5760,192.0,camera_4,reacquired,31
1152,5760,192.0,camera_4,removed,-1
1153,5765,192.167,camera_1,reacquired,30
1153,5765,192.167,camera_2,reacquired,52
1153,5765,192.167,camera_3,new_track,49
1153,5765,192.167,camera_4,lost_track,31
1154,5770,192.333,camera_2,new_track,54
1154,5770,192.333,camera_2,lost_track,52
1154,5770,192.333,camera_3,lost_track,49
1155,5775,192.5,camera_3,lost_track,48
1156,5780,192.667,camera_1,lost_track,30
1156,5780,192.667,camera_2,lost_track,50
1156,5780,192.667,camera_2,lost_track,54
1156,5780,192.667,camera_2,removed,-1
1156,5780,192.667,camera_5,lost_track,50
1158,5790,193.0,camera_1,reacquired,30
1158,5790,193.0,camera_4,lost_track,32
1158,5790,193.0,camera_4,removed,28
1159,5795,193.167,camera_2,reacquired,50
1159,5795,193.167,camera_3,reacquired,48
1160,5800,193.333,camera_2,reacquired,52
1160,5800,193.333,camera_2,reacquired,54
1160,5800,193.333,camera_2,removed,-1
1160,5800,193.333,camera_3,lost_track,48
1160,5800,193.333,camera_4,reacquired,32
1161,5805,193.5,camera_2,lost_track,54
1161,5805,193.5,camera_4,lost_track,33
1162,5810,193.667,camera_1,lost_track,30
1162,5810,193.667,camera_2,reacquired,54
1162,5810,193.667,camera_4,lost_track,32
1162,5810,193.667,camera_4,removed,-1
1162,5810,193.667,camera_5,new_track,51
1163,5815,193.833,camera_1,reacquired,30
1163,5815,193.833,camera_2,lost_track,52
1163,5815,193.833,camera_2,lost_track,54
1163,5815,193.833,camera_2,removed,-1
1163,5815,193.833,camera_5,removed,-1
1164,5820,194.0,camera_1,lost_track,30
1164,5820,194.0,camera_2,reacquired,54
1165,5825,194.167,camera_1,reacquired,30
1165,5825,194.167,camera_2,reacquired,52
1165,5825,194.167,camera_2,lost_track,50
1166,5830,194.333,camera_1,lost_track,30
1166,5830,194.333,camera_1,removed,-1
1166,5830,194.333,camera_2,lost_track,52
1166,5830,194.333,camera_2,lost_track,54
1167,5835,194.5,camera_1,reacquired,30
1167,5835,194.5,camera_2,new_track,55
1168,5840,194.667,camera_1,new_track,31
1168,5840,194.667,camera_2,reacquired,54
1169,5845,194.833,camera_1,lost_track,30
1169,5845,194.833,camera_1,lost_track,31
1169,5845,194.833,camera_2,reacquired,50
1169,5845,194.833,camera_2,lost_track,53
1169,5845,194.833,camera_2,removed,-1
1169,5845,194.833,camera_4,new_track,34
1170,5850,195.0,camera_2,reacquired,53
1170,5850,195.0,camera_5,removed,48
1171,5855,195.167,camera_2,lost_track,50
1172,5860,195.333,camera_1,reacquired,31
1172,5860,195.333,camera_2,lost_track,54
1172,5860,195.333,camera_3,removed,-1
1173,5865,195.5,camera_1,lost_track,31
1173,5865,195.5,camera_2,reacquired,50
1173,5865,195.5,camera_2,lost_track,53
1173,5865,195.5,camera_2,lost_track,55
1173,5865,195.5,camera_4,lost_track,34
1174,5870,195.667,camera_1,reacquired,31
1174,5870,195.667,camera_2,reacquired,53
1174,5870,195.667,camera_2,reacquired,54
1174,5870,195.667,camera_2,lost_track,50
1175,5875,195.833,camera_1,lost_track,31
1175,5875,195.833,camera_2,lost_track,53
1175,5875,195.833,camera_2,lost_track,54
1175,5875,195.833,camera_2,removed,-1
1175,5875,195.833,camera_3,removed,-1
1176,5880,196.0,camera_2,reacquired,50
1176,5880,196.0,camera_2,reacquired,53
1176,5880,196.0,camera_2,reacquired,54
1176,5880,196.0,camera_5,removed,49
1177,5885,196.167,camera_1,reacquired,31
1177,5885,196.167,camera_2,new_track,56
1177,5885,196.167,camera_2,reacquired,55
1177,5885,196.167,camera_3,new_track,50
1178,5890,196.333,camera_2,lost_track,50
1179,5895,196.5,camera_2,removed,-1
1180,5900,196.667,camera_1,lost_track,31
1180,5900,196.667,camera_2,new_track,57
1180,5900,196.667,camera_2,lost_track,53
1180,5900,196.667,camera_2,lost_track,55
1180,5900,196.667,camera_3,lost_track,50
1180,5900,196.667,camera_3,removed,-1
1181,5905,196.833,camera_1,reacquired,30
1181,5905,196.833,camera_2,reacquired,55
1181,5905,196.833,camera_2,lost_track,56
1181,5905,196.833,camera_2,lost_track,54
1182,5910,197.0,camera_1,lost_track,30
1182,5910,197.0,camera_2,reacquired,56
1182,5910,197.0,camera_3,removed,-1
1183,5915,197.167,camera_1,reacquired,30
1183,5915,197.167,camera_2,lost_track,56
1183,5915,197.167,camera_4,removed,31
1183,5915,197.167,camera_6,new_track,33
1184,5920,197.333,camera_2,reacquired,50
1184,5920,197.333,camera_2,reacquired,54
1184,5920,197.333,camera_2,lost_track,57
1184,5920,197.333,camera_3,new_track,51
1184,5920,197.333,camera_3,removed,49
1185,5925,197.5,camera_2,reacquired,56
1185,5925,197.5,camera_3,new_track,52
1185,5925,197.5,camera_3,reacquired,48
1186,5930,197.667,camera_2,lost_track,56
1186,5930,197.667,camera_5,removed,50
1187,5935,197.833,camera_2,reacquired,56
1187,5935,197.833,camera_2,lost_track,55
1188,5940,198.0,camera_2,reacquired,57
1188,5940,198.0,camera_3,lost_track,48
1189,5945,198.167,camera_2,lost_track,56
1190,5950,198.333,camera_1,reacquired,31
1190,5950,198.333,camera_1,removed,-1
1190,5950,198.333,camera_2,reacquired,53
1190,5950,198.333,camera_2,lost_track,50
1191,5955,198.5,camera_1,lost_track,30
1191,5955,198.5,camera_2,reacquired,50
1191,5955,198.5,camera_4,removed,33
1192,5960,198.667,camera_2,lost_track,50
1192,5960,198.667,camera_2,lost_track,53
1192,5960,198.667,camera_4,removed,32
1193,5965,198.833,camera_2,reacquired,53
1193,5965,198.833,camera_2,reacquired,56
1194,5970,199.0,camera_1,reacquired,30
1194,5970,199.0,camera_1,lost_track,31
1194,5970,199.0,camera_2,lost_track,53
1194,5970,199.0,camera_3,lost_track,51
1194,5970,199.0,camera_6,new_track,34
1195,5975,199.167,camera_2,reacquired,53
1195,5975,199.167,camera_2,removed,-1
1195,5975,199.167,camera_3,reacquired,50
1195,5975,199.167,camera_3,lost_track,52
1196,5980,199.333,camera_2,removed,52
1196,5980,199.333,camera_3,reacquired,52
1197,5985,199.5,camera_1,lost_track,30
1197,5985,199.5,camera_3,lost_track,50
1198,5990,199.667,camera_2,lost_track,53
1198,5990,199.667,camera_2,lost_track,54
1198,5990,199.667,camera_3,lost_track,52
1199,5995,199.833,camera_2,reacquired,50
1199,5995,199.833,camera_2,reacquired,53
1199,5995,199.833,camera_2,reacquired,54
1199,5995,199.833,camera_2,lost_track,56
1199,5995,199.833,camera_3,reacquired,48
1199,5995,199.833,camera_3,removed,-1
1201,6005,200.167,camera_1,reacquired,30
1201,6005,200.167,camera_2,lost_track,53
1203,6015,200.5,camera_2,reacquired,56
1203,6015,200.5,camera_3,lost_track,48
1203,6015,200.5,camera_4,removed,34
1204,6020,200.667,camera_1,removed,-1
1204,6020,200.667,camera_2,lost_track,56
1204,6020,200.667,camera_4,removed,-1
1205,6025,200.833,camera_1,lost_track,30
1205,6025,200.833,camera_2,reacquired,53
1205,6025,200.833,camera_2,reacquired,56
1205,6025,200.833,camera_2,removed,-1
1205,6025,200.833,camera_4,new_track,35
1207,6035,201.167,camera_2,lost_track,50
1208,6040,201.333,camera_2,reacquired,50
1208,6040,201.333,camera_2,lost_track,53
1208,6040,201.333,camera_6,lost_track,34
1211,6055,201.833,camera_2,lost_track,54
1212,6060,202.0,camera_1,removed,-1
1212,6060,202.0,camera_2,new_track,58
1212,6060,202.0,camera_2,reacquired,54
1212,6060,202.0,camera_5,lost_track,51
1212,6060,202.0,camera_6,reacquired,34
1213,6065,202.167,camera_3,reacquired,50
1214,6070,202.333,camera_6,lost_track,33
1215,6075,202.5,camera_2,reacquired,53
1215,6075,202.5,camera_2,lost_track,57
1216,6080,202.667,camera_2,lost_track,53
1217,6085,202.833,camera_2,removed,55
1218,6090,203.0,camera_5,new_track,52
1219,6095,203.167,camera_1,new_track,32
1220,6100,203.333,camera_2,reacquired,53
1220,6100,203.333,camera_5,removed,-1
1221,6105,203.5,camera_2,lost_track,54
1222,6110,203.667,camera_1,lost_track,32
1222,6110,203.667,camera_3,lost_track,50
1222,6110,203.667,camera_4,lost_track,35
1222,6110,203.667,camera_5,removed,-1
1223,6115,203.833,camera_2,reacquired,54
1223,6115,203.833,camera_3,reacquired,50
1223,6115,203.833,camera_4,removed,-1
1223,6115,203.833,camera_5,lost_track,52
1224,6120,204.0,camera_1,removed,31
1224,6120,204.0,camera_2,lost_track,54
1224,6120,204.0,camera_3,removed,51
1224,6120,204.0,camera_5,reacquired,52
1225,6125,204.167,camera_3,lost_track,50
1226,6130,204.333,camera_3,reacquired,50
1227,6135,204.5,camera_1,removed,-1
1227,6135,204.5,camera_3,lost_track,50
1228,6140,204.667,camera_3,reacquired,50
1228,6140,204.667,camera_3,removed,52
1228,6140,204.667,camera_6,removed,-1
1229,6145,204.833,camera_1,reacquired,30
1229,6145,204.833,camera_5,new_track,53
1230,6150,205.0,camera_1,removed,-1
1231,6155,205.167,camera_2,lost_track,58
1231,6155,205.167,camera_3,lost_track,50
1232,6160,205.333,camera_3,reacquired,50
1232,6160,205.333,camera_3,removed,-1
1232,6160,205.333,camera_5,lost_track,52
1232,6160,205.333,camera_5,lost_track,53
1233,6165,205.5,camera_3,lost_track,50
1233,6165,205.5,camera_3,removed,48
1233,6165,205.5,camera_5,reacquired,52
1233,6165,205.5,camera_5,reacquired,53
1234,6170,205.667,camera_1,lost_track,30
1234,6170,205.667,camera_6,new_track,35
1234,6170,205.667,camera_6,lost_track,34
1235,6175,205.833,camera_5,lost_track,52
1236,6180,206.0,camera_2,lost_track,50
1236,6180,206.0,camera_3,new_track,53
1236,6180,206.0,camera_3,new_track,54
1236,6180,206.0,camera_5,lost_track,53
1237,6185,206.167,camera_1,reacquired,30
1237,6185,206.167,camera_2,lost_track,53
1237,6185,206.167,camera_6,lost_track,35
1239,6195,206.5,camera_1,lost_track,30
1239,6195,206.5,camera_2,reacquired,50
1239,6195,206.5,camera_5,reacquired,53
1240,6200,206.667,camera_3,lost_track,53
1240,6200,206.667,camera_7,removed,-1
1241,6205,206.833,camera_1,new_track,33
1241,6205,206.833,camera_3,removed,-1
1241,6205,206.833,camera_5,lost_track,53
1242,6210,207.0,camera_1,lost_track,33
1242,6210,207.0,camera_2,removed,-1
1242,6210,207.0,camera_5,removed,51
1243,6215,207.167,camera_7,new_track,11
1244,6220,207.333,camera_2,new_track,59
1244,6220,207.333,camera_6,removed,33
1245,6225,207.5,camera_2,lost_track,56
1245,6225,207.5,camera_2,lost_track,50
1245,6225,207.5,camera_2,removed,57
1246,6230,207.667,camera_2,new_track,60
1246,6230,207.667,camera_2,reacquired,50
1246,6230,207.667,camera_2,reacquired,56
1246,6230,207.667,camera_3,removed,-1
1247,6235,207.833,camera_1,reacquired,33
1248,6240,208.0,camera_3,removed,-1
1248,6240,208.0,camera_7,lost_track,11
1249,6245,208.167,camera_2,lost_track,56
1250,6250,208.333,camera_3,new_track,55
1251,6255,208.5,camera_1,lost_track,33
1251,6255,208.5,camera_2,reacquired,56
1251,6255,208.5,camera_7,reacquired,11
1252,6260,208.667,camera_1,removed,32
1252,6260,208.667,camera_2,lost_track,50
1252,6260,208.667,camera_4,removed,35
1253,6265,208.833,camera_1,removed,-1
1254,6270,209.0,camera_2,removed,54
1256,6280,209.333,camera_1,removed,-1
1257,6285,209.5,camera_2,reacquired,50
1257,6285,209.5,camera_7,lost_track,11
1258,6290,209.667,camera_7,reacquired,11
1259,6295,209.833,camera_2,lost_track,50
1260,6300,210.0,camera_1,new_track,34
1260,6300,210.0,camera_2,reacquired,50
1260,6300,210.0,camera_2,lost_track,60
1260,6300,210.0,camera_3,lost_track,54
1261,6305,210.167,camera_2,reacquired,60
1261,6305,210.167,camera_2,lost_track,50
1261,6305,210.167,camera_2,removed,58
1261,6305,210.167,camera_3,reacquired,54
1261,6305,210.167,camera_3,lost_track,55
1261,6305,210.167,camera_6,new_track,36
1262,6310,210.333,camera_1,lost_track,34
1262,6310,210.333,camera_2,reacquired,50
1262,6310,210.333,camera_2,lost_track,60
1262,6310,210.333,camera_3,lost_track,54
1263,6315,210.5,camera_1,reacquired,34
1263,6315,210.5,camera_2,lost_track,50
1263,6315,210.5,camera_3,reacquired,54
1263,6315,210.5,camera_3,removed,50
1264,6320,210.667,camera_2,lost_track,56
1264,6320,210.667,camera_6,removed,34
1265,6325,210.833,camera_2,reacquired,50
1265,6325,210.833,camera_5,removed,52
1266,6330,211.0,camera_2,reacquired,56
1266,6330,211.0,camera_2,lost_track,50
1267,6335,211.167,camera_2,reacquired,50
1267,6335,211.167,camera_2,removed,53
1267,6335,211.167,camera_3,lost_track,54
1267,6335,211.167,camera_6,removed,35
1268,6340,211.333,camera_2,new_track,61
1268,6340,211.333,camera_2,lost_track,59
1268,6340,211.333,camera_6,new_track,37
1269,6345,211.5,camera_1,removed,30
1270,6350,211.667,camera_1,lost_track,34
1270,6350,211.667,camera_3,removed,53
1270,6350,211.667,camera_4,removed,-1
1270,6350,211.667,camera_7,lost_track,11
1271,6355,211.833,camera_1,reacquired,34
1271,6355,211.833,camera_5,removed,53
1272,6360,212.0,camera_1,lost_track,34
1272,6360,212.0,camera_2,lost_track,56
1272,6360,212.0,camera_3,removed,-1
1273,6365,212.167,camera_1,removed,-1
1273,6365,212.167,camera_3,new_track,56
1273,6365,212.167,camera_7,reacquired,11
1274,6370,212.333,camera_2,reacquired,56
1274,6370,212.333,camera_6,lost_track,37
1275,6375,212.5,camera_4,new_track,36
1275,6375,212.5,camera_7,lost_track,11
1276,6380,212.667,camera_1,removed,-1
1276,6380,212.667,camera_6,lost_track,36
1277,6385,212.833,camera_3,lost_track,56
1279,6395,213.167,camera_2,lost_track,56
1279,6395,213.167,camera_3,reacquired,56
1279,6395,213.167,camera_3,removed,-1
1280,6400,213.333,camera_2,lost_track,61
1280,6400,213.333,camera_7,removed,-1
1281,6405,213.5,camera_1,new_track,35
1281,6405,213.5,camera_1,removed,33
1281,6405,213.5,camera_2,reacquired,61
1281,6405,213.5,camera_7,new_track,12
1282,6410,213.667,camera_7,lost_track,12
1283,6415,213.833,camera_2,lost_track,61
1284,6420,214.0,camera_1,lost_track,35
1284,6420,214.0,camera_4,removed,-1
1284,6420,214.0,camera_7,removed,-1
1285,6425,214.167,camera_1,reacquired,35
1285,6425,214.167,camera_2,reacquired,56
1285,6425,214.167,camera_2,lost_track,50
1285,6425,214.167,camera_2,removed,-1
1286,6430,214.333,camera_5,new_track,54
1286,6430,214.333,camera_7,new_track,13
1286,6430,214.333,camera_7,removed,-1
1287,6435,214.5,camera_1,new_track,36
1288,6440,214.667,camera_7,new_track,14
1289,6445,214.833,camera_1,lost_track,35
1289,6445,214.833,camera_2,reacquired,50
1289,6445,214.833,camera_7,lost_track,14
1290,6450,215.0,camera_5,new_track,55
1291,6455,215.167,camera_2,lost_track,56
1291,6455,215.167,camera_3,removed,55
1291,6455,215.167,camera_5,lost_track,55
1292,6460,215.333,camera_1,reacquired,35
1292,6460,215.333,camera_2,removed,60
1292,6460,215.333,camera_4,lost_track,36
1292,6460,215.333,camera_5,reacquired,55
1292,6460,215.333,camera_5,lost_track,54
1293,6465,215.5,camera_5,reacquired,54
1293,6465,215.5,camera_5,lost_track,55
1293,6465,215.5,camera_7,removed,-1
1294,6470,215.667,camera_1,lost_track,35
1294,6470,215.667,camera_5,reacquired,55
1295,6475,215.833,camera_5,lost_track,55
1295,6475,215.833,camera_7,removed,-1
1296,6480,216.0,camera_2,removed,-1
1296,6480,216.0,camera_3,new_track,57
1296,6480,216.0,camera_3,lost_track,56
1297,6485,216.167,camera_3,removed,54
1297,6485,216.167,camera_3,removed,-1
1298,6490,216.333,camera_2,removed,59
1298,6490,216.333,camera_7,new_track,15
1298,6490,216.333,camera_7,removed,-1
1299,6495,216.5,camera_3,new_track,58
1299,6495,216.5,camera_3,reacquired,56
1300,6500,216.667,camera_3,lost_track,56
1300,6500,216.667,camera_3,lost_track,58
1301,6505,216.833,camera_5,lost_track,54
1301,6505,216.833,camera_7,lost_track,15
1302,6510,217.0,camera_1,removed,34
1302,6510,217.0,camera_5,reacquired,54
1302,6510,217.0,camera_7,reacquired,15
1304,6520,217.333,camera_5,lost_track,54
1304,6520,217.333,camera_6,removed,37
1305,6525,217.5,camera_1,lost_track,36
1305,6525,217.5,camera_2,new_track,62
1305,6525,217.5,camera_7,removed,11
1306,6530,217.667,camera_2,new_track,63
1306,6530,217.667,camera_6,removed,36
1307,6535,217.833,camera_1,reacquired,36
1309,6545,218.167,camera_2,lost_track,50
1309,6545,218.167,camera_3,lost_track,57
1310,6550,218.333,camera_1,lost_track,36
1310,6550,218.333,camera_2,reacquired,50
1312,6560,218.667,camera_2,lost_track,50
1312,6560,218.667,camera_7,removed,12
1313,6565,218.833,camera_2,removed,61
1314,6570,219.0,camera_2,reacquired,50
1317,6585,219.5,camera_6,removed,-1
1319,6595,219.833,camera_6,new_track,38
1319,6595,219.833,camera_7,removed,14
1321,6605,220.167,camera_2,removed,56
1322,6610,220.333,camera_4,removed,36
1324,6620,220.667,camera_1,removed,35
1324,6620,220.667,camera_3,removed,-1
1325,6625,220.833,camera_3,new_track,59
1325,6625,220.833,camera_5,removed,-1
1325,6625,220.833,camera_5,removed,55
1325,6625,220.833,camera_6,removed,-1
1327,6635,221.167,camera_6,removed,-1
1328,6640,221.333,camera_3,lost_track,59
1328,6640,221.333,camera_6,lost_track,38
1329,6645,221.5,camera_2,lost_track,62
1329,6645,221.5,camera_3,reacquired,59
1330,6650,221.667,camera_2,reacquired,62
1330,6650,221.667,camera_3,removed,56
1330,6650,221.667,camera_3,removed,58
1333,6665,222.167,camera_7,removed,-1
1334,6670,222.333,camera_4,new_track,37
1334,6670,222.333,camera_5,removed,54
1335,6675,222.5,camera_3,lost_track,59
1335,6675,222.5,camera_5,new_track,56
1336,6680,222.667,camera_3,reacquired,59
1337,6685,222.833,camera_1,new_track,37
1338,6690,223.0,camera_4,lost_track,37
1339,6695,223.167,camera_2,removed,-1
1339,6695,223.167,camera_3,lost_track,59
1339,6695,223.167,camera_3,removed,57
1340,6700,223.333,camera_1,removed,36
1340,6700,223.333,camera_2,new_track,64
1341,6705,223.5,camera_1,lost_track,37
1341,6705,223.5,camera_3,removed,-1
1342,6710,223.667,camera_2,lost_track,64
1346,6730,224.333,camera_1,removed,-1
1346,6730,224.333,camera_3,removed,-1
1350,6750,225.0,camera_2,removed,-1
1350,6750,225.0,camera_3,new_track,60
1352,6760,225.333,camera_3,lost_track,60
1352,6760,225.333,camera_5,lost_track,56
1353,6765,225.5,camera_2,lost_track,62
1353,6765,225.5,camera_2,removed,-1
1354,6770,225.667,camera_2,reacquired,62
1354,6770,225.667,camera_3,removed,-1
1356,6780,226.0,camera_3,reacquired,60
1357,6785,226.167,camera_1,new_track,38
1358,6790,226.333,camera_6,removed,38
1359,6795,226.5,camera_2,lost_track,62
1360,6800,226.667,camera_2,lost_track,50
1360,6800,226.667,camera_3,lost_track,60
1361,6805,226.833,camera_2,new_track,65
1361,6805,226.833,camera_3,new_track,61
1362,6810,227.0,camera_2,reacquired,50
1363,6815,227.167,camera_3,lost_track,61
1366,6830,227.667,camera_3,new_track,62
1366,6830,227.667,camera_3,removed,-1
1366,6830,227.667,camera_6,removed,-1
1367,6835,227.833,camera_2,removed,-1
1367,6835,227.833,camera_3,lost_track,62
1367,6835,227.833,camera_6,new_track,39
1368,6840,228.0,camera_2,lost_track,65
1368,6840,228.0,camera_3,reacquired,62
1368,6840,228.0,camera_4,removed,37
1369,6845,228.167,camera_2,reacquired,65
1369,6845,228.167,camera_2,lost_track,50
1369,6845,228.167,camera_2,removed,-1
1369,6845,228.167,camera_3,removed,59
1370,6850,228.333,camera_3,lost_track,62
1370,6850,228.333,camera_3,removed,-1
1371,6855,228.5,camera_1,removed,37
1371,6855,228.5,camera_2,removed,-1
1372,6860,228.667,camera_2,reacquired,50
1372,6860,228.667,camera_2,removed,64
1372,6860,228.667,camera_7,removed,-1
1376,6880,229.333,camera_7,new_track,16
1377,6885,229.5,camera_7,lost_track,16
1378,6890,229.667,camera_1,lost_track,38
1378,6890,229.667,camera_7,reacquired,16
1379,6895,229.833,camera_7,lost_track,16
1380,6900,230.0,camera_2,lost_track,63
1381,6905,230.167,camera_2,reacquired,63
1381,6905,230.167,camera_2,removed,-1
1381,6905,230.167,camera_7,reacquired,16
1382,6910,230.333,camera_5,removed,56
1382,6910,230.333,camera_6,lost_track,39
1382,6910,230.333,camera_6,removed,-1
1387,6935,231.167,camera_1,reacquired,38
1388,6940,231.333,camera_1,lost_track,38
1389,6945,231.5,camera_2,lost_track,65
1389,6945,231.5,camera_2,lost_track,50
1389,6945,231.5,camera_2,removed,62
1389,6945,231.5,camera_3,removed,-1
1389,6945,231.5,camera_7,removed,-1
1390,6950,231.667,camera_2,reacquired,65
1390,6950,231.667,camera_3,removed,60
1390,6950,231.667,camera_7,lost_track,16
1391,6955,231.833,camera_3,new_track,63
1392,6960,232.0,camera_2,reacquired,50
1393,6965,232.167,camera_3,removed,61
1394,6970,232.333,camera_2,lost_track,50
1395,6975,232.5,camera_2,reacquired,50
1395,6975,232.5,camera_2,lost_track,65
1395,6975,232.5,camera_7,lost_track,15
1396,6980,232.667,camera_2,reacquired,65
1396,6980,232.667,camera_7,reacquired,15
1397,6985,232.833,camera_7,new_track,17
1398,6990,233.0,camera_2,lost_track,65
1398,6990,233.0,camera_3,removed,-1
1398,6990,233.0,camera_7,lost_track,17
1400,7000,233.333,camera_1,new_track,39
1400,7000,233.333,camera_2,new_track,66
1400,7000,233.333,camera_3,removed,62
1400,7000,233.333,camera_7,removed,-1
1401,7005,233.5,camera_1,lost_track,39
1401,7005,233.5,camera_3,removed,-1
1401,7005,233.5,camera_6,removed,-1
1402,7010,233.667,camera_2,reacquired,65
1402,7010,233.667,camera_6,new_track,40
1403,7015,233.833,camera_2,lost_track,65
1403,7015,233.833,camera_3,removed,-1
1405,7025,234.167,camera_1,removed,-1
1405,7025,234.167,camera_3,removed,-1
1406,7030,234.333,camera_2,reacquired,65
1407,7035,234.5,camera_1,reacquired,39
1407,7035,234.5,camera_3,removed,-1
1408,7040,234.667,camera_2,lost_track,65
1409,7045,234.833,camera_1,lost_track,39
1409,7045,234.833,camera_6,lost_track,40
1410,7050,235.0,camera_6,removed,-1
1412,7060,235.333,camera_6,removed,39
1414,7070,235.667,camera_5,new_track,57
1415,7075,235.833,camera_2,removed,-1
1416,7080,236.0,camera_2,lost_track,66
1418,7090,236.333,camera_1,removed,38
1418,7090,236.333,camera_2,lost_track,50
1418,7090,236.333,camera_3,lost_track,63
1418,7090,236.333,camera_5,lost_track,57
1419,7095,236.5,camera_2,reacquired,65
1419,7095,236.5,camera_5,removed,-1
1420,7100,236.667,camera_2,reacquired,50
1420,7100,236.667,camera_2,lost_track,65
1420,7100,236.667,camera_3,reacquired,63
1420,7100,236.667,camera_5,reacquired,57
1420,7100,236.667,camera_7,removed,16
1421,7105,236.833,camera_5,new_track,58
1421,7105,236.833,camera_5,lost_track,57
1424,7120,237.333,camera_5,reacquired,57
1425,7125,237.5,camera_5,lost_track,57
1425,7125,237.5,camera_5,lost_track,58
1426,7130,237.667,camera_2,reacquired,65
1426,7130,237.667,camera_5,new_track,59
1426,7130,237.667,camera_5,reacquired,58
1427,7135,237.833,camera_5,lost_track,59
1428,7140,238.0,camera_2,lost_track,65
1428,7140,238.0,camera_7,removed,17
1430,7150,238.333,camera_3,lost_track,63
1432,7160,238.667,camera_2,new_track,67
1434,7170,239.0,camera_2,lost_track,67
1434,7170,239.0,camera_3,reacquired,63
1436,7180,239.333,camera_2,reacquired,67
1437,7185,239.5,camera_3,lost_track,63
1438,7190,239.667,camera_3,reacquired,63
1439,7195,239.833,camera_1,new_track,40
1439,7195,239.833,camera_1,removed,39
1439,7195,239.833,camera_2,new_track,68
1439,7195,239.833,camera_6,removed,40
1441,7205,240.167,camera_1,lost_track,40
1441,7205,240.167,camera_7,lost_track,15
1442,7210,240.333,camera_2,lost_track,68
1442,7210,240.333,camera_7,reacquired,15
1443,7215,240.5,camera_1,reacquired,40
1443,7215,240.5,camera_7,lost_track,15
1444,7220,240.667,camera_5,removed,-1
1444,7220,240.667,camera_7,new_track,18
1444,7220,240.667,camera_7,reacquired,15
1445,7225,240.833,camera_6,removed,-1
1445,7225,240.833,camera_7,lost_track,15
1446,7230,241.0,camera_1,lost_track,40
1446,7230,241.0,camera_2,removed,66
1447,7235,241.167,camera_1,reacquired,40
1447,7235,241.167,camera_6,new_track,41
1447,7235,241.167,camera_7,lost_track,18
1448,7240,241.333,camera_3,removed,-1
1448,7240,241.333,camera_7,reacquired,18
1450,7250,241.667,camera_3,new_track,64
1450,7250,241.667,camera_7,lost_track,18
1453,7265,242.167,camera_2,lost_track,67
1453,7265,242.167,camera_3,lost_track,64
1453,7265,242.167,camera_7,reacquired,15
1453,7265,242.167,camera_7,removed,-1
1454,7270,242.333,camera_2,reacquired,67
1454,7270,242.333,camera_3,reacquired,64
1455,7275,242.5,camera_1,lost_track,40
1455,7275,242.5,camera_5,lost_track,58
1455,7275,242.5,camera_5,removed,57
1456,7280,242.667,camera_1,reacquired,40
1456,7280,242.667,camera_5,reacquired,58
1457,7285,242.833,camera_2,lost_track,67
1457,7285,242.833,camera_5,removed,59
1457,7285,242.833,camera_6,removed,-1
1458,7290,243.0,camera_2,reacquired,67
1458,7290,243.0,camera_2,removed,65
1458,7290,243.0,camera_2,removed,-1
1459,7295,243.167,camera_6,removed,-1
1460,7300,243.333,camera_1,lost_track,40
1460,7300,243.333,camera_2,new_track,69
1460,7300,243.333,camera_2,lost_track,1
1460,7300,243.333,camera_2,lost_track,67
1461,7305,243.5,camera_2,reacquired,1
1461,7305,243.5,camera_6,lost_track,41
1461,7305,243.5,camera_7,lost_track,13
1462,7310,243.667,camera_2,lost_track,1
1462,7310,243.667,camera_2,lost_track,69
1462,7310,243.667,camera_7,reacquired,13
1465,7325,244.167,camera_2,reacquired,1
1465,7325,244.167,camera_7,lost_track,13
1467,7335,244.5,camera_1,reacquired,40
1467,7335,244.5,camera_2,lost_track,1
1468,7340,244.667,camera_2,new_track,70
1468,7340,244.667,camera_2,reacquired,1
1468,7340,244.667,camera_2,removed,-1
1469,7345,244.833,camera_7,new_track,19
1470,7350,245.0,camera_7,reacquired,13
1471,7355,245.167,camera_2,lost_track,1
1471,7355,245.167,camera_7,new_track,20
1471,7355,245.167,camera_7,lost_track,19
1471,7355,245.167,camera_7,lost_track,13
1472,7360,245.333,camera_2,removed,68
1472,7360,245.333,camera_7,reacquired,19
1473,7365,245.5,camera_2,reacquired,1
1473,7365,245.5,camera_3,lost_track,64
1473,7365,245.5,camera_4,new_track,38
1473,7365,245.5,camera_7,lost_track,19
1473,7365,245.5,camera_7,lost_track,20
1473,7365,245.5,camera_7,lost_track,15
1474,7370,245.667,camera_1,lost_track,40
1474,7370,245.667,camera_3,removed,-1
1474,7370,245.667,camera_7,reacquired,13
1474,7370,245.667,camera_7,reacquired,19
1475,7375,245.833,camera_7,lost_track,19
1476,7380,246.0,camera_3,removed,-1
1476,7380,246.0,camera_7,removed,-1
1477,7385,246.167,camera_2,lost_track,70
1478,7390,246.333,camera_3,removed,-1
1478,7390,246.333,camera_4,lost_track,38
1478,7390,246.333,camera_7,new_track,21
1478,7390,246.333,camera_7,lost_track,13
1479,7395,246.5,camera_7,reacquired,19
1479,7395,246.5,camera_7,lost_track,21
1480,7400,246.667,camera_4,removed,-1
1480,7400,246.667,camera_7,removed,18
1482,7410,247.0,camera_2,removed,-1
1482,7410,247.0,camera_4,new_track,39
1482,7410,247.0,camera_7,lost_track,19
1485,7425,247.5,camera_7,reacquired,19
1485,7425,247.5,camera_7,reacquired,20
1486,7430,247.667,camera_2,lost_track,1
1486,7430,247.667,camera_2,removed,-1
1486,7430,247.667,camera_7,lost_track,19
1486,7430,247.667,camera_7,lost_track,20
1488,7440,248.0,camera_2,reacquired,1
1488,7440,248.0,camera_5,lost_track,58
1488,7440,248.0,camera_6,new_track,42
1488,7440,248.0,camera_7,reacquired,20
1489,7445,248.167,camera_5,removed,-1
1489,7445,248.167,camera_6,lost_track,42
1489,7445,248.167,camera_7,removed,-1
1490,7450,248.333,camera_2,removed,67
1490,7450,248.333,camera_6,new_track,43
1491,7455,248.5,camera_6,removed,41
1491,7455,248.5,camera_7,reacquired,19
1492,7460,248.667,camera_2,removed,69
1492,7460,248.667,camera_6,removed,-1
1492,7460,248.667,camera_7,lost_track,19
1493,7465,248.833,camera_2,new_track,71
1494,7470,249.0,camera_7,reacquired,19
1495,7475,249.167,camera_4,reacquired,38
1495,7475,249.167,camera_4,lost_track,39
1495,7475,249.167,camera_7,lost_track,19
1496,7480,249.333,camera_5,removed,-1
1496,7480,249.333,camera_6,removed,-1
1496,7480,249.333,camera_7,reacquired,19
1497,7485,249.5,camera_4,lost_track,38
1497,7485,249.5,camera_5,new_track,60
1498,7490,249.667,camera_1,removed,-1
1498,7490,249.667,camera_7,lost_track,19
1499,7495,249.833,camera_7,reacquired,19
1500,7500,250.0,camera_2,lost_track,1
1500,7500,250.0,camera_3,removed,-1
1501,7505,250.167,camera_2,reacquired,1
1501,7505,250.167,camera_6,lost_track,43
1501,7505,250.167,camera_7,lost_track,19
1502,7510,250.333,camera_1,removed,-1
1502,7510,250.333,camera_2,removed,-1
1502,7510,250.333,camera_6,reacquired,43
1503,7515,250.5,camera_3,removed,64
1503,7515,250.5,camera_3,removed,-1
1503,7515,250.5,camera_6,lost_track,43
1503,7515,250.5,camera_7,reacquired,19
1503,7515,250.5,camera_7,removed,15
1504,7520,250.667,camera_1,new_track,41
1504,7520,250.667,camera_1,removed,40
1504,7520,250.667,camera_2,lost_track,1
1504,7520,250.667,camera_3,new_track,65
1504,7520,250.667,camera_6,reacquired,43
1504,7520,250.667,camera_7,lost_track,19
1505,7525,250.833,camera_2,reacquired,1
1505,7525,250.833,camera_3,lost_track,65
1506,7530,251.0,camera_3,reacquired,65
1506,7530,251.0,camera_7,reacquired,21
1507,7535,251.167,camera_2,removed,70
1508,7540,251.333,camera_6,lost_track,43
1508,7540,251.333,camera_7,removed,13
1509,7545,251.5,camera_7,reacquired,19
1509,7545,251.5,camera_7,lost_track,20
1510,7550,251.667,camera_7,lost_track,19
1511,7555,251.833,camera_3,lost_track,65
1513,7565,252.167,camera_7,lost_track,21
1516,7580,252.667,camera_2,removed,-1
1516,7580,252.667,camera_7,reacquired,20
1517,7585,252.833,camera_1,lost_track,41
1517,7585,252.833,camera_5,lost_track,60
1517,7585,252.833,camera_7,lost_track,20
1518,7590,253.0,camera_3,lost_track,63
1518,7590,253.0,camera_5,removed,58
1518,7590,253.0,camera_7,reacquired,20
1519,7595,253.167,camera_2,lost_track,71
1519,7595,253.167,camera_6,reacquired,42
1519,7595,253.167,camera_7,lost_track,20
1520,7600,253.333,camera_2,reacquired,71
1520,7600,253.333,camera_6,lost_track,42
1520,7600,253.333,camera_7,reacquired,20
1521,7605,253.5,camera_3,removed,-1
1522,7610,253.667,camera_2,removed,-1
1522,7610,253.667,camera_6,removed,-1
1523,7615,253.833,camera_6,new_track,44
1524,7620,254.0,camera_6,new_track,45
1525,7625,254.167,camera_4,removed,39
1525,7625,254.167,camera_5,new_track,61
1525,7625,254.167,camera_6,lost_track,44
1525,7625,254.167,camera_7,reacquired,19
1527,7635,254.5,camera_2,new_track,72
1527,7635,254.5,camera_4,removed,38
1527,7635,254.5,camera_7,lost_track,19
1528,7640,254.667,camera_2,lost_track,72
1528,7640,254.667,camera_6,lost_track,45
1530,7650,255.0,camera_3,removed,-1
1530,7650,255.0,camera_6,reacquired,45
1531,7655,255.167,camera_3,new_track,66
1532,7660,255.333,camera_7,reacquired,19
1533,7665,255.5,camera_3,lost_track,66
1533,7665,255.5,camera_6,lost_track,45
1535,7675,255.833,camera_2,reacquired,72
1535,7675,255.833,camera_2,lost_track,71
1535,7675,255.833,camera_2,removed,-1
1535,7675,255.833,camera_3,reacquired,66
1536,7680,256.0,camera_2,new_track,73
1536,7680,256.0,camera_3,lost_track,66
1537,7685,256.167,camera_2,reacquired,71
1537,7685,256.167,camera_2,lost_track,73
1537,7685,256.167,camera_7,lost_track,19
1538,7690,256.333,camera_2,lost_track,71
1538,7690,256.333,camera_6,removed,43
1539,7695,256.5,camera_1,removed,-1
1540,7700,256.667,camera_7,reacquired,19
1541,7705,256.833,camera_2,lost_track,72
1541,7705,256.833,camera_3,removed,65
1541,7705,256.833,camera_3,removed,-1
1542,7710,257.0,camera_2,removed,-1
1542,7710,257.0,camera_3,reacquired,66
1542,7710,257.0,camera_4,new_track,40
1542,7710,257.0,camera_5,removed,-1
1542,7710,257.0,camera_7,lost_track,19
1543,7715,257.167,camera_3,lost_track,66
1543,7715,257.167,camera_3,removed,-1
1543,7715,257.167,camera_7,reacquired,19
1543,7715,257.167,camera_7,removed,21
1544,7720,257.333,camera_7,lost_track,19
1545,7725,257.5,camera_3,reacquired,66
1545,7725,257.5,camera_5,lost_track,61
1546,7730,257.667,camera_4,removed,-1
1547,7735,257.833,camera_1,removed,41
1547,7735,257.833,camera_5,removed,60
1548,7740,258.0,camera_3,removed,63
1548,7740,258.0,camera_7,reacquired,19
1549,7745,258.167,camera_4,new_track,41
1550,7750,258.333,camera_3,lost_track,66
