loop_i,video_fid,t_sec,camera_id,kind,track_id
0,0,0.0,camera_1,new_track,1
0,0,0.0,camera_1,new_track,2
0,0,0.0,camera_1,new_track,3
0,0,0.0,camera_2,new_track,1
0,0,0.0,camera_2,new_track,2
0,0,0.0,camera_2,new_track,3
0,0,0.0,camera_2,new_track,4
0,0,0.0,camera_3,new_track,1
0,0,0.0,camera_3,new_track,2
0,0,0.0,camera_3,new_track,3
0,0,0.0,camera_3,new_track,4
0,0,0.0,camera_3,new_track,5
0,0,0.0,camera_3,new_track,6
0,0,0.0,camera_3,new_track,7
0,0,0.0,camera_3,new_track,8
0,0,0.0,camera_4,new_track,1
0,0,0.0,camera_4,new_track,2
0,0,0.0,camera_4,new_track,3
0,0,0.0,camera_4,new_track,4
2,10,0.333,camera_4,lost_track,4
4,20,0.667,camera_3,lost_track,7
5,25,0.833,camera_1,lost_track,3
5,25,0.833,camera_4,new_track,5
6,30,1.0,camera_2,lost_track,4
6,30,1.0,camera_3,new_track,9
6,30,1.0,camera_3,reacquired,7
8,40,1.333,camera_4,reacquired,4
8,40,1.333,camera_4,lost_track,5
9,45,1.5,camera_3,new_track,10
9,45,1.5,camera_3,lost_track,9
10,50,1.667,camera_3,reacquired,9
10,50,1.667,camera_3,lost_track,5
10,50,1.667,camera_4,reacquired,5
10,50,1.667,camera_4,lost_track,4
11,55,1.833,camera_3,reacquired,5
11,55,1.833,camera_3,lost_track,9
12,60,2.0,camera_4,lost_track,5
15,75,2.5,camera_3,lost_track,7
17,85,2.833,camera_3,reacquired,7
17,85,2.833,camera_3,lost_track,10
19,95,3.167,camera_1,lost_track,2
20,100,3.333,camera_1,reacquired,2
23,115,3.833,camera_3,lost_track,3
24,120,4.0,camera_3,reacquired,3
26,130,4.333,camera_3,new_track,11
28,140,4.667,camera_3,new_track,12
28,140,4.667,camera_3,lost_track,11
33,165,5.5,camera_2,new_track,5
34,170,5.667,camera_3,lost_track,12
35,175,5.833,camera_1,removed,3
36,180,6.0,camera_2,removed,4
39,195,6.5,camera_2,lost_track,5
40,200,6.667,camera_4,removed,4
41,205,6.833,camera_3,removed,9
42,210,7.0,camera_4,removed,5
47,235,7.833,camera_3,removed,10
57,285,9.5,camera_3,reacquired,11
58,290,9.667,camera_3,lost_track,11
60,300,10.0,camera_3,lost_track,4
62,310,10.333,camera_3,reacquired,4
64,320,10.667,camera_3,removed,12
65,325,10.833,camera_3,lost_track,1
66,330,11.0,camera_3,reacquired,1
69,345,11.5,camera_2,removed,5
71,355,11.833,camera_3,lost_track,2
73,365,12.167,camera_1,new_track,4
78,390,13.0,camera_1,lost_track,4
79,395,13.167,camera_5,new_track,1
80,400,13.333,camera_5,new_track,2
81,405,13.5,camera_2,lost_track,1
82,410,13.667,camera_5,lost_track,2
88,440,14.667,camera_3,removed,11
89,445,14.833,camera_4,new_track,6
90,450,15.0,camera_2,new_track,6
91,455,15.167,camera_5,lost_track,1
92,460,15.333,camera_2,lost_track,3
93,465,15.5,camera_4,lost_track,6
94,470,15.667,camera_2,lost_track,6
94,470,15.667,camera_4,reacquired,6
96,480,16.0,camera_3,new_track,13
98,490,16.333,camera_2,new_track,7
98,490,16.333,camera_3,new_track,14
99,495,16.5,camera_4,lost_track,6
99,495,16.5,camera_6,new_track,1
101,505,16.833,camera_3,removed,2
101,505,16.833,camera_4,reacquired,6
103,515,17.167,camera_2,new_track,8
105,525,17.5,camera_3,lost_track,7
106,530,17.667,camera_2,lost_track,7
108,540,18.0,camera_1,removed,4
108,540,18.0,camera_3,lost_track,13
111,555,18.5,camera_2,removed,1
111,555,18.5,camera_6,lost_track,1
112,560,18.667,camera_3,lost_track,3
112,560,18.667,camera_5,removed,2
112,560,18.667,camera_6,new_track,2
113,565,18.833,camera_2,lost_track,8
113,565,18.833,camera_3,reacquired,3
113,565,18.833,camera_3,lost_track,14
113,565,18.833,camera_4,lost_track,6
114,570,19.0,camera_2,reacquired,8
114,570,19.0,camera_3,reacquired,14
117,585,19.5,camera_6,new_track,3
119,595,19.833,camera_6,lost_track,3
119,595,19.833,camera_7,new_track,1
120,600,20.0,camera_6,lost_track,2
121,605,20.167,camera_5,removed,1
122,610,20.333,camera_2,removed,3
124,620,20.667,camera_2,removed,6
135,675,22.5,camera_3,removed,7
136,680,22.667,camera_2,removed,7
137,685,22.833,camera_3,new_track,15
138,690,23.0,camera_3,removed,13
138,690,23.0,camera_4,reacquired,6
139,695,23.167,camera_3,lost_track,14
140,700,23.333,camera_4,lost_track,6
141,705,23.5,camera_6,removed,1
145,725,24.167,camera_3,reacquired,14
146,730,24.333,camera_3,new_track,16
146,730,24.333,camera_3,lost_track,15
147,735,24.5,camera_4,reacquired,6
148,740,24.667,camera_4,lost_track,6
149,745,24.833,camera_6,removed,3
150,750,25.0,camera_3,lost_track,16
150,750,25.0,camera_6,removed,2
154,770,25.667,camera_3,reacquired,15
157,785,26.167,camera_3,new_track,17
157,785,26.167,camera_3,reacquired,16
158,790,26.333,camera_3,lost_track,15
159,795,26.5,camera_3,reacquired,15
159,795,26.5,camera_3,lost_track,16
160,800,26.667,camera_3,lost_track,15
160,800,26.667,camera_4,new_track,7
160,800,26.667,camera_4,lost_track,2
161,805,26.833,camera_4,lost_track,7
165,825,27.5,camera_2,new_track,9
167,835,27.833,camera_3,new_track,18
167,835,27.833,camera_3,lost_track,6
173,865,28.833,camera_3,lost_track,14
176,880,29.333,camera_3,reacquired,14
178,890,29.667,camera_3,lost_track,4
178,890,29.667,camera_3,lost_track,14
178,890,29.667,camera_4,removed,6
179,895,29.833,camera_3,reacquired,4
182,910,30.333,camera_3,new_track,19
184,920,30.667,camera_3,new_track,20
185,925,30.833,camera_3,lost_track,19
188,940,31.333,camera_3,reacquired,19
189,945,31.5,camera_3,removed,16
190,950,31.667,camera_3,removed,15
190,950,31.667,camera_4,removed,2
191,955,31.833,camera_4,removed,7
197,985,32.833,camera_3,removed,6
199,995,33.167,camera_3,new_track,21
200,1000,33.333,camera_1,new_track,5
208,1040,34.667,camera_3,removed,14
209,1045,34.833,camera_3,lost_track,20
210,1050,35.0,camera_3,new_track,22
211,1055,35.167,camera_1,lost_track,5
219,1095,36.5,camera_3,new_track,23
221,1105,36.833,camera_3,reacquired,20
225,1125,37.5,camera_3,lost_track,20
226,1130,37.667,camera_3,lost_track,21
232,1160,38.667,camera_3,new_track,24
232,1160,38.667,camera_3,reacquired,20
235,1175,39.167,camera_3,new_track,25
235,1175,39.167,camera_3,lost_track,24
240,1200,40.0,camera_3,lost_track,25
240,1200,40.0,camera_3,lost_track,23
241,1205,40.167,camera_1,removed,5
246,1230,41.0,camera_3,lost_track,20
256,1280,42.667,camera_3,removed,21
265,1325,44.167,camera_3,removed,24
270,1350,45.0,camera_3,removed,25
270,1350,45.0,camera_3,removed,23
276,1380,46.0,camera_3,removed,20
294,1470,49.0,camera_3,new_track,26
295,1475,49.167,camera_3,lost_track,5
298,1490,49.667,camera_3,lost_track,4
300,1500,50.0,camera_3,reacquired,4
302,1510,50.333,camera_3,reacquired,5
304,1520,50.667,camera_3,lost_track,26
312,1560,52.0,camera_3,new_track,27
312,1560,52.0,camera_4,lost_track,1
313,1565,52.167,camera_4,reacquired,1
314,1570,52.333,camera_3,lost_track,27
334,1670,55.667,camera_3,removed,26
344,1720,57.333,camera_3,removed,27
371,1855,61.833,camera_1,new_track,6
374,1870,62.333,camera_1,lost_track,6
380,1900,63.333,camera_1,new_track,7
380,1900,63.333,camera_3,new_track,28
391,1955,65.167,camera_3,lost_track,5
397,1985,66.167,camera_1,lost_track,7
397,1985,66.167,camera_2,lost_track,8
398,1990,66.333,camera_1,reacquired,7
399,1995,66.5,camera_3,new_track,29
401,2005,66.833,camera_3,lost_track,29
402,2010,67.0,camera_3,new_track,30
404,2020,67.333,camera_1,removed,6
405,2025,67.5,camera_1,lost_track,7
405,2025,67.5,camera_3,new_track,31
405,2025,67.5,camera_3,lost_track,30
407,2035,67.833,camera_3,lost_track,31
409,2045,68.167,camera_3,new_track,32
415,2075,69.167,camera_3,new_track,33
418,2090,69.667,camera_3,new_track,34
420,2100,70.0,camera_2,new_track,10
421,2105,70.167,camera_3,removed,5
423,2115,70.5,camera_3,lost_track,33
427,2135,71.167,camera_2,removed,8
427,2135,71.167,camera_3,lost_track,3
430,2150,71.667,camera_3,new_track,35
431,2155,71.833,camera_3,removed,29
432,2160,72.0,camera_3,new_track,36
432,2160,72.0,camera_3,lost_track,35
432,2160,72.0,camera_3,lost_track,22
434,2170,72.333,camera_1,lost_track,2
434,2170,72.333,camera_3,reacquired,22
434,2170,72.333,camera_3,lost_track,34
435,2175,72.5,camera_1,reacquired,2
435,2175,72.5,camera_1,removed,7
435,2175,72.5,camera_3,lost_track,36
435,2175,72.5,camera_3,removed,30
437,2185,72.833,camera_3,removed,31
438,2190,73.0,camera_1,lost_track,2
438,2190,73.0,camera_3,lost_track,32
441,2205,73.5,camera_3,new_track,37
441,2205,73.5,camera_3,lost_track,4
442,2210,73.667,camera_1,new_track,8
442,2210,73.667,camera_1,new_track,9
443,2215,73.833,camera_3,lost_track,37
444,2220,74.0,camera_5,new_track,3
445,2225,74.167,camera_3,reacquired,32
445,2225,74.167,camera_3,lost_track,28
447,2235,74.5,camera_1,lost_track,8
449,2245,74.833,camera_1,new_track,10
449,2245,74.833,camera_3,new_track,38
450,2250,75.0,camera_1,lost_track,10
452,2260,75.333,camera_2,lost_track,10
452,2260,75.333,camera_3,lost_track,22
453,2265,75.5,camera_3,new_track,40
453,2265,75.5,camera_3,new_track,39
453,2265,75.5,camera_3,removed,33
454,2270,75.667,camera_3,reacquired,22
455,2275,75.833,camera_1,lost_track,9
457,2285,76.167,camera_3,new_track,41
457,2285,76.167,camera_3,removed,3
458,2290,76.333,camera_3,lost_track,39
459,2295,76.5,camera_3,lost_track,40
459,2295,76.5,camera_3,lost_track,22
460,2300,76.667,camera_1,new_track,11
460,2300,76.667,camera_2,lost_track,9
460,2300,76.667,camera_3,reacquired,40
461,2305,76.833,camera_3,new_track,42
461,2305,76.833,camera_3,reacquired,39
461,2305,76.833,camera_4,new_track,8
462,2310,77.0,camera_3,lost_track,40
462,2310,77.0,camera_3,removed,35
462,2310,77.0,camera_5,lost_track,3
463,2315,77.167,camera_1,new_track,12
464,2320,77.333,camera_3,reacquired,40
464,2320,77.333,camera_3,lost_track,42
464,2320,77.333,camera_3,removed,34
465,2325,77.5,camera_3,removed,36
467,2335,77.833,camera_3,lost_track,32
467,2335,77.833,camera_3,lost_track,17
468,2340,78.0,camera_1,lost_track,11
468,2340,78.0,camera_1,lost_track,12
468,2340,78.0,camera_1,removed,2
468,2340,78.0,camera_3,new_track,43
471,2355,78.5,camera_3,removed,4
472,2360,78.667,camera_2,new_track,11
473,2365,78.833,camera_3,removed,37
473,2365,78.833,camera_6,new_track,4
474,2370,79.0,camera_3,new_track,44
475,2375,79.167,camera_3,removed,28
477,2385,79.5,camera_1,removed,8
478,2390,79.667,camera_1,reacquired,11
480,2400,80.0,camera_1,removed,10
480,2400,80.0,camera_3,lost_track,39
481,2405,80.167,camera_3,lost_track,43
482,2410,80.333,camera_1,lost_track,11
482,2410,80.333,camera_2,removed,10
482,2410,80.333,camera_3,lost_track,40
483,2415,80.5,camera_3,new_track,45
484,2420,80.667,camera_2,new_track,12
485,2425,80.833,camera_1,removed,9
486,2430,81.0,camera_1,new_track,13
487,2435,81.167,camera_3,reacquired,40
487,2435,81.167,camera_3,lost_track,45
487,2435,81.167,camera_6,new_track,5
489,2445,81.5,camera_2,lost_track,11
489,2445,81.5,camera_3,new_track,46
489,2445,81.5,camera_3,removed,22
489,2445,81.5,camera_5,new_track,4
489,2445,81.5,camera_6,lost_track,5
490,2450,81.667,camera_2,removed,9
490,2450,81.667,camera_7,new_track,2
491,2455,81.833,camera_2,reacquired,11
492,2460,82.0,camera_1,new_track,14
492,2460,82.0,camera_2,lost_track,11
492,2460,82.0,camera_5,new_track,5
492,2460,82.0,camera_5,removed,3
492,2460,82.0,camera_6,lost_track,4
493,2465,82.167,camera_1,reacquired,11
493,2465,82.167,camera_1,lost_track,1
494,2470,82.333,camera_1,lost_track,11
494,2470,82.333,camera_1,lost_track,14
494,2470,82.333,camera_3,lost_track,38
494,2470,82.333,camera_3,removed,42
495,2475,82.5,camera_2,new_track,13
495,2475,82.5,camera_3,new_track,47
495,2475,82.5,camera_3,reacquired,38
495,2475,82.5,camera_3,lost_track,40
495,2475,82.5,camera_3,lost_track,44
496,2480,82.667,camera_1,new_track,15
496,2480,82.667,camera_1,lost_track,13
496,2480,82.667,camera_3,reacquired,32
496,2480,82.667,camera_3,lost_track,1
496,2480,82.667,camera_4,lost_track,8
497,2485,82.833,camera_1,reacquired,11
497,2485,82.833,camera_2,new_track,14
497,2485,82.833,camera_3,new_track,48
497,2485,82.833,camera_3,new_track,49
497,2485,82.833,camera_3,reacquired,44
497,2485,82.833,camera_3,removed,17
497,2485,82.833,camera_5,lost_track,5
498,2490,83.0,camera_1,removed,12
498,2490,83.0,camera_2,lost_track,14
498,2490,83.0,camera_3,reacquired,40
498,2490,83.0,camera_3,lost_track,44
498,2490,83.0,camera_3,lost_track,47
499,2495,83.167,camera_1,lost_track,11
499,2495,83.167,camera_2,new_track,15
499,2495,83.167,camera_2,lost_track,13
499,2495,83.167,camera_3,lost_track,38
499,2495,83.167,camera_5,new_track,6
501,2505,83.5,camera_3,lost_track,49
502,2510,83.667,camera_3,reacquired,44
502,2510,83.667,camera_4,lost_track,3
503,2515,83.833,camera_2,new_track,16
503,2515,83.833,camera_2,lost_track,15
503,2515,83.833,camera_5,new_track,7
504,2520,84.0,camera_2,lost_track,16
505,2525,84.167,camera_3,lost_track,44
505,2525,84.167,camera_5,lost_track,7
506,2530,84.333,camera_1,new_track,16
506,2530,84.333,camera_2,reacquired,14
506,2530,84.333,camera_3,reacquired,44
507,2535,84.5,camera_3,lost_track,41
507,2535,84.5,camera_3,lost_track,44
507,2535,84.5,camera_5,new_track,8
508,2540,84.667,camera_2,new_track,17
508,2540,84.667,camera_3,reacquired,44
508,2540,84.667,camera_3,lost_track,48
509,2545,84.833,camera_1,new_track,17
509,2545,84.833,camera_1,lost_track,16
509,2545,84.833,camera_2,reacquired,16
509,2545,84.833,camera_2,lost_track,17
509,2545,84.833,camera_3,lost_track,46
510,2550,85.0,camera_3,reacquired,46
510,2550,85.0,camera_3,removed,39
511,2555,85.167,camera_3,reacquired,41
511,2555,85.167,camera_3,lost_track,44
511,2555,85.167,camera_3,removed,43
512,2560,85.333,camera_2,lost_track,16
512,2560,85.333,camera_3,lost_track,8
512,2560,85.333,camera_3,lost_track,46
513,2565,85.5,camera_5,new_track,9
515,2575,85.833,camera_3,reacquired,46
516,2580,86.0,camera_5,lost_track,4
517,2585,86.167,camera_3,reacquired,44
517,2585,86.167,camera_3,lost_track,32
517,2585,86.167,camera_3,removed,45
517,2585,86.167,camera_5,lost_track,9
518,2590,86.333,camera_3,lost_track,44
519,2595,86.5,camera_1,lost_track,15
519,2595,86.5,camera_3,lost_track,41
519,2595,86.5,camera_6,removed,5
520,2600,86.667,camera_2,new_track,18
520,2600,86.667,camera_3,reacquired,44
521,2605,86.833,camera_2,lost_track,2
522,2610,87.0,camera_2,removed,11
522,2610,87.0,camera_6,removed,4
523,2615,87.167,camera_1,removed,1
523,2615,87.167,camera_5,new_track,10
524,2620,87.333,camera_1,removed,14
524,2620,87.333,camera_2,reacquired,2
524,2620,87.333,camera_2,lost_track,12
525,2625,87.5,camera_1,new_track,18
526,2630,87.667,camera_1,removed,13
526,2630,87.667,camera_3,reacquired,41
526,2630,87.667,camera_3,removed,1
526,2630,87.667,camera_4,removed,8
527,2635,87.833,camera_4,new_track,9
527,2635,87.833,camera_5,removed,5
527,2635,87.833,camera_6,new_track,6
528,2640,88.0,camera_3,removed,47
529,2645,88.167,camera_1,lost_track,17
529,2645,88.167,camera_1,removed,11
529,2645,88.167,camera_2,removed,13
529,2645,88.167,camera_3,removed,38
530,2650,88.333,camera_5,new_track,11
530,2650,88.333,camera_5,lost_track,6
531,2655,88.5,camera_3,removed,49
531,2655,88.5,camera_5,lost_track,8
532,2660,88.667,camera_2,lost_track,14
532,2660,88.667,camera_3,lost_track,18
532,2660,88.667,camera_4,removed,3
532,2660,88.667,camera_5,reacquired,8
533,2665,88.833,camera_2,removed,15
533,2665,88.833,camera_3,new_track,50
534,2670,89.0,camera_2,lost_track,2
534,2670,89.0,camera_5,lost_track,11
534,2670,89.0,camera_6,new_track,7
535,2675,89.167,camera_4,new_track,10
535,2675,89.167,camera_4,lost_track,9
535,2675,89.167,camera_5,removed,7
536,2680,89.333,camera_7,lost_track,2
537,2685,89.5,camera_6,new_track,8
538,2690,89.667,camera_3,new_track,51
538,2690,89.667,camera_3,removed,48
538,2690,89.667,camera_5,new_track,12
539,2695,89.833,camera_1,removed,16
539,2695,89.833,camera_2,removed,17
539,2695,89.833,camera_3,lost_track,40
539,2695,89.833,camera_4,new_track,11
539,2695,89.833,camera_6,lost_track,8
540,2700,90.0,camera_5,lost_track,12
541,2705,90.167,camera_5,reacquired,12
541,2705,90.167,camera_6,new_track,9
542,2710,90.333,camera_2,removed,16
542,2710,90.333,camera_3,removed,8
542,2710,90.333,camera_6,reacquired,8
544,2720,90.667,camera_4,lost_track,11
544,2720,90.667,camera_5,lost_track,8
545,2725,90.833,camera_3,lost_track,41
545,2725,90.833,camera_3,lost_track,44
546,2730,91.0,camera_3,new_track,52
546,2730,91.0,camera_5,removed,4
547,2735,91.167,camera_3,reacquired,44
547,2735,91.167,camera_3,removed,32
547,2735,91.167,camera_5,removed,9
547,2735,91.167,camera_6,lost_track,8
548,2740,91.333,camera_2,new_track,19
548,2740,91.333,camera_3,reacquired,41
548,2740,91.333,camera_6,lost_track,6
548,2740,91.333,camera_7,new_track,3
549,2745,91.5,camera_1,removed,15
549,2745,91.5,camera_5,new_track,13
550,2750,91.667,camera_6,lost_track,9
551,2755,91.833,camera_3,lost_track,52
551,2755,91.833,camera_6,new_track,10
552,2760,92.0,camera_3,lost_track,44
552,2760,92.0,camera_5,new_track,14
552,2760,92.0,camera_5,new_track,15
553,2765,92.167,camera_5,lost_track,13
554,2770,92.333,camera_2,new_track,20
554,2770,92.333,camera_2,removed,12
554,2770,92.333,camera_5,reacquired,13
554,2770,92.333,camera_5,lost_track,14
555,2775,92.5,camera_5,new_track,16
555,2775,92.5,camera_5,new_track,17
555,2775,92.5,camera_5,reacquired,14
555,2775,92.5,camera_5,lost_track,15
555,2775,92.5,camera_6,reacquired,8
557,2785,92.833,camera_2,lost_track,20
557,2785,92.833,camera_5,lost_track,13
558,2790,93.0,camera_3,lost_track,51
558,2790,93.0,camera_5,new_track,18
558,2790,93.0,camera_5,reacquired,13
558,2790,93.0,camera_5,lost_track,17
558,2790,93.0,camera_5,lost_track,14
559,2795,93.167,camera_1,removed,17
559,2795,93.167,camera_5,reacquired,8
559,2795,93.167,camera_5,lost_track,12
559,2795,93.167,camera_5,lost_track,13
560,2800,93.333,camera_1,new_track,19
560,2800,93.333,camera_4,lost_track,10
560,2800,93.333,camera_5,removed,6
561,2805,93.5,camera_5,reacquired,14
562,2810,93.667,camera_2,removed,14
562,2810,93.667,camera_3,removed,18
563,2815,93.833,camera_1,lost_track,18
564,2820,94.0,camera_2,new_track,21
564,2820,94.0,camera_2,removed,2
564,2820,94.0,camera_5,removed,11
565,2825,94.167,camera_1,new_track,20
565,2825,94.167,camera_4,removed,9
565,2825,94.167,camera_6,lost_track,8
566,2830,94.333,camera_1,lost_track,19
566,2830,94.333,camera_2,new_track,22
566,2830,94.333,camera_5,new_track,19
566,2830,94.333,camera_6,new_track,11
566,2830,94.333,camera_7,removed,2
567,2835,94.5,camera_2,lost_track,19
567,2835,94.5,camera_5,lost_track,18
567,2835,94.5,camera_6,lost_track,11
568,2840,94.667,camera_5,reacquired,18
569,2845,94.833,camera_3,removed,40
571,2855,95.167,camera_2,lost_track,22
573,2865,95.5,camera_6,reacquired,11
574,2870,95.667,camera_4,removed,11
575,2875,95.833,camera_6,lost_track,11
576,2880,96.0,camera_5,lost_track,19
578,2890,96.333,camera_5,new_track,20
578,2890,96.333,camera_6,removed,6
580,2900,96.667,camera_6,removed,9
581,2905,96.833,camera_1,new_track,21
581,2905,96.833,camera_3,removed,52
582,2910,97.0,camera_1,lost_track,21
582,2910,97.0,camera_3,removed,44
583,2915,97.167,camera_1,reacquired,21
583,2915,97.167,camera_3,lost_track,41
583,2915,97.167,camera_5,lost_track,14
584,2920,97.333,camera_5,lost_track,8
584,2920,97.333,camera_5,lost_track,20
585,2925,97.5,camera_5,lost_track,16
585,2925,97.5,camera_5,removed,15
586,2930,97.667,camera_1,lost_track,21
586,2930,97.667,camera_5,reacquired,8
586,2930,97.667,camera_5,reacquired,20
586,2930,97.667,camera_6,new_track,12
587,2935,97.833,camera_1,lost_track,20
587,2935,97.833,camera_2,removed,20
587,2935,97.833,camera_5,lost_track,18
588,2940,98.0,camera_1,reacquired,20
588,2940,98.0,camera_3,lost_track,19
588,2940,98.0,camera_3,removed,51
588,2940,98.0,camera_5,removed,17
589,2945,98.167,camera_3,new_track,53
589,2945,98.167,camera_3,lost_track,50
589,2945,98.167,camera_5,removed,12
589,2945,98.167,camera_5,removed,13
590,2950,98.333,camera_1,lost_track,20
590,2950,98.333,camera_3,reacquired,50
590,2950,98.333,camera_3,lost_track,53
590,2950,98.333,camera_4,removed,10
590,2950,98.333,camera_5,reacquired,18
591,2955,98.5,camera_1,new_track,22
591,2955,98.5,camera_1,reacquired,20
591,2955,98.5,camera_5,new_track,21
592,2960,98.667,camera_1,lost_track,22
592,2960,98.667,camera_6,lost_track,12
593,2965,98.833,camera_1,reacquired,22
593,2965,98.833,camera_1,lost_track,20
593,2965,98.833,camera_1,removed,18
593,2965,98.833,camera_5,lost_track,18
593,2965,98.833,camera_5,lost_track,20
593,2965,98.833,camera_6,new_track,13
594,2970,99.0,camera_3,reacquired,53
594,2970,99.0,camera_5,reacquired,20
595,2975,99.167,camera_3,lost_track,46
595,2975,99.167,camera_6,new_track,14
595,2975,99.167,camera_6,removed,8
596,2980,99.333,camera_1,lost_track,22
596,2980,99.333,camera_1,removed,19
596,2980,99.333,camera_3,lost_track,50
597,2985,99.5,camera_2,removed,19
597,2985,99.5,camera_5,lost_track,20
597,2985,99.5,camera_6,new_track,15
598,2990,99.667,camera_5,new_track,22
598,2990,99.667,camera_5,lost_track,8
599,2995,99.833,camera_5,new_track,24
599,2995,99.833,camera_5,new_track,23
599,2995,99.833,camera_5,lost_track,21
600,3000,100.0,camera_2,lost_track,18
600,3000,100.0,camera_6,lost_track,7
601,3005,100.167,camera_2,removed,22
601,3005,100.167,camera_5,lost_track,23
601,3005,100.167,camera_6,lost_track,14
602,3010,100.333,camera_7,new_track,4
603,3015,100.5,camera_6,lost_track,13
604,3020,100.667,camera_5,new_track,25
604,3020,100.667,camera_7,lost_track,4
605,3025,100.833,camera_5,reacquired,23
605,3025,100.833,camera_6,removed,11
605,3025,100.833,camera_7,new_track,5
606,3030,101.0,camera_2,lost_track,21
606,3030,101.0,camera_5,removed,19
606,3030,101.0,camera_6,reacquired,14
607,3035,101.167,camera_5,lost_track,23
609,3045,101.5,camera_6,lost_track,10
611,3055,101.833,camera_5,lost_track,22
613,3065,102.167,camera_3,removed,41
613,3065,102.167,camera_5,removed,14
615,3075,102.5,camera_5,new_track,26
615,3075,102.5,camera_5,removed,16
615,3075,102.5,camera_6,lost_track,14
616,3080,102.667,camera_1,removed,21
616,3080,102.667,camera_6,lost_track,15
616,3080,102.667,camera_7,new_track,6
617,3085,102.833,camera_5,lost_track,24
617,3085,102.833,camera_5,lost_track,10
618,3090,103.0,camera_3,removed,19
619,3095,103.167,camera_5,lost_track,25
620,3100,103.333,camera_5,new_track,27
621,3105,103.5,camera_5,lost_track,27
622,3110,103.667,camera_6,removed,12
623,3115,103.833,camera_1,removed,20
623,3115,103.833,camera_5,removed,18
623,3115,103.833,camera_6,new_track,16
624,3120,104.0,camera_5,new_track,28
625,3125,104.167,camera_3,removed,46
626,3130,104.333,camera_1,removed,22
626,3130,104.333,camera_3,removed,50
627,3135,104.5,camera_5,removed,20
628,3140,104.667,camera_5,removed,8
629,3145,104.833,camera_5,removed,21
629,3145,104.833,camera_6,new_track,17
630,3150,105.0,camera_2,removed,18
630,3150,105.0,camera_6,removed,7
632,3160,105.333,camera_2,new_track,23
632,3160,105.333,camera_5,reacquired,23
633,3165,105.5,camera_6,removed,13
633,3165,105.5,camera_7,lost_track,6
634,3170,105.667,camera_5,lost_track,23
634,3170,105.667,camera_6,new_track,18
634,3170,105.667,camera_7,new_track,7
634,3170,105.667,camera_7,removed,4
636,3180,106.0,camera_2,removed,21
637,3185,106.167,camera_5,lost_track,26
637,3185,106.167,camera_6,lost_track,18
639,3195,106.5,camera_6,lost_track,16
639,3195,106.5,camera_6,removed,10
640,3200,106.667,camera_7,new_track,8
641,3205,106.833,camera_5,removed,22
641,3205,106.833,camera_6,lost_track,17
641,3205,106.833,camera_7,reacquired,6
641,3205,106.833,camera_7,lost_track,8
642,3210,107.0,camera_6,new_track,19
644,3220,107.333,camera_3,new_track,54
645,3225,107.5,camera_1,new_track,23
645,3225,107.5,camera_4,new_track,12
645,3225,107.5,camera_6,removed,14
646,3230,107.667,camera_6,removed,15
647,3235,107.833,camera_5,removed,24
647,3235,107.833,camera_5,removed,10
647,3235,107.833,camera_7,lost_track,5
648,3240,108.0,camera_6,reacquired,18
648,3240,108.0,camera_7,new_track,9
649,3245,108.167,camera_4,lost_track,12
649,3245,108.167,camera_5,removed,25
650,3250,108.333,camera_6,lost_track,18
650,3250,108.333,camera_7,reacquired,8
651,3255,108.5,camera_5,removed,27
652,3260,108.667,camera_6,lost_track,19
655,3275,109.167,camera_7,lost_track,6
657,3285,109.5,camera_7,new_track,10
658,3290,109.667,camera_2,lost_track,23
662,3310,110.333,camera_7,new_track,11
662,3310,110.333,camera_7,lost_track,10
663,3315,110.5,camera_7,lost_track,11
663,3315,110.5,camera_7,lost_track,3
664,3320,110.667,camera_5,removed,23
667,3335,111.167,camera_5,removed,26
668,3340,111.333,camera_7,new_track,12
669,3345,111.5,camera_6,removed,16
670,3350,111.667,camera_5,new_track,29
670,3350,111.667,camera_7,reacquired,3
670,3350,111.667,camera_7,lost_track,8
671,3355,111.833,camera_3,lost_track,54
671,3355,111.833,camera_6,removed,17
672,3360,112.0,camera_6,new_track,20
673,3365,112.167,camera_6,reacquired,18
674,3370,112.333,camera_7,lost_track,12
674,3370,112.333,camera_7,lost_track,7
676,3380,112.667,camera_5,lost_track,29
676,3380,112.667,camera_6,lost_track,18
676,3380,112.667,camera_7,new_track,13
677,3385,112.833,camera_7,removed,5
678,3390,113.0,camera_5,reacquired,29
678,3390,113.0,camera_6,new_track,21
679,3395,113.167,camera_4,removed,12
679,3395,113.167,camera_7,lost_track,13
680,3400,113.333,camera_6,reacquired,18
681,3405,113.5,camera_7,reacquired,11
682,3410,113.667,camera_6,removed,19
683,3415,113.833,camera_5,new_track,30
684,3420,114.0,camera_5,new_track,32
684,3420,114.0,camera_5,new_track,31
684,3420,114.0,camera_7,lost_track,11
685,3425,114.167,camera_5,lost_track,30
685,3425,114.167,camera_7,new_track,14
685,3425,114.167,camera_7,removed,6
686,3430,114.333,camera_5,reacquired,30
686,3430,114.333,camera_5,lost_track,29
686,3430,114.333,camera_6,new_track,22
686,3430,114.333,camera_6,lost_track,18
686,3430,114.333,camera_7,lost_track,14
687,3435,114.5,camera_5,new_track,33
687,3435,114.5,camera_6,reacquired,18
687,3435,114.5,camera_7,lost_track,3
688,3440,114.667,camera_2,removed,23
688,3440,114.667,camera_5,lost_track,33
689,3445,114.833,camera_5,lost_track,32
689,3445,114.833,camera_6,lost_track,22
689,3445,114.833,camera_7,reacquired,8
690,3450,115.0,camera_6,new_track,23
690,3450,115.0,camera_6,lost_track,18
691,3455,115.167,camera_3,lost_track,53
691,3455,115.167,camera_5,reacquired,33
692,3460,115.333,camera_4,new_track,13
692,3460,115.333,camera_7,removed,10
693,3465,115.5,camera_6,lost_track,20
694,3470,115.667,camera_3,new_track,56
694,3470,115.667,camera_3,new_track,55
696,3480,116.0,camera_5,lost_track,31
699,3495,116.5,camera_5,new_track,34
701,3505,116.833,camera_3,removed,54
701,3505,116.833,camera_6,lost_track,21
703,3515,117.167,camera_4,lost_track,1
704,3520,117.333,camera_5,new_track,35
704,3520,117.333,camera_6,new_track,24
704,3520,117.333,camera_7,removed,12
704,3520,117.333,camera_7,removed,7
705,3525,117.5,camera_2,new_track,24
705,3525,117.5,camera_4,reacquired,1
705,3525,117.5,camera_4,lost_track,13
705,3525,117.5,camera_5,new_track,36
705,3525,117.5,camera_6,reacquired,18
705,3525,117.5,camera_7,lost_track,8
706,3530,117.667,camera_5,lost_track,36
707,3535,117.833,camera_5,lost_track,33
707,3535,117.833,camera_5,lost_track,30
708,3540,118.0,camera_5,reacquired,33
708,3540,118.0,camera_5,lost_track,34
708,3540,118.0,camera_6,lost_track,18
708,3540,118.0,camera_6,lost_track,23
709,3545,118.167,camera_5,reacquired,34
709,3545,118.167,camera_7,removed,13
710,3550,118.333,camera_5,lost_track,33
712,3560,118.667,camera_5,new_track,37
713,3565,118.833,camera_5,reacquired,33
714,3570,119.0,camera_7,removed,11
716,3580,119.333,camera_2,new_track,25
716,3580,119.333,camera_5,removed,29
716,3580,119.333,camera_7,removed,14
717,3585,119.5,camera_5,reacquired,36
717,3585,119.5,camera_5,lost_track,34
717,3585,119.5,camera_7,removed,3
718,3590,119.667,camera_3,lost_track,56
719,3595,119.833,camera_3,reacquired,56
719,3595,119.833,camera_5,removed,32
719,3595,119.833,camera_6,removed,22
720,3600,120.0,camera_2,lost_track,25
720,3600,120.0,camera_3,lost_track,55
720,3600,120.0,camera_6,lost_track,24
721,3605,120.167,camera_3,removed,53
721,3605,120.167,camera_5,new_track,38
722,3610,120.333,camera_5,new_track,40
722,3610,120.333,camera_5,new_track,39
722,3610,120.333,camera_5,lost_track,28
723,3615,120.5,camera_1,lost_track,23
723,3615,120.5,camera_2,reacquired,25
723,3615,120.5,camera_2,lost_track,24
723,3615,120.5,camera_5,lost_track,38
723,3615,120.5,camera_6,removed,20
725,3625,120.833,camera_2,new_track,26
725,3625,120.833,camera_4,new_track,14
725,3625,120.833,camera_5,reacquired,38
725,3625,120.833,camera_5,lost_track,40
726,3630,121.0,camera_2,lost_track,26
726,3630,121.0,camera_5,removed,31
727,3635,121.167,camera_5,lost_track,35
728,3640,121.333,camera_5,reacquired,28
728,3640,121.333,camera_5,reacquired,35
729,3645,121.5,camera_5,reacquired,40
729,3645,121.5,camera_5,lost_track,38
731,3655,121.833,camera_5,new_track,41
731,3655,121.833,camera_6,removed,21
732,3660,122.0,camera_2,reacquired,26
732,3660,122.0,camera_5,lost_track,35
732,3660,122.0,camera_5,lost_track,28
732,3660,122.0,camera_5,lost_track,39
733,3665,122.167,camera_5,new_track,42
734,3670,122.333,camera_4,new_track,15
735,3675,122.5,camera_2,lost_track,26
735,3675,122.5,camera_4,removed,13
735,3675,122.5,camera_5,lost_track,40
735,3675,122.5,camera_7,removed,8
737,3685,122.833,camera_5,removed,30
738,3690,123.0,camera_6,removed,18
738,3690,123.0,camera_6,removed,23
739,3695,123.167,camera_5,lost_track,37
740,3700,123.333,camera_5,reacquired,37
741,3705,123.5,camera_2,reacquired,26
741,3705,123.5,camera_5,new_track,43
741,3705,123.5,camera_5,reacquired,40
741,3705,123.5,camera_5,lost_track,36
742,3710,123.667,camera_2,lost_track,26
742,3710,123.667,camera_5,new_track,44
742,3710,123.667,camera_5,lost_track,40
743,3715,123.833,camera_5,lost_track,41
743,3715,123.833,camera_5,lost_track,43
744,3720,124.0,camera_4,lost_track,14
744,3720,124.0,camera_5,new_track,45
744,3720,124.0,camera_5,reacquired,43
745,3725,124.167,camera_2,lost_track,25
745,3725,124.167,camera_4,reacquired,14
745,3725,124.167,camera_5,new_track,46
745,3725,124.167,camera_5,new_track,47
745,3725,124.167,camera_5,lost_track,42
745,3725,124.167,camera_5,lost_track,43
746,3730,124.333,camera_5,reacquired,42
746,3730,124.333,camera_5,lost_track,44
747,3735,124.5,camera_5,removed,34
748,3740,124.667,camera_4,new_track,16
748,3740,124.667,camera_5,reacquired,28
748,3740,124.667,camera_5,reacquired,43
748,3740,124.667,camera_5,lost_track,45
749,3745,124.833,camera_4,lost_track,16
750,3750,125.0,camera_3,removed,55
750,3750,125.0,camera_6,removed,24
751,3755,125.167,camera_4,lost_track,1
751,3755,125.167,camera_5,lost_track,37
752,3760,125.333,camera_5,lost_track,28
753,3765,125.5,camera_1,removed,23
753,3765,125.5,camera_2,removed,24
753,3765,125.5,camera_5,new_track,48
753,3765,125.5,camera_5,reacquired,28
753,3765,125.5,camera_5,lost_track,33
753,3765,125.5,camera_5,lost_track,43
754,3770,125.667,camera_5,new_track,49
754,3770,125.667,camera_5,reacquired,43
754,3770,125.667,camera_5,lost_track,28
755,3775,125.833,camera_5,lost_track,49
756,3780,126.0,camera_3,new_track,57
756,3780,126.0,camera_3,new_track,58
756,3780,126.0,camera_4,reacquired,1
756,3780,126.0,camera_4,lost_track,15
756,3780,126.0,camera_5,new_track,50
756,3780,126.0,camera_5,reacquired,49
757,3785,126.167,camera_5,reacquired,33
757,3785,126.167,camera_5,lost_track,48
757,3785,126.167,camera_5,lost_track,42
757,3785,126.167,camera_5,lost_track,43
758,3790,126.333,camera_4,lost_track,1
758,3790,126.333,camera_5,reacquired,45
758,3790,126.333,camera_5,lost_track,33
759,3795,126.5,camera_4,reacquired,15
759,3795,126.5,camera_5,reacquired,42
759,3795,126.5,camera_5,lost_track,45
759,3795,126.5,camera_5,removed,38
761,3805,126.833,camera_5,new_track,51
761,3805,126.833,camera_5,reacquired,45
761,3805,126.833,camera_6,new_track,25
762,3810,127.0,camera_4,lost_track,15
762,3810,127.0,camera_5,reacquired,40
762,3810,127.0,camera_5,removed,35
762,3810,127.0,camera_5,removed,39
763,3815,127.167,camera_5,lost_track,46
763,3815,127.167,camera_5,lost_track,47
764,3820,127.333,camera_5,new_track,52
765,3825,127.5,camera_3,lost_track,58
765,3825,127.5,camera_5,lost_track,45
766,3830,127.667,camera_4,new_track,17
766,3830,127.667,camera_4,lost_track,14
766,3830,127.667,camera_5,reacquired,47
766,3830,127.667,camera_5,lost_track,49
766,3830,127.667,camera_7,new_track,15
767,3835,127.833,camera_5,lost_track,52
768,3840,128.0,camera_5,new_track,53
768,3840,128.0,camera_5,lost_track,40
768,3840,128.0,camera_7,lost_track,9
771,3855,128.5,camera_5,reacquired,46
771,3855,128.5,camera_5,lost_track,51
771,3855,128.5,camera_5,removed,36
771,3855,128.5,camera_6,new_track,26
772,3860,128.667,camera_2,removed,26
772,3860,128.667,camera_3,reacquired,58
773,3865,128.833,camera_4,lost_track,17
773,3865,128.833,camera_5,removed,41
774,3870,129.0,camera_3,lost_track,56
774,3870,129.0,camera_7,reacquired,9
775,3875,129.167,camera_2,removed,25
775,3875,129.167,camera_7,lost_track,15
776,3880,129.333,camera_5,new_track,54
776,3880,129.333,camera_5,removed,44
777,3885,129.5,camera_6,lost_track,26
777,3885,129.5,camera_7,new_track,16
778,3890,129.667,camera_5,new_track,56
778,3890,129.667,camera_5,new_track,55
778,3890,129.667,camera_5,lost_track,46
778,3890,129.667,camera_6,lost_track,25
779,3895,129.833,camera_4,removed,16
780,3900,130.0,camera_5,new_track,57
780,3900,130.0,camera_5,reacquired,52
781,3905,130.167,camera_5,lost_track,56
781,3905,130.167,camera_5,lost_track,55
781,3905,130.167,camera_5,removed,37
782,3910,130.333,camera_5,lost_track,47
783,3915,130.5,camera_5,reacquired,47
783,3915,130.5,camera_5,lost_track,54
784,3920,130.667,camera_3,lost_track,58
784,3920,130.667,camera_5,new_track,58
784,3920,130.667,camera_5,lost_track,57
784,3920,130.667,camera_5,lost_track,52
784,3920,130.667,camera_5,lost_track,53
784,3920,130.667,camera_5,removed,28
787,3935,131.167,camera_4,new_track,18
787,3935,131.167,camera_5,lost_track,42
787,3935,131.167,camera_5,removed,48
787,3935,131.167,camera_5,removed,43
788,3940,131.333,camera_4,removed,1
788,3940,131.333,camera_5,removed,33
789,3945,131.5,camera_5,new_track,59
790,3950,131.667,camera_5,new_track,60
790,3950,131.667,camera_5,new_track,61
790,3950,131.667,camera_5,lost_track,58
791,3955,131.833,camera_5,reacquired,46
791,3955,131.833,camera_5,lost_track,60
792,3960,132.0,camera_4,removed,15
793,3965,132.167,camera_5,lost_track,59
794,3970,132.333,camera_5,reacquired,59
794,3970,132.333,camera_5,reacquired,60
795,3975,132.5,camera_5,lost_track,59
795,3975,132.5,camera_5,lost_track,60
795,3975,132.5,camera_5,removed,45
796,3980,132.667,camera_4,lost_track,18
796,3980,132.667,camera_4,removed,14
796,3980,132.667,camera_5,removed,49
797,3985,132.833,camera_5,reacquired,56
797,3985,132.833,camera_5,reacquired,59
798,3990,133.0,camera_5,reacquired,42
798,3990,133.0,camera_5,lost_track,56
798,3990,133.0,camera_5,lost_track,46
798,3990,133.0,camera_5,removed,40
799,3995,133.167,camera_4,new_track,19
799,3995,133.167,camera_4,new_track,20
799,3995,133.167,camera_5,new_track,62
801,4005,133.5,camera_5,removed,51
802,4010,133.667,camera_5,lost_track,61
803,4015,133.833,camera_4,removed,17
803,4015,133.833,camera_5,reacquired,61
804,4020,134.0,camera_3,removed,56
804,4020,134.0,camera_5,reacquired,53
804,4020,134.0,camera_5,lost_track,59
804,4020,134.0,camera_5,lost_track,62
805,4025,134.167,camera_7,removed,15
806,4030,134.333,camera_5,reacquired,52
806,4030,134.333,camera_5,reacquired,59
807,4035,134.5,camera_5,reacquired,56
807,4035,134.5,camera_5,lost_track,47
807,4035,134.5,camera_6,removed,26
808,4040,134.667,camera_6,removed,25
809,4045,134.833,camera_5,lost_track,52
810,4050,135.0,camera_4,new_track,21
811,4055,135.167,camera_4,lost_track,21
811,4055,135.167,camera_5,removed,55
812,4060,135.333,camera_3,new_track,59
813,4065,135.5,camera_3,new_track,60
813,4065,135.5,camera_4,new_track,22
813,4065,135.5,camera_5,lost_track,61
813,4065,135.5,camera_5,removed,54
814,4070,135.667,camera_3,removed,58
814,4070,135.667,camera_4,lost_track,22
814,4070,135.667,camera_5,removed,57
815,4075,135.833,camera_4,reacquired,18
815,4075,135.833,camera_5,new_track,63
817,4085,136.167,camera_5,new_track,64
817,4085,136.167,camera_6,new_track,27
818,4090,136.333,camera_5,lost_track,59
819,4095,136.5,camera_5,reacquired,59
819,4095,136.5,camera_6,new_track,28
819,4095,136.5,camera_7,lost_track,9
820,4100,136.667,camera_5,reacquired,52
820,4100,136.667,camera_5,removed,58
821,4105,136.833,camera_5,reacquired,61
822,4110,137.0,camera_5,lost_track,63
822,4110,137.0,camera_6,lost_track,28
823,4115,137.167,camera_3,lost_track,60
824,4120,137.333,camera_2,new_track,27
825,4125,137.5,camera_5,new_track,65
825,4125,137.5,camera_5,removed,60
827,4135,137.833,camera_3,new_track,61
827,4135,137.833,camera_3,reacquired,60
827,4135,137.833,camera_4,new_track,23
827,4135,137.833,camera_5,lost_track,64
828,4140,138.0,camera_3,lost_track,60
828,4140,138.0,camera_4,lost_track,20
828,4140,138.0,camera_5,reacquired,64
828,4140,138.0,camera_5,removed,46
829,4145,138.167,camera_3,lost_track,57
830,4150,138.333,camera_5,lost_track,52
831,4155,138.5,camera_2,new_track,28
831,4155,138.5,camera_3,reacquired,57
832,4160,138.667,camera_3,new_track,62
832,4160,138.667,camera_3,lost_track,59
833,4165,138.833,camera_6,lost_track,27
834,4170,139.0,camera_4,lost_track,23
834,4170,139.0,camera_5,removed,62
835,4175,139.167,camera_5,reacquired,63
835,4175,139.167,camera_5,lost_track,64
835,4175,139.167,camera_5,lost_track,65
836,4180,139.333,camera_2,lost_track,27
836,4180,139.333,camera_3,lost_track,62
836,4180,139.333,camera_5,lost_track,56
837,4185,139.5,camera_1,new_track,24
837,4185,139.5,camera_5,reacquired,64
837,4185,139.5,camera_5,lost_track,61
837,4185,139.5,camera_5,removed,47
838,4190,139.667,camera_4,new_track,24
838,4190,139.667,camera_5,new_track,66
838,4190,139.667,camera_5,new_track,67
840,4200,140.0,camera_4,lost_track,18
840,4200,140.0,camera_5,new_track,68
840,4200,140.0,camera_5,lost_track,64
841,4205,140.167,camera_4,new_track,25
841,4205,140.167,camera_4,removed,21
842,4210,140.333,camera_2,new_track,29
842,4210,140.333,camera_4,lost_track,19
843,4215,140.5,camera_1,new_track,25
843,4215,140.5,camera_4,reacquired,19
843,4215,140.5,camera_4,lost_track,24
844,4220,140.667,camera_4,removed,22
845,4225,140.833,camera_3,new_track,63
845,4225,140.833,camera_4,lost_track,25
845,4225,140.833,camera_5,new_track,69
845,4225,140.833,camera_5,lost_track,66
846,4230,141.0,camera_5,lost_track,50
847,4235,141.167,camera_4,reacquired,24
848,4240,141.333,camera_2,new_track,30
849,4245,141.5,camera_7,removed,9
850,4250,141.667,camera_3,lost_track,63
851,4255,141.833,camera_4,lost_track,24
851,4255,141.833,camera_5,reacquired,52
852,4260,142.0,camera_4,reacquired,24
852,4260,142.0,camera_6,removed,28
854,4270,142.333,camera_2,lost_track,30
854,4270,142.333,camera_4,new_track,26
854,4270,142.333,camera_5,lost_track,59
854,4270,142.333,camera_5,lost_track,67
855,4275,142.5,camera_2,new_track,31
855,4275,142.5,camera_5,new_track,70
855,4275,142.5,camera_5,reacquired,67
856,4280,142.667,camera_2,reacquired,30
856,4280,142.667,camera_5,new_track,71
856,4280,142.667,camera_5,reacquired,59
857,4285,142.833,camera_5,lost_track,59
858,4290,143.0,camera_3,removed,60
858,4290,143.0,camera_4,removed,20
858,4290,143.0,camera_5,new_track,72
858,4290,143.0,camera_5,reacquired,50
858,4290,143.0,camera_5,reacquired,61
859,4295,143.167,camera_5,reacquired,59
859,4295,143.167,camera_5,lost_track,42
859,4295,143.167,camera_5,lost_track,70
860,4300,143.333,camera_3,reacquired,63
860,4300,143.333,camera_3,lost_track,57
860,4300,143.333,camera_5,lost_track,61
861,4305,143.5,camera_2,lost_track,31
861,4305,143.5,camera_5,reacquired,66
861,4305,143.5,camera_5,lost_track,59
861,4305,143.5,camera_5,lost_track,67
861,4305,143.5,camera_5,lost_track,53
862,4310,143.667,camera_3,new_track,64
862,4310,143.667,camera_3,removed,59
862,4310,143.667,camera_4,lost_track,24
862,4310,143.667,camera_5,lost_track,63
863,4315,143.833,camera_1,new_track,26
863,4315,143.833,camera_6,removed,27
864,4320,144.0,camera_1,lost_track,24
864,4320,144.0,camera_4,removed,23
865,4325,144.167,camera_3,new_track,65
865,4325,144.167,camera_4,new_track,27
865,4325,144.167,camera_5,lost_track,52
865,4325,144.167,camera_5,removed,65
866,4330,144.333,camera_2,removed,27
866,4330,144.333,camera_3,removed,62
866,4330,144.333,camera_5,reacquired,52
866,4330,144.333,camera_5,removed,56
867,4335,144.5,camera_1,reacquired,24
867,4335,144.5,camera_2,lost_track,30
867,4335,144.5,camera_5,new_track,73
868,4340,144.667,camera_1,lost_track,24
868,4340,144.667,camera_3,lost_track,63
868,4340,144.667,camera_5,reacquired,70
868,4340,144.667,camera_5,lost_track,50
869,4345,144.833,camera_1,reacquired,24
869,4345,144.833,camera_3,lost_track,65
869,4345,144.833,camera_4,lost_track,27
870,4350,145.0,camera_1,lost_track,25
870,4350,145.0,camera_2,new_track,32
870,4350,145.0,camera_2,new_track,33
870,4350,145.0,camera_4,removed,18
870,4350,145.0,camera_5,lost_track,69
870,4350,145.0,camera_5,lost_track,71
870,4350,145.0,camera_5,removed,64
871,4355,145.167,camera_2,lost_track,29
872,4360,145.333,camera_1,lost_track,24
872,4360,145.333,camera_3,reacquired,57
872,4360,145.333,camera_3,reacquired,65
872,4360,145.333,camera_3,lost_track,64
872,4360,145.333,camera_3,lost_track,61
872,4360,145.333,camera_4,new_track,28
872,4360,145.333,camera_5,reacquired,69
872,4360,145.333,camera_5,reacquired,71
872,4360,145.333,camera_5,lost_track,72
872,4360,145.333,camera_5,lost_track,52
873,4365,145.5,camera_3,reacquired,64
873,4365,145.5,camera_5,reacquired,42
873,4365,145.5,camera_5,reacquired,52
873,4365,145.5,camera_5,reacquired,67
873,4365,145.5,camera_5,lost_track,66
874,4370,145.667,camera_5,reacquired,59
874,4370,145.667,camera_5,lost_track,42
874,4370,145.667,camera_5,lost_track,68
874,4370,145.667,camera_5,lost_track,71
875,4375,145.833,camera_3,lost_track,57
875,4375,145.833,camera_4,removed,25
875,4375,145.833,camera_5,reacquired,68
875,4375,145.833,camera_5,reacquired,72
876,4380,146.0,camera_3,reacquired,57
876,4380,146.0,camera_3,lost_track,64
876,4380,146.0,camera_3,lost_track,65
876,4380,146.0,camera_5,reacquired,50
876,4380,146.0,camera_5,reacquired,63
876,4380,146.0,camera_5,reacquired,71
877,4385,146.167,camera_1,reacquired,25
877,4385,146.167,camera_3,reacquired,64
877,4385,146.167,camera_3,lost_track,57
877,4385,146.167,camera_5,lost_track,63
878,4390,146.333,camera_1,lost_track,26
878,4390,146.333,camera_3,reacquired,57
878,4390,146.333,camera_3,lost_track,64
878,4390,146.333,camera_5,lost_track,73
878,4390,146.333,camera_5,lost_track,67
878,4390,146.333,camera_5,lost_track,69
879,4395,146.5,camera_5,reacquired,66
879,4395,146.5,camera_5,reacquired,69
879,4395,146.5,camera_5,lost_track,59
879,4395,146.5,camera_5,lost_track,71
880,4400,146.667,camera_3,lost_track,57
880,4400,146.667,camera_5,reacquired,67
881,4405,146.833,camera_1,new_track,27
881,4405,146.833,camera_1,lost_track,25
881,4405,146.833,camera_5,lost_track,72
882,4410,147.0,camera_5,new_track,74
882,4410,147.0,camera_5,reacquired,72
882,4410,147.0,camera_6,new_track,29
883,4415,147.167,camera_4,lost_track,28
883,4415,147.167,camera_5,new_track,75
883,4415,147.167,camera_5,lost_track,70
884,4420,147.333,camera_2,lost_track,33
884,4420,147.333,camera_5,lost_track,74
886,4430,147.667,camera_5,lost_track,67
886,4430,147.667,camera_5,lost_track,52
887,4435,147.833,camera_1,lost_track,27
887,4435,147.833,camera_5,reacquired,52
888,4440,148.0,camera_5,reacquired,74
889,4445,148.167,camera_5,new_track,76
889,4445,148.167,camera_5,reacquired,61
889,4445,148.167,camera_5,lost_track,74
890,4450,148.333,camera_2,lost_track,28
891,4455,148.5,camera_2,removed,31
891,4455,148.5,camera_5,removed,53
891,4455,148.5,camera_6,new_track,30
892,4460,148.667,camera_4,removed,24
892,4460,148.667,camera_6,lost_track,30
893,4465,148.833,camera_6,new_track,31
895,4475,149.167,camera_2,new_track,34
897,4485,149.5,camera_2,removed,30
897,4485,149.5,camera_5,lost_track,72
897,4485,149.5,camera_6,new_track,32
897,4485,149.5,camera_6,new_track,33
898,4490,149.667,camera_3,removed,63
898,4490,149.667,camera_5,lost_track,61
899,4495,149.833,camera_4,removed,27
900,4500,150.0,camera_2,lost_track,34
901,4505,150.167,camera_2,removed,29
901,4505,150.167,camera_5,new_track,77
902,4510,150.333,camera_1,removed,24
902,4510,150.333,camera_3,removed,61
902,4510,150.333,camera_5,new_track,78
902,4510,150.333,camera_6,new_track,34
902,4510,150.333,camera_7,lost_track,16
903,4515,150.5,camera_5,reacquired,74
903,4515,150.5,camera_5,lost_track,78
904,4520,150.667,camera_4,reacquired,28
904,4520,150.667,camera_5,lost_track,75
904,4520,150.667,camera_5,removed,42
905,4525,150.833,camera_5,new_track,79
905,4525,150.833,camera_5,reacquired,75
905,4525,150.833,camera_5,lost_track,74
906,4530,151.0,camera_2,lost_track,32
906,4530,151.0,camera_3,removed,65
906,4530,151.0,camera_4,lost_track,28
906,4530,151.0,camera_5,new_track,80
906,4530,151.0,camera_5,reacquired,73
906,4530,151.0,camera_5,lost_track,66
906,4530,151.0,camera_5,lost_track,79
907,4535,151.167,camera_5,new_track,81
907,4535,151.167,camera_5,reacquired,79
907,4535,151.167,camera_5,lost_track,77
907,4535,151.167,camera_5,removed,63
908,4540,151.333,camera_1,removed,26
908,4540,151.333,camera_3,removed,64
908,4540,151.333,camera_5,lost_track,52
908,4540,151.333,camera_6,lost_track,32
908,4540,151.333,camera_6,lost_track,33
909,4545,151.5,camera_5,reacquired,52
909,4545,151.5,camera_5,lost_track,73
909,4545,151.5,camera_5,removed,59
909,4545,151.5,camera_5,removed,71
909,4545,151.5,camera_6,lost_track,31
910,4550,151.667,camera_3,removed,57
910,4550,151.667,camera_6,reacquired,31
910,4550,151.667,camera_7,new_track,17
911,4555,151.833,camera_1,removed,25
911,4555,151.833,camera_5,new_track,82
911,4555,151.833,camera_5,reacquired,73
912,4560,152.0,camera_5,lost_track,79
913,4565,152.167,camera_5,reacquired,79
913,4565,152.167,camera_5,removed,70
913,4565,152.167,camera_6,reacquired,33
914,4570,152.333,camera_2,removed,33
914,4570,152.333,camera_5,lost_track,79
914,4570,152.333,camera_7,lost_track,17
915,4575,152.5,camera_5,lost_track,73
915,4575,152.5,camera_7,new_track,18
916,4580,152.667,camera_5,lost_track,80
916,4580,152.667,camera_5,removed,67
917,4585,152.833,camera_1,removed,27
918,4590,153.0,camera_5,new_track,83
918,4590,153.0,camera_5,reacquired,73
918,4590,153.0,camera_5,lost_track,76
919,4595,153.167,camera_5,new_track,84
919,4595,153.167,camera_5,new_track,85
919,4595,153.167,camera_5,lost_track,73
919,4595,153.167,camera_5,lost_track,83
920,4600,153.333,camera_2,removed,28
920,4600,153.333,camera_5,new_track,86
920,4600,153.333,camera_5,new_track,87
920,4600,153.333,camera_5,reacquired,79
920,4600,153.333,camera_5,reacquired,83
920,4600,153.333,camera_5,lost_track,50
920,4600,153.333,camera_5,lost_track,69
921,4605,153.5,camera_5,reacquired,73
921,4605,153.5,camera_5,lost_track,83
921,4605,153.5,camera_5,lost_track,85
922,4610,153.667,camera_5,lost_track,87
922,4610,153.667,camera_6,lost_track,33
922,4610,153.667,camera_6,removed,30
923,4615,153.833,camera_5,reacquired,87
923,4615,153.833,camera_5,lost_track,68
925,4625,154.167,camera_5,reacquired,83
925,4625,154.167,camera_5,lost_track,87
926,4630,154.333,camera_5,reacquired,80
926,4630,154.333,camera_5,lost_track,73
926,4630,154.333,camera_5,lost_track,83
926,4630,154.333,camera_6,lost_track,31
927,4635,154.5,camera_5,reacquired,83
927,4635,154.5,camera_5,removed,72
927,4635,154.5,camera_6,new_track,35
928,4640,154.667,camera_5,lost_track,82
928,4640,154.667,camera_5,removed,61
928,4640,154.667,camera_6,lost_track,35
929,4645,154.833,camera_5,reacquired,82
930,4650,155.0,camera_2,removed,34
930,4650,155.0,camera_4,new_track,29
930,4650,155.0,camera_5,reacquired,73
930,4650,155.0,camera_6,new_track,36
931,4655,155.167,camera_5,new_track,88
931,4655,155.167,camera_5,reacquired,66
931,4655,155.167,camera_5,reacquired,68
931,4655,155.167,camera_5,lost_track,84
931,4655,155.167,camera_5,lost_track,86
931,4655,155.167,camera_5,lost_track,79
932,4660,155.333,camera_5,reacquired,84
932,4660,155.333,camera_5,reacquired,86
932,4660,155.333,camera_5,lost_track,80
932,4660,155.333,camera_6,new_track,37
932,4660,155.333,camera_7,removed,16
933,4665,155.5,camera_4,lost_track,26
933,4665,155.5,camera_5,reacquired,85
933,4665,155.5,camera_5,lost_track,66
933,4665,155.5,camera_5,lost_track,83
933,4665,155.5,camera_5,removed,78
934,4670,155.667,camera_5,new_track,89
934,4670,155.667,camera_5,reacquired,66
934,4670,155.667,camera_5,lost_track,85
935,4675,155.833,camera_4,lost_track,29
935,4675,155.833,camera_5,reacquired,85
935,4675,155.833,camera_5,removed,74
935,4675,155.833,camera_6,lost_track,29
936,4680,156.0,camera_2,removed,32
936,4680,156.0,camera_4,new_track,30
936,4680,156.0,camera_4,removed,28
936,4680,156.0,camera_5,lost_track,89
936,4680,156.0,camera_5,lost_track,66
937,4685,156.167,camera_4,reacquired,26
937,4685,156.167,camera_5,removed,77
938,4690,156.333,camera_5,new_track,90
938,4690,156.333,camera_5,lost_track,52
938,4690,156.333,camera_6,removed,32
939,4695,156.5,camera_5,lost_track,68
940,4700,156.667,camera_4,lost_track,26
940,4700,156.667,camera_5,reacquired,83
940,4700,156.667,camera_6,reacquired,31
941,4705,156.833,camera_4,reacquired,26
941,4705,156.833,camera_4,reacquired,29
941,4705,156.833,camera_6,new_track,38
942,4710,157.0,camera_4,lost_track,19
942,4710,157.0,camera_4,lost_track,29
942,4710,157.0,camera_4,lost_track,30
942,4710,157.0,camera_5,reacquired,80
943,4715,157.167,camera_5,lost_track,73
943,4715,157.167,camera_6,lost_track,34
944,4720,157.333,camera_5,lost_track,80
944,4720,157.333,camera_5,lost_track,90
944,4720,157.333,camera_7,removed,17
945,4725,157.5,camera_5,reacquired,73
946,4730,157.667,camera_6,lost_track,36
946,4730,157.667,camera_6,lost_track,31
946,4730,157.667,camera_7,new_track,19
947,4735,157.833,camera_5,new_track,91
947,4735,157.833,camera_5,lost_track,81
947,4735,157.833,camera_6,lost_track,38
948,4740,158.0,camera_4,reacquired,29
948,4740,158.0,camera_5,lost_track,84
948,4740,158.0,camera_5,removed,76
948,4740,158.0,camera_6,reacquired,31
948,4740,158.0,camera_7,lost_track,19
949,4745,158.167,camera_5,new_track,92
949,4745,158.167,camera_5,new_track,93
949,4745,158.167,camera_5,lost_track,88
950,4750,158.333,camera_2,new_track,35
950,4750,158.333,camera_5,lost_track,73
950,4750,158.333,camera_5,lost_track,82
950,4750,158.333,camera_5,removed,50
950,4750,158.333,camera_5,removed,69
950,4750,158.333,camera_7,new_track,20
951,4755,158.5,camera_5,reacquired,81
951,4755,158.5,camera_5,lost_track,86
951,4755,158.5,camera_6,lost_track,31
951,4755,158.5,camera_7,reacquired,19
952,4760,158.667,camera_5,new_track,94
952,4760,158.667,camera_5,lost_track,75
952,4760,158.667,camera_6,reacquired,38
952,4760,158.667,camera_6,lost_track,37
952,4760,158.667,camera_6,removed,33
953,4765,158.833,camera_4,new_track,31
953,4765,158.833,camera_5,new_track,95
954,4770,159.0,camera_5,new_track,96
954,4770,159.0,camera_5,reacquired,86
954,4770,159.0,camera_5,lost_track,92
954,4770,159.0,camera_6,lost_track,38
955,4775,159.167,camera_4,lost_track,26
955,4775,159.167,camera_5,reacquired,75
955,4775,159.167,camera_5,lost_track,91
955,4775,159.167,camera_5,removed,87
956,4780,159.333,camera_4,reacquired,26
956,4780,159.333,camera_4,lost_track,31
957,4785,159.5,camera_5,new_track,97
958,4790,159.667,camera_6,removed,35
960,4800,160.0,camera_4,new_track,32
961,4805,160.167,camera_5,lost_track,86
961,4805,160.167,camera_5,lost_track,95
961,4805,160.167,camera_5,removed,79
961,4805,160.167,camera_7,lost_track,20
962,4810,160.333,camera_4,new_track,33
962,4810,160.333,camera_5,new_track,98
962,4810,160.333,camera_7,new_track,21
963,4815,160.5,camera_5,new_track,99
964,4820,160.667,camera_4,new_track,34
964,4820,160.667,camera_4,lost_track,33
964,4820,160.667,camera_5,reacquired,95
964,4820,160.667,camera_5,lost_track,93
965,4825,160.833,camera_4,lost_track,34
965,4825,160.833,camera_6,removed,29
966,4830,161.0,camera_5,new_track,100
966,4830,161.0,camera_5,lost_track,83
966,4830,161.0,camera_5,lost_track,99
966,4830,161.0,camera_5,lost_track,85
966,4830,161.0,camera_5,removed,89
966,4830,161.0,camera_5,removed,66
967,4835,161.167,camera_2,new_track,36
967,4835,161.167,camera_4,new_track,35
967,4835,161.167,camera_5,new_track,101
967,4835,161.167,camera_5,lost_track,97
967,4835,161.167,camera_7,lost_track,21
968,4840,161.333,camera_2,lost_track,36
968,4840,161.333,camera_5,new_track,102
968,4840,161.333,camera_5,lost_track,98
968,4840,161.333,camera_5,lost_track,75
968,4840,161.333,camera_5,removed,52
969,4845,161.5,camera_2,reacquired,36
969,4845,161.5,camera_4,reacquired,31
969,4845,161.5,camera_4,lost_track,35
969,4845,161.5,camera_5,new_track,103
969,4845,161.5,camera_5,removed,68
970,4850,161.667,camera_5,new_track,104
971,4855,161.833,camera_2,lost_track,36
971,4855,161.833,camera_5,lost_track,95
971,4855,161.833,camera_5,lost_track,103
972,4860,162.0,camera_2,reacquired,36
972,4860,162.0,camera_4,removed,19
972,4860,162.0,camera_4,removed,30
972,4860,162.0,camera_5,lost_track,94
973,4865,162.167,camera_6,removed,34
974,4870,162.333,camera_3,new_track,66
974,4870,162.333,camera_5,new_track,105
974,4870,162.333,camera_5,removed,80
974,4870,162.333,camera_5,removed,90
975,4875,162.5,camera_5,lost_track,104
976,4880,162.667,camera_2,lost_track,35
976,4880,162.667,camera_4,reacquired,33
976,4880,162.667,camera_4,lost_track,29
976,4880,162.667,camera_6,removed,36
977,4885,162.833,camera_4,new_track,36
977,4885,162.833,camera_5,lost_track,105
978,4890,163.0,camera_4,lost_track,26
978,4890,163.0,camera_5,removed,84
979,4895,163.167,camera_4,lost_track,33
979,4895,163.167,camera_5,new_track,106
979,4895,163.167,camera_5,new_track,107
979,4895,163.167,camera_5,removed,88
980,4900,163.333,camera_5,lost_track,81
980,4900,163.333,camera_5,removed,73
980,4900,163.333,camera_5,removed,82
981,4905,163.5,camera_5,reacquired,81
981,4905,163.5,camera_5,lost_track,102
981,4905,163.5,camera_6,removed,31
982,4910,163.667,camera_2,new_track,37
982,4910,163.667,camera_5,lost_track,106
982,4910,163.667,camera_6,removed,37
983,4915,163.833,camera_3,new_track,67
983,4915,163.833,camera_4,reacquired,34
983,4915,163.833,camera_4,lost_track,36
983,4915,163.833,camera_5,new_track,108
984,4920,164.0,camera_4,lost_track,34
984,4920,164.0,camera_5,removed,92
984,4920,164.0,camera_6,removed,38
985,4925,164.167,camera_5,reacquired,102
985,4925,164.167,camera_5,removed,91
986,4930,164.333,camera_1,new_track,28
986,4930,164.333,camera_2,new_track,38
986,4930,164.333,camera_5,lost_track,107
989,4945,164.833,camera_5,reacquired,85
990,4950,165.0,camera_4,lost_track,32
990,4950,165.0,camera_5,lost_track,108
991,4955,165.167,camera_1,new_track,29
991,4955,165.167,camera_5,removed,86
991,4955,165.167,camera_7,new_track,22
991,4955,165.167,camera_7,removed,20
992,4960,165.333,camera_3,new_track,68
992,4960,165.333,camera_5,new_track,109
992,4960,165.333,camera_5,lost_track,96
993,4965,165.5,camera_5,reacquired,108
993,4965,165.5,camera_5,lost_track,85
994,4970,165.667,camera_1,lost_track,28
994,4970,165.667,camera_2,new_track,39
994,4970,165.667,camera_5,removed,93
995,4975,165.833,camera_3,new_track,69
996,4980,166.0,camera_5,removed,83
996,4980,166.0,camera_5,removed,99
997,4985,166.167,camera_3,lost_track,69
997,4985,166.167,camera_5,new_track,110
997,4985,166.167,camera_5,lost_track,101
997,4985,166.167,camera_5,lost_track,102
997,4985,166.167,camera_5,removed,97
997,4985,166.167,camera_7,removed,21
998,4990,166.333,camera_1,new_track,30
998,4990,166.333,camera_5,reacquired,101
998,4990,166.333,camera_5,removed,98
998,4990,166.333,camera_5,removed,75
998,4990,166.333,camera_7,lost_track,22
999,4995,166.5,camera_4,removed,35
999,4995,166.5,camera_5,new_track,111
1001,5005,166.833,camera_5,lost_track,109
1001,5005,166.833,camera_5,lost_track,111
1001,5005,166.833,camera_5,removed,95
1001,5005,166.833,camera_5,removed,103
1002,5010,167.0,camera_3,lost_track,67
1002,5010,167.0,camera_5,removed,94
1003,5015,167.167,camera_1,lost_track,30
1003,5015,167.167,camera_2,lost_track,38
1005,5025,167.5,camera_5,removed,104
1006,5030,167.667,camera_2,removed,35
1006,5030,167.667,camera_4,removed,29
1006,5030,167.667,camera_5,lost_track,110
1007,5035,167.833,camera_5,new_track,112
1007,5035,167.833,camera_5,lost_track,101
1007,5035,167.833,camera_5,removed,105
1008,5040,168.0,camera_4,removed,26
1009,5045,168.167,camera_2,lost_track,36
1009,5045,168.167,camera_4,removed,33
1009,5045,168.167,camera_5,new_track,113
1009,5045,168.167,camera_5,new_track,114
1011,5055,168.5,camera_5,reacquired,101
1012,5060,168.667,camera_5,new_track,115
1012,5060,168.667,camera_5,lost_track,113
1012,5060,168.667,camera_5,removed,106
1013,5065,168.833,camera_4,removed,36
1013,5065,168.833,camera_5,lost_track,101
1014,5070,169.0,camera_4,removed,34
1015,5075,169.167,camera_3,lost_track,66
1015,5075,169.167,camera_5,reacquired,110
1016,5080,169.333,camera_3,new_track,70
1016,5080,169.333,camera_3,lost_track,68
1016,5080,169.333,camera_5,new_track,116
1016,5080,169.333,camera_5,lost_track,115
1016,5080,169.333,camera_5,lost_track,110
1016,5080,169.333,camera_5,removed,107
1016,5080,169.333,camera_7,reacquired,22
1017,5085,169.5,camera_5,new_track,117
1017,5085,169.5,camera_5,reacquired,110
1017,5085,169.5,camera_5,reacquired,115
1017,5085,169.5,camera_5,lost_track,116
1018,5090,169.667,camera_5,lost_track,114
1018,5090,169.667,camera_5,lost_track,110
1020,5100,170.0,camera_3,new_track,71
1020,5100,170.0,camera_4,removed,32
1021,5105,170.167,camera_5,lost_track,100
1022,5110,170.333,camera_5,removed,96
1023,5115,170.5,camera_5,removed,85
1024,5120,170.667,camera_1,removed,28
1024,5120,170.667,camera_4,lost_track,31
1026,5130,171.0,camera_1,reacquired,30
1026,5130,171.0,camera_2,new_track,40
1027,5135,171.167,camera_3,removed,69
1027,5135,171.167,camera_5,removed,102
1028,5140,171.333,camera_1,new_track,31
1028,5140,171.333,camera_5,reacquired,114
1029,5145,171.5,camera_1,lost_track,30
1029,5145,171.5,camera_5,new_track,118
1030,5150,171.667,camera_2,lost_track,40
1030,5150,171.667,camera_5,reacquired,116
1030,5150,171.667,camera_5,lost_track,114
1031,5155,171.833,camera_2,reacquired,40
1031,5155,171.833,camera_5,reacquired,114
1031,5155,171.833,camera_5,removed,109
1031,5155,171.833,camera_5,removed,111
1032,5160,172.0,camera_3,new_track,72
1032,5160,172.0,camera_3,removed,67
1032,5160,172.0,camera_5,lost_track,81
1033,5165,172.167,camera_2,removed,38
1033,5165,172.167,camera_5,lost_track,117
1034,5170,172.333,camera_1,new_track,32
1034,5170,172.333,camera_5,reacquired,117
1035,5175,172.5,camera_5,reacquired,100
1035,5175,172.5,camera_5,lost_track,108
1035,5175,172.5,camera_5,lost_track,118
1036,5180,172.667,camera_2,lost_track,37
1036,5180,172.667,camera_5,reacquired,118
1036,5180,172.667,camera_5,lost_track,114
1037,5185,172.833,camera_2,new_track,41
1037,5185,172.833,camera_5,reacquired,114
1037,5185,172.833,camera_5,lost_track,100
1037,5185,172.833,camera_7,lost_track,22
1038,5190,173.0,camera_5,lost_track,115
1039,5195,173.167,camera_2,removed,36
1039,5195,173.167,camera_5,lost_track,116
1039,5195,173.167,camera_5,lost_track,117
1040,5200,173.333,camera_5,reacquired,117
1042,5210,173.667,camera_5,lost_track,114
1042,5210,173.667,camera_5,removed,113
1043,5215,173.833,camera_3,new_track,73
1043,5215,173.833,camera_5,lost_track,118
1043,5215,173.833,camera_5,removed,101
1045,5225,174.167,camera_3,removed,66
1046,5230,174.333,camera_1,lost_track,31
1046,5230,174.333,camera_3,removed,68
1047,5235,174.5,camera_1,lost_track,32
1048,5240,174.667,camera_5,removed,110
1048,5240,174.667,camera_7,reacquired,22
1050,5250,175.0,camera_3,new_track,74
1050,5250,175.0,camera_5,reacquired,108
1050,5250,175.0,camera_5,reacquired,116
1051,5255,175.167,camera_1,new_track,33
1053,5265,175.5,camera_3,new_track,75
1054,5270,175.667,camera_3,new_track,76
1054,5270,175.667,camera_4,removed,31
1054,5270,175.667,camera_7,lost_track,22
1055,5275,175.833,camera_1,reacquired,31
1055,5275,175.833,camera_5,reacquired,118
1056,5280,176.0,camera_2,new_track,42
1056,5280,176.0,camera_3,lost_track,75
1056,5280,176.0,camera_5,new_track,119
1056,5280,176.0,camera_5,lost_track,108
1058,5290,176.333,camera_1,lost_track,29
1058,5290,176.333,camera_5,lost_track,119
1059,5295,176.5,camera_1,removed,30
1059,5295,176.5,camera_5,new_track,120
1060,5300,176.667,camera_7,new_track,23
1062,5310,177.0,camera_5,removed,81
1063,5315,177.167,camera_4,new_track,37
1066,5330,177.667,camera_2,removed,37
1067,5335,177.833,camera_1,new_track,34
1067,5335,177.833,camera_5,lost_track,117
1067,5335,177.833,camera_5,removed,100
1068,5340,178.0,camera_5,lost_track,112
1068,5340,178.0,camera_5,removed,115
1070,5350,178.333,camera_7,lost_track,23
1071,5355,178.5,camera_2,new_track,43
1072,5360,178.667,camera_2,lost_track,39
1072,5360,178.667,camera_5,removed,114
1072,5360,178.667,camera_7,reacquired,23
1073,5365,178.833,camera_6,new_track,39
1074,5370,179.0,camera_5,new_track,121
1075,5375,179.167,camera_5,new_track,122
1075,5375,179.167,camera_5,reacquired,112
1075,5375,179.167,camera_6,new_track,40
1076,5380,179.333,camera_4,new_track,38
1076,5380,179.333,camera_5,lost_track,120
1076,5380,179.333,camera_5,lost_track,122
1076,5380,179.333,camera_7,lost_track,23
1077,5385,179.5,camera_1,removed,32
1077,5385,179.5,camera_5,lost_track,112
1079,5395,179.833,camera_5,lost_track,116
1079,5395,179.833,camera_6,lost_track,40
1080,5400,180.0,camera_4,lost_track,38
1081,5405,180.167,camera_6,new_track,41
1082,5410,180.333,camera_3,new_track,77
1082,5410,180.333,camera_3,lost_track,70
1082,5410,180.333,camera_4,new_track,39
1083,5415,180.5,camera_4,lost_track,39
1083,5415,180.5,camera_7,lost_track,1
1084,5420,180.667,camera_3,new_track,78
1084,5420,180.667,camera_3,lost_track,76
1084,5420,180.667,camera_6,new_track,42
1084,5420,180.667,camera_7,removed,22
1085,5425,180.833,camera_3,new_track,79
1086,5430,181.0,camera_2,reacquired,39
1086,5430,181.0,camera_3,lost_track,77
1086,5430,181.0,camera_3,removed,75
1086,5430,181.0,camera_5,removed,108
1087,5435,181.167,camera_2,new_track,44
1087,5435,181.167,camera_5,reacquired,122
1088,5440,181.333,camera_1,removed,29
1088,5440,181.333,camera_2,lost_track,43
1088,5440,181.333,camera_3,lost_track,71
1088,5440,181.333,camera_5,lost_track,121
1088,5440,181.333,camera_5,removed,119
1088,5440,181.333,camera_6,lost_track,42
1089,5445,181.5,camera_3,reacquired,71
1090,5450,181.667,camera_6,new_track,43
1091,5455,181.833,camera_6,new_track,44
1091,5455,181.833,camera_6,reacquired,42
1091,5455,181.833,camera_6,lost_track,43
1092,5460,182.0,camera_1,lost_track,34
1092,5460,182.0,camera_2,reacquired,43
1093,5465,182.167,camera_2,lost_track,40
1093,5465,182.167,camera_2,lost_track,43
1093,5465,182.167,camera_4,reacquired,39
1093,5465,182.167,camera_4,lost_track,37
1093,5465,182.167,camera_5,lost_track,122
1093,5465,182.167,camera_6,lost_track,44
1093,5465,182.167,camera_7,lost_track,19
1094,5470,182.333,camera_4,lost_track,39
1095,5475,182.5,camera_6,new_track,45
1096,5480,182.667,camera_4,new_track,40
1096,5480,182.667,camera_5,reacquired,121
1096,5480,182.667,camera_6,lost_track,45
1097,5485,182.833,camera_5,removed,117
1097,5485,182.833,camera_6,reacquired,44
1097,5485,182.833,camera_6,lost_track,42
1097,5485,182.833,camera_6,lost_track,39
1098,5490,183.0,camera_3,reacquired,77
1098,5490,183.0,camera_3,lost_track,79
1100,5500,183.333,camera_1,lost_track,33
1100,5500,183.333,camera_3,lost_track,77
1100,5500,183.333,camera_5,lost_track,121
1101,5505,183.5,camera_2,new_track,45
1101,5505,183.5,camera_3,reacquired,77
1102,5510,183.667,camera_3,reacquired,79
1102,5510,183.667,camera_3,lost_track,77
1102,5510,183.667,camera_5,lost_track,118
1102,5510,183.667,camera_6,lost_track,41
1103,5515,183.833,camera_1,new_track,35
1103,5515,183.833,camera_3,lost_track,78
1103,5515,183.833,camera_6,new_track,46
1104,5520,184.0,camera_6,lost_track,46
1105,5525,184.167,camera_3,reacquired,70
1106,5530,184.333,camera_2,lost_track,44
1106,5530,184.333,camera_5,removed,120
1106,5530,184.333,camera_7,removed,23
1107,5535,184.5,camera_3,new_track,80
1107,5535,184.5,camera_5,new_track,123
1107,5535,184.5,camera_5,removed,112
1109,5545,184.833,camera_5,removed,116
1109,5545,184.833,camera_6,removed,40
1110,5550,185.0,camera_4,removed,38
1111,5555,185.167,camera_6,lost_track,44
1112,5560,185.333,camera_1,new_track,36
1112,5560,185.333,camera_5,new_track,124
1113,5565,185.5,camera_7,removed,1
1114,5570,185.667,camera_1,reacquired,33
1114,5570,185.667,camera_1,lost_track,36
1114,5570,185.667,camera_3,removed,76
1115,5575,185.833,camera_1,lost_track,33
1116,5580,186.0,camera_3,lost_track,80
1116,5580,186.0,camera_3,lost_track,71
1117,5585,186.167,camera_3,reacquired,80
1118,5590,186.333,camera_5,new_track,125
1118,5590,186.333,camera_5,lost_track,123
1119,5595,186.5,camera_2,new_track,46
1120,5600,186.667,camera_4,lost_track,40
1121,5605,186.833,camera_5,new_track,126
1121,5605,186.833,camera_5,reacquired,123
1121,5605,186.833,camera_5,lost_track,125
1121,5605,186.833,camera_6,removed,43
1122,5610,187.0,camera_1,removed,34
1122,5610,187.0,camera_2,lost_track,46
1123,5615,187.167,camera_2,removed,40
1123,5615,187.167,camera_2,removed,43
1123,5615,187.167,camera_3,lost_track,70
1123,5615,187.167,camera_4,removed,37
1123,5615,187.167,camera_5,removed,122
1123,5615,187.167,camera_7,removed,19
1124,5620,187.333,camera_4,removed,39
1124,5620,187.333,camera_5,lost_track,123
1125,5625,187.5,camera_2,new_track,47
1125,5625,187.5,camera_4,new_track,41
1126,5630,187.667,camera_6,removed,45
1127,5635,187.833,camera_6,removed,42
1127,5635,187.833,camera_6,removed,39
1128,5640,188.0,camera_1,reacquired,33
1128,5640,188.0,camera_2,new_track,48
1128,5640,188.0,camera_4,lost_track,41
1129,5645,188.167,camera_2,lost_track,47
1130,5650,188.333,camera_5,removed,121
1131,5655,188.5,camera_1,lost_track,33
1131,5655,188.5,camera_2,lost_track,45
1132,5660,188.667,camera_3,removed,77
1132,5660,188.667,camera_5,new_track,128
1132,5660,188.667,camera_5,new_track,127
1132,5660,188.667,camera_5,removed,118
1132,5660,188.667,camera_6,removed,41
1133,5665,188.833,camera_3,removed,78
1133,5665,188.833,camera_4,new_track,42
1134,5670,189.0,camera_1,reacquired,33
1134,5670,189.0,camera_2,new_track,49
1134,5670,189.0,camera_6,removed,46
1135,5675,189.167,camera_5,lost_track,128
1136,5680,189.333,camera_2,removed,44
1137,5685,189.5,camera_2,lost_track,49
1138,5690,189.667,camera_2,reacquired,45
1138,5690,189.667,camera_5,lost_track,124
1139,5695,189.833,camera_1,lost_track,33
1139,5695,189.833,camera_5,new_track,129
1139,5695,189.833,camera_5,new_track,130
1140,5700,190.0,camera_3,new_track,81
1140,5700,190.0,camera_3,new_track,82
1140,5700,190.0,camera_4,new_track,43
1141,5705,190.167,camera_6,removed,44
1143,5715,190.5,camera_2,reacquired,49
1143,5715,190.5,camera_2,lost_track,41
1144,5720,190.667,camera_1,removed,36
1144,5720,190.667,camera_2,new_track,50
1144,5720,190.667,camera_2,lost_track,49
1144,5720,190.667,camera_4,lost_track,43
1144,5720,190.667,camera_5,lost_track,127
1146,5730,191.0,camera_3,removed,71
1147,5735,191.167,camera_1,reacquired,33
1147,5735,191.167,camera_3,lost_track,82
1147,5735,191.167,camera_3,lost_track,79
1147,5735,191.167,camera_5,reacquired,124
1148,5740,191.333,camera_3,reacquired,82
1149,5745,191.5,camera_3,lost_track,82
1149,5745,191.5,camera_5,new_track,131
1150,5750,191.667,camera_4,removed,40
1150,5750,191.667,camera_5,new_track,132
1151,5755,191.833,camera_5,lost_track,130
1151,5755,191.833,camera_5,removed,125
1152,5760,192.0,camera_1,lost_track,33
1152,5760,192.0,camera_2,removed,46
1153,5765,192.167,camera_1,reacquired,33
1153,5765,192.167,camera_1,lost_track,35
1153,5765,192.167,camera_3,new_track,83
1153,5765,192.167,camera_3,removed,70
1154,5770,192.333,camera_5,removed,123
1157,5785,192.833,camera_3,lost_track,83
1157,5785,192.833,camera_5,new_track,133
1157,5785,192.833,camera_5,lost_track,124
1158,5790,193.0,camera_1,lost_track,33
1158,5790,193.0,camera_3,new_track,84
1158,5790,193.0,camera_4,removed,41
1159,5795,193.167,camera_1,reacquired,35
1159,5795,193.167,camera_2,lost_track,45
1159,5795,193.167,camera_2,removed,47
1159,5795,193.167,camera_5,reacquired,124
1159,5795,193.167,camera_5,lost_track,132
1160,5800,193.333,camera_2,lost_track,48
1161,5805,193.5,camera_6,new_track,47
1163,5815,193.833,camera_3,lost_track,74
1163,5815,193.833,camera_6,new_track,48
1163,5815,193.833,camera_7,lost_track,18
1164,5820,194.0,camera_5,new_track,134
1165,5825,194.167,camera_2,new_track,51
1165,5825,194.167,camera_5,removed,128
1166,5830,194.333,camera_2,lost_track,51
1166,5830,194.333,camera_3,reacquired,82
1166,5830,194.333,camera_3,lost_track,84
1166,5830,194.333,camera_5,new_track,135
1166,5830,194.333,camera_5,lost_track,124
1166,5830,194.333,camera_6,lost_track,48
1167,5835,194.5,camera_2,lost_track,50
1167,5835,194.5,camera_3,lost_track,73
1168,5840,194.667,camera_2,new_track,52
1168,5840,194.667,camera_2,new_track,53
1169,5845,194.833,camera_1,new_track,37
1169,5845,194.833,camera_5,lost_track,135
1170,5850,195.0,camera_1,reacquired,33
1170,5850,195.0,camera_2,lost_track,53
1170,5850,195.0,camera_3,lost_track,81
1170,5850,195.0,camera_3,lost_track,82
1170,5850,195.0,camera_5,lost_track,131
1170,5850,195.0,camera_5,lost_track,133
1172,5860,195.333,camera_2,reacquired,51
1172,5860,195.333,camera_2,lost_track,42
1172,5860,195.333,camera_5,new_track,136
1173,5865,195.5,camera_2,lost_track,51
1173,5865,195.5,camera_2,removed,41
1173,5865,195.5,camera_5,new_track,137
1174,5870,195.667,camera_2,removed,49
1174,5870,195.667,camera_3,reacquired,82
1174,5870,195.667,camera_3,lost_track,72
1174,5870,195.667,camera_4,removed,43
1174,5870,195.667,camera_5,new_track,138
1174,5870,195.667,camera_5,removed,127
1176,5880,196.0,camera_2,reacquired,53
1176,5880,196.0,camera_3,lost_track,82
1176,5880,196.0,camera_5,reacquired,135
1176,5880,196.0,camera_5,lost_track,136
1177,5885,196.167,camera_2,new_track,54
1177,5885,196.167,camera_2,lost_track,53
1177,5885,196.167,camera_3,removed,79
1177,5885,196.167,camera_5,reacquired,136
1177,5885,196.167,camera_5,lost_track,138
1178,5890,196.333,camera_5,reacquired,138
1179,5895,196.5,camera_5,lost_track,137
1180,5900,196.667,camera_2,lost_track,54
1180,5900,196.667,camera_5,new_track,139
1181,5905,196.833,camera_2,lost_track,52
1181,5905,196.833,camera_5,lost_track,138
1181,5905,196.833,camera_5,removed,130
1181,5905,196.833,camera_6,lost_track,47
1182,5910,197.0,camera_5,reacquired,131
1182,5910,197.0,camera_5,reacquired,138
1184,5920,197.333,camera_1,lost_track,37
1184,5920,197.333,camera_5,lost_track,131
1185,5925,197.5,camera_3,new_track,85
1185,5925,197.5,camera_5,lost_track,126
1186,5930,197.667,camera_2,new_track,55
1186,5930,197.667,camera_5,new_track,140
1186,5930,197.667,camera_5,lost_track,139
1187,5935,197.833,camera_3,removed,83
1187,5935,197.833,camera_5,reacquired,133
1187,5935,197.833,camera_5,reacquired,137
1189,5945,198.167,camera_1,lost_track,33
1189,5945,198.167,camera_2,removed,45
1189,5945,198.167,camera_5,lost_track,138
1189,5945,198.167,camera_5,removed,132
1190,5950,198.333,camera_2,removed,48
1191,5955,198.5,camera_5,new_track,141
1191,5955,198.5,camera_5,new_track,142
1191,5955,198.5,camera_5,new_track,143
1191,5955,198.5,camera_5,reacquired,126
1191,5955,198.5,camera_5,reacquired,139
1191,5955,198.5,camera_5,lost_track,134
1192,5960,198.667,camera_4,new_track,44
1193,5965,198.833,camera_3,removed,74
1193,5965,198.833,camera_4,lost_track,44
1193,5965,198.833,camera_5,lost_track,140
1193,5965,198.833,camera_7,removed,18
1194,5970,199.0,camera_4,new_track,45
1194,5970,199.0,camera_5,new_track,144
1195,5975,199.167,camera_2,lost_track,39
1195,5975,199.167,camera_4,lost_track,45
1196,5980,199.333,camera_2,new_track,56
1196,5980,199.333,camera_3,removed,84
1196,5980,199.333,camera_5,lost_track,136
1196,5980,199.333,camera_5,removed,124
1196,5980,199.333,camera_6,removed,48
1197,5985,199.5,camera_2,reacquired,39
1197,5985,199.5,camera_2,lost_track,55
1197,5985,199.5,camera_2,removed,50
1197,5985,199.5,camera_3,removed,73
1197,5985,199.5,camera_5,lost_track,142
1198,5990,199.667,camera_2,lost_track,39
1198,5990,199.667,camera_5,reacquired,142
1198,5990,199.667,camera_5,lost_track,135
1199,5995,199.833,camera_3,new_track,86
1199,5995,199.833,camera_3,lost_track,85
1199,5995,199.833,camera_4,new_track,46
1199,5995,199.833,camera_4,reacquired,44
1199,5995,199.833,camera_4,lost_track,42
1199,5995,199.833,camera_5,lost_track,142
1200,6000,200.0,camera_3,removed,81
1200,6000,200.0,camera_5,lost_track,139
1201,6005,200.167,camera_1,new_track,38
1201,6005,200.167,camera_5,lost_track,137
1202,6010,200.333,camera_2,removed,42
1202,6010,200.333,camera_3,reacquired,85
1202,6010,200.333,camera_4,reacquired,45
1202,6010,200.333,camera_4,lost_track,44
1202,6010,200.333,camera_4,lost_track,46
1202,6010,200.333,camera_5,reacquired,134
1203,6015,200.5,camera_2,removed,51
1203,6015,200.5,camera_4,new_track,47
1204,6020,200.667,camera_3,removed,72
1204,6020,200.667,camera_4,lost_track,45
1204,6020,200.667,camera_5,lost_track,143
1205,6025,200.833,camera_5,lost_track,129
1206,6030,201.0,camera_3,removed,82
1207,6035,201.167,camera_2,removed,53
1208,6040,201.333,camera_2,new_track,57
1208,6040,201.333,camera_6,new_track,49
1210,6050,201.667,camera_2,removed,54
1211,6055,201.833,camera_2,removed,52
1211,6055,201.833,camera_3,lost_track,85
1211,6055,201.833,camera_5,lost_track,141
1211,6055,201.833,camera_6,removed,47
1213,6065,202.167,camera_2,lost_track,56
1213,6065,202.167,camera_4,reacquired,42
1213,6065,202.167,camera_4,lost_track,47
1214,6070,202.333,camera_1,removed,37
1214,6070,202.333,camera_5,lost_track,133
1214,6070,202.333,camera_5,removed,131
1214,6070,202.333,camera_6,new_track,50
1215,6075,202.5,camera_3,reacquired,85
1215,6075,202.5,camera_5,lost_track,126
1217,6085,202.833,camera_5,reacquired,135
1218,6090,203.0,camera_2,new_track,58
1218,6090,203.0,camera_6,new_track,51
1219,6095,203.167,camera_1,removed,33
1219,6095,203.167,camera_3,new_track,87
1219,6095,203.167,camera_5,lost_track,135
1219,6095,203.167,camera_5,removed,138
1221,6105,203.5,camera_5,lost_track,134
1221,6105,203.5,camera_6,new_track,52
1222,6110,203.667,camera_6,new_track,53
1223,6115,203.833,camera_1,new_track,39
1223,6115,203.833,camera_3,lost_track,87
1223,6115,203.833,camera_5,removed,140
1224,6120,204.0,camera_6,lost_track,52
1225,6125,204.167,camera_2,new_track,59
1225,6125,204.167,camera_2,lost_track,57
1225,6125,204.167,camera_7,new_track,24
1226,6130,204.333,camera_1,new_track,40
1226,6130,204.333,camera_5,removed,136
1227,6135,204.5,camera_2,lost_track,59
1227,6135,204.5,camera_2,removed,55
1227,6135,204.5,camera_6,lost_track,49
1228,6140,204.667,camera_2,removed,39
1229,6145,204.833,camera_1,lost_track,39
1229,6145,204.833,camera_3,new_track,88
1229,6145,204.833,camera_5,removed,142
1229,6145,204.833,camera_6,new_track,54
1230,6150,205.0,camera_5,removed,139
1231,6155,205.167,camera_3,lost_track,85
1231,6155,205.167,camera_5,removed,137
1232,6160,205.333,camera_1,new_track,41
1232,6160,205.333,camera_4,removed,44
1232,6160,205.333,camera_4,removed,46
1233,6165,205.5,camera_3,reacquired,85
1233,6165,205.5,camera_4,lost_track,42
1234,6170,205.667,camera_4,removed,45
1234,6170,205.667,camera_5,removed,143
1234,6170,205.667,camera_7,new_track,25
1235,6175,205.833,camera_5,removed,129
1236,6180,206.0,camera_1,lost_track,35
1238,6190,206.333,camera_1,lost_track,41
1239,6195,206.5,camera_1,reacquired,41
1241,6205,206.833,camera_1,new_track,42
1241,6205,206.833,camera_5,removed,141
1241,6205,206.833,camera_7,lost_track,25
1243,6215,207.167,camera_2,removed,56
1243,6215,207.167,camera_4,removed,47
1243,6215,207.167,camera_6,new_track,55
1243,6215,207.167,camera_7,lost_track,24
1244,6220,207.333,camera_1,lost_track,41
1244,6220,207.333,camera_2,lost_track,58
1244,6220,207.333,camera_5,removed,133
1244,6220,207.333,camera_7,new_track,26
1245,6225,207.5,camera_1,lost_track,42
1245,6225,207.5,camera_5,removed,126
1246,6230,207.667,camera_1,reacquired,42
1246,6230,207.667,camera_6,lost_track,55
1248,6240,208.0,camera_7,new_track,27
1249,6245,208.167,camera_1,lost_track,42
1249,6245,208.167,camera_5,removed,135
1249,6245,208.167,camera_7,lost_track,26
1250,6250,208.333,camera_6,reacquired,52
1250,6250,208.333,camera_6,lost_track,50
1250,6250,208.333,camera_7,new_track,28
1251,6255,208.5,camera_5,removed,134
1252,6260,208.667,camera_1,lost_track,40
1253,6265,208.833,camera_1,reacquired,41
1253,6265,208.833,camera_3,removed,87
1254,6270,209.0,camera_6,new_track,56
1255,6275,209.167,camera_1,lost_track,41
1255,6275,209.167,camera_2,removed,57
1255,6275,209.167,camera_7,new_track,29
1255,6275,209.167,camera_7,new_track,30
1256,6280,209.333,camera_3,new_track,89
1257,6285,209.5,camera_2,removed,59
1257,6285,209.5,camera_6,new_track,57
1257,6285,209.5,camera_6,removed,49
1258,6290,209.667,camera_3,new_track,90
1259,6295,209.833,camera_1,removed,39
1259,6295,209.833,camera_6,lost_track,57
1259,6295,209.833,camera_7,lost_track,30
1262,6310,210.333,camera_2,new_track,60
1263,6315,210.5,camera_4,removed,42
1265,6325,210.833,camera_1,new_track,43
1266,6330,211.0,camera_1,removed,35
1266,6330,211.0,camera_3,lost_track,86
1266,6330,211.0,camera_6,lost_track,56
1269,6345,211.5,camera_3,reacquired,86
1269,6345,211.5,camera_3,lost_track,85
1269,6345,211.5,camera_5,new_track,145
1269,6345,211.5,camera_5,new_track,146
1269,6345,211.5,camera_6,reacquired,56
1269,6345,211.5,camera_7,lost_track,29
1271,6355,211.833,camera_1,new_track,44
1271,6355,211.833,camera_7,new_track,31
1271,6355,211.833,camera_7,reacquired,29
1271,6355,211.833,camera_7,removed,25
1272,6360,212.0,camera_3,reacquired,85
1272,6360,212.0,camera_7,lost_track,29
1273,6365,212.167,camera_1,lost_track,43
1273,6365,212.167,camera_3,lost_track,85
1273,6365,212.167,camera_6,new_track,58
1273,6365,212.167,camera_7,lost_track,28
1273,6365,212.167,camera_7,lost_track,31
1273,6365,212.167,camera_7,removed,24
1274,6370,212.333,camera_2,removed,58
1274,6370,212.333,camera_3,reacquired,85
1274,6370,212.333,camera_6,new_track,59
1275,6375,212.5,camera_5,new_track,147
1275,6375,212.5,camera_6,lost_track,54
1275,6375,212.5,camera_7,new_track,32
1276,6380,212.667,camera_1,new_track,45
1276,6380,212.667,camera_1,new_track,46
1276,6380,212.667,camera_1,lost_track,44
1276,6380,212.667,camera_4,new_track,48
1276,6380,212.667,camera_6,new_track,60
1276,6380,212.667,camera_6,removed,55
1277,6385,212.833,camera_4,lost_track,48
1277,6385,212.833,camera_6,lost_track,58
1278,6390,213.0,camera_3,lost_track,80
1279,6395,213.167,camera_1,lost_track,46
1279,6395,213.167,camera_1,removed,42
1279,6395,213.167,camera_6,lost_track,59
1279,6395,213.167,camera_7,lost_track,32
1279,6395,213.167,camera_7,removed,26
1280,6400,213.333,camera_6,new_track,61
1280,6400,213.333,camera_6,lost_track,56
1280,6400,213.333,camera_6,removed,50
1281,6405,213.5,camera_1,reacquired,46
1281,6405,213.5,camera_6,lost_track,61
1282,6410,213.667,camera_1,removed,40
1282,6410,213.667,camera_4,new_track,49
1282,6410,213.667,camera_6,reacquired,61
1283,6415,213.833,camera_4,lost_track,49
1283,6415,213.833,camera_5,new_track,148
1284,6420,214.0,camera_1,lost_track,45
1284,6420,214.0,camera_6,reacquired,54
1284,6420,214.0,camera_6,lost_track,52
1284,6420,214.0,camera_6,lost_track,61
1285,6425,214.167,camera_1,removed,41
1285,6425,214.167,camera_6,reacquired,56
1285,6425,214.167,camera_6,reacquired,59
1285,6425,214.167,camera_6,reacquired,61
1286,6430,214.333,camera_1,reacquired,44
1286,6430,214.333,camera_2,new_track,61
1286,6430,214.333,camera_6,lost_track,61
1287,6435,214.5,camera_5,new_track,149
1287,6435,214.5,camera_5,lost_track,148
1288,6440,214.667,camera_5,reacquired,148
1288,6440,214.667,camera_6,lost_track,59
1289,6445,214.833,camera_6,removed,57
1289,6445,214.833,camera_7,removed,30
1290,6450,215.0,camera_5,new_track,150
1291,6455,215.167,camera_3,lost_track,85
1293,6465,215.5,camera_1,lost_track,44
1293,6465,215.5,camera_2,lost_track,60
1293,6465,215.5,camera_3,new_track,91
1293,6465,215.5,camera_3,lost_track,89
1293,6465,215.5,camera_3,lost_track,90
1293,6465,215.5,camera_5,lost_track,147
1293,6465,215.5,camera_5,lost_track,150
1294,6470,215.667,camera_1,reacquired,44
1294,6470,215.667,camera_7,new_track,33
1295,6475,215.833,camera_3,new_track,92
1295,6475,215.833,camera_7,lost_track,33
1296,6480,216.0,camera_5,lost_track,144
1296,6480,216.0,camera_5,lost_track,148
1297,6485,216.167,camera_1,lost_track,44
1297,6485,216.167,camera_1,lost_track,46
1297,6485,216.167,camera_5,reacquired,147
1297,6485,216.167,camera_5,reacquired,148
1298,6490,216.333,camera_3,reacquired,90
1298,6490,216.333,camera_5,lost_track,148
1298,6490,216.333,camera_6,new_track,62
1298,6490,216.333,camera_7,reacquired,33
1299,6495,216.5,camera_3,lost_track,91
1299,6495,216.5,camera_5,reacquired,148
1300,6500,216.667,camera_5,new_track,151
1300,6500,216.667,camera_6,lost_track,56
1302,6510,217.0,camera_1,new_track,47
1302,6510,217.0,camera_3,lost_track,90
1302,6510,217.0,camera_7,removed,29
1303,6515,217.167,camera_1,reacquired,44
1303,6515,217.167,camera_1,removed,43
1303,6515,217.167,camera_2,new_track,62
1303,6515,217.167,camera_5,new_track,152
1303,6515,217.167,camera_6,lost_track,53
1303,6515,217.167,camera_7,reacquired,31
1303,6515,217.167,camera_7,removed,28
1304,6520,217.333,camera_1,lost_track,44
1304,6520,217.333,camera_1,lost_track,38
1304,6520,217.333,camera_2,lost_track,62
1304,6520,217.333,camera_5,lost_track,151
1305,6525,217.5,camera_2,lost_track,61
1305,6525,217.5,camera_5,new_track,153
1305,6525,217.5,camera_6,lost_track,60
1306,6530,217.667,camera_7,lost_track,33
1307,6535,217.833,camera_4,removed,48
1307,6535,217.833,camera_6,removed,58
1308,6540,218.0,camera_1,lost_track,47
1308,6540,218.0,camera_3,reacquired,90
1308,6540,218.0,camera_3,removed,80
1308,6540,218.0,camera_5,lost_track,153
1308,6540,218.0,camera_5,lost_track,147
1308,6540,218.0,camera_5,lost_track,149
1308,6540,218.0,camera_6,lost_track,62
1309,6545,218.167,camera_2,reacquired,62
1309,6545,218.167,camera_3,lost_track,90
1309,6545,218.167,camera_5,reacquired,153
1309,6545,218.167,camera_6,new_track,63
1309,6545,218.167,camera_7,removed,32
1310,6550,218.333,camera_3,new_track,93
1311,6555,218.5,camera_2,new_track,63
1313,6565,218.833,camera_4,removed,49
1314,6570,219.0,camera_1,removed,45
1314,6570,219.0,camera_5,lost_track,148
1314,6570,219.0,camera_6,reacquired,60
1314,6570,219.0,camera_6,lost_track,63
1314,6570,219.0,camera_6,removed,52
1315,6575,219.167,camera_1,new_track,48
1315,6575,219.167,camera_2,new_track,64
1315,6575,219.167,camera_2,new_track,65
1315,6575,219.167,camera_5,lost_track,153
1316,6580,219.333,camera_6,new_track,64
1316,6580,219.333,camera_6,reacquired,62
1316,6580,219.333,camera_6,removed,61
1316,6580,219.333,camera_7,lost_track,31
1318,6590,219.667,camera_1,lost_track,48
1318,6590,219.667,camera_5,new_track,154
1318,6590,219.667,camera_6,removed,59
1318,6590,219.667,camera_7,reacquired,33
1319,6595,219.833,camera_5,new_track,155
1319,6595,219.833,camera_6,new_track,65
1319,6595,219.833,camera_7,reacquired,31
1320,6600,220.0,camera_6,lost_track,62
1321,6605,220.167,camera_2,lost_track,65
1321,6605,220.167,camera_2,lost_track,62
1321,6605,220.167,camera_3,removed,85
1321,6605,220.167,camera_6,new_track,66
1321,6605,220.167,camera_6,new_track,67
1321,6605,220.167,camera_6,lost_track,64
1322,6610,220.333,camera_2,reacquired,62
1322,6610,220.333,camera_5,new_track,156
1322,6610,220.333,camera_6,new_track,68
1323,6615,220.5,camera_2,lost_track,62
1323,6615,220.5,camera_2,removed,60
1323,6615,220.5,camera_3,lost_track,92
1323,6615,220.5,camera_3,removed,89
1323,6615,220.5,camera_5,reacquired,148
1323,6615,220.5,camera_5,lost_track,154
1323,6615,220.5,camera_5,removed,150
1323,6615,220.5,camera_6,new_track,69
1323,6615,220.5,camera_6,reacquired,62
1324,6620,220.667,camera_4,new_track,50
1324,6620,220.667,camera_5,lost_track,155
1325,6625,220.833,camera_6,lost_track,69
1326,6630,221.0,camera_5,removed,144
1326,6630,221.0,camera_6,new_track,70
1326,6630,221.0,camera_6,lost_track,67
1326,6630,221.0,camera_7,lost_track,27
1327,6635,221.167,camera_1,removed,46
1327,6635,221.167,camera_2,lost_track,64
1327,6635,221.167,camera_5,reacquired,154
1327,6635,221.167,camera_5,lost_track,156
1327,6635,221.167,camera_5,lost_track,148
1327,6635,221.167,camera_6,lost_track,68
1327,6635,221.167,camera_6,lost_track,60
1327,6635,221.167,camera_7,new_track,34
1328,6640,221.333,camera_4,new_track,51
1328,6640,221.333,camera_4,lost_track,50
1328,6640,221.333,camera_5,reacquired,156
1328,6640,221.333,camera_7,reacquired,27
1328,6640,221.333,camera_7,lost_track,33
1329,6645,221.5,camera_3,removed,91
1329,6645,221.5,camera_4,reacquired,50
1329,6645,221.5,camera_5,lost_track,154
1329,6645,221.5,camera_7,lost_track,27
1330,6650,221.667,camera_2,new_track,66
1330,6650,221.667,camera_4,lost_track,51
1330,6650,221.667,camera_5,reacquired,148
1330,6650,221.667,camera_6,lost_track,65
1330,6650,221.667,camera_6,lost_track,51
1330,6650,221.667,camera_6,lost_track,54
1330,6650,221.667,camera_6,removed,56
1330,6650,221.667,camera_7,new_track,35
1330,6650,221.667,camera_7,lost_track,34
1331,6655,221.833,camera_5,new_track,157
1331,6655,221.833,camera_6,reacquired,51
1331,6655,221.833,camera_6,reacquired,65
1332,6660,222.0,camera_3,lost_track,86
1332,6660,222.0,camera_4,reacquired,51
1332,6660,222.0,camera_5,lost_track,145
1332,6660,222.0,camera_5,lost_track,148
1332,6660,222.0,camera_6,new_track,71
1332,6660,222.0,camera_6,lost_track,62
1332,6660,222.0,camera_7,reacquired,34
1333,6665,222.167,camera_2,lost_track,63
1333,6665,222.167,camera_5,reacquired,154
1333,6665,222.167,camera_6,reacquired,62
1333,6665,222.167,camera_6,removed,53
1334,6670,222.333,camera_1,removed,44
1334,6670,222.333,camera_1,removed,38
1334,6670,222.333,camera_5,reacquired,145
1334,6670,222.333,camera_5,reacquired,148
1334,6670,222.333,camera_5,lost_track,154
1334,6670,222.333,camera_5,removed,151
1334,6670,222.333,camera_6,new_track,72
1334,6670,222.333,camera_6,lost_track,62
1334,6670,222.333,camera_6,lost_track,71
1335,6675,222.5,camera_2,removed,61
1335,6675,222.5,camera_5,lost_track,146
1335,6675,222.5,camera_7,reacquired,33
1335,6675,222.5,camera_7,lost_track,34
1336,6680,222.667,camera_2,new_track,67
1336,6680,222.667,camera_3,new_track,94
1336,6680,222.667,camera_7,reacquired,27
1337,6685,222.833,camera_4,lost_track,50
1337,6685,222.833,camera_5,new_track,158
1337,6685,222.833,camera_5,lost_track,156
1337,6685,222.833,camera_6,lost_track,65
1337,6685,222.833,camera_7,lost_track,33
1338,6690,223.0,camera_1,removed,47
1338,6690,223.0,camera_4,reacquired,50
1338,6690,223.0,camera_5,lost_track,148
1338,6690,223.0,camera_5,removed,147
1338,6690,223.0,camera_5,removed,149
1339,6695,223.167,camera_3,removed,90
1339,6695,223.167,camera_4,new_track,52
1340,6700,223.333,camera_4,lost_track,52
1340,6700,223.333,camera_6,new_track,73
1342,6710,223.667,camera_5,lost_track,145
1343,6715,223.833,camera_5,lost_track,157
1343,6715,223.833,camera_7,lost_track,35
1344,6720,224.0,camera_2,new_track,68
1344,6720,224.0,camera_6,removed,63
1344,6720,224.0,camera_7,new_track,36
1345,6725,224.167,camera_5,new_track,159
1345,6725,224.167,camera_5,removed,153
1345,6725,224.167,camera_6,lost_track,72
1346,6730,224.333,camera_1,new_track,49
1346,6730,224.333,camera_5,new_track,160
1346,6730,224.333,camera_5,lost_track,159
1346,6730,224.333,camera_7,new_track,37
1347,6735,224.5,camera_5,reacquired,159
1347,6735,224.5,camera_5,lost_track,160
1347,6735,224.5,camera_5,lost_track,152
1348,6740,224.667,camera_1,removed,48
1348,6740,224.667,camera_6,lost_track,73
1348,6740,224.667,camera_6,lost_track,66
1349,6745,224.833,camera_3,new_track,95
1350,6750,225.0,camera_5,new_track,161
1351,6755,225.167,camera_2,new_track,69
1351,6755,225.167,camera_2,removed,65
1351,6755,225.167,camera_4,lost_track,50
1351,6755,225.167,camera_6,removed,64
1352,6760,225.333,camera_4,new_track,53
1352,6760,225.333,camera_6,new_track,74
1353,6765,225.5,camera_2,removed,62
1353,6765,225.5,camera_3,removed,92
1353,6765,225.5,camera_4,reacquired,52
1353,6765,225.5,camera_4,lost_track,53
1353,6765,225.5,camera_5,lost_track,158
1353,6765,225.5,camera_7,reacquired,33
1353,6765,225.5,camera_7,lost_track,27
1354,6770,225.667,camera_5,removed,155
1354,6770,225.667,camera_7,lost_track,33
1355,6775,225.833,camera_2,new_track,70
1355,6775,225.833,camera_2,lost_track,68
1355,6775,225.833,camera_2,lost_track,69
1355,6775,225.833,camera_4,lost_track,52
1355,6775,225.833,camera_6,removed,69
1355,6775,225.833,camera_7,new_track,38
1356,6780,226.0,camera_2,new_track,71
1356,6780,226.0,camera_6,reacquired,65
1356,6780,226.0,camera_6,removed,67
1357,6785,226.167,camera_1,new_track,50
1357,6785,226.167,camera_2,new_track,72
1357,6785,226.167,camera_2,removed,64
1357,6785,226.167,camera_6,removed,60
1357,6785,226.167,camera_6,removed,68
1357,6785,226.167,camera_7,new_track,39
1359,6795,226.5,camera_1,lost_track,49
1359,6795,226.5,camera_2,reacquired,68
1359,6795,226.5,camera_7,lost_track,39
1360,6800,226.667,camera_2,lost_track,72
1360,6800,226.667,camera_2,lost_track,71
1360,6800,226.667,camera_4,lost_track,51
1360,6800,226.667,camera_6,new_track,75
1360,6800,226.667,camera_6,removed,54
1361,6805,226.833,camera_2,lost_track,70
1361,6805,226.833,camera_3,new_track,96
1362,6810,227.0,camera_2,reacquired,72
1362,6810,227.0,camera_3,removed,86
1362,6810,227.0,camera_6,lost_track,75
1363,6815,227.167,camera_2,reacquired,70
1363,6815,227.167,camera_2,reacquired,71
1363,6815,227.167,camera_2,lost_track,68
1363,6815,227.167,camera_2,removed,63
1364,6820,227.333,camera_5,removed,154
1364,6820,227.333,camera_6,removed,62
1364,6820,227.333,camera_6,removed,71
1365,6825,227.5,camera_5,removed,146
1365,6825,227.5,camera_7,lost_track,38
1365,6825,227.5,camera_7,removed,34
1366,6830,227.667,camera_1,new_track,51
1366,6830,227.667,camera_1,lost_track,50
1367,6835,227.833,camera_3,lost_track,95
1367,6835,227.833,camera_5,removed,156
1367,6835,227.833,camera_6,new_track,76
1368,6840,228.0,camera_5,removed,148
1368,6840,228.0,camera_6,lost_track,76
1368,6840,228.0,camera_7,new_track,40
1369,6845,228.167,camera_6,reacquired,76
1370,6850,228.333,camera_2,lost_track,72
1370,6850,228.333,camera_3,lost_track,96
1370,6850,228.333,camera_6,lost_track,74
1370,6850,228.333,camera_7,new_track,41
1370,6850,228.333,camera_7,lost_track,37
1371,6855,228.5,camera_2,lost_track,71
1371,6855,228.5,camera_7,lost_track,40
1372,6860,228.667,camera_5,removed,145
1372,6860,228.667,camera_7,reacquired,40
1373,6865,228.833,camera_1,lost_track,51
1373,6865,228.833,camera_3,reacquired,96
1373,6865,228.833,camera_5,removed,157
1373,6865,228.833,camera_7,reacquired,27
1373,6865,228.833,camera_7,lost_track,40
1373,6865,228.833,camera_7,removed,35
1374,6870,229.0,camera_5,lost_track,159
1375,6875,229.167,camera_4,new_track,54
1375,6875,229.167,camera_6,removed,72
1376,6880,229.333,camera_5,reacquired,159
1377,6885,229.5,camera_4,reacquired,53
1377,6885,229.5,camera_4,lost_track,54
1377,6885,229.5,camera_5,removed,152
1377,6885,229.5,camera_5,removed,160
1378,6890,229.667,camera_6,removed,73
1378,6890,229.667,camera_6,removed,66
1380,6900,230.0,camera_7,lost_track,41
1381,6905,230.167,camera_1,new_track,52
1381,6905,230.167,camera_4,removed,50
1382,6910,230.333,camera_5,lost_track,159
1383,6915,230.5,camera_1,lost_track,52
1383,6915,230.5,camera_5,removed,158
1384,6920,230.667,camera_7,removed,33
1385,6925,230.833,camera_2,removed,69
1385,6925,230.833,camera_4,removed,52
1385,6925,230.833,camera_7,new_track,42
1386,6930,231.0,camera_7,lost_track,31
1387,6935,231.167,camera_7,new_track,43
1389,6945,231.5,camera_1,removed,49
1389,6945,231.5,camera_7,removed,39
1390,6950,231.667,camera_4,removed,51
1391,6955,231.833,camera_1,reacquired,52
1391,6955,231.833,camera_5,new_track,162
1392,6960,232.0,camera_6,removed,75
1393,6965,232.167,camera_1,lost_track,52
1393,6965,232.167,camera_2,removed,68
1393,6965,232.167,camera_3,new_track,97
1393,6965,232.167,camera_5,new_track,163
1393,6965,232.167,camera_5,lost_track,161
1393,6965,232.167,camera_6,new_track,77
1394,6970,232.333,camera_7,lost_track,42
1395,6975,232.5,camera_4,lost_track,53
1395,6975,232.5,camera_6,lost_track,77
1395,6975,232.5,camera_7,lost_track,43
1395,6975,232.5,camera_7,removed,38
1396,6980,232.667,camera_1,removed,50
1396,6980,232.667,camera_6,new_track,78
1396,6980,232.667,camera_6,reacquired,77
1397,6985,232.833,camera_3,removed,95
1397,6985,232.833,camera_6,lost_track,77
1398,6990,233.0,camera_2,reacquired,72
1398,6990,233.0,camera_2,lost_track,70
1398,6990,233.0,camera_6,new_track,79
1399,6995,233.167,camera_3,lost_track,97
1399,6995,233.167,camera_4,new_track,55
1399,6995,233.167,camera_5,lost_track,163
1399,6995,233.167,camera_6,lost_track,65
1400,7000,233.333,camera_2,new_track,73
1400,7000,233.333,camera_2,lost_track,72
1400,7000,233.333,camera_6,removed,74
1400,7000,233.333,camera_7,new_track,44
1400,7000,233.333,camera_7,removed,37
1401,7005,233.5,camera_2,removed,71
1401,7005,233.5,camera_3,lost_track,96
1401,7005,233.5,camera_6,reacquired,65
1402,7010,233.667,camera_6,new_track,80
1403,7015,233.833,camera_1,removed,51
1403,7015,233.833,camera_2,lost_track,73
1403,7015,233.833,camera_6,new_track,81
1403,7015,233.833,camera_7,removed,40
1404,7020,234.0,camera_7,new_track,45
1404,7020,234.0,camera_7,lost_track,44
1405,7025,234.167,camera_3,new_track,98
1405,7025,234.167,camera_4,new_track,56
1405,7025,234.167,camera_6,new_track,82
1406,7030,234.333,camera_4,lost_track,56
1406,7030,234.333,camera_6,lost_track,81
1407,7035,234.5,camera_4,new_track,57
1407,7035,234.5,camera_4,new_track,58
1407,7035,234.5,camera_4,removed,54
1407,7035,234.5,camera_6,lost_track,80
1407,7035,234.5,camera_6,lost_track,65
1407,7035,234.5,camera_7,lost_track,36
1408,7040,234.667,camera_4,lost_track,57
1408,7040,234.667,camera_6,lost_track,78
1409,7045,234.833,camera_6,reacquired,65
1410,7050,235.0,camera_4,new_track,59
1410,7050,235.0,camera_6,lost_track,82
1410,7050,235.0,camera_7,new_track,46
1410,7050,235.0,camera_7,removed,41
1411,7055,235.167,camera_4,lost_track,58
1412,7060,235.333,camera_3,lost_track,98
1412,7060,235.333,camera_5,removed,159
1412,7060,235.333,camera_6,reacquired,78
1412,7060,235.333,camera_7,reacquired,36
1412,7060,235.333,camera_7,lost_track,45
1413,7065,235.5,camera_4,lost_track,59
1413,7065,235.5,camera_6,reacquired,81
1415,7075,235.833,camera_6,lost_track,81
1415,7075,235.833,camera_6,lost_track,65
1415,7075,235.833,camera_6,lost_track,78
1416,7080,236.0,camera_7,reacquired,45
1416,7080,236.0,camera_7,lost_track,36
1416,7080,236.0,camera_7,removed,31
1417,7085,236.167,camera_5,new_track,164
1417,7085,236.167,camera_6,lost_track,70
1423,7115,237.167,camera_1,removed,52
1423,7115,237.167,camera_5,new_track,165
1423,7115,237.167,camera_5,removed,161
1424,7120,237.333,camera_3,reacquired,98
1424,7120,237.333,camera_7,removed,42
1425,7125,237.5,camera_4,removed,53
1425,7125,237.5,camera_6,lost_track,76
1425,7125,237.5,camera_7,removed,43
1427,7135,237.833,camera_1,new_track,53
1427,7135,237.833,camera_5,lost_track,164
1427,7135,237.833,camera_6,lost_track,51
1427,7135,237.833,camera_6,removed,77
1428,7140,238.0,camera_2,removed,70
1429,7145,238.167,camera_3,removed,97
1429,7145,238.167,camera_5,removed,163
1430,7150,238.333,camera_1,new_track,54
1430,7150,238.333,camera_2,removed,72
1430,7150,238.333,camera_4,new_track,60
1430,7150,238.333,camera_5,new_track,166
1431,7155,238.5,camera_1,lost_track,53
1431,7155,238.5,camera_3,removed,96
1432,7160,238.667,camera_3,lost_track,98
1432,7160,238.667,camera_7,reacquired,36
1432,7160,238.667,camera_7,lost_track,45
1433,7165,238.833,camera_2,removed,73
1433,7165,238.833,camera_3,reacquired,98
1433,7165,238.833,camera_3,lost_track,94
1433,7165,238.833,camera_5,lost_track,162
1433,7165,238.833,camera_6,lost_track,79
1433,7165,238.833,camera_7,new_track,47
1434,7170,239.0,camera_7,lost_track,27
1434,7170,239.0,camera_7,removed,44
1435,7175,239.167,camera_7,reacquired,27
1435,7175,239.167,camera_7,lost_track,47
1436,7180,239.333,camera_3,lost_track,98
1436,7180,239.333,camera_4,removed,56
1436,7180,239.333,camera_7,reacquired,45
1436,7180,239.333,camera_7,lost_track,36
1437,7185,239.5,camera_3,lost_track,93
1437,7185,239.5,camera_6,removed,80
1438,7190,239.667,camera_3,reacquired,98
1438,7190,239.667,camera_4,removed,57
1438,7190,239.667,camera_5,new_track,167
1438,7190,239.667,camera_5,lost_track,165
1439,7195,239.833,camera_5,new_track,168
1439,7195,239.833,camera_5,lost_track,167
1440,7200,240.0,camera_5,reacquired,167
1440,7200,240.0,camera_6,removed,82
1441,7205,240.167,camera_1,lost_track,31
1441,7205,240.167,camera_3,lost_track,88
1441,7205,240.167,camera_4,removed,58
1441,7205,240.167,camera_5,new_track,169
1442,7210,240.333,camera_1,lost_track,54
1443,7215,240.5,camera_4,removed,59
1443,7215,240.5,camera_5,new_track,170
1443,7215,240.5,camera_5,lost_track,167
1444,7220,240.667,camera_2,new_track,74
1444,7220,240.667,camera_2,lost_track,67
1444,7220,240.667,camera_5,new_track,171
1444,7220,240.667,camera_5,reacquired,167
1445,7225,240.833,camera_4,lost_track,55
1445,7225,240.833,camera_6,removed,65
1445,7225,240.833,camera_6,removed,81
1445,7225,240.833,camera_6,removed,78
1446,7230,241.0,camera_5,new_track,172
1446,7230,241.0,camera_5,lost_track,167
1447,7235,241.167,camera_5,new_track,173
1447,7235,241.167,camera_6,removed,70
1449,7245,241.5,camera_2,lost_track,74
1449,7245,241.5,camera_5,new_track,174
1452,7260,242.0,camera_4,lost_track,60
1453,7265,242.167,camera_2,reacquired,67
1453,7265,242.167,camera_4,reacquired,60
1453,7265,242.167,camera_5,lost_track,169
1453,7265,242.167,camera_7,lost_track,45
1454,7270,242.333,camera_5,new_track,175
1454,7270,242.333,camera_7,reacquired,45
1455,7275,242.5,camera_6,removed,76
1455,7275,242.5,camera_7,lost_track,27
1456,7280,242.667,camera_2,new_track,75
1456,7280,242.667,camera_7,new_track,48
1457,7285,242.833,camera_2,lost_track,75
1457,7285,242.833,camera_5,new_track,176
1457,7285,242.833,camera_5,removed,164
1457,7285,242.833,camera_6,removed,51
1458,7290,243.0,camera_5,lost_track,171
1458,7290,243.0,camera_5,lost_track,175
1460,7300,243.333,camera_5,lost_track,173
1461,7305,243.5,camera_1,removed,53
1461,7305,243.5,camera_2,new_track,76
1461,7305,243.5,camera_5,new_track,177
1462,7310,243.667,camera_2,lost_track,76
1462,7310,243.667,camera_5,new_track,178
1462,7310,243.667,camera_5,reacquired,173
1463,7315,243.833,camera_3,removed,94
1463,7315,243.833,camera_4,new_track,61
1463,7315,243.833,camera_5,lost_track,168
1463,7315,243.833,camera_5,removed,162
1463,7315,243.833,camera_6,removed,79
1464,7320,244.0,camera_5,reacquired,168
1464,7320,244.0,camera_5,reacquired,171
1464,7320,244.0,camera_5,lost_track,176
1464,7320,244.0,camera_5,lost_track,173
1465,7325,244.167,camera_5,new_track,179
1465,7325,244.167,camera_7,removed,47
1466,7330,244.333,camera_5,new_track,180
1466,7330,244.333,camera_5,lost_track,177
1466,7330,244.333,camera_7,removed,36
1467,7335,244.5,camera_2,reacquired,75
1467,7335,244.5,camera_3,removed,93
1467,7335,244.5,camera_5,reacquired,176
1467,7335,244.5,camera_5,lost_track,170
1468,7340,244.667,camera_2,lost_track,66
1468,7340,244.667,camera_2,lost_track,75
1468,7340,244.667,camera_5,reacquired,175
1468,7340,244.667,camera_5,lost_track,178
1468,7340,244.667,camera_5,removed,165
1469,7345,244.833,camera_2,new_track,77
1469,7345,244.833,camera_4,new_track,62
1469,7345,244.833,camera_5,lost_track,172
1470,7350,245.0,camera_6,new_track,83
1471,7355,245.167,camera_1,removed,31
1471,7355,245.167,camera_3,removed,88
1471,7355,245.167,camera_5,lost_track,180
1471,7355,245.167,camera_6,new_track,84
1471,7355,245.167,camera_7,lost_track,46
1472,7360,245.333,camera_1,removed,54
1472,7360,245.333,camera_2,lost_track,67
1472,7360,245.333,camera_5,reacquired,167
1472,7360,245.333,camera_5,reacquired,180
1474,7370,245.667,camera_2,lost_track,77
1474,7370,245.667,camera_4,lost_track,62
1474,7370,245.667,camera_5,new_track,181
1474,7370,245.667,camera_5,lost_track,176
1474,7370,245.667,camera_6,lost_track,84
1475,7375,245.833,camera_4,removed,55
1475,7375,245.833,camera_5,lost_track,180
1475,7375,245.833,camera_5,lost_track,167
1476,7380,246.0,camera_5,reacquired,176
1476,7380,246.0,camera_5,lost_track,181
1477,7385,246.167,camera_5,lost_track,166
1478,7390,246.333,camera_5,reacquired,172
1479,7395,246.5,camera_2,removed,74
1479,7395,246.5,camera_3,lost_track,98
1479,7395,246.5,camera_4,new_track,63
1479,7395,246.5,camera_5,lost_track,172
1480,7400,246.667,camera_5,lost_track,179
1480,7400,246.667,camera_6,new_track,85
1481,7405,246.833,camera_5,reacquired,166
1481,7405,246.833,camera_7,lost_track,45
1482,7410,247.0,camera_5,new_track,182
1482,7410,247.0,camera_6,new_track,86
1483,7415,247.167,camera_5,removed,169
1484,7420,247.333,camera_4,lost_track,63
1484,7420,247.333,camera_5,new_track,184
1484,7420,247.333,camera_5,new_track,183
1485,7425,247.5,camera_6,lost_track,86
1485,7425,247.5,camera_7,removed,27
1486,7430,247.667,camera_3,new_track,99
1487,7435,247.833,camera_5,lost_track,171
1488,7440,248.0,camera_5,lost_track,184
1488,7440,248.0,camera_5,lost_track,166
1488,7440,248.0,camera_5,lost_track,183
1489,7445,248.167,camera_4,lost_track,61
1489,7445,248.167,camera_5,reacquired,183
1490,7450,248.333,camera_5,reacquired,166
1490,7450,248.333,camera_5,lost_track,182
1491,7455,248.5,camera_5,lost_track,166
1492,7460,248.667,camera_2,removed,76
1492,7460,248.667,camera_4,new_track,64
1492,7460,248.667,camera_5,reacquired,166
1492,7460,248.667,camera_6,lost_track,83
1493,7465,248.833,camera_4,lost_track,64
1494,7470,249.0,camera_5,new_track,185
1494,7470,249.0,camera_5,removed,173
1495,7475,249.167,camera_5,lost_track,174
1496,7480,249.333,camera_5,removed,177
1497,7485,249.5,camera_2,new_track,78
1497,7485,249.5,camera_5,lost_track,183
1497,7485,249.5,camera_5,removed,170
1497,7485,249.5,camera_6,new_track,87
1498,7490,249.667,camera_2,removed,66
1498,7490,249.667,camera_2,removed,75
1498,7490,249.667,camera_5,new_track,186
1498,7490,249.667,camera_5,removed,178
1501,7505,250.167,camera_1,new_track,55
1501,7505,250.167,camera_5,lost_track,186
1501,7505,250.167,camera_7,removed,46
1502,7510,250.333,camera_2,removed,67
1502,7510,250.333,camera_7,new_track,49
1503,7515,250.5,camera_5,new_track,187
1504,7520,250.667,camera_2,removed,77
1504,7520,250.667,camera_4,removed,62
1504,7520,250.667,camera_6,removed,84
1504,7520,250.667,camera_7,lost_track,49
1505,7525,250.833,camera_5,lost_track,166
1505,7525,250.833,camera_5,removed,180
1505,7525,250.833,camera_5,removed,167
1505,7525,250.833,camera_6,new_track,88
1505,7525,250.833,camera_7,new_track,50
1506,7530,251.0,camera_5,lost_track,168
1506,7530,251.0,camera_5,removed,181
1506,7530,251.0,camera_6,new_track,89
1508,7540,251.333,camera_5,reacquired,166
1509,7545,251.5,camera_3,reacquired,98
1509,7545,251.5,camera_5,removed,172
1510,7550,251.667,camera_5,new_track,188
1510,7550,251.667,camera_5,removed,179
1511,7555,251.833,camera_5,new_track,189
1511,7555,251.833,camera_6,lost_track,88
1511,7555,251.833,camera_7,removed,45
1512,7560,252.0,camera_5,reacquired,168
1512,7560,252.0,camera_6,new_track,90
1512,7560,252.0,camera_7,lost_track,50
1513,7565,252.167,camera_5,lost_track,175
1513,7565,252.167,camera_6,lost_track,90
1513,7565,252.167,camera_7,new_track,51
1514,7570,252.333,camera_4,removed,63
1514,7570,252.333,camera_5,new_track,190
1514,7570,252.333,camera_6,new_track,91
1515,7575,252.5,camera_2,new_track,79
1515,7575,252.5,camera_5,reacquired,175
1515,7575,252.5,camera_5,lost_track,168
1515,7575,252.5,camera_5,lost_track,166
1515,7575,252.5,camera_5,lost_track,176
1515,7575,252.5,camera_6,removed,86
1516,7580,252.667,camera_2,lost_track,78
1516,7580,252.667,camera_5,reacquired,168
1516,7580,252.667,camera_5,reacquired,176
1516,7580,252.667,camera_6,lost_track,87
1517,7585,252.833,camera_5,lost_track,176
1517,7585,252.833,camera_5,lost_track,185
1517,7585,252.833,camera_5,removed,171
1517,7585,252.833,camera_7,reacquired,49
1517,7585,252.833,camera_7,lost_track,48
1518,7590,253.0,camera_4,lost_track,60
1518,7590,253.0,camera_5,new_track,191
1518,7590,253.0,camera_5,reacquired,166
1518,7590,253.0,camera_5,lost_track,175
1518,7590,253.0,camera_5,removed,184
1518,7590,253.0,camera_6,lost_track,89
1518,7590,253.0,camera_7,reacquired,48
1518,7590,253.0,camera_7,lost_track,49
1518,7590,253.0,camera_7,lost_track,51
1519,7595,253.167,camera_4,removed,61
1519,7595,253.167,camera_5,new_track,192
1519,7595,253.167,camera_5,lost_track,168
1519,7595,253.167,camera_6,new_track,92
1520,7600,253.333,camera_5,lost_track,166
1520,7600,253.333,camera_5,removed,182
1521,7605,253.5,camera_5,reacquired,175
1521,7605,253.5,camera_6,new_track,93
1521,7605,253.5,camera_6,lost_track,91
1522,7610,253.667,camera_5,new_track,193
1522,7610,253.667,camera_6,new_track,94
1522,7610,253.667,camera_6,lost_track,93
1522,7610,253.667,camera_6,removed,83
1522,7610,253.667,camera_7,reacquired,51
1523,7615,253.833,camera_4,new_track,65
1523,7615,253.833,camera_4,removed,64
1524,7620,254.0,camera_5,lost_track,175
1525,7625,254.167,camera_5,removed,174
1525,7625,254.167,camera_7,lost_track,51
1526,7630,254.333,camera_6,lost_track,85
1526,7630,254.333,camera_6,lost_track,94
1527,7635,254.5,camera_4,lost_track,65
1527,7635,254.5,camera_5,lost_track,191
1527,7635,254.5,camera_5,removed,183
1528,7640,254.667,camera_2,lost_track,79
1528,7640,254.667,camera_5,reacquired,175
1528,7640,254.667,camera_5,lost_track,192
1529,7645,254.833,camera_5,reacquired,192
1529,7645,254.833,camera_5,lost_track,175
1529,7645,254.833,camera_6,reacquired,85
1529,7645,254.833,camera_6,reacquired,90
1529,7645,254.833,camera_6,lost_track,92
1530,7650,255.0,camera_5,lost_track,189
1530,7650,255.0,camera_6,reacquired,92
1531,7655,255.167,camera_5,removed,186
1531,7655,255.167,camera_6,new_track,95
1532,7660,255.333,camera_5,reacquired,189
1532,7660,255.333,camera_6,new_track,96
1533,7665,255.5,camera_4,new_track,66
1533,7665,255.5,camera_6,new_track,97
1533,7665,255.5,camera_6,lost_track,96
1534,7670,255.667,camera_7,new_track,52
1535,7675,255.833,camera_5,lost_track,192
1535,7675,255.833,camera_7,lost_track,52
1536,7680,256.0,camera_5,new_track,194
1536,7680,256.0,camera_5,lost_track,193
1536,7680,256.0,camera_6,new_track,98
1536,7680,256.0,camera_6,lost_track,97
1537,7685,256.167,camera_5,reacquired,176
1537,7685,256.167,camera_5,reacquired,193
1537,7685,256.167,camera_6,lost_track,98
1537,7685,256.167,camera_7,reacquired,52
1538,7690,256.333,camera_5,lost_track,194
1538,7690,256.333,camera_5,lost_track,188
1538,7690,256.333,camera_6,new_track,99
1538,7690,256.333,camera_6,reacquired,97
1539,7695,256.5,camera_7,new_track,53
1540,7700,256.667,camera_5,new_track,195
1540,7700,256.667,camera_5,lost_track,190
1541,7705,256.833,camera_3,lost_track,98
1541,7705,256.833,camera_6,removed,88
1542,7710,257.0,camera_6,lost_track,90
1542,7710,257.0,camera_7,lost_track,53
1542,7710,257.0,camera_7,removed,50
1545,7725,257.5,camera_4,new_track,67
1545,7725,257.5,camera_5,new_track,196
1545,7725,257.5,camera_5,lost_track,189
1545,7725,257.5,camera_7,new_track,54
1546,7730,257.667,camera_2,removed,78
1546,7730,257.667,camera_5,lost_track,193
1546,7730,257.667,camera_6,removed,87
1547,7735,257.833,camera_2,new_track,80
1547,7735,257.833,camera_5,removed,185
1547,7735,257.833,camera_6,reacquired,90
1547,7735,257.833,camera_6,lost_track,99
1547,7735,257.833,camera_7,lost_track,52
1548,7740,258.0,camera_4,removed,60
1548,7740,258.0,camera_5,reacquired,189
1548,7740,258.0,camera_6,lost_track,97
1548,7740,258.0,camera_6,removed,89
1548,7740,258.0,camera_7,removed,49
1549,7745,258.167,camera_5,lost_track,176
1549,7745,258.167,camera_5,removed,168
1549,7745,258.167,camera_6,new_track,100
1550,7750,258.333,camera_5,removed,166
1550,7750,258.333,camera_6,lost_track,95
1551,7755,258.5,camera_6,lost_track,100
1551,7755,258.5,camera_6,lost_track,85
1551,7755,258.5,camera_6,removed,91
1552,7760,258.667,camera_6,new_track,101
1552,7760,258.667,camera_6,removed,93
1552,7760,258.667,camera_7,reacquired,52
1552,7760,258.667,camera_7,lost_track,54
1554,7770,259.0,camera_4,lost_track,67
1554,7770,259.0,camera_5,new_track,197
1554,7770,259.0,camera_6,new_track,102
1554,7770,259.0,camera_7,reacquired,54
1555,7775,259.167,camera_3,new_track,100
1555,7775,259.167,camera_4,new_track,68
1555,7775,259.167,camera_6,lost_track,102
1555,7775,259.167,camera_7,removed,51
1556,7780,259.333,camera_5,lost_track,196
1556,7780,259.333,camera_5,lost_track,197
1556,7780,259.333,camera_5,lost_track,189
1556,7780,259.333,camera_6,removed,94
1557,7785,259.5,camera_4,lost_track,68
1557,7785,259.5,camera_4,removed,65
1557,7785,259.5,camera_5,reacquired,189
1557,7785,259.5,camera_5,removed,191
1558,7790,259.667,camera_2,removed,79
1558,7790,259.667,camera_5,lost_track,189
1559,7795,259.833,camera_3,lost_track,99
1559,7795,259.833,camera_5,removed,175
1560,7800,260.0,camera_2,new_track,81
1560,7800,260.0,camera_5,reacquired,196
1561,7805,260.167,camera_5,lost_track,196
1562,7810,260.333,camera_1,lost_track,55
1562,7810,260.333,camera_3,new_track,101
1562,7810,260.333,camera_5,new_track,198
1562,7810,260.333,camera_6,reacquired,97
1562,7810,260.333,camera_6,lost_track,92
1563,7815,260.5,camera_4,lost_track,66
1563,7815,260.5,camera_6,removed,96
1564,7820,260.667,camera_5,new_track,199
1564,7820,260.667,camera_5,lost_track,187
1564,7820,260.667,camera_7,lost_track,54
1565,7825,260.833,camera_5,reacquired,188
1565,7825,260.833,camera_5,reacquired,196
1565,7825,260.833,camera_5,removed,192
1565,7825,260.833,camera_6,lost_track,90
1565,7825,260.833,camera_7,new_track,55
1566,7830,261.0,camera_1,new_track,56
1566,7830,261.0,camera_5,reacquired,193
1566,7830,261.0,camera_5,lost_track,198
1567,7835,261.167,camera_5,lost_track,196
1567,7835,261.167,camera_6,removed,98
1568,7840,261.333,camera_2,lost_track,80
1568,7840,261.333,camera_5,new_track,200
1568,7840,261.333,camera_5,reacquired,198
1568,7840,261.333,camera_5,lost_track,195
1568,7840,261.333,camera_5,removed,194
1569,7845,261.5,camera_5,reacquired,195
1569,7845,261.5,camera_5,lost_track,193
1570,7850,261.667,camera_5,new_track,201
1570,7850,261.667,camera_5,removed,190
1571,7855,261.833,camera_3,removed,98
1572,7860,262.0,camera_5,lost_track,199
1572,7860,262.0,camera_7,removed,53
1573,7865,262.167,camera_1,lost_track,56
1573,7865,262.167,camera_3,lost_track,101
1573,7865,262.167,camera_6,reacquired,85
1574,7870,262.333,camera_5,reacquired,199
1574,7870,262.333,camera_5,lost_track,195
1574,7870,262.333,camera_7,reacquired,54
1574,7870,262.333,camera_7,lost_track,55
1576,7880,262.667,camera_5,lost_track,201
1576,7880,262.667,camera_6,new_track,103
1577,7885,262.833,camera_5,new_track,202
1577,7885,262.833,camera_5,reacquired,201
1577,7885,262.833,camera_6,removed,99
1578,7890,263.0,camera_6,lost_track,97
1578,7890,263.0,camera_6,lost_track,85
1579,7895,263.167,camera_5,new_track,203
1579,7895,263.167,camera_5,lost_track,188
1579,7895,263.167,camera_5,removed,176
1580,7900,263.333,camera_5,new_track,204
1580,7900,263.333,camera_5,lost_track,202
1580,7900,263.333,camera_6,removed,95
1581,7905,263.5,camera_3,new_track,102
1581,7905,263.5,camera_6,removed,100
1582,7910,263.667,camera_5,lost_track,201
1583,7915,263.833,camera_7,new_track,56
1584,7920,264.0,camera_4,removed,67
1584,7920,264.0,camera_5,lost_track,203
1585,7925,264.167,camera_6,removed,102
1585,7925,264.167,camera_7,lost_track,56
1586,7930,264.333,camera_5,reacquired,189
1586,7930,264.333,camera_5,reacquired,203
1586,7930,264.333,camera_5,lost_track,200
1586,7930,264.333,camera_5,lost_track,198
1586,7930,264.333,camera_5,removed,197
1587,7935,264.5,camera_4,removed,68
1587,7935,264.5,camera_5,reacquired,198
1587,7935,264.5,camera_5,reacquired,200
1588,7940,264.667,camera_5,lost_track,198
1589,7945,264.833,camera_3,lost_track,100
1589,7945,264.833,camera_3,removed,99
1589,7945,264.833,camera_5,reacquired,198
1589,7945,264.833,camera_6,new_track,104
1589,7945,264.833,camera_6,new_track,105
1590,7950,265.0,camera_3,new_track,103
1590,7950,265.0,camera_5,new_track,205
1591,7955,265.167,camera_3,new_track,104
1591,7955,265.167,camera_5,lost_track,200
1592,7960,265.333,camera_1,removed,55
1592,7960,265.333,camera_4,new_track,69
1592,7960,265.333,camera_6,removed,92
1593,7965,265.5,camera_4,removed,66
1594,7970,265.667,camera_5,removed,187
1595,7975,265.833,camera_4,new_track,70
1595,7975,265.833,camera_6,removed,90
1596,7980,266.0,camera_3,lost_track,102
1597,7985,266.167,camera_5,removed,196
1598,7990,266.333,camera_2,removed,80
1598,7990,266.333,camera_4,lost_track,70
1598,7990,266.333,camera_5,new_track,206
1599,7995,266.5,camera_5,lost_track,198
1599,7995,266.5,camera_5,removed,193
1600,8000,266.667,camera_5,lost_track,206
1600,8000,266.667,camera_7,new_track,57
1601,8005,266.833,camera_5,new_track,207
1601,8005,266.833,camera_5,reacquired,206
1602,8010,267.0,camera_2,new_track,82
1602,8010,267.0,camera_5,new_track,208
1602,8010,267.0,camera_5,lost_track,204
1603,8015,267.167,camera_1,new_track,57
1603,8015,267.167,camera_1,removed,56
1603,8015,267.167,camera_3,removed,101
1603,8015,267.167,camera_5,reacquired,204
1603,8015,267.167,camera_6,new_track,106
1604,8020,267.333,camera_5,new_track,209
1604,8020,267.333,camera_5,lost_track,203
1604,8020,267.333,camera_5,removed,195
1604,8020,267.333,camera_7,removed,55
1605,8025,267.5,camera_5,reacquired,203
1605,8025,267.5,camera_7,lost_track,57
1607,8035,267.833,camera_6,lost_track,106
1607,8035,267.833,camera_7,lost_track,52
1608,8040,268.0,camera_5,lost_track,204
1608,8040,268.0,camera_6,removed,97
1608,8040,268.0,camera_6,removed,85
1609,8045,268.167,camera_2,new_track,83
1609,8045,268.167,camera_2,lost_track,81
1609,8045,268.167,camera_2,lost_track,82
1609,8045,268.167,camera_5,new_track,210
1609,8045,268.167,camera_5,removed,188
1610,8050,268.333,camera_5,new_track,211
1610,8050,268.333,camera_5,lost_track,210
1610,8050,268.333,camera_5,lost_track,199
1610,8050,268.333,camera_5,removed,202
1610,8050,268.333,camera_7,new_track,58
1611,8055,268.5,camera_7,lost_track,58
1612,8060,268.667,camera_5,lost_track,207
1612,8060,268.667,camera_5,removed,201
1613,8065,268.833,camera_4,lost_track,69
1613,8065,268.833,camera_5,lost_track,208
1613,8065,268.833,camera_7,new_track,59
1614,8070,269.0,camera_5,reacquired,207
1615,8075,269.167,camera_7,removed,56
1616,8080,269.333,camera_4,new_track,71
1616,8080,269.333,camera_5,lost_track,189
1616,8080,269.333,camera_5,lost_track,206
1617,8085,269.5,camera_2,new_track,84
1617,8085,269.5,camera_5,reacquired,189
1617,8085,269.5,camera_6,lost_track,104
1618,8090,269.667,camera_3,new_track,105
1618,8090,269.667,camera_6,reacquired,104
1619,8095,269.833,camera_3,removed,100
1619,8095,269.833,camera_6,lost_track,103
1620,8100,270.0,camera_6,reacquired,103
1620,8100,270.0,camera_7,new_track,60
1621,8105,270.167,camera_4,lost_track,71
1621,8105,270.167,camera_5,new_track,212
1621,8105,270.167,camera_5,reacquired,206
1621,8105,270.167,camera_5,removed,200
1622,8110,270.333,camera_2,lost_track,84
1622,8110,270.333,camera_5,lost_track,207
1622,8110,270.333,camera_6,new_track,107
1623,8115,270.5,camera_2,lost_track,83
1623,8115,270.5,camera_6,new_track,108
1624,8120,270.667,camera_2,new_track,85
1624,8120,270.667,camera_6,lost_track,105
1624,8120,270.667,camera_6,lost_track,107
1624,8120,270.667,camera_6,lost_track,103
1626,8130,271.0,camera_3,removed,102
1626,8130,271.0,camera_4,new_track,72
1626,8130,271.0,camera_7,lost_track,54
1627,8135,271.167,camera_5,lost_track,206
1627,8135,271.167,camera_6,new_track,109
1628,8140,271.333,camera_2,new_track,86
1628,8140,271.333,camera_2,lost_track,85
1628,8140,271.333,camera_4,removed,70
1628,8140,271.333,camera_7,reacquired,54
1629,8145,271.5,camera_3,lost_track,105
1629,8145,271.5,camera_5,removed,198
1629,8145,271.5,camera_6,new_track,110
1629,8145,271.5,camera_6,lost_track,101
1630,8150,271.667,camera_7,reacquired,57
1630,8150,271.667,camera_7,lost_track,59
1633,8165,272.167,camera_3,lost_track,104
1633,8165,272.167,camera_6,lost_track,109
1634,8170,272.333,camera_5,new_track,213
1634,8170,272.333,camera_5,lost_track,203
1634,8170,272.333,camera_6,new_track,111
1634,8170,272.333,camera_7,lost_track,60
1635,8175,272.5,camera_5,lost_track,211
1635,8175,272.5,camera_6,reacquired,105
1635,8175,272.5,camera_6,lost_track,111
1635,8175,272.5,camera_7,reacquired,60
1637,8185,272.833,camera_6,lost_track,105
1637,8185,272.833,camera_6,removed,106
1637,8185,272.833,camera_7,new_track,61
1637,8185,272.833,camera_7,removed,52
1638,8190,273.0,camera_5,removed,204
1638,8190,273.0,camera_6,reacquired,109
1638,8190,273.0,camera_7,lost_track,61
1639,8195,273.167,camera_2,removed,81
1639,8195,273.167,camera_2,removed,82
1640,8200,273.333,camera_4,lost_track,72
1640,8200,273.333,camera_5,new_track,214
1640,8200,273.333,camera_5,lost_track,189
1640,8200,273.333,camera_5,removed,210
1640,8200,273.333,camera_5,removed,199
1640,8200,273.333,camera_6,lost_track,108
1640,8200,273.333,camera_7,lost_track,60
1641,8205,273.5,camera_1,lost_track,57
1641,8205,273.5,camera_5,new_track,215
1641,8205,273.5,camera_5,reacquired,210
1641,8205,273.5,camera_7,lost_track,54
1641,8205,273.5,camera_7,removed,58
1642,8210,273.667,camera_5,lost_track,210
1643,8215,273.833,camera_4,removed,69
1643,8215,273.833,camera_5,removed,208
1643,8215,273.833,camera_6,new_track,112
1643,8215,273.833,camera_6,reacquired,105
1644,8220,274.0,camera_2,new_track,87
1644,8220,274.0,camera_6,lost_track,112
1645,8225,274.167,camera_6,new_track,113
1645,8225,274.167,camera_7,reacquired,60
1646,8230,274.333,camera_2,lost_track,87
1646,8230,274.333,camera_5,new_track,216
1646,8230,274.333,camera_5,lost_track,215
1646,8230,274.333,camera_7,reacquired,61
1647,8235,274.5,camera_2,lost_track,86
1648,8240,274.667,camera_5,lost_track,216
1648,8240,274.667,camera_5,lost_track,212
1648,8240,274.667,camera_7,new_track,62
1649,8245,274.833,camera_6,reacquired,112
1649,8245,274.833,camera_7,lost_track,62
1650,8250,275.0,camera_6,lost_track,112
1650,8250,275.0,camera_7,new_track,63
1651,8255,275.167,camera_4,reacquired,72
1651,8255,275.167,camera_4,removed,71
1652,8260,275.333,camera_2,removed,84
1652,8260,275.333,camera_3,lost_track,103
1652,8260,275.333,camera_5,removed,207
1652,8260,275.333,camera_6,new_track,114
1652,8260,275.333,camera_6,lost_track,104
1652,8260,275.333,camera_7,lost_track,48
1653,8265,275.5,camera_2,removed,83
1653,8265,275.5,camera_6,new_track,115
1653,8265,275.5,camera_7,new_track,64
1653,8265,275.5,camera_7,reacquired,54
1654,8270,275.667,camera_6,reacquired,104
1654,8270,275.667,camera_6,reacquired,108
1654,8270,275.667,camera_6,lost_track,105
1654,8270,275.667,camera_6,lost_track,113
1654,8270,275.667,camera_6,removed,107
1654,8270,275.667,camera_6,removed,103
1654,8270,275.667,camera_7,lost_track,64
1654,8270,275.667,camera_7,lost_track,60
1655,8275,275.833,camera_5,new_track,217
1655,8275,275.833,camera_5,lost_track,214
1656,8280,276.0,camera_5,lost_track,217
1656,8280,276.0,camera_6,new_track,116
1656,8280,276.0,camera_6,new_track,117
1656,8280,276.0,camera_6,lost_track,109
1656,8280,276.0,camera_7,lost_track,54
1656,8280,276.0,camera_7,lost_track,63
1657,8285,276.167,camera_5,reacquired,217
1657,8285,276.167,camera_5,lost_track,213
1657,8285,276.167,camera_5,removed,206
1657,8285,276.167,camera_6,new_track,118
1657,8285,276.167,camera_7,new_track,65
1658,8290,276.333,camera_2,removed,85
1658,8290,276.333,camera_4,new_track,73
1658,8290,276.333,camera_6,lost_track,117
1658,8290,276.333,camera_7,reacquired,63
1658,8290,276.333,camera_7,lost_track,65
1659,8295,276.5,camera_3,removed,105
1659,8295,276.5,camera_6,lost_track,110
1659,8295,276.5,camera_6,removed,101
1660,8300,276.667,camera_5,lost_track,217
1660,8300,276.667,camera_7,removed,59
1661,8305,276.833,camera_4,new_track,74
1661,8305,276.833,camera_5,reacquired,213
1661,8305,276.833,camera_6,new_track,119
1662,8310,277.0,camera_5,reacquired,217
1662,8310,277.0,camera_6,new_track,120
1662,8310,277.0,camera_6,new_track,121
1662,8310,277.0,camera_6,lost_track,118
1662,8310,277.0,camera_6,lost_track,119
1663,8315,277.167,camera_3,removed,104
1663,8315,277.167,camera_7,reacquired,60
1663,8315,277.167,camera_7,lost_track,61
1663,8315,277.167,camera_7,lost_track,63
1664,8320,277.333,camera_5,lost_track,213
1664,8320,277.333,camera_5,removed,203
1664,8320,277.333,camera_6,reacquired,110
1664,8320,277.333,camera_6,lost_track,114
1664,8320,277.333,camera_7,new_track,66
1664,8320,277.333,camera_7,reacquired,63
1665,8325,277.5,camera_5,lost_track,205
1665,8325,277.5,camera_5,removed,211
1665,8325,277.5,camera_6,new_track,122
1665,8325,277.5,camera_6,removed,111
1666,8330,277.667,camera_5,reacquired,213
1666,8330,277.667,camera_5,lost_track,217
1666,8330,277.667,camera_6,new_track,123
1666,8330,277.667,camera_6,reacquired,118
1666,8330,277.667,camera_6,lost_track,121
1666,8330,277.667,camera_7,reacquired,54
1666,8330,277.667,camera_7,lost_track,60
1667,8335,277.833,camera_6,reacquired,109
1667,8335,277.833,camera_6,lost_track,116
1667,8335,277.833,camera_6,lost_track,110
1667,8335,277.833,camera_7,lost_track,66
1667,8335,277.833,camera_7,lost_track,54
1668,8340,278.0,camera_6,lost_track,118
1669,8345,278.167,camera_7,reacquired,54
1670,8350,278.333,camera_5,lost_track,209
1670,8350,278.333,camera_5,removed,189
1670,8350,278.333,camera_6,reacquired,116
1670,8350,278.333,camera_6,lost_track,115
1671,8355,278.5,camera_1,removed,57
1671,8355,278.5,camera_6,lost_track,123
1672,8360,278.667,camera_5,removed,210
1672,8360,278.667,camera_6,new_track,124
1672,8360,278.667,camera_7,reacquired,60
1672,8360,278.667,camera_7,lost_track,54
1673,8365,278.833,camera_6,reacquired,105
1673,8365,278.833,camera_7,reacquired,61
1673,8365,278.833,camera_7,lost_track,60
1674,8370,279.0,camera_6,new_track,125
1674,8370,279.0,camera_6,reacquired,110
1675,8375,279.167,camera_6,lost_track,105
1676,8380,279.333,camera_2,removed,87
1676,8380,279.333,camera_5,removed,215
1676,8380,279.333,camera_6,new_track,126
1676,8380,279.333,camera_6,reacquired,105
1676,8380,279.333,camera_6,lost_track,110
1677,8385,279.5,camera_2,removed,86
1677,8385,279.5,camera_5,new_track,218
1677,8385,279.5,camera_6,lost_track,125
1677,8385,279.5,camera_7,reacquired,54
1678,8390,279.667,camera_5,removed,216
1678,8390,279.667,camera_5,removed,212
1678,8390,279.667,camera_6,lost_track,120
1678,8390,279.667,camera_6,lost_track,122
1678,8390,279.667,camera_7,lost_track,61
1679,8395,279.833,camera_6,new_track,127
1679,8395,279.833,camera_7,reacquired,60
1679,8395,279.833,camera_7,lost_track,54
1679,8395,279.833,camera_7,removed,62
1680,8400,280.0,camera_6,lost_track,104
1680,8400,280.0,camera_6,removed,112
1682,8410,280.333,camera_3,new_track,106
1682,8410,280.333,camera_3,removed,103
1682,8410,280.333,camera_7,removed,48
1683,8415,280.5,camera_6,lost_track,127
1684,8420,280.667,camera_3,new_track,107
1684,8420,280.667,camera_5,reacquired,205
1684,8420,280.667,camera_6,lost_track,124
1684,8420,280.667,camera_6,removed,113
1684,8420,280.667,camera_7,lost_track,60
1684,8420,280.667,camera_7,removed,64
1685,8425,280.833,camera_2,new_track,88
1685,8425,280.833,camera_5,lost_track,205
1685,8425,280.833,camera_5,removed,214
1685,8425,280.833,camera_7,reacquired,60
1686,8430,281.0,camera_4,lost_track,73
1686,8430,281.0,camera_5,lost_track,218
1686,8430,281.0,camera_6,reacquired,127
1686,8430,281.0,camera_6,lost_track,108
1686,8430,281.0,camera_7,reacquired,54
1687,8435,281.167,camera_3,new_track,108
1687,8435,281.167,camera_6,reacquired,108
1687,8435,281.167,camera_6,reacquired,110
1688,8440,281.333,camera_5,new_track,219
1688,8440,281.333,camera_6,removed,117
1688,8440,281.333,camera_7,removed,65
1689,8445,281.5,camera_6,lost_track,126
1689,8445,281.5,camera_6,lost_track,110
1690,8450,281.667,camera_1,new_track,58
1690,8450,281.667,camera_6,new_track,128
1690,8450,281.667,camera_7,lost_track,54
1691,8455,281.833,camera_5,new_track,220
1692,8460,282.0,camera_3,lost_track,106
1692,8460,282.0,camera_6,new_track,129
1692,8460,282.0,camera_6,lost_track,128
1692,8460,282.0,camera_6,lost_track,105
1692,8460,282.0,camera_6,removed,119
1693,8465,282.167,camera_3,new_track,109
1693,8465,282.167,camera_3,new_track,110
1693,8465,282.167,camera_3,reacquired,106
1693,8465,282.167,camera_3,lost_track,107
1693,8465,282.167,camera_4,lost_track,74
1693,8465,282.167,camera_7,lost_track,60
1694,8470,282.333,camera_3,reacquired,107
1694,8470,282.333,camera_6,lost_track,108
1694,8470,282.333,camera_6,removed,114
1694,8470,282.333,camera_7,new_track,67
1695,8475,282.5,camera_5,new_track,221
1695,8475,282.5,camera_6,lost_track,116
1696,8480,282.667,camera_1,new_track,59
1696,8480,282.667,camera_5,removed,217
1696,8480,282.667,camera_6,removed,121
1697,8485,282.833,camera_1,lost_track,58
1697,8485,282.833,camera_2,lost_track,88
1697,8485,282.833,camera_7,removed,66
1698,8490,283.0,camera_6,removed,118
1699,8495,283.167,camera_1,lost_track,59
1699,8495,283.167,camera_3,lost_track,106
1700,8500,283.333,camera_5,removed,209
1700,8500,283.333,camera_6,removed,115
1701,8505,283.5,camera_6,removed,123
1702,8510,283.667,camera_2,new_track,89
1702,8510,283.667,camera_4,new_track,75
1705,8525,284.167,camera_3,lost_track,109
1705,8525,284.167,camera_5,lost_track,219
1705,8525,284.167,camera_7,new_track,68
1706,8530,284.333,camera_3,lost_track,110
1707,8535,284.5,camera_3,new_track,112
1707,8535,284.5,camera_3,new_track,111
1707,8535,284.5,camera_5,lost_track,220
1707,8535,284.5,camera_5,lost_track,213
1707,8535,284.5,camera_6,removed,125
1708,8540,284.667,camera_5,new_track,222
1708,8540,284.667,camera_6,removed,120
1708,8540,284.667,camera_6,removed,122
1708,8540,284.667,camera_7,removed,61
1709,8545,284.833,camera_2,new_track,90
1709,8545,284.833,camera_7,lost_track,68
1710,8550,285.0,camera_3,reacquired,110
1710,8550,285.0,camera_3,lost_track,112
1710,8550,285.0,camera_3,lost_track,108
1710,8550,285.0,camera_4,lost_track,72
1710,8550,285.0,camera_6,lost_track,127
1710,8550,285.0,camera_6,removed,104
1711,8555,285.167,camera_6,lost_track,109
1713,8565,285.5,camera_2,new_track,91
1713,8565,285.5,camera_3,lost_track,107
1714,8570,285.667,camera_1,new_track,60
1714,8570,285.667,camera_2,lost_track,90
1714,8570,285.667,camera_3,new_track,113
1714,8570,285.667,camera_6,removed,124
1715,8575,285.833,camera_3,lost_track,113
1715,8575,285.833,camera_5,new_track,223
1715,8575,285.833,camera_5,removed,205
1716,8580,286.0,camera_3,reacquired,113
1716,8580,286.0,camera_4,removed,73
1716,8580,286.0,camera_5,removed,218
1717,8585,286.167,camera_1,new_track,61
1718,8590,286.333,camera_3,reacquired,107
1719,8595,286.5,camera_4,new_track,76
1719,8595,286.5,camera_5,lost_track,223
1719,8595,286.5,camera_6,removed,126
1719,8595,286.5,camera_6,removed,110
1720,8600,286.667,camera_2,lost_track,91
1720,8600,286.667,camera_7,removed,54
1721,8605,286.833,camera_2,reacquired,91
1722,8610,287.0,camera_3,new_track,114
1722,8610,287.0,camera_3,lost_track,113
1722,8610,287.0,camera_5,lost_track,221
1722,8610,287.0,camera_6,removed,128
1722,8610,287.0,camera_6,removed,105
1723,8615,287.167,camera_2,reacquired,90
1723,8615,287.167,camera_2,lost_track,91
1723,8615,287.167,camera_4,removed,74
1723,8615,287.167,camera_5,new_track,224
1723,8615,287.167,camera_7,removed,60
1724,8620,287.333,camera_6,removed,108
1725,8625,287.5,camera_1,lost_track,61
1725,8625,287.5,camera_2,new_track,92
1725,8625,287.5,camera_2,reacquired,91
1725,8625,287.5,camera_2,lost_track,90
1725,8625,287.5,camera_6,removed,116
1725,8625,287.5,camera_7,lost_track,67
1727,8635,287.833,camera_1,removed,58
1727,8635,287.833,camera_2,removed,88
1728,8640,288.0,camera_2,lost_track,92
1728,8640,288.0,camera_6,lost_track,129
1728,8640,288.0,camera_7,new_track,69
1729,8645,288.167,camera_1,removed,59
1729,8645,288.167,camera_3,removed,106
1729,8645,288.167,camera_5,reacquired,213
1730,8650,288.333,camera_2,reacquired,92
1730,8650,288.333,camera_2,lost_track,89
1730,8650,288.333,camera_3,lost_track,114
1730,8650,288.333,camera_6,new_track,130
1730,8650,288.333,camera_6,reacquired,127
1731,8655,288.5,camera_3,new_track,115
1731,8655,288.5,camera_5,new_track,225
1731,8655,288.5,camera_5,new_track,226
1731,8655,288.5,camera_7,lost_track,69
1732,8660,288.667,camera_5,lost_track,225
1732,8660,288.667,camera_5,lost_track,226
1732,8660,288.667,camera_7,reacquired,67
1732,8660,288.667,camera_7,lost_track,57
1733,8665,288.833,camera_2,lost_track,91
1733,8665,288.833,camera_5,reacquired,226
1733,8665,288.833,camera_5,lost_track,213
1734,8670,289.0,camera_2,new_track,93
1734,8670,289.0,camera_5,new_track,227
1734,8670,289.0,camera_6,lost_track,127
1735,8675,289.167,camera_3,new_track,116
1735,8675,289.167,camera_3,removed,109
1735,8675,289.167,camera_5,lost_track,224
1735,8675,289.167,camera_5,lost_track,226
1735,8675,289.167,camera_5,removed,219
1736,8680,289.333,camera_2,lost_track,93
1736,8680,289.333,camera_5,new_track,228
1736,8680,289.333,camera_5,new_track,229
1737,8685,289.5,camera_3,lost_track,115
1737,8685,289.5,camera_4,lost_track,76
1737,8685,289.5,camera_5,lost_track,227
1737,8685,289.5,camera_5,removed,220
1738,8690,289.667,camera_3,reacquired,114
1738,8690,289.667,camera_6,new_track,131
1739,8695,289.833,camera_5,reacquired,225
1739,8695,289.833,camera_5,lost_track,229
1739,8695,289.833,camera_6,reacquired,127
1739,8695,289.833,camera_7,removed,68
1740,8700,290.0,camera_2,new_track,94
1740,8700,290.0,camera_3,removed,112
1740,8700,290.0,camera_3,removed,108
1740,8700,290.0,camera_4,removed,72
1740,8700,290.0,camera_5,reacquired,213
1740,8700,290.0,camera_7,lost_track,67
1741,8705,290.167,camera_6,removed,109
1742,8710,290.333,camera_4,new_track,77
1742,8710,290.333,camera_5,lost_track,213
1742,8710,290.333,camera_6,lost_track,127
1743,8715,290.5,camera_1,new_track,62
1743,8715,290.5,camera_3,lost_track,111
1743,8715,290.5,camera_5,lost_track,222
1744,8720,290.667,camera_5,lost_track,225
1744,8720,290.667,camera_6,lost_track,130
1744,8720,290.667,camera_7,new_track,70
1745,8725,290.833,camera_7,lost_track,63
1748,8740,291.333,camera_1,new_track,63
1749,8745,291.5,camera_1,lost_track,62
1749,8745,291.5,camera_2,reacquired,93
1749,8745,291.5,camera_5,removed,223
1751,8755,291.833,camera_1,new_track,64
1751,8755,291.833,camera_1,lost_track,63
1751,8755,291.833,camera_2,lost_track,93
1751,8755,291.833,camera_3,new_track,117
1752,8760,292.0,camera_3,removed,113
1752,8760,292.0,camera_4,new_track,78
1752,8760,292.0,camera_5,removed,221
1753,8765,292.167,camera_3,new_track,118
1753,8765,292.167,camera_3,lost_track,114
1753,8765,292.167,camera_4,lost_track,78
1754,8770,292.333,camera_3,lost_track,107
1754,8770,292.333,camera_6,new_track,132
1755,8775,292.5,camera_1,reacquired,63
1755,8775,292.5,camera_1,lost_track,64
1755,8775,292.5,camera_1,removed,61
1755,8775,292.5,camera_2,removed,90
1755,8775,292.5,camera_3,reacquired,107
1755,8775,292.5,camera_4,new_track,80
1755,8775,292.5,camera_4,new_track,79
1755,8775,292.5,camera_5,new_track,230
1756,8780,292.667,camera_1,reacquired,64
1756,8780,292.667,camera_1,lost_track,63
1758,8790,293.0,camera_6,removed,129
1759,8795,293.167,camera_1,new_track,65
1759,8795,293.167,camera_3,lost_track,107
1759,8795,293.167,camera_4,lost_track,80
1759,8795,293.167,camera_5,reacquired,225
1760,8800,293.333,camera_2,new_track,95
1760,8800,293.333,camera_2,removed,89
1760,8800,293.333,camera_6,lost_track,131
1761,8805,293.5,camera_2,lost_track,94
1761,8805,293.5,camera_4,lost_track,77
1761,8805,293.5,camera_7,removed,69
1762,8810,293.667,camera_3,lost_track,110
1762,8810,293.667,camera_4,reacquired,78
1762,8810,293.667,camera_5,reacquired,213
1762,8810,293.667,camera_5,reacquired,227
1762,8810,293.667,camera_5,lost_track,225
1762,8810,293.667,camera_7,removed,57
1763,8815,293.833,camera_2,new_track,96
1763,8815,293.833,camera_2,removed,91
1764,8820,294.0,camera_2,reacquired,93
1764,8820,294.0,camera_2,reacquired,94
1764,8820,294.0,camera_2,lost_track,96
1764,8820,294.0,camera_3,reacquired,107
1764,8820,294.0,camera_3,lost_track,117
1764,8820,294.0,camera_4,lost_track,78
1764,8820,294.0,camera_5,lost_track,227
1764,8820,294.0,camera_6,new_track,133
1765,8825,294.167,camera_3,reacquired,110
1765,8825,294.167,camera_5,lost_track,230
1765,8825,294.167,camera_5,removed,224
1765,8825,294.167,camera_5,removed,226
1766,8830,294.333,camera_4,new_track,81
1767,8835,294.5,camera_2,lost_track,93
1767,8835,294.5,camera_3,reacquired,117
1767,8835,294.5,camera_3,lost_track,110
1767,8835,294.5,camera_3,removed,115
1767,8835,294.5,camera_4,removed,76
1768,8840,294.667,camera_1,reacquired,62
1768,8840,294.667,camera_1,lost_track,65
1768,8840,294.667,camera_2,new_track,97
1769,8845,294.833,camera_1,lost_track,62
1769,8845,294.833,camera_4,reacquired,78
1769,8845,294.833,camera_5,new_track,231
1769,8845,294.833,camera_5,removed,229
1770,8850,295.0,camera_3,lost_track,107
1770,8850,295.0,camera_5,new_track,232
1770,8850,295.0,camera_7,removed,67
1772,8860,295.333,camera_2,lost_track,97
1772,8860,295.333,camera_3,reacquired,107
1772,8860,295.333,camera_4,new_track,82
1772,8860,295.333,camera_5,lost_track,213
1772,8860,295.333,camera_6,removed,127
1773,8865,295.5,camera_3,lost_track,107
1773,8865,295.5,camera_3,removed,111
1773,8865,295.5,camera_4,lost_track,82
1773,8865,295.5,camera_5,new_track,233
1773,8865,295.5,camera_5,removed,222
1773,8865,295.5,camera_6,lost_track,133
1773,8865,295.5,camera_7,new_track,71
1774,8870,295.667,camera_3,reacquired,107
1774,8870,295.667,camera_3,lost_track,117
1774,8870,295.667,camera_4,new_track,83
1774,8870,295.667,camera_4,lost_track,78
1774,8870,295.667,camera_6,removed,130
1775,8875,295.833,camera_2,reacquired,93
1775,8875,295.833,camera_3,reacquired,117
1775,8875,295.833,camera_4,lost_track,79
1775,8875,295.833,camera_7,removed,63
1776,8880,296.0,camera_6,lost_track,132
1777,8885,296.167,camera_2,lost_track,94
1777,8885,296.167,camera_3,new_track,119
1778,8890,296.333,camera_4,lost_track,83
1778,8890,296.333,camera_4,lost_track,75
1779,8895,296.5,camera_2,reacquired,96
1779,8895,296.5,camera_4,reacquired,83
1779,8895,296.5,camera_5,new_track,234
1779,8895,296.5,camera_5,new_track,235
1780,8900,296.667,camera_3,new_track,120
1780,8900,296.667,camera_4,reacquired,75
1780,8900,296.667,camera_7,new_track,72
1781,8905,296.833,camera_1,lost_track,64
1781,8905,296.833,camera_4,lost_track,75
1781,8905,296.833,camera_5,new_track,236
1781,8905,296.833,camera_5,lost_track,232
1781,8905,296.833,camera_5,lost_track,233
1781,8905,296.833,camera_5,lost_track,235
1783,8915,297.167,camera_3,lost_track,117
1783,8915,297.167,camera_3,removed,114
1783,8915,297.167,camera_5,lost_track,234
1785,8925,297.5,camera_2,lost_track,96
1785,8925,297.5,camera_5,reacquired,235
1786,8930,297.667,camera_1,removed,63
1786,8930,297.667,camera_3,new_track,121
1786,8930,297.667,camera_5,new_track,237
1786,8930,297.667,camera_5,new_track,238
1786,8930,297.667,camera_5,new_track,239
1787,8935,297.833,camera_4,lost_track,81
1787,8935,297.833,camera_5,lost_track,239
1788,8940,298.0,camera_2,reacquired,96
1788,8940,298.0,camera_5,new_track,240
1789,8945,298.167,camera_3,lost_track,107
1789,8945,298.167,camera_4,removed,80
1789,8945,298.167,camera_5,lost_track,238
1790,8950,298.333,camera_1,new_track,66
1790,8950,298.333,camera_1,reacquired,64
1790,8950,298.333,camera_2,lost_track,93
1790,8950,298.333,camera_3,new_track,122
1790,8950,298.333,camera_3,lost_track,118
1790,8950,298.333,camera_5,reacquired,239
1790,8950,298.333,camera_5,lost_track,240
1790,8950,298.333,camera_6,removed,131
1791,8955,298.5,camera_4,removed,77
1791,8955,298.5,camera_5,new_track,241
1791,8955,298.5,camera_5,new_track,242
1791,8955,298.5,camera_5,reacquired,240
1792,8960,298.667,camera_2,new_track,98
1792,8960,298.667,camera_5,lost_track,242
1792,8960,298.667,camera_5,lost_track,236
1792,8960,298.667,camera_5,removed,225
1793,8965,298.833,camera_2,new_track,99
1793,8965,298.833,camera_5,new_track,243
1793,8965,298.833,camera_7,lost_track,70
1794,8970,299.0,camera_5,new_track,244
1794,8970,299.0,camera_5,lost_track,240
1794,8970,299.0,camera_5,lost_track,241
1794,8970,299.0,camera_5,lost_track,228
1794,8970,299.0,camera_5,removed,227
1795,8975,299.167,camera_3,lost_track,120
1795,8975,299.167,camera_5,reacquired,228
1795,8975,299.167,camera_5,removed,230
1796,8980,299.333,camera_1,lost_track,60
1796,8980,299.333,camera_5,new_track,245
1796,8980,299.333,camera_5,reacquired,242
1796,8980,299.333,camera_5,lost_track,244
1797,8985,299.5,camera_1,new_track,67
1797,8985,299.5,camera_3,reacquired,117
1797,8985,299.5,camera_3,removed,110
1797,8985,299.5,camera_5,lost_track,242
1798,8990,299.667,camera_1,removed,65
1798,8990,299.667,camera_5,lost_track,235
1798,8990,299.667,camera_5,lost_track,228
1799,8995,299.833,camera_1,removed,62
1800,9000,300.0,camera_1,lost_track,64
1801,9005,300.167,camera_5,new_track,246
1801,9005,300.167,camera_5,lost_track,243
1802,9010,300.333,camera_2,removed,97
1802,9010,300.333,camera_3,lost_track,117
1802,9010,300.333,camera_5,lost_track,231
1802,9010,300.333,camera_5,removed,213
1803,9015,300.5,camera_4,new_track,84
1803,9015,300.5,camera_4,removed,82
1803,9015,300.5,camera_5,new_track,247
1803,9015,300.5,camera_5,reacquired,243
1803,9015,300.5,camera_6,removed,133
1804,9020,300.667,camera_3,reacquired,117
1804,9020,300.667,camera_4,lost_track,84
1804,9020,300.667,camera_4,removed,78
1805,9025,300.833,camera_4,removed,79
1805,9025,300.833,camera_5,lost_track,247
1806,9030,301.0,camera_1,new_track,68
1806,9030,301.0,camera_5,new_track,248
1806,9030,301.0,camera_6,removed,132
1806,9030,301.0,camera_7,reacquired,70
1806,9030,301.0,camera_7,lost_track,72
1807,9035,301.167,camera_2,removed,94
1807,9035,301.167,camera_5,reacquired,228
1807,9035,301.167,camera_5,reacquired,244
1807,9035,301.167,camera_5,lost_track,243
1807,9035,301.167,camera_5,lost_track,246
1807,9035,301.167,camera_5,lost_track,239
1808,9040,301.333,camera_2,lost_track,99
1808,9040,301.333,camera_3,lost_track,122
1808,9040,301.333,camera_5,new_track,249
1808,9040,301.333,camera_5,lost_track,245
1808,9040,301.333,camera_7,lost_track,70
1809,9045,301.5,camera_2,new_track,100
1809,9045,301.5,camera_4,lost_track,83
1809,9045,301.5,camera_5,reacquired,243
1809,9045,301.5,camera_7,new_track,73
1810,9050,301.667,camera_3,new_track,123
1810,9050,301.667,camera_5,lost_track,228
1810,9050,301.667,camera_5,lost_track,244
1811,9055,301.833,camera_2,reacquired,99
1811,9055,301.833,camera_4,removed,75
1811,9055,301.833,camera_5,reacquired,228
1811,9055,301.833,camera_5,removed,232
1811,9055,301.833,camera_5,removed,233
1812,9060,302.0,camera_1,lost_track,68
1812,9060,302.0,camera_6,new_track,134
1813,9065,302.167,camera_2,new_track,101
1813,9065,302.167,camera_2,lost_track,98
1813,9065,302.167,camera_5,new_track,250
1813,9065,302.167,camera_5,lost_track,228
1813,9065,302.167,camera_5,removed,234
1814,9070,302.333,camera_5,new_track,251
1814,9070,302.333,camera_5,new_track,252
1814,9070,302.333,camera_5,lost_track,237
1815,9075,302.5,camera_5,reacquired,239
1816,9080,302.667,camera_1,new_track,69
1816,9080,302.667,camera_5,lost_track,239
1817,9085,302.833,camera_1,reacquired,64
1817,9085,302.833,camera_1,lost_track,66
1817,9085,302.833,camera_4,removed,81
1817,9085,302.833,camera_5,reacquired,239
1817,9085,302.833,camera_5,lost_track,249
1817,9085,302.833,camera_5,lost_track,252
1819,9095,303.167,camera_3,new_track,124
1819,9095,303.167,camera_3,removed,107
1819,9095,303.167,camera_5,lost_track,251
1819,9095,303.167,camera_5,removed,238
1820,9100,303.333,camera_1,lost_track,69
1820,9100,303.333,camera_2,removed,93
1820,9100,303.333,camera_3,removed,118
1820,9100,303.333,camera_5,reacquired,237
1820,9100,303.333,camera_5,reacquired,251
1821,9105,303.5,camera_5,lost_track,250
1822,9110,303.667,camera_3,lost_track,121
1822,9110,303.667,camera_3,lost_track,117
1822,9110,303.667,camera_4,new_track,85
1822,9110,303.667,camera_5,removed,236
1823,9115,303.833,camera_1,new_track,70
1823,9115,303.833,camera_3,reacquired,117
1824,9120,304.0,camera_5,reacquired,244
1824,9120,304.0,camera_5,lost_track,237
1824,9120,304.0,camera_5,removed,240
1824,9120,304.0,camera_5,removed,241
1825,9125,304.167,camera_1,new_track,71
1825,9125,304.167,camera_3,removed,120
1826,9130,304.333,camera_1,reacquired,66
1826,9130,304.333,camera_1,removed,60
1826,9130,304.333,camera_5,reacquired,237
1826,9130,304.333,camera_5,lost_track,251
1826,9130,304.333,camera_5,lost_track,244
1827,9135,304.5,camera_1,lost_track,71
1827,9135,304.5,camera_2,lost_track,99
1827,9135,304.5,camera_5,lost_track,248
1827,9135,304.5,camera_5,lost_track,243
1827,9135,304.5,camera_5,removed,242
1828,9140,304.667,camera_2,new_track,102
1828,9140,304.667,camera_5,removed,235
1828,9140,304.667,camera_6,new_track,135
1829,9145,304.833,camera_5,reacquired,251
1829,9145,304.833,camera_5,lost_track,239
1830,9150,305.0,camera_6,lost_track,135
1830,9150,305.0,camera_7,new_track,74
1831,9155,305.167,camera_2,lost_track,96
1831,9155,305.167,camera_6,lost_track,134
1832,9160,305.333,camera_1,lost_track,70
1832,9160,305.333,camera_5,lost_track,251
1832,9160,305.333,camera_5,removed,231
1832,9160,305.333,camera_6,new_track,136
1833,9165,305.5,camera_6,lost_track,136
1834,9170,305.667,camera_1,lost_track,66
1834,9170,305.667,camera_2,new_track,103
1834,9170,305.667,camera_4,removed,84
1834,9170,305.667,camera_5,reacquired,251
1834,9170,305.667,camera_5,lost_track,237
1835,9175,305.833,camera_2,new_track,104
1835,9175,305.833,camera_3,lost_track,117
1835,9175,305.833,camera_5,reacquired,237
1835,9175,305.833,camera_5,removed,247
1836,9180,306.0,camera_2,lost_track,104
1836,9180,306.0,camera_3,reacquired,117
1836,9180,306.0,camera_7,removed,72
1837,9185,306.167,camera_1,reacquired,69
1837,9185,306.167,camera_5,removed,246
1838,9190,306.333,camera_3,removed,122
1838,9190,306.333,camera_5,removed,245
1838,9190,306.333,camera_7,removed,70
1839,9195,306.5,camera_2,new_track,105
1839,9195,306.5,camera_4,removed,83
1840,9200,306.667,camera_2,lost_track,92
1840,9200,306.667,camera_5,lost_track,251
1841,9205,306.833,camera_1,lost_track,64
1841,9205,306.833,camera_2,new_track,106
1841,9205,306.833,camera_2,lost_track,105
1841,9205,306.833,camera_3,new_track,125
1841,9205,306.833,camera_3,new_track,126
1841,9205,306.833,camera_3,lost_track,119
1841,9205,306.833,camera_5,reacquired,251
1841,9205,306.833,camera_7,lost_track,74
1842,9210,307.0,camera_1,new_track,72
1842,9210,307.0,camera_1,lost_track,69
1842,9210,307.0,camera_1,removed,68
1842,9210,307.0,camera_2,lost_track,100
1842,9210,307.0,camera_7,new_track,75
1843,9215,307.167,camera_2,removed,98
1843,9215,307.167,camera_3,new_track,127
1843,9215,307.167,camera_5,lost_track,251
1843,9215,307.167,camera_5,removed,228
1844,9220,307.333,camera_3,lost_track,125
1844,9220,307.333,camera_3,lost_track,127
1845,9225,307.5,camera_3,new_track,128
1845,9225,307.5,camera_4,lost_track,85
1846,9230,307.667,camera_3,new_track,129
1846,9230,307.667,camera_5,reacquired,251
1846,9230,307.667,camera_5,lost_track,237
1847,9235,307.833,camera_5,reacquired,237
1847,9235,307.833,camera_5,lost_track,251
1847,9235,307.833,camera_5,removed,249
1847,9235,307.833,camera_5,removed,252
1848,9240,308.0,camera_3,lost_track,124
1849,9245,308.167,camera_3,reacquired,119
1849,9245,308.167,camera_3,lost_track,128
1851,9255,308.5,camera_3,new_track,130
1851,9255,308.5,camera_5,removed,250
1852,9260,308.667,camera_3,removed,121
1852,9260,308.667,camera_4,new_track,86
1853,9265,308.833,camera_1,lost_track,72
1854,9270,309.0,camera_2,reacquired,99
1854,9270,309.0,camera_3,lost_track,129
1855,9275,309.167,camera_2,lost_track,101
1855,9275,309.167,camera_3,new_track,131
1856,9280,309.333,camera_5,lost_track,237
1856,9280,309.333,camera_5,removed,244
1857,9285,309.5,camera_1,removed,71
1857,9285,309.5,camera_5,removed,248
1857,9285,309.5,camera_5,removed,243
1858,9290,309.667,camera_3,new_track,132
1859,9295,309.833,camera_3,lost_track,132
1859,9295,309.833,camera_5,removed,239
1860,9300,310.0,camera_6,removed,135
1861,9305,310.167,camera_2,removed,96
1861,9305,310.167,camera_3,new_track,133
1861,9305,310.167,camera_3,lost_track,131
1861,9305,310.167,camera_6,reacquired,136
1861,9305,310.167,camera_6,removed,134
1862,9310,310.333,camera_1,new_track,73
1862,9310,310.333,camera_1,removed,70
1862,9310,310.333,camera_3,lost_track,126
1863,9315,310.5,camera_1,lost_track,67
1864,9320,310.667,camera_1,removed,66
1864,9320,310.667,camera_3,reacquired,127
1865,9325,310.833,camera_1,lost_track,73
1865,9325,310.833,camera_3,reacquired,124
1865,9325,310.833,camera_3,lost_track,133
1865,9325,310.833,camera_3,lost_track,127
1865,9325,310.833,camera_6,new_track,137
1865,9325,310.833,camera_7,lost_track,71
1866,9330,311.0,camera_1,reacquired,73
1866,9330,311.0,camera_2,lost_track,95
1866,9330,311.0,camera_2,removed,104
1868,9340,311.333,camera_2,new_track,107
1868,9340,311.333,camera_3,lost_track,124
1868,9340,311.333,camera_4,new_track,87
1870,9350,311.667,camera_2,removed,92
1871,9355,311.833,camera_1,removed,64
1871,9355,311.833,camera_2,new_track,108
1871,9355,311.833,camera_2,removed,105
1871,9355,311.833,camera_7,removed,74
1872,9360,312.0,camera_1,lost_track,73
1872,9360,312.0,camera_1,removed,69
1872,9360,312.0,camera_2,removed,100
1874,9370,312.333,camera_3,removed,125
1874,9370,312.333,camera_6,lost_track,137
1875,9375,312.5,camera_4,removed,85
1875,9375,312.5,camera_6,reacquired,137
1877,9385,312.833,camera_5,removed,251
1877,9385,312.833,camera_7,new_track,76
1878,9390,313.0,camera_7,lost_track,75
1879,9395,313.167,camera_3,removed,128
1879,9395,313.167,camera_6,lost_track,137
1880,9400,313.333,camera_7,new_track,77
1880,9400,313.333,camera_7,lost_track,76
1883,9415,313.833,camera_1,removed,72
1884,9420,314.0,camera_3,removed,129
1885,9425,314.167,camera_2,removed,101
1886,9430,314.333,camera_5,removed,237
1888,9440,314.667,camera_6,lost_track,136
1889,9445,314.833,camera_3,removed,132
1891,9455,315.167,camera_3,removed,131
1892,9460,315.333,camera_3,removed,126
1893,9465,315.5,camera_1,removed,67
1895,9475,315.833,camera_3,removed,133
1895,9475,315.833,camera_3,removed,127
1895,9475,315.833,camera_7,removed,71
1896,9480,316.0,camera_2,removed,95
1896,9480,316.0,camera_5,new_track,253
1897,9485,316.167,camera_5,new_track,254
1898,9490,316.333,camera_3,removed,124
1900,9500,316.667,camera_5,new_track,255
1901,9505,316.833,camera_5,new_track,256
1902,9510,317.0,camera_1,removed,73
1902,9510,317.0,camera_5,lost_track,256
1903,9515,317.167,camera_4,lost_track,86
1903,9515,317.167,camera_5,reacquired,256
1904,9520,317.333,camera_2,new_track,109
1904,9520,317.333,camera_4,reacquired,86
1904,9520,317.333,camera_5,new_track,257
1905,9525,317.5,camera_2,lost_track,107
1905,9525,317.5,camera_5,lost_track,256
1905,9525,317.5,camera_7,lost_track,77
1907,9535,317.833,camera_2,new_track,110
1907,9535,317.833,camera_5,lost_track,257
1908,9540,318.0,camera_7,removed,75
1909,9545,318.167,camera_2,new_track,111
1909,9545,318.167,camera_6,removed,137
1909,9545,318.167,camera_7,reacquired,77
1910,9550,318.333,camera_7,removed,76
1913,9565,318.833,camera_2,new_track,112
1913,9565,318.833,camera_5,new_track,258
1915,9575,319.167,camera_2,lost_track,112
1915,9575,319.167,camera_5,lost_track,258
1916,9580,319.333,camera_5,new_track,259
1917,9585,319.5,camera_1,new_track,74
1917,9585,319.5,camera_2,reacquired,107
1917,9585,319.5,camera_2,lost_track,111
1917,9585,319.5,camera_3,new_track,134
1917,9585,319.5,camera_4,lost_track,86
1917,9585,319.5,camera_5,new_track,260
1917,9585,319.5,camera_5,new_track,261
1918,9590,319.667,camera_1,new_track,75
1918,9590,319.667,camera_6,removed,136
1919,9595,319.833,camera_5,new_track,262
1919,9595,319.833,camera_5,lost_track,259
1921,9605,320.167,camera_5,reacquired,256
1921,9605,320.167,camera_5,lost_track,262
1922,9610,320.333,camera_5,reacquired,262
1922,9610,320.333,camera_5,lost_track,256
1923,9615,320.5,camera_3,new_track,135
1923,9615,320.5,camera_4,new_track,88
1924,9620,320.667,camera_1,lost_track,74
1924,9620,320.667,camera_5,lost_track,260
1924,9620,320.667,camera_5,lost_track,261
1926,9630,321.0,camera_3,lost_track,134
1926,9630,321.0,camera_5,lost_track,255
1927,9635,321.167,camera_1,new_track,76
1927,9635,321.167,camera_5,reacquired,257
1928,9640,321.333,camera_3,lost_track,116
1930,9650,321.667,camera_2,lost_track,107
1930,9650,321.667,camera_3,new_track,136
1930,9650,321.667,camera_4,new_track,89
1931,9655,321.833,camera_2,lost_track,109
1931,9655,321.833,camera_3,lost_track,136
1931,9655,321.833,camera_4,lost_track,88
1932,9660,322.0,camera_2,new_track,113
1932,9660,322.0,camera_5,lost_track,257
1933,9665,322.167,camera_2,new_track,114
1933,9665,322.167,camera_4,new_track,90
1934,9670,322.333,camera_1,lost_track,75
1934,9670,322.333,camera_2,lost_track,114
1934,9670,322.333,camera_2,lost_track,108
1934,9670,322.333,camera_3,new_track,137
1935,9675,322.5,camera_2,reacquired,114
1935,9675,322.5,camera_2,lost_track,106
1935,9675,322.5,camera_3,lost_track,117
1936,9680,322.667,camera_2,reacquired,109
1936,9680,322.667,camera_2,lost_track,113
1936,9680,322.667,camera_3,new_track,138
1936,9680,322.667,camera_3,reacquired,134
1937,9685,322.833,camera_2,lost_track,109
1938,9690,323.0,camera_2,reacquired,107
1938,9690,323.0,camera_2,reacquired,113
1938,9690,323.0,camera_2,lost_track,110
1939,9695,323.167,camera_3,lost_track,134
1940,9700,323.333,camera_3,reacquired,134
1940,9700,323.333,camera_5,lost_track,262
1941,9705,323.5,camera_2,lost_track,113
1941,9705,323.5,camera_2,lost_track,99
1942,9710,323.667,camera_2,reacquired,110
1944,9720,324.0,camera_3,reacquired,136
1944,9720,324.0,camera_3,lost_track,119
1944,9720,324.0,camera_4,lost_track,90
1945,9725,324.167,camera_2,removed,112
1945,9725,324.167,camera_3,reacquired,116
1945,9725,324.167,camera_5,removed,258
1946,9730,324.333,camera_3,lost_track,136
1946,9730,324.333,camera_5,new_track,263
1947,9735,324.5,camera_2,removed,111
1947,9735,324.5,camera_4,new_track,91
1947,9735,324.5,camera_4,removed,86
1949,9745,324.833,camera_5,removed,259
1950,9750,325.0,camera_2,lost_track,110
1950,9750,325.0,camera_3,lost_track,116
1952,9760,325.333,camera_4,new_track,92
1952,9760,325.333,camera_4,new_track,93
1952,9760,325.333,camera_4,lost_track,91
1952,9760,325.333,camera_5,removed,256
1953,9765,325.5,camera_3,reacquired,117
1953,9765,325.5,camera_4,lost_track,92
1953,9765,325.5,camera_4,lost_track,93
1954,9770,325.667,camera_1,new_track,77
1954,9770,325.667,camera_1,removed,74
1954,9770,325.667,camera_5,removed,260
1954,9770,325.667,camera_5,removed,261
1955,9775,325.833,camera_1,reacquired,74
1955,9775,325.833,camera_1,lost_track,77
1955,9775,325.833,camera_2,reacquired,110
1955,9775,325.833,camera_2,lost_track,114
1955,9775,325.833,camera_3,new_track,139
1955,9775,325.833,camera_4,reacquired,93
1955,9775,325.833,camera_4,lost_track,89
1956,9780,326.0,camera_2,reacquired,114
1956,9780,326.0,camera_3,lost_track,138
1956,9780,326.0,camera_4,lost_track,93
1956,9780,326.0,camera_5,removed,255
1957,9785,326.167,camera_1,reacquired,77
1957,9785,326.167,camera_2,reacquired,109
1958,9790,326.333,camera_2,new_track,115
1958,9790,326.333,camera_2,lost_track,107
1960,9800,326.667,camera_1,new_track,78
1961,9805,326.833,camera_1,lost_track,74
1961,9805,326.833,camera_2,reacquired,113
1961,9805,326.833,camera_2,lost_track,114
1961,9805,326.833,camera_2,lost_track,103
1961,9805,326.833,camera_3,lost_track,134
1961,9805,326.833,camera_4,removed,88
1962,9810,327.0,camera_2,new_track,116
1962,9810,327.0,camera_5,removed,257
1963,9815,327.167,camera_3,lost_track,139
1963,9815,327.167,camera_5,new_track,264
1963,9815,327.167,camera_5,lost_track,263
1963,9815,327.167,camera_6,new_track,138
1964,9820,327.333,camera_1,removed,75
1964,9820,327.333,camera_2,removed,108
1964,9820,327.333,camera_3,new_track,140
1964,9820,327.333,camera_3,reacquired,136
1964,9820,327.333,camera_5,lost_track,264
1965,9825,327.5,camera_2,removed,106
1965,9825,327.5,camera_3,lost_track,140
1965,9825,327.5,camera_6,new_track,139
1965,9825,327.5,camera_7,lost_track,73
1966,9830,327.667,camera_2,new_track,117
1966,9830,327.667,camera_2,lost_track,116
1966,9830,327.667,camera_3,lost_track,137
1967,9835,327.833,camera_2,lost_track,115
1967,9835,327.833,camera_3,reacquired,119
1967,9835,327.833,camera_3,reacquired,137
1967,9835,327.833,camera_3,lost_track,136
1968,9840,328.0,camera_1,lost_track,78
1968,9840,328.0,camera_2,lost_track,113
1969,9845,328.167,camera_1,reacquired,78
1969,9845,328.167,camera_3,lost_track,119
1969,9845,328.167,camera_6,lost_track,139
1970,9850,328.333,camera_2,new_track,118
1970,9850,328.333,camera_5,removed,262
1971,9855,328.5,camera_2,reacquired,115
1971,9855,328.5,camera_2,removed,99
1972,9860,328.667,camera_2,lost_track,115
1972,9860,328.667,camera_3,reacquired,119
1973,9865,328.833,camera_1,lost_track,78
1974,9870,329.0,camera_3,reacquired,136
1974,9870,329.0,camera_3,lost_track,130
1974,9870,329.0,camera_4,removed,90
1974,9870,329.0,camera_5,lost_track,253
1975,9875,329.167,camera_2,lost_track,110
1975,9875,329.167,camera_3,lost_track,117
1976,9880,329.333,camera_1,reacquired,78
1976,9880,329.333,camera_3,new_track,141
1977,9885,329.5,camera_2,reacquired,110
1978,9890,329.667,camera_1,lost_track,78
1978,9890,329.667,camera_2,lost_track,118
1978,9890,329.667,camera_3,new_track,142
1978,9890,329.667,camera_3,new_track,143
1978,9890,329.667,camera_3,lost_track,141
1978,9890,329.667,camera_4,reacquired,92
1979,9895,329.833,camera_1,reacquired,78
1979,9895,329.833,camera_3,lost_track,123
1979,9895,329.833,camera_3,lost_track,142
1980,9900,330.0,camera_2,lost_track,109
1980,9900,330.0,camera_3,removed,116
1980,9900,330.0,camera_5,lost_track,254
1981,9905,330.167,camera_2,new_track,119
1982,9910,330.333,camera_1,lost_track,78
1982,9910,330.333,camera_2,lost_track,119
1982,9910,330.333,camera_3,reacquired,142
1982,9910,330.333,camera_3,lost_track,143
1982,9910,330.333,camera_4,removed,91
1983,9915,330.5,camera_2,lost_track,102
1983,9915,330.5,camera_6,lost_track,138
1984,9920,330.667,camera_3,new_track,144
1984,9920,330.667,camera_3,reacquired,140
1984,9920,330.667,camera_3,lost_track,137
1984,9920,330.667,camera_3,lost_track,142
1984,9920,330.667,camera_3,lost_track,119
1985,9925,330.833,camera_3,new_track,145
1985,9925,330.833,camera_4,removed,89
1985,9925,330.833,camera_6,new_track,140
1986,9930,331.0,camera_1,new_track,79
1986,9930,331.0,camera_3,removed,138
1986,9930,331.0,camera_4,removed,93
1987,9935,331.167,camera_3,new_track,146
1988,9940,331.333,camera_2,removed,107
1988,9940,331.333,camera_3,lost_track,146
1989,9945,331.5,camera_1,lost_track,79
1989,9945,331.5,camera_3,lost_track,136
1989,9945,331.5,camera_4,new_track,94
1990,9950,331.667,camera_1,new_track,80
1991,9955,331.833,camera_1,removed,74
1991,9955,331.833,camera_2,removed,114
1991,9955,331.833,camera_2,removed,103
1991,9955,331.833,camera_3,new_track,147
1991,9955,331.833,camera_3,removed,134
1992,9960,332.0,camera_6,new_track,141
1993,9965,332.167,camera_3,removed,139
1993,9965,332.167,camera_5,removed,263
1994,9970,332.333,camera_5,new_track,265
1994,9970,332.333,camera_5,removed,264
1995,9975,332.5,camera_1,lost_track,77
1995,9975,332.5,camera_7,removed,73
1996,9980,332.667,camera_1,reacquired,77
1996,9980,332.667,camera_1,lost_track,80
1996,9980,332.667,camera_2,removed,116
1998,9990,333.0,camera_2,removed,113
1999,9995,333.167,camera_6,removed,139
2000,10000,333.333,camera_4,new_track,95
2000,10000,333.333,camera_7,lost_track,77
2001,10005,333.5,camera_3,new_track,148
2001,10005,333.5,camera_3,lost_track,135
2001,10005,333.5,camera_4,lost_track,95
2002,10010,333.667,camera_2,lost_track,110
2002,10010,333.667,camera_2,removed,115
2003,10015,333.833,camera_4,new_track,96
2003,10015,333.833,camera_5,new_track,266
2003,10015,333.833,camera_6,new_track,142
2004,10020,334.0,camera_1,reacquired,78
2004,10020,334.0,camera_3,lost_track,145
2004,10020,334.0,camera_3,lost_track,147
2004,10020,334.0,camera_3,removed,130
2004,10020,334.0,camera_4,lost_track,96
2004,10020,334.0,camera_4,lost_track,92
2004,10020,334.0,camera_5,removed,253
2004,10020,334.0,camera_6,lost_track,141
2005,10025,334.167,camera_1,lost_track,78
2005,10025,334.167,camera_3,lost_track,144
2005,10025,334.167,camera_3,removed,117
2005,10025,334.167,camera_4,reacquired,92
2005,10025,334.167,camera_6,reacquired,141
2005,10025,334.167,camera_6,lost_track,140
2006,10030,334.333,camera_2,new_track,120
2006,10030,334.333,camera_3,reacquired,135
2006,10030,334.333,camera_3,reacquired,144
2006,10030,334.333,camera_4,new_track,97
2006,10030,334.333,camera_4,lost_track,92
2006,10030,334.333,camera_5,new_track,267
2006,10030,334.333,camera_5,lost_track,266
2006,10030,334.333,camera_7,new_track,78
2007,10035,334.5,camera_3,reacquired,147
2007,10035,334.5,camera_6,new_track,143
2008,10040,334.667,camera_2,removed,118
2008,10040,334.667,camera_3,new_track,149
2008,10040,334.667,camera_3,lost_track,140
2008,10040,334.667,camera_3,removed,141
2008,10040,334.667,camera_5,reacquired,266
2009,10045,334.833,camera_3,lost_track,135
2009,10045,334.833,camera_3,removed,123
2009,10045,334.833,camera_6,lost_track,143
2010,10050,335.0,camera_2,removed,109
2010,10050,335.0,camera_3,new_track,150
2010,10050,335.0,camera_3,lost_track,144
2010,10050,335.0,camera_5,lost_track,265
2010,10050,335.0,camera_5,removed,254
2012,10060,335.333,camera_2,removed,119
2012,10060,335.333,camera_3,lost_track,147
2012,10060,335.333,camera_3,removed,143
2013,10065,335.5,camera_2,new_track,121
2013,10065,335.5,camera_2,removed,102
2013,10065,335.5,camera_3,reacquired,145
2013,10065,335.5,camera_6,lost_track,142
2013,10065,335.5,camera_6,removed,138
2013,10065,335.5,camera_7,new_track,79
2014,10070,335.667,camera_3,removed,137
2014,10070,335.667,camera_3,removed,142
2014,10070,335.667,camera_3,removed,119
2014,10070,335.667,camera_5,lost_track,267
2014,10070,335.667,camera_6,lost_track,141
2015,10075,335.833,camera_2,lost_track,121
2016,10080,336.0,camera_3,lost_track,150
2017,10085,336.167,camera_1,new_track,81
2017,10085,336.167,camera_2,reacquired,121
2017,10085,336.167,camera_3,reacquired,150
2018,10090,336.333,camera_3,removed,146
2019,10095,336.5,camera_1,lost_track,81
2019,10095,336.5,camera_1,removed,79
2019,10095,336.5,camera_3,reacquired,144
2019,10095,336.5,camera_3,lost_track,148
2019,10095,336.5,camera_3,removed,136
2020,10100,336.667,camera_2,lost_track,121
2021,10105,336.833,camera_4,new_track,98
2021,10105,336.833,camera_5,new_track,268
2022,10110,337.0,camera_3,reacquired,148
2022,10110,337.0,camera_5,lost_track,268
2023,10115,337.167,camera_2,lost_track,117
2025,10125,337.5,camera_4,reacquired,96
2026,10130,337.667,camera_1,removed,80
2026,10130,337.667,camera_3,lost_track,148
2027,10135,337.833,camera_3,reacquired,147
2027,10135,337.833,camera_4,lost_track,96
2028,10140,338.0,camera_3,new_track,151
2028,10140,338.0,camera_3,reacquired,148
2028,10140,338.0,camera_7,lost_track,78
2030,10150,338.333,camera_3,lost_track,147
2030,10150,338.333,camera_4,lost_track,98
2030,10150,338.333,camera_5,lost_track,266
2030,10150,338.333,camera_7,new_track,80
2030,10150,338.333,camera_7,removed,77
2031,10155,338.5,camera_4,removed,95
2031,10155,338.5,camera_5,new_track,269
2032,10160,338.667,camera_1,new_track,82
2032,10160,338.667,camera_2,removed,110
2032,10160,338.667,camera_4,lost_track,87
2032,10160,338.667,camera_5,reacquired,268
2033,10165,338.833,camera_1,lost_track,82
2033,10165,338.833,camera_3,reacquired,147
2034,10170,339.0,camera_1,lost_track,77
2035,10175,339.167,camera_1,reacquired,82
2035,10175,339.167,camera_1,removed,78
2035,10175,339.167,camera_6,removed,140
2036,10180,339.333,camera_1,reacquired,77
2036,10180,339.333,camera_4,removed,92
2036,10180,339.333,camera_5,lost_track,268
2037,10185,339.5,camera_2,new_track,122
2037,10185,339.5,camera_3,lost_track,148
2038,10190,339.667,camera_1,new_track,83
2038,10190,339.667,camera_1,lost_track,82
2038,10190,339.667,camera_1,lost_track,77
2038,10190,339.667,camera_3,removed,140
2038,10190,339.667,camera_4,reacquired,98
2039,10195,339.833,camera_3,removed,135
2039,10195,339.833,camera_6,removed,143
2040,10200,340.0,camera_3,lost_track,151
2040,10200,340.0,camera_5,removed,265
2041,10205,340.167,camera_2,new_track,123
2041,10205,340.167,camera_3,reacquired,151
2042,10210,340.333,camera_3,lost_track,149
2042,10210,340.333,camera_5,new_track,270
2042,10210,340.333,camera_6,new_track,144
2042,10210,340.333,camera_7,new_track,81
2043,10215,340.5,camera_3,lost_track,147
2043,10215,340.5,camera_6,removed,142
2044,10220,340.667,camera_2,lost_track,120
2044,10220,340.667,camera_5,lost_track,270
2044,10220,340.667,camera_5,removed,267
2044,10220,340.667,camera_6,removed,141
2045,10225,340.833,camera_1,lost_track,83
2045,10225,340.833,camera_3,new_track,152
2045,10225,340.833,camera_5,lost_track,269
2046,10230,341.0,camera_1,reacquired,83
2046,10230,341.0,camera_3,reacquired,147
2046,10230,341.0,camera_3,lost_track,151
2047,10235,341.167,camera_4,lost_track,98
2049,10245,341.5,camera_1,reacquired,77
2049,10245,341.5,camera_1,lost_track,83
2049,10245,341.5,camera_1,removed,81
2049,10245,341.5,camera_2,new_track,124
2050,10250,341.667,camera_1,lost_track,76
2050,10250,341.667,camera_2,removed,121
2052,10260,342.0,camera_1,reacquired,82
2052,10260,342.0,camera_3,reacquired,149
2053,10265,342.167,camera_2,removed,117
2053,10265,342.167,camera_6,new_track,145
2054,10270,342.333,camera_3,new_track,153
2056,10280,342.667,camera_3,new_track,154
2056,10280,342.667,camera_3,lost_track,147
2057,10285,342.833,camera_3,lost_track,149
2057,10285,342.833,camera_4,removed,96
2058,10290,343.0,camera_1,new_track,84
2058,10290,343.0,camera_2,lost_track,123
2058,10290,343.0,camera_7,removed,78
2059,10295,343.167,camera_1,lost_track,84
2059,10295,343.167,camera_2,new_track,125
2059,10295,343.167,camera_6,lost_track,145
2059,10295,343.167,camera_7,new_track,82
2060,10300,343.333,camera_1,reacquired,84
2060,10300,343.333,camera_3,lost_track,154
2060,10300,343.333,camera_5,removed,266
2060,10300,343.333,camera_6,lost_track,144
2061,10305,343.5,camera_3,lost_track,152
2062,10310,343.667,camera_3,reacquired,152
2062,10310,343.667,camera_3,reacquired,154
2062,10310,343.667,camera_4,removed,87
2064,10320,344.0,camera_3,lost_track,144
2065,10325,344.167,camera_3,reacquired,144
2066,10330,344.333,camera_5,removed,268
2067,10335,344.5,camera_1,lost_track,84
2067,10335,344.5,camera_1,lost_track,77
2067,10335,344.5,camera_3,removed,148
2069,10345,344.833,camera_3,lost_track,154
2071,10355,345.167,camera_1,reacquired,84
2071,10355,345.167,camera_3,lost_track,145
2074,10370,345.667,camera_2,removed,120
2074,10370,345.667,camera_5,removed,270
2075,10375,345.833,camera_1,new_track,85
2075,10375,345.833,camera_3,new_track,155
2075,10375,345.833,camera_5,removed,269
2076,10380,346.0,camera_3,removed,151
2077,10385,346.167,camera_4,reacquired,98
2078,10390,346.333,camera_1,new_track,86
2078,10390,346.333,camera_1,lost_track,82
2079,10395,346.5,camera_1,removed,83
2079,10395,346.5,camera_2,new_track,126
2079,10395,346.5,camera_2,lost_track,125
2079,10395,346.5,camera_3,lost_track,152
2079,10395,346.5,camera_7,lost_track,80
2080,10400,346.667,camera_1,lost_track,84
2080,10400,346.667,camera_1,lost_track,85
2080,10400,346.667,camera_1,removed,76
2080,10400,346.667,camera_2,lost_track,126
2080,10400,346.667,camera_3,new_track,156
2081,10405,346.833,camera_2,new_track,127
2081,10405,346.833,camera_4,lost_track,98
2081,10405,346.833,camera_5,new_track,271
2081,10405,346.833,camera_7,new_track,83
2082,10410,347.0,camera_1,new_track,87
2082,10410,347.0,camera_3,lost_track,156
2083,10415,347.167,camera_7,lost_track,83
2084,10420,347.333,camera_1,lost_track,86
2084,10420,347.333,camera_4,reacquired,98
2085,10425,347.5,camera_1,new_track,88
2085,10425,347.5,camera_4,new_track,99
2086,10430,347.667,camera_3,lost_track,155
2086,10430,347.667,camera_3,removed,147
2086,10430,347.667,camera_7,new_track,84
2087,10435,347.833,camera_3,removed,149
2087,10435,347.833,camera_7,reacquired,83
2088,10440,348.0,camera_1,lost_track,87
2088,10440,348.0,camera_2,removed,123
2088,10440,348.0,camera_5,new_track,272
2088,10440,348.0,camera_7,lost_track,83
2089,10445,348.167,camera_6,removed,145
2089,10445,348.167,camera_7,reacquired,83
2089,10445,348.167,camera_7,lost_track,79
2090,10450,348.333,camera_3,new_track,157
2090,10450,348.333,camera_4,lost_track,98
2090,10450,348.333,camera_6,removed,144
2092,10460,348.667,camera_3,reacquired,155
2093,10465,348.833,camera_5,lost_track,272
2095,10475,349.167,camera_3,lost_track,153
2096,10480,349.333,camera_2,lost_track,124
2097,10485,349.5,camera_1,removed,77
2097,10485,349.5,camera_5,new_track,273
2098,10490,349.667,camera_2,new_track,128
2098,10490,349.667,camera_5,reacquired,272
2098,10490,349.667,camera_6,new_track,146
2099,10495,349.833,camera_2,lost_track,127
2099,10495,349.833,camera_3,removed,154
2100,10500,350.0,camera_3,lost_track,144
2101,10505,350.167,camera_3,reacquired,144
2101,10505,350.167,camera_3,removed,145
2101,10505,350.167,camera_6,new_track,147
2103,10515,350.5,camera_2,new_track,129
2104,10520,350.667,camera_5,lost_track,272
2105,10525,350.833,camera_3,lost_track,144
2105,10525,350.833,camera_6,new_track,148
2106,10530,351.0,camera_3,reacquired,144
2107,10535,351.167,camera_2,reacquired,125
2107,10535,351.167,camera_7,new_track,85
2107,10535,351.167,camera_7,lost_track,84
2108,10540,351.333,camera_1,removed,82
2108,10540,351.333,camera_2,lost_track,129
2108,10540,351.333,camera_5,lost_track,271
2109,10545,351.5,camera_2,reacquired,129
2109,10545,351.5,camera_2,lost_track,125
2109,10545,351.5,camera_3,removed,152
2109,10545,351.5,camera_5,reacquired,272
2109,10545,351.5,camera_7,lost_track,85
2109,10545,351.5,camera_7,removed,80
2110,10550,351.667,camera_1,removed,84
2110,10550,351.667,camera_1,removed,85
2110,10550,351.667,camera_2,reacquired,125
2110,10550,351.667,camera_2,removed,126
2111,10555,351.833,camera_2,lost_track,129
2111,10555,351.833,camera_5,new_track,274
2111,10555,351.833,camera_5,reacquired,271
2112,10560,352.0,camera_3,lost_track,144
2112,10560,352.0,camera_3,removed,156
2112,10560,352.0,camera_5,new_track,275
2112,10560,352.0,camera_7,reacquired,85
2112,10560,352.0,camera_7,lost_track,81
2112,10560,352.0,camera_7,lost_track,83
2113,10565,352.167,camera_3,reacquired,144
2113,10565,352.167,camera_5,lost_track,275
2114,10570,352.333,camera_1,removed,86
2114,10570,352.333,camera_2,lost_track,125
2114,10570,352.333,camera_5,lost_track,271
2115,10575,352.5,camera_5,new_track,276
2116,10580,352.667,camera_3,lost_track,157
2116,10580,352.667,camera_4,reacquired,98
2116,10580,352.667,camera_5,lost_track,272
2116,10580,352.667,camera_7,lost_track,85
2117,10585,352.833,camera_1,lost_track,88
2117,10585,352.833,camera_5,new_track,277
2117,10585,352.833,camera_5,reacquired,272
2117,10585,352.833,camera_5,lost_track,274
2118,10590,353.0,camera_1,removed,87
2118,10590,353.0,camera_5,reacquired,275
2119,10595,353.167,camera_7,removed,79
2120,10600,353.333,camera_2,reacquired,129
2121,10605,353.5,camera_3,lost_track,144
2121,10605,353.5,camera_5,lost_track,275
2122,10610,353.667,camera_2,lost_track,129
2122,10610,353.667,camera_2,lost_track,122
2122,10610,353.667,camera_4,lost_track,98
2122,10610,353.667,camera_5,reacquired,275
2122,10610,353.667,camera_5,lost_track,277
2125,10625,354.167,camera_2,reacquired,129
2125,10625,354.167,camera_3,removed,153
2125,10625,354.167,camera_6,new_track,149
2126,10630,354.333,camera_2,removed,124
2126,10630,354.333,camera_5,reacquired,277
2126,10630,354.333,camera_7,reacquired,81
2127,10635,354.5,camera_5,new_track,278
2127,10635,354.5,camera_5,lost_track,272
2129,10645,354.833,camera_2,removed,127
2131,10655,355.167,camera_2,lost_track,128
2133,10665,355.5,camera_5,lost_track,278
2135,10675,355.833,camera_5,reacquired,278
2137,10685,356.167,camera_6,lost_track,149
2137,10685,356.167,camera_7,removed,84
2139,10695,356.5,camera_5,lost_track,273
2140,10700,356.667,camera_5,lost_track,278
2142,10710,357.0,camera_2,lost_track,129
2142,10710,357.0,camera_5,lost_track,276
2142,10710,357.0,camera_7,removed,83
2144,10720,357.333,camera_2,removed,125
2144,10720,357.333,camera_5,removed,271
2146,10730,357.667,camera_3,removed,157
2146,10730,357.667,camera_7,removed,85
2147,10735,357.833,camera_1,removed,88
2147,10735,357.833,camera_5,removed,274
2150,10750,358.333,camera_6,reacquired,149
2151,10755,358.5,camera_3,removed,144
2151,10755,358.5,camera_6,new_track,150
2151,10755,358.5,camera_6,new_track,151
2152,10760,358.667,camera_2,removed,122
2152,10760,358.667,camera_4,removed,98
2152,10760,358.667,camera_5,lost_track,277
2153,10765,358.833,camera_6,new_track,152
2153,10765,358.833,camera_6,lost_track,149
2154,10770,359.0,camera_6,new_track,153
2156,10780,359.333,camera_6,new_track,154
2157,10785,359.5,camera_5,removed,272
2158,10790,359.667,camera_6,lost_track,147
2159,10795,359.833,camera_1,new_track,89
2159,10795,359.833,camera_5,lost_track,275
2161,10805,360.167,camera_1,lost_track,89
2161,10805,360.167,camera_2,removed,128
2161,10805,360.167,camera_6,reacquired,149
2161,10805,360.167,camera_6,lost_track,152
2161,10805,360.167,camera_6,lost_track,154
2161,10805,360.167,camera_6,lost_track,151
2162,10810,360.333,camera_6,new_track,155
2162,10810,360.333,camera_6,reacquired,147
2162,10810,360.333,camera_6,lost_track,153
2163,10815,360.5,camera_6,new_track,156
2163,10815,360.5,camera_6,reacquired,153
2163,10815,360.5,camera_6,lost_track,149
2165,10825,360.833,camera_7,new_track,86
2165,10825,360.833,camera_7,new_track,87
2166,10830,361.0,camera_6,lost_track,150
2166,10830,361.0,camera_7,lost_track,81
2168,10840,361.333,camera_6,lost_track,153
2168,10840,361.333,camera_6,lost_track,147
2169,10845,361.5,camera_5,removed,273
2169,10845,361.5,camera_6,new_track,157
2169,10845,361.5,camera_7,lost_track,87
2170,10850,361.667,camera_5,removed,278
2170,10850,361.667,camera_6,new_track,158
2170,10850,361.667,camera_6,lost_track,157
2170,10850,361.667,camera_7,new_track,88
2171,10855,361.833,camera_6,reacquired,153
2171,10855,361.833,camera_6,lost_track,158
2171,10855,361.833,camera_7,reacquired,87
2172,10860,362.0,camera_2,removed,129
2172,10860,362.0,camera_5,removed,276
2172,10860,362.0,camera_6,reacquired,157
2172,10860,362.0,camera_7,lost_track,82
2173,10865,362.167,camera_6,new_track,159
2173,10865,362.167,camera_6,lost_track,155
2174,10870,362.333,camera_7,reacquired,82
2175,10875,362.5,camera_2,new_track,130
2175,10875,362.5,camera_7,lost_track,88
2176,10880,362.667,camera_6,lost_track,153
2177,10885,362.833,camera_7,reacquired,88
2177,10885,362.833,camera_7,lost_track,82
2178,10890,363.0,camera_3,new_track,158
2179,10895,363.167,camera_6,lost_track,159
2180,10900,363.333,camera_6,lost_track,146
2181,10905,363.5,camera_1,new_track,90
2181,10905,363.5,camera_4,lost_track,99
2181,10905,363.5,camera_6,new_track,160
2181,10905,363.5,camera_6,reacquired,153
2181,10905,363.5,camera_6,reacquired,159
2181,10905,363.5,camera_6,lost_track,157
2182,10910,363.667,camera_5,removed,277
2182,10910,363.667,camera_6,reacquired,157
2182,10910,363.667,camera_6,lost_track,159
2184,10920,364.0,camera_6,reacquired,147
2184,10920,364.0,camera_7,new_track,89
2184,10920,364.0,camera_7,reacquired,81
2185,10925,364.167,camera_6,lost_track,153
2187,10935,364.5,camera_6,reacquired,153
2187,10935,364.5,camera_6,lost_track,160
2187,10935,364.5,camera_6,lost_track,147
2189,10945,364.833,camera_5,removed,275
2189,10945,364.833,camera_6,lost_track,153
2189,10945,364.833,camera_7,new_track,90
2190,10950,365.0,camera_3,lost_track,158
2191,10955,365.167,camera_1,removed,89
2191,10955,365.167,camera_3,reacquired,158
2191,10955,365.167,camera_3,lost_track,155
2191,10955,365.167,camera_6,lost_track,156
2191,10955,365.167,camera_6,removed,152
2191,10955,365.167,camera_6,removed,154
2191,10955,365.167,camera_6,removed,151
2192,10960,365.333,camera_3,new_track,159
2192,10960,365.333,camera_6,new_track,161
2193,10965,365.5,camera_3,lost_track,159
2193,10965,365.5,camera_6,lost_track,161
2193,10965,365.5,camera_6,removed,149
2194,10970,365.667,camera_7,lost_track,81
2196,10980,366.0,camera_6,reacquired,158
2196,10980,366.0,camera_6,lost_track,148
2196,10980,366.0,camera_6,removed,150
2196,10980,366.0,camera_7,reacquired,81
2197,10985,366.167,camera_1,lost_track,90
2197,10985,366.167,camera_6,lost_track,158
2197,10985,366.167,camera_7,lost_track,89
2198,10990,366.333,camera_7,lost_track,81
2200,11000,366.667,camera_7,reacquired,89
2201,11005,366.833,camera_5,new_track,279
2202,11010,367.0,camera_5,new_track,280
2203,11015,367.167,camera_6,removed,155
2204,11020,367.333,camera_5,lost_track,280
2204,11020,367.333,camera_7,reacquired,81
2205,11025,367.5,camera_6,lost_track,157
2207,11035,367.833,camera_7,removed,82
2208,11040,368.0,camera_5,new_track,281
2209,11045,368.167,camera_2,lost_track,130
2210,11050,368.333,camera_6,removed,146
2211,11055,368.5,camera_4,removed,99
2212,11060,368.667,camera_4,new_track,100
2212,11060,368.667,camera_6,removed,159
2215,11075,369.167,camera_5,new_track,282
2215,11075,369.167,camera_5,new_track,283
2216,11080,369.333,camera_4,lost_track,100
2217,11085,369.5,camera_6,removed,160
2217,11085,369.5,camera_6,removed,147
2219,11095,369.833,camera_2,reacquired,130
2219,11095,369.833,camera_6,removed,153
2221,11105,370.167,camera_3,removed,155
2221,11105,370.167,camera_6,removed,156
2221,11105,370.167,camera_7,lost_track,88
2223,11115,370.5,camera_2,new_track,131
2223,11115,370.5,camera_2,lost_track,130
2223,11115,370.5,camera_3,removed,159
2223,11115,370.5,camera_6,removed,161
2224,11120,370.667,camera_2,reacquired,130
2224,11120,370.667,camera_2,lost_track,131
2224,11120,370.667,camera_7,reacquired,88
2226,11130,371.0,camera_5,new_track,284
2226,11130,371.0,camera_6,removed,148
2227,11135,371.167,camera_1,removed,90
2227,11135,371.167,camera_4,new_track,101
2227,11135,371.167,camera_6,removed,158
2227,11135,371.167,camera_7,lost_track,81
2228,11140,371.333,camera_2,lost_track,130
2230,11150,371.667,camera_3,lost_track,158
2230,11150,371.667,camera_5,lost_track,282
2230,11150,371.667,camera_7,reacquired,81
2232,11160,372.0,camera_5,lost_track,284
2233,11165,372.167,camera_4,new_track,102
2233,11165,372.167,camera_5,reacquired,284
2233,11165,372.167,camera_7,lost_track,88
2234,11170,372.333,camera_5,lost_track,283
2234,11170,372.333,camera_5,removed,280
2234,11170,372.333,camera_7,reacquired,88
2235,11175,372.5,camera_5,lost_track,281
2235,11175,372.5,camera_6,removed,157
2238,11190,373.0,camera_7,lost_track,89
2239,11195,373.167,camera_5,lost_track,284
2240,11200,373.333,camera_3,reacquired,158
2241,11205,373.5,camera_4,lost_track,97
2242,11210,373.667,camera_5,reacquired,284
2243,11215,373.833,camera_4,reacquired,97
2243,11215,373.833,camera_7,reacquired,89
2244,11220,374.0,camera_3,new_track,160
2245,11225,374.167,camera_5,lost_track,284
2246,11230,374.333,camera_4,removed,100
2249,11245,374.833,camera_4,lost_track,94
2250,11250,375.0,camera_4,new_track,103
2250,11250,375.0,camera_5,reacquired,284
2251,11255,375.167,camera_4,lost_track,102
2252,11260,375.333,camera_3,new_track,161
2253,11265,375.5,camera_3,lost_track,150
2253,11265,375.5,camera_3,lost_track,158
2253,11265,375.5,camera_4,lost_track,103
2254,11270,375.667,camera_2,removed,131
2254,11270,375.667,camera_3,reacquired,150
2255,11275,375.833,camera_3,lost_track,161
2255,11275,375.833,camera_7,new_track,91
2258,11290,376.333,camera_2,removed,130
2260,11300,376.667,camera_3,reacquired,158
2260,11300,376.667,camera_4,new_track,104
2260,11300,376.667,camera_4,new_track,105
2260,11300,376.667,camera_4,new_track,106
2260,11300,376.667,camera_5,removed,282
2260,11300,376.667,camera_7,lost_track,91
2261,11305,376.833,camera_3,new_track,162
2261,11305,376.833,camera_4,lost_track,105
2262,11310,377.0,camera_4,new_track,107
2262,11310,377.0,camera_4,reacquired,105
2262,11310,377.0,camera_4,lost_track,104
2262,11310,377.0,camera_7,reacquired,91
2263,11315,377.167,camera_4,new_track,108
2263,11315,377.167,camera_4,lost_track,105
2264,11320,377.333,camera_3,lost_track,158
2264,11320,377.333,camera_4,reacquired,105
2264,11320,377.333,camera_5,removed,283
2264,11320,377.333,camera_7,lost_track,91
2265,11325,377.5,camera_3,reacquired,158
2265,11325,377.5,camera_4,lost_track,107
2265,11325,377.5,camera_5,removed,281
2266,11330,377.667,camera_3,reacquired,161
2267,11335,377.833,camera_2,new_track,132
2267,11335,377.833,camera_3,lost_track,161
2267,11335,377.833,camera_4,lost_track,108
2270,11350,378.333,camera_3,new_track,163
2270,11350,378.333,camera_5,lost_track,284
2271,11355,378.5,camera_5,lost_track,279
2273,11365,378.833,camera_1,new_track,91
2276,11380,379.333,camera_3,lost_track,162
2276,11380,379.333,camera_4,lost_track,106
2277,11385,379.5,camera_3,new_track,164
2277,11385,379.5,camera_3,reacquired,162
2277,11385,379.5,camera_3,lost_track,150
2277,11385,379.5,camera_3,lost_track,158
2279,11395,379.833,camera_3,reacquired,158
2279,11395,379.833,camera_4,lost_track,105
2279,11395,379.833,camera_4,removed,94
2281,11405,380.167,camera_4,removed,102
2282,11410,380.333,camera_3,new_track,165
2283,11415,380.5,camera_1,lost_track,91
2283,11415,380.5,camera_3,lost_track,158
2283,11415,380.5,camera_4,reacquired,105
2283,11415,380.5,camera_4,removed,103
2283,11415,380.5,camera_7,new_track,92
2285,11425,380.833,camera_3,lost_track,162
2285,11425,380.833,camera_7,lost_track,90
2286,11430,381.0,camera_7,reacquired,90
2286,11430,381.0,camera_7,lost_track,92
2288,11440,381.333,camera_3,reacquired,158
2288,11440,381.333,camera_4,lost_track,105
2289,11445,381.5,camera_3,lost_track,160
2290,11450,381.667,camera_3,reacquired,160
2291,11455,381.833,camera_2,lost_track,132
2292,11460,382.0,camera_4,new_track,109
2292,11460,382.0,camera_4,removed,104
2294,11470,382.333,camera_3,lost_track,160
2294,11470,382.333,camera_3,lost_track,165
2294,11470,382.333,camera_7,removed,91
2295,11475,382.5,camera_4,reacquired,106
2295,11475,382.5,camera_4,removed,107
2296,11480,382.667,camera_4,lost_track,106
2297,11485,382.833,camera_3,lost_track,158
2297,11485,382.833,camera_3,removed,161
2297,11485,382.833,camera_4,lost_track,109
2297,11485,382.833,camera_4,removed,108
2299,11495,383.167,camera_3,reacquired,160
2300,11500,383.333,camera_3,new_track,166
2300,11500,383.333,camera_5,removed,284
2301,11505,383.5,camera_5,removed,279
2302,11510,383.667,camera_3,new_track,167
2302,11510,383.667,camera_3,lost_track,160
2304,11520,384.0,camera_4,new_track,110
2306,11530,384.333,camera_3,lost_track,167
2306,11530,384.333,camera_7,lost_track,86
2307,11535,384.5,camera_3,removed,150
2309,11545,384.833,camera_7,reacquired,86
2311,11555,385.167,camera_3,reacquired,158
2313,11565,385.5,camera_1,removed,91
2313,11565,385.5,camera_7,lost_track,86
2315,11575,385.833,camera_3,removed,162
2316,11580,386.0,camera_7,removed,92
2318,11590,386.333,camera_4,removed,105
2319,11595,386.5,camera_7,new_track,93
2320,11600,386.667,camera_3,new_track,168
2321,11605,386.833,camera_2,removed,132
2324,11620,387.333,camera_3,removed,165
2325,11625,387.5,camera_4,lost_track,110
2325,11625,387.5,camera_7,lost_track,93
2326,11630,387.667,camera_4,removed,106
2327,11635,387.833,camera_4,new_track,112
2327,11635,387.833,camera_4,new_track,111
2327,11635,387.833,camera_4,removed,109
2329,11645,388.167,camera_7,new_track,94
2332,11660,388.667,camera_3,removed,160
2335,11675,389.167,camera_7,lost_track,88
2336,11680,389.333,camera_3,removed,167
2336,11680,389.333,camera_4,lost_track,112
2338,11690,389.667,camera_3,new_track,169
2338,11690,389.667,camera_3,lost_track,158
2341,11705,390.167,camera_3,lost_track,169
2343,11715,390.5,camera_7,removed,86
2347,11735,391.167,camera_3,new_track,170
2347,11735,391.167,camera_7,new_track,96
2347,11735,391.167,camera_7,new_track,95
2351,11755,391.833,camera_3,reacquired,158
2353,11765,392.167,camera_3,lost_track,170
2355,11775,392.5,camera_4,removed,110
2355,11775,392.5,camera_7,removed,93
2365,11825,394.167,camera_7,removed,88
2366,11830,394.333,camera_3,new_track,171
2366,11830,394.333,camera_4,removed,112
2371,11855,395.167,camera_3,removed,169
2377,11885,396.167,camera_4,new_track,113
2377,11885,396.167,camera_7,new_track,97
2377,11885,396.167,camera_7,lost_track,96
2378,11890,396.333,camera_7,lost_track,90
2378,11890,396.333,camera_7,lost_track,94
2379,11895,396.5,camera_4,new_track,114
2380,11900,396.667,camera_4,lost_track,114
2380,11900,396.667,camera_7,reacquired,96
2381,11905,396.833,camera_4,new_track,115
2381,11905,396.833,camera_4,lost_track,101
2383,11915,397.167,camera_3,removed,170
2383,11915,397.167,camera_4,reacquired,101
2383,11915,397.167,camera_4,lost_track,97
2384,11920,397.333,camera_4,reacquired,97
2384,11920,397.333,camera_4,lost_track,101
2386,11930,397.667,camera_3,lost_track,158
2389,11945,398.167,camera_4,new_track,116
2390,11950,398.333,camera_4,lost_track,116
2391,11955,398.5,camera_3,reacquired,158
2391,11955,398.5,camera_7,reacquired,94
2397,11985,399.5,camera_4,new_track,117
2408,12040,401.333,camera_4,reacquired,114
2408,12040,401.333,camera_7,removed,90
2409,12045,401.5,camera_4,lost_track,111
2410,12050,401.667,camera_4,reacquired,111
2411,12055,401.833,camera_4,new_track,118
2414,12070,402.333,camera_4,removed,101
2414,12070,402.333,camera_7,lost_track,94
2416,12080,402.667,camera_4,lost_track,118
2417,12085,402.833,camera_3,lost_track,168
2417,12085,402.833,camera_4,lost_track,114
2417,12085,402.833,camera_4,lost_track,117
2418,12090,403.0,camera_3,new_track,172
2419,12095,403.167,camera_4,reacquired,114
2420,12100,403.333,camera_4,new_track,119
2420,12100,403.333,camera_4,removed,116
2422,12110,403.667,camera_4,lost_track,119
2424,12120,404.0,camera_3,lost_track,172
2425,12125,404.167,camera_4,reacquired,119
2428,12140,404.667,camera_3,new_track,173
2428,12140,404.667,camera_3,new_track,174
2428,12140,404.667,camera_4,new_track,120
2428,12140,404.667,camera_4,lost_track,119
2430,12150,405.0,camera_4,lost_track,120
2430,12150,405.0,camera_4,lost_track,111
2431,12155,405.167,camera_4,reacquired,111
2432,12160,405.333,camera_4,reacquired,117
2432,12160,405.333,camera_4,lost_track,114
2432,12160,405.333,camera_7,lost_track,96
2435,12175,405.833,camera_3,new_track,175
2435,12175,405.833,camera_3,lost_track,163
2436,12180,406.0,camera_4,lost_track,111
2438,12190,406.333,camera_3,lost_track,173
2439,12195,406.5,camera_4,reacquired,111
2439,12195,406.5,camera_7,new_track,98
2441,12205,406.833,camera_4,lost_track,111
2441,12205,406.833,camera_7,lost_track,98
2442,12210,407.0,camera_4,reacquired,111
2442,12210,407.0,camera_7,reacquired,96
2444,12220,407.333,camera_7,removed,94
2446,12230,407.667,camera_3,new_track,176
2446,12230,407.667,camera_4,lost_track,111
2446,12230,407.667,camera_4,removed,118
2447,12235,407.833,camera_3,removed,168
2449,12245,408.167,camera_3,lost_track,171
2449,12245,408.167,camera_4,reacquired,111
2453,12265,408.833,camera_4,lost_track,111
2454,12270,409.0,camera_3,removed,172
2455,12275,409.167,camera_4,reacquired,111
2457,12285,409.5,camera_3,lost_track,175
2458,12290,409.667,camera_4,removed,119
2459,12295,409.833,camera_4,lost_track,111
2459,12295,409.833,camera_7,lost_track,96
2460,12300,410.0,camera_4,removed,120
2462,12310,410.333,camera_4,removed,114
2463,12315,410.5,camera_7,reacquired,96
2465,12325,410.833,camera_3,new_track,177
2465,12325,410.833,camera_3,removed,163
2467,12335,411.167,camera_3,lost_track,158
2467,12335,411.167,camera_7,new_track,99
2468,12340,411.333,camera_3,reacquired,158
2468,12340,411.333,camera_3,removed,173
2469,12345,411.5,camera_4,new_track,121
2469,12345,411.5,camera_7,new_track,100
2470,12350,411.667,camera_3,lost_track,177
2471,12355,411.833,camera_7,lost_track,100
2471,12355,411.833,camera_7,removed,98
2472,12360,412.0,camera_7,lost_track,95
2475,12375,412.5,camera_7,reacquired,95
2475,12375,412.5,camera_7,lost_track,81
2476,12380,412.667,camera_7,reacquired,81
2479,12395,413.167,camera_3,removed,171
2487,12435,414.5,camera_3,lost_track,158
2487,12435,414.5,camera_3,removed,175
2489,12445,414.833,camera_3,reacquired,158
2489,12445,414.833,camera_4,removed,111
2489,12445,414.833,camera_7,lost_track,99
2490,12450,415.0,camera_7,reacquired,99
2490,12450,415.0,camera_7,lost_track,89
2491,12455,415.167,camera_7,reacquired,89
2493,12465,415.5,camera_7,lost_track,96
2495,12475,415.833,camera_4,lost_track,121
2496,12480,416.0,camera_4,lost_track,115
2500,12500,416.667,camera_3,removed,177
2501,12505,416.833,camera_4,new_track,122
2501,12505,416.833,camera_7,removed,100
2505,12525,417.5,camera_4,new_track,123
2505,12525,417.5,camera_4,lost_track,122
2506,12530,417.667,camera_4,reacquired,122
2509,12545,418.167,camera_7,lost_track,97
2510,12550,418.333,camera_7,new_track,101
2517,12585,419.5,camera_7,lost_track,99
2518,12590,419.667,camera_4,new_track,124
2519,12595,419.833,camera_4,new_track,125
2519,12595,419.833,camera_7,reacquired,99
2523,12615,420.5,camera_7,removed,96
2524,12620,420.667,camera_4,lost_track,123
2524,12620,420.667,camera_4,lost_track,125
2525,12625,420.833,camera_4,reacquired,123
2525,12625,420.833,camera_4,removed,121
2526,12630,421.0,camera_4,lost_track,122
2526,12630,421.0,camera_4,removed,115
2532,12660,422.0,camera_4,lost_track,123
2539,12695,423.167,camera_7,removed,97
2547,12735,424.5,camera_4,lost_track,124
2553,12765,425.5,camera_4,reacquired,123
2554,12770,425.667,camera_4,removed,125
2555,12775,425.833,camera_4,lost_track,123
2556,12780,426.0,camera_4,reacquired,123
2556,12780,426.0,camera_4,removed,122
2556,12780,426.0,camera_7,lost_track,89
2557,12785,426.167,camera_4,lost_track,123
2557,12785,426.167,camera_7,reacquired,89
2558,12790,426.333,camera_4,reacquired,123
2558,12790,426.333,camera_4,lost_track,113
2559,12795,426.5,camera_3,new_track,178
2560,12800,426.667,camera_3,lost_track,174
2560,12800,426.667,camera_4,lost_track,117
2561,12805,426.833,camera_4,new_track,126
2562,12810,427.0,camera_3,lost_track,158
2562,12810,427.0,camera_7,new_track,102
2562,12810,427.0,camera_7,lost_track,89
2564,12820,427.333,camera_4,reacquired,117
2564,12820,427.333,camera_4,lost_track,126
2564,12820,427.333,camera_7,lost_track,102
2565,12825,427.5,camera_3,reacquired,158
2565,12825,427.5,camera_7,new_track,103
2566,12830,427.667,camera_7,lost_track,95
2567,12835,427.833,camera_3,reacquired,174
2567,12835,427.833,camera_7,reacquired,95
2569,12845,428.167,camera_7,lost_track,95
2570,12850,428.333,camera_7,lost_track,87
2571,12855,428.5,camera_7,new_track,104
2573,12865,428.833,camera_7,reacquired,87
2574,12870,429.0,camera_7,lost_track,104
2577,12885,429.5,camera_4,removed,124
2581,12905,430.167,camera_7,new_track,105
2584,12920,430.667,camera_4,new_track,127
2588,12940,431.333,camera_4,removed,113
2588,12940,431.333,camera_7,lost_track,105
2592,12960,432.0,camera_7,removed,89
2593,12965,432.167,camera_7,lost_track,87
2594,12970,432.333,camera_4,removed,126
2594,12970,432.333,camera_7,reacquired,87
2594,12970,432.333,camera_7,removed,102
2595,12975,432.5,camera_4,lost_track,127
2596,12980,432.667,camera_3,new_track,179
2598,12990,433.0,camera_7,new_track,106
2598,12990,433.0,camera_7,lost_track,87
2599,12995,433.167,camera_7,removed,95
2601,13005,433.5,camera_3,lost_track,179
2601,13005,433.5,camera_4,reacquired,127
2601,13005,433.5,camera_7,new_track,107
2601,13005,433.5,camera_7,lost_track,106
2604,13020,434.0,camera_7,removed,104
2607,13035,434.5,camera_7,reacquired,106
2612,13060,435.333,camera_7,lost_track,101
2614,13070,435.667,camera_7,reacquired,101
2615,13075,435.833,camera_3,reacquired,179
2615,13075,435.833,camera_7,lost_track,107
2618,13090,436.333,camera_7,removed,105
2621,13105,436.833,camera_3,lost_track,176
2621,13105,436.833,camera_3,lost_track,179
2621,13105,436.833,camera_7,new_track,108
2622,13110,437.0,camera_7,reacquired,107
2623,13115,437.167,camera_7,lost_track,107
2624,13120,437.333,camera_4,lost_track,127
2624,13120,437.333,camera_7,reacquired,107
2624,13120,437.333,camera_7,lost_track,101
2625,13125,437.5,camera_4,reacquired,127
2628,13140,438.0,camera_3,lost_track,174
2628,13140,438.0,camera_7,removed,87
2632,13160,438.667,camera_3,lost_track,166
2632,13160,438.667,camera_4,lost_track,127
2634,13170,439.0,camera_4,lost_track,123
2635,13175,439.167,camera_4,reacquired,127
2636,13180,439.333,camera_7,reacquired,101
2636,13180,439.333,camera_7,lost_track,107
2637,13185,439.5,camera_4,lost_track,127
2641,13205,440.167,camera_4,reacquired,123
2642,13210,440.333,camera_3,new_track,180
2645,13225,440.833,camera_4,reacquired,127
2646,13230,441.0,camera_4,new_track,128
2648,13240,441.333,camera_4,lost_track,97
2649,13245,441.5,camera_6,new_track,162
2651,13255,441.833,camera_3,lost_track,180
2651,13255,441.833,camera_3,lost_track,164
2651,13255,441.833,camera_3,removed,176
2651,13255,441.833,camera_3,removed,179
2653,13265,442.167,camera_3,new_track,181
2653,13265,442.167,camera_7,lost_track,101
2654,13270,442.333,camera_3,new_track,182
2654,13270,442.333,camera_6,new_track,163
2656,13280,442.667,camera_4,new_track,129
2656,13280,442.667,camera_4,lost_track,127
2657,13285,442.833,camera_4,reacquired,127
2658,13290,443.0,camera_3,removed,174
2658,13290,443.0,camera_7,lost_track,81
2659,13295,443.167,camera_6,lost_track,163
2660,13300,443.333,camera_4,lost_track,123
2661,13305,443.5,camera_4,lost_track,127
2662,13310,443.667,camera_3,removed,166
2664,13320,444.0,camera_4,reacquired,123
2665,13325,444.167,camera_4,new_track,130
2665,13325,444.167,camera_7,reacquired,107
2666,13330,444.333,camera_4,lost_track,123
2668,13340,444.667,camera_4,reacquired,123
2668,13340,444.667,camera_7,lost_track,99
2669,13345,444.833,camera_4,lost_track,123
2669,13345,444.833,camera_7,reacquired,99
2671,13355,445.167,camera_4,reacquired,123
2672,13360,445.333,camera_4,lost_track,129
2673,13365,445.5,camera_4,reacquired,129
2674,13370,445.667,camera_4,lost_track,129
2675,13375,445.833,camera_4,reacquired,129
2675,13375,445.833,camera_6,new_track,164
2677,13385,446.167,camera_4,lost_track,129
2677,13385,446.167,camera_4,lost_track,123
2678,13390,446.333,camera_4,removed,97
2678,13390,446.333,camera_6,new_track,165
2681,13405,446.833,camera_3,removed,164
2681,13405,446.833,camera_3,removed,180
2681,13405,446.833,camera_6,new_track,166
2681,13405,446.833,camera_7,lost_track,108
2682,13410,447.0,camera_6,lost_track,164
2683,13415,447.167,camera_7,removed,101
2684,13420,447.333,camera_4,reacquired,123
2684,13420,447.333,camera_6,new_track,167
2688,13440,448.0,camera_7,removed,81
2689,13445,448.167,camera_6,removed,163
2689,13445,448.167,camera_7,lost_track,99
2691,13455,448.5,camera_4,removed,127
2691,13455,448.5,camera_6,new_track,168
2691,13455,448.5,camera_6,lost_track,167
2691,13455,448.5,camera_7,new_track,109
2693,13465,448.833,camera_4,reacquired,129
2694,13470,449.0,camera_4,lost_track,129
2694,13470,449.0,camera_4,lost_track,123
2694,13470,449.0,camera_7,lost_track,109
2695,13475,449.167,camera_4,reacquired,123
2695,13475,449.167,camera_7,reacquired,99
2695,13475,449.167,camera_7,lost_track,103
2696,13480,449.333,camera_4,new_track,131
2696,13480,449.333,camera_6,lost_track,168
2696,13480,449.333,camera_7,lost_track,107
2697,13485,449.5,camera_4,reacquired,129
2697,13485,449.5,camera_4,lost_track,130
2697,13485,449.5,camera_4,lost_track,123
2697,13485,449.5,camera_4,lost_track,131
2697,13485,449.5,camera_4,lost_track,117
2697,13485,449.5,camera_7,new_track,110
2698,13490,449.667,camera_4,new_track,132
2698,13490,449.667,camera_4,new_track,133
2698,13490,449.667,camera_6,new_track,169
2698,13490,449.667,camera_6,reacquired,167
2698,13490,449.667,camera_6,lost_track,165
2700,13500,450.0,camera_4,reacquired,123
2700,13500,450.0,camera_4,reacquired,130
2700,13500,450.0,camera_4,lost_track,133
2700,13500,450.0,camera_6,reacquired,165
2701,13505,450.167,camera_4,reacquired,117
2701,13505,450.167,camera_4,lost_track,129
2701,13505,450.167,camera_4,lost_track,132
2701,13505,450.167,camera_7,lost_track,110
2702,13510,450.333,camera_4,lost_track,130
2702,13510,450.333,camera_7,lost_track,99
2703,13515,450.5,camera_4,lost_track,123
2703,13515,450.5,camera_6,lost_track,165
2703,13515,450.5,camera_7,new_track,111
2704,13520,450.667,camera_4,reacquired,129
2704,13520,450.667,camera_6,new_track,170
2704,13520,450.667,camera_6,lost_track,162
2704,13520,450.667,camera_6,lost_track,166
2705,13525,450.833,camera_3,lost_track,158
2705,13525,450.833,camera_4,reacquired,130
2705,13525,450.833,camera_6,reacquired,162
2705,13525,450.833,camera_6,reacquired,165
2705,13525,450.833,camera_7,lost_track,111
2707,13535,451.167,camera_3,reacquired,158
2708,13540,451.333,camera_6,lost_track,162
2711,13555,451.833,camera_7,removed,108
2712,13560,452.0,camera_6,lost_track,169
2712,13560,452.0,camera_6,removed,164
2714,13570,452.333,camera_5,new_track,285
2714,13570,452.333,camera_6,lost_track,165
2715,13575,452.5,camera_5,new_track,286
2715,13575,452.5,camera_5,lost_track,285
2717,13585,452.833,camera_5,reacquired,285
2719,13595,453.167,camera_6,lost_track,167
2721,13605,453.5,camera_6,lost_track,170
2724,13620,454.0,camera_5,new_track,287
2724,13620,454.0,camera_7,removed,109
2725,13625,454.167,camera_5,lost_track,285
2725,13625,454.167,camera_7,removed,103
2726,13630,454.333,camera_2,new_track,133
2726,13630,454.333,camera_5,new_track,288
2726,13630,454.333,camera_6,removed,168
2726,13630,454.333,camera_7,removed,107
2727,13635,454.5,camera_4,removed,131
2729,13645,454.833,camera_5,lost_track,286
2730,13650,455.0,camera_1,new_track,92
2730,13650,455.0,camera_4,removed,133
2730,13650,455.0,camera_5,new_track,289
2731,13655,455.167,camera_4,removed,132
2731,13655,455.167,camera_7,removed,110
2732,13660,455.333,camera_3,new_track,183
2732,13660,455.333,camera_5,new_track,290
2732,13660,455.333,camera_7,removed,99
2733,13665,455.5,camera_4,removed,123
2734,13670,455.667,camera_2,new_track,134
2734,13670,455.667,camera_4,new_track,134
2734,13670,455.667,camera_6,removed,166
2735,13675,455.833,camera_5,lost_track,289
2735,13675,455.833,camera_7,removed,111
2736,13680,456.0,camera_5,lost_track,288
2737,13685,456.167,camera_5,reacquired,289
2737,13685,456.167,camera_5,lost_track,290
2738,13690,456.333,camera_6,removed,162
2739,13695,456.5,camera_2,lost_track,134
2740,13700,456.667,camera_2,new_track,135
2741,13705,456.833,camera_2,lost_track,135
2741,13705,456.833,camera_5,new_track,291
2742,13710,457.0,camera_2,new_track,136
2742,13710,457.0,camera_6,removed,169
2743,13715,457.167,camera_4,new_track,136
2743,13715,457.167,camera_4,new_track,135
2743,13715,457.167,camera_5,lost_track,287
2744,13720,457.333,camera_2,reacquired,134
2744,13720,457.333,camera_2,reacquired,135
2744,13720,457.333,camera_2,lost_track,136
2744,13720,457.333,camera_5,new_track,292
2744,13720,457.333,camera_5,lost_track,291
2744,13720,457.333,camera_6,removed,165
2745,13725,457.5,camera_1,lost_track,92
2745,13725,457.5,camera_5,reacquired,291
2745,13725,457.5,camera_5,lost_track,289
2745,13725,457.5,camera_5,lost_track,292
2747,13735,457.833,camera_1,new_track,93
2747,13735,457.833,camera_5,lost_track,291
2749,13745,458.167,camera_6,removed,167
2750,13750,458.333,camera_1,new_track,94
2750,13750,458.333,camera_3,new_track,184
2751,13755,458.5,camera_3,lost_track,158
2751,13755,458.5,camera_6,removed,170
2753,13765,458.833,camera_1,lost_track,93
2753,13765,458.833,camera_3,new_track,185
2754,13770,459.0,camera_4,lost_track,134
2755,13775,459.167,camera_3,lost_track,185
2755,13775,459.167,camera_4,lost_track,136
2755,13775,459.167,camera_5,removed,285
2756,13780,459.333,camera_3,lost_track,181
2757,13785,459.5,camera_3,reacquired,185
2758,13790,459.667,camera_3,new_track,186
2759,13795,459.833,camera_3,new_track,187
2759,13795,459.833,camera_4,lost_track,135
2759,13795,459.833,camera_5,removed,286
2763,13815,460.5,camera_4,lost_track,129
2765,13825,460.833,camera_3,lost_track,185
2766,13830,461.0,camera_3,reacquired,185
2766,13830,461.0,camera_5,removed,288
2767,13835,461.167,camera_2,lost_track,135
2767,13835,461.167,camera_5,removed,290
2768,13840,461.333,camera_4,reacquired,129
2769,13845,461.5,camera_2,new_track,137
2770,13850,461.667,camera_3,lost_track,178
2771,13855,461.833,camera_1,new_track,95
2772,13860,462.0,camera_3,lost_track,184
2773,13865,462.167,camera_2,lost_track,134
2773,13865,462.167,camera_3,reacquired,178
2773,13865,462.167,camera_5,removed,287
2774,13870,462.333,camera_1,new_track,96
2774,13870,462.333,camera_2,removed,136
2775,13875,462.5,camera_1,removed,92
2775,13875,462.5,camera_3,lost_track,186
2775,13875,462.5,camera_5,removed,289
2775,13875,462.5,camera_5,removed,292
2776,13880,462.667,camera_1,lost_track,95
2776,13880,462.667,camera_3,new_track,188
2776,13880,462.667,camera_3,new_track,189
2776,13880,462.667,camera_3,reacquired,186
2777,13885,462.833,camera_3,lost_track,185
2777,13885,462.833,camera_3,lost_track,183
2777,13885,462.833,camera_5,removed,291
2779,13895,463.167,camera_3,lost_track,186
2780,13900,463.333,camera_3,new_track,190
2780,13900,463.333,camera_4,lost_track,129
2781,13905,463.5,camera_3,removed,158
