loop_i,video_fid,t_sec,camera_id,kind,track_id
0,0,0.0,camera_1,new_track,0
0,0,0.0,camera_2,new_track,0
0,0,0.0,camera_2,new_track,1
0,0,0.0,camera_3,new_track,0
0,0,0.0,camera_3,new_track,1
0,0,0.0,camera_3,new_track,2
0,0,0.0,camera_7,new_track,0
0,0,0.0,camera_7,new_track,1
0,0,0.0,camera_7,new_track,2
3,15,0.5,camera_3,new_track,3
4,20,0.667,camera_3,lost_track,1
5,25,0.833,camera_2,new_track,2
5,25,0.833,camera_3,reacquired,1
9,45,1.5,camera_1,lost_track,0
9,45,1.5,camera_3,new_track,4
11,55,1.833,camera_2,lost_track,1
12,60,2.0,camera_2,reacquired,1
14,70,2.333,camera_2,lost_track,1
15,75,2.5,camera_3,lost_track,4
16,80,2.667,camera_3,new_track,5
16,80,2.667,camera_3,lost_track,3
17,85,2.833,camera_3,new_track,6
19,95,3.167,camera_3,reacquired,3
19,95,3.167,camera_3,reacquired,4
20,100,3.333,camera_2,reacquired,1
20,100,3.333,camera_2,lost_track,0
22,110,3.667,camera_2,lost_track,1
24,120,4.0,camera_3,new_track,7
25,125,4.167,camera_1,new_track,1
25,125,4.167,camera_3,lost_track,4
25,125,4.167,camera_3,lost_track,5
29,145,4.833,camera_3,reacquired,4
29,145,4.833,camera_3,lost_track,3
31,155,5.167,camera_1,new_track,2
32,160,5.333,camera_3,reacquired,3
33,165,5.5,camera_1,new_track,3
35,175,5.833,camera_1,new_track,4
35,175,5.833,camera_1,lost_track,3
35,175,5.833,camera_3,lost_track,4
36,180,6.0,camera_2,new_track,3
39,195,6.5,camera_1,removed,0
43,215,7.167,camera_3,new_track,8
46,230,7.667,camera_1,lost_track,2
50,250,8.333,camera_2,removed,0
52,260,8.667,camera_2,removed,1
55,275,9.167,camera_3,removed,5
57,285,9.5,camera_7,new_track,3
59,295,9.833,camera_7,lost_track,1
65,325,10.833,camera_1,removed,3
65,325,10.833,camera_3,removed,4
67,335,11.167,camera_2,new_track,4
68,340,11.333,camera_1,new_track,5
69,345,11.5,camera_1,reacquired,2
69,345,11.5,camera_7,reacquired,1
69,345,11.5,camera_7,lost_track,3
70,350,11.667,camera_3,lost_track,7
71,355,11.833,camera_3,new_track,9
72,360,12.0,camera_3,lost_track,2
73,365,12.167,camera_1,new_track,6
75,375,12.5,camera_6,new_track,0
76,380,12.667,camera_7,lost_track,1
77,385,12.833,camera_6,new_track,1
80,400,13.333,camera_6,lost_track,1
82,410,13.667,camera_6,new_track,2
83,415,13.833,camera_1,lost_track,4
83,415,13.833,camera_7,lost_track,0
84,420,14.0,camera_6,new_track,3
91,455,15.167,camera_7,lost_track,2
92,460,15.333,camera_3,lost_track,3
93,465,15.5,camera_6,lost_track,3
94,470,15.667,camera_6,lost_track,0
94,470,15.667,camera_7,reacquired,2
95,475,15.833,camera_3,reacquired,3
96,480,16.0,camera_3,reacquired,7
96,480,16.0,camera_6,lost_track,2
97,485,16.167,camera_1,lost_track,1
99,495,16.5,camera_7,removed,3
100,500,16.667,camera_1,lost_track,2
100,500,16.667,camera_2,new_track,5
100,500,16.667,camera_3,lost_track,7
101,505,16.833,camera_3,reacquired,7
101,505,16.833,camera_5,new_track,0
102,510,17.0,camera_3,removed,2
106,530,17.667,camera_7,removed,1
107,535,17.833,camera_5,new_track,1
110,550,18.333,camera_6,removed,1
111,555,18.5,camera_1,new_track,7
111,555,18.5,camera_5,lost_track,0
112,560,18.667,camera_2,new_track,6
113,565,18.833,camera_1,reacquired,1
113,565,18.833,camera_1,removed,4
113,565,18.833,camera_7,removed,0
114,570,19.0,camera_3,lost_track,3
116,580,19.333,camera_2,new_track,7
116,580,19.333,camera_3,reacquired,3
116,580,19.333,camera_3,lost_track,7
118,590,19.667,camera_5,lost_track,1
119,595,19.833,camera_2,lost_track,4
119,595,19.833,camera_3,new_track,10
119,595,19.833,camera_3,lost_track,3
120,600,20.0,camera_3,reacquired,3
123,615,20.5,camera_6,removed,3
124,620,20.667,camera_1,new_track,8
124,620,20.667,camera_6,removed,0
125,625,20.833,camera_1,lost_track,7
125,625,20.833,camera_3,new_track,11
126,630,21.0,camera_6,new_track,4
126,630,21.0,camera_6,removed,2
126,630,21.0,camera_7,lost_track,2
127,635,21.167,camera_2,reacquired,4
127,635,21.167,camera_6,new_track,5
128,640,21.333,camera_3,lost_track,10
129,645,21.5,camera_3,new_track,12
129,645,21.5,camera_6,lost_track,5
130,650,21.667,camera_1,removed,2
134,670,22.333,camera_3,reacquired,10
136,680,22.667,camera_3,new_track,13
138,690,23.0,camera_3,lost_track,13
139,695,23.167,camera_1,new_track,9
139,695,23.167,camera_6,lost_track,4
141,705,23.5,camera_2,lost_track,5
141,705,23.5,camera_3,reacquired,13
141,705,23.5,camera_5,removed,0
143,715,23.833,camera_3,lost_track,9
145,725,24.167,camera_3,reacquired,9
145,725,24.167,camera_5,new_track,2
146,730,24.333,camera_3,removed,7
148,740,24.667,camera_5,removed,1
149,745,24.833,camera_3,lost_track,10
150,750,25.0,camera_3,lost_track,13
151,755,25.167,camera_3,reacquired,10
151,755,25.167,camera_3,lost_track,12
152,760,25.333,camera_1,lost_track,8
152,760,25.333,camera_3,reacquired,13
154,770,25.667,camera_1,new_track,10
154,770,25.667,camera_2,new_track,8
155,775,25.833,camera_1,removed,7
155,775,25.833,camera_5,lost_track,2
156,780,26.0,camera_7,removed,2
159,795,26.5,camera_6,removed,5
160,800,26.667,camera_3,lost_track,9
161,805,26.833,camera_3,reacquired,12
163,815,27.167,camera_2,new_track,9
163,815,27.167,camera_3,reacquired,9
164,820,27.333,camera_2,lost_track,9
164,820,27.333,camera_3,new_track,14
164,820,27.333,camera_3,lost_track,10
166,830,27.667,camera_3,lost_track,3
167,835,27.833,camera_1,lost_track,10
167,835,27.833,camera_3,reacquired,3
167,835,27.833,camera_3,lost_track,13
168,840,28.0,camera_1,reacquired,10
168,840,28.0,camera_3,lost_track,9
169,845,28.167,camera_3,new_track,15
169,845,28.167,camera_3,lost_track,1
169,845,28.167,camera_6,removed,4
170,850,28.333,camera_3,reacquired,13
171,855,28.5,camera_1,new_track,11
171,855,28.5,camera_2,removed,5
171,855,28.5,camera_3,reacquired,1
171,855,28.5,camera_3,lost_track,8
171,855,28.5,camera_3,lost_track,15
172,860,28.667,camera_2,new_track,10
173,865,28.833,camera_2,lost_track,10
173,865,28.833,camera_3,reacquired,8
173,865,28.833,camera_3,reacquired,9
174,870,29.0,camera_3,lost_track,0
176,880,29.333,camera_2,lost_track,3
176,880,29.333,camera_3,lost_track,13
177,885,29.5,camera_3,reacquired,13
178,890,29.667,camera_2,lost_track,7
179,895,29.833,camera_1,lost_track,10
179,895,29.833,camera_2,new_track,11
179,895,29.833,camera_3,reacquired,15
180,900,30.0,camera_1,reacquired,10
180,900,30.0,camera_3,lost_track,9
182,910,30.333,camera_1,removed,8
182,910,30.333,camera_3,lost_track,6
183,915,30.5,camera_3,reacquired,6
183,915,30.5,camera_3,lost_track,8
184,920,30.667,camera_3,lost_track,1
185,925,30.833,camera_2,reacquired,7
185,925,30.833,camera_5,removed,2
186,930,31.0,camera_1,new_track,12
186,930,31.0,camera_1,lost_track,5
186,930,31.0,camera_2,lost_track,2
186,930,31.0,camera_3,new_track,16
188,940,31.333,camera_3,reacquired,9
189,945,31.5,camera_1,lost_track,6
191,955,31.833,camera_3,lost_track,13
192,960,32.0,camera_3,reacquired,0
193,965,32.167,camera_1,new_track,13
194,970,32.333,camera_2,removed,9
194,970,32.333,camera_3,removed,10
200,1000,33.333,camera_3,reacquired,8
200,1000,33.333,camera_3,lost_track,14
203,1015,33.833,camera_2,removed,10
205,1025,34.167,camera_3,lost_track,8
206,1030,34.333,camera_2,removed,3
214,1070,35.667,camera_3,removed,1
216,1080,36.0,camera_1,removed,5
216,1080,36.0,camera_2,removed,2
219,1095,36.5,camera_1,removed,6
220,1100,36.667,camera_3,new_track,17
221,1105,36.833,camera_3,removed,13
222,1110,37.0,camera_1,lost_track,11
223,1115,37.167,camera_1,lost_track,10
224,1120,37.333,camera_1,reacquired,10
226,1130,37.667,camera_3,lost_track,16
227,1135,37.833,camera_1,reacquired,11
229,1145,38.167,camera_2,new_track,12
229,1145,38.167,camera_3,reacquired,16
230,1150,38.333,camera_3,removed,14
233,1165,38.833,camera_3,lost_track,17
235,1175,39.167,camera_3,removed,8
237,1185,39.5,camera_1,new_track,14
237,1185,39.5,camera_3,reacquired,17
243,1215,40.5,camera_1,new_track,15
243,1215,40.5,camera_3,lost_track,0
245,1225,40.833,camera_1,lost_track,9
245,1225,40.833,camera_1,lost_track,10
247,1235,41.167,camera_1,reacquired,9
249,1245,41.5,camera_3,new_track,18
250,1250,41.667,camera_1,new_track,16
251,1255,41.833,camera_3,lost_track,18
273,1365,45.5,camera_3,removed,0
275,1375,45.833,camera_1,removed,10
281,1405,46.833,camera_3,removed,18
289,1445,48.167,camera_3,lost_track,11
291,1455,48.5,camera_3,reacquired,11
294,1470,49.0,camera_1,new_track,17
302,1510,50.333,camera_1,lost_track,16
303,1515,50.5,camera_2,lost_track,12
305,1525,50.833,camera_1,lost_track,1
306,1530,51.0,camera_2,lost_track,4
307,1535,51.167,camera_1,reacquired,1
307,1535,51.167,camera_3,new_track,19
308,1540,51.333,camera_3,new_track,20
309,1545,51.5,camera_1,lost_track,17
315,1575,52.5,camera_1,new_track,18
315,1575,52.5,camera_1,lost_track,11
316,1580,52.667,camera_1,lost_track,1
316,1580,52.667,camera_1,lost_track,15
316,1580,52.667,camera_2,reacquired,4
317,1585,52.833,camera_1,reacquired,1
318,1590,53.0,camera_1,reacquired,11
318,1590,53.0,camera_1,reacquired,17
320,1600,53.333,camera_1,lost_track,13
322,1610,53.667,camera_1,reacquired,13
322,1610,53.667,camera_1,lost_track,9
323,1615,53.833,camera_1,lost_track,17
324,1620,54.0,camera_3,lost_track,19
327,1635,54.5,camera_3,new_track,21
329,1645,54.833,camera_3,lost_track,3
329,1645,54.833,camera_3,lost_track,9
330,1650,55.0,camera_3,reacquired,9
332,1660,55.333,camera_1,removed,16
332,1660,55.333,camera_3,lost_track,11
333,1665,55.5,camera_2,removed,12
334,1670,55.667,camera_3,reacquired,11
335,1675,55.833,camera_3,lost_track,11
337,1685,56.167,camera_3,reacquired,11
338,1690,56.333,camera_1,new_track,19
338,1690,56.333,camera_1,lost_track,12
338,1690,56.333,camera_3,new_track,22
338,1690,56.333,camera_3,reacquired,3
339,1695,56.5,camera_3,lost_track,11
341,1705,56.833,camera_1,new_track,20
341,1705,56.833,camera_3,lost_track,3
342,1710,57.0,camera_1,reacquired,12
342,1710,57.0,camera_3,reacquired,3
343,1715,57.167,camera_3,reacquired,11
343,1715,57.167,camera_3,lost_track,3
343,1715,57.167,camera_3,lost_track,22
344,1720,57.333,camera_3,lost_track,20
345,1725,57.5,camera_1,lost_track,1
345,1725,57.5,camera_3,reacquired,3
345,1725,57.5,camera_3,reacquired,20
345,1725,57.5,camera_3,reacquired,22
345,1725,57.5,camera_3,lost_track,11
346,1730,57.667,camera_1,removed,15
346,1730,57.667,camera_3,lost_track,3
347,1735,57.833,camera_1,lost_track,19
348,1740,58.0,camera_3,reacquired,3
349,1745,58.167,camera_1,reacquired,19
352,1760,58.667,camera_1,removed,9
353,1765,58.833,camera_1,removed,17
354,1770,59.0,camera_3,removed,19
356,1780,59.333,camera_3,lost_track,21
357,1785,59.5,camera_3,new_track,23
357,1785,59.5,camera_3,reacquired,11
361,1805,60.167,camera_3,reacquired,21
362,1810,60.333,camera_3,lost_track,21
363,1815,60.5,camera_1,lost_track,11
363,1815,60.5,camera_1,lost_track,12
363,1815,60.5,camera_3,lost_track,11
364,1820,60.667,camera_1,reacquired,12
375,1875,62.5,camera_1,removed,1
376,1880,62.667,camera_1,reacquired,11
379,1895,63.167,camera_3,reacquired,11
379,1895,63.167,camera_3,reacquired,21
380,1900,63.333,camera_3,lost_track,11
395,1975,65.833,camera_3,lost_track,21
397,1985,66.167,camera_3,reacquired,21
398,1990,66.333,camera_3,reacquired,11
399,1995,66.5,camera_1,lost_track,11
399,1995,66.5,camera_3,lost_track,3
401,2005,66.833,camera_3,reacquired,3
403,2015,67.167,camera_3,lost_track,11
407,2035,67.833,camera_3,reacquired,11
408,2040,68.0,camera_3,lost_track,11
412,2060,68.667,camera_3,reacquired,11
413,2065,68.833,camera_1,lost_track,18
413,2065,68.833,camera_3,lost_track,11
414,2070,69.0,camera_1,reacquired,18
415,2075,69.167,camera_3,lost_track,22
416,2080,69.333,camera_3,reacquired,11
416,2080,69.333,camera_3,reacquired,22
418,2090,69.667,camera_3,lost_track,11
422,2110,70.333,camera_1,new_track,21
424,2120,70.667,camera_1,new_track,22
427,2135,71.167,camera_3,new_track,24
427,2135,71.167,camera_3,lost_track,17
428,2140,71.333,camera_3,reacquired,17
429,2145,71.5,camera_1,removed,11
429,2145,71.5,camera_3,lost_track,22
431,2155,71.833,camera_3,reacquired,11
433,2165,72.167,camera_3,new_track,25
437,2185,72.833,camera_3,lost_track,21
440,2200,73.333,camera_1,lost_track,12
440,2200,73.333,camera_1,lost_track,21
442,2210,73.667,camera_1,lost_track,19
443,2215,73.833,camera_2,new_track,13
443,2215,73.833,camera_3,lost_track,11
447,2235,74.5,camera_2,lost_track,13
449,2245,74.833,camera_3,reacquired,21
450,2250,75.0,camera_1,new_track,23
450,2250,75.0,camera_3,lost_track,3
451,2255,75.167,camera_3,reacquired,3
452,2260,75.333,camera_1,reacquired,21
452,2260,75.333,camera_3,lost_track,3
453,2265,75.5,camera_3,reacquired,3
456,2280,76.0,camera_1,reacquired,19
457,2285,76.167,camera_1,new_track,24
457,2285,76.167,camera_3,lost_track,25
458,2290,76.333,camera_3,new_track,26
459,2295,76.5,camera_3,removed,22
460,2300,76.667,camera_1,new_track,25
460,2300,76.667,camera_3,reacquired,25
461,2305,76.833,camera_1,lost_track,25
461,2305,76.833,camera_3,lost_track,26
462,2310,77.0,camera_1,reacquired,25
468,2340,78.0,camera_3,lost_track,21
470,2350,78.333,camera_1,lost_track,25
470,2350,78.333,camera_1,removed,12
471,2355,78.5,camera_1,reacquired,25
471,2355,78.5,camera_3,lost_track,25
473,2365,78.833,camera_3,removed,11
476,2380,79.333,camera_3,reacquired,25
476,2380,79.333,camera_3,reacquired,26
477,2385,79.5,camera_2,removed,13
478,2390,79.667,camera_3,reacquired,21
480,2400,80.0,camera_1,lost_track,25
483,2415,80.5,camera_1,lost_track,19
483,2415,80.5,camera_3,lost_track,17
484,2420,80.667,camera_3,reacquired,17
485,2425,80.833,camera_1,lost_track,13
485,2425,80.833,camera_1,lost_track,22
485,2425,80.833,camera_3,lost_track,21
486,2430,81.0,camera_3,lost_track,26
487,2435,81.167,camera_1,reacquired,13
487,2435,81.167,camera_1,lost_track,24
487,2435,81.167,camera_3,lost_track,24
488,2440,81.333,camera_1,reacquired,24
488,2440,81.333,camera_3,reacquired,21
489,2445,81.5,camera_1,reacquired,22
489,2445,81.5,camera_1,reacquired,25
492,2460,82.0,camera_1,reacquired,19
493,2465,82.167,camera_2,lost_track,4
495,2475,82.5,camera_1,lost_track,25
495,2475,82.5,camera_3,new_track,27
496,2480,82.667,camera_1,reacquired,25
496,2480,82.667,camera_3,lost_track,21
497,2485,82.833,camera_1,lost_track,25
497,2485,82.833,camera_3,reacquired,21
498,2490,83.0,camera_1,reacquired,25
498,2490,83.0,camera_3,lost_track,3
499,2495,83.167,camera_3,reacquired,3
500,2500,83.333,camera_3,lost_track,3
501,2505,83.5,camera_3,reacquired,26
502,2510,83.667,camera_3,reacquired,3
503,2515,83.833,camera_3,lost_track,21
505,2525,84.167,camera_3,reacquired,21
507,2535,84.5,camera_1,lost_track,13
513,2565,85.5,camera_3,lost_track,21
514,2570,85.667,camera_3,reacquired,21
517,2585,86.167,camera_3,removed,24
519,2595,86.5,camera_3,lost_track,3
523,2615,87.167,camera_2,removed,4
526,2630,87.667,camera_3,reacquired,3
531,2655,88.5,camera_1,lost_track,25
537,2685,89.5,camera_1,removed,13
541,2705,90.167,camera_1,reacquired,25
542,2710,90.333,camera_3,lost_track,3
544,2720,90.667,camera_1,lost_track,25
549,2745,91.5,camera_1,reacquired,25
549,2745,91.5,camera_1,lost_track,14
550,2750,91.667,camera_1,reacquired,14
557,2785,92.833,camera_1,lost_track,25
558,2790,93.0,camera_1,reacquired,25
560,2800,93.333,camera_3,reacquired,3
563,2815,93.833,camera_3,lost_track,3
569,2845,94.833,camera_3,reacquired,3
569,2845,94.833,camera_3,lost_track,21
573,2865,95.5,camera_1,new_track,26
575,2875,95.833,camera_1,lost_track,26
577,2885,96.167,camera_3,reacquired,21
578,2890,96.333,camera_1,reacquired,26
579,2895,96.5,camera_1,lost_track,26
579,2895,96.5,camera_2,new_track,14
579,2895,96.5,camera_3,lost_track,3
581,2905,96.833,camera_1,reacquired,26
582,2910,97.0,camera_1,lost_track,26
582,2910,97.0,camera_3,reacquired,3
582,2910,97.0,camera_3,lost_track,21
583,2915,97.167,camera_3,lost_track,27
584,2920,97.333,camera_3,reacquired,21
586,2930,97.667,camera_3,lost_track,21
587,2935,97.833,camera_3,reacquired,21
587,2935,97.833,camera_3,lost_track,3
588,2940,98.0,camera_3,reacquired,3
588,2940,98.0,camera_3,reacquired,27
588,2940,98.0,camera_3,lost_track,21
593,2965,98.833,camera_1,reacquired,26
600,3000,100.0,camera_1,lost_track,26
602,3010,100.333,camera_1,reacquired,26
603,3015,100.5,camera_1,lost_track,26
605,3025,100.833,camera_1,reacquired,26
607,3035,101.167,camera_2,new_track,15
609,3045,101.5,camera_1,lost_track,26
611,3055,101.833,camera_1,lost_track,24
612,3060,102.0,camera_1,lost_track,25
614,3070,102.333,camera_1,new_track,27
618,3090,103.0,camera_3,removed,21
619,3095,103.167,camera_1,lost_track,14
620,3100,103.333,camera_1,reacquired,14
622,3110,103.667,camera_3,new_track,28
632,3160,105.333,camera_1,reacquired,26
636,3180,106.0,camera_1,lost_track,26
641,3205,106.833,camera_1,removed,24
642,3210,107.0,camera_1,removed,25
643,3215,107.167,camera_2,lost_track,14
645,3225,107.5,camera_3,new_track,29
646,3230,107.667,camera_3,lost_track,29
659,3295,109.833,camera_3,lost_track,26
661,3305,110.167,camera_3,reacquired,29
663,3315,110.5,camera_3,lost_track,29
666,3330,111.0,camera_1,lost_track,19
666,3330,111.0,camera_1,removed,26
668,3340,111.333,camera_2,new_track,16
669,3345,111.5,camera_1,reacquired,19
671,3355,111.833,camera_1,lost_track,19
673,3365,112.167,camera_2,removed,14
681,3405,113.5,camera_1,lost_track,14
682,3410,113.667,camera_1,reacquired,14
685,3425,114.167,camera_3,reacquired,29
685,3425,114.167,camera_3,lost_track,20
686,3430,114.333,camera_1,new_track,28
688,3440,114.667,camera_3,new_track,30
689,3445,114.833,camera_3,removed,26
690,3450,115.0,camera_3,reacquired,20
691,3455,115.167,camera_1,lost_track,27
691,3455,115.167,camera_3,lost_track,29
693,3465,115.5,camera_1,lost_track,14
693,3465,115.5,camera_3,lost_track,27
693,3465,115.5,camera_3,lost_track,28
694,3470,115.667,camera_1,reacquired,14
694,3470,115.667,camera_3,reacquired,28
695,3475,115.833,camera_3,lost_track,30
701,3505,116.833,camera_1,reacquired,19
703,3515,117.167,camera_1,lost_track,22
707,3535,117.833,camera_3,reacquired,29
708,3540,118.0,camera_3,lost_track,29
721,3605,120.167,camera_1,lost_track,14
721,3605,120.167,camera_1,removed,27
722,3610,120.333,camera_3,lost_track,28
723,3615,120.5,camera_3,removed,27
724,3620,120.667,camera_1,new_track,29
725,3625,120.833,camera_3,removed,30
728,3640,121.333,camera_3,new_track,31
733,3665,122.167,camera_1,removed,22
738,3690,123.0,camera_3,removed,29
751,3755,125.167,camera_1,removed,14
751,3755,125.167,camera_3,lost_track,9
752,3760,125.333,camera_3,reacquired,9
752,3760,125.333,camera_3,removed,28
758,3790,126.333,camera_1,lost_track,20
758,3790,126.333,camera_1,lost_track,23
760,3800,126.667,camera_1,reacquired,20
771,3855,128.5,camera_3,lost_track,9
778,3890,129.667,camera_3,reacquired,9
782,3910,130.333,camera_3,lost_track,31
783,3915,130.5,camera_3,reacquired,31
788,3940,131.333,camera_1,removed,23
788,3940,131.333,camera_3,lost_track,31
800,4000,133.333,camera_3,reacquired,31
804,4020,134.0,camera_3,lost_track,31
812,4060,135.333,camera_3,reacquired,31
820,4100,136.667,camera_1,new_track,30
820,4100,136.667,camera_3,lost_track,9
824,4120,137.333,camera_1,new_track,31
827,4135,137.833,camera_3,lost_track,17
828,4140,138.0,camera_3,reacquired,9
830,4150,138.333,camera_3,lost_track,9
833,4165,138.833,camera_1,lost_track,19
842,4210,140.333,camera_3,reacquired,9
844,4220,140.667,camera_1,reacquired,19
844,4220,140.667,camera_3,new_track,32
847,4235,141.167,camera_3,lost_track,9
850,4250,141.667,camera_1,lost_track,19
850,4250,141.667,camera_3,reacquired,9
852,4260,142.0,camera_3,lost_track,9
852,4260,142.0,camera_3,lost_track,31
853,4265,142.167,camera_3,reacquired,9
855,4275,142.5,camera_3,lost_track,9
856,4280,142.667,camera_1,lost_track,30
857,4285,142.833,camera_3,reacquired,9
857,4285,142.833,camera_3,removed,17
865,4325,144.167,camera_2,lost_track,16
880,4400,146.667,camera_1,removed,19
882,4410,147.0,camera_3,removed,31
886,4430,147.667,camera_1,removed,30
888,4440,148.0,camera_3,lost_track,23
892,4460,148.667,camera_2,new_track,17
895,4475,149.167,camera_2,removed,16
899,4495,149.833,camera_3,new_track,33
900,4500,150.0,camera_3,new_track,34
903,4515,150.5,camera_3,lost_track,25
903,4515,150.5,camera_3,lost_track,34
905,4525,150.833,camera_1,lost_track,28
905,4525,150.833,camera_3,reacquired,25
906,4530,151.0,camera_2,lost_track,17
908,4540,151.333,camera_1,new_track,32
908,4540,151.333,camera_2,reacquired,17
908,4540,151.333,camera_3,lost_track,33
909,4545,151.5,camera_3,new_track,35
910,4550,151.667,camera_2,lost_track,15
911,4555,151.833,camera_1,lost_track,21
911,4555,151.833,camera_3,lost_track,20
912,4560,152.0,camera_1,lost_track,29
914,4570,152.333,camera_1,new_track,33
914,4570,152.333,camera_2,reacquired,15
916,4580,152.667,camera_3,new_track,36
917,4585,152.833,camera_1,lost_track,33
918,4590,153.0,camera_1,reacquired,33
918,4590,153.0,camera_3,removed,23
926,4630,154.333,camera_3,lost_track,36
933,4665,155.5,camera_3,removed,34
935,4675,155.833,camera_1,removed,28
938,4690,156.333,camera_3,removed,33
939,4695,156.5,camera_3,reacquired,36
940,4700,156.667,camera_3,new_track,37
941,4705,156.833,camera_1,removed,21
941,4705,156.833,camera_3,removed,20
942,4710,157.0,camera_1,removed,29
952,4760,158.667,camera_1,new_track,34
954,4770,159.0,camera_3,lost_track,36
959,4795,159.833,camera_3,reacquired,36
960,4800,160.0,camera_3,lost_track,9
970,4850,161.667,camera_3,reacquired,9
973,4865,162.167,camera_3,lost_track,25
974,4870,162.333,camera_3,lost_track,36
980,4900,163.333,camera_3,reacquired,25
986,4930,164.333,camera_2,lost_track,17
989,4945,164.833,camera_2,reacquired,17
1004,5020,167.333,camera_3,removed,36
1005,5025,167.5,camera_1,new_track,35
1026,5130,171.0,camera_1,lost_track,33
1028,5140,171.333,camera_1,new_track,36
1029,5145,171.5,camera_2,new_track,18
1044,5220,174.0,camera_2,new_track,19
1045,5225,174.167,camera_2,lost_track,19
1047,5235,174.5,camera_1,new_track,37
1051,5255,175.167,camera_1,new_track,38
1054,5270,175.667,camera_2,lost_track,18
1054,5270,175.667,camera_3,lost_track,25
1056,5280,176.0,camera_1,removed,33
1057,5285,176.167,camera_2,reacquired,19
1058,5290,176.333,camera_2,lost_track,19
1062,5310,177.0,camera_1,lost_track,18
1068,5340,178.0,camera_2,reacquired,18
1071,5355,178.5,camera_2,lost_track,18
1073,5365,178.833,camera_1,new_track,39
1084,5420,180.667,camera_3,removed,25
1088,5440,181.333,camera_2,removed,19
1092,5460,182.0,camera_1,removed,18
1101,5505,183.5,camera_2,removed,18
1104,5520,184.0,camera_1,new_track,40
1104,5520,184.0,camera_1,lost_track,38
1122,5610,187.0,camera_2,lost_track,17
1129,5645,188.167,camera_2,reacquired,17
1131,5655,188.5,camera_1,lost_track,40
1131,5655,188.5,camera_2,new_track,20
1133,5665,188.833,camera_1,reacquired,40
1134,5670,189.0,camera_1,removed,38
1135,5675,189.167,camera_1,lost_track,39
1162,5810,193.667,camera_1,new_track,41
1164,5820,194.0,camera_1,lost_track,40
1165,5825,194.167,camera_1,removed,39
1167,5835,194.5,camera_1,reacquired,40
1167,5835,194.5,camera_1,lost_track,31
1168,5840,194.667,camera_1,new_track,42
1179,5895,196.5,camera_1,lost_track,42
1185,5925,197.5,camera_2,lost_track,17
1188,5940,198.0,camera_3,new_track,38
1189,5945,198.167,camera_2,lost_track,20
1191,5955,198.5,camera_1,new_track,43
1197,5985,199.5,camera_1,removed,31
1204,6020,200.667,camera_1,lost_track,40
1209,6045,201.5,camera_1,removed,42
1210,6050,201.667,camera_2,reacquired,20
1212,6060,202.0,camera_1,reacquired,40
1215,6075,202.5,camera_2,removed,17
1217,6085,202.833,camera_3,lost_track,38
1218,6090,203.0,camera_3,new_track,39
1220,6100,203.333,camera_3,reacquired,38
1226,6130,204.333,camera_1,lost_track,32
1227,6135,204.5,camera_1,reacquired,32
1228,6140,204.667,camera_1,lost_track,36
1230,6150,205.0,camera_1,new_track,44
1231,6155,205.167,camera_1,reacquired,36
1231,6155,205.167,camera_1,lost_track,44
1232,6160,205.333,camera_1,reacquired,44
1232,6160,205.333,camera_1,lost_track,32
1234,6170,205.667,camera_1,reacquired,32
1234,6170,205.667,camera_1,lost_track,43
1237,6185,206.167,camera_1,new_track,45
1237,6185,206.167,camera_1,reacquired,43
1237,6185,206.167,camera_1,lost_track,32
1237,6185,206.167,camera_1,lost_track,44
1238,6190,206.333,camera_1,reacquired,32
1240,6200,206.667,camera_1,lost_track,32
1240,6200,206.667,camera_1,lost_track,37
1241,6205,206.833,camera_1,new_track,46
1241,6205,206.833,camera_1,reacquired,32
1242,6210,207.0,camera_1,lost_track,32
1242,6210,207.0,camera_3,lost_track,38
1243,6215,207.167,camera_1,reacquired,32
1244,6220,207.333,camera_3,reacquired,38
1251,6255,208.5,camera_1,reacquired,37
1253,6265,208.833,camera_3,lost_track,38
1258,6290,209.667,camera_3,reacquired,38
1261,6305,210.167,camera_1,lost_track,36
1262,6310,210.333,camera_1,reacquired,36
1263,6315,210.5,camera_1,lost_track,32
1263,6315,210.5,camera_1,lost_track,34
1264,6320,210.667,camera_1,reacquired,32
1264,6320,210.667,camera_1,lost_track,36
1267,6335,211.167,camera_1,removed,44
1270,6350,211.667,camera_3,lost_track,38
1272,6360,212.0,camera_1,new_track,47
1274,6370,212.333,camera_1,lost_track,32
1275,6375,212.5,camera_1,reacquired,32
1288,6440,214.667,camera_1,new_track,48
1292,6460,215.333,camera_1,lost_track,41
1293,6465,215.5,camera_1,removed,34
1294,6470,215.667,camera_1,removed,36
1300,6500,216.667,camera_3,new_track,40
1300,6500,216.667,camera_3,removed,38
1322,6610,220.333,camera_1,removed,41
1323,6615,220.5,camera_2,lost_track,20
1325,6625,220.833,camera_2,reacquired,20
1328,6640,221.333,camera_1,lost_track,48
1330,6650,221.667,camera_3,lost_track,40
1333,6665,222.167,camera_1,new_track,49
1333,6665,222.167,camera_3,lost_track,39
1335,6675,222.5,camera_1,lost_track,49
1342,6710,223.667,camera_3,reacquired,40
1343,6715,223.833,camera_1,lost_track,35
1345,6725,224.167,camera_1,lost_track,43
1346,6730,224.333,camera_1,reacquired,43
1346,6730,224.333,camera_1,lost_track,47
1351,6755,225.167,camera_1,reacquired,47
1353,6765,225.5,camera_1,lost_track,46
1357,6785,226.167,camera_1,new_track,50
1358,6790,226.333,camera_1,removed,48
1363,6815,227.167,camera_1,lost_track,45
1363,6815,227.167,camera_3,removed,39
1364,6820,227.333,camera_1,reacquired,45
1364,6820,227.333,camera_3,new_track,41
1365,6825,227.5,camera_1,removed,49
1367,6835,227.833,camera_2,new_track,21
1367,6835,227.833,camera_3,lost_track,32
1369,6845,228.167,camera_1,new_track,51
1371,6855,228.5,camera_3,reacquired,32
1373,6865,228.833,camera_1,removed,35
1379,6895,229.833,camera_3,lost_track,41
1381,6905,230.167,camera_3,lost_track,40
1382,6910,230.333,camera_3,new_track,42
1383,6915,230.5,camera_1,removed,46
1383,6915,230.5,camera_3,reacquired,40
1386,6930,231.0,camera_3,lost_track,40
1391,6955,231.833,camera_3,reacquired,40
1392,6960,232.0,camera_1,new_track,52
1398,6990,233.0,camera_3,lost_track,40
1400,7000,233.333,camera_1,lost_track,32
1402,7010,233.667,camera_1,reacquired,32
1404,7020,234.0,camera_1,new_track,53
1404,7020,234.0,camera_3,reacquired,40
1405,7025,234.167,camera_1,lost_track,45
1405,7025,234.167,camera_2,new_track,22
1406,7030,234.333,camera_1,reacquired,45
1407,7035,234.5,camera_3,lost_track,40
1409,7045,234.833,camera_3,removed,41
1411,7055,235.167,camera_1,lost_track,43
1412,7060,235.333,camera_1,lost_track,47
1421,7105,236.833,camera_3,lost_track,42
1422,7110,237.0,camera_3,reacquired,40
1422,7110,237.0,camera_3,reacquired,42
1424,7120,237.333,camera_1,new_track,54
1424,7120,237.333,camera_3,lost_track,32
1428,7140,238.0,camera_1,new_track,55
1431,7155,238.5,camera_1,lost_track,55
1432,7160,238.667,camera_1,lost_track,53
1433,7165,238.833,camera_1,new_track,56
1433,7165,238.833,camera_1,lost_track,32
1434,7170,239.0,camera_1,reacquired,32
1435,7175,239.167,camera_1,reacquired,55
1437,7185,239.5,camera_1,lost_track,51
1438,7190,239.667,camera_1,lost_track,40
1441,7205,240.167,camera_1,removed,43
1442,7210,240.333,camera_1,removed,47
1443,7215,240.5,camera_1,reacquired,40
1444,7220,240.667,camera_1,reacquired,51
1444,7220,240.667,camera_3,lost_track,42
1446,7230,241.0,camera_1,lost_track,54
1446,7230,241.0,camera_3,new_track,43
1448,7240,241.333,camera_2,lost_track,15
1452,7260,242.0,camera_1,reacquired,54
1452,7260,242.0,camera_1,lost_track,50
1454,7270,242.333,camera_1,lost_track,51
1454,7270,242.333,camera_3,removed,32
1455,7275,242.5,camera_2,reacquired,15
1456,7280,242.667,camera_1,new_track,57
1456,7280,242.667,camera_2,lost_track,22
1457,7285,242.833,camera_1,lost_track,54
1457,7285,242.833,camera_1,lost_track,56
1458,7290,243.0,camera_1,new_track,58
1460,7300,243.333,camera_1,reacquired,56
1462,7310,243.667,camera_1,removed,53
1462,7310,243.667,camera_3,lost_track,37
1463,7315,243.833,camera_2,new_track,23
1465,7325,244.167,camera_1,lost_track,58
1467,7335,244.5,camera_1,lost_track,45
1467,7335,244.5,camera_2,reacquired,22
1469,7345,244.833,camera_1,lost_track,57
1470,7350,245.0,camera_1,new_track,59
1470,7350,245.0,camera_1,reacquired,58
1471,7355,245.167,camera_3,reacquired,37
1474,7370,245.667,camera_3,removed,42
1477,7385,246.167,camera_1,new_track,60
1479,7395,246.5,camera_1,new_track,61
1479,7395,246.5,camera_1,lost_track,56
1479,7395,246.5,camera_2,lost_track,22
1479,7395,246.5,camera_3,new_track,44
1480,7400,246.667,camera_1,lost_track,55
1482,7410,247.0,camera_1,reacquired,56
1482,7410,247.0,camera_1,lost_track,60
1482,7410,247.0,camera_1,removed,50
1483,7415,247.167,camera_1,reacquired,60
1484,7420,247.333,camera_1,removed,51
1484,7420,247.333,camera_2,lost_track,23
1486,7430,247.667,camera_1,lost_track,20
1487,7435,247.833,camera_1,reacquired,20
1487,7435,247.833,camera_1,removed,54
1487,7435,247.833,camera_2,reacquired,23
1491,7455,248.5,camera_2,lost_track,23
1492,7460,248.667,camera_1,new_track,62
1492,7460,248.667,camera_1,reacquired,55
1492,7460,248.667,camera_1,lost_track,59
1492,7460,248.667,camera_2,reacquired,23
1492,7460,248.667,camera_2,lost_track,15
1493,7465,248.833,camera_1,lost_track,61
1493,7465,248.833,camera_2,reacquired,15
1495,7475,249.167,camera_1,lost_track,55
1497,7485,249.5,camera_1,removed,45
1499,7495,249.833,camera_1,removed,57
1500,7500,250.0,camera_1,lost_track,52
1500,7500,250.0,camera_1,lost_track,60
1501,7505,250.167,camera_1,reacquired,60
1501,7505,250.167,camera_1,lost_track,56
1501,7505,250.167,camera_2,reacquired,22
1504,7520,250.667,camera_3,lost_track,44
1505,7525,250.833,camera_1,lost_track,58
1505,7525,250.833,camera_2,lost_track,22
1510,7550,251.667,camera_3,reacquired,44
1512,7560,252.0,camera_1,new_track,63
1512,7560,252.0,camera_1,new_track,64
1513,7565,252.167,camera_2,reacquired,22
1517,7585,252.833,camera_1,new_track,65
1517,7585,252.833,camera_1,lost_track,60
1518,7590,253.0,camera_2,lost_track,15
1518,7590,253.0,camera_2,lost_track,22
1522,7610,253.667,camera_1,removed,59
1522,7610,253.667,camera_3,lost_track,44
1523,7615,253.833,camera_1,removed,61
1523,7615,253.833,camera_3,new_track,45
1524,7620,254.0,camera_2,reacquired,15
1524,7620,254.0,camera_3,reacquired,44
1525,7625,254.167,camera_1,removed,55
1527,7635,254.5,camera_1,lost_track,62
1528,7640,254.667,camera_1,lost_track,63
1528,7640,254.667,camera_2,lost_track,15
1529,7645,254.833,camera_1,new_track,66
1529,7645,254.833,camera_1,reacquired,63
1530,7650,255.0,camera_1,removed,52
1531,7655,255.167,camera_1,removed,56
1532,7660,255.333,camera_3,lost_track,44
1533,7665,255.5,camera_3,reacquired,44
1534,7670,255.667,camera_1,new_track,67
1534,7670,255.667,camera_2,new_track,24
1534,7670,255.667,camera_3,new_track,46
1534,7670,255.667,camera_3,lost_track,9
1535,7675,255.833,camera_1,removed,58
1536,7680,256.0,camera_1,lost_track,32
1536,7680,256.0,camera_2,lost_track,24
1539,7695,256.5,camera_1,new_track,68
1540,7700,256.667,camera_3,lost_track,45
1541,7705,256.833,camera_1,new_track,69
1543,7715,257.167,camera_1,lost_track,68
1544,7720,257.333,camera_1,new_track,70
1546,7730,257.667,camera_1,reacquired,68
1546,7730,257.667,camera_3,reacquired,45
1547,7735,257.833,camera_1,lost_track,64
1547,7735,257.833,camera_1,removed,60
1548,7740,258.0,camera_1,reacquired,64
1548,7740,258.0,camera_2,removed,22
1549,7745,258.167,camera_1,lost_track,70
1550,7750,258.333,camera_1,lost_track,68
1551,7755,258.5,camera_1,reacquired,68
1551,7755,258.5,camera_3,lost_track,46
1552,7760,258.667,camera_1,reacquired,70
1552,7760,258.667,camera_1,lost_track,69
1552,7760,258.667,camera_3,lost_track,44
1553,7765,258.833,camera_1,reacquired,69
1555,7775,259.167,camera_3,reacquired,44
1556,7780,259.333,camera_1,lost_track,69
1557,7785,259.5,camera_1,reacquired,69
1557,7785,259.5,camera_1,lost_track,70
1557,7785,259.5,camera_1,removed,62
1558,7790,259.667,camera_2,reacquired,15
1561,7805,260.167,camera_1,lost_track,64
1564,7820,260.667,camera_3,lost_track,43
1564,7820,260.667,camera_3,removed,9
1566,7830,261.0,camera_1,removed,32
1566,7830,261.0,camera_2,removed,24
1573,7865,262.167,camera_2,new_track,25
1573,7865,262.167,camera_3,new_track,47
1573,7865,262.167,camera_3,reacquired,43
1574,7870,262.333,camera_2,lost_track,25
1574,7870,262.333,camera_3,lost_track,40
1574,7870,262.333,camera_3,lost_track,43
1576,7880,262.667,camera_3,reacquired,40
1577,7885,262.833,camera_1,new_track,71
1581,7905,263.5,camera_3,removed,46
1582,7910,263.667,camera_3,lost_track,40
1583,7915,263.833,camera_1,new_track,72
1583,7915,263.833,camera_3,reacquired,40
1585,7925,264.167,camera_1,new_track,73
1587,7935,264.5,camera_1,removed,70
1591,7955,265.167,camera_1,new_track,74
1591,7955,265.167,camera_1,lost_track,68
1591,7955,265.167,camera_1,removed,64
1593,7965,265.5,camera_1,reacquired,68
1596,7980,266.0,camera_1,lost_track,68
1597,7985,266.167,camera_3,lost_track,47
1598,7990,266.333,camera_1,lost_track,71
1598,7990,266.333,camera_1,lost_track,72
1599,7995,266.5,camera_2,lost_track,23
1599,7995,266.5,camera_3,new_track,48
1599,7995,266.5,camera_3,reacquired,47
1600,8000,266.667,camera_3,lost_track,47
1604,8020,267.333,camera_2,removed,25
1604,8020,267.333,camera_3,lost_track,15
1604,8020,267.333,camera_3,removed,43
1606,8030,267.667,camera_1,new_track,75
1606,8030,267.667,camera_1,new_track,76
1612,8060,268.667,camera_1,lost_track,76
1613,8065,268.833,camera_1,lost_track,75
1613,8065,268.833,camera_2,reacquired,23
1613,8065,268.833,camera_3,new_track,49
1614,8070,269.0,camera_1,reacquired,75
1620,8100,270.0,camera_1,lost_track,63
1625,8125,270.833,camera_1,lost_track,40
1626,8130,271.0,camera_1,removed,68
1628,8140,271.333,camera_1,removed,71
1628,8140,271.333,camera_1,removed,72
1630,8150,271.667,camera_3,removed,47
1632,8160,272.0,camera_2,lost_track,15
1634,8170,272.333,camera_3,removed,15
1636,8180,272.667,camera_2,reacquired,15
1642,8210,273.667,camera_1,removed,76
1650,8250,275.0,camera_1,removed,63
1651,8255,275.167,camera_3,lost_track,35
1655,8275,275.833,camera_1,removed,40
1656,8280,276.0,camera_2,lost_track,15
1661,8305,276.833,camera_2,reacquired,15
1661,8305,276.833,camera_3,lost_track,49
1673,8365,278.833,camera_3,new_track,50
1679,8395,279.833,camera_3,new_track,51
1681,8405,280.167,camera_1,new_track,77
1681,8405,280.167,camera_3,removed,35
1682,8410,280.333,camera_1,new_track,78
1684,8420,280.667,camera_2,lost_track,15
1685,8425,280.833,camera_1,new_track,79
1685,8425,280.833,camera_2,reacquired,15
1690,8450,281.667,camera_3,lost_track,51
1691,8455,281.833,camera_3,reacquired,51
1691,8455,281.833,camera_3,lost_track,45
1691,8455,281.833,camera_3,removed,49
1695,8475,282.5,camera_1,new_track,80
1697,8485,282.833,camera_1,lost_track,73
1697,8485,282.833,camera_3,reacquired,45
1702,8510,283.667,camera_1,lost_track,74
1703,8515,283.833,camera_1,reacquired,74
1703,8515,283.833,camera_2,lost_track,21
1709,8545,284.833,camera_2,reacquired,21
1710,8550,285.0,camera_3,lost_track,45
1711,8555,285.167,camera_1,new_track,81
1711,8555,285.167,camera_1,lost_track,78
1712,8560,285.333,camera_1,reacquired,78
1712,8560,285.333,camera_1,lost_track,81
1713,8565,285.5,camera_1,lost_track,79
1714,8570,285.667,camera_1,lost_track,74
1715,8575,285.833,camera_1,reacquired,79
1715,8575,285.833,camera_1,reacquired,81
1715,8575,285.833,camera_1,lost_track,69
1715,8575,285.833,camera_3,lost_track,37
1716,8580,286.0,camera_1,reacquired,74
1717,8585,286.167,camera_3,reacquired,37
1718,8590,286.333,camera_1,lost_track,37
1718,8590,286.333,camera_1,lost_track,65
1718,8590,286.333,camera_1,lost_track,74
1719,8595,286.5,camera_1,lost_track,67
1719,8595,286.5,camera_3,lost_track,44
1721,8605,286.833,camera_1,reacquired,65
1721,8605,286.833,camera_1,lost_track,75
1721,8605,286.833,camera_2,lost_track,15
1721,8605,286.833,camera_2,lost_track,20
1721,8605,286.833,camera_2,lost_track,23
1722,8610,287.0,camera_1,reacquired,74
1722,8610,287.0,camera_1,lost_track,66
1722,8610,287.0,camera_3,lost_track,40
1724,8620,287.333,camera_1,lost_track,79
1725,8625,287.5,camera_2,reacquired,15
1725,8625,287.5,camera_2,reacquired,20
1727,8635,287.833,camera_1,lost_track,77
1727,8635,287.833,camera_1,removed,73
1728,8640,288.0,camera_1,lost_track,65
1729,8645,288.167,camera_1,lost_track,78
1729,8645,288.167,camera_1,lost_track,80
1729,8645,288.167,camera_1,lost_track,81
1730,8650,288.333,camera_1,reacquired,78
1731,8655,288.5,camera_1,reacquired,77
1732,8660,288.667,camera_1,lost_track,77
1736,8680,289.333,camera_1,lost_track,74
1737,8685,289.5,camera_1,reacquired,74
1738,8690,289.667,camera_3,new_track,52
1740,8700,290.0,camera_3,removed,45
1741,8705,290.167,camera_1,lost_track,74
1741,8705,290.167,camera_3,lost_track,6
1742,8710,290.333,camera_1,new_track,82
1742,8710,290.333,camera_1,reacquired,74
1742,8710,290.333,camera_3,lost_track,52
1743,8715,290.5,camera_3,reacquired,52
1744,8720,290.667,camera_1,lost_track,20
1745,8725,290.833,camera_1,reacquired,20
1745,8725,290.833,camera_1,removed,69
1745,8725,290.833,camera_3,lost_track,48
1746,8730,291.0,camera_3,reacquired,48
1747,8735,291.167,camera_2,lost_track,21
1748,8740,291.333,camera_1,removed,37
1748,8740,291.333,camera_3,lost_track,52
1749,8745,291.5,camera_1,removed,67
1749,8745,291.5,camera_2,lost_track,20
1749,8745,291.5,camera_3,removed,44
1750,8750,291.667,camera_1,reacquired,75
1750,8750,291.667,camera_1,lost_track,82
1751,8755,291.833,camera_1,reacquired,80
1751,8755,291.833,camera_2,removed,23
1751,8755,291.833,camera_3,lost_track,50
1752,8760,292.0,camera_1,removed,66
1752,8760,292.0,camera_3,removed,40
1754,8770,292.333,camera_1,removed,79
1756,8780,292.667,camera_2,lost_track,15
1758,8790,293.0,camera_1,lost_track,78
1758,8790,293.0,camera_1,removed,65
1758,8790,293.0,camera_3,lost_track,12
1759,8795,293.167,camera_1,lost_track,74
1759,8795,293.167,camera_1,removed,81
1761,8805,293.5,camera_1,lost_track,20
1761,8805,293.5,camera_2,reacquired,15
1761,8805,293.5,camera_2,lost_track,11
1761,8805,293.5,camera_3,reacquired,12
1762,8810,293.667,camera_1,removed,77
1764,8820,294.0,camera_1,new_track,83
1764,8820,294.0,camera_2,reacquired,20
1764,8820,294.0,camera_3,reacquired,50
1766,8830,294.333,camera_1,lost_track,83
1766,8830,294.333,camera_2,lost_track,6
1768,8840,294.667,camera_2,lost_track,20
1770,8850,295.0,camera_1,reacquired,82
1771,8855,295.167,camera_3,lost_track,3
1771,8855,295.167,camera_3,removed,6
1772,8860,295.333,camera_1,new_track,84
1772,8860,295.333,camera_1,lost_track,80
1773,8865,295.5,camera_1,reacquired,20
1773,8865,295.5,camera_1,lost_track,82
1775,8875,295.833,camera_1,new_track,85
1775,8875,295.833,camera_3,new_track,53
1776,8880,296.0,camera_2,reacquired,6
1776,8880,296.0,camera_2,lost_track,15
1777,8885,296.167,camera_2,reacquired,15
1777,8885,296.167,camera_2,removed,21
1777,8885,296.167,camera_3,lost_track,48
1778,8890,296.333,camera_3,reacquired,48
1778,8890,296.333,camera_3,lost_track,50
1778,8890,296.333,camera_3,removed,52
1782,8910,297.0,camera_1,reacquired,80
1784,8920,297.333,camera_1,lost_track,84
1785,8925,297.5,camera_1,reacquired,84
1785,8925,297.5,camera_1,lost_track,80
1785,8925,297.5,camera_1,lost_track,85
1786,8930,297.667,camera_3,reacquired,50
1788,8940,298.0,camera_1,reacquired,82
1788,8940,298.0,camera_1,removed,78
1789,8945,298.167,camera_1,lost_track,20
1789,8945,298.167,camera_1,removed,74
1790,8950,298.333,camera_3,lost_track,50
1791,8955,298.5,camera_1,reacquired,20
1791,8955,298.5,camera_1,reacquired,85
1791,8955,298.5,camera_1,lost_track,82
1791,8955,298.5,camera_2,removed,11
1792,8960,298.667,camera_1,lost_track,84
1792,8960,298.667,camera_1,lost_track,85
1792,8960,298.667,camera_3,lost_track,12
1793,8965,298.833,camera_1,new_track,86
1793,8965,298.833,camera_1,reacquired,85
1793,8965,298.833,camera_3,reacquired,50
1794,8970,299.0,camera_1,reacquired,84
1794,8970,299.0,camera_1,lost_track,20
1794,8970,299.0,camera_3,lost_track,50
1795,8975,299.167,camera_1,lost_track,85
1796,8980,299.333,camera_1,removed,83
1796,8980,299.333,camera_3,new_track,54
1797,8985,299.5,camera_3,new_track,55
1798,8990,299.667,camera_1,new_track,87
1798,8990,299.667,camera_2,removed,20
1798,8990,299.667,camera_3,lost_track,54
1801,9005,300.167,camera_3,removed,3
1803,9015,300.5,camera_1,lost_track,86
1807,9035,301.167,camera_2,new_track,26
1809,9045,301.5,camera_1,reacquired,80
1809,9045,301.5,camera_1,lost_track,84
1809,9045,301.5,camera_1,lost_track,87
1810,9050,301.667,camera_1,reacquired,87
1810,9050,301.667,camera_1,lost_track,80
1813,9065,302.167,camera_1,reacquired,84
1813,9065,302.167,camera_1,lost_track,87
1814,9070,302.333,camera_1,reacquired,87
1819,9095,303.167,camera_1,reacquired,85
1820,9100,303.333,camera_1,lost_track,84
1820,9100,303.333,camera_2,new_track,27
1820,9100,303.333,camera_3,new_track,56
1821,9105,303.5,camera_1,removed,82
1821,9105,303.5,camera_2,lost_track,27
1822,9110,303.667,camera_2,new_track,28
1822,9110,303.667,camera_3,lost_track,56
1822,9110,303.667,camera_3,removed,12
1823,9115,303.833,camera_1,lost_track,85
1824,9120,304.0,camera_1,removed,20
1824,9120,304.0,camera_3,removed,50
1825,9125,304.167,camera_2,reacquired,27
1826,9130,304.333,camera_1,new_track,88
1826,9130,304.333,camera_1,reacquired,84
1826,9130,304.333,camera_1,reacquired,85
1826,9130,304.333,camera_1,lost_track,87
1826,9130,304.333,camera_2,lost_track,27
1828,9140,304.667,camera_3,removed,54
1829,9145,304.833,camera_1,lost_track,88
1829,9145,304.833,camera_2,reacquired,27
1829,9145,304.833,camera_2,lost_track,28
1833,9165,305.5,camera_1,lost_track,85
1833,9165,305.5,camera_1,removed,86
1833,9165,305.5,camera_2,lost_track,27
1834,9170,305.667,camera_1,lost_track,84
1835,9175,305.833,camera_2,new_track,29
1837,9185,306.167,camera_3,lost_track,51
1838,9190,306.333,camera_1,reacquired,84
1840,9200,306.667,camera_1,removed,80
1841,9205,306.833,camera_3,reacquired,51
1842,9210,307.0,camera_2,lost_track,15
1844,9220,307.333,camera_2,new_track,30
1844,9220,307.333,camera_3,lost_track,55
1846,9230,307.667,camera_2,lost_track,29
1846,9230,307.667,camera_2,lost_track,30
1846,9230,307.667,camera_3,reacquired,55
1851,9255,308.5,camera_2,lost_track,6
1851,9255,308.5,camera_3,new_track,57
1852,9260,308.667,camera_2,reacquired,29
1852,9260,308.667,camera_3,lost_track,57
1852,9260,308.667,camera_3,removed,56
1856,9280,309.333,camera_1,removed,87
1856,9280,309.333,camera_2,lost_track,26
1857,9285,309.5,camera_1,new_track,89
1857,9285,309.5,camera_3,lost_track,53
1858,9290,309.667,camera_2,reacquired,26
1859,9295,309.833,camera_1,removed,88
1859,9295,309.833,camera_2,removed,28
1862,9310,310.333,camera_3,reacquired,57
1862,9310,310.333,camera_3,lost_track,55
1863,9315,310.5,camera_1,removed,85
1863,9315,310.5,camera_2,removed,27
1865,9325,310.833,camera_3,reacquired,55
1868,9340,311.333,camera_1,new_track,90
1872,9360,312.0,camera_2,removed,15
1875,9375,312.5,camera_1,lost_track,90
1876,9380,312.667,camera_2,removed,30
1879,9395,313.167,camera_1,new_track,91
1879,9395,313.167,camera_3,lost_track,55
1881,9405,313.5,camera_2,removed,6
1883,9415,313.833,camera_3,new_track,58
1883,9415,313.833,camera_3,lost_track,57
1887,9435,314.5,camera_3,removed,53
1888,9440,314.667,camera_1,new_track,92
1889,9445,314.833,camera_3,lost_track,58
1890,9450,315.0,camera_3,reacquired,55
1891,9455,315.167,camera_2,lost_track,29
1891,9455,315.167,camera_3,reacquired,57
1891,9455,315.167,camera_3,reacquired,58
1891,9455,315.167,camera_3,lost_track,51
1892,9460,315.333,camera_1,lost_track,84
1892,9460,315.333,camera_3,new_track,59
1893,9465,315.5,camera_1,lost_track,75
1893,9465,315.5,camera_2,reacquired,29
1893,9465,315.5,camera_2,lost_track,7
1894,9470,315.667,camera_1,reacquired,84
1894,9470,315.667,camera_1,lost_track,89
1895,9475,315.833,camera_1,reacquired,75
1896,9480,316.0,camera_3,lost_track,58
1897,9485,316.167,camera_1,reacquired,89
1897,9485,316.167,camera_1,lost_track,91
1897,9485,316.167,camera_3,reacquired,58
1898,9490,316.333,camera_1,lost_track,84
1904,9520,317.333,camera_3,lost_track,58
1905,9525,317.5,camera_1,removed,90
1907,9535,317.833,camera_3,reacquired,58
1907,9535,317.833,camera_3,lost_track,48
1907,9535,317.833,camera_3,lost_track,59
1908,9540,318.0,camera_1,reacquired,84
1911,9555,318.5,camera_3,reacquired,48
1912,9560,318.667,camera_3,reacquired,51
1912,9560,318.667,camera_3,lost_track,57
1913,9565,318.833,camera_3,reacquired,57
1915,9575,319.167,camera_2,new_track,31
1915,9575,319.167,camera_3,lost_track,48
1918,9590,319.667,camera_1,lost_track,89
1918,9590,319.667,camera_2,lost_track,31
1918,9590,319.667,camera_3,reacquired,59
1918,9590,319.667,camera_3,lost_track,58
1920,9600,320.0,camera_1,reacquired,89
1921,9605,320.167,camera_1,lost_track,84
1923,9615,320.5,camera_1,lost_track,75
1923,9615,320.5,camera_2,removed,7
1925,9625,320.833,camera_3,lost_track,59
1927,9635,321.167,camera_1,removed,91
1928,9640,321.333,camera_2,lost_track,26
1929,9645,321.5,camera_1,reacquired,84
1930,9650,321.667,camera_2,new_track,32
1934,9670,322.333,camera_1,reacquired,75
1934,9670,322.333,camera_2,reacquired,26
1934,9670,322.333,camera_3,new_track,60
1934,9670,322.333,camera_3,lost_track,55
1935,9675,322.5,camera_1,lost_track,92
1935,9675,322.5,camera_2,new_track,33
1935,9675,322.5,camera_3,reacquired,55
1935,9675,322.5,camera_3,lost_track,60
1936,9680,322.667,camera_2,lost_track,32
1937,9685,322.833,camera_2,lost_track,26
1938,9690,323.0,camera_3,lost_track,57
1942,9710,323.667,camera_5,new_track,3
1944,9720,324.0,camera_1,lost_track,89
1945,9725,324.167,camera_3,removed,48
1946,9730,324.333,camera_2,lost_track,29
1946,9730,324.333,camera_3,new_track,61
1947,9735,324.5,camera_1,lost_track,84
1947,9735,324.5,camera_4,new_track,0
1948,9740,324.667,camera_2,removed,31
1948,9740,324.667,camera_3,removed,58
1949,9745,324.833,camera_2,new_track,34
1950,9750,325.0,camera_4,lost_track,0
1950,9750,325.0,camera_5,new_track,4
1952,9760,325.333,camera_5,new_track,5
1953,9765,325.5,camera_5,new_track,6
1954,9770,325.667,camera_5,lost_track,4
1955,9775,325.833,camera_3,removed,59
1955,9775,325.833,camera_5,lost_track,6
1958,9790,326.333,camera_1,new_track,93
1958,9790,326.333,camera_5,new_track,7
1961,9805,326.833,camera_5,lost_track,5
1962,9810,327.0,camera_1,lost_track,93
1963,9815,327.167,camera_1,new_track,94
1964,9820,327.333,camera_2,new_track,35
1965,9825,327.5,camera_1,lost_track,94
1965,9825,327.5,camera_1,removed,92
1965,9825,327.5,camera_3,removed,60
1966,9830,327.667,camera_1,reacquired,94
1966,9830,327.667,camera_1,lost_track,75
1966,9830,327.667,camera_2,removed,32
1967,9835,327.833,camera_2,removed,26
1968,9840,328.0,camera_3,removed,57
1970,9850,328.333,camera_2,lost_track,35
1973,9865,328.833,camera_5,lost_track,7
1974,9870,329.0,camera_1,removed,89
1976,9880,329.333,camera_2,removed,29
1977,9885,329.5,camera_1,reacquired,75
1977,9885,329.5,camera_1,removed,84
1979,9895,329.833,camera_1,lost_track,94
1980,9900,330.0,camera_4,removed,0
1983,9915,330.5,camera_2,new_track,36
1983,9915,330.5,camera_2,new_track,37
1984,9920,330.667,camera_5,lost_track,3
1984,9920,330.667,camera_5,removed,4
1985,9925,330.833,camera_5,removed,6
1988,9940,331.333,camera_1,new_track,95
1988,9940,331.333,camera_1,lost_track,75
1991,9955,331.833,camera_1,reacquired,94
1991,9955,331.833,camera_5,removed,5
1992,9960,332.0,camera_1,removed,93
1996,9980,332.667,camera_3,lost_track,55
1998,9990,333.0,camera_3,new_track,62
1998,9990,333.0,camera_3,reacquired,55
1999,9995,333.167,camera_2,new_track,38
2000,10000,333.333,camera_2,removed,35
2001,10005,333.5,camera_1,new_track,96
2001,10005,333.5,camera_2,lost_track,38
2002,10010,333.667,camera_3,lost_track,51
2003,10015,333.833,camera_2,reacquired,38
2003,10015,333.833,camera_3,reacquired,51
2003,10015,333.833,camera_5,removed,7
2004,10020,334.0,camera_3,lost_track,62
2005,10025,334.167,camera_1,new_track,97
2005,10025,334.167,camera_2,lost_track,38
2007,10035,334.5,camera_1,lost_track,96
2009,10045,334.833,camera_1,reacquired,96
2009,10045,334.833,camera_1,lost_track,95
2009,10045,334.833,camera_3,lost_track,51
2010,10050,335.0,camera_1,lost_track,96
2010,10050,335.0,camera_1,lost_track,97
2010,10050,335.0,camera_3,new_track,63
2011,10055,335.167,camera_3,new_track,64
2011,10055,335.167,camera_3,reacquired,51
2011,10055,335.167,camera_3,lost_track,37
2012,10060,335.333,camera_1,reacquired,97
2013,10065,335.5,camera_3,reacquired,37
2013,10065,335.5,camera_3,lost_track,64
2014,10070,335.667,camera_5,removed,3
2016,10080,336.0,camera_2,lost_track,36
2016,10080,336.0,camera_3,lost_track,55
2016,10080,336.0,camera_4,new_track,1
2018,10090,336.333,camera_1,removed,75
2018,10090,336.333,camera_3,lost_track,37
2022,10110,337.0,camera_1,reacquired,96
2024,10120,337.333,camera_1,lost_track,96
2024,10120,337.333,camera_2,reacquired,38
2024,10120,337.333,camera_2,lost_track,37
2024,10120,337.333,camera_3,new_track,65
2025,10125,337.5,camera_1,new_track,98
2027,10135,337.833,camera_2,lost_track,33
2027,10135,337.833,camera_4,lost_track,1
2028,10140,338.0,camera_3,lost_track,65
2029,10145,338.167,camera_2,new_track,39
2029,10145,338.167,camera_3,reacquired,65
2029,10145,338.167,camera_3,lost_track,51
2031,10155,338.5,camera_3,new_track,66
2031,10155,338.5,camera_3,lost_track,63
2034,10170,339.0,camera_1,new_track,99
2034,10170,339.0,camera_3,lost_track,66
2034,10170,339.0,camera_3,removed,62
2035,10175,339.167,camera_1,reacquired,96
2035,10175,339.167,camera_1,lost_track,99
2035,10175,339.167,camera_5,new_track,8
2036,10180,339.333,camera_1,lost_track,98
2036,10180,339.333,camera_2,lost_track,38
2038,10190,339.667,camera_3,lost_track,65
2039,10195,339.833,camera_1,removed,95
2039,10195,339.833,camera_2,new_track,40
2043,10215,340.5,camera_1,new_track,100
2043,10215,340.5,camera_1,lost_track,97
2043,10215,340.5,camera_3,removed,64
2043,10215,340.5,camera_5,new_track,9
2043,10215,340.5,camera_5,lost_track,8
2045,10225,340.833,camera_3,new_track,67
2046,10230,341.0,camera_2,removed,36
2046,10230,341.0,camera_3,removed,55
2047,10235,341.167,camera_1,lost_track,96
2048,10240,341.333,camera_3,new_track,68
2048,10240,341.333,camera_3,removed,37
2049,10245,341.5,camera_3,lost_track,67
2049,10245,341.5,camera_3,lost_track,68
2050,10250,341.667,camera_2,lost_track,39
2052,10260,342.0,camera_4,new_track,2
2052,10260,342.0,camera_6,new_track,6
2053,10265,342.167,camera_2,new_track,41
2054,10270,342.333,camera_2,removed,37
2056,10280,342.667,camera_4,lost_track,2
2057,10285,342.833,camera_2,removed,33
2057,10285,342.833,camera_4,removed,1
2059,10295,343.167,camera_3,removed,51
2060,10300,343.333,camera_2,lost_track,40
2060,10300,343.333,camera_6,new_track,7
2061,10305,343.5,camera_1,lost_track,94
2061,10305,343.5,camera_3,removed,63
2062,10310,343.667,camera_5,new_track,10
2062,10310,343.667,camera_6,lost_track,7
2064,10320,344.0,camera_2,lost_track,41
2064,10320,344.0,camera_3,removed,66
2064,10320,344.0,camera_6,lost_track,6
2064,10320,344.0,camera_7,new_track,4
2065,10325,344.167,camera_1,removed,99
2066,10330,344.333,camera_1,removed,98
2066,10330,344.333,camera_2,removed,38
2066,10330,344.333,camera_4,new_track,3
2068,10340,344.667,camera_3,reacquired,67
2068,10340,344.667,camera_3,removed,65
2069,10345,344.833,camera_2,lost_track,34
2070,10350,345.0,camera_2,reacquired,34
2070,10350,345.0,camera_5,lost_track,10
2072,10360,345.333,camera_4,lost_track,3
2073,10365,345.5,camera_1,removed,97
2073,10365,345.5,camera_5,removed,8
2076,10380,346.0,camera_2,lost_track,34
2077,10385,346.167,camera_1,removed,96
2079,10395,346.5,camera_3,removed,68
2080,10400,346.667,camera_2,removed,39
2081,10405,346.833,camera_2,new_track,42
2083,10415,347.167,camera_2,reacquired,34
2083,10415,347.167,camera_3,lost_track,61
2084,10420,347.333,camera_3,reacquired,61
2086,10430,347.667,camera_4,removed,2
2088,10440,348.0,camera_2,new_track,43
2090,10450,348.333,camera_2,removed,40
2091,10455,348.5,camera_1,removed,94
2091,10455,348.5,camera_3,lost_track,61
2092,10460,348.667,camera_6,removed,7
2093,10465,348.833,camera_1,lost_track,100
2094,10470,349.0,camera_2,removed,41
2094,10470,349.0,camera_6,removed,6
2096,10480,349.333,camera_2,new_track,44
2097,10485,349.5,camera_1,reacquired,100
2097,10485,349.5,camera_5,lost_track,9
2100,10500,350.0,camera_5,removed,10
2101,10505,350.167,camera_3,new_track,69
2102,10510,350.333,camera_4,removed,3
2103,10515,350.5,camera_3,lost_track,69
2104,10520,350.667,camera_3,reacquired,69
2109,10545,351.5,camera_1,lost_track,100
2110,10550,351.667,camera_7,lost_track,4
2111,10555,351.833,camera_6,new_track,8
2112,10560,352.0,camera_6,new_track,9
2115,10575,352.5,camera_6,lost_track,9
2121,10605,353.5,camera_3,removed,61
2121,10605,353.5,camera_4,new_track,4
2125,10625,354.167,camera_4,lost_track,4
2125,10625,354.167,camera_6,lost_track,8
2127,10635,354.5,camera_1,new_track,101
2127,10635,354.5,camera_5,removed,9
2128,10640,354.667,camera_2,new_track,45
2129,10645,354.833,camera_2,lost_track,34
2129,10645,354.833,camera_2,lost_track,44
2131,10655,355.167,camera_1,new_track,102
2132,10660,355.333,camera_1,lost_track,101
2132,10660,355.333,camera_2,lost_track,43
2132,10660,355.333,camera_3,lost_track,69
2132,10660,355.333,camera_5,new_track,11
2133,10665,355.5,camera_2,reacquired,44
2134,10670,355.667,camera_1,reacquired,101
2136,10680,356.0,camera_1,lost_track,102
2136,10680,356.0,camera_2,lost_track,44
2138,10690,356.333,camera_5,new_track,12
2139,10695,356.5,camera_1,removed,100
2140,10700,356.667,camera_5,new_track,13
2140,10700,356.667,camera_7,removed,4
2141,10705,356.833,camera_5,lost_track,13
2144,10720,357.333,camera_1,new_track,103
2144,10720,357.333,camera_5,reacquired,13
2145,10725,357.5,camera_6,removed,9
2146,10730,357.667,camera_2,lost_track,45
2146,10730,357.667,camera_4,new_track,5
2146,10730,357.667,camera_5,lost_track,13
2147,10735,357.833,camera_5,lost_track,11
2150,10750,358.333,camera_4,lost_track,5
2152,10760,358.667,camera_5,new_track,14
2153,10765,358.833,camera_3,new_track,70
2155,10775,359.167,camera_3,lost_track,67
2155,10775,359.167,camera_4,removed,4
2155,10775,359.167,camera_6,removed,8
2156,10780,359.333,camera_5,lost_track,14
2157,10785,359.5,camera_5,reacquired,14
2159,10795,359.833,camera_2,removed,34
2162,10810,360.333,camera_2,removed,43
2162,10810,360.333,camera_3,removed,69
2163,10815,360.5,camera_5,lost_track,14
2164,10820,360.667,camera_2,lost_track,42
2166,10830,361.0,camera_1,removed,102
2166,10830,361.0,camera_2,removed,44
2167,10835,361.167,camera_1,new_track,104
2167,10835,361.167,camera_5,reacquired,14
2168,10840,361.333,camera_5,lost_track,14
2172,10860,362.0,camera_2,new_track,46
2175,10875,362.5,camera_1,lost_track,101
2176,10880,362.667,camera_1,reacquired,101
2176,10880,362.667,camera_1,lost_track,104
2176,10880,362.667,camera_2,new_track,47
2176,10880,362.667,camera_2,removed,45
2176,10880,362.667,camera_5,new_track,15
2176,10880,362.667,camera_5,removed,13
2177,10885,362.833,camera_5,removed,11
2179,10895,363.167,camera_3,lost_track,70
2180,10900,363.333,camera_3,reacquired,70
2180,10900,363.333,camera_4,removed,5
2181,10905,363.5,camera_3,new_track,71
2181,10905,363.5,camera_5,lost_track,15
2182,10910,363.667,camera_3,lost_track,70
2184,10920,364.0,camera_3,reacquired,70
2185,10925,364.167,camera_3,lost_track,71
2185,10925,364.167,camera_3,removed,67
2187,10935,364.5,camera_1,lost_track,101
2191,10955,365.167,camera_2,new_track,48
2191,10955,365.167,camera_2,new_track,49
2193,10965,365.5,camera_5,lost_track,12
2194,10970,365.667,camera_2,removed,42
2198,10990,366.333,camera_5,removed,14
2199,10995,366.5,camera_1,new_track,105
2199,10995,366.5,camera_5,new_track,16
2200,11000,366.667,camera_1,lost_track,103
2201,11005,366.833,camera_2,lost_track,48
2204,11020,367.333,camera_4,new_track,6
2206,11030,367.667,camera_1,removed,104
2208,11040,368.0,camera_3,lost_track,70
2209,11045,368.167,camera_3,new_track,72
2209,11045,368.167,camera_3,reacquired,70
2210,11050,368.333,camera_4,lost_track,6
2211,11055,368.5,camera_5,removed,15
2213,11065,368.833,camera_5,new_track,17
2215,11075,369.167,camera_3,removed,71
2216,11080,369.333,camera_1,new_track,106
2217,11085,369.5,camera_1,removed,101
2219,11095,369.833,camera_2,new_track,50
2220,11100,370.0,camera_5,new_track,18
2222,11110,370.333,camera_3,lost_track,72
2223,11115,370.5,camera_3,reacquired,72
2223,11115,370.5,camera_5,removed,12
2224,11120,370.667,camera_2,lost_track,49
2225,11125,370.833,camera_5,lost_track,17
2226,11130,371.0,camera_2,reacquired,49
2226,11130,371.0,camera_5,new_track,19
2227,11135,371.167,camera_3,lost_track,70
2228,11140,371.333,camera_2,lost_track,49
2228,11140,371.333,camera_3,reacquired,70
2229,11145,371.5,camera_1,lost_track,105
2229,11145,371.5,camera_2,reacquired,49
2229,11145,371.5,camera_5,new_track,20
2230,11150,371.667,camera_1,lost_track,106
2230,11150,371.667,camera_1,removed,103
2231,11155,371.833,camera_2,removed,48
2232,11160,372.0,camera_3,lost_track,70
2233,11165,372.167,camera_2,lost_track,50
2233,11165,372.167,camera_5,lost_track,19
2234,11170,372.333,camera_5,reacquired,19
2235,11175,372.5,camera_5,new_track,21
2237,11185,372.833,camera_1,reacquired,106
2237,11185,372.833,camera_5,reacquired,17
2237,11185,372.833,camera_5,lost_track,18
2238,11190,373.0,camera_5,reacquired,18
2240,11200,373.333,camera_4,new_track,7
2240,11200,373.333,camera_4,removed,6
2243,11215,373.833,camera_5,lost_track,20
2244,11220,374.0,camera_4,lost_track,7
2244,11220,374.0,camera_5,lost_track,17
2245,11225,374.167,camera_3,new_track,73
2245,11225,374.167,camera_5,reacquired,17
2246,11230,374.333,camera_2,new_track,51
2246,11230,374.333,camera_3,lost_track,16
2246,11230,374.333,camera_3,lost_track,72
2246,11230,374.333,camera_5,lost_track,19
2247,11235,374.5,camera_2,lost_track,47
2248,11240,374.667,camera_3,reacquired,72
2249,11245,374.833,camera_2,lost_track,51
2249,11245,374.833,camera_3,new_track,74
2249,11245,374.833,camera_3,lost_track,73
2250,11250,375.0,camera_2,lost_track,49
2252,11260,375.333,camera_2,reacquired,49
2253,11265,375.5,camera_2,reacquired,47
2253,11265,375.5,camera_5,new_track,22
2254,11270,375.667,camera_5,new_track,23
2255,11275,375.833,camera_1,lost_track,106
2255,11275,375.833,camera_5,new_track,24
2256,11280,376.0,camera_2,lost_track,8
2256,11280,376.0,camera_5,new_track,25
2256,11280,376.0,camera_5,lost_track,24
2257,11285,376.167,camera_2,lost_track,47
2258,11290,376.333,camera_2,lost_track,46
2258,11290,376.333,camera_2,lost_track,49
2259,11295,376.5,camera_1,removed,105
2259,11295,376.5,camera_5,lost_track,16
2260,11300,376.667,camera_2,reacquired,47
2262,11310,377.0,camera_2,reacquired,46
2262,11310,377.0,camera_3,removed,70
2263,11315,377.167,camera_2,removed,50
2263,11315,377.167,camera_3,lost_track,74
2264,11320,377.333,camera_2,new_track,52
2264,11320,377.333,camera_4,new_track,8
2266,11330,377.667,camera_5,lost_track,22
2266,11330,377.667,camera_6,new_track,10
2267,11335,377.833,camera_5,lost_track,23
2270,11350,378.333,camera_4,new_track,9
2270,11350,378.333,camera_5,lost_track,21
2270,11350,378.333,camera_5,lost_track,25
2271,11355,378.5,camera_3,lost_track,72
2272,11360,378.667,camera_3,reacquired,72
2273,11365,378.833,camera_3,lost_track,72
2273,11365,378.833,camera_4,new_track,10
2273,11365,378.833,camera_5,removed,20
2274,11370,379.0,camera_2,lost_track,47
2274,11370,379.0,camera_2,lost_track,52
2274,11370,379.0,camera_4,removed,7
2275,11375,379.167,camera_2,reacquired,47
2275,11375,379.167,camera_2,lost_track,46
2275,11375,379.167,camera_6,new_track,11
2276,11380,379.333,camera_3,removed,16
2276,11380,379.333,camera_4,lost_track,10
2276,11380,379.333,camera_5,removed,19
2277,11385,379.5,camera_2,reacquired,52
2277,11385,379.5,camera_6,new_track,12
2278,11390,379.667,camera_2,new_track,53
2278,11390,379.667,camera_5,new_track,26
2279,11395,379.833,camera_2,removed,51
2279,11395,379.833,camera_3,removed,73
2280,11400,380.0,camera_1,new_track,107
2280,11400,380.0,camera_6,lost_track,12
2280,11400,380.0,camera_7,new_track,5
2281,11405,380.167,camera_1,lost_track,107
2281,11405,380.167,camera_2,lost_track,47
2281,11405,380.167,camera_2,lost_track,53
2281,11405,380.167,camera_6,lost_track,10
2282,11410,380.333,camera_2,reacquired,47
2282,11410,380.333,camera_4,lost_track,8
2282,11410,380.333,camera_5,reacquired,24
2283,11415,380.5,camera_2,reacquired,46
2283,11415,380.5,camera_5,lost_track,18
2284,11420,380.667,camera_5,new_track,27
2285,11425,380.833,camera_1,removed,106
2286,11430,381.0,camera_2,removed,8
2286,11430,381.0,camera_5,reacquired,18
2287,11435,381.167,camera_4,lost_track,9
2288,11440,381.333,camera_2,removed,49
2288,11440,381.333,camera_6,new_track,13
2289,11445,381.5,camera_5,removed,16
2290,11450,381.667,camera_2,new_track,54
2290,11450,381.667,camera_5,lost_track,17
2291,11455,381.833,camera_1,new_track,108
2292,11460,382.0,camera_6,lost_track,11
2292,11460,382.0,camera_6,lost_track,13
2292,11460,382.0,camera_7,new_track,6
2293,11465,382.167,camera_3,removed,74
2293,11465,382.167,camera_5,new_track,28
2293,11465,382.167,camera_5,lost_track,18
2293,11465,382.167,camera_5,lost_track,24
2294,11470,382.333,camera_5,lost_track,27
2295,11475,382.5,camera_2,lost_track,47
2295,11475,382.5,camera_2,lost_track,52
2295,11475,382.5,camera_5,lost_track,28
2296,11480,382.667,camera_5,removed,22
2297,11485,382.833,camera_5,removed,23
2298,11490,383.0,camera_5,new_track,29
2298,11490,383.0,camera_6,new_track,14
2299,11495,383.167,camera_2,reacquired,47
2299,11495,383.167,camera_2,reacquired,52
2300,11500,383.333,camera_5,removed,21
2300,11500,383.333,camera_5,removed,25
2301,11505,383.5,camera_3,new_track,75
2302,11510,383.667,camera_1,lost_track,108
2302,11510,383.667,camera_2,lost_track,47
2302,11510,383.667,camera_2,lost_track,52
2303,11515,383.833,camera_3,removed,72
2304,11520,384.0,camera_2,reacquired,47
2305,11525,384.167,camera_2,reacquired,52
2305,11525,384.167,camera_2,lost_track,54
2306,11530,384.333,camera_4,removed,10
2306,11530,384.333,camera_5,new_track,30
2308,11540,384.667,camera_2,lost_track,47
2309,11545,384.833,camera_2,reacquired,47
2309,11545,384.833,camera_4,new_track,11
2309,11545,384.833,camera_6,new_track,15
2310,11550,385.0,camera_3,lost_track,75
2310,11550,385.0,camera_6,removed,12
2311,11555,385.167,camera_1,removed,107
2311,11555,385.167,camera_2,removed,53
2311,11555,385.167,camera_6,removed,10
2311,11555,385.167,camera_7,new_track,7
2312,11560,385.333,camera_4,removed,8
2312,11560,385.333,camera_6,lost_track,15
2315,11575,385.833,camera_6,lost_track,14
2315,11575,385.833,camera_7,new_track,8
2315,11575,385.833,camera_7,lost_track,6
2316,11580,386.0,camera_2,lost_track,47
2316,11580,386.0,camera_2,lost_track,52
2317,11585,386.167,camera_4,removed,9
2317,11585,386.167,camera_5,lost_track,29
2320,11600,386.667,camera_5,removed,17
2321,11605,386.833,camera_4,new_track,12
2322,11610,387.0,camera_6,removed,11
2322,11610,387.0,camera_6,removed,13
2323,11615,387.167,camera_5,removed,18
2323,11615,387.167,camera_5,removed,24
2324,11620,387.333,camera_2,reacquired,47
2324,11620,387.333,camera_2,reacquired,52
2324,11620,387.333,camera_4,lost_track,12
2324,11620,387.333,camera_5,removed,27
2325,11625,387.5,camera_2,lost_track,46
2325,11625,387.5,camera_2,lost_track,47
2325,11625,387.5,camera_2,lost_track,52
2325,11625,387.5,camera_5,reacquired,28
2325,11625,387.5,camera_5,lost_track,30
2326,11630,387.667,camera_1,new_track,109
2326,11630,387.667,camera_2,new_track,55
2326,11630,387.667,camera_2,reacquired,46
2326,11630,387.667,camera_2,reacquired,47
2326,11630,387.667,camera_2,reacquired,52
2327,11635,387.833,camera_4,lost_track,11
2327,11635,387.833,camera_5,reacquired,30
2328,11640,388.0,camera_1,lost_track,109
2328,11640,388.0,camera_2,lost_track,47
2328,11640,388.0,camera_2,lost_track,55
2328,11640,388.0,camera_5,lost_track,30
2329,11645,388.167,camera_5,reacquired,30
2330,11650,388.333,camera_2,reacquired,47
2331,11655,388.5,camera_2,lost_track,47
2332,11660,388.667,camera_1,removed,108
2332,11660,388.667,camera_2,lost_track,52
2333,11665,388.833,camera_5,lost_track,30
2335,11675,389.167,camera_2,removed,54
2335,11675,389.167,camera_6,new_track,16
2336,11680,389.333,camera_5,lost_track,26
2336,11680,389.333,camera_6,new_track,17
2336,11680,389.333,camera_7,lost_track,8
2340,11700,390.0,camera_3,removed,75
2341,11705,390.167,camera_6,lost_track,17
2342,11710,390.333,camera_6,removed,15
2343,11715,390.5,camera_6,new_track,18
2345,11725,390.833,camera_6,removed,14
2345,11725,390.833,camera_7,removed,6
2347,11735,391.167,camera_5,new_track,31
2347,11735,391.167,camera_5,removed,29
2351,11755,391.833,camera_6,lost_track,16
2353,11765,392.167,camera_2,new_track,56
2354,11770,392.333,camera_4,removed,12
2357,11785,392.833,camera_4,removed,11
2358,11790,393.0,camera_1,removed,109
2358,11790,393.0,camera_2,removed,55
2358,11790,393.0,camera_5,new_track,32
2358,11790,393.0,camera_6,new_track,19
2360,11800,393.333,camera_7,new_track,9
2361,11805,393.5,camera_2,removed,47
2361,11805,393.5,camera_6,lost_track,19
2362,11810,393.667,camera_2,removed,52
2362,11810,393.667,camera_6,lost_track,18
2363,11815,393.833,camera_5,removed,30
2364,11820,394.0,camera_7,lost_track,9
2365,11825,394.167,camera_5,lost_track,28
2365,11825,394.167,camera_5,lost_track,31
2365,11825,394.167,camera_7,new_track,10
2366,11830,394.333,camera_1,new_track,110
2366,11830,394.333,camera_2,new_track,57
2366,11830,394.333,camera_5,removed,26
2366,11830,394.333,camera_7,removed,8
2368,11840,394.667,camera_1,lost_track,110
2369,11845,394.833,camera_2,lost_track,57
2370,11850,395.0,camera_4,new_track,13
2371,11855,395.167,camera_6,removed,17
2371,11855,395.167,camera_7,lost_track,7
2372,11860,395.333,camera_7,reacquired,7
2374,11870,395.667,camera_4,lost_track,13
2374,11870,395.667,camera_5,new_track,33
2378,11890,396.333,camera_5,new_track,34
2380,11900,396.667,camera_5,new_track,35
2381,11905,396.833,camera_6,removed,16
2383,11915,397.167,camera_2,lost_track,56
2388,11940,398.0,camera_7,lost_track,5
2390,11950,398.333,camera_5,new_track,36
2391,11955,398.5,camera_6,removed,19
2392,11960,398.667,camera_6,removed,18
2393,11965,398.833,camera_7,new_track,11
2394,11970,399.0,camera_4,new_track,14
2394,11970,399.0,camera_7,removed,9
2395,11975,399.167,camera_5,new_track,37
2395,11975,399.167,camera_5,removed,28
2395,11975,399.167,camera_5,removed,31
2396,11980,399.333,camera_5,lost_track,34
2398,11990,399.667,camera_1,removed,110
2398,11990,399.667,camera_4,lost_track,14
2399,11995,399.833,camera_2,removed,57
2400,12000,400.0,camera_2,new_track,58
2400,12000,400.0,camera_5,lost_track,33
2401,12005,400.167,camera_6,new_track,20
2402,12010,400.333,camera_1,new_track,111
2403,12015,400.5,camera_6,new_track,21
2404,12020,400.667,camera_2,lost_track,58
2404,12020,400.667,camera_4,removed,13
2405,12025,400.833,camera_1,lost_track,111
2405,12025,400.833,camera_5,lost_track,36
2407,12035,401.167,camera_6,new_track,22
2407,12035,401.167,camera_7,lost_track,7
2409,12045,401.5,camera_7,lost_track,10
2411,12055,401.833,camera_1,new_track,112
2411,12055,401.833,camera_2,new_track,59
2411,12055,401.833,camera_5,reacquired,33
2412,12060,402.0,camera_2,reacquired,56
2413,12065,402.167,camera_5,lost_track,32
2413,12065,402.167,camera_7,lost_track,11
2414,12070,402.333,camera_6,new_track,23
2418,12090,403.0,camera_4,new_track,15
2418,12090,403.0,camera_7,removed,5
2419,12095,403.167,camera_3,new_track,76
2421,12105,403.5,camera_5,lost_track,33
2421,12105,403.5,camera_5,lost_track,35
2424,12120,404.0,camera_6,lost_track,21
2425,12125,404.167,camera_6,reacquired,21
2426,12130,404.333,camera_5,removed,34
2426,12130,404.333,camera_6,lost_track,22
2427,12135,404.5,camera_2,lost_track,56
2428,12140,404.667,camera_4,removed,14
2428,12140,404.667,camera_6,lost_track,21
2430,12150,405.0,camera_1,lost_track,112
2431,12155,405.167,camera_2,reacquired,56
2431,12155,405.167,camera_6,lost_track,20
2432,12160,405.333,camera_2,new_track,60
2432,12160,405.333,camera_3,new_track,77
2432,12160,405.333,camera_6,lost_track,23
2433,12165,405.5,camera_1,reacquired,112
2433,12165,405.5,camera_4,lost_track,15
2434,12170,405.667,camera_2,lost_track,60
2434,12170,405.667,camera_2,removed,58
2435,12175,405.833,camera_1,removed,111
2435,12175,405.833,camera_5,removed,36
2436,12180,406.0,camera_5,new_track,38
2437,12185,406.167,camera_2,reacquired,60
2437,12185,406.167,camera_7,removed,7
2439,12195,406.5,camera_7,removed,10
2441,12205,406.833,camera_4,reacquired,15
2442,12210,407.0,camera_2,lost_track,56
2442,12210,407.0,camera_5,new_track,39
2443,12215,407.167,camera_2,reacquired,56
2443,12215,407.167,camera_5,removed,32
2443,12215,407.167,camera_7,removed,11
2444,12220,407.333,camera_3,lost_track,77
2444,12220,407.333,camera_5,new_track,40
2449,12245,408.167,camera_1,lost_track,112
2451,12255,408.5,camera_2,lost_track,60
2451,12255,408.5,camera_5,removed,33
2451,12255,408.5,camera_5,removed,35
2452,12260,408.667,camera_2,reacquired,60
2453,12265,408.833,camera_1,new_track,113
2453,12265,408.833,camera_2,new_track,61
2453,12265,408.833,camera_2,lost_track,59
2455,12275,409.167,camera_4,new_track,16
2455,12275,409.167,camera_5,new_track,41
2456,12280,409.333,camera_6,removed,22
2457,12285,409.5,camera_1,lost_track,113
2457,12285,409.5,camera_3,lost_track,76
2458,12290,409.667,camera_6,removed,21
2459,12295,409.833,camera_2,new_track,62
2459,12295,409.833,camera_2,lost_track,61
2459,12295,409.833,camera_4,lost_track,16
2460,12300,410.0,camera_4,reacquired,16
2461,12305,410.167,camera_5,lost_track,39
2461,12305,410.167,camera_6,removed,20
2462,12310,410.333,camera_5,new_track,42
2462,12310,410.333,camera_5,reacquired,39
2462,12310,410.333,camera_6,removed,23
2463,12315,410.5,camera_1,new_track,114
2463,12315,410.5,camera_5,lost_track,41
2465,12325,410.833,camera_5,lost_track,38
2466,12330,411.0,camera_2,new_track,63
2466,12330,411.0,camera_5,reacquired,41
2466,12330,411.0,camera_5,lost_track,39
2467,12335,411.167,camera_5,lost_track,42
2468,12340,411.333,camera_5,lost_track,37
2468,12340,411.333,camera_5,lost_track,41
2469,12345,411.5,camera_3,new_track,78
2471,12355,411.833,camera_1,new_track,115
2471,12355,411.833,camera_2,new_track,64
2472,12360,412.0,camera_5,reacquired,39
2474,12370,412.333,camera_1,new_track,116
2474,12370,412.333,camera_3,removed,77
2474,12370,412.333,camera_5,reacquired,41
2474,12370,412.333,camera_5,lost_track,40
2475,12375,412.5,camera_5,lost_track,39
2477,12385,412.833,camera_3,new_track,79
2477,12385,412.833,camera_5,lost_track,41
2478,12390,413.0,camera_1,new_track,117
2478,12390,413.0,camera_4,lost_track,16
2479,12395,413.167,camera_1,removed,112
2479,12395,413.167,camera_3,new_track,80
2480,12400,413.333,camera_2,lost_track,46
2482,12410,413.667,camera_1,lost_track,117
2482,12410,413.667,camera_3,new_track,81
2483,12415,413.833,camera_2,removed,59
2484,12420,414.0,camera_1,reacquired,117
2484,12420,414.0,camera_2,new_track,65
2484,12420,414.0,camera_2,reacquired,46
2487,12435,414.5,camera_1,lost_track,115
2487,12435,414.5,camera_1,removed,113
2487,12435,414.5,camera_3,new_track,82
2487,12435,414.5,camera_3,lost_track,80
2487,12435,414.5,camera_3,removed,76
2488,12440,414.667,camera_1,reacquired,115
2488,12440,414.667,camera_1,lost_track,117
2488,12440,414.667,camera_2,lost_track,63
2488,12440,414.667,camera_3,reacquired,80
2489,12445,414.833,camera_2,removed,61
2489,12445,414.833,camera_3,lost_track,79
2489,12445,414.833,camera_3,lost_track,80
2490,12450,415.0,camera_2,lost_track,56
2490,12450,415.0,camera_3,reacquired,80
2492,12460,415.333,camera_2,reacquired,56
2492,12460,415.333,camera_2,lost_track,64
2492,12460,415.333,camera_4,reacquired,16
2493,12465,415.5,camera_2,reacquired,64
2493,12465,415.5,camera_2,lost_track,65
2495,12475,415.833,camera_1,reacquired,117
2495,12475,415.833,camera_2,reacquired,63
2495,12475,415.833,camera_5,removed,38
2496,12480,416.0,camera_1,new_track,118
2496,12480,416.0,camera_3,lost_track,81
2497,12485,416.167,camera_1,lost_track,116
2497,12485,416.167,camera_5,removed,42
2498,12490,416.333,camera_2,lost_track,64
2498,12490,416.333,camera_5,removed,37
2499,12495,416.5,camera_2,reacquired,64
2499,12495,416.5,camera_2,lost_track,56
2499,12495,416.5,camera_2,lost_track,63
2501,12505,416.833,camera_2,reacquired,56
2504,12520,417.333,camera_1,lost_track,115
2504,12520,417.333,camera_2,lost_track,60
2504,12520,417.333,camera_5,removed,40
2505,12525,417.5,camera_2,reacquired,60
2505,12525,417.5,camera_4,lost_track,15
2505,12525,417.5,camera_5,removed,39
2507,12535,417.833,camera_2,lost_track,60
2507,12535,417.833,camera_2,lost_track,62
2507,12535,417.833,camera_5,removed,41
2508,12540,418.0,camera_1,lost_track,118
2508,12540,418.0,camera_3,new_track,83
2509,12545,418.167,camera_2,reacquired,60
2509,12545,418.167,camera_3,lost_track,83
2510,12550,418.333,camera_2,lost_track,56
2511,12555,418.5,camera_2,reacquired,56
2512,12560,418.667,camera_2,lost_track,56
2513,12565,418.833,camera_2,new_track,66
2513,12565,418.833,camera_4,new_track,17
2513,12565,418.833,camera_4,lost_track,16
2515,12575,419.167,camera_1,lost_track,114
2515,12575,419.167,camera_2,lost_track,64
2516,12580,419.333,camera_2,new_track,67
2516,12580,419.333,camera_3,lost_track,78
2519,12595,419.833,camera_2,lost_track,67
2519,12595,419.833,camera_3,removed,79
2520,12600,420.0,camera_4,new_track,18
2523,12615,420.5,camera_2,removed,65
2523,12615,420.5,camera_3,lost_track,82
2523,12615,420.5,camera_4,new_track,19
2526,12630,421.0,camera_3,removed,81
2527,12635,421.167,camera_1,removed,116
2527,12635,421.167,camera_3,lost_track,80
2529,12645,421.5,camera_2,removed,63
2530,12650,421.667,camera_2,lost_track,60
2531,12655,421.833,camera_4,lost_track,17
2533,12665,422.167,camera_4,new_track,20
2533,12665,422.167,camera_5,new_track,43
2534,12670,422.333,camera_1,lost_track,117
2534,12670,422.333,camera_1,removed,115
2534,12670,422.333,camera_2,lost_track,66
2535,12675,422.5,camera_2,reacquired,60
2535,12675,422.5,camera_4,removed,15
2537,12685,422.833,camera_2,removed,62
2538,12690,423.0,camera_1,removed,118
2538,12690,423.0,camera_2,lost_track,46
2539,12695,423.167,camera_3,removed,83
2542,12710,423.667,camera_2,removed,56
2543,12715,423.833,camera_4,lost_track,20
2543,12715,423.833,camera_4,removed,16
2543,12715,423.833,camera_5,lost_track,43
2545,12725,424.167,camera_1,removed,114
2545,12725,424.167,camera_2,removed,64
2546,12730,424.333,camera_3,removed,78
2547,12735,424.5,camera_2,reacquired,46
2549,12745,424.833,camera_2,removed,67
2550,12750,425.0,camera_2,lost_track,60
2550,12750,425.0,camera_6,new_track,24
2552,12760,425.333,camera_2,reacquired,60
2552,12760,425.333,camera_3,new_track,84
2552,12760,425.333,camera_4,lost_track,18
2553,12765,425.5,camera_2,lost_track,46
2553,12765,425.5,camera_3,removed,82
2554,12770,425.667,camera_2,new_track,68
2555,12775,425.833,camera_2,reacquired,46
2557,12785,426.167,camera_3,removed,80
2558,12790,426.333,camera_1,new_track,119
2559,12795,426.5,camera_2,lost_track,46
2561,12805,426.833,camera_4,removed,17
2562,12810,427.0,camera_6,new_track,25
2564,12820,427.333,camera_1,removed,117
2564,12820,427.333,camera_2,reacquired,46
2564,12820,427.333,camera_2,removed,66
2565,12825,427.5,camera_4,reacquired,20
2565,12825,427.5,camera_7,new_track,12
2566,12830,427.667,camera_6,lost_track,25
2567,12835,427.833,camera_2,new_track,69
2567,12835,427.833,camera_3,lost_track,84
2567,12835,427.833,camera_6,lost_track,24
2570,12850,428.333,camera_1,new_track,120
2571,12855,428.5,camera_1,lost_track,120
2573,12865,428.833,camera_5,removed,43
2580,12900,430.0,camera_5,new_track,44
2582,12910,430.333,camera_4,removed,18
2583,12915,430.5,camera_5,new_track,45
2585,12925,430.833,camera_4,new_track,21
2585,12925,430.833,camera_5,new_track,46
2586,12930,431.0,camera_1,lost_track,119
2586,12930,431.0,camera_4,lost_track,19
2588,12940,431.333,camera_2,lost_track,60
2589,12945,431.5,camera_2,lost_track,68
2590,12950,431.667,camera_4,new_track,22
2590,12950,431.667,camera_7,lost_track,12
2592,12960,432.0,camera_2,lost_track,46
2592,12960,432.0,camera_2,lost_track,69
2592,12960,432.0,camera_5,new_track,47
2593,12965,432.167,camera_4,lost_track,22
2593,12965,432.167,camera_7,reacquired,12
2594,12970,432.333,camera_4,new_track,23
2595,12975,432.5,camera_4,lost_track,23
2596,12980,432.667,camera_6,removed,25
2597,12985,432.833,camera_3,removed,84
2597,12985,432.833,camera_6,removed,24
2599,12995,433.167,camera_5,lost_track,45
2600,13000,433.333,camera_5,new_track,48
2601,13005,433.5,camera_1,removed,120
2601,13005,433.5,camera_4,lost_track,20
2601,13005,433.5,camera_5,new_track,49
2602,13010,433.667,camera_5,new_track,50
2603,13015,433.833,camera_2,reacquired,60
2603,13015,433.833,camera_5,lost_track,46
2605,13025,434.167,camera_2,new_track,70
2605,13025,434.167,camera_4,lost_track,21
2605,13025,434.167,camera_5,lost_track,47
2609,13045,434.833,camera_2,reacquired,46
2609,13045,434.833,camera_5,lost_track,50
2613,13065,435.5,camera_5,new_track,51
2615,13075,435.833,camera_6,new_track,26
2616,13080,436.0,camera_1,removed,119
2616,13080,436.0,camera_2,lost_track,70
2616,13080,436.0,camera_4,removed,19
2616,13080,436.0,camera_6,new_track,27
2617,13085,436.167,camera_2,lost_track,46
2617,13085,436.167,camera_7,lost_track,12
2618,13090,436.333,camera_5,reacquired,50
2618,13090,436.333,camera_5,lost_track,51
2619,13095,436.5,camera_2,removed,68
2621,13105,436.833,camera_2,reacquired,46
2621,13105,436.833,camera_2,reacquired,70
2621,13105,436.833,camera_5,lost_track,50
2622,13110,437.0,camera_2,removed,69
2622,13110,437.0,camera_5,reacquired,50
2622,13110,437.0,camera_6,lost_track,27
2623,13115,437.167,camera_4,removed,22
2625,13125,437.5,camera_4,removed,23
2626,13130,437.667,camera_5,lost_track,49
2627,13135,437.833,camera_2,lost_track,70
2628,13140,438.0,camera_5,lost_track,50
2629,13145,438.167,camera_5,removed,45
2630,13150,438.333,camera_2,reacquired,70
2631,13155,438.5,camera_4,removed,20
2632,13160,438.667,camera_5,new_track,52
2633,13165,438.833,camera_5,removed,46
2633,13165,438.833,camera_6,lost_track,26
2634,13170,439.0,camera_5,new_track,53
2635,13175,439.167,camera_4,removed,21
2635,13175,439.167,camera_5,removed,47
2639,13195,439.833,camera_2,lost_track,70
2640,13200,440.0,camera_5,new_track,54
2645,13225,440.833,camera_5,lost_track,52
2647,13235,441.167,camera_2,reacquired,70
2647,13235,441.167,camera_7,removed,12
2648,13240,441.333,camera_5,reacquired,52
2648,13240,441.333,camera_5,removed,51
2649,13245,441.5,camera_1,new_track,121
2649,13245,441.5,camera_5,lost_track,48
2650,13250,441.667,camera_2,new_track,71
2652,13260,442.0,camera_6,removed,27
2654,13270,442.333,camera_5,lost_track,53
2655,13275,442.5,camera_5,new_track,55
2656,13280,442.667,camera_5,lost_track,44
2656,13280,442.667,camera_5,removed,49
2657,13285,442.833,camera_2,lost_track,46
2658,13290,443.0,camera_1,lost_track,121
2658,13290,443.0,camera_2,lost_track,70
2658,13290,443.0,camera_2,lost_track,71
2658,13290,443.0,camera_5,removed,50
2659,13295,443.167,camera_2,reacquired,70
2660,13300,443.333,camera_4,new_track,24
2662,13310,443.667,camera_4,lost_track,24
2663,13315,443.833,camera_2,lost_track,70
2663,13315,443.833,camera_5,new_track,56
2663,13315,443.833,camera_5,lost_track,52
2663,13315,443.833,camera_6,removed,26
2666,13330,444.333,camera_2,reacquired,46
2667,13335,444.5,camera_5,new_track,57
2667,13335,444.5,camera_5,reacquired,52
2669,13345,444.833,camera_2,reacquired,70
2671,13355,445.167,camera_2,lost_track,70
2671,13355,445.167,camera_5,lost_track,57
2672,13360,445.333,camera_2,lost_track,60
2676,13380,446.0,camera_5,lost_track,55
2679,13395,446.5,camera_5,removed,48
2682,13410,447.0,camera_2,reacquired,60
2683,13415,447.167,camera_5,new_track,58
2684,13420,447.333,camera_2,reacquired,70
2684,13420,447.333,camera_5,new_track,59
2684,13420,447.333,camera_5,removed,53
2686,13430,447.667,camera_5,removed,44
2688,13440,448.0,camera_1,removed,121
2688,13440,448.0,camera_2,removed,71
2688,13440,448.0,camera_5,new_track,60
2692,13460,448.667,camera_4,removed,24
2693,13465,448.833,camera_2,lost_track,70
2694,13470,449.0,camera_2,reacquired,70
2696,13480,449.333,camera_5,new_track,61
2697,13485,449.5,camera_5,lost_track,58
2700,13500,450.0,camera_2,lost_track,70
2700,13500,450.0,camera_5,lost_track,60
2701,13505,450.167,camera_2,reacquired,70
2701,13505,450.167,camera_5,removed,57
2706,13530,451.0,camera_5,lost_track,61
2706,13530,451.0,camera_5,removed,55
2708,13540,451.333,camera_5,lost_track,56
2709,13545,451.5,camera_5,reacquired,61
2712,13560,452.0,camera_2,lost_track,70
2713,13565,452.167,camera_5,new_track,62
2714,13570,452.333,camera_5,new_track,63
2716,13580,452.667,camera_2,reacquired,70
2716,13580,452.667,camera_5,new_track,64
2717,13585,452.833,camera_5,lost_track,62
2721,13605,453.5,camera_5,new_track,65
2721,13605,453.5,camera_5,reacquired,62
2721,13605,453.5,camera_5,lost_track,52
2723,13615,453.833,camera_5,lost_track,62
2723,13615,453.833,camera_5,lost_track,65
2727,13635,454.5,camera_5,new_track,66
2727,13635,454.5,camera_5,removed,58
2729,13645,454.833,camera_4,new_track,25
2730,13650,455.0,camera_5,removed,60
2732,13660,455.333,camera_4,lost_track,25
2732,13660,455.333,camera_5,lost_track,64
2733,13665,455.5,camera_2,new_track,72
2733,13665,455.5,camera_5,reacquired,64
2734,13670,455.667,camera_1,new_track,122
2736,13680,456.0,camera_1,lost_track,122
2736,13680,456.0,camera_2,lost_track,72
2736,13680,456.0,camera_5,lost_track,59
2737,13685,456.167,camera_5,lost_track,64
2738,13690,456.333,camera_5,new_track,67
2738,13690,456.333,camera_5,removed,56
2739,13695,456.5,camera_5,lost_track,67
2740,13700,456.667,camera_4,new_track,26
2740,13700,456.667,camera_5,reacquired,59
2740,13700,456.667,camera_5,reacquired,64
2742,13710,457.0,camera_5,reacquired,67
2742,13710,457.0,camera_5,lost_track,54
2742,13710,457.0,camera_5,lost_track,59
2742,13710,457.0,camera_5,lost_track,61
2743,13715,457.167,camera_5,reacquired,61
2746,13730,457.667,camera_5,lost_track,63
2747,13735,457.833,camera_2,lost_track,70
2749,13745,458.167,camera_2,reacquired,70
2750,13750,458.333,camera_4,new_track,27
2751,13755,458.5,camera_5,removed,52
2751,13755,458.5,camera_6,new_track,28
2752,13760,458.667,camera_2,new_track,73
2752,13760,458.667,camera_4,lost_track,27
2753,13765,458.833,camera_5,removed,62
2753,13765,458.833,camera_5,removed,65
2755,13775,459.167,camera_1,reacquired,122
2755,13775,459.167,camera_2,lost_track,70
2755,13775,459.167,camera_3,new_track,85
2756,13780,459.333,camera_2,reacquired,70
2757,13785,459.5,camera_1,lost_track,122
2757,13785,459.5,camera_2,lost_track,70
2757,13785,459.5,camera_2,lost_track,73
2757,13785,459.5,camera_4,lost_track,26
2757,13785,459.5,camera_5,lost_track,67
2758,13790,459.667,camera_5,lost_track,66
2760,13800,460.0,camera_2,new_track,74
2761,13805,460.167,camera_2,reacquired,70
2762,13810,460.333,camera_4,removed,25
2763,13815,460.5,camera_1,reacquired,122
2763,13815,460.5,camera_5,lost_track,61
2763,13815,460.5,camera_5,lost_track,64
2763,13815,460.5,camera_6,new_track,29
2766,13830,461.0,camera_2,removed,72
2766,13830,461.0,camera_6,lost_track,28
2766,13830,461.0,camera_6,lost_track,29
2766,13830,461.0,camera_7,new_track,13
2768,13840,461.333,camera_2,lost_track,46
2770,13850,461.667,camera_6,new_track,30
2772,13860,462.0,camera_5,removed,54
2772,13860,462.0,camera_5,removed,59
2773,13865,462.167,camera_6,new_track,31
2774,13870,462.333,camera_2,lost_track,60
2774,13870,462.333,camera_2,lost_track,70
2776,13880,462.667,camera_5,removed,63
2780,13900,463.333,camera_6,new_track,32
2782,13910,463.667,camera_4,removed,27
2787,13935,464.5,camera_2,removed,73
2787,13935,464.5,camera_4,removed,26
2787,13935,464.5,camera_5,removed,67
2787,13935,464.5,camera_7,new_track,14
2788,13940,464.667,camera_5,removed,66
2789,13945,464.833,camera_6,lost_track,31
2790,13950,465.0,camera_7,new_track,15
2790,13950,465.0,camera_7,lost_track,13
2791,13955,465.167,camera_6,lost_track,32
2792,13960,465.333,camera_3,lost_track,85
2792,13960,465.333,camera_7,reacquired,13
2793,13965,465.5,camera_5,removed,61
2793,13965,465.5,camera_5,removed,64
2793,13965,465.5,camera_6,lost_track,30
2796,13980,466.0,camera_5,new_track,68
2796,13980,466.0,camera_6,removed,28
2796,13980,466.0,camera_6,removed,29
2797,13985,466.167,camera_2,lost_track,74
2798,13990,466.333,camera_2,removed,46
2799,13995,466.5,camera_1,lost_track,122
2801,14005,466.833,camera_7,lost_track,14
2803,14015,467.167,camera_7,new_track,16
2804,14020,467.333,camera_2,removed,60
2804,14020,467.333,camera_2,removed,70
2805,14025,467.5,camera_5,lost_track,68
2809,14045,468.167,camera_7,lost_track,16
2810,14050,468.333,camera_7,lost_track,13
2811,14055,468.5,camera_7,reacquired,14
2813,14065,468.833,camera_6,new_track,33
2813,14065,468.833,camera_7,lost_track,15
2815,14075,469.167,camera_7,lost_track,14
2819,14095,469.833,camera_6,removed,31
2821,14105,470.167,camera_6,removed,32
2822,14110,470.333,camera_3,removed,85
2822,14110,470.333,camera_6,new_track,34
2823,14115,470.5,camera_6,lost_track,34
2823,14115,470.5,camera_6,removed,30
2823,14115,470.5,camera_7,new_track,17
2824,14120,470.667,camera_6,lost_track,33
2824,14120,470.667,camera_7,lost_track,17
2825,14125,470.833,camera_7,new_track,18
2827,14135,471.167,camera_2,removed,74
2829,14145,471.5,camera_1,removed,122
2835,14175,472.5,camera_5,removed,68
2837,14185,472.833,camera_7,new_track,19
2839,14195,473.167,camera_7,removed,16
2840,14200,473.333,camera_7,removed,13
2842,14210,473.667,camera_7,lost_track,18
2843,14215,473.833,camera_7,removed,15
2845,14225,474.167,camera_7,removed,14
2853,14265,475.5,camera_6,removed,34
2854,14270,475.667,camera_6,removed,33
2854,14270,475.667,camera_7,removed,17
2870,14350,478.333,camera_7,new_track,20
2872,14360,478.667,camera_7,removed,18
2883,14415,480.5,camera_7,new_track,21
2884,14420,480.667,camera_7,lost_track,20
2885,14425,480.833,camera_7,new_track,22
2888,14440,481.333,camera_7,new_track,23
2888,14440,481.333,camera_7,new_track,24
2889,14445,481.5,camera_2,new_track,75
2889,14445,481.5,camera_7,lost_track,23
2894,14470,482.333,camera_7,reacquired,23
2897,14485,482.833,camera_6,new_track,35
2898,14490,483.0,camera_6,new_track,36
2899,14495,483.167,camera_2,lost_track,75
2899,14495,483.167,camera_7,lost_track,22
2900,14500,483.333,camera_7,lost_track,23
2903,14515,483.833,camera_6,lost_track,36
2910,14550,485.0,camera_7,lost_track,21
2912,14560,485.333,camera_7,new_track,25
2914,14570,485.667,camera_6,new_track,37
2914,14570,485.667,camera_7,lost_track,25
2914,14570,485.667,camera_7,removed,20
2915,14575,485.833,camera_2,new_track,76
2915,14575,485.833,camera_6,new_track,38
2917,14585,486.167,camera_6,lost_track,35
2917,14585,486.167,camera_6,lost_track,38
2919,14595,486.5,camera_2,lost_track,76
2923,14615,487.167,camera_2,new_track,77
2925,14625,487.5,camera_5,new_track,69
2927,14635,487.833,camera_6,lost_track,37
2929,14645,488.167,camera_2,removed,75
2929,14645,488.167,camera_7,removed,22
2930,14650,488.333,camera_7,removed,23
2933,14665,488.833,camera_6,removed,36
2935,14675,489.167,camera_1,new_track,123
2935,14675,489.167,camera_2,new_track,78
2935,14675,489.167,camera_5,new_track,70
2937,14685,489.5,camera_1,lost_track,123
2939,14695,489.833,camera_2,lost_track,78
2940,14700,490.0,camera_7,removed,21
2941,14705,490.167,camera_4,new_track,28
2943,14715,490.5,camera_1,reacquired,123
2943,14715,490.5,camera_2,reacquired,78
2944,14720,490.667,camera_5,lost_track,70
2944,14720,490.667,camera_7,removed,25
2945,14725,490.833,camera_5,new_track,71
2946,14730,491.0,camera_4,lost_track,28
2947,14735,491.167,camera_6,removed,35
2947,14735,491.167,camera_6,removed,38
2949,14745,491.5,camera_2,removed,76
2951,14755,491.833,camera_3,new_track,86
2955,14775,492.5,camera_1,lost_track,123
2955,14775,492.5,camera_4,new_track,29
2957,14785,492.833,camera_6,removed,37
2959,14795,493.167,camera_2,lost_track,78
2959,14795,493.167,camera_5,lost_track,71
2960,14800,493.333,camera_5,lost_track,69
2962,14810,493.667,camera_4,new_track,30
2963,14815,493.833,camera_3,lost_track,86
2964,14820,494.0,camera_2,lost_track,77
2964,14820,494.0,camera_7,lost_track,19
2965,14825,494.167,camera_7,new_track,26
2966,14830,494.333,camera_6,new_track,39
2966,14830,494.333,camera_7,lost_track,26
2967,14835,494.5,camera_6,new_track,40
2968,14840,494.667,camera_3,new_track,87
2969,14845,494.833,camera_4,lost_track,29
2969,14845,494.833,camera_6,lost_track,40
2972,14860,495.333,camera_2,reacquired,77
2973,14865,495.5,camera_2,new_track,79
2974,14870,495.667,camera_1,new_track,124
2974,14870,495.667,camera_2,lost_track,77
2974,14870,495.667,camera_5,removed,70
2976,14880,496.0,camera_4,removed,28
2978,14890,496.333,camera_6,lost_track,39
2979,14895,496.5,camera_2,reacquired,77
2979,14895,496.5,camera_3,new_track,88
2981,14905,496.833,camera_2,lost_track,79
2983,14915,497.167,camera_4,lost_track,30
2985,14925,497.5,camera_1,removed,123
2985,14925,497.5,camera_5,new_track,72
2986,14930,497.667,camera_2,new_track,80
2987,14935,497.833,camera_2,new_track,81
2989,14945,498.167,camera_1,new_track,125
2989,14945,498.167,camera_2,removed,78
2989,14945,498.167,camera_5,removed,71
2990,14950,498.333,camera_3,lost_track,87
2990,14950,498.333,camera_5,removed,69
2992,14960,498.667,camera_1,new_track,126
2992,14960,498.667,camera_2,new_track,82
2993,14965,498.833,camera_1,lost_track,126
2993,14965,498.833,camera_3,removed,86
2993,14965,498.833,camera_5,lost_track,72
2994,14970,499.0,camera_1,reacquired,126
2994,14970,499.0,camera_7,removed,19
2996,14980,499.333,camera_1,lost_track,125
2996,14980,499.333,camera_7,removed,26
2998,14990,499.667,camera_1,lost_track,124
2999,14995,499.833,camera_3,new_track,89
2999,14995,499.833,camera_4,removed,29
2999,14995,499.833,camera_6,removed,40
3006,15030,501.0,camera_2,lost_track,77
3007,15035,501.167,camera_3,new_track,90
3008,15040,501.333,camera_2,reacquired,77
3008,15040,501.333,camera_6,removed,39
3009,15045,501.5,camera_2,new_track,83
3009,15045,501.5,camera_2,lost_track,81
3010,15050,501.667,camera_2,reacquired,81
3011,15055,501.833,camera_2,lost_track,77
3011,15055,501.833,camera_2,lost_track,83
3011,15055,501.833,camera_2,removed,79
3011,15055,501.833,camera_3,lost_track,90
3012,15060,502.0,camera_2,reacquired,77
3013,15065,502.167,camera_2,reacquired,83
3013,15065,502.167,camera_4,removed,30
3014,15070,502.333,camera_2,lost_track,77
3014,15070,502.333,camera_2,lost_track,83
3016,15080,502.667,camera_1,new_track,127
3019,15095,503.167,camera_2,reacquired,77
3020,15100,503.333,camera_3,removed,87
3020,15100,503.333,camera_6,new_track,41
3021,15105,503.5,camera_7,lost_track,24
3022,15110,503.667,camera_6,new_track,42
3023,15115,503.833,camera_2,lost_track,82
3023,15115,503.833,camera_5,removed,72
3024,15120,504.0,camera_2,lost_track,81
3024,15120,504.0,camera_3,new_track,91
3025,15125,504.167,camera_2,new_track,84
3025,15125,504.167,camera_6,lost_track,42
3026,15130,504.333,camera_1,new_track,128
3026,15130,504.333,camera_1,removed,125
3028,15140,504.667,camera_1,removed,124
3028,15140,504.667,camera_2,reacquired,81
3028,15140,504.667,camera_2,lost_track,84
3029,15145,504.833,camera_2,reacquired,82
3031,15155,505.167,camera_1,lost_track,126
3031,15155,505.167,camera_3,lost_track,88
3032,15160,505.333,camera_1,new_track,129
3032,15160,505.333,camera_1,lost_track,128
3032,15160,505.333,camera_2,lost_track,77
3034,15170,505.667,camera_1,new_track,130
3034,15170,505.667,camera_6,lost_track,41
3037,15185,506.167,camera_2,lost_track,81
3037,15185,506.167,camera_5,new_track,73
3038,15190,506.333,camera_1,lost_track,130
3038,15190,506.333,camera_2,reacquired,81
3038,15190,506.333,camera_2,lost_track,80
3039,15195,506.5,camera_1,lost_track,127
3040,15200,506.667,camera_2,reacquired,77
3041,15205,506.833,camera_3,removed,90
3041,15205,506.833,camera_5,new_track,74
3044,15220,507.333,camera_2,removed,83
3046,15230,507.667,camera_2,lost_track,77
3047,15235,507.833,camera_5,lost_track,73
3051,15255,508.5,camera_2,new_track,85
3051,15255,508.5,camera_2,reacquired,77
3051,15255,508.5,camera_7,removed,24
3052,15260,508.667,camera_1,new_track,131
3052,15260,508.667,camera_3,new_track,92
3055,15275,509.167,camera_6,new_track,43
3055,15275,509.167,camera_6,removed,42
3056,15280,509.333,camera_3,lost_track,92
3058,15290,509.667,camera_2,removed,84
3060,15300,510.0,camera_1,lost_track,131
3060,15300,510.0,camera_2,lost_track,85
3061,15305,510.167,camera_1,removed,126
3061,15305,510.167,camera_3,removed,88
3062,15310,510.333,camera_1,removed,128
3064,15320,510.667,camera_6,removed,41
3065,15325,510.833,camera_6,new_track,44
3067,15335,511.167,camera_6,lost_track,44
3068,15340,511.333,camera_1,removed,130
3068,15340,511.333,camera_2,removed,80
3068,15340,511.333,camera_6,lost_track,43
3068,15340,511.333,camera_7,new_track,27
3069,15345,511.5,camera_1,removed,127
3070,15350,511.667,camera_5,lost_track,74
3074,15370,512.333,camera_2,new_track,86
3077,15385,512.833,camera_5,removed,73
3077,15385,512.833,camera_6,new_track,45
3079,15395,513.167,camera_5,new_track,75
3086,15430,514.333,camera_3,removed,92
3089,15445,514.833,camera_1,lost_track,129
3089,15445,514.833,camera_2,lost_track,82
3090,15450,515.0,camera_1,removed,131
3090,15450,515.0,camera_2,removed,85
3090,15450,515.0,camera_6,new_track,46
3092,15460,515.333,camera_5,new_track,76
3093,15465,515.5,camera_7,new_track,28
3097,15485,516.167,camera_6,removed,44
3098,15490,516.333,camera_6,removed,43
3099,15495,516.5,camera_3,new_track,93
3100,15500,516.667,camera_5,removed,74
3100,15500,516.667,camera_7,lost_track,28
3101,15505,516.833,camera_3,lost_track,93
3107,15535,517.833,camera_5,new_track,77
3108,15540,518.0,camera_5,new_track,78
3109,15545,518.167,camera_6,lost_track,46
3110,15550,518.333,camera_5,lost_track,76
3114,15570,519.0,camera_5,new_track,79
3115,15575,519.167,camera_5,lost_track,78
3115,15575,519.167,camera_6,lost_track,45
3119,15595,519.833,camera_1,removed,129
3119,15595,519.833,camera_2,removed,82
3119,15595,519.833,camera_5,lost_track,79
3121,15605,520.167,camera_1,new_track,132
3121,15605,520.167,camera_2,new_track,87
3122,15610,520.333,camera_6,new_track,47
3122,15610,520.333,camera_7,lost_track,27
3123,15615,520.5,camera_3,lost_track,91
3124,15620,520.667,camera_3,new_track,94
3124,15620,520.667,camera_3,reacquired,93
3124,15620,520.667,camera_5,new_track,80
3124,15620,520.667,camera_6,new_track,48
3125,15625,520.833,camera_4,new_track,31
3125,15625,520.833,camera_5,lost_track,77
3127,15635,521.167,camera_3,lost_track,93
3127,15635,521.167,camera_6,lost_track,48
3128,15640,521.333,camera_4,lost_track,31
3130,15650,521.667,camera_2,lost_track,77
3130,15650,521.667,camera_7,removed,28
3131,15655,521.833,camera_2,new_track,88
3131,15655,521.833,camera_2,reacquired,77
3132,15660,522.0,camera_5,new_track,81
3133,15665,522.167,camera_5,lost_track,81
3135,15675,522.5,camera_5,reacquired,81
3136,15680,522.667,camera_2,lost_track,88
3137,15685,522.833,camera_5,reacquired,78
3138,15690,523.0,camera_4,new_track,32
3138,15690,523.0,camera_5,lost_track,81
3138,15690,523.0,camera_6,lost_track,47
3139,15695,523.167,camera_6,removed,46
3140,15700,523.333,camera_5,lost_track,78
3140,15700,523.333,camera_5,removed,76
3141,15705,523.5,camera_5,lost_track,75
3141,15705,523.5,camera_5,lost_track,80
3142,15710,523.667,camera_2,lost_track,86
3143,15715,523.833,camera_2,lost_track,77
3144,15720,524.0,camera_2,lost_track,81
3145,15725,524.167,camera_2,reacquired,77
3145,15725,524.167,camera_2,reacquired,86
3145,15725,524.167,camera_5,reacquired,75
3145,15725,524.167,camera_6,removed,45
3146,15730,524.333,camera_2,reacquired,81
3146,15730,524.333,camera_3,lost_track,89
3149,15745,524.833,camera_2,lost_track,77
3149,15745,524.833,camera_2,lost_track,81
3149,15745,524.833,camera_2,lost_track,86
3149,15745,524.833,camera_5,removed,79
3149,15745,524.833,camera_6,new_track,49
3150,15750,525.0,camera_2,reacquired,77
3150,15750,525.0,camera_2,reacquired,86
3151,15755,525.167,camera_2,reacquired,81
3152,15760,525.333,camera_5,new_track,82
3152,15760,525.333,camera_7,removed,27
3153,15765,525.5,camera_3,new_track,95
3153,15765,525.5,camera_3,reacquired,93
3153,15765,525.5,camera_3,removed,91
3153,15765,525.5,camera_4,lost_track,32
3153,15765,525.5,camera_5,reacquired,78
3154,15770,525.667,camera_5,lost_track,78
3155,15775,525.833,camera_5,removed,77
3157,15785,526.167,camera_6,removed,48
3158,15790,526.333,camera_4,removed,31
3159,15795,526.5,camera_6,new_track,50
3161,15805,526.833,camera_4,new_track,33
3162,15810,527.0,camera_7,new_track,29
3164,15820,527.333,camera_2,lost_track,86
3164,15820,527.333,camera_6,lost_track,49
3164,15820,527.333,camera_6,lost_track,50
3166,15830,527.667,camera_2,lost_track,77
3166,15830,527.667,camera_2,removed,88
3166,15830,527.667,camera_3,new_track,96
3167,15835,527.833,camera_2,lost_track,81
3167,15835,527.833,camera_5,reacquired,78
3168,15840,528.0,camera_3,lost_track,93
3168,15840,528.0,camera_5,removed,81
3168,15840,528.0,camera_6,removed,47
3169,15845,528.167,camera_2,reacquired,77
3169,15845,528.167,camera_5,lost_track,78
3170,15850,528.333,camera_2,reacquired,81
3170,15850,528.333,camera_2,lost_track,77
3170,15850,528.333,camera_3,lost_track,95
3170,15850,528.333,camera_3,lost_track,96
3170,15850,528.333,camera_5,lost_track,75
3171,15855,528.5,camera_4,new_track,34
3171,15855,528.5,camera_5,removed,80
3172,15860,528.667,camera_2,reacquired,77
3175,15875,529.167,camera_2,reacquired,86
3176,15880,529.333,camera_3,removed,89
3177,15885,529.5,camera_5,new_track,83
3180,15900,530.0,camera_1,lost_track,132
3180,15900,530.0,camera_3,reacquired,93
3180,15900,530.0,camera_5,reacquired,78
3181,15905,530.167,camera_2,lost_track,87
3181,15905,530.167,camera_4,lost_track,33
3183,15915,530.5,camera_4,removed,32
3184,15920,530.667,camera_2,new_track,89
3184,15920,530.667,camera_3,lost_track,93
3185,15925,530.833,camera_1,reacquired,132
3188,15940,531.333,camera_1,lost_track,132
3188,15940,531.333,camera_2,lost_track,89
3190,15950,531.667,camera_2,lost_track,77
3190,15950,531.667,camera_3,reacquired,93
3192,15960,532.0,camera_2,lost_track,86
3192,15960,532.0,camera_3,lost_track,93
3192,15960,532.0,camera_5,lost_track,78
3193,15965,532.167,camera_2,reacquired,86
3194,15970,532.333,camera_2,lost_track,86
3194,15970,532.333,camera_6,removed,49
3194,15970,532.333,camera_6,removed,50
3195,15975,532.5,camera_2,reacquired,86
3196,15980,532.667,camera_2,lost_track,86
3196,15980,532.667,camera_5,lost_track,82
3198,15990,533.0,camera_5,lost_track,83
3200,16000,533.333,camera_3,removed,95
3200,16000,533.333,camera_3,removed,96
3200,16000,533.333,camera_5,removed,75
3207,16035,534.5,camera_6,new_track,51
3207,16035,534.5,camera_6,new_track,52
3210,16050,535.0,camera_2,lost_track,81
3211,16055,535.167,camera_2,removed,87
3211,16055,535.167,camera_4,removed,33
3216,16080,536.0,camera_6,new_track,53
3218,16090,536.333,camera_1,removed,132
3218,16090,536.333,camera_2,removed,89
3220,16100,536.667,camera_2,removed,77
3222,16110,537.0,camera_3,removed,93
3222,16110,537.0,camera_5,removed,78
3226,16130,537.667,camera_2,reacquired,86
3226,16130,537.667,camera_5,removed,82
3227,16135,537.833,camera_2,lost_track,86
3227,16135,537.833,camera_7,new_track,30
3228,16140,538.0,camera_5,removed,83
3230,16150,538.333,camera_6,lost_track,51
3232,16160,538.667,camera_7,new_track,31
3233,16165,538.833,camera_6,lost_track,53
3234,16170,539.0,camera_2,reacquired,86
3235,16175,539.167,camera_6,lost_track,52
3236,16180,539.333,camera_2,lost_track,86
3240,16200,540.0,camera_2,removed,81
3241,16205,540.167,camera_2,reacquired,86
3241,16205,540.167,camera_7,lost_track,29
3243,16215,540.5,camera_3,new_track,97
3244,16220,540.667,camera_7,new_track,32
3246,16230,541.0,camera_2,new_track,90
3246,16230,541.0,camera_2,lost_track,86
3247,16235,541.167,camera_6,new_track,54
3248,16240,541.333,camera_7,lost_track,32
3249,16245,541.5,camera_6,new_track,55
3250,16250,541.667,camera_2,reacquired,86
3252,16260,542.0,camera_6,lost_track,55
3254,16270,542.333,camera_2,lost_track,86
3255,16275,542.5,camera_2,reacquired,86
3260,16300,543.333,camera_5,new_track,84
3260,16300,543.333,camera_6,removed,51
3262,16310,543.667,camera_5,new_track,85
3263,16315,543.833,camera_4,lost_track,34
3263,16315,543.833,camera_6,lost_track,54
3263,16315,543.833,camera_6,removed,53
3264,16320,544.0,camera_5,lost_track,85
3265,16325,544.167,camera_6,removed,52
3266,16330,544.333,camera_2,new_track,91
3267,16335,544.5,camera_1,new_track,133
3267,16335,544.5,camera_2,lost_track,86
3269,16345,544.833,camera_1,lost_track,133
3269,16345,544.833,camera_2,reacquired,86
3269,16345,544.833,camera_2,lost_track,91
3271,16355,545.167,camera_5,new_track,86
3271,16355,545.167,camera_6,new_track,56
3271,16355,545.167,camera_7,lost_track,30
3271,16355,545.167,camera_7,removed,29
3272,16360,545.333,camera_2,lost_track,86
3272,16360,545.333,camera_6,new_track,57
3275,16375,545.833,camera_6,new_track,58
3275,16375,545.833,camera_6,lost_track,57
3275,16375,545.833,camera_7,lost_track,31
3276,16380,546.0,camera_6,reacquired,57
3277,16385,546.167,camera_2,reacquired,86
3278,16390,546.333,camera_3,new_track,98
3278,16390,546.333,camera_5,lost_track,84
3278,16390,546.333,camera_7,removed,32
3280,16400,546.667,camera_1,new_track,134
3280,16400,546.667,camera_2,lost_track,90
3280,16400,546.667,camera_6,lost_track,57
3281,16405,546.833,camera_2,new_track,92
3281,16405,546.833,camera_5,lost_track,86
3282,16410,547.0,camera_6,lost_track,56
3282,16410,547.0,camera_6,removed,55
3283,16415,547.167,camera_3,lost_track,98
3284,16420,547.333,camera_2,reacquired,90
3286,16430,547.667,camera_6,new_track,59
3288,16440,548.0,camera_3,new_track,99
3288,16440,548.0,camera_3,lost_track,97
3288,16440,548.0,camera_5,new_track,87
3290,16450,548.333,camera_3,reacquired,97
3290,16450,548.333,camera_6,lost_track,58
3291,16455,548.5,camera_3,lost_track,97
3293,16465,548.833,camera_2,lost_track,90
3293,16465,548.833,camera_3,reacquired,97
3293,16465,548.833,camera_3,lost_track,94
3293,16465,548.833,camera_4,removed,34
3293,16465,548.833,camera_6,removed,54
3294,16470,549.0,camera_3,reacquired,94
3294,16470,549.0,camera_3,lost_track,97
3294,16470,549.0,camera_5,removed,85
3294,16470,549.0,camera_6,reacquired,57
3296,16480,549.333,camera_2,new_track,93
3296,16480,549.333,camera_2,new_track,94
3296,16480,549.333,camera_5,lost_track,87
3298,16490,549.667,camera_2,lost_track,86
3298,16490,549.667,camera_5,new_track,88
3299,16495,549.833,camera_1,new_track,135
3299,16495,549.833,camera_1,removed,133
3299,16495,549.833,camera_2,lost_track,92
3299,16495,549.833,camera_2,removed,91
3300,16500,550.0,camera_7,new_track,33
3301,16505,550.167,camera_6,lost_track,57
3301,16505,550.167,camera_7,removed,30
3302,16510,550.333,camera_3,new_track,100
3302,16510,550.333,camera_6,lost_track,59
3303,16515,550.5,camera_2,reacquired,86
3305,16525,550.833,camera_3,reacquired,97
3305,16525,550.833,camera_3,lost_track,94
3305,16525,550.833,camera_7,removed,31
3306,16530,551.0,camera_1,lost_track,135
3306,16530,551.0,camera_2,new_track,95
3306,16530,551.0,camera_2,lost_track,86
3306,16530,551.0,camera_3,reacquired,94
3306,16530,551.0,camera_3,lost_track,97
3308,16540,551.333,camera_1,new_track,136
3308,16540,551.333,camera_2,reacquired,86
3308,16540,551.333,camera_3,reacquired,97
3308,16540,551.333,camera_5,lost_track,88
3308,16540,551.333,camera_5,removed,84
3308,16540,551.333,camera_6,new_track,60
3308,16540,551.333,camera_7,lost_track,33
3309,16545,551.5,camera_2,lost_track,86
3309,16545,551.5,camera_3,lost_track,99
3309,16545,551.5,camera_6,reacquired,59
3310,16550,551.667,camera_2,reacquired,86
3311,16555,551.833,camera_2,lost_track,86
3311,16555,551.833,camera_5,removed,86
3312,16560,552.0,camera_2,reacquired,86
3312,16560,552.0,camera_6,removed,56
3313,16565,552.167,camera_2,lost_track,86
3313,16565,552.167,camera_3,removed,98
3313,16565,552.167,camera_6,lost_track,59
3315,16575,552.5,camera_3,lost_track,97
3318,16590,553.0,camera_2,reacquired,86
3319,16595,553.167,camera_1,lost_track,134
3320,16600,553.333,camera_6,removed,58
3321,16605,553.5,camera_3,reacquired,97
3322,16610,553.667,camera_6,lost_track,60
3323,16615,553.833,camera_1,new_track,137
3323,16615,553.833,camera_2,removed,90
3324,16620,554.0,camera_2,lost_track,86
3326,16630,554.333,camera_3,new_track,101
3326,16630,554.333,camera_3,lost_track,97
3326,16630,554.333,camera_5,removed,87
3327,16635,554.5,camera_2,reacquired,86
3328,16640,554.667,camera_1,new_track,138
3329,16645,554.833,camera_2,new_track,96
3329,16645,554.833,camera_2,removed,92
3330,16650,555.0,camera_1,lost_track,137
3330,16650,555.0,camera_5,new_track,89
3331,16655,555.167,camera_2,lost_track,94
3331,16655,555.167,camera_6,removed,57
3332,16660,555.333,camera_2,lost_track,93
3332,16660,555.333,camera_2,lost_track,96
3333,16665,555.5,camera_3,reacquired,97
3334,16670,555.667,camera_2,reacquired,96
3334,16670,555.667,camera_3,lost_track,100
3335,16675,555.833,camera_4,new_track,35
3336,16680,556.0,camera_1,removed,135
3337,16685,556.167,camera_1,lost_track,136
3338,16690,556.333,camera_1,new_track,139
3338,16690,556.333,camera_2,new_track,97
3338,16690,556.333,camera_2,lost_track,86
3338,16690,556.333,camera_3,lost_track,97
3338,16690,556.333,camera_5,removed,88
3338,16690,556.333,camera_7,removed,33
3339,16695,556.5,camera_3,removed,99
3339,16695,556.5,camera_5,lost_track,89
3340,16700,556.667,camera_3,reacquired,97
3341,16705,556.833,camera_3,new_track,102
3342,16710,557.0,camera_2,lost_track,95
3342,16710,557.0,camera_2,lost_track,96
3342,16710,557.0,camera_3,lost_track,97
3343,16715,557.167,camera_3,new_track,103
3343,16715,557.167,camera_6,removed,59
3344,16720,557.333,camera_3,new_track,104
3344,16720,557.333,camera_4,new_track,36
3345,16725,557.5,camera_2,reacquired,96
3345,16725,557.5,camera_3,lost_track,101
3346,16730,557.667,camera_2,new_track,98
3346,16730,557.667,camera_3,lost_track,103
3348,16740,558.0,camera_3,reacquired,101
3348,16740,558.0,camera_5,new_track,90
3349,16745,558.167,camera_1,removed,134
3349,16745,558.167,camera_5,new_track,91
3350,16750,558.333,camera_2,new_track,99
3352,16760,558.667,camera_2,lost_track,96
3352,16760,558.667,camera_3,lost_track,94
3352,16760,558.667,camera_4,lost_track,35
3352,16760,558.667,camera_6,removed,60
3353,16765,558.833,camera_2,reacquired,96
3353,16765,558.833,camera_3,reacquired,97
3354,16770,559.0,camera_3,reacquired,94
3354,16770,559.0,camera_4,lost_track,36
3355,16775,559.167,camera_2,new_track,100
3355,16775,559.167,camera_3,lost_track,104
3356,16780,559.333,camera_3,reacquired,104
3357,16785,559.5,camera_2,new_track,101
3358,16790,559.667,camera_3,lost_track,97
3360,16800,560.0,camera_1,removed,137
3360,16800,560.0,camera_2,lost_track,96
3361,16805,560.167,camera_1,new_track,140
3361,16805,560.167,camera_2,removed,94
3362,16810,560.333,camera_2,reacquired,96
3362,16810,560.333,camera_2,removed,93
3363,16815,560.5,camera_1,lost_track,138
3364,16820,560.667,camera_3,removed,100
3365,16825,560.833,camera_3,lost_track,102
3367,16835,561.167,camera_1,removed,136
3367,16835,561.167,camera_3,reacquired,97
3368,16840,561.333,camera_2,lost_track,97
3368,16840,561.333,camera_2,removed,86
3369,16845,561.5,camera_2,new_track,102
3369,16845,561.5,camera_5,lost_track,91
3369,16845,561.5,camera_5,removed,89
3370,16850,561.667,camera_1,lost_track,139
3370,16850,561.667,camera_2,reacquired,97
3370,16850,561.667,camera_2,lost_track,102
3371,16855,561.833,camera_1,reacquired,139
3371,16855,561.833,camera_5,new_track,92
3372,16860,562.0,camera_2,removed,95
3372,16860,562.0,camera_3,lost_track,97
3373,16865,562.167,camera_1,new_track,141
3373,16865,562.167,camera_1,lost_track,139
3373,16865,562.167,camera_4,new_track,37
3374,16870,562.333,camera_2,lost_track,99
3374,16870,562.333,camera_3,lost_track,101
3376,16880,562.667,camera_1,lost_track,140
3376,16880,562.667,camera_3,reacquired,101
3376,16880,562.667,camera_3,removed,103
3378,16890,563.0,camera_4,lost_track,37
3379,16895,563.167,camera_2,new_track,103
3381,16905,563.5,camera_2,lost_track,96
3382,16910,563.667,camera_4,removed,35
3384,16920,564.0,camera_3,lost_track,94
3384,16920,564.0,camera_4,removed,36
3386,16930,564.333,camera_3,reacquired,94
3386,16930,564.333,camera_5,lost_track,90
3387,16935,564.5,camera_2,reacquired,96
3387,16935,564.5,camera_3,reacquired,97
3388,16940,564.667,camera_1,new_track,142
3388,16940,564.667,camera_2,new_track,104
3389,16945,564.833,camera_3,lost_track,94
3390,16950,565.0,camera_2,lost_track,100
3391,16955,565.167,camera_2,new_track,105
3391,16955,565.167,camera_2,reacquired,100
3391,16955,565.167,camera_5,reacquired,90
3392,16960,565.333,camera_2,lost_track,96
3392,16960,565.333,camera_2,lost_track,98
3392,16960,565.333,camera_3,reacquired,94
3392,16960,565.333,camera_3,lost_track,97
3392,16960,565.333,camera_5,lost_track,90
3392,16960,565.333,camera_5,lost_track,92
3393,16965,565.5,camera_1,removed,138
3393,16965,565.5,camera_2,reacquired,96
3394,16970,565.667,camera_3,new_track,105
3395,16975,565.833,camera_3,removed,102
3396,16980,566.0,camera_2,lost_track,96
3396,16980,566.0,camera_2,lost_track,100
3399,16995,566.5,camera_1,new_track,143
