loop_i,video_fid,t_sec,camera_id,kind,track_id
0,0,0.0,camera_1,new_track,1
0,0,0.0,camera_1,new_track,2
0,0,0.0,camera_2,new_track,1
0,0,0.0,camera_2,new_track,2
0,0,0.0,camera_3,new_track,1
0,0,0.0,camera_3,new_track,2
0,0,0.0,camera_3,new_track,3
0,0,0.0,camera_3,new_track,4
0,0,0.0,camera_3,new_track,5
0,0,0.0,camera_3,new_track,6
0,0,0.0,camera_4,new_track,1
2,10,0.333,camera_3,lost_track,3
4,20,0.667,camera_3,lost_track,5
7,35,1.167,camera_3,new_track,7
7,35,1.167,camera_3,reacquired,5
8,40,1.333,camera_3,lost_track,5
9,45,1.5,camera_3,reacquired,5
10,50,1.667,camera_3,lost_track,5
12,60,2.0,camera_3,reacquired,5
13,65,2.167,camera_3,lost_track,6
14,70,2.333,camera_1,removed,-1
16,80,2.667,camera_3,lost_track,4
17,85,2.833,camera_3,removed,-1
18,90,3.0,camera_3,new_track,8
18,90,3.0,camera_3,reacquired,4
19,95,3.167,camera_3,reacquired,6
20,100,3.333,camera_1,new_track,3
20,100,3.333,camera_3,lost_track,5
20,100,3.333,camera_3,removed,-1
22,110,3.667,camera_1,lost_track,3
23,115,3.833,camera_3,new_track,9
25,125,4.167,camera_3,reacquired,5
25,125,4.167,camera_3,lost_track,6
28,140,4.667,camera_3,reacquired,6
28,140,4.667,camera_3,lost_track,4
28,140,4.667,camera_3,lost_track,5
29,145,4.833,camera_3,new_track,10
29,145,4.833,camera_3,lost_track,9
30,150,5.0,camera_3,reacquired,4
30,150,5.0,camera_3,reacquired,5
30,150,5.0,camera_3,lost_track,6
32,160,5.333,camera_3,lost_track,10
32,160,5.333,camera_3,removed,3
34,170,5.667,camera_3,reacquired,6
34,170,5.667,camera_3,removed,-1
35,175,5.833,camera_3,lost_track,5
39,195,6.5,camera_3,reacquired,5
41,205,6.833,camera_3,new_track,11
41,205,6.833,camera_3,lost_track,6
42,210,7.0,camera_3,reacquired,6
43,215,7.167,camera_3,removed,-1
44,220,7.333,camera_3,lost_track,5
45,225,7.5,camera_3,reacquired,5
45,225,7.5,camera_3,lost_track,6
46,230,7.667,camera_1,reacquired,3
46,230,7.667,camera_1,lost_track,2
46,230,7.667,camera_3,reacquired,6
46,230,7.667,camera_3,lost_track,11
46,230,7.667,camera_3,lost_track,5
47,235,7.833,camera_3,reacquired,11
48,240,8.0,camera_3,reacquired,5
48,240,8.0,camera_3,lost_track,11
49,245,8.167,camera_2,removed,-1
49,245,8.167,camera_3,lost_track,6
51,255,8.5,camera_2,new_track,3
55,275,9.167,camera_3,new_track,12
56,280,9.333,camera_3,lost_track,12
56,280,9.333,camera_3,removed,-1
59,295,9.833,camera_1,lost_track,3
59,295,9.833,camera_3,removed,9
60,300,10.0,camera_1,reacquired,3
62,310,10.333,camera_3,removed,10
68,340,11.333,camera_1,lost_track,3
69,345,11.5,camera_3,new_track,13
69,345,11.5,camera_3,reacquired,12
69,345,11.5,camera_3,removed,-1
70,350,11.667,camera_3,lost_track,12
70,350,11.667,camera_3,lost_track,13
71,355,11.833,camera_3,removed,-1
72,360,12.0,camera_3,lost_track,2
73,365,12.167,camera_3,new_track,14
76,380,12.667,camera_1,removed,2
78,390,13.0,camera_3,lost_track,14
78,390,13.0,camera_3,removed,11
79,395,13.167,camera_1,reacquired,3
79,395,13.167,camera_3,new_track,15
79,395,13.167,camera_3,removed,6
80,400,13.333,camera_3,removed,-1
82,410,13.667,camera_3,reacquired,12
84,420,14.0,camera_3,lost_track,12
88,440,14.667,camera_1,removed,-1
90,450,15.0,camera_1,removed,-1
90,450,15.0,camera_3,lost_track,4
90,450,15.0,camera_3,removed,-1
91,455,15.167,camera_1,new_track,4
92,460,15.333,camera_3,removed,-1
93,465,15.5,camera_3,new_track,16
93,465,15.5,camera_3,reacquired,12
94,470,15.667,camera_1,lost_track,3
95,475,15.833,camera_1,reacquired,3
95,475,15.833,camera_3,reacquired,4
95,475,15.833,camera_3,lost_track,16
95,475,15.833,camera_3,lost_track,12
96,480,16.0,camera_1,lost_track,3
96,480,16.0,camera_2,removed,-1
96,480,16.0,camera_3,reacquired,14
96,480,16.0,camera_3,lost_track,7
97,485,16.167,camera_2,new_track,4
97,485,16.167,camera_3,removed,-1
99,495,16.5,camera_3,lost_track,5
99,495,16.5,camera_5,new_track,1
100,500,16.667,camera_3,removed,13
100,500,16.667,camera_3,removed,-1
102,510,17.0,camera_3,new_track,17
102,510,17.0,camera_3,lost_track,8
102,510,17.0,camera_3,removed,2
103,515,17.167,camera_2,removed,-1
108,540,18.0,camera_3,lost_track,4
110,550,18.333,camera_3,reacquired,12
110,550,18.333,camera_3,removed,-1
111,555,18.5,camera_2,removed,-1
112,560,18.667,camera_1,new_track,5
112,560,18.667,camera_3,reacquired,4
112,560,18.667,camera_3,lost_track,12
112,560,18.667,camera_3,removed,-1
113,565,18.833,camera_2,new_track,5
114,570,19.0,camera_1,new_track,6
114,570,19.0,camera_1,removed,-1
115,575,19.167,camera_1,new_track,7
115,575,19.167,camera_1,lost_track,6
115,575,19.167,camera_3,removed,-1
115,575,19.167,camera_5,new_track,2
116,580,19.333,camera_1,lost_track,7
116,580,19.333,camera_3,reacquired,12
117,585,19.5,camera_1,reacquired,7
117,585,19.5,camera_3,lost_track,4
117,585,19.5,camera_3,lost_track,12
118,590,19.667,camera_1,lost_track,4
118,590,19.667,camera_2,lost_track,3
118,590,19.667,camera_2,lost_track,4
118,590,19.667,camera_2,removed,-1
119,595,19.833,camera_3,reacquired,4
120,600,20.0,camera_5,new_track,3
121,605,20.167,camera_1,reacquired,6
121,605,20.167,camera_2,lost_track,5
121,605,20.167,camera_3,lost_track,15
122,610,20.333,camera_2,removed,-1
122,610,20.333,camera_3,removed,-1
123,615,20.5,camera_1,lost_track,5
123,615,20.5,camera_3,new_track,18
123,615,20.5,camera_3,reacquired,12
123,615,20.5,camera_3,lost_track,4
124,620,20.667,camera_2,new_track,6
125,625,20.833,camera_2,lost_track,1
125,625,20.833,camera_3,lost_track,17
125,625,20.833,camera_3,removed,16
126,630,21.0,camera_1,removed,3
126,630,21.0,camera_2,removed,-1
126,630,21.0,camera_3,reacquired,17
126,630,21.0,camera_3,lost_track,1
126,630,21.0,camera_3,lost_track,18
126,630,21.0,camera_3,removed,7
127,635,21.167,camera_2,new_track,7
127,635,21.167,camera_3,reacquired,18
127,635,21.167,camera_3,lost_track,17
127,635,21.167,camera_3,removed,-1
127,635,21.167,camera_5,new_track,4
128,640,21.333,camera_1,new_track,8
128,640,21.333,camera_2,new_track,8
128,640,21.333,camera_2,reacquired,4
128,640,21.333,camera_2,reacquired,5
128,640,21.333,camera_3,reacquired,17
128,640,21.333,camera_3,lost_track,18
129,645,21.5,camera_1,new_track,9
129,645,21.5,camera_1,lost_track,7
129,645,21.5,camera_2,lost_track,8
129,645,21.5,camera_3,removed,5
130,650,21.667,camera_2,lost_track,6
131,655,21.833,camera_1,lost_track,8
131,655,21.833,camera_2,removed,-1
132,660,22.0,camera_1,reacquired,7
132,660,22.0,camera_1,removed,-1
132,660,22.0,camera_3,removed,8
133,665,22.167,camera_1,lost_track,6
133,665,22.167,camera_1,lost_track,7
133,665,22.167,camera_2,lost_track,7
134,670,22.333,camera_1,reacquired,6
134,670,22.333,camera_2,removed,-1
134,670,22.333,camera_5,removed,-1
135,675,22.5,camera_2,new_track,9
135,675,22.5,camera_3,lost_track,14
135,675,22.5,camera_5,lost_track,4
136,680,22.667,camera_1,lost_track,6
136,680,22.667,camera_5,reacquired,4
136,680,22.667,camera_5,removed,-1
137,685,22.833,camera_2,lost_track,9
138,690,23.0,camera_1,reacquired,6
138,690,23.0,camera_5,lost_track,2
139,695,23.167,camera_2,removed,-1
140,700,23.333,camera_1,removed,-1
141,705,23.5,camera_2,lost_track,4
142,710,23.667,camera_5,removed,-1
144,720,24.0,camera_2,new_track,10
147,735,24.5,camera_3,new_track,19
147,735,24.5,camera_3,lost_track,12
148,740,24.667,camera_1,new_track,10
148,740,24.667,camera_1,lost_track,6
148,740,24.667,camera_1,removed,4
148,740,24.667,camera_2,removed,3
148,740,24.667,camera_3,removed,-1
149,745,24.833,camera_1,reacquired,6
149,745,24.833,camera_2,removed,-1
149,745,24.833,camera_3,reacquired,12
149,745,24.833,camera_3,lost_track,19
150,750,25.0,camera_1,lost_track,10
151,755,25.167,camera_1,lost_track,6
151,755,25.167,camera_3,removed,15
153,765,25.5,camera_1,new_track,11
153,765,25.5,camera_1,removed,5
153,765,25.5,camera_2,reacquired,8
153,765,25.5,camera_2,lost_track,5
153,765,25.5,camera_3,removed,4
154,770,25.667,camera_1,new_track,12
154,770,25.667,camera_2,removed,-1
155,775,25.833,camera_1,lost_track,9
155,775,25.833,camera_1,lost_track,11
155,775,25.833,camera_1,lost_track,12
155,775,25.833,camera_2,removed,1
156,780,26.0,camera_1,reacquired,12
156,780,26.0,camera_2,new_track,11
156,780,26.0,camera_2,removed,-1
156,780,26.0,camera_3,removed,1
157,785,26.167,camera_2,lost_track,2
157,785,26.167,camera_2,lost_track,11
158,790,26.333,camera_2,removed,-1
158,790,26.333,camera_3,removed,18
158,790,26.333,camera_5,new_track,5
159,795,26.5,camera_1,reacquired,6
159,795,26.5,camera_1,reacquired,11
159,795,26.5,camera_1,removed,-1
160,800,26.667,camera_1,lost_track,11
160,800,26.667,camera_1,lost_track,12
160,800,26.667,camera_2,new_track,12
160,800,26.667,camera_2,removed,6
160,800,26.667,camera_3,removed,-1
160,800,26.667,camera_5,removed,-1
161,805,26.833,camera_1,lost_track,6
161,805,26.833,camera_1,removed,8
161,805,26.833,camera_3,lost_track,12
162,810,27.0,camera_1,reacquired,11
162,810,27.0,camera_2,lost_track,12
162,810,27.0,camera_3,reacquired,12
162,810,27.0,camera_3,lost_track,17
162,810,27.0,camera_3,removed,-1
163,815,27.167,camera_1,removed,7
163,815,27.167,camera_2,removed,-1
163,815,27.167,camera_2,removed,7
164,820,27.333,camera_1,reacquired,6
164,820,27.333,camera_3,removed,-1
165,825,27.5,camera_1,lost_track,11
165,825,27.5,camera_2,new_track,13
165,825,27.5,camera_3,removed,14
166,830,27.667,camera_1,reacquired,10
167,835,27.833,camera_1,lost_track,10
167,835,27.833,camera_2,removed,9
167,835,27.833,camera_5,new_track,6
168,840,28.0,camera_5,lost_track,4
168,840,28.0,camera_5,removed,2
169,845,28.167,camera_1,reacquired,12
169,845,28.167,camera_3,new_track,20
169,845,28.167,camera_5,reacquired,4
169,845,28.167,camera_5,lost_track,1
169,845,28.167,camera_5,removed,-1
170,850,28.333,camera_3,lost_track,12
170,850,28.333,camera_5,new_track,7
171,855,28.5,camera_2,removed,4
171,855,28.5,camera_3,reacquired,12
171,855,28.5,camera_3,removed,-1
171,855,28.5,camera_5,lost_track,5
172,860,28.667,camera_2,new_track,14
172,860,28.667,camera_3,lost_track,12
172,860,28.667,camera_5,removed,-1
173,865,28.833,camera_1,lost_track,12
173,865,28.833,camera_2,reacquired,2
174,870,29.0,camera_2,reacquired,11
174,870,29.0,camera_2,lost_track,2
174,870,29.0,camera_5,removed,-1
175,875,29.167,camera_2,lost_track,14
175,875,29.167,camera_2,removed,-1
177,885,29.5,camera_2,new_track,15
177,885,29.5,camera_2,lost_track,8
177,885,29.5,camera_5,new_track,8
177,885,29.5,camera_5,lost_track,3
178,890,29.667,camera_2,reacquired,2
178,890,29.667,camera_2,lost_track,15
178,890,29.667,camera_5,new_track,9
178,890,29.667,camera_5,lost_track,4
179,895,29.833,camera_2,lost_track,11
179,895,29.833,camera_3,removed,19
179,895,29.833,camera_5,lost_track,8
180,900,30.0,camera_2,reacquired,15
180,900,30.0,camera_2,removed,-1
180,900,30.0,camera_5,reacquired,4
180,900,30.0,camera_5,lost_track,6
181,905,30.167,camera_2,lost_track,13
181,905,30.167,camera_5,reacquired,8
182,910,30.333,camera_2,lost_track,15
182,910,30.333,camera_5,removed,-1
183,915,30.5,camera_2,lost_track,2
183,915,30.5,camera_2,removed,5
183,915,30.5,camera_2,removed,-1
183,915,30.5,camera_5,lost_track,8
185,925,30.833,camera_1,removed,9
185,925,30.833,camera_2,reacquired,2
186,930,31.0,camera_5,removed,-1
188,940,31.333,camera_1,reacquired,10
188,940,31.333,camera_2,reacquired,8
188,940,31.333,camera_2,lost_track,2
188,940,31.333,camera_5,removed,-1
189,945,31.5,camera_1,lost_track,10
189,945,31.5,camera_2,lost_track,8
190,950,31.667,camera_1,lost_track,6
191,955,31.833,camera_1,reacquired,6
191,955,31.833,camera_1,reacquired,10
191,955,31.833,camera_5,lost_track,4
192,960,32.0,camera_2,new_track,16
192,960,32.0,camera_2,reacquired,11
192,960,32.0,camera_2,removed,12
192,960,32.0,camera_2,removed,-1
192,960,32.0,camera_3,removed,17
193,965,32.167,camera_6,removed,-1
194,970,32.333,camera_2,new_track,17
195,975,32.5,camera_1,removed,11
195,975,32.5,camera_6,new_track,1
196,980,32.667,camera_2,lost_track,11
197,985,32.833,camera_1,lost_track,10
197,985,32.833,camera_2,lost_track,17
198,990,33.0,camera_2,reacquired,17
199,995,33.167,camera_1,lost_track,6
199,995,33.167,camera_2,lost_track,17
199,995,33.167,camera_5,removed,1
199,995,33.167,camera_6,new_track,2
201,1005,33.5,camera_5,reacquired,4
201,1005,33.5,camera_5,removed,5
202,1010,33.667,camera_3,removed,12
202,1010,33.667,camera_5,lost_track,4
203,1015,33.833,camera_1,removed,12
205,1025,34.167,camera_2,removed,14
205,1025,34.167,camera_5,lost_track,7
206,1030,34.333,camera_1,new_track,13
207,1035,34.5,camera_5,removed,3
208,1040,34.667,camera_1,lost_track,13
208,1040,34.667,camera_6,new_track,3
209,1045,34.833,camera_1,reacquired,13
209,1045,34.833,camera_2,lost_track,16
210,1050,35.0,camera_2,removed,-1
210,1050,35.0,camera_5,new_track,10
210,1050,35.0,camera_5,removed,6
211,1055,35.167,camera_2,removed,13
211,1055,35.167,camera_6,new_track,4
212,1060,35.333,camera_2,removed,15
212,1060,35.333,camera_5,lost_track,10
212,1060,35.333,camera_6,lost_track,4
213,1065,35.5,camera_1,new_track,14
213,1065,35.5,camera_5,removed,8
214,1070,35.667,camera_1,lost_track,14
215,1075,35.833,camera_1,lost_track,13
215,1075,35.833,camera_2,removed,-1
215,1075,35.833,camera_4,new_track,2
215,1075,35.833,camera_5,lost_track,9
215,1075,35.833,camera_6,reacquired,4
216,1080,36.0,camera_2,new_track,18
216,1080,36.0,camera_4,lost_track,2
216,1080,36.0,camera_6,lost_track,4
217,1085,36.167,camera_3,lost_track,20
217,1085,36.167,camera_4,new_track,3
218,1090,36.333,camera_2,removed,2
218,1090,36.333,camera_7,removed,-1
219,1095,36.5,camera_2,removed,8
219,1095,36.5,camera_6,removed,-1
220,1100,36.667,camera_3,new_track,21
220,1100,36.667,camera_6,new_track,5
221,1105,36.833,camera_2,new_track,19
222,1110,37.0,camera_1,reacquired,14
222,1110,37.0,camera_2,lost_track,19
222,1110,37.0,camera_6,lost_track,5
223,1115,37.167,camera_1,removed,-1
223,1115,37.167,camera_6,removed,-1
224,1120,37.333,camera_1,new_track,15
224,1120,37.333,camera_1,reacquired,10
225,1125,37.5,camera_1,lost_track,14
225,1125,37.5,camera_2,new_track,20
225,1125,37.5,camera_2,lost_track,10
226,1130,37.667,camera_1,reacquired,14
226,1130,37.667,camera_1,lost_track,10
226,1130,37.667,camera_2,removed,11
227,1135,37.833,camera_1,lost_track,14
227,1135,37.833,camera_2,removed,-1
228,1140,38.0,camera_1,reacquired,14
228,1140,38.0,camera_1,removed,-1
228,1140,38.0,camera_6,lost_track,1
229,1145,38.167,camera_1,removed,6
229,1145,38.167,camera_2,removed,17
229,1145,38.167,camera_6,new_track,6
229,1145,38.167,camera_6,new_track,7
230,1150,38.333,camera_6,lost_track,7
231,1155,38.5,camera_1,new_track,16
231,1155,38.5,camera_1,removed,-1
231,1155,38.5,camera_3,removed,-1
231,1155,38.5,camera_6,new_track,8
231,1155,38.5,camera_6,removed,-1
232,1160,38.667,camera_1,new_track,17
232,1160,38.667,camera_1,lost_track,16
232,1160,38.667,camera_4,reacquired,2
232,1160,38.667,camera_5,removed,4
233,1165,38.833,camera_1,reacquired,16
234,1170,39.0,camera_6,lost_track,8
234,1170,39.0,camera_6,removed,-1
235,1175,39.167,camera_1,lost_track,16
235,1175,39.167,camera_3,new_track,22
235,1175,39.167,camera_4,lost_track,2
235,1175,39.167,camera_5,removed,7
236,1180,39.333,camera_3,removed,-1
236,1180,39.333,camera_4,removed,-1
237,1185,39.5,camera_3,new_track,23
237,1185,39.5,camera_3,lost_track,22
237,1185,39.5,camera_4,new_track,4
238,1190,39.667,camera_1,lost_track,14
238,1190,39.667,camera_1,lost_track,15
238,1190,39.667,camera_3,lost_track,23
239,1195,39.833,camera_1,reacquired,14
239,1195,39.833,camera_1,reacquired,15
239,1195,39.833,camera_1,removed,-1
239,1195,39.833,camera_2,removed,16
241,1205,40.167,camera_1,lost_track,17
242,1210,40.333,camera_1,lost_track,14
242,1210,40.333,camera_4,lost_track,1
242,1210,40.333,camera_5,removed,10
243,1215,40.5,camera_1,lost_track,15
244,1220,40.667,camera_1,reacquired,15
244,1220,40.667,camera_3,new_track,24
244,1220,40.667,camera_4,new_track,5
245,1225,40.833,camera_1,new_track,18
245,1225,40.833,camera_1,removed,13
245,1225,40.833,camera_5,removed,9
246,1230,41.0,camera_6,removed,4
247,1235,41.167,camera_1,lost_track,18
247,1235,41.167,camera_3,removed,20
248,1240,41.333,camera_6,lost_track,3
250,1250,41.667,camera_6,removed,-1
251,1255,41.833,camera_1,lost_track,15
251,1255,41.833,camera_1,removed,-1
251,1255,41.833,camera_2,lost_track,20
252,1260,42.0,camera_1,reacquired,15
252,1260,42.0,camera_2,removed,19
252,1260,42.0,camera_2,removed,-1
252,1260,42.0,camera_6,lost_track,2
252,1260,42.0,camera_6,removed,5
254,1270,42.333,camera_1,removed,-1
254,1270,42.333,camera_2,removed,-1
254,1270,42.333,camera_3,removed,-1
255,1275,42.5,camera_1,reacquired,16
255,1275,42.5,camera_2,removed,10
255,1275,42.5,camera_4,lost_track,4
256,1280,42.667,camera_1,removed,10
256,1280,42.667,camera_3,new_track,25
256,1280,42.667,camera_5,removed,-1
257,1285,42.833,camera_1,lost_track,16
257,1285,42.833,camera_5,new_track,11
258,1290,43.0,camera_6,removed,1
259,1295,43.167,camera_1,new_track,19
260,1300,43.333,camera_4,new_track,6
260,1300,43.333,camera_5,new_track,12
260,1300,43.333,camera_6,lost_track,6
260,1300,43.333,camera_6,removed,7
261,1305,43.5,camera_1,lost_track,19
261,1305,43.5,camera_1,lost_track,15
261,1305,43.5,camera_7,new_track,1
262,1310,43.667,camera_1,removed,-1
263,1315,43.833,camera_1,reacquired,15
263,1315,43.833,camera_3,new_track,26
264,1320,44.0,camera_1,lost_track,15
264,1320,44.0,camera_6,removed,8
265,1325,44.167,camera_3,lost_track,26
265,1325,44.167,camera_4,removed,2
266,1330,44.333,camera_5,new_track,13
267,1335,44.5,camera_3,removed,22
267,1335,44.5,camera_4,new_track,7
268,1340,44.667,camera_3,lost_track,21
268,1340,44.667,camera_3,removed,23
268,1340,44.667,camera_4,lost_track,5
270,1350,45.0,camera_3,lost_track,24
270,1350,45.0,camera_4,reacquired,5
270,1350,45.0,camera_4,lost_track,3
270,1350,45.0,camera_4,lost_track,7
271,1355,45.167,camera_1,removed,17
271,1355,45.167,camera_3,new_track,27
271,1355,45.167,camera_3,removed,-1
271,1355,45.167,camera_4,reacquired,3
271,1355,45.167,camera_4,reacquired,7
271,1355,45.167,camera_4,removed,-1
272,1360,45.333,camera_1,removed,14
272,1360,45.333,camera_3,reacquired,26
272,1360,45.333,camera_3,lost_track,25
272,1360,45.333,camera_4,lost_track,5
272,1360,45.333,camera_4,removed,1
272,1360,45.333,camera_5,lost_track,13
273,1365,45.5,camera_3,reacquired,25
273,1365,45.5,camera_3,lost_track,26
274,1370,45.667,camera_4,reacquired,5
274,1370,45.667,camera_4,lost_track,6
274,1370,45.667,camera_5,reacquired,13
275,1375,45.833,camera_3,new_track,28
276,1380,46.0,camera_3,lost_track,27
276,1380,46.0,camera_4,reacquired,6
276,1380,46.0,camera_4,lost_track,7
276,1380,46.0,camera_4,removed,-1
276,1380,46.0,camera_5,lost_track,13
277,1385,46.167,camera_1,removed,18
277,1385,46.167,camera_3,lost_track,28
277,1385,46.167,camera_3,removed,-1
278,1390,46.333,camera_4,new_track,8
278,1390,46.333,camera_5,reacquired,13
278,1390,46.333,camera_6,removed,3
279,1395,46.5,camera_4,lost_track,6
280,1400,46.667,camera_2,lost_track,18
280,1400,46.667,camera_3,new_track,29
280,1400,46.667,camera_5,lost_track,13
281,1405,46.833,camera_2,removed,20
281,1405,46.833,camera_4,removed,-1
282,1410,47.0,camera_6,removed,2
285,1425,47.5,camera_4,removed,4
286,1430,47.667,camera_3,removed,-1
287,1435,47.833,camera_1,removed,16
288,1440,48.0,camera_2,new_track,21
289,1445,48.167,camera_2,removed,-1
289,1445,48.167,camera_5,reacquired,13
290,1450,48.333,camera_2,reacquired,18
290,1450,48.333,camera_3,new_track,30
290,1450,48.333,camera_6,removed,6
291,1455,48.5,camera_1,removed,19
292,1460,48.667,camera_1,removed,-1
293,1465,48.833,camera_3,removed,-1
293,1465,48.833,camera_5,new_track,14
293,1465,48.833,camera_5,lost_track,13
293,1465,48.833,camera_5,removed,-1
294,1470,49.0,camera_1,removed,15
294,1470,49.0,camera_2,new_track,22
294,1470,49.0,camera_3,lost_track,30
295,1475,49.167,camera_2,lost_track,18
295,1475,49.167,camera_2,lost_track,22
296,1480,49.333,camera_2,removed,-1
296,1480,49.333,camera_5,removed,-1
298,1490,49.667,camera_1,removed,-1
298,1490,49.667,camera_3,reacquired,30
298,1490,49.667,camera_3,removed,21
299,1495,49.833,camera_3,lost_track,30
300,1500,50.0,camera_3,removed,24
300,1500,50.0,camera_5,lost_track,14
300,1500,50.0,camera_5,removed,-1
301,1505,50.167,camera_2,removed,-1
301,1505,50.167,camera_5,new_track,16
301,1505,50.167,camera_5,new_track,15
302,1510,50.333,camera_1,removed,-1
302,1510,50.333,camera_4,removed,-1
303,1515,50.5,camera_2,new_track,23
303,1515,50.5,camera_3,removed,26
303,1515,50.5,camera_5,removed,-1
304,1520,50.667,camera_1,removed,-1
304,1520,50.667,camera_5,reacquired,13
304,1520,50.667,camera_5,lost_track,16
306,1530,51.0,camera_1,removed,-1
306,1530,51.0,camera_2,lost_track,23
306,1530,51.0,camera_3,removed,27
306,1530,51.0,camera_4,removed,7
307,1535,51.167,camera_3,removed,28
308,1540,51.333,camera_2,new_track,24
308,1540,51.333,camera_5,lost_track,13
309,1545,51.5,camera_4,removed,6
311,1555,51.833,camera_3,new_track,31
311,1555,51.833,camera_3,removed,-1
311,1555,51.833,camera_5,lost_track,11
312,1560,52.0,camera_5,removed,-1
313,1565,52.167,camera_1,new_track,20
313,1565,52.167,camera_3,lost_track,25
313,1565,52.167,camera_5,new_track,17
314,1570,52.333,camera_5,lost_track,17
314,1570,52.333,camera_5,removed,-1
315,1575,52.5,camera_3,new_track,32
315,1575,52.5,camera_5,reacquired,17
315,1575,52.5,camera_5,lost_track,15
316,1580,52.667,camera_1,lost_track,20
317,1585,52.833,camera_1,lost_track,1
317,1585,52.833,camera_5,reacquired,13
318,1590,53.0,camera_3,lost_track,32
320,1600,53.333,camera_2,lost_track,24
320,1600,53.333,camera_5,lost_track,13
321,1605,53.5,camera_4,new_track,9
321,1605,53.5,camera_5,removed,-1
322,1610,53.667,camera_4,lost_track,9
323,1615,53.833,camera_4,new_track,10
325,1625,54.167,camera_2,removed,18
325,1625,54.167,camera_2,removed,22
325,1625,54.167,camera_3,new_track,33
326,1630,54.333,camera_3,lost_track,33
329,1645,54.833,camera_3,removed,30
330,1650,55.0,camera_4,lost_track,10
330,1650,55.0,camera_5,removed,14
331,1655,55.167,camera_2,removed,-1
331,1655,55.167,camera_4,reacquired,10
331,1655,55.167,camera_4,removed,-1
332,1660,55.333,camera_2,reacquired,23
334,1670,55.667,camera_5,new_track,18
334,1670,55.667,camera_5,removed,16
334,1670,55.667,camera_6,removed,-1
336,1680,56.0,camera_3,reacquired,33
336,1680,56.0,camera_3,lost_track,31
336,1680,56.0,camera_4,lost_track,10
336,1680,56.0,camera_6,new_track,9
336,1680,56.0,camera_6,new_track,10
337,1685,56.167,camera_3,reacquired,31
337,1685,56.167,camera_3,lost_track,33
337,1685,56.167,camera_5,removed,-1
337,1685,56.167,camera_6,new_track,11
338,1690,56.333,camera_3,lost_track,31
338,1690,56.333,camera_3,removed,-1
338,1690,56.333,camera_5,reacquired,13
339,1695,56.5,camera_1,new_track,21
339,1695,56.5,camera_5,lost_track,12
339,1695,56.5,camera_5,lost_track,13
340,1700,56.667,camera_5,reacquired,12
340,1700,56.667,camera_5,reacquired,13
341,1705,56.833,camera_5,removed,11
342,1710,57.0,camera_1,reacquired,20
342,1710,57.0,camera_3,lost_track,29
343,1715,57.167,camera_3,removed,25
344,1720,57.333,camera_1,lost_track,20
344,1720,57.333,camera_1,removed,-1
344,1720,57.333,camera_6,new_track,12
345,1725,57.5,camera_5,removed,-1
345,1725,57.5,camera_5,removed,15
345,1725,57.5,camera_6,lost_track,11
346,1730,57.667,camera_5,new_track,19
347,1735,57.833,camera_1,removed,1
347,1735,57.833,camera_3,reacquired,33
347,1735,57.833,camera_3,removed,-1
347,1735,57.833,camera_5,new_track,20
348,1740,58.0,camera_3,removed,32
348,1740,58.0,camera_6,lost_track,12
348,1740,58.0,camera_6,removed,-1
349,1745,58.167,camera_3,lost_track,33
349,1745,58.167,camera_5,removed,-1
349,1745,58.167,camera_6,reacquired,11
350,1750,58.333,camera_2,removed,24
350,1750,58.333,camera_3,new_track,34
351,1755,58.5,camera_5,lost_track,19
351,1755,58.5,camera_5,removed,-1
352,1760,58.667,camera_4,removed,9
352,1760,58.667,camera_5,reacquired,19
352,1760,58.667,camera_5,lost_track,20
352,1760,58.667,camera_6,removed,-1
353,1765,58.833,camera_1,reacquired,20
353,1765,58.833,camera_5,reacquired,20
353,1765,58.833,camera_6,new_track,13
353,1765,58.833,camera_6,lost_track,11
354,1770,59.0,camera_1,lost_track,20
356,1780,59.333,camera_2,lost_track,23
356,1780,59.333,camera_5,removed,-1
356,1780,59.333,camera_6,lost_track,9
357,1785,59.5,camera_5,lost_track,19
357,1785,59.5,camera_5,lost_track,20
358,1790,59.667,camera_5,reacquired,20
359,1795,59.833,camera_4,new_track,11
359,1795,59.833,camera_4,lost_track,3
360,1800,60.0,camera_4,lost_track,11
360,1800,60.0,camera_5,new_track,21
360,1800,60.0,camera_5,new_track,22
361,1805,60.167,camera_2,removed,-1
361,1805,60.167,camera_4,removed,-1
361,1805,60.167,camera_5,lost_track,20
361,1805,60.167,camera_5,lost_track,22
362,1810,60.333,camera_4,new_track,12
362,1810,60.333,camera_5,lost_track,18
362,1810,60.333,camera_5,lost_track,13
363,1815,60.5,camera_3,removed,-1
363,1815,60.5,camera_5,removed,-1
364,1820,60.667,camera_5,reacquired,18
365,1825,60.833,camera_3,new_track,35
365,1825,60.833,camera_4,lost_track,12
365,1825,60.833,camera_5,new_track,23
366,1830,61.0,camera_3,removed,-1
366,1830,61.0,camera_4,removed,10
366,1830,61.0,camera_4,removed,-1
366,1830,61.0,camera_5,lost_track,21
366,1830,61.0,camera_7,lost_track,1
367,1835,61.167,camera_5,new_track,24
367,1835,61.167,camera_6,lost_track,13
368,1840,61.333,camera_3,removed,31
368,1840,61.333,camera_6,reacquired,13
368,1840,61.333,camera_7,new_track,2
369,1845,61.5,camera_5,new_track,25
369,1845,61.5,camera_5,removed,-1
370,1850,61.667,camera_1,new_track,22
370,1850,61.667,camera_1,reacquired,20
370,1850,61.667,camera_6,lost_track,13
371,1855,61.833,camera_1,lost_track,20
371,1855,61.833,camera_4,lost_track,5
371,1855,61.833,camera_5,removed,-1
372,1860,62.0,camera_1,reacquired,20
372,1860,62.0,camera_3,lost_track,34
372,1860,62.0,camera_3,removed,29
372,1860,62.0,camera_4,removed,-1
372,1860,62.0,camera_6,reacquired,13
373,1865,62.167,camera_1,new_track,23
373,1865,62.167,camera_3,new_track,36
373,1865,62.167,camera_3,removed,-1
373,1865,62.167,camera_5,lost_track,12
374,1870,62.333,camera_1,lost_track,20
374,1870,62.333,camera_1,lost_track,22
374,1870,62.333,camera_3,lost_track,36
375,1875,62.5,camera_5,removed,-1
376,1880,62.667,camera_5,reacquired,22
376,1880,62.667,camera_6,lost_track,13
378,1890,63.0,camera_5,removed,-1
378,1890,63.0,camera_6,removed,12
379,1895,63.167,camera_3,removed,33
379,1895,63.167,camera_5,lost_track,25
379,1895,63.167,camera_5,lost_track,23
380,1900,63.333,camera_1,new_track,24
380,1900,63.333,camera_5,removed,-1
381,1905,63.5,camera_5,new_track,26
382,1910,63.667,camera_1,lost_track,24
382,1910,63.667,camera_5,reacquired,20
382,1910,63.667,camera_5,reacquired,25
382,1910,63.667,camera_5,lost_track,26
382,1910,63.667,camera_5,removed,-1
383,1915,63.833,camera_1,lost_track,23
383,1915,63.833,camera_6,removed,11
384,1920,64.0,camera_5,lost_track,17
384,1920,64.0,camera_5,lost_track,20
385,1925,64.167,camera_3,lost_track,35
385,1925,64.167,camera_5,removed,-1
386,1930,64.333,camera_2,removed,23
386,1930,64.333,camera_6,removed,9
387,1935,64.5,camera_3,reacquired,36
387,1935,64.5,camera_5,removed,19
388,1940,64.667,camera_5,new_track,27
389,1945,64.833,camera_4,removed,3
389,1945,64.833,camera_5,lost_track,25
390,1950,65.0,camera_2,lost_track,21
390,1950,65.0,camera_4,removed,11
390,1950,65.0,camera_7,new_track,3
391,1955,65.167,camera_5,reacquired,12
391,1955,65.167,camera_5,removed,-1
392,1960,65.333,camera_5,new_track,28
392,1960,65.333,camera_5,lost_track,27
392,1960,65.333,camera_5,lost_track,12
392,1960,65.333,camera_5,removed,13
393,1965,65.5,camera_2,new_track,25
393,1965,65.5,camera_5,new_track,29
393,1965,65.5,camera_5,new_track,30
393,1965,65.5,camera_5,new_track,31
393,1965,65.5,camera_5,reacquired,17
394,1970,65.667,camera_5,lost_track,17
394,1970,65.667,camera_5,lost_track,31
394,1970,65.667,camera_7,lost_track,3
395,1975,65.833,camera_4,removed,12
395,1975,65.833,camera_5,new_track,32
395,1975,65.833,camera_5,reacquired,17
395,1975,65.833,camera_5,removed,-1
396,1980,66.0,camera_5,lost_track,17
396,1980,66.0,camera_5,removed,21
396,1980,66.0,camera_7,removed,1
399,1995,66.5,camera_5,new_track,33
399,1995,66.5,camera_5,new_track,34
400,2000,66.667,camera_1,removed,-1
400,2000,66.667,camera_5,lost_track,30
400,2000,66.667,camera_6,lost_track,10
401,2005,66.833,camera_4,removed,5
402,2010,67.0,camera_3,removed,34
402,2010,67.0,camera_5,reacquired,30
402,2010,67.0,camera_5,lost_track,33
404,2020,67.333,camera_1,reacquired,20
404,2020,67.333,camera_1,removed,22
404,2020,67.333,camera_5,lost_track,30
404,2020,67.333,camera_5,removed,-1
405,2025,67.5,camera_1,lost_track,20
405,2025,67.5,camera_5,lost_track,18
405,2025,67.5,camera_6,new_track,14
406,2030,67.667,camera_5,reacquired,30
406,2030,67.667,camera_5,reacquired,33
406,2030,67.667,camera_5,removed,-1
406,2030,67.667,camera_6,removed,13
407,2035,67.833,camera_1,reacquired,20
407,2035,67.833,camera_5,reacquired,26
407,2035,67.833,camera_5,lost_track,30
408,2040,68.0,camera_5,reacquired,30
408,2040,68.0,camera_5,lost_track,33
408,2040,68.0,camera_5,lost_track,29
408,2040,68.0,camera_5,removed,-1
409,2045,68.167,camera_5,reacquired,18
409,2045,68.167,camera_5,reacquired,29
409,2045,68.167,camera_5,lost_track,28
409,2045,68.167,camera_5,removed,23
410,2050,68.333,camera_5,lost_track,18
411,2055,68.5,camera_1,lost_track,21
411,2055,68.5,camera_5,lost_track,29
412,2060,68.667,camera_1,removed,24
412,2060,68.667,camera_1,removed,-1
412,2060,68.667,camera_5,reacquired,29
412,2060,68.667,camera_5,removed,-1
413,2065,68.833,camera_1,lost_track,20
413,2065,68.833,camera_1,removed,23
413,2065,68.833,camera_5,lost_track,29
413,2065,68.833,camera_5,lost_track,30
414,2070,69.0,camera_3,lost_track,36
414,2070,69.0,camera_5,reacquired,31
414,2070,69.0,camera_5,removed,20
415,2075,69.167,camera_3,removed,35
415,2075,69.167,camera_5,lost_track,31
417,2085,69.5,camera_5,removed,-1
418,2090,69.667,camera_5,lost_track,22
419,2095,69.833,camera_5,removed,25
420,2100,70.0,camera_2,removed,21
420,2100,70.0,camera_5,lost_track,26
420,2100,70.0,camera_5,removed,-1
421,2105,70.167,camera_5,reacquired,26
421,2105,70.167,camera_5,reacquired,33
421,2105,70.167,camera_6,removed,-1
422,2110,70.333,camera_5,lost_track,26
422,2110,70.333,camera_5,removed,27
422,2110,70.333,camera_5,removed,12
423,2115,70.5,camera_5,new_track,35
423,2115,70.5,camera_6,new_track,15
424,2120,70.667,camera_4,lost_track,8
424,2120,70.667,camera_7,removed,3
425,2125,70.833,camera_4,removed,-1
425,2125,70.833,camera_5,lost_track,35
426,2130,71.0,camera_5,reacquired,22
426,2130,71.0,camera_5,removed,17
427,2135,71.167,camera_5,lost_track,22
428,2140,71.333,camera_2,lost_track,25
428,2140,71.333,camera_5,reacquired,35
428,2140,71.333,camera_5,removed,-1
429,2145,71.5,camera_5,reacquired,22
429,2145,71.5,camera_5,lost_track,24
429,2145,71.5,camera_5,lost_track,34
429,2145,71.5,camera_5,lost_track,35
430,2150,71.667,camera_5,new_track,36
430,2150,71.667,camera_6,removed,10
432,2160,72.0,camera_5,lost_track,36
433,2165,72.167,camera_2,new_track,26
433,2165,72.167,camera_5,lost_track,33
434,2170,72.333,camera_5,reacquired,34
434,2170,72.333,camera_5,lost_track,22
435,2175,72.5,camera_4,new_track,13
435,2175,72.5,camera_5,reacquired,36
435,2175,72.5,camera_5,removed,-1
436,2180,72.667,camera_6,lost_track,15
436,2180,72.667,camera_6,removed,-1
437,2185,72.833,camera_5,lost_track,36
438,2190,73.0,camera_2,lost_track,26
438,2190,73.0,camera_5,reacquired,29
438,2190,73.0,camera_5,removed,-1
439,2195,73.167,camera_4,new_track,14
439,2195,73.167,camera_5,lost_track,34
439,2195,73.167,camera_5,lost_track,29
439,2195,73.167,camera_5,removed,28
439,2195,73.167,camera_6,new_track,16
439,2195,73.167,camera_6,lost_track,14
439,2195,73.167,camera_6,removed,-1
440,2200,73.333,camera_5,reacquired,36
440,2200,73.333,camera_5,removed,18
440,2200,73.333,camera_6,reacquired,14
440,2200,73.333,camera_6,reacquired,15
441,2205,73.5,camera_1,removed,21
441,2205,73.5,camera_5,lost_track,36
443,2215,73.833,camera_1,removed,20
443,2215,73.833,camera_5,removed,30
444,2220,74.0,camera_3,removed,36
444,2220,74.0,camera_6,lost_track,15
445,2225,74.167,camera_5,removed,31
445,2225,74.167,camera_7,new_track,4
446,2230,74.333,camera_2,new_track,27
447,2235,74.5,camera_3,new_track,37
448,2240,74.667,camera_1,new_track,25
449,2245,74.833,camera_3,removed,-1
449,2245,74.833,camera_4,lost_track,14
449,2245,74.833,camera_5,new_track,37
450,2250,75.0,camera_1,removed,-1
450,2250,75.0,camera_4,new_track,15
450,2250,75.0,camera_4,removed,-1
450,2250,75.0,camera_7,lost_track,4
451,2255,75.167,camera_4,new_track,16
452,2260,75.333,camera_4,lost_track,13
452,2260,75.333,camera_5,removed,26
453,2265,75.5,camera_1,removed,-1
453,2265,75.5,camera_5,removed,-1
454,2270,75.667,camera_4,removed,8
455,2275,75.833,camera_1,lost_track,25
455,2275,75.833,camera_4,lost_track,16
455,2275,75.833,camera_5,new_track,38
456,2280,76.0,camera_2,removed,-1
456,2280,76.0,camera_3,new_track,38
456,2280,76.0,camera_6,new_track,17
457,2285,76.167,camera_2,new_track,28
458,2290,76.333,camera_2,removed,25
458,2290,76.333,camera_3,removed,-1
458,2290,76.333,camera_7,lost_track,2
458,2290,76.333,camera_7,removed,-1
459,2295,76.5,camera_5,removed,24
459,2295,76.5,camera_5,removed,35
459,2295,76.5,camera_6,lost_track,16
460,2300,76.667,camera_5,removed,-1
460,2300,76.667,camera_6,removed,-1
461,2305,76.833,camera_1,new_track,26
462,2310,77.0,camera_1,lost_track,26
462,2310,77.0,camera_5,new_track,40
462,2310,77.0,camera_5,new_track,39
462,2310,77.0,camera_5,removed,-1
463,2315,77.167,camera_1,reacquired,26
463,2315,77.167,camera_1,removed,-1
463,2315,77.167,camera_5,removed,33
464,2320,77.333,camera_1,new_track,27
464,2320,77.333,camera_1,lost_track,26
464,2320,77.333,camera_5,removed,22
465,2325,77.5,camera_1,reacquired,26
465,2325,77.5,camera_4,lost_track,15
465,2325,77.5,camera_5,lost_track,37
465,2325,77.5,camera_6,lost_track,17
466,2330,77.667,camera_5,removed,-1
467,2335,77.833,camera_5,lost_track,40
467,2335,77.833,camera_6,removed,-1
468,2340,78.0,camera_2,removed,26
468,2340,78.0,camera_6,lost_track,14
469,2345,78.167,camera_1,lost_track,26
469,2345,78.167,camera_5,removed,34
469,2345,78.167,camera_5,removed,29
471,2355,78.5,camera_1,lost_track,27
471,2355,78.5,camera_5,lost_track,39
471,2355,78.5,camera_5,removed,36
471,2355,78.5,camera_5,removed,-1
473,2365,78.833,camera_5,new_track,41
473,2365,78.833,camera_5,reacquired,39
474,2370,79.0,camera_3,lost_track,38
474,2370,79.0,camera_5,lost_track,41
474,2370,79.0,camera_5,lost_track,39
474,2370,79.0,camera_5,removed,-1
474,2370,79.0,camera_6,removed,15
475,2375,79.167,camera_3,removed,-1
475,2375,79.167,camera_5,new_track,42
475,2375,79.167,camera_5,lost_track,32
475,2375,79.167,camera_5,lost_track,38
476,2380,79.333,camera_5,removed,-1
477,2385,79.5,camera_1,removed,-1
477,2385,79.5,camera_3,lost_track,37
477,2385,79.5,camera_5,new_track,43
478,2390,79.667,camera_3,new_track,39
478,2390,79.667,camera_5,removed,-1
478,2390,79.667,camera_7,new_track,5
479,2395,79.833,camera_1,new_track,28
479,2395,79.833,camera_1,new_track,29
479,2395,79.833,camera_4,removed,14
480,2400,80.0,camera_1,new_track,30
480,2400,80.0,camera_1,lost_track,28
480,2400,80.0,camera_1,lost_track,29
480,2400,80.0,camera_2,lost_track,28
480,2400,80.0,camera_5,lost_track,42
480,2400,80.0,camera_7,removed,4
481,2405,80.167,camera_1,reacquired,28
481,2405,80.167,camera_1,lost_track,30
481,2405,80.167,camera_1,removed,-1
481,2405,80.167,camera_2,removed,-1
481,2405,80.167,camera_5,reacquired,39
481,2405,80.167,camera_5,reacquired,42
482,2410,80.333,camera_4,removed,13
483,2415,80.5,camera_1,reacquired,30
484,2420,80.667,camera_1,lost_track,30
485,2425,80.833,camera_1,new_track,31
485,2425,80.833,camera_1,removed,25
485,2425,80.833,camera_4,removed,16
486,2430,81.0,camera_1,lost_track,28
487,2435,81.167,camera_1,new_track,32
487,2435,81.167,camera_1,new_track,33
488,2440,81.333,camera_1,lost_track,33
488,2440,81.333,camera_1,lost_track,31
488,2440,81.333,camera_7,removed,2
489,2445,81.5,camera_1,reacquired,30
489,2445,81.5,camera_1,reacquired,31
489,2445,81.5,camera_1,reacquired,33
489,2445,81.5,camera_6,removed,16
490,2450,81.667,camera_1,lost_track,33
490,2450,81.667,camera_1,lost_track,30
490,2450,81.667,camera_1,lost_track,31
491,2455,81.833,camera_1,reacquired,30
491,2455,81.833,camera_1,reacquired,33
491,2455,81.833,camera_2,new_track,29
491,2455,81.833,camera_5,lost_track,43
491,2455,81.833,camera_5,lost_track,39
492,2460,82.0,camera_3,lost_track,39
492,2460,82.0,camera_5,new_track,44
492,2460,82.0,camera_5,reacquired,39
493,2465,82.167,camera_1,lost_track,33
494,2470,82.333,camera_1,lost_track,32
494,2470,82.333,camera_1,lost_track,30
494,2470,82.333,camera_5,new_track,45
494,2470,82.333,camera_5,removed,-1
495,2475,82.5,camera_1,reacquired,30
495,2475,82.5,camera_2,lost_track,29
495,2475,82.5,camera_4,removed,15
495,2475,82.5,camera_5,removed,37
495,2475,82.5,camera_6,removed,17
496,2480,82.667,camera_1,lost_track,30
496,2480,82.667,camera_2,removed,-1
497,2485,82.833,camera_5,lost_track,42
497,2485,82.833,camera_5,removed,40
498,2490,83.0,camera_4,new_track,17
498,2490,83.0,camera_5,new_track,46
498,2490,83.0,camera_5,reacquired,42
498,2490,83.0,camera_6,removed,14
499,2495,83.167,camera_1,removed,26
499,2495,83.167,camera_5,lost_track,42
499,2495,83.167,camera_5,removed,-1
500,2500,83.333,camera_5,reacquired,42
501,2505,83.5,camera_1,removed,27
501,2505,83.5,camera_2,lost_track,27
501,2505,83.5,camera_3,removed,-1
501,2505,83.5,camera_5,reacquired,43
501,2505,83.5,camera_5,lost_track,45
502,2510,83.667,camera_5,lost_track,42
502,2510,83.667,camera_5,lost_track,43
503,2515,83.833,camera_3,new_track,40
503,2515,83.833,camera_5,reacquired,43
503,2515,83.833,camera_5,lost_track,46
504,2520,84.0,camera_3,removed,38
504,2520,84.0,camera_5,reacquired,46
504,2520,84.0,camera_5,removed,41
505,2525,84.167,camera_5,lost_track,43
505,2525,84.167,camera_5,removed,32
505,2525,84.167,camera_5,removed,38
506,2530,84.333,camera_5,reacquired,43
506,2530,84.333,camera_5,lost_track,46
507,2535,84.5,camera_3,removed,37
507,2535,84.5,camera_5,lost_track,43
508,2540,84.667,camera_5,removed,-1
509,2545,84.833,camera_5,reacquired,42
510,2550,85.0,camera_1,removed,29
510,2550,85.0,camera_2,removed,28
512,2560,85.333,camera_4,new_track,18
513,2565,85.5,camera_5,lost_track,39
514,2570,85.667,camera_5,reacquired,39
516,2580,86.0,camera_1,removed,28
516,2580,86.0,camera_3,lost_track,40
516,2580,86.0,camera_5,lost_track,39
517,2585,86.167,camera_4,new_track,19
520,2600,86.667,camera_1,removed,31
521,2605,86.833,camera_5,reacquired,39
522,2610,87.0,camera_3,removed,39
522,2610,87.0,camera_5,lost_track,39
523,2615,87.167,camera_1,removed,33
524,2620,87.333,camera_1,removed,32
524,2620,87.333,camera_5,new_track,47
524,2620,87.333,camera_7,removed,-1
525,2625,87.5,camera_2,removed,29
526,2630,87.667,camera_1,removed,30
526,2630,87.667,camera_5,lost_track,47
527,2635,87.833,camera_7,lost_track,5
528,2640,88.0,camera_2,new_track,30
528,2640,88.0,camera_3,reacquired,40
528,2640,88.0,camera_5,reacquired,39
529,2645,88.167,camera_1,new_track,34
530,2650,88.333,camera_5,lost_track,39
531,2655,88.5,camera_2,removed,27
531,2655,88.5,camera_3,removed,-1
531,2655,88.5,camera_5,reacquired,39
531,2655,88.5,camera_5,lost_track,44
531,2655,88.5,camera_5,removed,45
533,2665,88.833,camera_3,new_track,41
533,2665,88.833,camera_5,new_track,48
534,2670,89.0,camera_3,lost_track,41
534,2670,89.0,camera_5,new_track,49
534,2670,89.0,camera_5,lost_track,48
534,2670,89.0,camera_5,removed,-1
536,2680,89.333,camera_4,lost_track,18
536,2680,89.333,camera_5,lost_track,49
536,2680,89.333,camera_5,removed,46
537,2685,89.5,camera_4,new_track,20
537,2685,89.5,camera_5,reacquired,49
537,2685,89.5,camera_5,removed,43
538,2690,89.667,camera_1,removed,-1
538,2690,89.667,camera_5,reacquired,47
538,2690,89.667,camera_5,lost_track,49
539,2695,89.833,camera_4,lost_track,20
539,2695,89.833,camera_5,reacquired,49
539,2695,89.833,camera_5,removed,-1
540,2700,90.0,camera_5,new_track,50
540,2700,90.0,camera_5,reacquired,48
541,2705,90.167,camera_5,lost_track,48
541,2705,90.167,camera_5,lost_track,47
542,2710,90.333,camera_5,reacquired,48
542,2710,90.333,camera_5,removed,-1
543,2715,90.5,camera_2,lost_track,30
543,2715,90.5,camera_5,reacquired,44
543,2715,90.5,camera_5,lost_track,48
543,2715,90.5,camera_5,lost_track,39
544,2720,90.667,camera_2,removed,-1
544,2720,90.667,camera_5,lost_track,49
544,2720,90.667,camera_5,lost_track,42
544,2720,90.667,camera_5,removed,-1
545,2725,90.833,camera_5,reacquired,42
546,2730,91.0,camera_5,new_track,51
546,2730,91.0,camera_5,reacquired,48
547,2735,91.167,camera_5,new_track,52
548,2740,91.333,camera_5,new_track,53
548,2740,91.333,camera_5,new_track,54
548,2740,91.333,camera_5,lost_track,48
549,2745,91.5,camera_5,lost_track,54
550,2750,91.667,camera_5,reacquired,48
551,2755,91.833,camera_5,lost_track,48
554,2770,92.333,camera_5,lost_track,52
554,2770,92.333,camera_5,lost_track,53
554,2770,92.333,camera_5,removed,-1
556,2780,92.667,camera_5,new_track,55
556,2780,92.667,camera_5,lost_track,51
557,2785,92.833,camera_5,reacquired,51
557,2785,92.833,camera_5,reacquired,53
557,2785,92.833,camera_5,lost_track,55
557,2785,92.833,camera_7,removed,5
558,2790,93.0,camera_5,reacquired,47
558,2790,93.0,camera_5,reacquired,48
558,2790,93.0,camera_5,lost_track,51
559,2795,93.167,camera_5,new_track,56
559,2795,93.167,camera_5,lost_track,48
560,2800,93.333,camera_5,reacquired,55
560,2800,93.333,camera_5,lost_track,56
560,2800,93.333,camera_5,lost_track,47
561,2805,93.5,camera_5,reacquired,56
561,2805,93.5,camera_5,lost_track,50
561,2805,93.5,camera_7,removed,-1
562,2810,93.667,camera_5,removed,-1
562,2810,93.667,camera_7,new_track,6
564,2820,94.0,camera_3,removed,41
566,2830,94.333,camera_3,lost_track,40
566,2830,94.333,camera_4,removed,18
568,2840,94.667,camera_5,removed,-1
569,2845,94.833,camera_4,removed,20
571,2855,95.167,camera_2,new_track,31
572,2860,95.333,camera_1,lost_track,34
573,2865,95.5,camera_2,removed,30
573,2865,95.5,camera_5,removed,-1
573,2865,95.5,camera_5,removed,39
574,2870,95.667,camera_5,removed,49
576,2880,96.0,camera_1,new_track,35
576,2880,96.0,camera_3,new_track,42
576,2880,96.0,camera_5,lost_track,56
577,2885,96.167,camera_2,new_track,32
577,2885,96.167,camera_3,removed,-1
577,2885,96.167,camera_5,removed,-1
578,2890,96.333,camera_1,lost_track,35
578,2890,96.333,camera_1,removed,-1
579,2895,96.5,camera_5,removed,54
579,2895,96.5,camera_5,removed,-1
580,2900,96.667,camera_1,new_track,36
582,2910,97.0,camera_1,new_track,37
582,2910,97.0,camera_2,lost_track,32
583,2915,97.167,camera_4,lost_track,17
583,2915,97.167,camera_5,removed,-1
584,2920,97.333,camera_1,lost_track,37
584,2920,97.333,camera_3,lost_track,42
584,2920,97.333,camera_5,removed,52
585,2925,97.5,camera_1,removed,-1
585,2925,97.5,camera_3,reacquired,42
585,2925,97.5,camera_5,new_track,57
585,2925,97.5,camera_5,new_track,58
586,2930,97.667,camera_1,reacquired,37
586,2930,97.667,camera_1,lost_track,36
586,2930,97.667,camera_6,new_track,18
586,2930,97.667,camera_6,removed,-1
587,2935,97.833,camera_1,new_track,38
587,2935,97.833,camera_1,removed,-1
587,2935,97.833,camera_5,new_track,59
587,2935,97.833,camera_5,removed,-1
588,2940,98.0,camera_1,new_track,39
588,2940,98.0,camera_5,reacquired,56
588,2940,98.0,camera_5,removed,51
588,2940,98.0,camera_6,removed,-1
589,2945,98.167,camera_1,new_track,40
589,2945,98.167,camera_3,lost_track,42
589,2945,98.167,camera_5,removed,48
589,2945,98.167,camera_6,new_track,19
590,2950,98.333,camera_1,lost_track,37
590,2950,98.333,camera_5,lost_track,58
590,2950,98.333,camera_5,lost_track,59
590,2950,98.333,camera_5,removed,47
591,2955,98.5,camera_3,removed,-1
591,2955,98.5,camera_4,lost_track,19
591,2955,98.5,camera_5,removed,50
591,2955,98.5,camera_5,removed,-1
592,2960,98.667,camera_1,removed,-1
592,2960,98.667,camera_5,new_track,60
592,2960,98.667,camera_5,lost_track,56
593,2965,98.833,camera_1,new_track,41
593,2965,98.833,camera_1,reacquired,37
593,2965,98.833,camera_6,lost_track,19
593,2965,98.833,camera_6,removed,-1
594,2970,99.0,camera_6,new_track,20
596,2980,99.333,camera_3,removed,40
597,2985,99.5,camera_1,lost_track,40
597,2985,99.5,camera_5,lost_track,60
598,2990,99.667,camera_5,reacquired,60
598,2990,99.667,camera_5,removed,-1
599,2995,99.833,camera_5,lost_track,42
600,3000,100.0,camera_1,reacquired,40
600,3000,100.0,camera_1,lost_track,41
601,3005,100.167,camera_1,new_track,42
601,3005,100.167,camera_5,removed,-1
601,3005,100.167,camera_6,new_track,21
602,3010,100.333,camera_1,lost_track,37
602,3010,100.333,camera_1,removed,34
602,3010,100.333,camera_5,new_track,61
602,3010,100.333,camera_5,lost_track,60
603,3015,100.5,camera_1,reacquired,37
603,3015,100.5,camera_1,lost_track,40
603,3015,100.5,camera_5,lost_track,61
603,3015,100.5,camera_5,removed,-1
603,3015,100.5,camera_6,new_track,22
604,3020,100.667,camera_1,lost_track,37
604,3020,100.667,camera_1,lost_track,39
604,3020,100.667,camera_2,removed,-1
604,3020,100.667,camera_5,new_track,62
604,3020,100.667,camera_6,lost_track,21
605,3025,100.833,camera_1,reacquired,40
605,3025,100.833,camera_1,lost_track,38
606,3030,101.0,camera_1,new_track,43
606,3030,101.0,camera_1,reacquired,37
606,3030,101.0,camera_1,reacquired,38
606,3030,101.0,camera_2,new_track,33
606,3030,101.0,camera_2,removed,-1
607,3035,101.167,camera_1,reacquired,39
607,3035,101.167,camera_1,lost_track,43
607,3035,101.167,camera_1,lost_track,37
608,3040,101.333,camera_1,lost_track,40
608,3040,101.333,camera_1,lost_track,38
608,3040,101.333,camera_1,lost_track,39
608,3040,101.333,camera_1,removed,35
608,3040,101.333,camera_2,lost_track,33
608,3040,101.333,camera_2,removed,-1
608,3040,101.333,camera_5,new_track,63
608,3040,101.333,camera_5,reacquired,61
608,3040,101.333,camera_5,lost_track,44
608,3040,101.333,camera_7,lost_track,6
609,3045,101.5,camera_5,lost_track,53
609,3045,101.5,camera_5,removed,-1
611,3055,101.833,camera_5,reacquired,53
611,3055,101.833,camera_5,lost_track,61
611,3055,101.833,camera_6,lost_track,18
611,3055,101.833,camera_6,lost_track,22
612,3060,102.0,camera_2,removed,32
612,3060,102.0,camera_5,lost_track,63
612,3060,102.0,camera_6,removed,-1
613,3065,102.167,camera_2,new_track,34
613,3065,102.167,camera_4,removed,17
613,3065,102.167,camera_6,lost_track,20
614,3070,102.333,camera_2,lost_track,34
614,3070,102.333,camera_2,removed,-1
614,3070,102.333,camera_4,new_track,21
614,3070,102.333,camera_6,removed,-1
615,3075,102.5,camera_5,removed,-1
616,3080,102.667,camera_1,removed,36
616,3080,102.667,camera_2,new_track,35
616,3080,102.667,camera_5,new_track,64
616,3080,102.667,camera_5,reacquired,63
618,3090,103.0,camera_2,reacquired,34
618,3090,103.0,camera_3,new_track,43
619,3095,103.167,camera_3,removed,42
619,3095,103.167,camera_5,lost_track,63
619,3095,103.167,camera_5,removed,-1
620,3100,103.333,camera_2,lost_track,34
620,3100,103.333,camera_4,new_track,22
620,3100,103.333,camera_4,lost_track,21
620,3100,103.333,camera_5,removed,58
620,3100,103.333,camera_5,removed,59
621,3105,103.5,camera_4,removed,19
622,3110,103.667,camera_2,new_track,36
622,3110,103.667,camera_5,lost_track,64
622,3110,103.667,camera_5,removed,56
623,3115,103.833,camera_2,new_track,37
623,3115,103.833,camera_6,removed,19
624,3120,104.0,camera_2,lost_track,37
624,3120,104.0,camera_2,lost_track,31
624,3120,104.0,camera_5,lost_track,55
625,3125,104.167,camera_1,removed,-1
625,3125,104.167,camera_2,lost_track,36
625,3125,104.167,camera_2,removed,-1
627,3135,104.5,camera_4,lost_track,22
627,3135,104.5,camera_4,removed,-1
627,3135,104.5,camera_5,removed,-1
629,3145,104.833,camera_5,removed,42
629,3145,104.833,camera_5,removed,-1
630,3150,105.0,camera_1,removed,41
630,3150,105.0,camera_4,new_track,23
630,3150,105.0,camera_5,lost_track,57
631,3155,105.167,camera_5,reacquired,57
631,3155,105.167,camera_7,new_track,7
632,3160,105.333,camera_5,lost_track,57
632,3160,105.333,camera_5,removed,60
633,3165,105.5,camera_5,reacquired,57
633,3165,105.5,camera_5,removed,-1
634,3170,105.667,camera_5,lost_track,57
634,3170,105.667,camera_6,removed,21
635,3175,105.833,camera_5,new_track,65
636,3180,106.0,camera_1,lost_track,42
637,3185,106.167,camera_1,reacquired,42
637,3185,106.167,camera_1,removed,43
637,3185,106.167,camera_1,removed,37
637,3185,106.167,camera_4,lost_track,23
637,3185,106.167,camera_5,lost_track,65
638,3190,106.333,camera_1,lost_track,42
638,3190,106.333,camera_1,removed,40
638,3190,106.333,camera_1,removed,38
638,3190,106.333,camera_1,removed,39
638,3190,106.333,camera_2,removed,33
638,3190,106.333,camera_4,removed,-1
638,3190,106.333,camera_5,reacquired,65
638,3190,106.333,camera_5,removed,44
638,3190,106.333,camera_7,removed,6
639,3195,106.5,camera_1,reacquired,42
639,3195,106.5,camera_6,removed,-1
640,3200,106.667,camera_6,new_track,23
641,3205,106.833,camera_1,lost_track,42
641,3205,106.833,camera_1,removed,-1
641,3205,106.833,camera_5,removed,61
641,3205,106.833,camera_6,removed,18
641,3205,106.833,camera_6,removed,22
642,3210,107.0,camera_5,lost_track,65
643,3215,107.167,camera_5,removed,-1
643,3215,107.167,camera_6,removed,20
644,3220,107.333,camera_3,lost_track,43
644,3220,107.333,camera_5,new_track,66
645,3225,107.5,camera_5,new_track,67
645,3225,107.5,camera_5,lost_track,53
646,3230,107.667,camera_5,reacquired,53
646,3230,107.667,camera_5,lost_track,66
646,3230,107.667,camera_5,lost_track,67
646,3230,107.667,camera_5,lost_track,62
646,3230,107.667,camera_6,new_track,24
647,3235,107.833,camera_5,reacquired,65
647,3235,107.833,camera_5,removed,-1
648,3240,108.0,camera_4,new_track,24
648,3240,108.0,camera_5,lost_track,65
648,3240,108.0,camera_5,lost_track,53
649,3245,108.167,camera_2,lost_track,35
649,3245,108.167,camera_5,reacquired,53
649,3245,108.167,camera_5,removed,63
649,3245,108.167,camera_7,lost_track,7
650,3250,108.333,camera_2,removed,34
650,3250,108.333,camera_4,removed,21
650,3250,108.333,camera_7,removed,-1
652,3260,108.667,camera_5,lost_track,53
652,3260,108.667,camera_5,removed,64
652,3260,108.667,camera_6,lost_track,23
653,3265,108.833,camera_5,reacquired,53
653,3265,108.833,camera_6,reacquired,23
653,3265,108.833,camera_6,removed,-1
654,3270,109.0,camera_2,removed,37
654,3270,109.0,camera_2,removed,31
654,3270,109.0,camera_5,reacquired,66
654,3270,109.0,camera_5,removed,55
654,3270,109.0,camera_7,new_track,8
655,3275,109.167,camera_2,removed,36
656,3280,109.333,camera_2,new_track,38
656,3280,109.333,camera_5,reacquired,67
656,3280,109.333,camera_5,lost_track,66
657,3285,109.5,camera_4,removed,22
657,3285,109.5,camera_5,lost_track,67
658,3290,109.667,camera_5,reacquired,66
658,3290,109.667,camera_5,removed,-1
659,3295,109.833,camera_5,lost_track,66
660,3300,110.0,camera_6,new_track,25
662,3310,110.333,camera_5,new_track,68
663,3315,110.5,camera_7,new_track,9
663,3315,110.5,camera_7,lost_track,8
663,3315,110.5,camera_7,removed,-1
664,3320,110.667,camera_2,lost_track,38
664,3320,110.667,camera_5,lost_track,68
664,3320,110.667,camera_5,removed,57
665,3325,110.833,camera_5,reacquired,66
665,3325,110.833,camera_6,new_track,26
666,3330,111.0,camera_3,new_track,44
666,3330,111.0,camera_5,reacquired,68
667,3335,111.167,camera_4,removed,23
668,3340,111.333,camera_3,removed,-1
668,3340,111.333,camera_6,lost_track,26
670,3350,111.667,camera_5,removed,-1
670,3350,111.667,camera_6,lost_track,23
671,3355,111.833,camera_1,removed,42
671,3355,111.833,camera_6,removed,-1
672,3360,112.0,camera_4,removed,-1
673,3365,112.167,camera_4,new_track,25
674,3370,112.333,camera_3,removed,43
674,3370,112.333,camera_5,reacquired,67
674,3370,112.333,camera_5,lost_track,66
674,3370,112.333,camera_5,removed,-1
674,3370,112.333,camera_6,reacquired,23
674,3370,112.333,camera_6,removed,-1
675,3375,112.5,camera_5,lost_track,67
675,3375,112.5,camera_5,lost_track,53
676,3380,112.667,camera_5,removed,62
677,3385,112.833,camera_4,lost_track,25
678,3390,113.0,camera_2,removed,-1
678,3390,113.0,camera_4,lost_track,24
678,3390,113.0,camera_5,lost_track,68
678,3390,113.0,camera_5,removed,65
679,3395,113.167,camera_2,new_track,39
679,3395,113.167,camera_2,removed,35
679,3395,113.167,camera_6,lost_track,23
679,3395,113.167,camera_7,removed,7
680,3400,113.333,camera_5,reacquired,67
680,3400,113.333,camera_5,removed,-1
681,3405,113.5,camera_6,lost_track,24
682,3410,113.667,camera_6,removed,-1
683,3415,113.833,camera_5,removed,-1
684,3420,114.0,camera_6,new_track,27
685,3425,114.167,camera_6,lost_track,27
685,3425,114.167,camera_6,removed,-1
686,3430,114.333,camera_6,reacquired,27
687,3435,114.5,camera_5,removed,-1
687,3435,114.5,camera_6,lost_track,27
687,3435,114.5,camera_7,new_track,10
688,3440,114.667,camera_5,new_track,69
689,3445,114.833,camera_1,new_track,44
689,3445,114.833,camera_5,lost_track,69
691,3455,115.167,camera_4,new_track,26
691,3455,115.167,camera_4,removed,-1
691,3455,115.167,camera_6,reacquired,27
691,3455,115.167,camera_7,lost_track,9
692,3460,115.333,camera_4,new_track,27
692,3460,115.333,camera_5,reacquired,69
693,3465,115.5,camera_5,lost_track,69
693,3465,115.5,camera_7,removed,8
694,3470,115.667,camera_2,removed,38
694,3470,115.667,camera_4,lost_track,27
695,3475,115.833,camera_4,new_track,28
696,3480,116.0,camera_5,removed,-1
696,3480,116.0,camera_7,new_track,11
697,3485,116.167,camera_1,lost_track,44
697,3485,116.167,camera_5,new_track,70
698,3490,116.333,camera_6,removed,26
699,3495,116.5,camera_4,lost_track,28
700,3500,116.667,camera_5,new_track,71
700,3500,116.667,camera_7,new_track,12
701,3505,116.833,camera_5,lost_track,71
701,3505,116.833,camera_5,removed,-1
701,3505,116.833,camera_7,lost_track,12
702,3510,117.0,camera_7,removed,-1
703,3515,117.167,camera_5,new_track,72
704,3520,117.333,camera_5,removed,66
704,3520,117.333,camera_5,removed,-1
705,3525,117.5,camera_5,removed,53
706,3530,117.667,camera_3,new_track,45
707,3535,117.833,camera_4,removed,25
708,3540,118.0,camera_4,removed,24
708,3540,118.0,camera_5,removed,68
709,3545,118.167,camera_5,removed,-1
709,3545,118.167,camera_6,removed,23
710,3550,118.333,camera_3,new_track,46
710,3550,118.333,camera_7,reacquired,12
711,3555,118.5,camera_3,lost_track,46
711,3555,118.5,camera_5,removed,-1
711,3555,118.5,camera_6,removed,24
712,3560,118.667,camera_7,new_track,13
713,3565,118.833,camera_5,removed,-1
714,3570,119.0,camera_7,lost_track,10
715,3575,119.167,camera_3,lost_track,45
715,3575,119.167,camera_5,removed,-1
715,3575,119.167,camera_7,removed,-1
716,3580,119.333,camera_3,new_track,47
716,3580,119.333,camera_7,new_track,14
717,3585,119.5,camera_5,new_track,73
718,3590,119.667,camera_3,new_track,48
718,3590,119.667,camera_5,removed,-1
719,3595,119.833,camera_3,lost_track,48
719,3595,119.833,camera_5,lost_track,72
719,3595,119.833,camera_7,lost_track,13
720,3600,120.0,camera_5,new_track,74
721,3605,120.167,camera_5,lost_track,74
721,3605,120.167,camera_5,removed,-1
721,3605,120.167,camera_7,removed,9
722,3610,120.333,camera_3,reacquired,48
722,3610,120.333,camera_3,lost_track,47
722,3610,120.333,camera_4,lost_track,26
723,3615,120.5,camera_5,removed,69
723,3615,120.5,camera_5,removed,-1
724,3620,120.667,camera_4,removed,27
725,3625,120.833,camera_2,new_track,40
725,3625,120.833,camera_6,lost_track,27
725,3625,120.833,camera_7,lost_track,14
726,3630,121.0,camera_5,reacquired,71
726,3630,121.0,camera_5,lost_track,73
726,3630,121.0,camera_7,removed,-1
727,3635,121.167,camera_1,removed,44
727,3635,121.167,camera_3,reacquired,47
727,3635,121.167,camera_3,removed,-1
727,3635,121.167,camera_6,reacquired,27
727,3635,121.167,camera_6,removed,-1
728,3640,121.333,camera_3,lost_track,48
728,3640,121.333,camera_5,reacquired,74
729,3645,121.5,camera_4,removed,28
730,3650,121.667,camera_4,removed,-1
731,3655,121.833,camera_6,lost_track,27
737,3685,122.833,camera_1,removed,-1
737,3685,122.833,camera_5,lost_track,67
738,3690,123.0,camera_5,removed,-1
739,3695,123.167,camera_1,new_track,45
739,3695,123.167,camera_5,lost_track,74
741,3705,123.5,camera_3,removed,46
742,3710,123.667,camera_4,new_track,29
742,3710,123.667,camera_5,new_track,75
742,3710,123.667,camera_5,reacquired,73
742,3710,123.667,camera_5,reacquired,74
743,3715,123.833,camera_5,lost_track,73
743,3715,123.833,camera_5,lost_track,74
744,3720,124.0,camera_1,new_track,46
744,3720,124.0,camera_4,lost_track,29
744,3720,124.0,camera_7,removed,10
745,3725,124.167,camera_3,removed,45
745,3725,124.167,camera_5,reacquired,73
745,3725,124.167,camera_5,reacquired,74
745,3725,124.167,camera_5,lost_track,75
746,3730,124.333,camera_5,lost_track,73
746,3730,124.333,camera_6,new_track,28
747,3735,124.5,camera_5,lost_track,74
748,3740,124.667,camera_1,lost_track,46
748,3740,124.667,camera_7,new_track,15
749,3745,124.833,camera_1,reacquired,46
749,3745,124.833,camera_5,removed,72
749,3745,124.833,camera_7,removed,13
750,3750,125.0,camera_1,lost_track,46
750,3750,125.0,camera_6,lost_track,28
751,3755,125.167,camera_1,reacquired,46
751,3755,125.167,camera_5,lost_track,71
752,3760,125.333,camera_1,lost_track,46
752,3760,125.333,camera_4,removed,26
752,3760,125.333,camera_6,lost_track,25
754,3770,125.667,camera_1,reacquired,46
755,3775,125.833,camera_2,lost_track,40
755,3775,125.833,camera_7,removed,14
756,3780,126.0,camera_1,lost_track,46
756,3780,126.0,camera_2,new_track,41
757,3785,126.167,camera_1,reacquired,46
757,3785,126.167,camera_7,removed,-1
758,3790,126.333,camera_3,removed,48
758,3790,126.333,camera_7,lost_track,15
759,3795,126.5,camera_1,lost_track,46
760,3800,126.667,camera_5,removed,-1
761,3805,126.833,camera_2,lost_track,41
761,3805,126.833,camera_6,removed,27
762,3810,127.0,camera_5,lost_track,70
763,3815,127.167,camera_7,lost_track,11
763,3815,127.167,camera_7,removed,-1
767,3835,127.833,camera_5,removed,67
768,3840,128.0,camera_7,lost_track,12
769,3845,128.167,camera_7,new_track,16
769,3845,128.167,camera_7,new_track,17
770,3850,128.333,camera_7,removed,-1
773,3865,128.833,camera_4,new_track,30
773,3865,128.833,camera_4,removed,-1
773,3865,128.833,camera_7,reacquired,11
773,3865,128.833,camera_7,lost_track,16
774,3870,129.0,camera_4,removed,29
775,3875,129.167,camera_5,removed,75
775,3875,129.167,camera_7,reacquired,16
775,3875,129.167,camera_7,lost_track,11
776,3880,129.333,camera_5,removed,73
777,3885,129.5,camera_3,removed,-1
777,3885,129.5,camera_5,removed,74
777,3885,129.5,camera_6,removed,-1
778,3890,129.667,camera_4,lost_track,30
778,3890,129.667,camera_6,new_track,29
779,3895,129.833,camera_7,lost_track,16
780,3900,130.0,camera_6,removed,28
780,3900,130.0,camera_7,removed,-1
781,3905,130.167,camera_5,removed,71
781,3905,130.167,camera_7,new_track,18
782,3910,130.333,camera_6,removed,25
782,3910,130.333,camera_7,new_track,19
784,3920,130.667,camera_3,lost_track,47
785,3925,130.833,camera_2,removed,40
785,3925,130.833,camera_3,new_track,49
785,3925,130.833,camera_7,new_track,20
786,3930,131.0,camera_3,lost_track,49
786,3930,131.0,camera_7,new_track,21
786,3930,131.0,camera_7,lost_track,19
787,3935,131.167,camera_7,reacquired,19
788,3940,131.333,camera_7,lost_track,19
788,3940,131.333,camera_7,removed,15
789,3945,131.5,camera_1,removed,46
789,3945,131.5,camera_2,new_track,42
791,3955,131.833,camera_2,removed,41
792,3960,132.0,camera_5,removed,70
793,3965,132.167,camera_6,new_track,30
794,3970,132.333,camera_7,new_track,22
794,3970,132.333,camera_7,lost_track,21
795,3975,132.5,camera_5,new_track,76
798,3990,133.0,camera_6,removed,-1
798,3990,133.0,camera_7,removed,12
799,3995,133.167,camera_7,lost_track,20
800,4000,133.333,camera_6,new_track,31
800,4000,133.333,camera_7,reacquired,20
800,4000,133.333,camera_7,removed,-1
801,4005,133.5,camera_3,reacquired,49
801,4005,133.5,camera_6,lost_track,30
802,4010,133.667,camera_1,removed,-1
802,4010,133.667,camera_2,new_track,43
802,4010,133.667,camera_6,new_track,32
802,4010,133.667,camera_6,reacquired,30
803,4015,133.833,camera_6,removed,-1
805,4025,134.167,camera_6,lost_track,30
805,4025,134.167,camera_7,removed,11
806,4030,134.333,camera_6,removed,-1
807,4035,134.5,camera_6,new_track,33
808,4040,134.667,camera_4,removed,30
809,4045,134.833,camera_7,removed,16
810,4050,135.0,camera_4,new_track,31
812,4060,135.333,camera_1,new_track,47
812,4060,135.333,camera_2,lost_track,43
812,4060,135.333,camera_6,new_track,34
812,4060,135.333,camera_6,removed,-1
813,4065,135.5,camera_2,new_track,44
813,4065,135.5,camera_6,lost_track,33
814,4070,135.667,camera_3,removed,47
814,4070,135.667,camera_4,lost_track,31
815,4075,135.833,camera_5,new_track,77
815,4075,135.833,camera_6,removed,-1
816,4080,136.0,camera_5,new_track,78
816,4080,136.0,camera_5,lost_track,77
816,4080,136.0,camera_5,removed,-1
817,4085,136.167,camera_3,removed,-1
817,4085,136.167,camera_5,new_track,79
817,4085,136.167,camera_6,new_track,35
817,4085,136.167,camera_6,reacquired,33
817,4085,136.167,camera_6,removed,-1
818,4090,136.333,camera_2,lost_track,42
818,4090,136.333,camera_6,lost_track,34
818,4090,136.333,camera_6,lost_track,35
818,4090,136.333,camera_7,lost_track,18
818,4090,136.333,camera_7,removed,19
819,4095,136.5,camera_3,removed,-1
820,4100,136.667,camera_3,new_track,50
821,4105,136.833,camera_1,new_track,48
821,4105,136.833,camera_5,new_track,80
821,4105,136.833,camera_6,lost_track,31
822,4110,137.0,camera_7,removed,-1
823,4115,137.167,camera_5,removed,-1
824,4120,137.333,camera_7,removed,21
825,4125,137.5,camera_6,removed,-1
825,4125,137.5,camera_7,new_track,23
826,4130,137.667,camera_5,lost_track,80
826,4130,137.667,camera_7,lost_track,22
827,4135,137.833,camera_5,new_track,81
827,4135,137.833,camera_5,reacquired,77
828,4140,138.0,camera_1,lost_track,48
828,4140,138.0,camera_1,lost_track,45
828,4140,138.0,camera_5,new_track,82
828,4140,138.0,camera_5,lost_track,81
829,4145,138.167,camera_2,new_track,45
829,4145,138.167,camera_5,reacquired,81
829,4145,138.167,camera_5,lost_track,82
829,4145,138.167,camera_5,lost_track,79
829,4145,138.167,camera_7,lost_track,20
830,4150,138.333,camera_1,reacquired,45
831,4155,138.5,camera_5,lost_track,78
831,4155,138.5,camera_7,reacquired,20
831,4155,138.5,camera_7,lost_track,23
832,4160,138.667,camera_1,lost_track,45
832,4160,138.667,camera_5,new_track,83
832,4160,138.667,camera_6,lost_track,29
832,4160,138.667,camera_7,reacquired,23
833,4165,138.833,camera_1,removed,-1
833,4165,138.833,camera_7,removed,-1
834,4170,139.0,camera_1,new_track,49
834,4170,139.0,camera_1,reacquired,45
834,4170,139.0,camera_1,lost_track,47
834,4170,139.0,camera_2,new_track,46
834,4170,139.0,camera_5,removed,-1
834,4170,139.0,camera_7,lost_track,20
835,4175,139.167,camera_1,reacquired,47
835,4175,139.167,camera_6,removed,30
836,4180,139.333,camera_2,lost_track,46
836,4180,139.333,camera_6,lost_track,32
837,4185,139.5,camera_1,lost_track,49
837,4185,139.5,camera_1,lost_track,45
837,4185,139.5,camera_3,lost_track,49
837,4185,139.5,camera_5,lost_track,83
837,4185,139.5,camera_5,removed,-1
837,4185,139.5,camera_6,removed,-1
838,4190,139.667,camera_7,removed,-1
839,4195,139.833,camera_2,lost_track,44
840,4200,140.0,camera_2,lost_track,45
841,4205,140.167,camera_5,new_track,84
842,4210,140.333,camera_2,removed,43
842,4210,140.333,camera_5,removed,-1
844,4220,140.667,camera_4,removed,31
845,4225,140.833,camera_5,lost_track,81
845,4225,140.833,camera_5,lost_track,84
846,4230,141.0,camera_1,lost_track,47
846,4230,141.0,camera_5,reacquired,84
846,4230,141.0,camera_6,lost_track,33
847,4235,141.167,camera_5,lost_track,84
848,4240,141.333,camera_2,removed,42
848,4240,141.333,camera_6,removed,34
848,4240,141.333,camera_6,removed,35
848,4240,141.333,camera_7,removed,18
849,4245,141.5,camera_5,lost_track,76
851,4255,141.833,camera_5,reacquired,76
851,4255,141.833,camera_6,removed,31
854,4270,142.333,camera_5,new_track,85
856,4280,142.667,camera_5,removed,80
856,4280,142.667,camera_7,removed,22
857,4285,142.833,camera_5,lost_track,85
858,4290,143.0,camera_1,removed,48
859,4295,143.167,camera_5,removed,82
859,4295,143.167,camera_5,removed,79
861,4305,143.5,camera_5,removed,78
862,4310,143.667,camera_5,removed,-1
862,4310,143.667,camera_6,removed,29
863,4315,143.833,camera_3,new_track,51
864,4320,144.0,camera_7,removed,20
865,4325,144.167,camera_2,new_track,47
866,4330,144.333,camera_2,removed,46
866,4330,144.333,camera_6,removed,32
866,4330,144.333,camera_7,removed,-1
867,4335,144.5,camera_1,removed,49
867,4335,144.5,camera_1,removed,45
867,4335,144.5,camera_3,removed,49
867,4335,144.5,camera_5,removed,83
868,4340,144.667,camera_3,removed,-1
868,4340,144.667,camera_5,removed,-1
868,4340,144.667,camera_7,removed,-1
869,4345,144.833,camera_2,new_track,48
869,4345,144.833,camera_2,removed,44
869,4345,144.833,camera_5,new_track,86
870,4350,145.0,camera_2,removed,45
871,4355,145.167,camera_4,new_track,32
872,4360,145.333,camera_5,lost_track,76
872,4360,145.333,camera_6,new_track,36
873,4365,145.5,camera_5,reacquired,76
874,4370,145.667,camera_2,new_track,49
874,4370,145.667,camera_4,removed,-1
874,4370,145.667,camera_5,lost_track,77
874,4370,145.667,camera_6,new_track,37
875,4375,145.833,camera_5,removed,81
876,4380,146.0,camera_1,removed,47
876,4380,146.0,camera_4,lost_track,32
876,4380,146.0,camera_6,removed,33
877,4385,146.167,camera_5,removed,84
877,4385,146.167,camera_6,lost_track,37
878,4390,146.333,camera_5,lost_track,76
880,4400,146.667,camera_2,new_track,50
880,4400,146.667,camera_3,lost_track,51
880,4400,146.667,camera_4,new_track,33
881,4405,146.833,camera_1,removed,-1
881,4405,146.833,camera_2,lost_track,47
881,4405,146.833,camera_6,new_track,38
882,4410,147.0,camera_2,reacquired,47
882,4410,147.0,camera_2,lost_track,50
882,4410,147.0,camera_4,lost_track,33
883,4415,147.167,camera_2,lost_track,48
883,4415,147.167,camera_2,removed,-1
883,4415,147.167,camera_4,removed,-1
884,4420,147.333,camera_1,new_track,50
884,4420,147.333,camera_3,reacquired,51
884,4420,147.333,camera_3,removed,-1
884,4420,147.333,camera_5,lost_track,86
884,4420,147.333,camera_6,new_track,39
884,4420,147.333,camera_6,removed,-1
885,4425,147.5,camera_1,new_track,51
885,4425,147.5,camera_1,new_track,52
885,4425,147.5,camera_3,lost_track,51
886,4430,147.667,camera_1,lost_track,52
886,4430,147.667,camera_2,reacquired,48
886,4430,147.667,camera_2,removed,-1
886,4430,147.667,camera_6,removed,-1
887,4435,147.833,camera_2,lost_track,48
887,4435,147.833,camera_5,removed,85
887,4435,147.833,camera_6,lost_track,39
888,4440,148.0,camera_1,new_track,53
888,4440,148.0,camera_1,lost_track,50
888,4440,148.0,camera_4,reacquired,33
888,4440,148.0,camera_4,removed,-1
889,4445,148.167,camera_1,reacquired,52
889,4445,148.167,camera_1,lost_track,51
889,4445,148.167,camera_1,removed,-1
889,4445,148.167,camera_2,reacquired,48
889,4445,148.167,camera_5,removed,-1
890,4450,148.333,camera_1,lost_track,52
890,4450,148.333,camera_5,new_track,87
891,4455,148.5,camera_6,lost_track,36
892,4460,148.667,camera_1,reacquired,50
892,4460,148.667,camera_1,reacquired,51
892,4460,148.667,camera_1,lost_track,53
892,4460,148.667,camera_6,removed,-1
893,4465,148.833,camera_1,reacquired,52
893,4465,148.833,camera_1,removed,-1
894,4470,149.0,camera_1,lost_track,52
894,4470,149.0,camera_2,lost_track,48
894,4470,149.0,camera_3,lost_track,50
894,4470,149.0,camera_4,lost_track,33
894,4470,149.0,camera_7,lost_track,23
895,4475,149.167,camera_1,reacquired,52
895,4475,149.167,camera_2,removed,-1
896,4480,149.333,camera_1,new_track,54
896,4480,149.333,camera_4,removed,-1
897,4485,149.5,camera_1,lost_track,51
897,4485,149.5,camera_1,lost_track,52
897,4485,149.5,camera_1,lost_track,54
897,4485,149.5,camera_4,new_track,34
898,4490,149.667,camera_1,removed,-1
899,4495,149.833,camera_3,reacquired,50
899,4495,149.833,camera_4,lost_track,34
900,4500,150.0,camera_1,new_track,55
902,4510,150.333,camera_3,removed,-1
904,4520,150.667,camera_5,removed,77
904,4520,150.667,camera_7,lost_track,17
906,4530,151.0,camera_1,lost_track,50
906,4530,151.0,camera_4,removed,32
907,4535,151.167,camera_3,new_track,52
907,4535,151.167,camera_6,removed,37
908,4540,151.333,camera_1,reacquired,50
908,4540,151.333,camera_2,lost_track,47
908,4540,151.333,camera_5,removed,76
909,4545,151.5,camera_1,lost_track,50
909,4545,151.5,camera_2,removed,-1
910,4550,151.667,camera_1,reacquired,50
910,4550,151.667,camera_6,lost_track,38
911,4555,151.833,camera_6,removed,-1
912,4560,152.0,camera_2,removed,50
913,4565,152.167,camera_1,lost_track,50
914,4570,152.333,camera_1,reacquired,50
914,4570,152.333,camera_1,lost_track,55
914,4570,152.333,camera_2,removed,-1
914,4570,152.333,camera_5,new_track,88
914,4570,152.333,camera_5,removed,86
915,4575,152.5,camera_2,new_track,51
915,4575,152.5,camera_3,removed,51
916,4580,152.667,camera_2,lost_track,49
917,4585,152.833,camera_6,removed,39
918,4590,153.0,camera_5,lost_track,88
918,4590,153.0,camera_6,removed,-1
919,4595,153.167,camera_4,new_track,35
919,4595,153.167,camera_6,new_track,40
921,4605,153.5,camera_5,lost_track,87
921,4605,153.5,camera_6,removed,36
922,4610,153.667,camera_1,removed,53
922,4610,153.667,camera_3,removed,-1
922,4610,153.667,camera_5,removed,-1
924,4620,154.0,camera_2,removed,48
924,4620,154.0,camera_3,lost_track,50
924,4620,154.0,camera_3,removed,-1
924,4620,154.0,camera_4,removed,33
924,4620,154.0,camera_7,removed,23
925,4625,154.167,camera_3,reacquired,50
925,4625,154.167,camera_5,removed,-1
926,4630,154.333,camera_5,new_track,89
927,4635,154.5,camera_1,removed,54
927,4635,154.5,camera_1,removed,51
927,4635,154.5,camera_1,removed,52
927,4635,154.5,camera_1,removed,-1
927,4635,154.5,camera_3,new_track,53
928,4640,154.667,camera_1,new_track,56
928,4640,154.667,camera_3,removed,-1
928,4640,154.667,camera_5,removed,-1
929,4645,154.833,camera_4,removed,34
929,4645,154.833,camera_6,removed,-1
930,4650,155.0,camera_1,lost_track,56
930,4650,155.0,camera_5,removed,-1
930,4650,155.0,camera_6,new_track,41
931,4655,155.167,camera_3,lost_track,50
932,4660,155.333,camera_1,new_track,57
932,4660,155.333,camera_3,removed,-1
932,4660,155.333,camera_6,lost_track,41
933,4665,155.5,camera_6,removed,-1
934,4670,155.667,camera_3,new_track,54
934,4670,155.667,camera_6,lost_track,40
934,4670,155.667,camera_7,removed,17
935,4675,155.833,camera_3,lost_track,54
936,4680,156.0,camera_3,removed,-1
936,4680,156.0,camera_5,removed,-1
937,4685,156.167,camera_3,lost_track,53
938,4690,156.333,camera_2,removed,-1
938,4690,156.333,camera_2,removed,47
939,4695,156.5,camera_2,new_track,52
939,4695,156.5,camera_3,new_track,55
940,4700,156.667,camera_1,lost_track,57
940,4700,156.667,camera_1,removed,-1
940,4700,156.667,camera_6,removed,38
941,4705,156.833,camera_1,reacquired,57
942,4710,157.0,camera_2,removed,-1
942,4710,157.0,camera_4,lost_track,35
943,4715,157.167,camera_1,removed,-1
943,4715,157.167,camera_2,new_track,53
943,4715,157.167,camera_5,reacquired,88
943,4715,157.167,camera_5,removed,-1
944,4720,157.333,camera_1,removed,55
944,4720,157.333,camera_2,lost_track,52
944,4720,157.333,camera_3,new_track,56
944,4720,157.333,camera_3,new_track,57
944,4720,157.333,camera_5,lost_track,88
945,4725,157.5,camera_3,lost_track,55
946,4730,157.667,camera_1,new_track,58
946,4730,157.667,camera_2,removed,49
946,4730,157.667,camera_5,new_track,90
947,4735,157.833,camera_1,lost_track,58
947,4735,157.833,camera_2,lost_track,53
947,4735,157.833,camera_5,new_track,91
947,4735,157.833,camera_5,removed,-1
948,4740,158.0,camera_2,reacquired,53
948,4740,158.0,camera_2,removed,-1
948,4740,158.0,camera_5,lost_track,89
949,4745,158.167,camera_1,reacquired,58
950,4750,158.333,camera_5,lost_track,91
951,4755,158.5,camera_1,new_track,59
951,4755,158.5,camera_3,lost_track,52
951,4755,158.5,camera_5,removed,87
954,4770,159.0,camera_1,lost_track,50
955,4775,159.167,camera_1,reacquired,50
956,4780,159.333,camera_1,lost_track,50
956,4780,159.333,camera_7,new_track,24
957,4785,159.5,camera_5,new_track,92
958,4790,159.667,camera_1,new_track,60
958,4790,159.667,camera_2,lost_track,51
958,4790,159.667,camera_5,lost_track,92
959,4795,159.833,camera_1,lost_track,59
959,4795,159.833,camera_2,removed,-1
959,4795,159.833,camera_5,reacquired,92
959,4795,159.833,camera_5,removed,-1
960,4800,160.0,camera_1,reacquired,59
960,4800,160.0,camera_1,removed,56
961,4805,160.167,camera_1,lost_track,58
961,4805,160.167,camera_1,lost_track,59
961,4805,160.167,camera_3,removed,50
961,4805,160.167,camera_5,new_track,93
961,4805,160.167,camera_5,lost_track,92
962,4810,160.333,camera_1,reacquired,58
962,4810,160.333,camera_2,lost_track,53
962,4810,160.333,camera_5,reacquired,92
962,4810,160.333,camera_5,removed,-1
962,4810,160.333,camera_6,removed,41
963,4815,160.5,camera_2,removed,-1
963,4815,160.5,camera_5,lost_track,92
964,4820,160.667,camera_1,lost_track,58
964,4820,160.667,camera_1,removed,-1
964,4820,160.667,camera_6,removed,40
965,4825,160.833,camera_3,removed,54
965,4825,160.833,camera_5,new_track,94
966,4830,161.0,camera_5,lost_track,94
967,4835,161.167,camera_3,removed,53
967,4835,161.167,camera_4,removed,-1
968,4840,161.333,camera_5,lost_track,93
969,4845,161.5,camera_1,new_track,61
969,4845,161.5,camera_3,lost_track,56
969,4845,161.5,camera_7,lost_track,24
970,4850,161.667,camera_1,lost_track,61
970,4850,161.667,camera_1,removed,-1
970,4850,161.667,camera_5,new_track,95
970,4850,161.667,camera_7,new_track,25
971,4855,161.833,camera_4,new_track,36
971,4855,161.833,camera_7,lost_track,25
972,4860,162.0,camera_4,removed,35
972,4860,162.0,camera_5,removed,-1
972,4860,162.0,camera_7,removed,-1
973,4865,162.167,camera_5,new_track,96
974,4870,162.333,camera_2,removed,52
974,4870,162.333,camera_4,lost_track,36
974,4870,162.333,camera_5,lost_track,96
974,4870,162.333,camera_5,removed,88
974,4870,162.333,camera_7,new_track,26
975,4875,162.5,camera_1,reacquired,61
975,4875,162.5,camera_1,lost_track,57
975,4875,162.5,camera_1,lost_track,60
975,4875,162.5,camera_1,removed,-1
975,4875,162.5,camera_3,removed,55
975,4875,162.5,camera_4,removed,-1
975,4875,162.5,camera_5,reacquired,96
975,4875,162.5,camera_5,lost_track,95
976,4880,162.667,camera_2,new_track,54
976,4880,162.667,camera_5,lost_track,96
977,4885,162.833,camera_1,new_track,62
978,4890,163.0,camera_5,removed,89
978,4890,163.0,camera_7,lost_track,26
980,4900,163.333,camera_5,removed,91
980,4900,163.333,camera_5,removed,-1
981,4905,163.5,camera_2,new_track,55
981,4905,163.5,camera_3,removed,52
981,4905,163.5,camera_4,new_track,37
981,4905,163.5,camera_5,new_track,97
982,4910,163.667,camera_1,lost_track,62
983,4915,163.833,camera_1,reacquired,62
983,4915,163.833,camera_3,removed,-1
984,4920,164.0,camera_3,lost_track,57
985,4925,164.167,camera_5,new_track,98
985,4925,164.167,camera_5,reacquired,96
986,4930,164.333,camera_1,removed,50
986,4930,164.333,camera_2,new_track,56
986,4930,164.333,camera_5,lost_track,97
988,4940,164.667,camera_1,lost_track,62
988,4940,164.667,camera_1,removed,-1
988,4940,164.667,camera_2,removed,51
988,4940,164.667,camera_3,new_track,58
988,4940,164.667,camera_5,new_track,99
989,4945,164.833,camera_2,lost_track,54
989,4945,164.833,camera_5,new_track,100
989,4945,164.833,camera_5,lost_track,90
990,4950,165.0,camera_2,removed,-1
990,4950,165.0,camera_5,reacquired,90
990,4950,165.0,camera_5,lost_track,99
991,4955,165.167,camera_1,removed,59
991,4955,165.167,camera_2,new_track,57
991,4955,165.167,camera_3,new_track,59
992,4960,165.333,camera_1,removed,-1
992,4960,165.333,camera_2,lost_track,57
992,4960,165.333,camera_2,removed,53
993,4965,165.5,camera_5,reacquired,99
993,4965,165.5,camera_5,lost_track,96
993,4965,165.5,camera_5,lost_track,90
993,4965,165.5,camera_5,removed,92
994,4970,165.667,camera_1,new_track,64
994,4970,165.667,camera_1,new_track,63
994,4970,165.667,camera_1,removed,58
994,4970,165.667,camera_4,new_track,38
994,4970,165.667,camera_5,reacquired,90
994,4970,165.667,camera_5,reacquired,96
995,4975,165.833,camera_5,removed,-1
996,4980,166.0,camera_5,new_track,101
996,4980,166.0,camera_5,removed,94
996,4980,166.0,camera_6,new_track,42
996,4980,166.0,camera_7,new_track,27
997,4985,166.167,camera_5,lost_track,96
997,4985,166.167,camera_5,lost_track,90
998,4990,166.333,camera_5,lost_track,99
998,4990,166.333,camera_5,removed,93
998,4990,166.333,camera_6,new_track,43
999,4995,166.5,camera_1,removed,-1
999,4995,166.5,camera_3,removed,56
999,4995,166.5,camera_7,removed,24
1001,5005,166.833,camera_3,new_track,60
1001,5005,166.833,camera_6,lost_track,43
1001,5005,166.833,camera_7,reacquired,25
1001,5005,166.833,camera_7,lost_track,27
1002,5010,167.0,camera_1,lost_track,61
1002,5010,167.0,camera_6,removed,-1
1002,5010,167.0,camera_7,lost_track,25
1003,5015,167.167,camera_3,lost_track,60
1003,5015,167.167,camera_7,removed,-1
1004,5020,167.333,camera_4,removed,36
1004,5020,167.333,camera_7,new_track,28
1005,5025,167.5,camera_1,removed,57
1005,5025,167.5,camera_1,removed,60
1005,5025,167.5,camera_2,lost_track,55
1005,5025,167.5,camera_5,removed,95
1006,5030,167.667,camera_1,new_track,65
1006,5030,167.667,camera_2,reacquired,55
1006,5030,167.667,camera_5,lost_track,98
1006,5030,167.667,camera_5,lost_track,101
1007,5035,167.833,camera_5,new_track,102
1007,5035,167.833,camera_5,reacquired,98
1007,5035,167.833,camera_5,removed,-1
1008,5040,168.0,camera_7,removed,26
1009,5045,168.167,camera_5,removed,-1
1010,5050,168.333,camera_5,new_track,104
1010,5050,168.333,camera_5,new_track,103
1011,5055,168.5,camera_1,lost_track,63
1011,5055,168.5,camera_3,new_track,61
1013,5065,168.833,camera_1,reacquired,63
1013,5065,168.833,camera_1,lost_track,64
1013,5065,168.833,camera_2,lost_track,55
1013,5065,168.833,camera_5,removed,-1
1014,5070,169.0,camera_1,new_track,66
1014,5070,169.0,camera_1,reacquired,64
1014,5070,169.0,camera_1,lost_track,63
1014,5070,169.0,camera_3,removed,57
1015,5075,169.167,camera_1,lost_track,66
1016,5080,169.333,camera_1,new_track,67
1016,5080,169.333,camera_1,reacquired,63
1016,5080,169.333,camera_1,lost_track,64
1016,5080,169.333,camera_4,lost_track,38
1016,5080,169.333,camera_5,removed,97
1017,5085,169.5,camera_1,lost_track,67
1017,5085,169.5,camera_2,removed,-1
1017,5085,169.5,camera_4,removed,-1
1017,5085,169.5,camera_5,new_track,105
1017,5085,169.5,camera_6,lost_track,42
1018,5090,169.667,camera_1,lost_track,63
1018,5090,169.667,camera_1,removed,62
1019,5095,169.833,camera_2,removed,54
1019,5095,169.833,camera_5,removed,-1
1019,5095,169.833,camera_7,lost_track,28
1020,5100,170.0,camera_3,lost_track,61
1020,5100,170.0,camera_5,lost_track,105
1020,5100,170.0,camera_5,lost_track,98
1021,5105,170.167,camera_1,reacquired,63
1021,5105,170.167,camera_1,lost_track,65
1021,5105,170.167,camera_3,removed,-1
1021,5105,170.167,camera_5,lost_track,104
1021,5105,170.167,camera_5,removed,-1
1022,5110,170.333,camera_1,new_track,68
1022,5110,170.333,camera_2,removed,57
1023,5115,170.5,camera_5,reacquired,105
1023,5115,170.5,camera_5,removed,-1
1024,5120,170.667,camera_1,reacquired,67
1024,5120,170.667,camera_5,reacquired,98
1025,5125,170.833,camera_1,lost_track,68
1025,5125,170.833,camera_5,lost_track,105
1025,5125,170.833,camera_5,lost_track,103
1026,5130,171.0,camera_1,new_track,69
1026,5130,171.0,camera_1,new_track,70
1026,5130,171.0,camera_1,removed,-1
1026,5130,171.0,camera_3,lost_track,58
1026,5130,171.0,camera_5,reacquired,105
1027,5135,171.167,camera_3,new_track,62
1027,5135,171.167,camera_5,removed,96
1027,5135,171.167,camera_5,removed,90
1027,5135,171.167,camera_5,removed,-1
1028,5140,171.333,camera_1,lost_track,67
1028,5140,171.333,camera_1,lost_track,69
1028,5140,171.333,camera_1,lost_track,70
1028,5140,171.333,camera_1,lost_track,63
1028,5140,171.333,camera_3,lost_track,62
1028,5140,171.333,camera_5,new_track,106
1028,5140,171.333,camera_5,removed,99
1029,5145,171.5,camera_3,reacquired,62
1029,5145,171.5,camera_3,removed,-1
1029,5145,171.5,camera_5,removed,-1
1030,5150,171.667,camera_4,new_track,39
1030,5150,171.667,camera_5,lost_track,106
1031,5155,171.833,camera_5,reacquired,106
1031,5155,171.833,camera_6,removed,43
1031,5155,171.833,camera_7,removed,27
1032,5160,172.0,camera_1,reacquired,63
1032,5160,172.0,camera_1,removed,61
1032,5160,172.0,camera_3,lost_track,62
1032,5160,172.0,camera_5,new_track,107
1032,5160,172.0,camera_5,lost_track,105
1032,5160,172.0,camera_5,removed,-1
1032,5160,172.0,camera_7,removed,25
1033,5165,172.167,camera_1,lost_track,63
1033,5165,172.167,camera_3,removed,60
1033,5165,172.167,camera_5,reacquired,105
1033,5165,172.167,camera_5,lost_track,106
1034,5170,172.333,camera_5,reacquired,106
1035,5175,172.5,camera_5,removed,-1
1036,5180,172.667,camera_5,removed,101
1037,5185,172.833,camera_5,new_track,108
1037,5185,172.833,camera_5,new_track,109
1037,5185,172.833,camera_5,lost_track,106
1037,5185,172.833,camera_5,lost_track,100
1038,5190,173.0,camera_5,reacquired,106
1039,5195,173.167,camera_5,reacquired,100
1040,5200,173.333,camera_2,lost_track,56
1040,5200,173.333,camera_2,removed,-1
1040,5200,173.333,camera_5,lost_track,105
1040,5200,173.333,camera_5,lost_track,106
1040,5200,173.333,camera_5,lost_track,107
1040,5200,173.333,camera_5,lost_track,108
1040,5200,173.333,camera_5,removed,-1
1041,5205,173.5,camera_2,reacquired,56
1041,5205,173.5,camera_5,reacquired,106
1041,5205,173.5,camera_5,reacquired,107
1043,5215,173.833,camera_2,removed,55
1043,5215,173.833,camera_5,new_track,110
1043,5215,173.833,camera_5,reacquired,105
1043,5215,173.833,camera_5,lost_track,107
1044,5220,174.0,camera_5,lost_track,105
1045,5225,174.167,camera_1,removed,66
1046,5230,174.333,camera_1,removed,64
1046,5230,174.333,camera_4,removed,38
1046,5230,174.333,camera_5,lost_track,109
1047,5235,174.5,camera_2,lost_track,56
1047,5235,174.5,camera_5,reacquired,109
1047,5235,174.5,camera_5,removed,-1
1047,5235,174.5,camera_6,removed,42
1048,5240,174.667,camera_5,lost_track,110
1049,5245,174.833,camera_7,removed,28
1050,5250,175.0,camera_3,lost_track,59
1050,5250,175.0,camera_3,removed,61
1050,5250,175.0,camera_3,removed,-1
1050,5250,175.0,camera_5,lost_track,109
1051,5255,175.167,camera_1,removed,65
1051,5255,175.167,camera_4,new_track,40
1051,5255,175.167,camera_5,removed,104
1052,5260,175.333,camera_4,lost_track,40
1052,5260,175.333,camera_5,new_track,111
1053,5265,175.5,camera_4,new_track,41
1053,5265,175.5,camera_5,lost_track,111
1054,5270,175.667,camera_5,reacquired,111
1054,5270,175.667,camera_5,removed,-1
1055,5275,175.833,camera_1,removed,68
1055,5275,175.833,camera_5,removed,103
1056,5280,176.0,camera_3,removed,58
1058,5290,176.333,camera_1,removed,67
1058,5290,176.333,camera_1,removed,69
1058,5290,176.333,camera_1,removed,70
1058,5290,176.333,camera_4,lost_track,41
1058,5290,176.333,camera_5,lost_track,106
1059,5295,176.5,camera_4,new_track,42
1059,5295,176.5,camera_5,removed,-1
1060,5300,176.667,camera_5,reacquired,106
1060,5300,176.667,camera_5,lost_track,98
1060,5300,176.667,camera_5,lost_track,111
1061,5305,176.833,camera_5,reacquired,98
1062,5310,177.0,camera_3,removed,62
1062,5310,177.0,camera_5,reacquired,110
1062,5310,177.0,camera_5,lost_track,106
1063,5315,177.167,camera_1,removed,63
1063,5315,177.167,camera_5,reacquired,111
1063,5315,177.167,camera_5,lost_track,110
1063,5315,177.167,camera_5,removed,-1
1065,5325,177.5,camera_5,lost_track,98
1066,5330,177.667,camera_5,lost_track,100
1066,5330,177.667,camera_5,removed,-1
1069,5345,178.167,camera_5,new_track,112
1069,5345,178.167,camera_5,lost_track,102
1070,5350,178.333,camera_5,removed,108
1071,5355,178.5,camera_4,lost_track,39
1071,5355,178.5,camera_5,reacquired,102
1072,5360,178.667,camera_4,new_track,43
1072,5360,178.667,camera_5,new_track,113
1072,5360,178.667,camera_5,reacquired,106
1072,5360,178.667,camera_5,lost_track,111
1072,5360,178.667,camera_5,removed,-1
1073,5365,178.833,camera_5,removed,107
1074,5370,179.0,camera_5,removed,105
1076,5380,179.333,camera_5,new_track,114
1076,5380,179.333,camera_5,lost_track,113
1077,5385,179.5,camera_2,removed,56
1077,5385,179.5,camera_5,new_track,115
1079,5395,179.833,camera_5,new_track,116
1079,5395,179.833,camera_5,lost_track,114
1080,5400,180.0,camera_3,removed,59
1080,5400,180.0,camera_4,new_track,44
1080,5400,180.0,camera_5,reacquired,114
1080,5400,180.0,camera_5,removed,109
1080,5400,180.0,camera_5,removed,-1
1081,5405,180.167,camera_4,new_track,45
1081,5405,180.167,camera_5,new_track,117
1082,5410,180.333,camera_4,lost_track,44
1082,5410,180.333,camera_4,removed,40
1082,5410,180.333,camera_5,lost_track,117
1084,5420,180.667,camera_4,lost_track,42
1084,5420,180.667,camera_5,reacquired,117
1084,5420,180.667,camera_5,removed,-1
1085,5425,180.833,camera_5,lost_track,117
1086,5430,181.0,camera_4,reacquired,42
1086,5430,181.0,camera_4,lost_track,45
1087,5435,181.167,camera_4,reacquired,45
1087,5435,181.167,camera_4,lost_track,42
1087,5435,181.167,camera_5,removed,-1
1088,5440,181.333,camera_4,removed,41
1088,5440,181.333,camera_5,lost_track,114
1089,5445,181.5,camera_4,reacquired,42
1089,5445,181.5,camera_4,removed,-1
1089,5445,181.5,camera_5,lost_track,116
1090,5450,181.667,camera_4,lost_track,45
1090,5450,181.667,camera_5,reacquired,116
1090,5450,181.667,camera_5,lost_track,112
1091,5455,181.833,camera_5,reacquired,112
1091,5455,181.833,camera_5,lost_track,116
1092,5460,182.0,camera_5,lost_track,106
1093,5465,182.167,camera_5,removed,110
1094,5470,182.333,camera_5,lost_track,112
1095,5475,182.5,camera_5,reacquired,106
1095,5475,182.5,camera_5,lost_track,115
1095,5475,182.5,camera_5,removed,98
1096,5480,182.667,camera_4,lost_track,42
1096,5480,182.667,camera_5,reacquired,112
1096,5480,182.667,camera_5,lost_track,106
1096,5480,182.667,camera_5,removed,100
1097,5485,182.833,camera_4,removed,-1
1097,5485,182.833,camera_5,reacquired,106
1098,5490,183.0,camera_5,reacquired,115
1098,5490,183.0,camera_5,reacquired,116
1098,5490,183.0,camera_5,lost_track,112
1099,5495,183.167,camera_5,reacquired,112
1099,5495,183.167,camera_5,lost_track,106
1100,5500,183.333,camera_5,lost_track,112
1100,5500,183.333,camera_5,lost_track,115
1101,5505,183.5,camera_4,removed,39
1102,5510,183.667,camera_5,removed,111
1104,5520,184.0,camera_5,lost_track,102
1106,5530,184.333,camera_5,removed,113
1108,5540,184.667,camera_5,lost_track,116
1112,5560,185.333,camera_4,removed,44
1115,5575,185.833,camera_5,removed,117
1118,5590,186.333,camera_5,removed,114
1120,5600,186.667,camera_4,removed,45
1126,5630,187.667,camera_4,removed,42
1129,5645,188.167,camera_5,removed,106
1130,5650,188.333,camera_5,removed,112
1130,5650,188.333,camera_5,removed,115
1134,5670,189.0,camera_2,new_track,58
1134,5670,189.0,camera_5,removed,102
1135,5675,189.167,camera_5,removed,-1
1137,5685,189.5,camera_5,removed,-1
1138,5690,189.667,camera_5,removed,116
1141,5705,190.167,camera_5,new_track,118
1141,5705,190.167,camera_5,removed,-1
1143,5715,190.5,camera_5,new_track,119
1143,5715,190.5,camera_5,lost_track,118
1144,5720,190.667,camera_5,removed,-1
1145,5725,190.833,camera_5,new_track,120
1146,5730,191.0,camera_5,reacquired,118
1146,5730,191.0,camera_5,removed,-1
1147,5735,191.167,camera_5,lost_track,118
1148,5740,191.333,camera_5,reacquired,118
1151,5755,191.833,camera_5,new_track,121
1152,5760,192.0,camera_5,lost_track,121
1153,5765,192.167,camera_5,new_track,122
1153,5765,192.167,camera_5,reacquired,121
1154,5770,192.333,camera_5,lost_track,118
1155,5775,192.5,camera_5,reacquired,118
1155,5775,192.5,camera_5,lost_track,121
1155,5775,192.5,camera_5,lost_track,122
1156,5780,192.667,camera_1,removed,-1
1156,5780,192.667,camera_5,reacquired,121
1156,5780,192.667,camera_5,lost_track,120
1156,5780,192.667,camera_5,lost_track,119
1156,5780,192.667,camera_5,removed,-1
1157,5785,192.833,camera_5,reacquired,122
1157,5785,192.833,camera_5,lost_track,118
1158,5790,193.0,camera_5,reacquired,118
1160,5800,193.333,camera_5,reacquired,120
1160,5800,193.333,camera_5,lost_track,121
1160,5800,193.333,camera_5,lost_track,122
1161,5805,193.5,camera_1,new_track,72
1161,5805,193.5,camera_1,new_track,71
1161,5805,193.5,camera_5,reacquired,121
1161,5805,193.5,camera_5,lost_track,120
1161,5805,193.5,camera_5,removed,-1
1162,5810,193.667,camera_5,new_track,123
1162,5810,193.667,camera_5,new_track,124
1162,5810,193.667,camera_5,new_track,125
1163,5815,193.833,camera_5,lost_track,121
1163,5815,193.833,camera_5,removed,-1
1164,5820,194.0,camera_5,reacquired,121
1165,5825,194.167,camera_5,new_track,126
1165,5825,194.167,camera_5,new_track,127
1165,5825,194.167,camera_5,lost_track,118
1166,5830,194.333,camera_5,lost_track,126
1167,5835,194.5,camera_5,reacquired,118
1169,5845,194.833,camera_1,lost_track,71
1169,5845,194.833,camera_5,reacquired,126
1169,5845,194.833,camera_5,lost_track,118
1170,5850,195.0,camera_1,reacquired,71
1170,5850,195.0,camera_2,lost_track,58
1170,5850,195.0,camera_4,new_track,46
1170,5850,195.0,camera_5,reacquired,120
1170,5850,195.0,camera_5,removed,-1
1171,5855,195.167,camera_2,reacquired,58
1171,5855,195.167,camera_5,lost_track,127
1172,5860,195.333,camera_1,new_track,73
1172,5860,195.333,camera_5,lost_track,125
1173,5865,195.5,camera_1,lost_track,73
1173,5865,195.5,camera_5,reacquired,127
1174,5870,195.667,camera_4,lost_track,46
1174,5870,195.667,camera_5,lost_track,127
1175,5875,195.833,camera_3,removed,-1
1175,5875,195.833,camera_5,removed,-1
1176,5880,196.0,camera_3,new_track,63
1176,5880,196.0,camera_5,new_track,128
1177,5885,196.167,camera_5,lost_track,124
1177,5885,196.167,camera_5,lost_track,126
1177,5885,196.167,camera_5,removed,-1
1178,5890,196.333,camera_1,reacquired,73
1178,5890,196.333,camera_1,lost_track,71
1178,5890,196.333,camera_5,reacquired,126
1178,5890,196.333,camera_5,lost_track,120
1179,5895,196.5,camera_1,reacquired,71
1179,5895,196.5,camera_1,lost_track,73
1179,5895,196.5,camera_5,reacquired,118
1180,5900,196.667,camera_1,lost_track,72
1180,5900,196.667,camera_1,lost_track,71
1180,5900,196.667,camera_5,reacquired,127
1180,5900,196.667,camera_5,lost_track,118
1181,5905,196.833,camera_5,reacquired,118
1181,5905,196.833,camera_5,reacquired,124
1181,5905,196.833,camera_5,lost_track,126
1181,5905,196.833,camera_5,lost_track,127
1181,5905,196.833,camera_5,removed,-1
1186,5930,197.667,camera_5,new_track,129
1186,5930,197.667,camera_5,reacquired,126
1186,5930,197.667,camera_5,removed,119
1187,5935,197.833,camera_5,new_track,130
1188,5940,198.0,camera_5,lost_track,129
1188,5940,198.0,camera_5,lost_track,124
1188,5940,198.0,camera_5,lost_track,126
1189,5945,198.167,camera_5,removed,-1
1190,5950,198.333,camera_5,new_track,131
1190,5950,198.333,camera_5,lost_track,128
1190,5950,198.333,camera_5,removed,122
1191,5955,198.5,camera_5,reacquired,126
1191,5955,198.5,camera_5,lost_track,118
1192,5960,198.667,camera_5,removed,-1
1193,5965,198.833,camera_5,lost_track,130
1194,5970,199.0,camera_5,reacquired,129
1195,5975,199.167,camera_5,lost_track,123
1195,5975,199.167,camera_5,removed,-1
1198,5990,199.667,camera_5,lost_track,129
1198,5990,199.667,camera_5,removed,-1
1199,5995,199.833,camera_5,reacquired,129
1200,6000,200.0,camera_5,new_track,132
1200,6000,200.0,camera_5,lost_track,129
1200,6000,200.0,camera_5,lost_track,121
1201,6005,200.167,camera_5,new_track,133
1202,6010,200.333,camera_5,new_track,134
1202,6010,200.333,camera_5,new_track,135
1202,6010,200.333,camera_5,removed,125
1203,6015,200.5,camera_5,removed,-1
1204,6020,200.667,camera_4,removed,46
1205,6025,200.833,camera_5,lost_track,135
1206,6030,201.0,camera_5,removed,-1
1207,6035,201.167,camera_5,lost_track,132
1208,6040,201.333,camera_5,removed,120
1209,6045,201.5,camera_1,removed,73
1209,6045,201.5,camera_5,lost_track,133
1210,6050,201.667,camera_1,removed,72
1210,6050,201.667,camera_1,removed,71
1211,6055,201.833,camera_1,reacquired,71
1211,6055,201.833,camera_5,reacquired,133
1211,6055,201.833,camera_5,removed,127
1212,6060,202.0,camera_1,removed,-1
1212,6060,202.0,camera_5,new_track,136
1213,6065,202.167,camera_1,new_track,74
1214,6070,202.333,camera_1,new_track,75
1214,6070,202.333,camera_2,lost_track,58
1214,6070,202.333,camera_5,reacquired,118
1214,6070,202.333,camera_5,reacquired,132
1215,6075,202.5,camera_1,lost_track,74
1215,6075,202.5,camera_1,removed,-1
1215,6075,202.5,camera_5,lost_track,133
1216,6080,202.667,camera_5,lost_track,132
1216,6080,202.667,camera_5,lost_track,118
1217,6085,202.833,camera_5,reacquired,132
1217,6085,202.833,camera_5,lost_track,134
1218,6090,203.0,camera_1,lost_track,71
1218,6090,203.0,camera_5,lost_track,132
1218,6090,203.0,camera_5,removed,124
1219,6095,203.167,camera_1,reacquired,71
1219,6095,203.167,camera_5,reacquired,132
1220,6100,203.333,camera_1,lost_track,75
1220,6100,203.333,camera_5,reacquired,118
1220,6100,203.333,camera_5,removed,128
1221,6105,203.5,camera_1,removed,-1
1221,6105,203.5,camera_5,lost_track,131
1221,6105,203.5,camera_5,lost_track,132
1221,6105,203.5,camera_5,lost_track,118
1222,6110,203.667,camera_1,lost_track,71
1222,6110,203.667,camera_5,reacquired,132
1222,6110,203.667,camera_5,removed,-1
1223,6115,203.833,camera_5,removed,130
1224,6120,204.0,camera_5,lost_track,132
1225,6125,204.167,camera_5,reacquired,131
1225,6125,204.167,camera_5,removed,123
1226,6130,204.333,camera_5,lost_track,136
1227,6135,204.5,camera_3,lost_track,63
1228,6140,204.667,camera_5,reacquired,134
1229,6145,204.833,camera_5,lost_track,131
1229,6145,204.833,camera_5,lost_track,134
1230,6150,205.0,camera_5,removed,121
1230,6150,205.0,camera_5,removed,129
1231,6155,205.167,camera_5,reacquired,118
1231,6155,205.167,camera_5,reacquired,131
1232,6160,205.333,camera_5,lost_track,126
1234,6170,205.667,camera_5,lost_track,118
1235,6175,205.833,camera_5,removed,135
1240,6200,206.667,camera_5,removed,-1
1241,6205,206.833,camera_2,new_track,59
1242,6210,207.0,camera_5,reacquired,118
1242,6210,207.0,camera_5,removed,-1
1244,6220,207.333,camera_2,removed,58
1245,6225,207.5,camera_1,removed,74
1245,6225,207.5,camera_5,new_track,137
1245,6225,207.5,camera_5,removed,133
1250,6250,208.333,camera_1,removed,75
1252,6260,208.667,camera_1,removed,71
1254,6270,209.0,camera_5,removed,132
1254,6270,209.0,camera_5,removed,-1
1255,6275,209.167,camera_5,reacquired,132
1256,6280,209.333,camera_5,new_track,138
1256,6280,209.333,camera_5,lost_track,132
1256,6280,209.333,camera_5,removed,136
1257,6285,209.5,camera_3,removed,63
1258,6290,209.667,camera_5,reacquired,132
1259,6295,209.833,camera_5,lost_track,132
1259,6295,209.833,camera_5,removed,134
1260,6300,210.0,camera_4,new_track,47
1261,6305,210.167,camera_5,lost_track,131
1261,6305,210.167,camera_5,removed,-1
1262,6310,210.333,camera_4,lost_track,47
1262,6310,210.333,camera_5,reacquired,132
1262,6310,210.333,camera_5,removed,126
1263,6315,210.5,camera_5,reacquired,131
1263,6315,210.5,camera_5,removed,-1
1264,6320,210.667,camera_5,new_track,139
1265,6325,210.833,camera_5,lost_track,132
1265,6325,210.833,camera_5,lost_track,118
1267,6335,211.167,camera_2,new_track,60
1267,6335,211.167,camera_5,reacquired,118
1268,6340,211.333,camera_5,reacquired,132
1268,6340,211.333,camera_5,lost_track,118
1269,6345,211.5,camera_1,new_track,76
1269,6345,211.5,camera_1,removed,-1
1269,6345,211.5,camera_5,lost_track,132
1270,6350,211.667,camera_1,new_track,77
1270,6350,211.667,camera_5,reacquired,118
1270,6350,211.667,camera_5,removed,-1
1271,6355,211.833,camera_1,lost_track,76
1271,6355,211.833,camera_2,lost_track,59
1271,6355,211.833,camera_5,lost_track,118
1272,6360,212.0,camera_1,reacquired,76
1272,6360,212.0,camera_5,reacquired,118
1272,6360,212.0,camera_5,removed,-1
1275,6375,212.5,camera_1,lost_track,76
1275,6375,212.5,camera_1,lost_track,77
1276,6380,212.667,camera_1,reacquired,77
1276,6380,212.667,camera_5,lost_track,139
1276,6380,212.667,camera_5,removed,-1
1277,6385,212.833,camera_5,new_track,140
1277,6385,212.833,camera_5,lost_track,137
1278,6390,213.0,camera_1,reacquired,76
1278,6390,213.0,camera_5,removed,-1
1279,6395,213.167,camera_5,new_track,141
1279,6395,213.167,camera_5,lost_track,131
1280,6400,213.333,camera_4,new_track,48
1280,6400,213.333,camera_5,reacquired,131
1281,6405,213.5,camera_1,lost_track,76
1282,6410,213.667,camera_4,lost_track,48
1283,6415,213.833,camera_1,reacquired,76
1283,6415,213.833,camera_5,lost_track,131
1285,6425,214.167,camera_3,new_track,64
1286,6430,214.333,camera_5,reacquired,139
1286,6430,214.333,camera_5,removed,-1
1288,6440,214.667,camera_1,lost_track,76
1289,6445,214.833,camera_1,reacquired,76
1289,6445,214.833,camera_5,lost_track,140
1290,6450,215.0,camera_5,lost_track,139
1290,6450,215.0,camera_5,lost_track,141
1291,6455,215.167,camera_5,reacquired,139
1291,6455,215.167,camera_5,reacquired,141
1291,6455,215.167,camera_5,lost_track,138
1291,6455,215.167,camera_5,removed,-1
1292,6460,215.333,camera_4,removed,47
1292,6460,215.333,camera_5,lost_track,139
1293,6465,215.5,camera_1,lost_track,76
1293,6465,215.5,camera_5,new_track,142
1293,6465,215.5,camera_5,new_track,143
1294,6470,215.667,camera_5,new_track,144
1295,6475,215.833,camera_5,removed,-1
1296,6480,216.0,camera_5,lost_track,143
1297,6485,216.167,camera_5,reacquired,143
1297,6485,216.167,camera_5,lost_track,144
1298,6490,216.333,camera_5,new_track,145
1298,6490,216.333,camera_5,lost_track,143
1299,6495,216.5,camera_5,removed,132
1300,6500,216.667,camera_5,reacquired,138
1300,6500,216.667,camera_5,reacquired,143
1300,6500,216.667,camera_5,lost_track,141
1300,6500,216.667,camera_5,lost_track,142
1301,6505,216.833,camera_2,removed,59
1302,6510,217.0,camera_1,new_track,78
1302,6510,217.0,camera_1,new_track,79
1302,6510,217.0,camera_5,lost_track,118
1302,6510,217.0,camera_5,removed,-1
1303,6515,217.167,camera_5,lost_track,145
1303,6515,217.167,camera_5,lost_track,143
1305,6525,217.5,camera_1,reacquired,76
1305,6525,217.5,camera_4,new_track,49
1306,6530,217.667,camera_1,lost_track,79
1306,6530,217.667,camera_3,removed,-1
1307,6535,217.833,camera_1,reacquired,79
1307,6535,217.833,camera_4,removed,-1
1307,6535,217.833,camera_5,removed,137
1308,6540,218.0,camera_5,reacquired,142
1309,6545,218.167,camera_5,lost_track,142
1309,6545,218.167,camera_5,removed,-1
1310,6550,218.333,camera_3,lost_track,64
1310,6550,218.333,camera_5,new_track,146
1312,6560,218.667,camera_1,lost_track,76
1312,6560,218.667,camera_4,removed,48
1312,6560,218.667,camera_5,new_track,147
1312,6560,218.667,camera_5,lost_track,146
1313,6565,218.833,camera_1,reacquired,76
1313,6565,218.833,camera_5,reacquired,146
1313,6565,218.833,camera_5,lost_track,147
1313,6565,218.833,camera_5,removed,131
1314,6570,219.0,camera_1,lost_track,76
1314,6570,219.0,camera_2,removed,-1
1314,6570,219.0,camera_5,reacquired,147
1315,6575,219.167,camera_1,lost_track,79
1315,6575,219.167,camera_2,lost_track,60
1315,6575,219.167,camera_5,lost_track,147
1316,6580,219.333,camera_1,lost_track,77
1316,6580,219.333,camera_2,new_track,61
1316,6580,219.333,camera_3,new_track,65
1316,6580,219.333,camera_3,removed,-1
1316,6580,219.333,camera_5,reacquired,147
1317,6585,219.5,camera_1,reacquired,79
1318,6590,219.667,camera_3,new_track,66
1318,6590,219.667,camera_4,lost_track,43
1319,6595,219.833,camera_1,lost_track,78
1319,6595,219.833,camera_1,lost_track,79
1319,6595,219.833,camera_3,removed,-1
1319,6595,219.833,camera_5,lost_track,146
1319,6595,219.833,camera_5,removed,140
1320,6600,220.0,camera_3,lost_track,65
1320,6600,220.0,camera_4,reacquired,43
1320,6600,220.0,camera_4,removed,-1
1320,6600,220.0,camera_5,lost_track,147
1321,6605,220.167,camera_3,removed,-1
1322,6610,220.333,camera_1,new_track,80
1322,6610,220.333,camera_5,removed,139
1324,6620,220.667,camera_3,reacquired,65
1324,6620,220.667,camera_3,removed,-1
1325,6625,220.833,camera_2,new_track,62
1326,6630,221.0,camera_1,lost_track,80
1326,6630,221.0,camera_2,lost_track,62
1327,6635,221.167,camera_5,removed,144
1328,6640,221.333,camera_2,reacquired,62
1328,6640,221.333,camera_2,removed,-1
1329,6645,221.5,camera_1,removed,-1
1330,6650,221.667,camera_1,reacquired,76
1330,6650,221.667,camera_2,new_track,63
1330,6650,221.667,camera_5,removed,141
1331,6655,221.833,camera_1,new_track,81
1331,6655,221.833,camera_2,lost_track,63
1332,6660,222.0,camera_5,lost_track,138
1332,6660,222.0,camera_5,removed,118
1333,6665,222.167,camera_1,new_track,82
1333,6665,222.167,camera_5,removed,145
1333,6665,222.167,camera_5,removed,143
1334,6670,222.333,camera_5,reacquired,138
1335,6675,222.5,camera_1,reacquired,79
1335,6675,222.5,camera_3,new_track,67
1335,6675,222.5,camera_4,lost_track,49
1336,6680,222.667,camera_1,lost_track,79
1336,6680,222.667,camera_5,lost_track,138
1337,6685,222.833,camera_1,reacquired,79
1338,6690,223.0,camera_1,lost_track,79
1339,6695,223.167,camera_4,lost_track,43
1339,6695,223.167,camera_5,removed,142
1340,6700,223.333,camera_3,removed,64
1340,6700,223.333,camera_4,reacquired,43
1340,6700,223.333,camera_4,removed,-1
1341,6705,223.5,camera_5,reacquired,138
1342,6710,223.667,camera_1,new_track,83
1342,6710,223.667,camera_1,removed,-1
1342,6710,223.667,camera_2,reacquired,63
1342,6710,223.667,camera_2,lost_track,61
1342,6710,223.667,camera_2,removed,-1
1342,6710,223.667,camera_3,lost_track,67
1342,6710,223.667,camera_5,removed,-1
1343,6715,223.833,camera_2,reacquired,61
1343,6715,223.833,camera_2,lost_track,63
1343,6715,223.833,camera_5,new_track,148
1343,6715,223.833,camera_5,lost_track,138
1345,6725,224.167,camera_1,lost_track,81
1345,6725,224.167,camera_1,lost_track,82
1345,6725,224.167,camera_1,removed,-1
1345,6725,224.167,camera_2,removed,60
1345,6725,224.167,camera_4,lost_track,43
1346,6730,224.333,camera_1,new_track,84
1346,6730,224.333,camera_1,reacquired,81
1346,6730,224.333,camera_1,removed,77
1346,6730,224.333,camera_4,removed,-1
1347,6735,224.5,camera_1,lost_track,81
1347,6735,224.5,camera_5,reacquired,138
1348,6740,224.667,camera_1,lost_track,76
1348,6740,224.667,camera_2,lost_track,61
1348,6740,224.667,camera_5,lost_track,138
1349,6745,224.833,camera_1,reacquired,79
1349,6745,224.833,camera_1,removed,78
1349,6745,224.833,camera_4,new_track,50
1349,6745,224.833,camera_5,removed,146
1350,6750,225.0,camera_1,lost_track,79
1350,6750,225.0,camera_2,new_track,64
1350,6750,225.0,camera_5,removed,147
1351,6755,225.167,camera_4,lost_track,50
1351,6755,225.167,camera_5,reacquired,138
1353,6765,225.5,camera_2,lost_track,62
1354,6770,225.667,camera_2,reacquired,62
1354,6770,225.667,camera_5,lost_track,148
1355,6775,225.833,camera_5,reacquired,148
1355,6775,225.833,camera_5,lost_track,138
1355,6775,225.833,camera_5,removed,-1
1356,6780,226.0,camera_1,removed,80
1356,6780,226.0,camera_4,new_track,51
1357,6785,226.167,camera_4,lost_track,51
1358,6790,226.333,camera_5,reacquired,138
1358,6790,226.333,camera_5,removed,-1
1360,6800,226.667,camera_1,reacquired,76
1361,6805,226.833,camera_1,lost_track,76
1361,6805,226.833,camera_5,lost_track,138
1362,6810,227.0,camera_3,removed,-1
1364,6820,227.333,camera_2,lost_track,64
1364,6820,227.333,camera_3,new_track,68
1364,6820,227.333,camera_3,removed,-1
1364,6820,227.333,camera_4,lost_track,37
1365,6825,227.5,camera_4,removed,49
1365,6825,227.5,camera_4,removed,-1
1366,6830,227.667,camera_2,lost_track,62
1367,6835,227.833,camera_2,removed,-1
1367,6835,227.833,camera_3,lost_track,68
1368,6840,228.0,camera_3,new_track,69
1368,6840,228.0,camera_3,removed,-1
1369,6845,228.167,camera_3,lost_track,69
1371,6855,228.5,camera_1,reacquired,76
1371,6855,228.5,camera_5,new_track,149
1372,6860,228.667,camera_1,lost_track,76
1372,6860,228.667,camera_1,lost_track,84
1372,6860,228.667,camera_3,removed,67
1373,6865,228.833,camera_2,removed,63
1373,6865,228.833,camera_3,new_track,70
1373,6865,228.833,camera_3,lost_track,66
1373,6865,228.833,camera_3,removed,-1
1375,6875,229.167,camera_1,removed,82
1375,6875,229.167,camera_4,removed,43
1375,6875,229.167,camera_5,new_track,150
1375,6875,229.167,camera_5,new_track,151
1376,6880,229.333,camera_3,new_track,71
1376,6880,229.333,camera_5,new_track,152
1376,6880,229.333,camera_5,lost_track,151
1377,6885,229.5,camera_1,removed,81
1377,6885,229.5,camera_5,new_track,153
1377,6885,229.5,camera_5,lost_track,152
1377,6885,229.5,camera_5,lost_track,150
1378,6890,229.667,camera_2,removed,61
1378,6890,229.667,camera_3,removed,-1
1378,6890,229.667,camera_5,reacquired,151
1378,6890,229.667,camera_5,reacquired,152
1379,6895,229.833,camera_3,lost_track,70
1379,6895,229.833,camera_5,lost_track,152
1379,6895,229.833,camera_5,removed,-1
1380,6900,230.0,camera_1,removed,79
1380,6900,230.0,camera_3,reacquired,70
1380,6900,230.0,camera_3,removed,-1
1381,6905,230.167,camera_4,removed,50
1381,6905,230.167,camera_5,reacquired,152
1382,6910,230.333,camera_5,new_track,154
1382,6910,230.333,camera_5,new_track,155
1383,6915,230.5,camera_1,removed,-1
1383,6915,230.5,camera_3,new_track,72
1383,6915,230.5,camera_3,lost_track,70
1383,6915,230.5,camera_5,new_track,156
1383,6915,230.5,camera_5,reacquired,150
1383,6915,230.5,camera_5,lost_track,152
1383,6915,230.5,camera_5,lost_track,149
1383,6915,230.5,camera_5,removed,-1
1384,6920,230.667,camera_5,new_track,157
1384,6920,230.667,camera_5,lost_track,150
1385,6925,230.833,camera_1,new_track,85
1386,6930,231.0,camera_3,new_track,73
1386,6930,231.0,camera_5,lost_track,155
1386,6930,231.0,camera_5,lost_track,157
1387,6935,231.167,camera_3,lost_track,72
1387,6935,231.167,camera_3,lost_track,65
1387,6935,231.167,camera_3,removed,-1
1387,6935,231.167,camera_4,removed,51
1387,6935,231.167,camera_5,removed,-1
1388,6940,231.333,camera_3,reacquired,65
1388,6940,231.333,camera_5,reacquired,157
1389,6945,231.5,camera_1,lost_track,85
1389,6945,231.5,camera_3,lost_track,65
1390,6950,231.667,camera_3,removed,-1
1390,6950,231.667,camera_5,lost_track,156
1390,6950,231.667,camera_5,lost_track,157
1390,6950,231.667,camera_5,removed,-1
1391,6955,231.833,camera_5,new_track,158
1391,6955,231.833,camera_5,removed,138
1392,6960,232.0,camera_1,reacquired,85
1392,6960,232.0,camera_5,reacquired,156
1393,6965,232.167,camera_1,reacquired,76
1393,6965,232.167,camera_5,removed,-1
1394,6970,232.333,camera_1,lost_track,76
1394,6970,232.333,camera_2,new_track,65
1394,6970,232.333,camera_2,removed,64
1394,6970,232.333,camera_4,new_track,52
1394,6970,232.333,camera_4,removed,37
1394,6970,232.333,camera_5,lost_track,156
1395,6975,232.5,camera_5,reacquired,156
1395,6975,232.5,camera_5,lost_track,154
1396,6980,232.667,camera_1,reacquired,76
1396,6980,232.667,camera_2,removed,62
1396,6980,232.667,camera_5,reacquired,154
1396,6980,232.667,camera_5,lost_track,156
1396,6980,232.667,camera_5,removed,-1
1397,6985,232.833,camera_3,removed,68
1397,6985,232.833,camera_5,new_track,159
1398,6990,233.0,camera_5,removed,-1
1399,6995,233.167,camera_1,lost_track,76
1399,6995,233.167,camera_3,new_track,74
1399,6995,233.167,camera_3,removed,69
1399,6995,233.167,camera_5,lost_track,158
1402,7010,233.667,camera_1,removed,84
1402,7010,233.667,camera_5,lost_track,153
1403,7015,233.833,camera_3,removed,66
1403,7015,233.833,camera_5,reacquired,158
1403,7015,233.833,camera_5,removed,-1
1405,7025,234.167,camera_5,removed,-1
1406,7030,234.333,camera_3,new_track,75
1407,7035,234.5,camera_5,lost_track,159
1408,7040,234.667,camera_3,lost_track,75
1408,7040,234.667,camera_3,lost_track,71
1408,7040,234.667,camera_5,new_track,160
1408,7040,234.667,camera_5,reacquired,156
1408,7040,234.667,camera_5,lost_track,154
1409,7045,234.833,camera_3,reacquired,71
1409,7045,234.833,camera_3,reacquired,75
1409,7045,234.833,camera_3,lost_track,73
1410,7050,235.0,camera_3,lost_track,74
1410,7050,235.0,camera_5,reacquired,153
1410,7050,235.0,camera_5,reacquired,154
1410,7050,235.0,camera_5,reacquired,159
1410,7050,235.0,camera_5,lost_track,148
1411,7055,235.167,camera_1,reacquired,76
1411,7055,235.167,camera_3,reacquired,74
1411,7055,235.167,camera_5,lost_track,153
1411,7055,235.167,camera_5,lost_track,154
1411,7055,235.167,camera_5,lost_track,156
1411,7055,235.167,camera_5,lost_track,159
1412,7060,235.333,camera_5,reacquired,148
1412,7060,235.333,camera_5,reacquired,153
1413,7065,235.5,camera_3,reacquired,73
1413,7065,235.5,camera_3,lost_track,75
1413,7065,235.5,camera_3,removed,70
1413,7065,235.5,camera_3,removed,-1
1413,7065,235.5,camera_4,lost_track,52
1413,7065,235.5,camera_5,reacquired,154
1413,7065,235.5,camera_5,lost_track,153
1413,7065,235.5,camera_5,removed,152
1413,7065,235.5,camera_5,removed,149
1414,7070,235.667,camera_4,removed,-1
1414,7070,235.667,camera_5,new_track,161
1414,7070,235.667,camera_5,reacquired,150
1415,7075,235.833,camera_1,lost_track,76
1415,7075,235.833,camera_4,new_track,53
1415,7075,235.833,camera_5,lost_track,154
1416,7080,236.0,camera_3,reacquired,75
1416,7080,236.0,camera_3,lost_track,71
1416,7080,236.0,camera_5,removed,155
1416,7080,236.0,camera_5,removed,-1
1417,7085,236.167,camera_3,removed,72
1417,7085,236.167,camera_5,reacquired,154
1417,7085,236.167,camera_5,lost_track,150
1418,7090,236.333,camera_1,lost_track,85
1418,7090,236.333,camera_2,new_track,66
1418,7090,236.333,camera_3,lost_track,75
1418,7090,236.333,camera_4,lost_track,53
1418,7090,236.333,camera_5,new_track,162
1418,7090,236.333,camera_5,lost_track,154
1419,7095,236.5,camera_3,reacquired,71
1419,7095,236.5,camera_3,removed,65
1419,7095,236.5,camera_5,removed,-1
1420,7100,236.667,camera_5,removed,157
1422,7110,237.0,camera_3,removed,-1
1422,7110,237.0,camera_5,new_track,163
1422,7110,237.0,camera_5,lost_track,160
1423,7115,237.167,camera_5,removed,-1
1426,7130,237.667,camera_3,lost_track,74
1426,7130,237.667,camera_5,new_track,164
1426,7130,237.667,camera_5,new_track,165
1426,7130,237.667,camera_5,reacquired,156
1426,7130,237.667,camera_5,lost_track,161
1426,7130,237.667,camera_5,lost_track,158
1427,7135,237.833,camera_3,removed,-1
1427,7135,237.833,camera_5,reacquired,161
1427,7135,237.833,camera_5,lost_track,156
1428,7140,238.0,camera_4,new_track,54
1428,7140,238.0,camera_5,reacquired,160
1428,7140,238.0,camera_5,lost_track,161
1428,7140,238.0,camera_5,lost_track,163
1430,7150,238.333,camera_1,removed,-1
1430,7150,238.333,camera_2,new_track,67
1430,7150,238.333,camera_5,reacquired,153
1430,7150,238.333,camera_5,reacquired,161
1430,7150,238.333,camera_5,lost_track,160
1430,7150,238.333,camera_5,removed,-1
1431,7155,238.5,camera_1,new_track,86
1431,7155,238.5,camera_5,reacquired,159
1431,7155,238.5,camera_5,reacquired,163
1431,7155,238.5,camera_5,lost_track,161
1431,7155,238.5,camera_5,lost_track,153
1432,7160,238.667,camera_1,lost_track,86
1432,7160,238.667,camera_2,lost_track,67
1432,7160,238.667,camera_3,reacquired,75
1432,7160,238.667,camera_4,lost_track,54
1432,7160,238.667,camera_5,reacquired,161
1433,7165,238.833,camera_1,reacquired,86
1433,7165,238.833,camera_5,reacquired,153
1433,7165,238.833,camera_5,lost_track,163
1433,7165,238.833,camera_5,lost_track,165
1433,7165,238.833,camera_5,lost_track,159
1434,7170,239.0,camera_2,reacquired,67
1434,7170,239.0,camera_5,reacquired,156
1434,7170,239.0,camera_5,lost_track,161
1434,7170,239.0,camera_5,removed,-1
1435,7175,239.167,camera_5,reacquired,161
1435,7175,239.167,camera_5,lost_track,156
1436,7180,239.333,camera_2,lost_track,67
1436,7180,239.333,camera_3,lost_track,71
1436,7180,239.333,camera_5,reacquired,156
1436,7180,239.333,camera_5,lost_track,161
1436,7180,239.333,camera_5,lost_track,164
1436,7180,239.333,camera_5,removed,-1
1437,7185,239.5,camera_5,lost_track,156
1438,7190,239.667,camera_2,removed,-1
1438,7190,239.667,camera_5,reacquired,164
1440,7200,240.0,camera_5,reacquired,161
1440,7200,240.0,camera_5,removed,-1
1441,7205,240.167,camera_2,lost_track,65
1442,7210,240.333,camera_2,reacquired,65
1443,7215,240.5,camera_1,lost_track,86
1443,7215,240.5,camera_3,removed,-1
1443,7215,240.5,camera_4,removed,52
1443,7215,240.5,camera_5,lost_track,148
1443,7215,240.5,camera_5,removed,-1
1444,7220,240.667,camera_1,reacquired,86
1444,7220,240.667,camera_2,removed,-1
1444,7220,240.667,camera_5,reacquired,163
1444,7220,240.667,camera_5,lost_track,161
1444,7220,240.667,camera_5,lost_track,153
1445,7225,240.833,camera_1,removed,76
1445,7225,240.833,camera_2,lost_track,65
1445,7225,240.833,camera_5,new_track,166
1445,7225,240.833,camera_5,reacquired,159
1445,7225,240.833,camera_5,lost_track,164
1446,7230,241.0,camera_2,reacquired,65
1446,7230,241.0,camera_5,reacquired,153
1447,7235,241.167,camera_2,lost_track,65
1447,7235,241.167,camera_2,removed,-1
1447,7235,241.167,camera_5,lost_track,153
1447,7235,241.167,camera_5,lost_track,166
1447,7235,241.167,camera_5,removed,150
1448,7240,241.333,camera_1,removed,85
1448,7240,241.333,camera_1,removed,-1
1448,7240,241.333,camera_4,removed,53
1448,7240,241.333,camera_5,removed,154
1449,7245,241.5,camera_1,lost_track,83
1449,7245,241.5,camera_2,new_track,68
1449,7245,241.5,camera_4,new_track,55
1449,7245,241.5,camera_5,reacquired,156
1449,7245,241.5,camera_5,reacquired,166
1451,7255,241.833,camera_4,removed,-1
1451,7255,241.833,camera_5,lost_track,166
1452,7260,242.0,camera_5,lost_track,156
1453,7265,242.167,camera_4,new_track,56
1453,7265,242.167,camera_5,lost_track,163
1453,7265,242.167,camera_5,lost_track,159
1454,7270,242.333,camera_3,removed,-1
1454,7270,242.333,camera_5,reacquired,159
1454,7270,242.333,camera_5,removed,-1
1455,7275,242.5,camera_1,new_track,87
1456,7280,242.667,camera_3,removed,74
1456,7280,242.667,camera_5,new_track,167
1456,7280,242.667,camera_5,removed,158
1457,7285,242.833,camera_5,reacquired,156
1458,7290,243.0,camera_5,new_track,168
1458,7290,243.0,camera_5,reacquired,163
1458,7290,243.0,camera_5,lost_track,159
1459,7295,243.167,camera_5,reacquired,159
1459,7295,243.167,camera_5,reacquired,166
1459,7295,243.167,camera_5,lost_track,168
1459,7295,243.167,camera_5,lost_track,156
1460,7300,243.333,camera_1,removed,-1
1460,7300,243.333,camera_5,reacquired,156
1460,7300,243.333,camera_5,lost_track,163
1460,7300,243.333,camera_5,removed,160
1461,7305,243.5,camera_1,lost_track,86
1461,7305,243.5,camera_2,lost_track,68
1461,7305,243.5,camera_5,reacquired,161
1461,7305,243.5,camera_5,lost_track,162
1461,7305,243.5,camera_5,removed,-1
1462,7310,243.667,camera_1,reacquired,86
1462,7310,243.667,camera_2,removed,-1
1462,7310,243.667,camera_4,removed,54
1463,7315,243.833,camera_5,lost_track,166
1463,7315,243.833,camera_5,removed,165
1464,7320,244.0,camera_4,removed,-1
1464,7320,244.0,camera_5,reacquired,163
1464,7320,244.0,camera_5,lost_track,156
1465,7325,244.167,camera_5,new_track,169
1465,7325,244.167,camera_5,reacquired,156
1465,7325,244.167,camera_5,reacquired,166
1465,7325,244.167,camera_5,lost_track,163
1466,7330,244.333,camera_2,removed,67
1466,7330,244.333,camera_3,removed,71
1466,7330,244.333,camera_5,lost_track,161
1467,7335,244.5,camera_1,removed,-1
1467,7335,244.5,camera_5,reacquired,163
1467,7335,244.5,camera_5,lost_track,156
1468,7340,244.667,camera_1,lost_track,87
1468,7340,244.667,camera_5,lost_track,166
1468,7340,244.667,camera_5,removed,-1
1469,7345,244.833,camera_5,new_track,170
1469,7345,244.833,camera_5,reacquired,164
1469,7345,244.833,camera_5,lost_track,167
1470,7350,245.0,camera_1,lost_track,86
1470,7350,245.0,camera_1,removed,-1
1470,7350,245.0,camera_4,lost_track,56
1470,7350,245.0,camera_5,lost_track,159
1471,7355,245.167,camera_1,reacquired,86
1471,7355,245.167,camera_4,new_track,57
1471,7355,245.167,camera_5,reacquired,166
1471,7355,245.167,camera_5,lost_track,164
1472,7360,245.333,camera_2,removed,-1
1472,7360,245.333,camera_5,reacquired,164
1473,7365,245.5,camera_2,new_track,69
1473,7365,245.5,camera_4,lost_track,57
1473,7365,245.5,camera_5,lost_track,170
1473,7365,245.5,camera_5,lost_track,166
1473,7365,245.5,camera_5,removed,148
1473,7365,245.5,camera_5,removed,-1
1474,7370,245.667,camera_4,new_track,58
1474,7370,245.667,camera_5,reacquired,156
1475,7375,245.833,camera_1,removed,-1
1475,7375,245.833,camera_5,lost_track,156
1475,7375,245.833,camera_5,lost_track,164
1476,7380,246.0,camera_2,lost_track,69
1476,7380,246.0,camera_5,reacquired,167
1476,7380,246.0,camera_5,lost_track,163
1477,7385,246.167,camera_2,removed,65
1477,7385,246.167,camera_4,lost_track,58
1477,7385,246.167,camera_4,removed,-1
1477,7385,246.167,camera_5,reacquired,156
1477,7385,246.167,camera_5,reacquired,164
1477,7385,246.167,camera_5,removed,153
1478,7390,246.333,camera_1,removed,-1
1478,7390,246.333,camera_2,new_track,70
1478,7390,246.333,camera_3,lost_track,75
1478,7390,246.333,camera_5,reacquired,163
1479,7395,246.5,camera_1,removed,83
1479,7395,246.5,camera_2,removed,-1
1479,7395,246.5,camera_5,lost_track,164
1480,7400,246.667,camera_5,new_track,171
1481,7405,246.833,camera_5,lost_track,156
1481,7405,246.833,camera_5,lost_track,167
1482,7410,247.0,camera_2,lost_track,70
1484,7420,247.333,camera_1,new_track,88
1484,7420,247.333,camera_5,lost_track,163
1485,7425,247.5,camera_2,lost_track,66
1485,7425,247.5,camera_5,reacquired,167
1486,7430,247.667,camera_4,reacquired,58
1486,7430,247.667,camera_4,lost_track,55
1487,7435,247.833,camera_4,lost_track,58
1488,7440,248.0,camera_1,lost_track,88
1488,7440,248.0,camera_1,lost_track,86
1488,7440,248.0,camera_3,lost_track,73
1489,7445,248.167,camera_1,reacquired,88
1489,7445,248.167,camera_5,reacquired,164
1489,7445,248.167,camera_5,removed,168
1490,7450,248.333,camera_1,lost_track,88
1490,7450,248.333,camera_3,removed,-1
1490,7450,248.333,camera_5,lost_track,164
1490,7450,248.333,camera_5,removed,-1
1491,7455,248.5,camera_2,removed,68
1491,7455,248.5,camera_5,lost_track,171
1491,7455,248.5,camera_5,removed,162
1492,7460,248.667,camera_5,reacquired,171
1492,7460,248.667,camera_5,lost_track,151
1494,7470,249.0,camera_5,reacquired,164
1495,7475,249.167,camera_5,reacquired,156
1496,7480,249.333,camera_5,lost_track,156
1496,7480,249.333,camera_5,removed,161
1496,7480,249.333,camera_5,removed,-1
1498,7490,249.667,camera_1,removed,87
1498,7490,249.667,camera_5,reacquired,156
1499,7495,249.833,camera_5,new_track,172
1499,7495,249.833,camera_5,lost_track,169
1499,7495,249.833,camera_5,lost_track,171
1499,7495,249.833,camera_5,lost_track,156
1500,7500,250.0,camera_4,removed,56
1500,7500,250.0,camera_5,reacquired,156
1500,7500,250.0,camera_5,reacquired,169
1500,7500,250.0,camera_5,lost_track,172
1500,7500,250.0,camera_5,lost_track,164
1500,7500,250.0,camera_5,removed,159
1501,7505,250.167,camera_5,reacquired,172
1501,7505,250.167,camera_5,removed,-1
1503,7515,250.5,camera_4,removed,57
1503,7515,250.5,camera_5,lost_track,169
1503,7515,250.5,camera_5,lost_track,172
1503,7515,250.5,camera_5,removed,170
1503,7515,250.5,camera_5,removed,166
1504,7520,250.667,camera_5,reacquired,169
1505,7525,250.833,camera_5,reacquired,172
1506,7530,251.0,camera_2,removed,69
1506,7530,251.0,camera_4,reacquired,55
1507,7535,251.167,camera_5,lost_track,172
1508,7540,251.333,camera_3,removed,75
1508,7540,251.333,camera_5,reacquired,172
1508,7540,251.333,camera_5,lost_track,167
1508,7540,251.333,camera_5,removed,-1
1509,7545,251.5,camera_5,reacquired,167
1509,7545,251.5,camera_5,lost_track,172
1510,7550,251.667,camera_5,reacquired,164
1510,7550,251.667,camera_5,reacquired,172
1511,7555,251.833,camera_5,lost_track,172
1511,7555,251.833,camera_5,lost_track,164
1512,7560,252.0,camera_2,removed,70
1514,7570,252.333,camera_5,reacquired,164
1514,7570,252.333,camera_5,reacquired,172
1514,7570,252.333,camera_5,lost_track,169
1514,7570,252.333,camera_5,removed,163
1515,7575,252.5,camera_2,removed,66
1517,7585,252.833,camera_4,removed,58
1517,7585,252.833,camera_5,lost_track,156
1518,7590,253.0,camera_1,removed,86
1518,7590,253.0,camera_3,removed,73
1518,7590,253.0,camera_5,reacquired,156
1518,7590,253.0,camera_6,removed,-1
1519,7595,253.167,camera_4,lost_track,55
1519,7595,253.167,camera_6,new_track,44
1520,7600,253.333,camera_1,removed,88
1520,7600,253.333,camera_5,lost_track,172
1521,7605,253.5,camera_5,reacquired,171
1521,7605,253.5,camera_5,lost_track,156
1522,7610,253.667,camera_5,lost_track,171
1522,7610,253.667,camera_5,removed,151
1523,7615,253.833,camera_5,reacquired,156
1524,7620,254.0,camera_5,lost_track,156
1525,7625,254.167,camera_4,new_track,59
1525,7625,254.167,camera_5,removed,-1
1527,7635,254.5,camera_5,new_track,173
1527,7635,254.5,camera_5,lost_track,167
1528,7640,254.667,camera_5,reacquired,167
1529,7645,254.833,camera_5,reacquired,172
1529,7645,254.833,camera_5,lost_track,167
1531,7655,255.167,camera_5,new_track,174
1532,7660,255.333,camera_5,removed,-1
1533,7665,255.5,camera_4,lost_track,59
1533,7665,255.5,camera_5,lost_track,174
1533,7665,255.5,camera_6,new_track,45
1533,7665,255.5,camera_6,removed,-1
1534,7670,255.667,camera_5,new_track,175
1534,7670,255.667,camera_5,reacquired,169
1535,7675,255.833,camera_5,reacquired,156
1535,7675,255.833,camera_5,lost_track,169
1536,7680,256.0,camera_2,new_track,71
1537,7685,256.167,camera_4,new_track,60
1537,7685,256.167,camera_6,lost_track,45
1539,7695,256.5,camera_6,lost_track,44
1540,7700,256.667,camera_5,reacquired,169
1540,7700,256.667,camera_5,reacquired,174
1540,7700,256.667,camera_5,removed,-1
1540,7700,256.667,camera_6,removed,-1
1541,7705,256.833,camera_2,lost_track,71
1541,7705,256.833,camera_5,lost_track,175
1542,7710,257.0,camera_5,lost_track,156
1543,7715,257.167,camera_4,lost_track,60
1543,7715,257.167,camera_5,lost_track,164
1543,7715,257.167,camera_5,lost_track,174
1544,7720,257.333,camera_5,reacquired,164
1544,7720,257.333,camera_5,reacquired,174
1545,7725,257.5,camera_5,new_track,176
1545,7725,257.5,camera_5,removed,-1
1546,7730,257.667,camera_5,lost_track,176
1547,7735,257.833,camera_5,reacquired,176
1547,7735,257.833,camera_5,lost_track,169
1547,7735,257.833,camera_5,removed,-1
1548,7740,258.0,camera_5,reacquired,169
1548,7740,258.0,camera_5,reacquired,175
1548,7740,258.0,camera_5,lost_track,176
1548,7740,258.0,camera_5,lost_track,172
1548,7740,258.0,camera_5,lost_track,174
1549,7745,258.167,camera_4,removed,55
1549,7745,258.167,camera_5,reacquired,172
1549,7745,258.167,camera_5,lost_track,173
1551,7755,258.5,camera_5,lost_track,169
1552,7760,258.667,camera_5,reacquired,174
1552,7760,258.667,camera_5,removed,171
1553,7765,258.833,camera_6,new_track,46
1554,7770,259.0,camera_5,lost_track,174
1554,7770,259.0,camera_5,removed,-1
1555,7775,259.167,camera_5,reacquired,156
1555,7775,259.167,camera_5,reacquired,169
1555,7775,259.167,camera_5,lost_track,175
1555,7775,259.167,camera_6,removed,-1
1556,7780,259.333,camera_6,new_track,47
1557,7785,259.5,camera_5,reacquired,175
1558,7790,259.667,camera_5,lost_track,175
1558,7790,259.667,camera_5,removed,-1
1559,7795,259.833,camera_5,removed,167
1560,7800,260.0,camera_5,new_track,177
1560,7800,260.0,camera_5,reacquired,175
1560,7800,260.0,camera_5,removed,-1
1561,7805,260.167,camera_5,lost_track,177
1562,7810,260.333,camera_2,removed,-1
1562,7810,260.333,camera_5,reacquired,177
1562,7810,260.333,camera_6,lost_track,47
1563,7815,260.5,camera_4,removed,59
1563,7815,260.5,camera_5,reacquired,174
1563,7815,260.5,camera_5,lost_track,177
1563,7815,260.5,camera_5,lost_track,175
1563,7815,260.5,camera_6,removed,-1
1564,7820,260.667,camera_5,lost_track,174
1564,7820,260.667,camera_5,removed,-1
1564,7820,260.667,camera_6,new_track,48
1565,7825,260.833,camera_5,lost_track,169
1566,7830,261.0,camera_6,lost_track,48
1567,7835,261.167,camera_5,reacquired,169
1567,7835,261.167,camera_5,reacquired,177
1567,7835,261.167,camera_5,removed,-1
1567,7835,261.167,camera_6,removed,45
1567,7835,261.167,camera_7,new_track,29
1568,7840,261.333,camera_6,new_track,49
1569,7845,261.5,camera_5,lost_track,164
1569,7845,261.5,camera_5,removed,-1
1569,7845,261.5,camera_6,removed,44
1570,7850,261.667,camera_5,reacquired,175
1570,7850,261.667,camera_5,lost_track,177
1571,7855,261.833,camera_2,removed,71
1571,7855,261.833,camera_5,reacquired,177
1572,7860,262.0,camera_6,lost_track,46
1573,7865,262.167,camera_4,removed,60
1573,7865,262.167,camera_5,lost_track,175
1575,7875,262.5,camera_5,reacquired,175
1576,7880,262.667,camera_5,lost_track,177
1576,7880,262.667,camera_5,removed,-1
1577,7885,262.833,camera_4,new_track,61
1577,7885,262.833,camera_5,reacquired,177
1577,7885,262.833,camera_5,lost_track,175
1578,7890,263.0,camera_5,lost_track,177
1578,7890,263.0,camera_5,removed,176
1578,7890,263.0,camera_5,removed,-1
1579,7895,263.167,camera_5,removed,173
1580,7900,263.333,camera_5,new_track,178
1581,7905,263.5,camera_5,removed,-1
1582,7910,263.667,camera_5,new_track,179
1582,7910,263.667,camera_5,lost_track,178
1583,7915,263.833,camera_4,lost_track,61
1583,7915,263.833,camera_5,reacquired,164
1583,7915,263.833,camera_5,reacquired,178
1584,7920,264.0,camera_4,removed,-1
1584,7920,264.0,camera_5,lost_track,178
1584,7920,264.0,camera_7,lost_track,29
1585,7925,264.167,camera_5,new_track,180
1585,7925,264.167,camera_5,lost_track,172
1586,7930,264.333,camera_5,reacquired,172
1586,7930,264.333,camera_5,lost_track,169
1586,7930,264.333,camera_5,lost_track,179
1586,7930,264.333,camera_5,removed,-1
1587,7935,264.5,camera_6,removed,-1
1588,7940,264.667,camera_5,reacquired,179
1588,7940,264.667,camera_5,lost_track,156
1588,7940,264.667,camera_6,new_track,50
1589,7945,264.833,camera_5,lost_track,179
1589,7945,264.833,camera_5,removed,-1
1590,7950,265.0,camera_5,reacquired,169
1591,7955,265.167,camera_5,reacquired,156
1591,7955,265.167,camera_5,lost_track,172
1592,7960,265.333,camera_5,reacquired,179
1592,7960,265.333,camera_5,removed,-1
1592,7960,265.333,camera_6,lost_track,50
1592,7960,265.333,camera_6,removed,47
1593,7965,265.5,camera_6,lost_track,49
1593,7965,265.5,camera_6,removed,-1
1594,7970,265.667,camera_5,removed,174
1594,7970,265.667,camera_5,removed,-1
1595,7975,265.833,camera_5,lost_track,179
1596,7980,266.0,camera_5,reacquired,179
1596,7980,266.0,camera_6,removed,48
1597,7985,266.167,camera_5,removed,-1
1598,7990,266.333,camera_5,lost_track,179
1600,8000,266.667,camera_5,new_track,181
1600,8000,266.667,camera_5,reacquired,179
1600,8000,266.667,camera_5,removed,-1
1602,8010,267.0,camera_2,new_track,72
1602,8010,267.0,camera_6,removed,46
1604,8020,267.333,camera_5,new_track,182
1606,8030,267.667,camera_2,lost_track,72
1607,8035,267.833,camera_2,removed,-1
1607,8035,267.833,camera_5,lost_track,179
1607,8035,267.833,camera_5,lost_track,181
1607,8035,267.833,camera_5,removed,175
1608,8040,268.0,camera_5,reacquired,179
1608,8040,268.0,camera_5,lost_track,180
1608,8040,268.0,camera_5,removed,177
1609,8045,268.167,camera_5,reacquired,180
1609,8045,268.167,camera_5,lost_track,179
1609,8045,268.167,camera_5,removed,-1
1610,8050,268.333,camera_5,lost_track,164
1611,8055,268.5,camera_5,reacquired,179
1611,8055,268.5,camera_5,reacquired,181
1613,8065,268.833,camera_4,removed,61
1613,8065,268.833,camera_5,removed,-1
1614,8070,269.0,camera_5,lost_track,179
1614,8070,269.0,camera_5,removed,178
1614,8070,269.0,camera_7,removed,29
1615,8075,269.167,camera_5,reacquired,179
1615,8075,269.167,camera_5,lost_track,181
1616,8080,269.333,camera_5,reacquired,181
1616,8080,269.333,camera_5,removed,-1
1617,8085,269.5,camera_5,new_track,183
1617,8085,269.5,camera_5,lost_track,181
1619,8095,269.833,camera_5,lost_track,179
1619,8095,269.833,camera_5,lost_track,182
1619,8095,269.833,camera_5,removed,-1
1620,8100,270.0,camera_5,reacquired,179
1620,8100,270.0,camera_5,reacquired,182
1621,8105,270.167,camera_5,lost_track,179
1621,8105,270.167,camera_5,lost_track,156
1621,8105,270.167,camera_5,lost_track,182
1621,8105,270.167,camera_5,removed,172
1622,8110,270.333,camera_5,new_track,184
1622,8110,270.333,camera_5,reacquired,179
1622,8110,270.333,camera_5,reacquired,182
1622,8110,270.333,camera_6,removed,50
1623,8115,270.5,camera_5,reacquired,156
1623,8115,270.5,camera_5,lost_track,169
1623,8115,270.5,camera_6,removed,49
1624,8120,270.667,camera_5,lost_track,179
1624,8120,270.667,camera_5,lost_track,182
1624,8120,270.667,camera_5,removed,-1
1624,8120,270.667,camera_7,new_track,30
1625,8125,270.833,camera_5,reacquired,179
1625,8125,270.833,camera_5,reacquired,182
1626,8130,271.0,camera_5,lost_track,179
1626,8130,271.0,camera_5,lost_track,182
1627,8135,271.167,camera_5,reacquired,179
1627,8135,271.167,camera_5,reacquired,182
1628,8140,271.333,camera_5,reacquired,169
1628,8140,271.333,camera_5,lost_track,184
1628,8140,271.333,camera_5,lost_track,179
1628,8140,271.333,camera_5,lost_track,156
1628,8140,271.333,camera_7,removed,-1
1629,8145,271.5,camera_2,new_track,73
1630,8150,271.667,camera_5,reacquired,179
1630,8150,271.667,camera_5,lost_track,182
1630,8150,271.667,camera_5,removed,-1
1631,8155,271.833,camera_5,lost_track,179
1632,8160,272.0,camera_2,new_track,74
1634,8170,272.333,camera_5,reacquired,184
1634,8170,272.333,camera_5,lost_track,169
1635,8175,272.5,camera_5,new_track,185
1635,8175,272.5,camera_5,lost_track,184
1636,8180,272.667,camera_2,removed,72
1636,8180,272.667,camera_5,removed,-1
1640,8200,273.333,camera_5,removed,164
1642,8210,273.667,camera_5,removed,-1
1645,8225,274.167,camera_5,removed,-1
1646,8230,274.333,camera_2,lost_track,73
1646,8230,274.333,camera_5,lost_track,185
1647,8235,274.5,camera_2,reacquired,73
1647,8235,274.5,camera_2,removed,-1
1647,8235,274.5,camera_5,reacquired,185
1647,8235,274.5,camera_5,lost_track,183
1647,8235,274.5,camera_5,removed,181
1647,8235,274.5,camera_5,removed,-1
1649,8245,274.833,camera_5,reacquired,179
1650,8250,275.0,camera_5,removed,-1
1651,8255,275.167,camera_5,new_track,186
1654,8270,275.667,camera_5,removed,-1
1655,8275,275.833,camera_1,new_track,89
1656,8280,276.0,camera_5,removed,-1
1657,8285,276.167,camera_1,new_track,90
1657,8285,276.167,camera_2,lost_track,73
1657,8285,276.167,camera_5,new_track,187
1657,8285,276.167,camera_5,reacquired,182
1657,8285,276.167,camera_5,lost_track,185
1658,8290,276.333,camera_5,removed,156
1659,8295,276.5,camera_2,new_track,75
1659,8295,276.5,camera_3,removed,-1
1659,8295,276.5,camera_5,new_track,188
1660,8300,276.667,camera_3,new_track,76
1660,8300,276.667,camera_5,lost_track,187
1660,8300,276.667,camera_5,lost_track,188
1661,8305,276.833,camera_1,new_track,91
1661,8305,276.833,camera_2,lost_track,74
1661,8305,276.833,camera_3,removed,-1
1661,8305,276.833,camera_5,reacquired,188
1661,8305,276.833,camera_5,lost_track,182
1662,8310,277.0,camera_4,new_track,62
1662,8310,277.0,camera_5,removed,-1
1663,8315,277.167,camera_1,lost_track,90
1664,8320,277.333,camera_2,removed,-1
1664,8320,277.333,camera_5,lost_track,179
1664,8320,277.333,camera_5,lost_track,188
1664,8320,277.333,camera_5,removed,169
1665,8325,277.5,camera_1,lost_track,89
1665,8325,277.5,camera_5,reacquired,179
1665,8325,277.5,camera_5,removed,184
1666,8330,277.667,camera_5,reacquired,188
1666,8330,277.667,camera_6,new_track,51
1666,8330,277.667,camera_6,removed,-1
1667,8335,277.833,camera_5,lost_track,188
1668,8340,278.0,camera_6,removed,-1
1669,8345,278.167,camera_2,lost_track,75
1669,8345,278.167,camera_3,lost_track,76
1669,8345,278.167,camera_6,new_track,52
1671,8355,278.5,camera_1,reacquired,90
1672,8360,278.667,camera_1,lost_track,90
1672,8360,278.667,camera_2,removed,-1
1673,8365,278.833,camera_5,reacquired,188
1673,8365,278.833,camera_5,lost_track,179
1674,8370,279.0,camera_2,new_track,76
1674,8370,279.0,camera_5,reacquired,179
1674,8370,279.0,camera_5,lost_track,188
1675,8375,279.167,camera_3,removed,-1
1675,8375,279.167,camera_5,reacquired,188
1675,8375,279.167,camera_6,lost_track,52
1676,8380,279.333,camera_5,lost_track,179
1676,8380,279.333,camera_5,lost_track,188
1677,8385,279.5,camera_3,removed,-1
1677,8385,279.5,camera_5,removed,183
1678,8390,279.667,camera_5,removed,-1
1679,8395,279.833,camera_3,new_track,77
1679,8395,279.833,camera_4,removed,-1
1680,8400,280.0,camera_4,new_track,63
1681,8405,280.167,camera_4,lost_track,62
1682,8410,280.333,camera_2,new_track,77
1682,8410,280.333,camera_4,lost_track,63
1683,8415,280.5,camera_2,removed,-1
1683,8415,280.5,camera_5,lost_track,186
1684,8420,280.667,camera_5,reacquired,186
1687,8435,281.167,camera_2,removed,73
1687,8435,281.167,camera_5,removed,185
1688,8440,281.333,camera_2,lost_track,76
1690,8450,281.667,camera_5,lost_track,180
1690,8450,281.667,camera_5,removed,187
1691,8455,281.833,camera_2,removed,74
1691,8455,281.833,camera_5,removed,182
1691,8455,281.833,camera_5,removed,-1
1694,8470,282.333,camera_5,lost_track,186
1695,8475,282.5,camera_1,removed,89
1699,8495,283.167,camera_2,removed,75
1699,8495,283.167,camera_3,removed,76
1702,8510,283.667,camera_1,removed,90
1702,8510,283.667,camera_4,new_track,64
1702,8510,283.667,camera_7,lost_track,30
1703,8515,283.833,camera_2,lost_track,77
1703,8515,283.833,camera_5,new_track,189
1704,8520,284.0,camera_1,new_track,92
1705,8525,284.167,camera_6,removed,52
1706,8530,284.333,camera_3,removed,-1
1706,8530,284.333,camera_5,removed,179
1706,8530,284.333,camera_5,removed,188
1709,8545,284.833,camera_4,new_track,65
1710,8550,285.0,camera_3,new_track,78
1710,8550,285.0,camera_3,removed,-1
1711,8555,285.167,camera_4,removed,62
1712,8560,285.333,camera_3,lost_track,77
1712,8560,285.333,camera_4,removed,63
1713,8565,285.5,camera_4,lost_track,64
1713,8565,285.5,camera_4,removed,-1
