loop_i,video_fid,t_sec,camera_id,kind,track_id
0,0,0.0,camera_1,new_track,0
0,0,0.0,camera_1,new_track,1
0,0,0.0,camera_1,new_track,2
0,0,0.0,camera_2,new_track,0
0,0,0.0,camera_2,new_track,1
0,0,0.0,camera_2,new_track,2
0,0,0.0,camera_2,new_track,3
0,0,0.0,camera_3,new_track,0
0,0,0.0,camera_3,new_track,1
0,0,0.0,camera_3,new_track,2
0,0,0.0,camera_3,new_track,3
0,0,0.0,camera_3,new_track,4
0,0,0.0,camera_3,new_track,5
0,0,0.0,camera_3,new_track,6
0,0,0.0,camera_3,new_track,7
0,0,0.0,camera_4,new_track,0
0,0,0.0,camera_4,new_track,1
0,0,0.0,camera_4,new_track,2
0,0,0.0,camera_4,new_track,3
2,10,0.333,camera_4,lost_track,3
4,20,0.667,camera_3,lost_track,6
5,25,0.833,camera_1,lost_track,2
5,25,0.833,camera_4,new_track,4
6,30,1.0,camera_2,lost_track,3
6,30,1.0,camera_3,new_track,8
6,30,1.0,camera_3,reacquired,6
8,40,1.333,camera_4,reacquired,3
8,40,1.333,camera_4,lost_track,4
9,45,1.5,camera_3,new_track,9
9,45,1.5,camera_3,lost_track,8
10,50,1.667,camera_3,reacquired,8
10,50,1.667,camera_3,lost_track,4
10,50,1.667,camera_4,reacquired,4
11,55,1.833,camera_3,reacquired,4
11,55,1.833,camera_3,lost_track,8
12,60,2.0,camera_4,lost_track,4
14,70,2.333,camera_4,lost_track,3
15,75,2.5,camera_3,reacquired,8
15,75,2.5,camera_3,lost_track,4
15,75,2.5,camera_3,lost_track,6
18,90,3.0,camera_3,reacquired,4
18,90,3.0,camera_3,lost_track,8
20,100,3.333,camera_3,reacquired,6
22,110,3.667,camera_3,reacquired,8
22,110,3.667,camera_3,lost_track,4
22,110,3.667,camera_3,lost_track,6
23,115,3.833,camera_3,reacquired,4
24,120,4.0,camera_3,lost_track,8
25,125,4.167,camera_1,reacquired,2
25,125,4.167,camera_3,reacquired,6
25,125,4.167,camera_3,reacquired,8
25,125,4.167,camera_3,lost_track,4
26,130,4.333,camera_3,new_track,10
26,130,4.333,camera_3,lost_track,2
27,135,4.5,camera_3,reacquired,4
29,145,4.833,camera_3,lost_track,8
30,150,5.0,camera_1,lost_track,2
33,165,5.5,camera_2,new_track,4
34,170,5.667,camera_3,lost_track,6
36,180,6.0,camera_2,removed,3
38,190,6.333,camera_3,reacquired,6
39,195,6.5,camera_2,lost_track,4
41,205,6.833,camera_3,lost_track,6
42,210,7.0,camera_3,reacquired,6
42,210,7.0,camera_4,removed,4
43,215,7.167,camera_3,lost_track,6
44,220,7.333,camera_4,removed,3
56,280,9.333,camera_3,removed,2
57,285,9.5,camera_3,reacquired,6
58,290,9.667,camera_3,lost_track,7
59,295,9.833,camera_3,removed,8
60,300,10.0,camera_1,removed,2
60,300,10.0,camera_3,lost_track,3
61,305,10.167,camera_3,reacquired,3
65,325,10.833,camera_3,lost_track,0
66,330,11.0,camera_3,reacquired,0
69,345,11.5,camera_2,removed,4
70,350,11.667,camera_3,lost_track,1
73,365,12.167,camera_1,new_track,3
79,395,13.167,camera_1,lost_track,3
79,395,13.167,camera_5,new_track,0
80,400,13.333,camera_5,new_track,1
81,405,13.5,camera_2,lost_track,0
82,410,13.667,camera_5,lost_track,1
88,440,14.667,camera_3,removed,7
89,445,14.833,camera_4,new_track,5
90,450,15.0,camera_2,new_track,5
91,455,15.167,camera_5,lost_track,0
93,465,15.5,camera_2,lost_track,2
94,470,15.667,camera_2,lost_track,5
96,480,16.0,camera_3,new_track,11
97,485,16.167,camera_2,reacquired,5
98,490,16.333,camera_3,new_track,12
99,495,16.5,camera_4,lost_track,5
99,495,16.5,camera_6,new_track,0
100,500,16.667,camera_3,removed,1
101,505,16.833,camera_4,reacquired,5
103,515,17.167,camera_2,new_track,6
105,525,17.5,camera_3,lost_track,9
106,530,17.667,camera_2,lost_track,5
108,540,18.0,camera_3,lost_track,11
109,545,18.167,camera_1,removed,3
111,555,18.5,camera_2,removed,0
112,560,18.667,camera_5,removed,1
113,565,18.833,camera_3,lost_track,12
113,565,18.833,camera_4,lost_track,5
114,570,19.0,camera_3,reacquired,12
117,585,19.5,camera_6,new_track,1
119,595,19.833,camera_6,lost_track,1
119,595,19.833,camera_7,new_track,0
121,605,20.167,camera_5,removed,0
121,605,20.167,camera_6,lost_track,0
123,615,20.5,camera_2,removed,2
135,675,22.5,camera_3,removed,9
136,680,22.667,camera_2,removed,5
137,685,22.833,camera_3,new_track,13
138,690,23.0,camera_3,removed,11
138,690,23.0,camera_4,reacquired,5
140,700,23.333,camera_4,lost_track,5
146,730,24.333,camera_3,new_track,14
147,735,24.5,camera_4,reacquired,5
148,740,24.667,camera_4,lost_track,5
149,745,24.833,camera_3,lost_track,13
149,745,24.833,camera_6,removed,1
150,750,25.0,camera_3,lost_track,14
151,755,25.167,camera_6,removed,0
155,775,25.833,camera_3,new_track,15
157,785,26.167,camera_3,new_track,16
158,790,26.333,camera_3,lost_track,12
159,795,26.5,camera_3,reacquired,12
159,795,26.5,camera_4,lost_track,2
160,800,26.667,camera_4,new_track,6
161,805,26.833,camera_4,lost_track,6
162,810,27.0,camera_2,new_track,7
163,815,27.167,camera_2,lost_track,7
165,825,27.5,camera_2,new_track,8
167,835,27.833,camera_3,new_track,17
173,865,28.833,camera_3,lost_track,12
173,865,28.833,camera_3,lost_track,15
173,865,28.833,camera_3,lost_track,16
174,870,29.0,camera_3,reacquired,15
174,870,29.0,camera_3,reacquired,16
178,890,29.667,camera_3,lost_track,3
178,890,29.667,camera_3,lost_track,15
178,890,29.667,camera_4,removed,5
179,895,29.833,camera_3,reacquired,3
179,895,29.833,camera_3,removed,13
180,900,30.0,camera_3,reacquired,15
180,900,30.0,camera_3,removed,14
182,910,30.333,camera_3,new_track,18
184,920,30.667,camera_3,new_track,19
185,925,30.833,camera_3,lost_track,18
188,940,31.333,camera_3,reacquired,18
189,945,31.5,camera_4,removed,2
191,955,31.833,camera_4,removed,6
193,965,32.167,camera_2,removed,7
200,1000,33.333,camera_1,new_track,4
203,1015,33.833,camera_3,removed,12
209,1045,34.833,camera_3,lost_track,19
210,1050,35.0,camera_3,new_track,20
211,1055,35.167,camera_1,lost_track,4
211,1055,35.167,camera_3,reacquired,19
212,1060,35.333,camera_3,lost_track,19
232,1160,38.667,camera_3,new_track,21
232,1160,38.667,camera_3,reacquired,19
241,1205,40.167,camera_1,removed,4
246,1230,41.0,camera_3,lost_track,19
247,1235,41.167,camera_3,reacquired,19
249,1245,41.5,camera_3,lost_track,21
279,1395,46.5,camera_3,removed,21
294,1470,49.0,camera_3,new_track,22
295,1475,49.167,camera_3,lost_track,15
302,1510,50.333,camera_3,reacquired,15
305,1525,50.833,camera_3,lost_track,19
307,1535,51.167,camera_3,reacquired,19
309,1545,51.5,camera_3,lost_track,22
311,1555,51.833,camera_3,reacquired,22
312,1560,52.0,camera_3,new_track,23
312,1560,52.0,camera_3,lost_track,22
312,1560,52.0,camera_4,lost_track,0
313,1565,52.167,camera_4,reacquired,0
315,1575,52.5,camera_3,lost_track,23
316,1580,52.667,camera_3,lost_track,4
329,1645,54.833,camera_3,lost_track,5
334,1670,55.667,camera_3,lost_track,19
342,1710,57.0,camera_3,removed,22
345,1725,57.5,camera_3,removed,23
346,1730,57.667,camera_3,removed,4
359,1795,59.833,camera_3,removed,5
364,1820,60.667,camera_3,removed,19
371,1855,61.833,camera_1,new_track,5
374,1870,62.333,camera_1,lost_track,5
377,1885,62.833,camera_1,reacquired,5
380,1900,63.333,camera_3,new_track,24
391,1955,65.167,camera_3,lost_track,15
397,1985,66.167,camera_1,lost_track,5
398,1990,66.333,camera_1,reacquired,5
399,1995,66.5,camera_2,lost_track,6
399,1995,66.5,camera_3,new_track,25
405,2025,67.5,camera_1,lost_track,5
411,2055,68.5,camera_3,new_track,26
412,2060,68.667,camera_3,lost_track,26
413,2065,68.833,camera_3,reacquired,26
415,2075,69.167,camera_3,new_track,27
420,2100,70.0,camera_2,new_track,9
421,2105,70.167,camera_3,removed,15
424,2120,70.667,camera_3,lost_track,27
429,2145,71.5,camera_2,removed,6
430,2150,71.667,camera_3,new_track,28
432,2160,72.0,camera_3,lost_track,28
435,2175,72.5,camera_1,removed,5
435,2175,72.5,camera_3,lost_track,10
436,2180,72.667,camera_3,new_track,29
437,2185,72.833,camera_3,lost_track,29
438,2190,73.0,camera_1,lost_track,1
438,2190,73.0,camera_3,reacquired,27
438,2190,73.0,camera_3,lost_track,25
438,2190,73.0,camera_3,lost_track,26
441,2205,73.5,camera_3,new_track,30
441,2205,73.5,camera_3,lost_track,3
442,2210,73.667,camera_1,new_track,6
442,2210,73.667,camera_1,new_track,7
444,2220,74.0,camera_5,new_track,2
445,2225,74.167,camera_3,reacquired,25
446,2230,74.333,camera_3,lost_track,27
446,2230,74.333,camera_3,lost_track,30
447,2235,74.5,camera_1,lost_track,6
447,2235,74.5,camera_3,reacquired,27
449,2245,74.833,camera_1,new_track,8
449,2245,74.833,camera_3,new_track,31
450,2250,75.0,camera_1,lost_track,8
450,2250,75.0,camera_3,lost_track,27
452,2260,75.333,camera_3,new_track,32
452,2260,75.333,camera_3,lost_track,20
453,2265,75.5,camera_2,lost_track,9
453,2265,75.5,camera_3,new_track,33
454,2270,75.667,camera_3,reacquired,20
455,2275,75.833,camera_1,lost_track,7
456,2280,76.0,camera_3,lost_track,17
457,2285,76.167,camera_3,new_track,34
458,2290,76.333,camera_3,lost_track,32
459,2295,76.5,camera_3,lost_track,20
459,2295,76.5,camera_3,lost_track,33
460,2300,76.667,camera_1,reacquired,6
460,2300,76.667,camera_2,lost_track,8
460,2300,76.667,camera_3,reacquired,17
460,2300,76.667,camera_3,reacquired,33
461,2305,76.833,camera_3,new_track,35
461,2305,76.833,camera_3,reacquired,32
461,2305,76.833,camera_4,new_track,7
462,2310,77.0,camera_3,removed,28
463,2315,77.167,camera_1,new_track,9
463,2315,77.167,camera_5,lost_track,2
465,2325,77.5,camera_3,removed,10
467,2335,77.833,camera_3,lost_track,25
467,2335,77.833,camera_3,removed,29
468,2340,78.0,camera_1,lost_track,6
468,2340,78.0,camera_1,removed,1
468,2340,78.0,camera_3,lost_track,16
468,2340,78.0,camera_3,removed,26
471,2355,78.5,camera_3,removed,3
472,2360,78.667,camera_2,new_track,10
473,2365,78.833,camera_3,reacquired,25
473,2365,78.833,camera_6,new_track,2
474,2370,79.0,camera_1,lost_track,9
476,2380,79.333,camera_3,removed,30
478,2390,79.667,camera_1,reacquired,6
480,2400,80.0,camera_1,removed,8
480,2400,80.0,camera_3,lost_track,32
480,2400,80.0,camera_3,removed,27
482,2410,80.333,camera_1,lost_track,6
482,2410,80.333,camera_3,reacquired,32
483,2415,80.5,camera_2,removed,9
484,2420,80.667,camera_2,new_track,11
485,2425,80.833,camera_1,removed,7
485,2425,80.833,camera_3,lost_track,33
486,2430,81.0,camera_1,new_track,10
487,2435,81.167,camera_3,reacquired,33
487,2435,81.167,camera_3,lost_track,32
487,2435,81.167,camera_6,new_track,3
489,2445,81.5,camera_3,new_track,36
489,2445,81.5,camera_3,removed,20
489,2445,81.5,camera_5,new_track,3
490,2450,81.667,camera_2,lost_track,10
490,2450,81.667,camera_2,removed,8
490,2450,81.667,camera_6,lost_track,3
490,2450,81.667,camera_7,new_track,1
491,2455,81.833,camera_2,reacquired,10
492,2460,82.0,camera_1,new_track,11
492,2460,82.0,camera_2,lost_track,10
492,2460,82.0,camera_3,lost_track,35
492,2460,82.0,camera_5,new_track,4
492,2460,82.0,camera_6,lost_track,2
493,2465,82.167,camera_1,reacquired,6
493,2465,82.167,camera_1,lost_track,0
493,2465,82.167,camera_3,lost_track,17
493,2465,82.167,camera_5,removed,2
494,2470,82.333,camera_3,reacquired,17
494,2470,82.333,camera_3,reacquired,35
495,2475,82.5,camera_1,lost_track,10
495,2475,82.5,camera_1,lost_track,11
495,2475,82.5,camera_2,new_track,12
495,2475,82.5,camera_3,lost_track,25
495,2475,82.5,camera_3,lost_track,33
496,2480,82.667,camera_1,new_track,12
496,2480,82.667,camera_3,reacquired,33
496,2480,82.667,camera_4,lost_track,7
497,2485,82.833,camera_1,reacquired,0
497,2485,82.833,camera_1,lost_track,6
497,2485,82.833,camera_2,new_track,13
497,2485,82.833,camera_3,new_track,37
497,2485,82.833,camera_3,reacquired,25
497,2485,82.833,camera_3,lost_track,0
497,2485,82.833,camera_5,lost_track,4
498,2490,83.0,camera_2,lost_track,13
498,2490,83.0,camera_3,lost_track,25
498,2490,83.0,camera_3,lost_track,35
498,2490,83.0,camera_3,removed,16
499,2495,83.167,camera_1,lost_track,0
499,2495,83.167,camera_2,new_track,14
499,2495,83.167,camera_2,lost_track,12
499,2495,83.167,camera_5,new_track,5
502,2510,83.667,camera_3,reacquired,25
502,2510,83.667,camera_4,lost_track,1
503,2515,83.833,camera_5,new_track,6
504,2520,84.0,camera_1,removed,9
504,2520,84.0,camera_2,lost_track,14
505,2525,84.167,camera_3,lost_track,25
505,2525,84.167,camera_5,lost_track,6
506,2530,84.333,camera_1,new_track,13
506,2530,84.333,camera_2,reacquired,13
506,2530,84.333,camera_3,reacquired,25
507,2535,84.5,camera_3,lost_track,34
507,2535,84.5,camera_5,new_track,7
508,2540,84.667,camera_2,new_track,15
508,2540,84.667,camera_3,lost_track,33
509,2545,84.833,camera_1,new_track,14
509,2545,84.833,camera_2,lost_track,15
509,2545,84.833,camera_3,lost_track,36
510,2550,85.0,camera_1,lost_track,13
510,2550,85.0,camera_2,reacquired,14
510,2550,85.0,camera_3,reacquired,36
510,2550,85.0,camera_3,lost_track,24
511,2555,85.167,camera_3,reacquired,34
512,2560,85.333,camera_2,lost_track,14
512,2560,85.333,camera_3,lost_track,25
512,2560,85.333,camera_3,lost_track,36
513,2565,85.5,camera_5,reacquired,6
515,2575,85.833,camera_3,reacquired,25
515,2575,85.833,camera_3,lost_track,6
517,2585,86.167,camera_3,reacquired,36
517,2585,86.167,camera_3,lost_track,37
517,2585,86.167,camera_3,removed,32
517,2585,86.167,camera_5,lost_track,3
517,2585,86.167,camera_5,lost_track,6
519,2595,86.5,camera_1,lost_track,12
519,2595,86.5,camera_3,lost_track,34
520,2600,86.667,camera_2,new_track,16
520,2600,86.667,camera_6,removed,3
522,2610,87.0,camera_2,lost_track,1
522,2610,87.0,camera_2,removed,10
522,2610,87.0,camera_6,removed,2
523,2615,87.167,camera_5,new_track,8
525,2625,87.5,camera_1,new_track,15
525,2625,87.5,camera_1,removed,10
525,2625,87.5,camera_1,removed,11
526,2630,87.667,camera_3,reacquired,34
526,2630,87.667,camera_4,removed,7
527,2635,87.833,camera_1,removed,6
527,2635,87.833,camera_3,removed,0
527,2635,87.833,camera_4,new_track,8
527,2635,87.833,camera_5,removed,4
527,2635,87.833,camera_6,new_track,4
528,2640,88.0,camera_3,removed,35
529,2645,88.167,camera_1,lost_track,14
529,2645,88.167,camera_1,removed,0
529,2645,88.167,camera_2,removed,12
530,2650,88.333,camera_5,lost_track,5
532,2660,88.667,camera_2,lost_track,13
532,2660,88.667,camera_4,removed,1
534,2670,89.0,camera_2,lost_track,11
534,2670,89.0,camera_4,lost_track,8
534,2670,89.0,camera_6,new_track,5
535,2675,89.167,camera_4,new_track,9
536,2680,89.333,camera_7,lost_track,1
537,2685,89.5,camera_6,new_track,6
538,2690,89.667,camera_3,removed,33
538,2690,89.667,camera_5,new_track,9
539,2695,89.833,camera_2,removed,15
539,2695,89.833,camera_4,new_track,10
539,2695,89.833,camera_6,lost_track,6
540,2700,90.0,camera_1,removed,13
540,2700,90.0,camera_3,new_track,38
540,2700,90.0,camera_3,reacquired,37
540,2700,90.0,camera_3,removed,24
541,2705,90.167,camera_3,lost_track,31
541,2705,90.167,camera_3,lost_track,38
541,2705,90.167,camera_6,new_track,7
542,2710,90.333,camera_2,removed,14
542,2710,90.333,camera_6,reacquired,6
544,2720,90.667,camera_4,lost_track,10
545,2725,90.833,camera_3,removed,6
545,2725,90.833,camera_5,lost_track,7
546,2730,91.0,camera_3,new_track,39
547,2735,91.167,camera_5,removed,3
547,2735,91.167,camera_5,removed,6
548,2740,91.333,camera_2,new_track,17
548,2740,91.333,camera_5,new_track,10
548,2740,91.333,camera_6,lost_track,6
548,2740,91.333,camera_7,new_track,2
549,2745,91.5,camera_1,removed,12
549,2745,91.5,camera_5,reacquired,7
549,2745,91.5,camera_6,lost_track,4
551,2755,91.833,camera_3,lost_track,39
552,2760,92.0,camera_2,removed,1
552,2760,92.0,camera_3,lost_track,37
552,2760,92.0,camera_5,new_track,11
552,2760,92.0,camera_5,new_track,12
553,2765,92.167,camera_5,lost_track,7
554,2770,92.333,camera_2,new_track,18
554,2770,92.333,camera_5,new_track,13
554,2770,92.333,camera_5,reacquired,7
555,2775,92.5,camera_5,new_track,14
555,2775,92.5,camera_5,lost_track,12
555,2775,92.5,camera_6,new_track,8
558,2790,93.0,camera_2,lost_track,18
558,2790,93.0,camera_5,new_track,15
558,2790,93.0,camera_5,lost_track,7
559,2795,93.167,camera_1,removed,14
559,2795,93.167,camera_3,lost_track,25
559,2795,93.167,camera_5,reacquired,7
560,2800,93.333,camera_1,new_track,16
560,2800,93.333,camera_4,lost_track,9
560,2800,93.333,camera_5,lost_track,10
560,2800,93.333,camera_5,lost_track,13
560,2800,93.333,camera_5,removed,5
561,2805,93.5,camera_1,lost_track,15
561,2805,93.5,camera_5,lost_track,15
562,2810,93.667,camera_2,removed,13
564,2820,94.0,camera_2,new_track,19
564,2820,94.0,camera_2,removed,11
564,2820,94.0,camera_4,removed,8
564,2820,94.0,camera_5,reacquired,12
565,2825,94.167,camera_1,new_track,17
565,2825,94.167,camera_2,new_track,20
566,2830,94.333,camera_1,lost_track,16
566,2830,94.333,camera_5,new_track,16
566,2830,94.333,camera_7,removed,1
567,2835,94.5,camera_2,lost_track,17
567,2835,94.5,camera_5,lost_track,9
567,2835,94.5,camera_6,lost_track,8
568,2840,94.667,camera_5,reacquired,9
571,2855,95.167,camera_2,lost_track,20
571,2855,95.167,camera_3,removed,31
571,2855,95.167,camera_3,removed,38
574,2870,95.667,camera_4,removed,10
574,2870,95.667,camera_6,new_track,9
575,2875,95.833,camera_6,lost_track,9
577,2885,96.167,camera_5,lost_track,16
578,2890,96.333,camera_6,removed,6
579,2895,96.5,camera_6,reacquired,9
579,2895,96.5,camera_6,removed,4
581,2905,96.833,camera_1,new_track,18
581,2905,96.833,camera_3,removed,39
582,2910,97.0,camera_1,lost_track,18
582,2910,97.0,camera_3,removed,37
583,2915,97.167,camera_1,reacquired,18
583,2915,97.167,camera_3,lost_track,34
583,2915,97.167,camera_5,lost_track,11
584,2920,97.333,camera_6,lost_track,9
586,2930,97.667,camera_5,lost_track,14
586,2930,97.667,camera_6,new_track,10
587,2935,97.833,camera_1,lost_track,18
587,2935,97.833,camera_5,lost_track,9
588,2940,98.0,camera_2,removed,18
588,2940,98.0,camera_3,lost_track,18
589,2945,98.167,camera_3,lost_track,17
589,2945,98.167,camera_3,removed,25
590,2950,98.333,camera_3,reacquired,17
590,2950,98.333,camera_4,removed,9
590,2950,98.333,camera_5,removed,10
590,2950,98.333,camera_5,removed,13
591,2955,98.5,camera_1,new_track,19
591,2955,98.5,camera_1,removed,15
591,2955,98.5,camera_5,removed,15
593,2965,98.833,camera_6,reacquired,9
595,2975,99.167,camera_1,lost_track,19
596,2980,99.333,camera_1,removed,16
596,2980,99.333,camera_3,lost_track,36
597,2985,99.5,camera_2,removed,17
597,2985,99.5,camera_6,new_track,11
597,2985,99.5,camera_6,removed,8
598,2990,99.667,camera_5,new_track,17
599,2995,99.833,camera_1,lost_track,17
599,2995,99.833,camera_5,new_track,18
599,2995,99.833,camera_5,new_track,19
599,2995,99.833,camera_5,lost_track,12
600,3000,100.0,camera_2,lost_track,16
601,3005,100.167,camera_2,removed,20
601,3005,100.167,camera_5,lost_track,18
602,3010,100.333,camera_6,lost_track,5
602,3010,100.333,camera_6,lost_track,9
602,3010,100.333,camera_7,new_track,3
603,3015,100.5,camera_6,lost_track,10
604,3020,100.667,camera_5,new_track,20
605,3025,100.833,camera_5,reacquired,18
605,3025,100.833,camera_6,reacquired,9
606,3030,101.0,camera_2,lost_track,19
607,3035,101.167,camera_5,lost_track,18
607,3035,101.167,camera_5,removed,16
609,3045,101.5,camera_6,lost_track,7
611,3055,101.833,camera_5,lost_track,17
613,3065,102.167,camera_3,removed,34
613,3065,102.167,camera_5,lost_track,19
613,3065,102.167,camera_5,removed,11
615,3075,102.5,camera_5,new_track,21
615,3075,102.5,camera_6,lost_track,9
616,3080,102.667,camera_5,removed,14
616,3080,102.667,camera_7,new_track,4
617,3085,102.833,camera_1,removed,18
617,3085,102.833,camera_5,lost_track,8
617,3085,102.833,camera_5,removed,9
618,3090,103.0,camera_3,removed,18
618,3090,103.0,camera_6,lost_track,11
619,3095,103.167,camera_5,lost_track,7
620,3100,103.333,camera_5,new_track,22
620,3100,103.333,camera_5,lost_track,20
621,3105,103.5,camera_5,lost_track,22
623,3115,103.833,camera_6,new_track,12
624,3120,104.0,camera_5,reacquired,22
625,3125,104.167,camera_1,removed,19
626,3130,104.333,camera_3,removed,36
629,3145,104.833,camera_1,removed,17
629,3145,104.833,camera_5,removed,12
629,3145,104.833,camera_6,new_track,13
630,3150,105.0,camera_2,removed,16
632,3160,105.333,camera_2,new_track,21
632,3160,105.333,camera_5,reacquired,18
632,3160,105.333,camera_6,removed,5
633,3165,105.5,camera_6,removed,10
634,3170,105.667,camera_5,lost_track,18
634,3170,105.667,camera_6,new_track,14
636,3180,106.0,camera_2,removed,19
637,3185,106.167,camera_5,lost_track,21
638,3190,106.333,camera_6,lost_track,14
639,3195,106.5,camera_6,removed,7
639,3195,106.5,camera_7,new_track,5
640,3200,106.667,camera_6,lost_track,12
641,3205,106.833,camera_5,removed,17
643,3215,107.167,camera_5,removed,19
644,3220,107.333,camera_3,new_track,40
644,3220,107.333,camera_4,new_track,11
645,3225,107.5,camera_1,new_track,20
645,3225,107.5,camera_6,removed,9
647,3235,107.833,camera_5,removed,8
648,3240,108.0,camera_6,new_track,15
648,3240,108.0,camera_6,removed,11
649,3245,108.167,camera_4,lost_track,11
649,3245,108.167,camera_5,removed,7
650,3250,108.333,camera_5,removed,20
650,3250,108.333,camera_6,reacquired,14
650,3250,108.333,camera_6,lost_track,15
651,3255,108.5,camera_6,lost_track,14
651,3255,108.5,camera_7,new_track,6
652,3260,108.667,camera_6,lost_track,13
655,3275,109.167,camera_7,lost_track,5
656,3280,109.333,camera_7,new_track,7
658,3290,109.667,camera_2,lost_track,21
663,3315,110.5,camera_7,lost_track,7
664,3320,110.667,camera_5,removed,18
664,3320,110.667,camera_7,lost_track,4
665,3325,110.833,camera_7,new_track,8
667,3335,111.167,camera_5,removed,21
667,3335,111.167,camera_7,lost_track,8
668,3340,111.333,camera_7,new_track,9
670,3350,111.667,camera_5,new_track,23
670,3350,111.667,camera_6,removed,12
671,3355,111.833,camera_6,reacquired,15
672,3360,112.0,camera_3,lost_track,40
672,3360,112.0,camera_6,reacquired,14
673,3365,112.167,camera_6,lost_track,14
674,3370,112.333,camera_6,reacquired,14
674,3370,112.333,camera_7,lost_track,2
674,3370,112.333,camera_7,lost_track,9
676,3380,112.667,camera_6,lost_track,14
676,3380,112.667,camera_7,new_track,10
678,3390,113.0,camera_6,new_track,16
679,3395,113.167,camera_4,removed,11
679,3395,113.167,camera_7,lost_track,10
680,3400,113.333,camera_6,new_track,17
681,3405,113.5,camera_7,new_track,11
682,3410,113.667,camera_6,removed,13
683,3415,113.833,camera_5,new_track,24
684,3420,114.0,camera_5,new_track,25
684,3420,114.0,camera_5,new_track,26
685,3425,114.167,camera_7,removed,5
686,3430,114.333,camera_5,lost_track,23
686,3430,114.333,camera_6,new_track,18
687,3435,114.5,camera_5,new_track,27
687,3435,114.5,camera_5,lost_track,24
687,3435,114.5,camera_7,lost_track,6
688,3440,114.667,camera_2,removed,21
688,3440,114.667,camera_7,lost_track,11
689,3445,114.833,camera_7,new_track,12
690,3450,115.0,camera_6,lost_track,17
691,3455,115.167,camera_4,new_track,12
692,3460,115.333,camera_5,new_track,28
693,3465,115.5,camera_7,removed,7
694,3470,115.667,camera_3,new_track,41
694,3470,115.667,camera_6,lost_track,15
694,3470,115.667,camera_7,removed,4
696,3480,116.0,camera_5,lost_track,25
697,3485,116.167,camera_7,removed,8
701,3505,116.833,camera_6,lost_track,16
702,3510,117.0,camera_3,removed,40
703,3515,117.167,camera_4,lost_track,0
703,3515,117.167,camera_5,new_track,29
704,3520,117.333,camera_5,new_track,30
704,3520,117.333,camera_6,new_track,19
704,3520,117.333,camera_7,removed,2
704,3520,117.333,camera_7,removed,9
705,3525,117.5,camera_2,new_track,22
705,3525,117.5,camera_4,reacquired,0
705,3525,117.5,camera_4,lost_track,12
705,3525,117.5,camera_5,new_track,31
705,3525,117.5,camera_6,reacquired,17
705,3525,117.5,camera_7,lost_track,12
706,3530,117.667,camera_5,lost_track,31
706,3530,117.667,camera_6,removed,14
708,3540,118.0,camera_6,lost_track,17
709,3545,118.167,camera_6,lost_track,18
709,3545,118.167,camera_7,removed,10
710,3550,118.333,camera_5,lost_track,29
711,3555,118.5,camera_5,reacquired,29
712,3560,118.667,camera_5,new_track,32
712,3560,118.667,camera_5,lost_track,29
713,3565,118.833,camera_5,reacquired,29
714,3570,119.0,camera_5,new_track,33
716,3580,119.333,camera_2,new_track,23
716,3580,119.333,camera_5,removed,23
717,3585,119.5,camera_5,removed,24
717,3585,119.5,camera_7,removed,6
718,3590,119.667,camera_5,lost_track,27
718,3590,119.667,camera_5,lost_track,29
718,3590,119.667,camera_7,removed,11
719,3595,119.833,camera_5,lost_track,28
720,3600,120.0,camera_2,lost_track,23
720,3600,120.0,camera_3,lost_track,41
721,3605,120.167,camera_6,lost_track,19
722,3610,120.333,camera_5,new_track,34
722,3610,120.333,camera_5,new_track,35
724,3620,120.667,camera_5,new_track,36
724,3620,120.667,camera_5,reacquired,31
724,3620,120.667,camera_6,removed,15
725,3625,120.833,camera_1,lost_track,20
725,3625,120.833,camera_2,new_track,24
725,3625,120.833,camera_4,new_track,13
725,3625,120.833,camera_5,lost_track,31
725,3625,120.833,camera_5,lost_track,35
726,3630,121.0,camera_2,lost_track,24
726,3630,121.0,camera_5,lost_track,33
726,3630,121.0,camera_5,removed,25
728,3640,121.333,camera_5,reacquired,33
729,3645,121.5,camera_5,reacquired,35
731,3655,121.833,camera_5,new_track,37
731,3655,121.833,camera_6,removed,16
732,3660,122.0,camera_5,lost_track,30
733,3665,122.167,camera_2,reacquired,24
734,3670,122.333,camera_4,new_track,14
735,3675,122.5,camera_2,lost_track,24
735,3675,122.5,camera_4,removed,12
735,3675,122.5,camera_5,lost_track,33
735,3675,122.5,camera_5,lost_track,35
735,3675,122.5,camera_7,removed,12
737,3685,122.833,camera_5,reacquired,30
738,3690,123.0,camera_6,removed,17
739,3695,123.167,camera_6,removed,18
740,3700,123.333,camera_5,reacquired,33
740,3700,123.333,camera_5,lost_track,32
741,3705,123.5,camera_2,reacquired,24
741,3705,123.5,camera_5,reacquired,35
741,3705,123.5,camera_5,lost_track,26
741,3705,123.5,camera_5,lost_track,33
742,3710,123.667,camera_2,lost_track,22
742,3710,123.667,camera_5,new_track,38
742,3710,123.667,camera_5,new_track,39
742,3710,123.667,camera_5,lost_track,35
743,3715,123.833,camera_5,reacquired,33
743,3715,123.833,camera_5,lost_track,36
744,3720,124.0,camera_4,lost_track,13
744,3720,124.0,camera_5,reacquired,35
744,3720,124.0,camera_5,reacquired,36
745,3725,124.167,camera_2,lost_track,24
745,3725,124.167,camera_4,reacquired,13
745,3725,124.167,camera_5,lost_track,33
745,3725,124.167,camera_5,lost_track,36
747,3735,124.5,camera_5,reacquired,36
748,3740,124.667,camera_4,new_track,15
748,3740,124.667,camera_5,lost_track,22
748,3740,124.667,camera_5,removed,27
748,3740,124.667,camera_5,removed,29
749,3745,124.833,camera_5,reacquired,22
749,3745,124.833,camera_5,removed,28
750,3750,125.0,camera_2,removed,23
750,3750,125.0,camera_3,removed,41
750,3750,125.0,camera_4,lost_track,15
751,3755,125.167,camera_4,lost_track,0
751,3755,125.167,camera_5,lost_track,30
751,3755,125.167,camera_6,removed,19
753,3765,125.5,camera_5,new_track,40
754,3770,125.667,camera_5,lost_track,36
755,3775,125.833,camera_1,removed,20
755,3775,125.833,camera_5,reacquired,36
755,3775,125.833,camera_5,lost_track,39
755,3775,125.833,camera_5,removed,31
756,3780,126.0,camera_3,new_track,42
756,3780,126.0,camera_3,new_track,43
756,3780,126.0,camera_5,new_track,41
756,3780,126.0,camera_5,reacquired,39
756,3780,126.0,camera_5,lost_track,36
757,3785,126.167,camera_5,reacquired,36
757,3785,126.167,camera_5,lost_track,22
758,3790,126.333,camera_4,lost_track,14
758,3790,126.333,camera_5,lost_track,34
759,3795,126.5,camera_4,reacquired,14
759,3795,126.5,camera_5,new_track,42
760,3800,126.667,camera_5,new_track,43
760,3800,126.667,camera_5,reacquired,33
760,3800,126.667,camera_5,lost_track,40
761,3805,126.833,camera_5,lost_track,38
761,3805,126.833,camera_6,new_track,20
764,3820,127.333,camera_5,new_track,44
764,3820,127.333,camera_5,lost_track,43
765,3825,127.5,camera_3,lost_track,43
765,3825,127.5,camera_5,lost_track,37
766,3830,127.667,camera_4,lost_track,13
766,3830,127.667,camera_7,new_track,13
768,3840,128.0,camera_5,new_track,45
768,3840,128.0,camera_7,lost_track,3
769,3845,128.167,camera_5,lost_track,39
770,3850,128.333,camera_5,reacquired,39
770,3850,128.333,camera_5,removed,32
771,3855,128.5,camera_5,removed,26
771,3855,128.5,camera_6,new_track,21
772,3860,128.667,camera_2,removed,22
772,3860,128.667,camera_3,reacquired,43
772,3860,128.667,camera_5,new_track,46
772,3860,128.667,camera_5,lost_track,36
773,3865,128.833,camera_4,lost_track,14
774,3870,129.0,camera_3,lost_track,17
774,3870,129.0,camera_7,reacquired,3
775,3875,129.167,camera_2,removed,24
775,3875,129.167,camera_3,reacquired,17
775,3875,129.167,camera_7,lost_track,13
776,3880,129.333,camera_5,new_track,47
777,3885,129.5,camera_5,lost_track,33
777,3885,129.5,camera_6,lost_track,21
777,3885,129.5,camera_7,new_track,14
778,3890,129.667,camera_5,new_track,48
778,3890,129.667,camera_5,reacquired,36
779,3895,129.833,camera_5,reacquired,38
779,3895,129.833,camera_6,lost_track,20
780,3900,130.0,camera_3,lost_track,17
780,3900,130.0,camera_4,removed,15
781,3905,130.167,camera_4,removed,0
781,3905,130.167,camera_5,removed,30
783,3915,130.5,camera_5,lost_track,36
783,3915,130.5,camera_5,lost_track,46
784,3920,130.667,camera_5,new_track,49
785,3925,130.833,camera_3,lost_track,43
786,3930,131.0,camera_5,lost_track,38
786,3930,131.0,camera_5,lost_track,47
787,3935,131.167,camera_4,new_track,16
787,3935,131.167,camera_5,lost_track,42
787,3935,131.167,camera_5,removed,22
788,3940,131.333,camera_5,removed,34
789,3945,131.5,camera_5,new_track,50
789,3945,131.5,camera_5,lost_track,39
789,3945,131.5,camera_5,lost_track,44
790,3950,131.667,camera_5,new_track,51
790,3950,131.667,camera_5,reacquired,38
790,3950,131.667,camera_5,removed,40
793,3965,132.167,camera_5,reacquired,36
794,3970,132.333,camera_5,lost_track,51
794,3970,132.333,camera_5,removed,43
795,3975,132.5,camera_5,removed,37
796,3980,132.667,camera_4,lost_track,16
796,3980,132.667,camera_4,removed,13
798,3990,133.0,camera_5,new_track,52
798,3990,133.0,camera_5,lost_track,45
798,3990,133.0,camera_5,lost_track,50
799,3995,133.167,camera_4,new_track,17
799,3995,133.167,camera_4,reacquired,14
799,3995,133.167,camera_5,new_track,53
800,4000,133.333,camera_5,new_track,54
803,4015,133.833,camera_5,reacquired,45
804,4020,134.0,camera_5,lost_track,48
804,4020,134.0,camera_5,lost_track,54
805,4025,134.167,camera_7,removed,13
806,4030,134.333,camera_5,new_track,55
806,4030,134.333,camera_5,reacquired,48
807,4035,134.5,camera_5,lost_track,53
807,4035,134.5,camera_5,removed,33
807,4035,134.5,camera_6,removed,21
809,4045,134.833,camera_6,removed,20
810,4050,135.0,camera_3,removed,17
810,4050,135.0,camera_4,new_track,18
812,4060,135.333,camera_3,new_track,44
812,4060,135.333,camera_5,lost_track,55
813,4065,135.5,camera_3,new_track,45
813,4065,135.5,camera_5,lost_track,35
813,4065,135.5,camera_5,removed,46
814,4070,135.667,camera_4,lost_track,18
815,4075,135.833,camera_3,removed,43
815,4075,135.833,camera_4,reacquired,16
816,4080,136.0,camera_5,removed,47
817,4085,136.167,camera_5,new_track,56
817,4085,136.167,camera_5,removed,42
817,4085,136.167,camera_6,new_track,22
819,4095,136.5,camera_5,removed,39
819,4095,136.5,camera_5,removed,44
819,4095,136.5,camera_6,new_track,23
819,4095,136.5,camera_7,lost_track,3
820,4100,136.667,camera_5,new_track,57
820,4100,136.667,camera_5,lost_track,36
821,4105,136.833,camera_5,new_track,58
822,4110,137.0,camera_6,lost_track,23
823,4115,137.167,camera_3,lost_track,45
823,4115,137.167,camera_5,new_track,59
824,4120,137.333,camera_2,new_track,25
824,4120,137.333,camera_5,removed,51
825,4125,137.5,camera_5,new_track,60
827,4135,137.833,camera_3,new_track,46
827,4135,137.833,camera_3,reacquired,45
827,4135,137.833,camera_4,new_track,19
828,4140,138.0,camera_3,lost_track,45
828,4140,138.0,camera_4,lost_track,14
828,4140,138.0,camera_5,removed,50
829,4145,138.167,camera_3,lost_track,42
831,4155,138.5,camera_2,new_track,26
831,4155,138.5,camera_3,reacquired,42
831,4155,138.5,camera_5,lost_track,38
832,4160,138.667,camera_3,reacquired,45
834,4170,139.0,camera_3,lost_track,45
834,4170,139.0,camera_4,lost_track,19
834,4170,139.0,camera_5,removed,54
834,4170,139.0,camera_6,lost_track,22
835,4175,139.167,camera_5,lost_track,57
835,4175,139.167,camera_5,lost_track,60
836,4180,139.333,camera_2,lost_track,25
837,4185,139.5,camera_1,new_track,21
837,4185,139.5,camera_3,lost_track,44
837,4185,139.5,camera_5,reacquired,60
837,4185,139.5,camera_5,removed,53
838,4190,139.667,camera_4,new_track,20
838,4190,139.667,camera_5,new_track,61
838,4190,139.667,camera_5,lost_track,59
840,4200,140.0,camera_2,new_track,27
840,4200,140.0,camera_5,new_track,62
840,4200,140.0,camera_5,lost_track,60
841,4205,140.167,camera_5,lost_track,56
842,4210,140.333,camera_4,lost_track,17
842,4210,140.333,camera_5,removed,55
843,4215,140.5,camera_1,new_track,22
843,4215,140.5,camera_4,reacquired,17
843,4215,140.5,camera_4,lost_track,20
843,4215,140.5,camera_5,removed,35
844,4220,140.667,camera_4,removed,18
845,4225,140.833,camera_3,new_track,47
845,4225,140.833,camera_4,lost_track,16
845,4225,140.833,camera_5,new_track,63
846,4230,141.0,camera_5,lost_track,41
847,4235,141.167,camera_4,reacquired,20
848,4240,141.333,camera_2,new_track,28
849,4245,141.5,camera_7,removed,3
850,4250,141.667,camera_5,removed,36
851,4255,141.833,camera_5,reacquired,60
852,4260,142.0,camera_5,lost_track,61
852,4260,142.0,camera_6,removed,23
853,4265,142.167,camera_5,reacquired,41
853,4265,142.167,camera_5,reacquired,61
854,4270,142.333,camera_2,lost_track,28
854,4270,142.333,camera_4,new_track,21
855,4275,142.5,camera_2,new_track,29
856,4280,142.667,camera_2,reacquired,28
856,4280,142.667,camera_5,new_track,64
857,4285,142.833,camera_5,new_track,65
857,4285,142.833,camera_5,new_track,66
858,4290,143.0,camera_4,removed,14
860,4300,143.333,camera_3,lost_track,47
861,4305,143.5,camera_2,lost_track,29
861,4305,143.5,camera_5,lost_track,45
861,4305,143.5,camera_5,removed,38
862,4310,143.667,camera_3,new_track,48
863,4315,143.833,camera_1,new_track,23
863,4315,143.833,camera_4,lost_track,20
864,4320,144.0,camera_1,lost_track,21
864,4320,144.0,camera_3,removed,45
864,4320,144.0,camera_4,new_track,22
864,4320,144.0,camera_4,removed,19
864,4320,144.0,camera_5,new_track,67
864,4320,144.0,camera_6,removed,22
865,4325,144.167,camera_3,new_track,49
865,4325,144.167,camera_5,lost_track,48
865,4325,144.167,camera_5,lost_track,49
865,4325,144.167,camera_5,removed,57
866,4330,144.333,camera_2,removed,25
867,4335,144.5,camera_1,reacquired,21
867,4335,144.5,camera_2,lost_track,28
867,4335,144.5,camera_3,removed,44
867,4335,144.5,camera_5,lost_track,41
868,4340,144.667,camera_5,lost_track,66
868,4340,144.667,camera_5,removed,59
869,4345,144.833,camera_3,lost_track,42
869,4345,144.833,camera_3,lost_track,49
869,4345,144.833,camera_4,lost_track,22
870,4350,145.0,camera_2,new_track,30
870,4350,145.0,camera_2,new_track,31
870,4350,145.0,camera_5,reacquired,66
870,4350,145.0,camera_5,lost_track,63
871,4355,145.167,camera_1,lost_track,22
871,4355,145.167,camera_2,reacquired,29
871,4355,145.167,camera_2,lost_track,27
871,4355,145.167,camera_5,lost_track,64
871,4355,145.167,camera_5,removed,56
872,4360,145.333,camera_1,lost_track,21
872,4360,145.333,camera_2,lost_track,29
872,4360,145.333,camera_3,reacquired,49
872,4360,145.333,camera_4,new_track,23
872,4360,145.333,camera_5,reacquired,63
873,4365,145.5,camera_5,new_track,68
873,4365,145.5,camera_5,lost_track,66
874,4370,145.667,camera_5,lost_track,61
874,4370,145.667,camera_5,lost_track,67
875,4375,145.833,camera_3,lost_track,46
875,4375,145.833,camera_4,removed,16
875,4375,145.833,camera_5,reacquired,66
875,4375,145.833,camera_5,reacquired,67
876,4380,146.0,camera_3,lost_track,49
876,4380,146.0,camera_5,reacquired,41
876,4380,146.0,camera_5,lost_track,66
877,4385,146.167,camera_1,new_track,24
877,4385,146.167,camera_5,new_track,69
877,4385,146.167,camera_5,lost_track,41
878,4390,146.333,camera_3,reacquired,46
878,4390,146.333,camera_3,lost_track,48
878,4390,146.333,camera_5,lost_track,63
879,4395,146.5,camera_5,reacquired,41
879,4395,146.5,camera_5,reacquired,61
879,4395,146.5,camera_5,reacquired,63
879,4395,146.5,camera_5,lost_track,58
879,4395,146.5,camera_5,lost_track,68
881,4405,146.833,camera_1,new_track,25
881,4405,146.833,camera_1,lost_track,24
882,4410,147.0,camera_3,lost_track,46
882,4410,147.0,camera_6,new_track,24
883,4415,147.167,camera_4,lost_track,23
883,4415,147.167,camera_5,new_track,70
883,4415,147.167,camera_5,lost_track,65
885,4425,147.5,camera_1,lost_track,23
885,4425,147.5,camera_1,lost_track,25
886,4430,147.667,camera_2,lost_track,31
886,4430,147.667,camera_5,lost_track,60
887,4435,147.833,camera_5,reacquired,60
888,4440,148.0,camera_5,reacquired,64
888,4440,148.0,camera_5,lost_track,60
889,4445,148.167,camera_5,new_track,71
890,4450,148.333,camera_2,lost_track,26
890,4450,148.333,camera_3,removed,47
890,4450,148.333,camera_5,new_track,72
891,4455,148.5,camera_5,removed,45
891,4455,148.5,camera_6,new_track,25
893,4465,148.833,camera_4,removed,20
893,4465,148.833,camera_5,lost_track,52
895,4475,149.167,camera_2,new_track,32
895,4475,149.167,camera_5,removed,48
895,4475,149.167,camera_5,removed,49
897,4485,149.5,camera_2,removed,28
897,4485,149.5,camera_5,lost_track,72
897,4485,149.5,camera_6,new_track,26
897,4485,149.5,camera_6,new_track,27
899,4495,149.833,camera_3,removed,42
899,4495,149.833,camera_4,removed,22
900,4500,150.0,camera_2,lost_track,32
900,4500,150.0,camera_5,lost_track,67
901,4505,150.167,camera_1,removed,22
901,4505,150.167,camera_2,removed,27
901,4505,150.167,camera_5,new_track,73
902,4510,150.333,camera_1,removed,21
902,4510,150.333,camera_2,removed,29
902,4510,150.333,camera_5,new_track,74
902,4510,150.333,camera_6,new_track,28
903,4515,150.5,camera_5,reacquired,72
903,4515,150.5,camera_7,lost_track,14
904,4520,150.667,camera_4,reacquired,23
905,4525,150.833,camera_5,new_track,75
906,4530,151.0,camera_2,lost_track,30
906,4530,151.0,camera_3,removed,49
906,4530,151.0,camera_5,lost_track,74
906,4530,151.0,camera_5,removed,66
908,4540,151.333,camera_3,removed,48
908,4540,151.333,camera_4,lost_track,21
908,4540,151.333,camera_5,new_track,76
908,4540,151.333,camera_5,reacquired,52
908,4540,151.333,camera_6,lost_track,27
909,4545,151.5,camera_5,reacquired,58
909,4545,151.5,camera_5,reacquired,74
909,4545,151.5,camera_5,lost_track,72
909,4545,151.5,camera_5,lost_track,73
909,4545,151.5,camera_5,removed,68
909,4545,151.5,camera_6,new_track,29
910,4550,151.667,camera_7,new_track,15
911,4555,151.833,camera_1,removed,24
911,4555,151.833,camera_5,new_track,77
911,4555,151.833,camera_5,lost_track,41
911,4555,151.833,camera_5,lost_track,75
911,4555,151.833,camera_6,lost_track,26
912,4560,152.0,camera_3,removed,46
912,4560,152.0,camera_5,reacquired,72
912,4560,152.0,camera_5,reacquired,73
912,4560,152.0,camera_5,lost_track,74
912,4560,152.0,camera_6,reacquired,27
913,4565,152.167,camera_5,removed,65
914,4570,152.333,camera_6,lost_track,29
915,4575,152.5,camera_1,removed,23
915,4575,152.5,camera_1,removed,25
915,4575,152.5,camera_5,lost_track,58
916,4580,152.667,camera_2,removed,31
916,4580,152.667,camera_5,lost_track,61
917,4585,152.833,camera_5,lost_track,76
918,4590,153.0,camera_5,reacquired,61
918,4590,153.0,camera_5,removed,60
919,4595,153.167,camera_5,new_track,78
919,4595,153.167,camera_5,reacquired,41
919,4595,153.167,camera_5,lost_track,61
919,4595,153.167,camera_5,lost_track,71
919,4595,153.167,camera_6,reacquired,29
920,4600,153.333,camera_2,removed,26
920,4600,153.333,camera_5,new_track,79
920,4600,153.333,camera_5,reacquired,61
921,4605,153.5,camera_5,lost_track,69
921,4605,153.5,camera_6,lost_track,27
922,4610,153.667,camera_6,lost_track,29
926,4630,154.333,camera_5,lost_track,62
927,4635,154.5,camera_5,reacquired,62
927,4635,154.5,camera_6,new_track,30
927,4635,154.5,camera_6,lost_track,25
928,4640,154.667,camera_6,lost_track,30
929,4645,154.833,camera_5,new_track,80
929,4645,154.833,camera_5,lost_track,61
929,4645,154.833,camera_5,lost_track,77
930,4650,155.0,camera_2,removed,32
930,4650,155.0,camera_4,new_track,24
930,4650,155.0,camera_5,reacquired,61
930,4650,155.0,camera_5,lost_track,70
930,4650,155.0,camera_5,removed,67
930,4650,155.0,camera_6,new_track,31
931,4655,155.167,camera_5,reacquired,77
931,4655,155.167,camera_6,new_track,32
932,4660,155.333,camera_5,lost_track,79
933,4665,155.5,camera_4,lost_track,23
933,4665,155.5,camera_5,lost_track,52
933,4665,155.5,camera_5,lost_track,61
933,4665,155.5,camera_7,removed,14
934,4670,155.667,camera_5,new_track,81
934,4670,155.667,camera_5,reacquired,61
935,4675,155.833,camera_4,lost_track,24
936,4680,156.0,camera_2,removed,30
936,4680,156.0,camera_4,new_track,25
936,4680,156.0,camera_5,reacquired,70
936,4680,156.0,camera_5,reacquired,79
936,4680,156.0,camera_5,lost_track,81
937,4685,156.167,camera_4,reacquired,23
937,4685,156.167,camera_4,reacquired,24
938,4690,156.333,camera_4,lost_track,23
938,4690,156.333,camera_4,removed,21
938,4690,156.333,camera_5,new_track,82
938,4690,156.333,camera_5,lost_track,64
938,4690,156.333,camera_5,lost_track,73
938,4690,156.333,camera_6,lost_track,31
940,4700,156.667,camera_4,lost_track,24
940,4700,156.667,camera_4,lost_track,25
940,4700,156.667,camera_5,reacquired,81
940,4700,156.667,camera_6,new_track,33
941,4705,156.833,camera_4,reacquired,24
941,4705,156.833,camera_5,lost_track,81
941,4705,156.833,camera_5,removed,75
941,4705,156.833,camera_6,new_track,34
941,4705,156.833,camera_6,removed,26
942,4710,157.0,camera_5,removed,74
943,4715,157.167,camera_4,lost_track,17
943,4715,157.167,camera_6,lost_track,28
945,4725,157.5,camera_5,reacquired,81
945,4725,157.5,camera_5,removed,58
946,4730,157.667,camera_6,lost_track,24
946,4730,157.667,camera_6,lost_track,33
946,4730,157.667,camera_7,new_track,16
947,4735,157.833,camera_4,reacquired,23
947,4735,157.833,camera_5,new_track,83
947,4735,157.833,camera_5,lost_track,63
947,4735,157.833,camera_5,removed,76
948,4740,158.0,camera_5,lost_track,61
948,4740,158.0,camera_5,lost_track,79
948,4740,158.0,camera_6,lost_track,34
948,4740,158.0,camera_7,lost_track,16
949,4745,158.167,camera_5,new_track,84
949,4745,158.167,camera_5,lost_track,70
949,4745,158.167,camera_5,removed,71
949,4745,158.167,camera_6,reacquired,33
949,4745,158.167,camera_7,reacquired,16
950,4750,158.333,camera_2,new_track,33
950,4750,158.333,camera_5,reacquired,63
950,4750,158.333,camera_5,lost_track,77
951,4755,158.5,camera_5,reacquired,61
951,4755,158.5,camera_5,lost_track,62
951,4755,158.5,camera_5,lost_track,78
951,4755,158.5,camera_5,removed,69
951,4755,158.5,camera_6,removed,27
952,4760,158.667,camera_5,new_track,85
952,4760,158.667,camera_5,new_track,86
952,4760,158.667,camera_5,lost_track,72
952,4760,158.667,camera_6,lost_track,33
952,4760,158.667,camera_6,removed,29
952,4760,158.667,camera_7,new_track,17
953,4765,158.833,camera_4,new_track,26
954,4770,159.0,camera_5,new_track,87
954,4770,159.0,camera_5,lost_track,84
954,4770,159.0,camera_6,lost_track,32
955,4775,159.167,camera_4,lost_track,26
955,4775,159.167,camera_5,reacquired,72
957,4785,159.5,camera_5,new_track,88
957,4785,159.5,camera_6,removed,25
958,4790,159.667,camera_6,removed,30
959,4795,159.833,camera_4,reacquired,26
960,4800,160.0,camera_5,lost_track,83
961,4805,160.167,camera_5,lost_track,81
962,4810,160.333,camera_4,new_track,27
962,4810,160.333,camera_5,new_track,89
963,4815,160.5,camera_5,new_track,90
963,4815,160.5,camera_5,reacquired,83
963,4815,160.5,camera_5,removed,52
964,4820,160.667,camera_5,lost_track,41
964,4820,160.667,camera_5,lost_track,80
965,4825,160.833,camera_4,lost_track,27
966,4830,161.0,camera_5,lost_track,90
967,4835,161.167,camera_4,new_track,28
967,4835,161.167,camera_5,new_track,91
967,4835,161.167,camera_5,reacquired,84
967,4835,161.167,camera_5,lost_track,61
967,4835,161.167,camera_5,lost_track,63
967,4835,161.167,camera_5,lost_track,83
967,4835,161.167,camera_7,lost_track,16
968,4840,161.333,camera_5,reacquired,41
968,4840,161.333,camera_5,lost_track,89
968,4840,161.333,camera_5,removed,64
968,4840,161.333,camera_5,removed,73
968,4840,161.333,camera_6,removed,31
969,4845,161.5,camera_4,new_track,29
969,4845,161.5,camera_4,lost_track,28
969,4845,161.5,camera_5,lost_track,87
970,4850,161.667,camera_2,new_track,34
970,4850,161.667,camera_4,removed,25
970,4850,161.667,camera_5,reacquired,63
972,4860,162.0,camera_5,lost_track,41
972,4860,162.0,camera_5,lost_track,63
972,4860,162.0,camera_5,lost_track,85
973,4865,162.167,camera_4,removed,17
973,4865,162.167,camera_5,reacquired,41
973,4865,162.167,camera_5,reacquired,87
973,4865,162.167,camera_6,removed,28
974,4870,162.333,camera_3,new_track,50
974,4870,162.333,camera_5,new_track,92
975,4875,162.5,camera_5,lost_track,86
975,4875,162.5,camera_5,lost_track,87
976,4880,162.667,camera_2,lost_track,34
976,4880,162.667,camera_6,removed,24
977,4885,162.833,camera_4,new_track,30
978,4890,163.0,camera_4,lost_track,24
978,4890,163.0,camera_5,new_track,93
978,4890,163.0,camera_5,removed,79
978,4890,163.0,camera_6,removed,34
979,4895,163.167,camera_4,lost_track,30
979,4895,163.167,camera_5,removed,70
980,4900,163.333,camera_4,reacquired,30
980,4900,163.333,camera_5,removed,77
981,4905,163.5,camera_5,lost_track,72
981,4905,163.5,camera_5,removed,62
981,4905,163.5,camera_5,removed,78
982,4910,163.667,camera_2,new_track,35
982,4910,163.667,camera_4,reacquired,24
982,4910,163.667,camera_4,lost_track,23
982,4910,163.667,camera_6,removed,33
983,4915,163.833,camera_3,new_track,51
983,4915,163.833,camera_4,lost_track,24
983,4915,163.833,camera_5,reacquired,72
984,4920,164.0,camera_4,lost_track,29
984,4920,164.0,camera_5,lost_track,92
984,4920,164.0,camera_6,removed,32
986,4930,164.333,camera_1,new_track,26
986,4930,164.333,camera_2,new_track,36
990,4950,165.0,camera_4,lost_track,26
990,4950,165.0,camera_5,reacquired,92
991,4955,165.167,camera_1,new_track,27
991,4955,165.167,camera_5,new_track,94
991,4955,165.167,camera_5,removed,81
991,4955,165.167,camera_7,new_track,18
992,4960,165.333,camera_3,new_track,52
994,4970,165.667,camera_2,new_track,37
994,4970,165.667,camera_5,removed,80
995,4975,165.833,camera_3,new_track,53
995,4975,165.833,camera_4,removed,27
995,4975,165.833,camera_5,lost_track,92
996,4980,166.0,camera_1,lost_track,26
996,4980,166.0,camera_5,removed,90
997,4985,166.167,camera_3,lost_track,53
997,4985,166.167,camera_5,lost_track,72
997,4985,166.167,camera_5,removed,61
997,4985,166.167,camera_5,removed,83
997,4985,166.167,camera_7,removed,16
998,4990,166.333,camera_1,new_track,28
998,4990,166.333,camera_5,removed,89
999,4995,166.5,camera_4,removed,28
999,4995,166.5,camera_5,new_track,95
999,4995,166.5,camera_7,lost_track,18
1001,5005,166.833,camera_5,lost_track,94
1001,5005,166.833,camera_5,lost_track,95
1002,5010,167.0,camera_5,removed,63
1002,5010,167.0,camera_5,removed,85
1003,5015,167.167,camera_1,lost_track,28
1003,5015,167.167,camera_2,lost_track,36
1003,5015,167.167,camera_3,lost_track,51
1005,5025,167.5,camera_5,new_track,96
1005,5025,167.5,camera_5,removed,86
1005,5025,167.5,camera_5,removed,87
1006,5030,167.667,camera_2,removed,34
1006,5030,167.667,camera_5,lost_track,91
1007,5035,167.833,camera_5,lost_track,93
1008,5040,168.0,camera_5,new_track,97
1009,5045,168.167,camera_2,lost_track,33
1009,5045,168.167,camera_5,new_track,98
1011,5055,168.5,camera_5,reacquired,93
1011,5055,168.5,camera_5,lost_track,88
1012,5060,168.667,camera_4,removed,23
1012,5060,168.667,camera_5,new_track,99
1013,5065,168.833,camera_4,removed,24
1014,5070,169.0,camera_4,removed,29
1014,5070,169.0,camera_5,lost_track,93
1015,5075,169.167,camera_3,lost_track,50
1015,5075,169.167,camera_5,reacquired,91
1015,5075,169.167,camera_5,lost_track,97
1016,5080,169.333,camera_3,new_track,54
1016,5080,169.333,camera_3,lost_track,52
1016,5080,169.333,camera_5,new_track,100
1016,5080,169.333,camera_5,lost_track,91
1017,5085,169.5,camera_5,reacquired,88
1017,5085,169.5,camera_5,reacquired,91
1017,5085,169.5,camera_5,lost_track,100
1017,5085,169.5,camera_7,new_track,19
1018,5090,169.667,camera_5,lost_track,91
1020,5100,170.0,camera_3,new_track,55
1020,5100,170.0,camera_4,removed,26
1021,5105,170.167,camera_5,lost_track,82
1024,5120,170.667,camera_4,lost_track,30
1025,5125,170.833,camera_5,removed,92
1026,5130,171.0,camera_1,reacquired,28
1026,5130,171.0,camera_1,removed,26
1026,5130,171.0,camera_2,new_track,38
1027,5135,171.167,camera_3,removed,53
1027,5135,171.167,camera_5,removed,72
1028,5140,171.333,camera_1,new_track,29
1029,5145,171.5,camera_1,lost_track,28
1029,5145,171.5,camera_5,new_track,101
1029,5145,171.5,camera_5,reacquired,100
1029,5145,171.5,camera_7,removed,18
1030,5150,171.667,camera_2,lost_track,38
1031,5155,171.833,camera_2,reacquired,38
1031,5155,171.833,camera_5,removed,94
1031,5155,171.833,camera_5,removed,95
1032,5160,172.0,camera_3,new_track,56
1033,5165,172.167,camera_2,removed,36
1033,5165,172.167,camera_3,removed,51
1034,5170,172.333,camera_1,new_track,30
1035,5175,172.5,camera_5,new_track,102
1035,5175,172.5,camera_5,reacquired,91
1035,5175,172.5,camera_5,lost_track,98
1036,5180,172.667,camera_2,lost_track,35
1036,5180,172.667,camera_5,reacquired,98
1037,5185,172.833,camera_2,new_track,39
1037,5185,172.833,camera_5,lost_track,91
1037,5185,172.833,camera_7,lost_track,19
1038,5190,173.0,camera_5,lost_track,99
1039,5195,173.167,camera_2,removed,33
1039,5195,173.167,camera_5,lost_track,84
1040,5200,173.333,camera_5,reacquired,84
1041,5205,173.5,camera_5,lost_track,102
1042,5210,173.667,camera_5,lost_track,88
1042,5210,173.667,camera_5,lost_track,98
1043,5215,173.833,camera_3,new_track,57
1043,5215,173.833,camera_5,lost_track,101
1044,5220,174.0,camera_5,removed,93
1045,5225,174.167,camera_3,removed,50
1045,5225,174.167,camera_5,lost_track,41
1045,5225,174.167,camera_5,lost_track,100
1045,5225,174.167,camera_5,removed,97
1046,5230,174.333,camera_3,removed,52
1047,5235,174.5,camera_1,lost_track,29
1047,5235,174.5,camera_1,lost_track,30
1048,5240,174.667,camera_5,reacquired,100
1049,5245,174.833,camera_7,new_track,20
1050,5250,175.0,camera_3,new_track,58
1050,5250,175.0,camera_5,reacquired,101
1051,5255,175.167,camera_1,new_track,31
1051,5255,175.167,camera_5,removed,82
1053,5265,175.5,camera_3,new_track,59
1054,5270,175.667,camera_3,new_track,60
1054,5270,175.667,camera_4,removed,30
1055,5275,175.833,camera_1,new_track,32
1055,5275,175.833,camera_7,lost_track,20
1056,5280,176.0,camera_2,new_track,40
1056,5280,176.0,camera_5,new_track,103
1056,5280,176.0,camera_7,reacquired,20
1057,5285,176.167,camera_3,lost_track,59
1058,5290,176.333,camera_1,lost_track,27
1059,5295,176.5,camera_1,removed,28
1063,5315,177.167,camera_4,new_track,31
1066,5330,177.667,camera_2,removed,35
1067,5335,177.833,camera_1,new_track,33
1067,5335,177.833,camera_5,removed,91
1067,5335,177.833,camera_7,removed,19
1068,5340,178.0,camera_5,removed,99
1069,5345,178.167,camera_5,lost_track,84
1070,5350,178.333,camera_7,lost_track,17
1071,5355,178.5,camera_2,new_track,41
1071,5355,178.5,camera_5,removed,102
1072,5360,178.667,camera_5,removed,88
1072,5360,178.667,camera_5,removed,98
1072,5360,178.667,camera_7,reacquired,17
1073,5365,178.833,camera_2,lost_track,37
1073,5365,178.833,camera_6,new_track,35
1074,5370,179.0,camera_5,new_track,104
1075,5375,179.167,camera_5,removed,41
1075,5375,179.167,camera_6,new_track,36
1076,5380,179.333,camera_2,reacquired,37
1076,5380,179.333,camera_2,lost_track,41
1076,5380,179.333,camera_4,new_track,32
1076,5380,179.333,camera_5,lost_track,103
1076,5380,179.333,camera_7,lost_track,17
1077,5385,179.5,camera_1,removed,29
1077,5385,179.5,camera_1,removed,30
1078,5390,179.667,camera_2,reacquired,41
1078,5390,179.667,camera_2,lost_track,37
1079,5395,179.833,camera_2,reacquired,37
1079,5395,179.833,camera_2,lost_track,41
1079,5395,179.833,camera_5,lost_track,100
1079,5395,179.833,camera_6,lost_track,36
1081,5405,180.167,camera_6,new_track,37
1082,5410,180.333,camera_3,new_track,61
1082,5410,180.333,camera_3,lost_track,54
1083,5415,180.5,camera_4,lost_track,31
1083,5415,180.5,camera_5,lost_track,96
1083,5415,180.5,camera_6,reacquired,36
1084,5420,180.667,camera_3,new_track,62
1084,5420,180.667,camera_7,lost_track,0
1085,5425,180.833,camera_3,new_track,63
1086,5430,181.0,camera_2,new_track,42
1086,5430,181.0,camera_3,lost_track,61
1087,5435,181.167,camera_2,reacquired,41
1087,5435,181.167,camera_3,removed,59
1088,5440,181.333,camera_1,removed,27
1088,5440,181.333,camera_2,lost_track,41
1088,5440,181.333,camera_3,lost_track,55
1088,5440,181.333,camera_3,lost_track,60
1088,5440,181.333,camera_6,lost_track,36
1089,5445,181.5,camera_3,reacquired,55
1090,5450,181.667,camera_5,lost_track,104
1090,5450,181.667,camera_6,new_track,38
1090,5450,181.667,camera_6,reacquired,36
1092,5460,182.0,camera_1,lost_track,33
1093,5465,182.167,camera_6,lost_track,36
1093,5465,182.167,camera_7,lost_track,20
1094,5470,182.333,camera_2,lost_track,38
1094,5470,182.333,camera_4,lost_track,32
1095,5475,182.5,camera_6,new_track,39
1096,5480,182.667,camera_4,new_track,33
1096,5480,182.667,camera_5,reacquired,103
1096,5480,182.667,camera_6,lost_track,39
1097,5485,182.833,camera_6,reacquired,39
1097,5485,182.833,camera_6,lost_track,35
1097,5485,182.833,camera_6,lost_track,38
1099,5495,183.167,camera_5,removed,84
1100,5500,183.333,camera_1,lost_track,31
1100,5500,183.333,camera_5,lost_track,103
1101,5505,183.5,camera_2,new_track,43
1102,5510,183.667,camera_5,lost_track,101
1103,5515,183.833,camera_1,new_track,34
1104,5520,184.0,camera_6,lost_track,37
1106,5530,184.333,camera_2,lost_track,42
1106,5530,184.333,camera_7,removed,17
1107,5535,184.5,camera_3,new_track,64
1107,5535,184.5,camera_5,new_track,105
1109,5545,184.833,camera_5,removed,100
1112,5560,185.333,camera_1,new_track,35
1112,5560,185.333,camera_3,removed,54
1112,5560,185.333,camera_5,new_track,106
1112,5560,185.333,camera_6,lost_track,39
1113,5565,185.5,camera_4,removed,31
1113,5565,185.5,camera_5,removed,96
1114,5570,185.667,camera_1,reacquired,31
1114,5570,185.667,camera_7,removed,0
1115,5575,185.833,camera_1,lost_track,31
1115,5575,185.833,camera_1,lost_track,35
1116,5580,186.0,camera_3,lost_track,55
1116,5580,186.0,camera_3,removed,61
1117,5585,186.167,camera_3,reacquired,55
1118,5590,186.333,camera_2,removed,41
1118,5590,186.333,camera_3,removed,60
1119,5595,186.5,camera_2,new_track,44
1119,5595,186.5,camera_3,lost_track,55
1120,5600,186.667,camera_4,lost_track,33
1120,5600,186.667,camera_5,removed,104
1121,5605,186.833,camera_5,new_track,107
1122,5610,187.0,camera_1,removed,33
1122,5610,187.0,camera_2,lost_track,44
1123,5615,187.167,camera_3,lost_track,63
1123,5615,187.167,camera_6,removed,36
1123,5615,187.167,camera_7,removed,20
1124,5620,187.333,camera_2,removed,38
1124,5620,187.333,camera_4,removed,32
1125,5625,187.5,camera_2,reacquired,44
1125,5625,187.5,camera_4,new_track,34
1127,5635,187.833,camera_1,reacquired,31
1127,5635,187.833,camera_6,removed,35
1127,5635,187.833,camera_6,removed,38
1128,5640,188.0,camera_2,new_track,45
1128,5640,188.0,camera_4,lost_track,34
1129,5645,188.167,camera_2,lost_track,44
1129,5645,188.167,camera_5,lost_track,105
1130,5650,188.333,camera_5,removed,103
1131,5655,188.5,camera_1,lost_track,31
1131,5655,188.5,camera_2,lost_track,43
1131,5655,188.5,camera_5,reacquired,105
1132,5660,188.667,camera_1,reacquired,31
1132,5660,188.667,camera_5,reacquired,101
1133,5665,188.833,camera_4,new_track,35
1134,5670,189.0,camera_2,new_track,46
1134,5670,189.0,camera_6,removed,37
1135,5675,189.167,camera_5,lost_track,101
1136,5680,189.333,camera_2,removed,42
1137,5685,189.5,camera_2,reacquired,43
1137,5685,189.5,camera_2,lost_track,46
1138,5690,189.667,camera_5,lost_track,106
1139,5695,189.833,camera_1,lost_track,31
1139,5695,189.833,camera_5,new_track,108
1139,5695,189.833,camera_5,new_track,109
1140,5700,190.0,camera_3,new_track,65
1140,5700,190.0,camera_3,new_track,66
1140,5700,190.0,camera_4,new_track,36
1142,5710,190.333,camera_6,removed,39
1143,5715,190.5,camera_2,reacquired,46
1144,5720,190.667,camera_2,reacquired,44
1144,5720,190.667,camera_2,lost_track,39
1144,5720,190.667,camera_2,lost_track,46
1144,5720,190.667,camera_4,lost_track,36
1145,5725,190.833,camera_1,removed,35
1146,5730,191.0,camera_5,reacquired,106
1147,5735,191.167,camera_1,reacquired,31
1147,5735,191.167,camera_3,lost_track,62
1147,5735,191.167,camera_3,lost_track,66
1147,5735,191.167,camera_5,lost_track,105
1148,5740,191.333,camera_3,reacquired,66
1149,5745,191.5,camera_3,removed,55
1149,5745,191.5,camera_5,new_track,110
1150,5750,191.667,camera_4,removed,33
1150,5750,191.667,camera_5,new_track,111
1151,5755,191.833,camera_5,lost_track,109
1153,5765,192.167,camera_1,lost_track,34
1153,5765,192.167,camera_3,removed,63
1155,5775,192.5,camera_5,reacquired,109
1157,5785,192.833,camera_3,lost_track,66
1157,5785,192.833,camera_5,new_track,112
1158,5790,193.0,camera_3,new_track,67
1158,5790,193.0,camera_4,removed,34
1159,5795,193.167,camera_1,reacquired,34
1159,5795,193.167,camera_5,reacquired,101
1159,5795,193.167,camera_5,lost_track,111
1160,5800,193.333,camera_1,lost_track,31
1160,5800,193.333,camera_2,lost_track,43
1160,5800,193.333,camera_2,lost_track,45
1161,5805,193.5,camera_5,lost_track,106
1161,5805,193.5,camera_6,new_track,40
1163,5815,193.833,camera_3,reacquired,66
1163,5815,193.833,camera_3,lost_track,58
1163,5815,193.833,camera_6,new_track,41
1163,5815,193.833,camera_7,lost_track,15
1164,5820,194.0,camera_5,new_track,113
1164,5820,194.0,camera_5,lost_track,109
1165,5825,194.167,camera_2,new_track,47
1166,5830,194.333,camera_3,reacquired,58
1166,5830,194.333,camera_3,lost_track,67
1166,5830,194.333,camera_5,new_track,114
1166,5830,194.333,camera_6,lost_track,41
1167,5835,194.5,camera_3,lost_track,57
1167,5835,194.5,camera_3,lost_track,66
1169,5845,194.833,camera_1,new_track,36
1169,5845,194.833,camera_2,new_track,48
1169,5845,194.833,camera_2,lost_track,47
1169,5845,194.833,camera_5,lost_track,114
1170,5850,195.0,camera_2,reacquired,47
1170,5850,195.0,camera_3,reacquired,66
1170,5850,195.0,camera_3,lost_track,58
1170,5850,195.0,camera_3,lost_track,65
1170,5850,195.0,camera_5,lost_track,110
1170,5850,195.0,camera_5,lost_track,112
1171,5855,195.167,camera_2,lost_track,47
1171,5855,195.167,camera_2,lost_track,48
1171,5855,195.167,camera_3,lost_track,66
1172,5860,195.333,camera_5,new_track,115
1173,5865,195.5,camera_2,new_track,49
1173,5865,195.5,camera_5,reacquired,110
1174,5870,195.667,camera_2,removed,39
1174,5870,195.667,camera_2,removed,46
1174,5870,195.667,camera_4,removed,36
1174,5870,195.667,camera_5,new_track,116
1175,5875,195.833,camera_5,reacquired,114
1176,5880,196.0,camera_3,reacquired,66
1176,5880,196.0,camera_3,lost_track,56
1177,5885,196.167,camera_3,removed,62
1177,5885,196.167,camera_5,lost_track,110
1177,5885,196.167,camera_5,lost_track,115
1177,5885,196.167,camera_5,removed,105
1178,5890,196.333,camera_3,lost_track,66
1178,5890,196.333,camera_5,reacquired,115
1179,5895,196.5,camera_5,reacquired,110
1180,5900,196.667,camera_2,lost_track,40
1180,5900,196.667,camera_2,lost_track,49
1180,5900,196.667,camera_5,new_track,117
1180,5900,196.667,camera_5,reacquired,112
1180,5900,196.667,camera_5,lost_track,107
1181,5905,196.833,camera_2,lost_track,44
1181,5905,196.833,camera_5,reacquired,107
1181,5905,196.833,camera_6,lost_track,40
1182,5910,197.0,camera_5,lost_track,110
1184,5920,197.333,camera_5,lost_track,101
1185,5925,197.5,camera_3,new_track,68
1185,5925,197.5,camera_5,reacquired,109
1186,5930,197.667,camera_1,lost_track,36
1186,5930,197.667,camera_2,reacquired,44
1186,5930,197.667,camera_5,new_track,118
1187,5935,197.833,camera_5,lost_track,116
1188,5940,198.0,camera_5,lost_track,107
1189,5945,198.167,camera_4,new_track,37
1189,5945,198.167,camera_5,lost_track,109
1189,5945,198.167,camera_5,removed,111
1190,5950,198.333,camera_1,removed,31
1190,5950,198.333,camera_2,removed,43
1190,5950,198.333,camera_2,removed,45
1191,5955,198.5,camera_5,new_track,119
1191,5955,198.5,camera_5,new_track,120
1191,5955,198.5,camera_5,reacquired,107
1191,5955,198.5,camera_5,removed,106
1192,5960,198.667,camera_5,new_track,121
1193,5965,198.833,camera_5,lost_track,108
1193,5965,198.833,camera_5,lost_track,120
1193,5965,198.833,camera_7,removed,15
1194,5970,199.0,camera_5,new_track,122
1195,5975,199.167,camera_2,lost_track,44
1195,5975,199.167,camera_4,lost_track,37
1196,5980,199.333,camera_2,new_track,50
1196,5980,199.333,camera_3,removed,67
1196,5980,199.333,camera_5,lost_track,115
1196,5980,199.333,camera_5,lost_track,119
1196,5980,199.333,camera_6,removed,41
1197,5985,199.5,camera_2,reacquired,44
1197,5985,199.5,camera_2,lost_track,37
1197,5985,199.5,camera_3,removed,57
1197,5985,199.5,camera_5,reacquired,119
1199,5995,199.833,camera_2,lost_track,44
1199,5995,199.833,camera_3,new_track,69
1199,5995,199.833,camera_3,lost_track,68
1199,5995,199.833,camera_4,new_track,38
1200,6000,200.0,camera_3,removed,58
1200,6000,200.0,camera_3,removed,65
1200,6000,200.0,camera_5,lost_track,113
1201,6005,200.167,camera_1,new_track,37
1201,6005,200.167,camera_2,removed,47
1201,6005,200.167,camera_2,removed,48
1201,6005,200.167,camera_5,lost_track,114
1202,6010,200.333,camera_3,reacquired,68
1202,6010,200.333,camera_5,new_track,123
1202,6010,200.333,camera_5,lost_track,119
1204,6020,200.667,camera_5,lost_track,118
1205,6025,200.833,camera_4,lost_track,35
1205,6025,200.833,camera_5,lost_track,107
1206,6030,201.0,camera_3,removed,56
1208,6040,201.333,camera_2,new_track,51
1208,6040,201.333,camera_3,removed,66
1208,6040,201.333,camera_6,new_track,42
1210,6050,201.667,camera_2,removed,40
1210,6050,201.667,camera_2,removed,49
1211,6055,201.833,camera_3,lost_track,68
1211,6055,201.833,camera_5,lost_track,117
1211,6055,201.833,camera_6,removed,40
1212,6060,202.0,camera_5,removed,110
1213,6065,202.167,camera_2,lost_track,50
1213,6065,202.167,camera_6,new_track,43
1214,6070,202.333,camera_5,removed,101
1215,6075,202.5,camera_3,reacquired,68
1215,6075,202.5,camera_5,lost_track,112
1215,6075,202.5,camera_5,lost_track,121
1216,6080,202.667,camera_1,removed,36
1217,6085,202.833,camera_2,reacquired,44
1217,6085,202.833,camera_5,removed,116
1218,6090,203.0,camera_5,reacquired,119
1218,6090,203.0,camera_6,new_track,44
1219,6095,203.167,camera_3,new_track,70
1219,6095,203.167,camera_5,reacquired,120
1219,6095,203.167,camera_5,lost_track,119
1219,6095,203.167,camera_5,lost_track,123
1219,6095,203.167,camera_5,removed,109
1221,6105,203.5,camera_5,lost_track,120
1221,6105,203.5,camera_6,new_track,45
1222,6110,203.667,camera_6,new_track,46
1223,6115,203.833,camera_1,new_track,38
1223,6115,203.833,camera_5,removed,108
1224,6120,204.0,camera_6,lost_track,45
1225,6125,204.167,camera_3,lost_track,70
1225,6125,204.167,camera_4,removed,37
1225,6125,204.167,camera_7,new_track,21
1226,6130,204.333,camera_1,new_track,39
1226,6130,204.333,camera_5,removed,115
1227,6135,204.5,camera_2,lost_track,51
1227,6135,204.5,camera_2,removed,37
1227,6135,204.5,camera_6,lost_track,42
1229,6145,204.833,camera_1,lost_track,38
1229,6145,204.833,camera_3,new_track,71
1229,6145,204.833,camera_6,new_track,47
1230,6150,205.0,camera_5,removed,113
1231,6155,205.167,camera_3,lost_track,68
1231,6155,205.167,camera_5,removed,114
1232,6160,205.333,camera_1,new_track,40
1233,6165,205.5,camera_3,reacquired,68
1233,6165,205.5,camera_4,lost_track,38
1234,6170,205.667,camera_5,removed,118
1234,6170,205.667,camera_7,new_track,22
1235,6175,205.833,camera_1,lost_track,40
1235,6175,205.833,camera_4,removed,35
1235,6175,205.833,camera_5,removed,107
1238,6190,206.333,camera_1,reacquired,40
1241,6205,206.833,camera_5,removed,117
1241,6205,206.833,camera_7,lost_track,22
1242,6210,207.0,camera_6,new_track,48
1243,6215,207.167,camera_2,lost_track,44
1243,6215,207.167,camera_2,removed,50
1243,6215,207.167,camera_7,new_track,23
1243,6215,207.167,camera_7,lost_track,21
1244,6220,207.333,camera_1,lost_track,40
1245,6225,207.5,camera_5,removed,112
1245,6225,207.5,camera_5,removed,121
1246,6230,207.667,camera_1,reacquired,40
1246,6230,207.667,camera_6,lost_track,48
1248,6240,208.0,camera_6,reacquired,45
1248,6240,208.0,camera_6,lost_track,43
1248,6240,208.0,camera_7,new_track,24
1249,6245,208.167,camera_5,removed,119
1249,6245,208.167,camera_5,removed,123
1251,6255,208.5,camera_5,removed,120
1252,6260,208.667,camera_1,lost_track,39
1253,6265,208.833,camera_1,lost_track,40
1253,6265,208.833,camera_6,reacquired,48
1255,6275,209.167,camera_1,lost_track,34
1255,6275,209.167,camera_3,removed,70
1255,6275,209.167,camera_7,new_track,25
1255,6275,209.167,camera_7,new_track,26
1255,6275,209.167,camera_7,new_track,27
1255,6275,209.167,camera_7,lost_track,23
1256,6280,209.333,camera_3,new_track,72
1257,6285,209.5,camera_2,removed,51
1257,6285,209.5,camera_6,new_track,49
1257,6285,209.5,camera_6,removed,42
1258,6290,209.667,camera_3,new_track,73
1258,6290,209.667,camera_3,new_track,74
1259,6295,209.833,camera_1,removed,38
1259,6295,209.833,camera_6,lost_track,49
1259,6295,209.833,camera_7,lost_track,27
1260,6300,210.0,camera_6,reacquired,49
1260,6300,210.0,camera_6,lost_track,45
1262,6310,210.333,camera_2,new_track,52
1263,6315,210.5,camera_3,lost_track,72
1263,6315,210.5,camera_4,removed,38
1265,6325,210.833,camera_1,new_track,41
1266,6330,211.0,camera_6,lost_track,48
1267,6335,211.167,camera_3,lost_track,69
1268,6340,211.333,camera_3,new_track,75
1268,6340,211.333,camera_3,reacquired,69
1269,6345,211.5,camera_5,new_track,124
1269,6345,211.5,camera_5,new_track,125
1269,6345,211.5,camera_6,reacquired,48
1269,6345,211.5,camera_7,lost_track,26
1270,6350,211.667,camera_1,reacquired,39
1270,6350,211.667,camera_3,lost_track,68
1270,6350,211.667,camera_3,lost_track,69
1271,6355,211.833,camera_1,new_track,42
1271,6355,211.833,camera_7,new_track,28
1271,6355,211.833,camera_7,reacquired,26
1271,6355,211.833,camera_7,removed,22
1273,6365,212.167,camera_1,lost_track,41
1273,6365,212.167,camera_2,removed,44
1273,6365,212.167,camera_6,new_track,50
1273,6365,212.167,camera_7,lost_track,25
1273,6365,212.167,camera_7,lost_track,28
1273,6365,212.167,camera_7,removed,21
1274,6370,212.333,camera_3,reacquired,68
1274,6370,212.333,camera_6,new_track,51
1275,6375,212.5,camera_1,lost_track,39
1275,6375,212.5,camera_5,new_track,126
1276,6380,212.667,camera_1,new_track,43
1276,6380,212.667,camera_1,new_track,44
1276,6380,212.667,camera_4,new_track,39
1276,6380,212.667,camera_6,new_track,52
1277,6385,212.833,camera_6,lost_track,50
1278,6390,213.0,camera_3,lost_track,64
1278,6390,213.0,camera_6,removed,43
1280,6400,213.333,camera_6,new_track,53
1280,6400,213.333,camera_6,lost_track,48
1282,6410,213.667,camera_6,lost_track,52
1282,6410,213.667,camera_7,lost_track,26
1283,6415,213.833,camera_1,removed,40
1283,6415,213.833,camera_4,lost_track,39
1283,6415,213.833,camera_5,new_track,127
1285,6425,214.167,camera_1,removed,34
1285,6425,214.167,camera_6,reacquired,48
1285,6425,214.167,camera_7,removed,23
1286,6430,214.333,camera_2,new_track,53
1287,6435,214.5,camera_1,lost_track,42
1287,6435,214.5,camera_5,new_track,128
1288,6440,214.667,camera_3,lost_track,68
1289,6445,214.833,camera_6,lost_track,53
1289,6445,214.833,camera_7,removed,27
1290,6450,215.0,camera_1,lost_track,43
1290,6450,215.0,camera_5,new_track,129
1290,6450,215.0,camera_6,removed,45
1291,6455,215.167,camera_3,reacquired,68
1293,6465,215.5,camera_1,reacquired,43
1293,6465,215.5,camera_2,lost_track,52
1293,6465,215.5,camera_3,new_track,76
1293,6465,215.5,camera_3,lost_track,73
1293,6465,215.5,camera_3,removed,72
1293,6465,215.5,camera_5,lost_track,126
1293,6465,215.5,camera_5,lost_track,129
1293,6465,215.5,camera_7,reacquired,28
1294,6470,215.667,camera_3,lost_track,74
1295,6475,215.833,camera_3,new_track,77
1295,6475,215.833,camera_7,lost_track,28
1296,6480,216.0,camera_5,lost_track,127
1297,6485,216.167,camera_5,reacquired,126
1297,6485,216.167,camera_5,reacquired,127
1298,6490,216.333,camera_1,lost_track,44
1298,6490,216.333,camera_3,reacquired,73
1298,6490,216.333,camera_6,new_track,54
1298,6490,216.333,camera_7,reacquired,28
1299,6495,216.5,camera_3,lost_track,76
1300,6500,216.667,camera_3,removed,69
1300,6500,216.667,camera_5,new_track,130
1300,6500,216.667,camera_5,lost_track,122
1300,6500,216.667,camera_6,lost_track,48
1300,6500,216.667,camera_6,lost_track,51
1301,6505,216.833,camera_6,reacquired,48
1302,6510,217.0,camera_3,lost_track,68
1303,6515,217.167,camera_1,removed,41
1303,6515,217.167,camera_2,new_track,54
1303,6515,217.167,camera_3,lost_track,73
1303,6515,217.167,camera_5,new_track,131
1303,6515,217.167,camera_7,removed,25
1304,6520,217.333,camera_1,lost_track,37
1304,6520,217.333,camera_2,lost_track,54
1304,6520,217.333,camera_6,lost_track,54
1305,6525,217.5,camera_1,removed,39
1305,6525,217.5,camera_2,lost_track,53
1305,6525,217.5,camera_3,reacquired,73
1305,6525,217.5,camera_5,new_track,132
1305,6525,217.5,camera_6,reacquired,54
1305,6525,217.5,camera_6,lost_track,46
1305,6525,217.5,camera_6,lost_track,47
1306,6530,217.667,camera_3,lost_track,77
1307,6535,217.833,camera_6,lost_track,48
1307,6535,217.833,camera_6,removed,50
1308,6540,218.0,camera_2,reacquired,54
1308,6540,218.0,camera_3,removed,64
1308,6540,218.0,camera_5,lost_track,128
1308,6540,218.0,camera_6,lost_track,54
1309,6545,218.167,camera_3,new_track,78
1309,6545,218.167,camera_5,lost_track,130
1309,6545,218.167,camera_6,new_track,55
1310,6550,218.333,camera_5,lost_track,126
1311,6555,218.5,camera_2,new_track,55
1311,6555,218.5,camera_3,reacquired,77
1312,6560,218.667,camera_1,lost_track,43
1312,6560,218.667,camera_6,removed,52
1312,6560,218.667,camera_7,removed,26
1313,6565,218.833,camera_4,removed,39
1314,6570,219.0,camera_3,lost_track,78
1314,6570,219.0,camera_6,reacquired,47
1314,6570,219.0,camera_6,lost_track,55
1315,6575,219.167,camera_1,reacquired,43
1315,6575,219.167,camera_2,new_track,56
1315,6575,219.167,camera_2,new_track,57
1316,6580,219.333,camera_5,lost_track,127
1316,6580,219.333,camera_6,reacquired,51
1316,6580,219.333,camera_6,reacquired,54
1316,6580,219.333,camera_7,lost_track,24
1317,6585,219.5,camera_1,removed,42
1318,6590,219.667,camera_1,lost_track,43
1318,6590,219.667,camera_5,new_track,133
1318,6590,219.667,camera_7,reacquired,24
1319,6595,219.833,camera_5,new_track,134
1319,6595,219.833,camera_6,removed,53
1319,6595,219.833,camera_7,new_track,29
1319,6595,219.833,camera_7,lost_track,24
1320,6600,220.0,camera_7,new_track,30
1321,6605,220.167,camera_2,lost_track,54
1321,6605,220.167,camera_2,lost_track,57
1321,6605,220.167,camera_6,new_track,56
1321,6605,220.167,camera_6,new_track,57
1322,6610,220.333,camera_2,reacquired,54
1322,6610,220.333,camera_5,new_track,135
1322,6610,220.333,camera_6,new_track,58
1323,6615,220.5,camera_2,removed,52
1323,6615,220.5,camera_5,reacquired,127
1323,6615,220.5,camera_5,lost_track,133
1323,6615,220.5,camera_5,removed,129
1323,6615,220.5,camera_6,new_track,59
1323,6615,220.5,camera_6,new_track,60
1324,6620,220.667,camera_3,removed,74
1324,6620,220.667,camera_4,new_track,40
1324,6620,220.667,camera_5,reacquired,133
1325,6625,220.833,camera_3,lost_track,75
1325,6625,220.833,camera_5,lost_track,132
1326,6630,221.0,camera_2,lost_track,54
1326,6630,221.0,camera_5,reacquired,132
1326,6630,221.0,camera_5,lost_track,134
1326,6630,221.0,camera_6,lost_track,57
1327,6635,221.167,camera_2,lost_track,56
1327,6635,221.167,camera_5,lost_track,133
1327,6635,221.167,camera_5,lost_track,135
1327,6635,221.167,camera_6,lost_track,44
1328,6640,221.333,camera_1,removed,44
1328,6640,221.333,camera_2,reacquired,54
1328,6640,221.333,camera_4,new_track,41
1328,6640,221.333,camera_4,lost_track,40
1329,6645,221.5,camera_3,removed,76
1329,6645,221.5,camera_4,reacquired,40
1330,6650,221.667,camera_4,lost_track,40
1330,6650,221.667,camera_5,removed,122
1330,6650,221.667,camera_6,lost_track,54
1330,6650,221.667,camera_7,lost_track,29
1331,6655,221.833,camera_4,reacquired,40
1331,6655,221.833,camera_5,lost_track,132
1331,6655,221.833,camera_6,lost_track,49
1331,6655,221.833,camera_6,lost_track,58
1331,6655,221.833,camera_6,lost_track,59
1332,6660,222.0,camera_3,lost_track,73
1332,6660,222.0,camera_3,removed,68
1332,6660,222.0,camera_5,reacquired,130
1332,6660,222.0,camera_5,lost_track,124
1332,6660,222.0,camera_6,new_track,61
1332,6660,222.0,camera_7,reacquired,29
1333,6665,222.167,camera_2,lost_track,55
1333,6665,222.167,camera_5,new_track,136
1333,6665,222.167,camera_5,reacquired,135
1333,6665,222.167,camera_6,reacquired,54
1333,6665,222.167,camera_6,reacquired,59
1334,6670,222.333,camera_1,removed,37
1334,6670,222.333,camera_5,reacquired,124
1334,6670,222.333,camera_6,lost_track,61
1335,6675,222.5,camera_2,removed,53
1335,6675,222.5,camera_5,lost_track,130
1335,6675,222.5,camera_6,removed,46
1336,6680,222.667,camera_2,new_track,58
1336,6680,222.667,camera_3,new_track,79
1337,6685,222.833,camera_6,lost_track,54
1337,6685,222.833,camera_6,lost_track,59
1337,6685,222.833,camera_6,removed,48
1338,6690,223.0,camera_5,lost_track,127
1338,6690,223.0,camera_5,lost_track,135
1338,6690,223.0,camera_5,removed,128
1338,6690,223.0,camera_6,reacquired,59
1338,6690,223.0,camera_6,lost_track,60
1339,6695,223.167,camera_4,new_track,42
1340,6700,223.333,camera_4,lost_track,40
1340,6700,223.333,camera_5,removed,126
1340,6700,223.333,camera_6,new_track,62
1342,6710,223.667,camera_5,lost_track,124
1343,6715,223.833,camera_5,lost_track,125
1344,6720,224.0,camera_2,new_track,59
1344,6720,224.0,camera_3,removed,78
1344,6720,224.0,camera_6,removed,55
1345,6725,224.167,camera_5,new_track,137
1345,6725,224.167,camera_6,lost_track,59
1346,6730,224.333,camera_1,new_track,45
1346,6730,224.333,camera_5,new_track,138
1346,6730,224.333,camera_5,lost_track,137
1346,6730,224.333,camera_7,new_track,31
1347,6735,224.5,camera_5,lost_track,138
1348,6740,224.667,camera_1,removed,43
1348,6740,224.667,camera_6,lost_track,56
1349,6745,224.833,camera_3,new_track,80
1349,6745,224.833,camera_5,reacquired,132
1349,6745,224.833,camera_7,removed,24
1351,6755,225.167,camera_2,new_track,60
1351,6755,225.167,camera_2,removed,57
1352,6760,225.333,camera_6,new_track,63
1352,6760,225.333,camera_6,lost_track,62
1353,6765,225.5,camera_5,lost_track,136
1355,6775,225.833,camera_3,removed,75
1355,6775,225.833,camera_4,lost_track,41
1355,6775,225.833,camera_7,new_track,32
1355,6775,225.833,camera_7,lost_track,29
1356,6780,226.0,camera_5,removed,134
1356,6780,226.0,camera_6,reacquired,54
1356,6780,226.0,camera_6,removed,57
1356,6780,226.0,camera_7,reacquired,29
1357,6785,226.167,camera_1,new_track,46
1357,6785,226.167,camera_2,new_track,61
1357,6785,226.167,camera_2,removed,56
1357,6785,226.167,camera_5,removed,133
1357,6785,226.167,camera_6,removed,44
1359,6795,226.5,camera_4,lost_track,42
1359,6795,226.5,camera_6,new_track,64
1359,6795,226.5,camera_7,lost_track,32
1360,6800,226.667,camera_1,lost_track,46
1360,6800,226.667,camera_2,lost_track,60
1361,6805,226.833,camera_3,new_track,81
1361,6805,226.833,camera_6,removed,49
1361,6805,226.833,camera_6,removed,58
1362,6810,227.0,camera_3,removed,73
1363,6815,227.167,camera_2,reacquired,60
1363,6815,227.167,camera_2,removed,55
1363,6815,227.167,camera_6,lost_track,64
1364,6820,227.333,camera_6,removed,61
1365,6825,227.5,camera_5,removed,130
1366,6830,227.667,camera_1,new_track,47
1366,6830,227.667,camera_1,lost_track,45
1366,6830,227.667,camera_7,lost_track,29
1367,6835,227.833,camera_6,new_track,65
1367,6835,227.833,camera_6,reacquired,62
1368,6840,228.0,camera_5,removed,127
1368,6840,228.0,camera_5,removed,135
1368,6840,228.0,camera_6,removed,60
1368,6840,228.0,camera_7,new_track,33
1370,6850,228.333,camera_3,lost_track,81
1370,6850,228.333,camera_4,removed,40
1370,6850,228.333,camera_7,new_track,34
1370,6850,228.333,camera_7,lost_track,31
1371,6855,228.5,camera_2,lost_track,59
1371,6855,228.5,camera_2,lost_track,60
1371,6855,228.5,camera_3,new_track,82
1371,6855,228.5,camera_6,lost_track,63
1372,6860,228.667,camera_3,reacquired,81
1372,6860,228.667,camera_5,removed,124
1373,6865,228.833,camera_1,lost_track,47
1373,6865,228.833,camera_3,lost_track,82
1373,6865,228.833,camera_5,removed,125
1374,6870,229.0,camera_5,lost_track,131
1375,6875,229.167,camera_3,lost_track,80
1375,6875,229.167,camera_4,new_track,43
1375,6875,229.167,camera_6,removed,59
1376,6880,229.333,camera_5,reacquired,131
1376,6880,229.333,camera_5,removed,137
1377,6885,229.5,camera_5,removed,138
1378,6890,229.667,camera_6,removed,56
1379,6895,229.833,camera_6,lost_track,62
1381,6905,230.167,camera_1,new_track,48
1382,6910,230.333,camera_5,lost_track,131
1383,6915,230.5,camera_1,lost_track,48
1383,6915,230.5,camera_5,removed,136
1385,6925,230.833,camera_4,removed,41
1389,6945,231.5,camera_4,removed,42
1389,6945,231.5,camera_7,removed,32
1390,6950,231.667,camera_1,removed,46
1391,6955,231.833,camera_5,new_track,139
1393,6965,232.167,camera_3,new_track,83
1393,6965,232.167,camera_5,new_track,140
1393,6965,232.167,camera_6,new_track,66
1393,6965,232.167,camera_6,removed,64
1395,6975,232.5,camera_4,lost_track,43
1395,6975,232.5,camera_7,lost_track,30
1396,6980,232.667,camera_1,removed,45
1396,6980,232.667,camera_6,new_track,67
1396,6980,232.667,camera_7,removed,29
1398,6990,233.0,camera_5,lost_track,132
1398,6990,233.0,camera_6,new_track,68
1398,6990,233.0,camera_7,lost_track,34
1399,6995,233.167,camera_4,new_track,44
1399,6995,233.167,camera_5,lost_track,140
1399,6995,233.167,camera_6,lost_track,54
1400,7000,233.333,camera_2,new_track,62
1400,7000,233.333,camera_2,lost_track,61
1400,7000,233.333,camera_3,lost_track,83
1400,7000,233.333,camera_7,new_track,35
1400,7000,233.333,camera_7,reacquired,34
1400,7000,233.333,camera_7,removed,31
1401,7005,233.5,camera_2,removed,59
1401,7005,233.5,camera_2,removed,60
1401,7005,233.5,camera_3,lost_track,81
1401,7005,233.5,camera_6,reacquired,54
1401,7005,233.5,camera_6,removed,63
1402,7010,233.667,camera_6,new_track,69
1403,7015,233.833,camera_1,removed,47
1403,7015,233.833,camera_2,lost_track,62
1403,7015,233.833,camera_3,removed,82
1403,7015,233.833,camera_6,new_track,70
1404,7020,234.0,camera_4,new_track,45
1404,7020,234.0,camera_7,new_track,36
1404,7020,234.0,camera_7,lost_track,35
1405,7025,234.167,camera_3,new_track,84
1405,7025,234.167,camera_3,removed,80
1405,7025,234.167,camera_6,new_track,71
1405,7025,234.167,camera_7,lost_track,28
1406,7030,234.333,camera_6,lost_track,70
1406,7030,234.333,camera_7,reacquired,28
1407,7035,234.5,camera_4,new_track,46
1407,7035,234.5,camera_6,lost_track,69
1407,7035,234.5,camera_7,lost_track,28
1409,7045,234.833,camera_6,removed,62
1409,7045,234.833,camera_7,new_track,37
1410,7050,235.0,camera_6,lost_track,54
1410,7050,235.0,camera_6,lost_track,67
1411,7055,235.167,camera_4,lost_track,46
1412,7060,235.333,camera_5,removed,131
1412,7060,235.333,camera_6,reacquired,54
1412,7060,235.333,camera_6,lost_track,66
1412,7060,235.333,camera_7,lost_track,36
1413,7065,235.5,camera_1,removed,48
1413,7065,235.5,camera_4,lost_track,45
1413,7065,235.5,camera_6,reacquired,70
1414,7070,235.667,camera_3,lost_track,84
1415,7075,235.833,camera_6,lost_track,54
1415,7075,235.833,camera_6,lost_track,70
1415,7075,235.833,camera_6,lost_track,71
1417,7085,236.167,camera_5,new_track,141
1418,7090,236.333,camera_6,lost_track,51
1423,7115,237.167,camera_5,new_track,142
1424,7120,237.333,camera_5,new_track,143
1425,7125,237.5,camera_4,removed,43
1425,7125,237.5,camera_6,lost_track,68
1425,7125,237.5,camera_7,removed,30
1427,7135,237.833,camera_1,new_track,49
1427,7135,237.833,camera_3,new_track,85
1427,7135,237.833,camera_5,lost_track,141
1427,7135,237.833,camera_6,lost_track,47
1428,7140,238.0,camera_5,removed,132
1429,7145,238.167,camera_5,new_track,144
1429,7145,238.167,camera_5,removed,140
1430,7150,238.333,camera_1,new_track,50
1430,7150,238.333,camera_2,removed,61
1430,7150,238.333,camera_3,removed,83
1430,7150,238.333,camera_4,new_track,47
1431,7155,238.5,camera_1,lost_track,49
1431,7155,238.5,camera_3,removed,81
1432,7160,238.667,camera_3,lost_track,85
1433,7165,238.833,camera_2,removed,62
1433,7165,238.833,camera_7,new_track,38
1434,7170,239.0,camera_3,lost_track,79
1434,7170,239.0,camera_6,lost_track,65
1434,7170,239.0,camera_7,removed,35
1437,7185,239.5,camera_5,lost_track,139
1437,7185,239.5,camera_6,removed,69
1437,7185,239.5,camera_7,removed,28
1438,7190,239.667,camera_3,lost_track,77
1438,7190,239.667,camera_5,reacquired,139
1438,7190,239.667,camera_5,lost_track,142
1438,7190,239.667,camera_7,lost_track,33
1439,7195,239.833,camera_5,new_track,145
1440,7200,240.0,camera_5,new_track,146
1440,7200,240.0,camera_6,removed,67
1441,7205,240.167,camera_3,lost_track,71
1441,7205,240.167,camera_4,removed,46
1442,7210,240.333,camera_1,lost_track,50
1442,7210,240.333,camera_6,removed,66
1442,7210,240.333,camera_7,removed,36
1443,7215,240.5,camera_1,lost_track,32
1443,7215,240.5,camera_4,removed,45
1444,7220,240.667,camera_2,new_track,63
1444,7220,240.667,camera_2,lost_track,58
1444,7220,240.667,camera_3,removed,84
1444,7220,240.667,camera_5,new_track,147
1445,7225,240.833,camera_6,removed,54
1445,7225,240.833,camera_6,removed,70
1445,7225,240.833,camera_6,removed,71
1446,7230,241.0,camera_5,new_track,148
1447,7235,241.167,camera_4,lost_track,44
1447,7235,241.167,camera_5,new_track,149
1448,7240,241.333,camera_6,removed,51
1449,7245,241.5,camera_2,lost_track,63
1449,7245,241.5,camera_5,new_track,150
1450,7250,241.667,camera_2,new_track,64
1451,7255,241.833,camera_7,reacquired,33
1453,7265,242.167,camera_2,new_track,65
1453,7265,242.167,camera_4,reacquired,44
1453,7265,242.167,camera_4,lost_track,47
1453,7265,242.167,camera_7,lost_track,33
1453,7265,242.167,camera_7,lost_track,34
1454,7270,242.333,camera_7,reacquired,33
1455,7275,242.5,camera_6,removed,68
1455,7275,242.5,camera_7,lost_track,38
1456,7280,242.667,camera_7,new_track,39
1457,7285,242.833,camera_5,removed,141
1457,7285,242.833,camera_6,removed,47
1460,7300,243.333,camera_5,lost_track,145
1461,7305,243.5,camera_1,removed,49
1461,7305,243.5,camera_5,new_track,151
1462,7310,243.667,camera_2,lost_track,64
1462,7310,243.667,camera_3,removed,85
1463,7315,243.833,camera_4,new_track,48
1463,7315,243.833,camera_5,lost_track,146
1464,7320,244.0,camera_3,new_track,86
1464,7320,244.0,camera_3,removed,79
1464,7320,244.0,camera_5,reacquired,145
1464,7320,244.0,camera_6,removed,65
1465,7325,244.167,camera_5,reacquired,146
1465,7325,244.167,camera_5,lost_track,145
1466,7330,244.333,camera_5,new_track,152
1467,7335,244.5,camera_5,new_track,153
1467,7335,244.5,camera_5,lost_track,151
1468,7340,244.667,camera_3,removed,77
1468,7340,244.667,camera_5,reacquired,145
1468,7340,244.667,camera_5,lost_track,147
1468,7340,244.667,camera_5,removed,142
1469,7345,244.833,camera_4,new_track,49
1470,7350,245.0,camera_6,new_track,72
1471,7355,245.167,camera_3,removed,71
1471,7355,245.167,camera_6,new_track,73
1471,7355,245.167,camera_7,lost_track,37
1472,7360,245.333,camera_1,removed,50
1472,7360,245.333,camera_2,lost_track,65
1473,7365,245.5,camera_1,removed,32
1473,7365,245.5,camera_5,new_track,154
1473,7365,245.5,camera_5,lost_track,139
1474,7370,245.667,camera_2,lost_track,54
1474,7370,245.667,camera_2,removed,58
1474,7370,245.667,camera_4,lost_track,49
1474,7370,245.667,camera_5,new_track,155
1474,7370,245.667,camera_5,new_track,156
1474,7370,245.667,camera_5,lost_track,152
1474,7370,245.667,camera_6,lost_track,73
1475,7375,245.833,camera_5,lost_track,154
1476,7380,246.0,camera_5,lost_track,149
1478,7390,246.333,camera_5,reacquired,147
1478,7390,246.333,camera_5,lost_track,156
1479,7395,246.5,camera_2,removed,63
1479,7395,246.5,camera_3,lost_track,86
1479,7395,246.5,camera_4,new_track,50
1479,7395,246.5,camera_5,lost_track,143
1479,7395,246.5,camera_5,lost_track,147
1480,7400,246.667,camera_6,new_track,74
1481,7405,246.833,camera_5,new_track,157
1481,7405,246.833,camera_5,reacquired,149
1481,7405,246.833,camera_7,lost_track,33
1482,7410,247.0,camera_6,reacquired,73
1483,7415,247.167,camera_4,removed,47
1483,7415,247.167,camera_5,lost_track,149
1483,7415,247.167,camera_7,removed,34
1484,7420,247.333,camera_4,lost_track,50
1484,7420,247.333,camera_5,new_track,158
1484,7420,247.333,camera_5,new_track,159
1485,7425,247.5,camera_6,lost_track,73
1485,7425,247.5,camera_7,removed,38
1486,7430,247.667,camera_3,new_track,87
1487,7435,247.833,camera_5,lost_track,145
1488,7440,248.0,camera_5,reacquired,149
1488,7440,248.0,camera_5,lost_track,155
1488,7440,248.0,camera_5,lost_track,159
1489,7445,248.167,camera_4,lost_track,48
1490,7450,248.333,camera_5,new_track,160
1491,7455,248.5,camera_4,new_track,51
1492,7460,248.667,camera_2,removed,64
1492,7460,248.667,camera_5,lost_track,149
1492,7460,248.667,camera_6,lost_track,72
1493,7465,248.833,camera_4,lost_track,51
1494,7470,249.0,camera_5,new_track,161
1494,7470,249.0,camera_5,reacquired,149
1495,7475,249.167,camera_5,lost_track,144
1495,7475,249.167,camera_5,lost_track,150
1497,7485,249.5,camera_2,new_track,66
1497,7485,249.5,camera_5,removed,151
1497,7485,249.5,camera_6,new_track,75
1498,7490,249.667,camera_5,new_track,162
1498,7490,249.667,camera_5,lost_track,160
1499,7495,249.833,camera_5,reacquired,160
1499,7495,249.833,camera_5,lost_track,149
1501,7505,250.167,camera_1,new_track,51
1501,7505,250.167,camera_7,removed,37
1502,7510,250.333,camera_2,removed,65
1502,7510,250.333,camera_5,new_track,163
1502,7510,250.333,camera_7,new_track,40
1503,7515,250.5,camera_5,removed,139
1504,7520,250.667,camera_2,removed,54
1504,7520,250.667,camera_4,removed,49
1504,7520,250.667,camera_5,removed,152
1504,7520,250.667,camera_6,reacquired,73
1505,7525,250.833,camera_5,removed,154
1506,7530,251.0,camera_6,new_track,76
1508,7540,251.333,camera_5,removed,156
1509,7545,251.5,camera_3,reacquired,86
1509,7545,251.5,camera_5,new_track,164
1509,7545,251.5,camera_5,lost_track,146
1509,7545,251.5,camera_5,lost_track,157
1509,7545,251.5,camera_5,lost_track,160
1509,7545,251.5,camera_5,removed,143
1509,7545,251.5,camera_5,removed,147
1510,7550,251.667,camera_5,new_track,165
1511,7555,251.833,camera_5,new_track,166
1511,7555,251.833,camera_7,lost_track,40
1511,7555,251.833,camera_7,removed,33
1513,7565,252.167,camera_7,new_track,41
1514,7570,252.333,camera_4,removed,50
1514,7570,252.333,camera_5,new_track,167
1514,7570,252.333,camera_6,new_track,77
1515,7575,252.5,camera_2,new_track,67
1515,7575,252.5,camera_6,lost_track,73
1516,7580,252.667,camera_2,lost_track,66
1517,7585,252.833,camera_5,lost_track,161
1517,7585,252.833,camera_5,removed,145
1517,7585,252.833,camera_7,reacquired,40
1517,7585,252.833,camera_7,lost_track,39
1518,7590,253.0,camera_4,lost_track,44
1518,7590,253.0,camera_5,new_track,168
1518,7590,253.0,camera_5,lost_track,164
1518,7590,253.0,camera_5,removed,155
1518,7590,253.0,camera_5,removed,159
1518,7590,253.0,camera_6,lost_track,75
1518,7590,253.0,camera_7,lost_track,40
1519,7595,253.167,camera_4,removed,48
1519,7595,253.167,camera_5,new_track,169
1520,7600,253.333,camera_2,lost_track,67
1521,7605,253.5,camera_6,new_track,78
1521,7605,253.5,camera_6,lost_track,77
1522,7610,253.667,camera_2,reacquired,67
1522,7610,253.667,camera_5,new_track,170
1522,7610,253.667,camera_5,lost_track,153
1522,7610,253.667,camera_6,new_track,79
1522,7610,253.667,camera_6,lost_track,78
1522,7610,253.667,camera_6,removed,72
1522,7610,253.667,camera_7,reacquired,40
1523,7615,253.833,camera_4,new_track,52
1523,7615,253.833,camera_4,removed,51
1523,7615,253.833,camera_5,reacquired,153
1523,7615,253.833,camera_5,lost_track,170
1523,7615,253.833,camera_6,lost_track,79
1524,7620,254.0,camera_5,reacquired,170
1525,7625,254.167,camera_5,removed,144
1525,7625,254.167,camera_5,removed,150
1525,7625,254.167,camera_7,lost_track,40
1526,7630,254.333,camera_6,lost_track,74
1527,7635,254.5,camera_4,lost_track,52
1527,7635,254.5,camera_5,lost_track,169
1528,7640,254.667,camera_5,new_track,171
1528,7640,254.667,camera_5,lost_track,162
1529,7645,254.833,camera_2,lost_track,67
1529,7645,254.833,camera_5,reacquired,169
1529,7645,254.833,camera_5,lost_track,170
1529,7645,254.833,camera_5,lost_track,171
1529,7645,254.833,camera_5,removed,149
1530,7650,255.0,camera_6,new_track,80
1530,7650,255.0,camera_6,reacquired,74
1531,7655,255.167,camera_6,new_track,81
1532,7660,255.333,camera_6,new_track,82
1533,7665,255.5,camera_4,new_track,53
1533,7665,255.5,camera_6,new_track,83
1533,7665,255.5,camera_6,reacquired,73
1533,7665,255.5,camera_6,lost_track,82
1533,7665,255.5,camera_7,reacquired,40
1534,7670,255.667,camera_6,lost_track,76
1535,7675,255.833,camera_7,lost_track,40
1536,7680,256.0,camera_5,reacquired,164
1536,7680,256.0,camera_5,reacquired,170
1536,7680,256.0,camera_5,lost_track,148
1536,7680,256.0,camera_5,lost_track,165
1536,7680,256.0,camera_6,reacquired,82
1536,7680,256.0,camera_6,lost_track,83
1537,7685,256.167,camera_5,lost_track,168
1537,7685,256.167,camera_6,reacquired,83
1537,7685,256.167,camera_7,reacquired,40
1539,7695,256.5,camera_5,lost_track,153
1539,7695,256.5,camera_5,removed,146
1539,7695,256.5,camera_5,removed,157
1539,7695,256.5,camera_5,removed,160
1539,7695,256.5,camera_7,new_track,42
1540,7700,256.667,camera_5,new_track,172
1540,7700,256.667,camera_5,lost_track,158
1540,7700,256.667,camera_5,lost_track,167
1540,7700,256.667,camera_5,lost_track,169
1541,7705,256.833,camera_3,lost_track,86
1541,7705,256.833,camera_5,reacquired,158
1542,7710,257.0,camera_6,lost_track,80
1542,7710,257.0,camera_7,lost_track,42
1545,7725,257.5,camera_4,new_track,54
1545,7725,257.5,camera_5,new_track,173
1545,7725,257.5,camera_7,new_track,43
1546,7730,257.667,camera_2,removed,66
1547,7735,257.833,camera_2,new_track,68
1547,7735,257.833,camera_5,lost_track,170
1547,7735,257.833,camera_5,removed,161
1547,7735,257.833,camera_6,reacquired,76
1547,7735,257.833,camera_6,lost_track,82
1547,7735,257.833,camera_7,lost_track,40
1547,7735,257.833,camera_7,removed,39
1548,7740,258.0,camera_4,removed,44
1548,7740,258.0,camera_6,lost_track,83
1548,7740,258.0,camera_6,removed,75
1549,7745,258.167,camera_5,lost_track,164
1549,7745,258.167,camera_6,new_track,84
1550,7750,258.333,camera_6,lost_track,81
1551,7755,258.5,camera_1,new_track,52
1551,7755,258.5,camera_6,reacquired,81
1551,7755,258.5,camera_6,lost_track,73
1551,7755,258.5,camera_6,removed,77
1552,7760,258.667,camera_6,new_track,85
1552,7760,258.667,camera_6,lost_track,81
1552,7760,258.667,camera_6,removed,78
1553,7765,258.833,camera_1,lost_track,51
1553,7765,258.833,camera_6,reacquired,81
1553,7765,258.833,camera_6,lost_track,84
1553,7765,258.833,camera_6,removed,79
1554,7770,259.0,camera_5,new_track,174
1554,7770,259.0,camera_5,new_track,175
1554,7770,259.0,camera_6,new_track,86
1554,7770,259.0,camera_7,reacquired,40
1555,7775,259.167,camera_3,new_track,88
1555,7775,259.167,camera_6,lost_track,81
1556,7780,259.333,camera_5,lost_track,175
1557,7785,259.5,camera_4,lost_track,54
1557,7785,259.5,camera_4,removed,52
1557,7785,259.5,camera_5,reacquired,175
1558,7790,259.667,camera_3,lost_track,88
1558,7790,259.667,camera_5,removed,162
1558,7790,259.667,camera_6,lost_track,86
1559,7795,259.833,camera_2,removed,67
1559,7795,259.833,camera_5,removed,171
1560,7800,260.0,camera_2,new_track,69
1562,7810,260.333,camera_3,reacquired,88
1562,7810,260.333,camera_6,reacquired,83
1563,7815,260.5,camera_1,lost_track,52
1563,7815,260.5,camera_4,lost_track,53
1564,7820,260.667,camera_6,lost_track,74
1565,7825,260.833,camera_5,reacquired,164
1565,7825,260.833,camera_6,lost_track,76
1566,7830,261.0,camera_1,new_track,53
1566,7830,261.0,camera_5,lost_track,175
1566,7830,261.0,camera_5,removed,148
1566,7830,261.0,camera_5,removed,165
1567,7835,261.167,camera_5,new_track,176
1567,7835,261.167,camera_5,reacquired,170
1567,7835,261.167,camera_5,lost_track,173
1567,7835,261.167,camera_5,removed,168
1568,7840,261.333,camera_2,lost_track,68
1568,7840,261.333,camera_5,reacquired,175
1569,7845,261.5,camera_5,lost_track,170
1569,7845,261.5,camera_5,removed,153
1570,7850,261.667,camera_5,removed,167
1570,7850,261.667,camera_5,removed,169
1571,7855,261.833,camera_3,removed,86
1572,7860,262.0,camera_6,removed,80
1572,7860,262.0,camera_7,removed,42
1573,7865,262.167,camera_3,lost_track,88
1574,7870,262.333,camera_1,lost_track,53
1574,7870,262.333,camera_5,lost_track,158
1575,7875,262.5,camera_5,reacquired,158
1576,7880,262.667,camera_5,lost_track,163
1576,7880,262.667,camera_6,new_track,87
1577,7885,262.833,camera_5,lost_track,166
1577,7885,262.833,camera_6,removed,82
1578,7890,263.0,camera_6,lost_track,83
1579,7895,263.167,camera_5,new_track,177
1579,7895,263.167,camera_5,lost_track,164
1580,7900,263.333,camera_5,reacquired,173
1581,7905,263.5,camera_3,new_track,89
1581,7905,263.5,camera_6,removed,73
1583,7915,263.833,camera_1,removed,51
1583,7915,263.833,camera_6,removed,84
1583,7915,263.833,camera_7,new_track,44
1585,7925,264.167,camera_5,lost_track,158
1585,7925,264.167,camera_5,lost_track,177
1585,7925,264.167,camera_6,removed,81
1585,7925,264.167,camera_7,lost_track,44
1586,7930,264.333,camera_5,lost_track,174
1587,7935,264.5,camera_4,removed,54
1587,7935,264.5,camera_5,new_track,178
1587,7935,264.5,camera_5,reacquired,174
1588,7940,264.667,camera_5,reacquired,166
1588,7940,264.667,camera_6,removed,86
1589,7945,264.833,camera_5,lost_track,166
1589,7945,264.833,camera_6,new_track,88
1589,7945,264.833,camera_6,new_track,89
1590,7950,265.0,camera_5,new_track,179
1591,7955,265.167,camera_3,new_track,90
1591,7955,265.167,camera_5,lost_track,174
1591,7955,265.167,camera_5,lost_track,178
1592,7960,265.333,camera_4,new_track,55
1592,7960,265.333,camera_5,reacquired,166
1593,7965,265.5,camera_1,removed,52
1593,7965,265.5,camera_4,removed,53
1594,7970,265.667,camera_6,removed,74
1595,7975,265.833,camera_4,new_track,56
1595,7975,265.833,camera_5,lost_track,166
1595,7975,265.833,camera_6,removed,76
1596,7980,266.0,camera_3,lost_track,89
1598,7990,266.333,camera_2,removed,68
1598,7990,266.333,camera_4,lost_track,56
1598,7990,266.333,camera_5,new_track,180
1598,7990,266.333,camera_5,new_track,181
1599,7995,266.5,camera_5,removed,170
1600,8000,266.667,camera_5,lost_track,180
1600,8000,266.667,camera_7,new_track,45
1601,8005,266.833,camera_5,new_track,182
1601,8005,266.833,camera_5,reacquired,180
1602,8010,267.0,camera_2,new_track,70
1603,8015,267.167,camera_1,new_track,54
1603,8015,267.167,camera_3,removed,88
1603,8015,267.167,camera_6,new_track,90
1604,8020,267.333,camera_1,removed,53
1604,8020,267.333,camera_5,new_track,183
1606,8030,267.667,camera_5,removed,163
1607,8035,267.833,camera_7,lost_track,45
1608,8040,268.0,camera_6,removed,83
1608,8040,268.0,camera_7,lost_track,43
1609,8045,268.167,camera_5,new_track,184
1609,8045,268.167,camera_5,lost_track,173
1609,8045,268.167,camera_5,removed,164
1610,8050,268.333,camera_2,lost_track,69
1610,8050,268.333,camera_5,lost_track,184
1610,8050,268.333,camera_7,new_track,46
1612,8060,268.667,camera_5,lost_track,175
1613,8065,268.833,camera_4,lost_track,55
1613,8065,268.833,camera_6,lost_track,85
1613,8065,268.833,camera_7,reacquired,43
1614,8070,269.0,camera_5,reacquired,175
1615,8075,269.167,camera_5,removed,158
1615,8075,269.167,camera_5,removed,177
1615,8075,269.167,camera_7,removed,44
1616,8080,269.333,camera_4,new_track,57
1616,8080,269.333,camera_5,lost_track,176
1616,8080,269.333,camera_5,lost_track,180
1617,8085,269.5,camera_2,new_track,71
1617,8085,269.5,camera_5,reacquired,176
1618,8090,269.667,camera_3,new_track,91
1619,8095,269.833,camera_6,lost_track,87
1620,8100,270.0,camera_4,lost_track,57
1620,8100,270.0,camera_6,reacquired,87
1620,8100,270.0,camera_7,new_track,47
1621,8105,270.167,camera_5,new_track,185
1621,8105,270.167,camera_5,reacquired,180
1621,8105,270.167,camera_5,removed,174
1621,8105,270.167,camera_5,removed,178
1621,8105,270.167,camera_6,new_track,91
1622,8110,270.333,camera_2,lost_track,71
1622,8110,270.333,camera_7,lost_track,46
1623,8115,270.5,camera_2,lost_track,70
1623,8115,270.5,camera_6,new_track,92
1623,8115,270.5,camera_7,reacquired,46
1624,8120,270.667,camera_2,new_track,72
1624,8120,270.667,camera_6,lost_track,87
1624,8120,270.667,camera_6,lost_track,88
1625,8125,270.833,camera_5,removed,166
1625,8125,270.833,camera_6,new_track,93
1625,8125,270.833,camera_6,lost_track,91
1626,8130,271.0,camera_3,removed,89
1626,8130,271.0,camera_4,new_track,58
1627,8135,271.167,camera_5,lost_track,180
1627,8135,271.167,camera_6,lost_track,89
1628,8140,271.333,camera_2,new_track,73
1628,8140,271.333,camera_2,lost_track,72
1628,8140,271.333,camera_4,removed,56
1628,8140,271.333,camera_6,reacquired,91
1628,8140,271.333,camera_7,lost_track,47
1629,8145,271.5,camera_3,lost_track,91
1629,8145,271.5,camera_6,reacquired,87
1633,8165,272.167,camera_3,lost_track,90
1633,8165,272.167,camera_6,lost_track,93
1634,8170,272.333,camera_5,new_track,186
1634,8170,272.333,camera_6,new_track,94
1634,8170,272.333,camera_6,lost_track,87
1634,8170,272.333,camera_7,lost_track,40
1635,8175,272.5,camera_5,lost_track,172
1635,8175,272.5,camera_6,lost_track,94
1635,8175,272.5,camera_7,reacquired,40
1636,8180,272.667,camera_6,new_track,95
1637,8185,272.833,camera_7,new_track,48
1637,8185,272.833,camera_7,removed,45
1638,8190,273.0,camera_6,reacquired,93
1638,8190,273.0,camera_7,lost_track,48
1639,8195,273.167,camera_5,reacquired,172
1639,8195,273.167,camera_5,lost_track,176
1639,8195,273.167,camera_5,removed,173
1640,8200,273.333,camera_2,removed,69
1640,8200,273.333,camera_5,lost_track,172
1640,8200,273.333,camera_5,removed,184
1640,8200,273.333,camera_7,lost_track,40
1641,8205,273.5,camera_4,lost_track,58
1641,8205,273.5,camera_5,reacquired,180
1641,8205,273.5,camera_6,lost_track,90
1641,8205,273.5,camera_7,lost_track,46
1642,8210,273.667,camera_1,lost_track,54
1642,8210,273.667,camera_5,new_track,187
1642,8210,273.667,camera_5,lost_track,175
1643,8215,273.833,camera_4,removed,55
1643,8215,273.833,camera_5,lost_track,181
1643,8215,273.833,camera_6,new_track,96
1643,8215,273.833,camera_6,removed,85
1644,8220,274.0,camera_2,new_track,74
1645,8225,274.167,camera_7,reacquired,40
1646,8230,274.333,camera_7,reacquired,48
1647,8235,274.5,camera_2,lost_track,74
1648,8240,274.667,camera_2,lost_track,73
1648,8240,274.667,camera_5,lost_track,180
1648,8240,274.667,camera_7,new_track,49
1649,8245,274.833,camera_7,reacquired,47
1650,8250,275.0,camera_4,new_track,59
1650,8250,275.0,camera_4,removed,57
1650,8250,275.0,camera_7,lost_track,49
1651,8255,275.167,camera_5,lost_track,182
1651,8255,275.167,camera_6,new_track,97
1652,8260,275.333,camera_2,removed,71
1652,8260,275.333,camera_3,lost_track,87
1652,8260,275.333,camera_6,lost_track,91
1652,8260,275.333,camera_7,lost_track,41
1653,8265,275.5,camera_2,removed,70
1653,8265,275.5,camera_6,new_track,98
1653,8265,275.5,camera_6,reacquired,90
1653,8265,275.5,camera_7,new_track,50
1654,8270,275.667,camera_6,lost_track,98
1654,8270,275.667,camera_6,removed,88
1654,8270,275.667,camera_7,lost_track,50
1655,8275,275.833,camera_5,new_track,188
1655,8275,275.833,camera_5,lost_track,179
1655,8275,275.833,camera_5,lost_track,185
1657,8285,276.167,camera_5,lost_track,186
1657,8285,276.167,camera_6,new_track,99
1657,8285,276.167,camera_6,removed,89
1657,8285,276.167,camera_7,new_track,51
1657,8285,276.167,camera_7,new_track,52
1657,8285,276.167,camera_7,lost_track,40
1657,8285,276.167,camera_7,lost_track,47
1658,8290,276.333,camera_2,removed,72
1658,8290,276.333,camera_4,new_track,60
1658,8290,276.333,camera_7,reacquired,47
1659,8295,276.5,camera_3,removed,91
1659,8295,276.5,camera_7,lost_track,47
1659,8295,276.5,camera_7,lost_track,52
1661,8305,276.833,camera_4,new_track,61
1661,8305,276.833,camera_5,lost_track,188
1661,8305,276.833,camera_6,new_track,100
1661,8305,276.833,camera_6,new_track,101
1661,8305,276.833,camera_6,lost_track,92
1662,8310,277.0,camera_5,new_track,189
1662,8310,277.0,camera_5,reacquired,188
1662,8310,277.0,camera_6,new_track,102
1662,8310,277.0,camera_6,lost_track,101
1663,8315,277.167,camera_3,removed,90
1663,8315,277.167,camera_6,lost_track,99
1663,8315,277.167,camera_7,reacquired,47
1664,8320,277.333,camera_5,lost_track,189
1664,8320,277.333,camera_6,removed,87
1665,8325,277.5,camera_5,lost_track,187
1665,8325,277.5,camera_6,new_track,103
1665,8325,277.5,camera_6,removed,94
1666,8330,277.667,camera_5,reacquired,189
1666,8330,277.667,camera_5,lost_track,188
1666,8330,277.667,camera_6,reacquired,91
1666,8330,277.667,camera_6,lost_track,93
1666,8330,277.667,camera_6,lost_track,102
1666,8330,277.667,camera_7,reacquired,40
1666,8330,277.667,camera_7,lost_track,48
1667,8335,277.833,camera_7,lost_track,40
1667,8335,277.833,camera_7,lost_track,47
1669,8345,278.167,camera_5,removed,176
1669,8345,278.167,camera_7,reacquired,48
1670,8350,278.333,camera_5,lost_track,183
1670,8350,278.333,camera_5,removed,172
1670,8350,278.333,camera_6,reacquired,102
1670,8350,278.333,camera_6,lost_track,90
1671,8355,278.5,camera_4,removed,58
1671,8355,278.5,camera_7,removed,46
1672,8360,278.667,camera_1,removed,54
1672,8360,278.667,camera_5,removed,175
1673,8365,278.833,camera_5,removed,181
1673,8365,278.833,camera_6,reacquired,101
1675,8375,279.167,camera_6,new_track,104
1676,8380,279.333,camera_6,new_track,105
1676,8380,279.333,camera_6,new_track,106
1677,8385,279.5,camera_2,removed,74
1677,8385,279.5,camera_5,new_track,190
1677,8385,279.5,camera_6,lost_track,104
1677,8385,279.5,camera_7,reacquired,40
1678,8390,279.667,camera_2,removed,73
1678,8390,279.667,camera_5,removed,180
1678,8390,279.667,camera_7,lost_track,48
1680,8400,280.0,camera_6,lost_track,97
1680,8400,280.0,camera_6,lost_track,100
1680,8400,280.0,camera_7,removed,49
1681,8405,280.167,camera_5,removed,182
1681,8405,280.167,camera_6,lost_track,96
1682,8410,280.333,camera_3,new_track,92
1682,8410,280.333,camera_3,removed,87
1682,8410,280.333,camera_7,removed,41
1684,8420,280.667,camera_3,new_track,93
1684,8420,280.667,camera_5,reacquired,188
1684,8420,280.667,camera_6,lost_track,102
1684,8420,280.667,camera_6,removed,98
1684,8420,280.667,camera_7,lost_track,40
1684,8420,280.667,camera_7,removed,50
1685,8425,280.833,camera_2,new_track,75
1685,8425,280.833,camera_5,lost_track,188
1685,8425,280.833,camera_5,removed,179
1685,8425,280.833,camera_5,removed,185
1685,8425,280.833,camera_7,reacquired,40
1686,8430,281.0,camera_4,lost_track,60
1686,8430,281.0,camera_6,lost_track,101
1686,8430,281.0,camera_6,lost_track,106
1687,8435,281.167,camera_3,new_track,94
1687,8435,281.167,camera_5,lost_track,190
1687,8435,281.167,camera_5,removed,186
1687,8435,281.167,camera_6,reacquired,96
1687,8435,281.167,camera_6,reacquired,101
1687,8435,281.167,camera_7,new_track,53
1688,8440,281.333,camera_5,new_track,191
1688,8440,281.333,camera_6,reacquired,106
1689,8445,281.5,camera_6,lost_track,103
1689,8445,281.5,camera_7,removed,52
1690,8450,281.667,camera_1,new_track,55
1690,8450,281.667,camera_5,new_track,192
1690,8450,281.667,camera_7,lost_track,53
1691,8455,281.833,camera_6,removed,92
1692,8460,282.0,camera_6,lost_track,101
1693,8465,282.167,camera_3,new_track,95
1693,8465,282.167,camera_4,lost_track,61
1693,8465,282.167,camera_6,removed,99
1693,8465,282.167,camera_7,reacquired,48
1693,8465,282.167,camera_7,lost_track,40
1694,8470,282.333,camera_6,lost_track,106
1695,8475,282.5,camera_5,new_track,193
1695,8475,282.5,camera_5,removed,187
1695,8475,282.5,camera_6,lost_track,91
1696,8480,282.667,camera_1,new_track,56
1696,8480,282.667,camera_6,removed,93
1697,8485,282.833,camera_1,lost_track,55
1697,8485,282.833,camera_2,lost_track,75
1697,8485,282.833,camera_7,removed,47
1699,8495,283.167,camera_1,lost_track,56
1700,8500,283.333,camera_5,removed,183
1700,8500,283.333,camera_6,removed,90
1702,8510,283.667,camera_2,new_track,76
1702,8510,283.667,camera_4,new_track,62
1703,8515,283.833,camera_5,reacquired,188
1704,8520,284.0,camera_7,reacquired,40
1705,8525,284.167,camera_3,lost_track,92
1705,8525,284.167,camera_5,lost_track,191
1706,8530,284.333,camera_3,lost_track,95
1707,8535,284.5,camera_3,new_track,96
1707,8535,284.5,camera_3,new_track,97
1707,8535,284.5,camera_5,new_track,194
1707,8535,284.5,camera_5,lost_track,188
1707,8535,284.5,camera_5,lost_track,192
1707,8535,284.5,camera_6,removed,104
1708,8540,284.667,camera_5,lost_track,189
1709,8545,284.833,camera_2,new_track,77
1709,8545,284.833,camera_7,lost_track,40
1710,8550,285.0,camera_3,lost_track,97
1710,8550,285.0,camera_4,lost_track,59
1710,8550,285.0,camera_6,lost_track,95
1710,8550,285.0,camera_6,removed,97
1710,8550,285.0,camera_6,removed,100
1711,8555,285.167,camera_3,reacquired,95
1711,8555,285.167,camera_3,lost_track,94
1711,8555,285.167,camera_6,lost_track,96
1713,8565,285.5,camera_2,new_track,78
1713,8565,285.5,camera_3,lost_track,93
1714,8570,285.667,camera_1,new_track,57
1714,8570,285.667,camera_3,new_track,98
1714,8570,285.667,camera_5,reacquired,191
1714,8570,285.667,camera_6,removed,102
1715,8575,285.833,camera_2,lost_track,77
1715,8575,285.833,camera_3,reacquired,93
1715,8575,285.833,camera_3,lost_track,98
1716,8580,286.0,camera_3,reacquired,98
1716,8580,286.0,camera_3,lost_track,93
1716,8580,286.0,camera_4,removed,60
1717,8585,286.167,camera_1,new_track,58
1717,8585,286.167,camera_5,removed,190
1718,8590,286.333,camera_3,reacquired,93
1719,8595,286.5,camera_4,new_track,63
1719,8595,286.5,camera_6,removed,103
1720,8600,286.667,camera_2,lost_track,78
1720,8600,286.667,camera_5,lost_track,191
1720,8600,286.667,camera_7,removed,53
1721,8605,286.833,camera_2,reacquired,78
1722,8610,287.0,camera_3,new_track,99
1722,8610,287.0,camera_3,lost_track,98
1722,8610,287.0,camera_5,new_track,195
1722,8610,287.0,camera_6,removed,101
1723,8615,287.167,camera_4,removed,61
1723,8615,287.167,camera_5,lost_track,193
1724,8620,287.333,camera_6,removed,106
1725,8625,287.5,camera_1,lost_track,58
1725,8625,287.5,camera_2,new_track,79
1725,8625,287.5,camera_6,removed,91
1726,8630,287.667,camera_7,lost_track,48
1727,8635,287.833,camera_1,removed,55
1727,8635,287.833,camera_2,removed,75
1728,8640,288.0,camera_2,lost_track,79
1728,8640,288.0,camera_7,new_track,54
1729,8645,288.167,camera_1,removed,56
1729,8645,288.167,camera_6,new_track,107
1729,8645,288.167,camera_6,lost_track,105
1730,8650,288.333,camera_2,reacquired,79
1730,8650,288.333,camera_2,lost_track,76
1730,8650,288.333,camera_3,lost_track,99
1730,8650,288.333,camera_5,new_track,196
1730,8650,288.333,camera_6,reacquired,95
1731,8655,288.5,camera_3,new_track,100
1731,8655,288.5,camera_5,new_track,197
1731,8655,288.5,camera_7,lost_track,54
1732,8660,288.667,camera_5,lost_track,194
1733,8665,288.833,camera_5,reacquired,194
1734,8670,289.0,camera_6,lost_track,95
1735,8675,289.167,camera_3,new_track,101
1735,8675,289.167,camera_3,removed,92
1735,8675,289.167,camera_5,lost_track,197
1736,8680,289.333,camera_2,lost_track,78
1736,8680,289.333,camera_5,new_track,198
1737,8685,289.5,camera_4,lost_track,63
1737,8685,289.5,camera_5,lost_track,194
1737,8685,289.5,camera_5,removed,188
1737,8685,289.5,camera_5,removed,192
1738,8690,289.667,camera_5,removed,189
1738,8690,289.667,camera_6,new_track,108
1739,8695,289.833,camera_3,reacquired,99
1739,8695,289.833,camera_3,lost_track,100
1739,8695,289.833,camera_6,reacquired,95
1739,8695,289.833,camera_7,removed,40
1740,8700,290.0,camera_2,new_track,80
1740,8700,290.0,camera_3,removed,97
1740,8700,290.0,camera_4,removed,59
1740,8700,290.0,camera_5,new_track,199
1740,8700,290.0,camera_7,lost_track,43
1741,8705,290.167,camera_3,removed,94
1741,8705,290.167,camera_6,removed,96
1742,8710,290.333,camera_4,new_track,64
1742,8710,290.333,camera_5,lost_track,199
1742,8710,290.333,camera_6,lost_track,95
1743,8715,290.5,camera_1,new_track,59
1744,8720,290.667,camera_3,lost_track,96
1744,8720,290.667,camera_5,lost_track,195
1744,8720,290.667,camera_5,lost_track,196
1744,8720,290.667,camera_7,new_track,55
1745,8725,290.833,camera_2,removed,77
1745,8725,290.833,camera_3,reacquired,100
1745,8725,290.833,camera_7,lost_track,51
1746,8730,291.0,camera_6,lost_track,107
1747,8735,291.167,camera_3,lost_track,95
1749,8745,291.5,camera_2,new_track,81
1750,8750,291.667,camera_5,removed,191
1751,8755,291.833,camera_3,new_track,102
1751,8755,291.833,camera_3,reacquired,98
1752,8760,292.0,camera_2,lost_track,81
1752,8760,292.0,camera_4,new_track,65
1753,8765,292.167,camera_3,reacquired,95
1753,8765,292.167,camera_3,lost_track,99
1753,8765,292.167,camera_5,removed,193
1754,8770,292.333,camera_3,lost_track,93
1754,8770,292.333,camera_6,new_track,109
1755,8775,292.5,camera_1,removed,58
1755,8775,292.5,camera_3,reacquired,93
1755,8775,292.5,camera_3,lost_track,100
1755,8775,292.5,camera_4,new_track,66
1755,8775,292.5,camera_5,new_track,200
1756,8780,292.667,camera_7,removed,48
1759,8795,293.167,camera_1,new_track,60
1759,8795,293.167,camera_3,lost_track,93
1759,8795,293.167,camera_4,lost_track,66
1759,8795,293.167,camera_6,removed,105
1760,8800,293.333,camera_2,new_track,82
1760,8800,293.333,camera_2,removed,76
1760,8800,293.333,camera_4,new_track,67
1760,8800,293.333,camera_5,new_track,201
1760,8800,293.333,camera_6,lost_track,108
1761,8805,293.5,camera_2,lost_track,80
1761,8805,293.5,camera_4,lost_track,64
1761,8805,293.5,camera_4,lost_track,67
1761,8805,293.5,camera_7,removed,54
1763,8815,293.833,camera_2,new_track,83
1763,8815,293.833,camera_2,reacquired,80
1763,8815,293.833,camera_3,reacquired,93
1763,8815,293.833,camera_4,new_track,68
1764,8820,294.0,camera_3,lost_track,102
1764,8820,294.0,camera_6,reacquired,95
1765,8825,294.167,camera_3,reacquired,102
1765,8825,294.167,camera_4,reacquired,67
1765,8825,294.167,camera_5,lost_track,200
1765,8825,294.167,camera_5,removed,197
1766,8830,294.333,camera_2,removed,78
1767,8835,294.5,camera_3,lost_track,95
1767,8835,294.5,camera_4,removed,63
1767,8835,294.5,camera_5,removed,194
1768,8840,294.667,camera_3,reacquired,95
1769,8845,294.833,camera_4,new_track,69
1769,8845,294.833,camera_5,new_track,202
1769,8845,294.833,camera_5,reacquired,199
1770,8850,295.0,camera_7,removed,43
1771,8855,295.167,camera_1,lost_track,60
1771,8855,295.167,camera_4,lost_track,67
1772,8860,295.333,camera_4,new_track,70
1773,8865,295.5,camera_2,lost_track,83
1773,8865,295.5,camera_5,new_track,203
1773,8865,295.5,camera_6,lost_track,95
1773,8865,295.5,camera_7,new_track,56
1774,8870,295.667,camera_2,reacquired,83
1774,8870,295.667,camera_2,lost_track,82
1774,8870,295.667,camera_3,new_track,103
1774,8870,295.667,camera_3,lost_track,95
1774,8870,295.667,camera_3,lost_track,102
1774,8870,295.667,camera_3,removed,96
1774,8870,295.667,camera_4,lost_track,69
1774,8870,295.667,camera_5,removed,195
1774,8870,295.667,camera_5,removed,196
1775,8875,295.833,camera_3,reacquired,102
1775,8875,295.833,camera_4,lost_track,65
1775,8875,295.833,camera_5,lost_track,201
1775,8875,295.833,camera_7,removed,51
1776,8880,296.0,camera_2,reacquired,82
1776,8880,296.0,camera_4,reacquired,65
1776,8880,296.0,camera_4,lost_track,68
1776,8880,296.0,camera_6,lost_track,109
1776,8880,296.0,camera_6,removed,107
1777,8885,296.167,camera_2,lost_track,80
1777,8885,296.167,camera_3,new_track,104
1778,8890,296.333,camera_3,lost_track,93
1778,8890,296.333,camera_4,lost_track,62
1779,8895,296.5,camera_3,reacquired,93
1779,8895,296.5,camera_5,new_track,204
1779,8895,296.5,camera_5,new_track,205
1780,8900,296.667,camera_2,new_track,84
1780,8900,296.667,camera_4,reacquired,62
1780,8900,296.667,camera_7,new_track,57
1781,8905,296.833,camera_1,lost_track,59
1781,8905,296.833,camera_5,new_track,206
1782,8910,297.0,camera_2,removed,81
1782,8910,297.0,camera_3,reacquired,100
1782,8910,297.0,camera_4,lost_track,62
1783,8915,297.167,camera_3,lost_track,102
1783,8915,297.167,camera_3,removed,99
1783,8915,297.167,camera_5,lost_track,203
1784,8920,297.333,camera_2,new_track,85
1784,8920,297.333,camera_3,lost_track,103
1785,8925,297.5,camera_3,reacquired,102
1785,8925,297.5,camera_5,lost_track,199
1786,8930,297.667,camera_5,new_track,207
1786,8930,297.667,camera_5,new_track,208
1787,8935,297.833,camera_4,lost_track,65
1788,8940,298.0,camera_2,lost_track,85
1788,8940,298.0,camera_5,new_track,209
1788,8940,298.0,camera_5,lost_track,207
1789,8945,298.167,camera_3,new_track,105
1789,8945,298.167,camera_4,removed,66
1790,8950,298.333,camera_1,new_track,61
1790,8950,298.333,camera_1,reacquired,59
1790,8950,298.333,camera_2,lost_track,84
1790,8950,298.333,camera_3,lost_track,100
1790,8950,298.333,camera_3,lost_track,101
1790,8950,298.333,camera_6,removed,108
1791,8955,298.5,camera_2,new_track,86
1791,8955,298.5,camera_4,removed,64
1791,8955,298.5,camera_5,new_track,210
1791,8955,298.5,camera_5,new_track,211
1792,8960,298.667,camera_3,reacquired,100
1792,8960,298.667,camera_3,lost_track,105
1792,8960,298.667,camera_5,lost_track,206
1793,8965,298.833,camera_2,new_track,87
1793,8965,298.833,camera_5,new_track,212
1793,8965,298.833,camera_5,lost_track,211
1793,8965,298.833,camera_7,lost_track,55
1794,8970,299.0,camera_5,new_track,213
1794,8970,299.0,camera_5,lost_track,210
1795,8975,299.167,camera_3,lost_track,93
1795,8975,299.167,camera_5,lost_track,205
1795,8975,299.167,camera_5,removed,200
1796,8980,299.333,camera_1,lost_track,57
1796,8980,299.333,camera_5,new_track,214
1796,8980,299.333,camera_5,lost_track,213
1797,8985,299.5,camera_1,new_track,62
1797,8985,299.5,camera_3,reacquired,93
1799,8995,299.833,camera_5,lost_track,198
1801,9005,300.167,camera_1,lost_track,59
1801,9005,300.167,camera_1,removed,60
1801,9005,300.167,camera_4,removed,67
1801,9005,300.167,camera_5,new_track,215
1802,9010,300.333,camera_5,reacquired,213
1802,9010,300.333,camera_5,lost_track,202
1803,9015,300.5,camera_4,new_track,71
1803,9015,300.5,camera_6,removed,95
1804,9020,300.667,camera_3,removed,95
1804,9020,300.667,camera_4,removed,69
1805,9025,300.833,camera_4,lost_track,71
1805,9025,300.833,camera_5,new_track,216
1805,9025,300.833,camera_5,removed,201
1806,9030,301.0,camera_1,reacquired,59
1806,9030,301.0,camera_4,removed,68
1806,9030,301.0,camera_6,removed,109
1806,9030,301.0,camera_7,reacquired,55
1806,9030,301.0,camera_7,lost_track,57
1807,9035,301.167,camera_2,removed,80
1808,9040,301.333,camera_7,lost_track,55
1809,9045,301.5,camera_4,lost_track,70
1809,9045,301.5,camera_5,lost_track,213
1809,9045,301.5,camera_7,new_track,58
1810,9050,301.667,camera_3,new_track,106
1810,9050,301.667,camera_5,new_track,217
1811,9055,301.833,camera_5,lost_track,212
1811,9055,301.833,camera_6,new_track,110
1812,9060,302.0,camera_1,lost_track,59
1812,9060,302.0,camera_2,reacquired,84
1812,9060,302.0,camera_4,removed,62
1813,9065,302.167,camera_3,lost_track,106
1813,9065,302.167,camera_5,new_track,218
1813,9065,302.167,camera_5,reacquired,212
1813,9065,302.167,camera_5,removed,203
1814,9070,302.333,camera_3,removed,103
1814,9070,302.333,camera_5,new_track,219
1814,9070,302.333,camera_5,lost_track,204
1815,9075,302.5,camera_5,lost_track,217
1815,9075,302.5,camera_5,removed,199
1816,9080,302.667,camera_1,new_track,63
1817,9085,302.833,camera_1,lost_track,61
1817,9085,302.833,camera_4,removed,65
1817,9085,302.833,camera_5,lost_track,208
1818,9090,303.0,camera_2,removed,85
1818,9090,303.0,camera_5,removed,207
1819,9095,303.167,camera_2,new_track,88
1819,9095,303.167,camera_3,new_track,107
1819,9095,303.167,camera_5,lost_track,219
1820,9100,303.333,camera_3,removed,101
1820,9100,303.333,camera_5,reacquired,204
1820,9100,303.333,camera_5,reacquired,219
1821,9105,303.5,camera_2,lost_track,88
1821,9105,303.5,camera_5,lost_track,209
1821,9105,303.5,camera_5,lost_track,218
1822,9110,303.667,camera_3,removed,105
1822,9110,303.667,camera_4,new_track,72
1822,9110,303.667,camera_5,removed,206
1823,9115,303.833,camera_1,new_track,64
1823,9115,303.833,camera_3,lost_track,93
1823,9115,303.833,camera_5,removed,211
1824,9120,304.0,camera_5,lost_track,204
1824,9120,304.0,camera_5,removed,210
1825,9125,304.167,camera_1,new_track,65
1825,9125,304.167,camera_5,removed,205
1826,9130,304.333,camera_1,removed,57
1826,9130,304.333,camera_5,reacquired,204
1827,9135,304.5,camera_1,reacquired,61
1827,9135,304.5,camera_5,lost_track,212
1827,9135,304.5,camera_5,lost_track,215
1827,9135,304.5,camera_5,lost_track,219
1828,9140,304.667,camera_6,new_track,111
1829,9145,304.833,camera_5,reacquired,219
1829,9145,304.833,camera_5,lost_track,216
1829,9145,304.833,camera_5,removed,198
1830,9150,305.0,camera_6,lost_track,111
1830,9150,305.0,camera_7,new_track,59
1831,9155,305.167,camera_2,reacquired,88
1831,9155,305.167,camera_2,lost_track,79
1831,9155,305.167,camera_2,lost_track,82
1832,9160,305.333,camera_1,lost_track,64
1832,9160,305.333,camera_1,lost_track,65
1832,9160,305.333,camera_5,removed,202
1833,9165,305.5,camera_2,reacquired,79
1833,9165,305.5,camera_5,lost_track,219
1833,9165,305.5,camera_6,lost_track,110
1834,9170,305.667,camera_1,lost_track,61
1834,9170,305.667,camera_2,reacquired,82
1834,9170,305.667,camera_5,reacquired,219
1835,9175,305.833,camera_3,lost_track,102
1835,9175,305.833,camera_4,removed,71
1836,9180,306.0,camera_2,new_track,89
1836,9180,306.0,camera_2,lost_track,87
1836,9180,306.0,camera_3,reacquired,102
1836,9180,306.0,camera_7,removed,57
1837,9185,306.167,camera_1,new_track,66
1837,9185,306.167,camera_2,lost_track,89
1838,9190,306.333,camera_7,removed,55
1839,9195,306.5,camera_2,new_track,90
1839,9195,306.5,camera_4,removed,70
1839,9195,306.5,camera_5,removed,213
1840,9200,306.667,camera_2,lost_track,79
1841,9205,306.833,camera_1,reacquired,64
1841,9205,306.833,camera_2,new_track,91
1841,9205,306.833,camera_2,lost_track,90
1841,9205,306.833,camera_3,new_track,108
1841,9205,306.833,camera_3,new_track,109
1842,9210,307.0,camera_1,removed,59
1842,9210,307.0,camera_2,lost_track,82
1842,9210,307.0,camera_3,lost_track,104
1843,9215,307.167,camera_1,lost_track,63
1843,9215,307.167,camera_3,new_track,110
1843,9215,307.167,camera_3,removed,106
1843,9215,307.167,camera_5,lost_track,219
1844,9220,307.333,camera_3,reacquired,104
1844,9220,307.333,camera_3,lost_track,108
1844,9220,307.333,camera_3,lost_track,110
1845,9225,307.5,camera_1,reacquired,63
1845,9225,307.5,camera_2,reacquired,89
1845,9225,307.5,camera_3,reacquired,110
1845,9225,307.5,camera_4,lost_track,72
1845,9225,307.5,camera_5,removed,217
1846,9230,307.667,camera_5,reacquired,219
1847,9235,307.833,camera_5,removed,208
1848,9240,308.0,camera_1,lost_track,63
1848,9240,308.0,camera_5,lost_track,219
1849,9245,308.167,camera_2,lost_track,89
1851,9255,308.5,camera_3,new_track,111
1851,9255,308.5,camera_5,removed,209
1851,9255,308.5,camera_5,removed,218
1852,9260,308.667,camera_4,new_track,73
1853,9265,308.833,camera_1,lost_track,64
1853,9265,308.833,camera_1,lost_track,66
1853,9265,308.833,camera_3,removed,93
1854,9270,309.0,camera_3,lost_track,110
1855,9275,309.167,camera_3,new_track,112
1856,9280,309.333,camera_5,lost_track,204
1857,9285,309.5,camera_3,lost_track,107
1857,9285,309.5,camera_5,removed,212
1857,9285,309.5,camera_5,removed,215
1858,9290,309.667,camera_3,new_track,113
1859,9295,309.833,camera_3,lost_track,113
1859,9295,309.833,camera_5,removed,216
1860,9300,310.0,camera_6,removed,111
1861,9305,310.167,camera_1,reacquired,64
1862,9310,310.333,camera_1,removed,65
1862,9310,310.333,camera_3,lost_track,109
1862,9310,310.333,camera_6,new_track,112
1863,9315,310.5,camera_1,lost_track,62
1863,9315,310.5,camera_6,removed,110
1864,9320,310.667,camera_1,removed,61
1865,9325,310.833,camera_6,new_track,113
1865,9325,310.833,camera_7,lost_track,56
1866,9330,311.0,camera_2,removed,87
1868,9340,311.333,camera_3,lost_track,112
1868,9340,311.333,camera_4,new_track,74
1870,9350,311.667,camera_2,removed,79
1871,9355,311.833,camera_2,new_track,92
1871,9355,311.833,camera_2,removed,90
1872,9360,312.0,camera_2,removed,82
1874,9370,312.333,camera_3,removed,108
1875,9375,312.5,camera_4,removed,72
1877,9385,312.833,camera_7,new_track,60
1878,9390,313.0,camera_1,removed,63
1878,9390,313.0,camera_5,removed,219
1879,9395,313.167,camera_2,removed,89
1879,9395,313.167,camera_6,lost_track,113
1883,9415,313.833,camera_1,removed,66
1884,9420,314.0,camera_3,removed,110
1884,9420,314.0,camera_7,lost_track,60
1886,9430,314.333,camera_5,removed,204
1887,9435,314.5,camera_3,removed,107
1888,9440,314.667,camera_6,lost_track,112
1889,9445,314.833,camera_3,removed,113
1892,9460,315.333,camera_3,removed,109
1893,9465,315.5,camera_1,removed,62
1895,9475,315.833,camera_7,removed,56
1896,9480,316.0,camera_5,new_track,220
1897,9485,316.167,camera_5,new_track,221
1898,9490,316.333,camera_3,removed,112
1900,9500,316.667,camera_5,new_track,222
1901,9505,316.833,camera_5,new_track,223
1903,9515,317.167,camera_4,lost_track,73
1904,9520,317.333,camera_2,new_track,93
1904,9520,317.333,camera_4,reacquired,73
1905,9525,317.5,camera_7,lost_track,59
1907,9535,317.833,camera_7,reacquired,59
1909,9545,318.167,camera_6,removed,113
1911,9555,318.5,camera_4,lost_track,73
1912,9560,318.667,camera_4,new_track,75
1912,9560,318.667,camera_5,lost_track,223
1913,9565,318.833,camera_2,new_track,94
1913,9565,318.833,camera_5,new_track,224
1914,9570,319.0,camera_7,removed,60
1915,9575,319.167,camera_1,lost_track,64
1916,9580,319.333,camera_5,new_track,225
1916,9580,319.333,camera_5,reacquired,223
1917,9585,319.5,camera_1,new_track,67
1917,9585,319.5,camera_1,reacquired,64
1917,9585,319.5,camera_2,lost_track,94
1917,9585,319.5,camera_3,new_track,114
1917,9585,319.5,camera_4,lost_track,75
1917,9585,319.5,camera_5,new_track,226
1918,9590,319.667,camera_6,removed,112
1921,9605,320.167,camera_5,new_track,227
1921,9605,320.167,camera_5,lost_track,225
1922,9610,320.333,camera_5,reacquired,225
1923,9615,320.5,camera_3,new_track,115
1923,9615,320.5,camera_4,new_track,76
1924,9620,320.667,camera_1,lost_track,67
1924,9620,320.667,camera_2,new_track,95
1924,9620,320.667,camera_5,lost_track,224
1924,9620,320.667,camera_5,lost_track,226
1926,9630,321.0,camera_5,lost_track,222
1926,9630,321.0,camera_5,lost_track,227
1927,9635,321.167,camera_1,new_track,68
1928,9640,321.333,camera_3,lost_track,115
1928,9640,321.333,camera_5,new_track,228
1930,9650,321.667,camera_2,lost_track,83
1930,9650,321.667,camera_4,new_track,77
1931,9655,321.833,camera_2,lost_track,92
1931,9655,321.833,camera_4,lost_track,76
1931,9655,321.833,camera_5,lost_track,214
1931,9655,321.833,camera_5,lost_track,223
1932,9660,322.0,camera_2,new_track,96
1932,9660,322.0,camera_2,new_track,97
1933,9665,322.167,camera_4,reacquired,76
1934,9670,322.333,camera_1,lost_track,64
1934,9670,322.333,camera_2,lost_track,91
1935,9675,322.5,camera_2,reacquired,91
1935,9675,322.5,camera_2,lost_track,97
1936,9680,322.667,camera_3,new_track,116
1936,9680,322.667,camera_3,new_track,117
1937,9685,322.833,camera_2,lost_track,93
1938,9690,323.0,camera_2,reacquired,83
1938,9690,323.0,camera_2,lost_track,95
1939,9695,323.167,camera_5,reacquired,227
1940,9700,323.333,camera_3,lost_track,116
1940,9700,323.333,camera_5,lost_track,225
1941,9705,323.5,camera_2,lost_track,84
1941,9705,323.5,camera_4,removed,73
1941,9705,323.5,camera_5,lost_track,227
1942,9710,323.667,camera_2,reacquired,93
1942,9710,323.667,camera_2,lost_track,96
1942,9710,323.667,camera_5,reacquired,227
1943,9715,323.833,camera_5,lost_track,227
1944,9720,324.0,camera_4,lost_track,74
1946,9730,324.333,camera_5,new_track,229
1947,9735,324.5,camera_2,removed,94
1947,9735,324.5,camera_4,new_track,78
1947,9735,324.5,camera_4,removed,75
1950,9750,325.0,camera_2,lost_track,93
1950,9750,325.0,camera_3,lost_track,104
1950,9750,325.0,camera_5,lost_track,228
1951,9755,325.167,camera_4,new_track,79
1953,9765,325.5,camera_2,reacquired,93
1953,9765,325.5,camera_2,reacquired,96
1953,9765,325.5,camera_3,reacquired,104
1953,9765,325.5,camera_4,lost_track,77
1953,9765,325.5,camera_4,lost_track,78
1954,9770,325.667,camera_1,new_track,69
1954,9770,325.667,camera_1,removed,67
1954,9770,325.667,camera_5,removed,224
1954,9770,325.667,camera_5,removed,226
1955,9775,325.833,camera_3,new_track,118
1956,9780,326.0,camera_1,new_track,70
1956,9780,326.0,camera_2,reacquired,92
1956,9780,326.0,camera_4,lost_track,79
1956,9780,326.0,camera_5,removed,222
1957,9785,326.167,camera_1,lost_track,69
1957,9785,326.167,camera_3,lost_track,102
1958,9790,326.333,camera_1,new_track,71
1958,9790,326.333,camera_2,new_track,98
1958,9790,326.333,camera_3,removed,115
1960,9800,326.667,camera_1,new_track,72
1961,9805,326.833,camera_1,lost_track,70
1961,9805,326.833,camera_2,lost_track,96
1961,9805,326.833,camera_3,lost_track,117
1961,9805,326.833,camera_5,removed,214
1961,9805,326.833,camera_5,removed,223
1962,9810,327.0,camera_2,new_track,99
1962,9810,327.0,camera_2,lost_track,91
1963,9815,327.167,camera_5,new_track,230
1963,9815,327.167,camera_6,new_track,114
1964,9820,327.333,camera_1,removed,64
1964,9820,327.333,camera_3,new_track,119
1964,9820,327.333,camera_3,lost_track,118
1964,9820,327.333,camera_5,lost_track,230
1965,9825,327.5,camera_2,removed,97
1965,9825,327.5,camera_6,new_track,115
1965,9825,327.5,camera_7,lost_track,58
1966,9830,327.667,camera_2,new_track,100
1966,9830,327.667,camera_2,lost_track,99
1966,9830,327.667,camera_5,lost_track,229
1967,9835,327.833,camera_2,lost_track,100
1968,9840,328.0,camera_2,lost_track,88
1968,9840,328.0,camera_2,removed,95
1969,9845,328.167,camera_6,lost_track,115
1970,9850,328.333,camera_3,removed,116
1970,9850,328.333,camera_5,removed,225
1971,9855,328.5,camera_2,removed,84
1973,9865,328.833,camera_5,removed,227
1974,9870,329.0,camera_4,removed,74
1975,9875,329.167,camera_3,lost_track,104
1975,9875,329.167,camera_5,lost_track,220
1976,9880,329.333,camera_3,new_track,120
1978,9890,329.667,camera_2,lost_track,92
1978,9890,329.667,camera_3,new_track,121
1978,9890,329.667,camera_3,new_track,122
1978,9890,329.667,camera_4,new_track,80
1979,9895,329.833,camera_3,lost_track,120
1979,9895,329.833,camera_3,lost_track,121
1980,9900,330.0,camera_5,lost_track,221
1980,9900,330.0,camera_5,removed,228
1982,9910,330.333,camera_1,lost_track,72
1982,9910,330.333,camera_2,lost_track,83
1982,9910,330.333,camera_3,reacquired,121
1982,9910,330.333,camera_3,lost_track,122
1983,9915,330.5,camera_2,lost_track,86
1983,9915,330.5,camera_4,removed,77
1983,9915,330.5,camera_4,removed,78
1983,9915,330.5,camera_6,lost_track,114
1984,9920,330.667,camera_3,reacquired,122
1984,9920,330.667,camera_3,lost_track,121
1985,9925,330.833,camera_3,new_track,123
1985,9925,330.833,camera_3,lost_track,100
1985,9925,330.833,camera_3,lost_track,111
1985,9925,330.833,camera_6,new_track,116
1986,9930,331.0,camera_1,new_track,73
1986,9930,331.0,camera_4,removed,79
1987,9935,331.167,camera_1,removed,69
1987,9935,331.167,camera_3,new_track,124
1987,9935,331.167,camera_3,removed,102
1988,9940,331.333,camera_3,lost_track,122
1988,9940,331.333,camera_3,lost_track,124
1989,9945,331.5,camera_1,reacquired,72
1989,9945,331.5,camera_1,lost_track,73
1989,9945,331.5,camera_4,new_track,81
1990,9950,331.667,camera_1,new_track,74
1991,9955,331.833,camera_1,removed,70
1991,9955,331.833,camera_2,removed,96
1991,9955,331.833,camera_3,new_track,125
1991,9955,331.833,camera_3,removed,117
1992,9960,332.0,camera_2,removed,91
1992,9960,332.0,camera_6,new_track,117
1994,9970,332.333,camera_1,lost_track,71
1994,9970,332.333,camera_3,removed,118
1994,9970,332.333,camera_5,new_track,231
1994,9970,332.333,camera_5,removed,230
1995,9975,332.5,camera_7,removed,58
1996,9980,332.667,camera_2,removed,99
1996,9980,332.667,camera_5,removed,229
1997,9985,332.833,camera_2,removed,100
1998,9990,333.0,camera_2,removed,88
1999,9995,333.167,camera_1,reacquired,71
1999,9995,333.167,camera_3,reacquired,122
1999,9995,333.167,camera_6,removed,115
2000,10000,333.333,camera_4,new_track,82
2000,10000,333.333,camera_7,lost_track,59
2001,10005,333.5,camera_1,lost_track,72
2001,10005,333.5,camera_3,new_track,126
2001,10005,333.5,camera_3,lost_track,114
2001,10005,333.5,camera_3,lost_track,122
2001,10005,333.5,camera_4,lost_track,82
2002,10010,333.667,camera_2,lost_track,93
2003,10015,333.833,camera_4,new_track,83
2003,10015,333.833,camera_5,new_track,232
2003,10015,333.833,camera_6,new_track,118
2004,10020,334.0,camera_1,reacquired,72
2004,10020,334.0,camera_3,lost_track,123
2004,10020,334.0,camera_3,lost_track,125
2005,10025,334.167,camera_1,lost_track,72
2005,10025,334.167,camera_1,lost_track,74
2005,10025,334.167,camera_3,removed,104
2005,10025,334.167,camera_5,removed,220
2006,10030,334.333,camera_2,new_track,101
2006,10030,334.333,camera_3,reacquired,122
2006,10030,334.333,camera_4,lost_track,80
2006,10030,334.333,camera_5,new_track,233
2006,10030,334.333,camera_7,new_track,61
2007,10035,334.5,camera_3,new_track,127
2007,10035,334.5,camera_3,reacquired,123
2007,10035,334.5,camera_3,reacquired,125
2008,10040,334.667,camera_2,removed,92
2008,10040,334.667,camera_3,new_track,128
2008,10040,334.667,camera_3,reacquired,114
2009,10045,334.833,camera_3,lost_track,98
2009,10045,334.833,camera_3,lost_track,126
2009,10045,334.833,camera_3,removed,120
2009,10045,334.833,camera_6,lost_track,116
2010,10050,335.0,camera_3,lost_track,123
2010,10050,335.0,camera_3,lost_track,127
2010,10050,335.0,camera_5,lost_track,231
2010,10050,335.0,camera_5,removed,221
2011,10055,335.167,camera_3,lost_track,114
2012,10060,335.333,camera_2,removed,83
2012,10060,335.333,camera_3,lost_track,125
2013,10065,335.5,camera_2,new_track,102
2013,10065,335.5,camera_2,removed,86
2013,10065,335.5,camera_3,reacquired,125
2013,10065,335.5,camera_6,removed,114
2013,10065,335.5,camera_7,new_track,62
2014,10070,335.667,camera_3,removed,121
2014,10070,335.667,camera_5,lost_track,233
2014,10070,335.667,camera_6,lost_track,118
2015,10075,335.833,camera_3,reacquired,123
2015,10075,335.833,camera_3,lost_track,125
2015,10075,335.833,camera_3,removed,100
2015,10075,335.833,camera_3,removed,111
2016,10080,336.0,camera_1,reacquired,72
2016,10080,336.0,camera_6,lost_track,117
2018,10090,336.333,camera_3,reacquired,125
2018,10090,336.333,camera_3,removed,124
2019,10095,336.5,camera_1,lost_track,72
2019,10095,336.5,camera_1,removed,73
2019,10095,336.5,camera_3,lost_track,125
2021,10105,336.833,camera_2,lost_track,102
2021,10105,336.833,camera_3,reacquired,125
2021,10105,336.833,camera_3,lost_track,123
2021,10105,336.833,camera_4,new_track,84
2021,10105,336.833,camera_5,new_track,234
2022,10110,337.0,camera_3,reacquired,123
2022,10110,337.0,camera_3,lost_track,125
2022,10110,337.0,camera_5,lost_track,234
2023,10115,337.167,camera_2,lost_track,98
2023,10115,337.167,camera_3,new_track,129
2023,10115,337.167,camera_3,reacquired,125
2023,10115,337.167,camera_3,lost_track,123
2025,10125,337.5,camera_4,new_track,85
2028,10140,338.0,camera_3,new_track,130
2028,10140,338.0,camera_4,lost_track,85
2028,10140,338.0,camera_7,lost_track,61
2029,10145,338.167,camera_7,new_track,63
2030,10150,338.333,camera_4,lost_track,84
2030,10150,338.333,camera_7,removed,59
2031,10155,338.5,camera_1,reacquired,74
2031,10155,338.5,camera_4,new_track,86
2031,10155,338.5,camera_4,removed,82
2031,10155,338.5,camera_5,new_track,235
2031,10155,338.5,camera_5,lost_track,232
2032,10160,338.667,camera_1,new_track,75
2032,10160,338.667,camera_2,removed,93
2032,10160,338.667,camera_3,reacquired,123
2032,10160,338.667,camera_4,lost_track,81
2032,10160,338.667,camera_5,reacquired,234
2033,10165,338.833,camera_4,lost_track,83
2034,10170,339.0,camera_1,lost_track,71
2034,10170,339.0,camera_1,lost_track,74
2036,10180,339.333,camera_1,reacquired,71
2036,10180,339.333,camera_4,removed,80
2037,10185,339.5,camera_2,new_track,103
2038,10190,339.667,camera_1,lost_track,71
2038,10190,339.667,camera_4,reacquired,84
2038,10190,339.667,camera_5,lost_track,234
2039,10195,339.833,camera_3,removed,98
2039,10195,339.833,camera_3,removed,126
2039,10195,339.833,camera_6,removed,116
2040,10200,340.0,camera_3,lost_track,130
2040,10200,340.0,camera_3,removed,127
2040,10200,340.0,camera_5,removed,231
2040,10200,340.0,camera_6,new_track,119
2041,10205,340.167,camera_2,new_track,104
2041,10205,340.167,camera_3,reacquired,130
2041,10205,340.167,camera_3,removed,114
2042,10210,340.333,camera_3,lost_track,128
2042,10210,340.333,camera_5,new_track,236
2042,10210,340.333,camera_7,new_track,64
2044,10220,340.667,camera_2,lost_track,101
2044,10220,340.667,camera_5,lost_track,236
2044,10220,340.667,camera_5,removed,233
2044,10220,340.667,camera_6,removed,118
2045,10225,340.833,camera_5,lost_track,235
2046,10230,341.0,camera_6,removed,117
2047,10235,341.167,camera_4,lost_track,84
2049,10245,341.5,camera_1,removed,72
2049,10245,341.5,camera_2,new_track,105
2050,10250,341.667,camera_1,lost_track,68
2050,10250,341.667,camera_3,reacquired,128
2051,10255,341.833,camera_2,removed,102
2052,10260,342.0,camera_1,reacquired,71
2053,10265,342.167,camera_2,removed,98
2053,10265,342.167,camera_6,new_track,120
2054,10270,342.333,camera_3,new_track,131
2056,10280,342.667,camera_3,lost_track,130
2057,10285,342.833,camera_3,lost_track,128
2058,10290,343.0,camera_1,new_track,76
2058,10290,343.0,camera_4,removed,85
2058,10290,343.0,camera_7,removed,61
2059,10295,343.167,camera_6,lost_track,120
2059,10295,343.167,camera_7,new_track,65
2060,10300,343.333,camera_3,lost_track,129
2061,10305,343.5,camera_5,removed,232
2062,10310,343.667,camera_3,reacquired,129
2062,10310,343.667,camera_4,removed,81
2062,10310,343.667,camera_6,lost_track,119
2063,10315,343.833,camera_4,removed,83
2064,10320,344.0,camera_1,removed,74
2064,10320,344.0,camera_3,lost_track,119
2065,10325,344.167,camera_3,reacquired,119
2066,10330,344.333,camera_1,lost_track,76
2067,10335,344.5,camera_1,lost_track,75
2068,10340,344.667,camera_5,removed,234
2071,10355,345.167,camera_3,lost_track,125
2072,10360,345.333,camera_3,lost_track,129
2073,10365,345.5,camera_1,new_track,77
2074,10370,345.667,camera_2,removed,101
2074,10370,345.667,camera_5,removed,236
2075,10375,345.833,camera_1,new_track,78
2075,10375,345.833,camera_3,new_track,132
2075,10375,345.833,camera_5,removed,235
2077,10385,346.167,camera_4,reacquired,84
2078,10390,346.333,camera_1,new_track,79
2078,10390,346.333,camera_1,lost_track,71
2079,10395,346.5,camera_2,new_track,106
2079,10395,346.5,camera_2,lost_track,104
2080,10400,346.667,camera_1,removed,68
2080,10400,346.667,camera_2,lost_track,106
2081,10405,346.833,camera_1,lost_track,78
2081,10405,346.833,camera_2,reacquired,104
2081,10405,346.833,camera_4,lost_track,84
2081,10405,346.833,camera_5,new_track,237
2081,10405,346.833,camera_7,new_track,66
2082,10410,347.0,camera_3,lost_track,123
2083,10415,347.167,camera_7,lost_track,66
2084,10420,347.333,camera_4,reacquired,84
2085,10425,347.5,camera_4,new_track,87
2085,10425,347.5,camera_7,reacquired,66
2085,10425,347.5,camera_7,lost_track,63
2086,10430,347.667,camera_3,removed,130
2087,10435,347.833,camera_3,lost_track,132
2087,10435,347.833,camera_3,removed,128
2088,10440,348.0,camera_5,new_track,238
2089,10445,348.167,camera_1,lost_track,77
2089,10445,348.167,camera_6,removed,120
2090,10450,348.333,camera_3,reacquired,132
2090,10450,348.333,camera_4,lost_track,84
2092,10460,348.667,camera_6,removed,119
2093,10465,348.833,camera_5,lost_track,238
2094,10470,349.0,camera_3,new_track,133
2096,10480,349.333,camera_1,removed,76
2096,10480,349.333,camera_2,lost_track,105
2097,10485,349.5,camera_1,removed,75
2097,10485,349.5,camera_5,new_track,239
2098,10490,349.667,camera_2,new_track,107
2098,10490,349.667,camera_3,lost_track,131
2098,10490,349.667,camera_6,new_track,121
2099,10495,349.833,camera_2,lost_track,104
2099,10495,349.833,camera_5,new_track,240
2100,10500,350.0,camera_3,lost_track,119
2101,10505,350.167,camera_3,reacquired,119
2101,10505,350.167,camera_3,removed,125
2101,10505,350.167,camera_6,new_track,122
2102,10510,350.333,camera_3,removed,129
2103,10515,350.5,camera_2,new_track,108
2104,10520,350.667,camera_5,lost_track,240
2105,10525,350.833,camera_3,lost_track,119
2105,10525,350.833,camera_6,new_track,123
2106,10530,351.0,camera_3,reacquired,119
2107,10535,351.167,camera_7,new_track,67
2107,10535,351.167,camera_7,lost_track,66
2108,10540,351.333,camera_1,removed,71
2109,10545,351.5,camera_5,reacquired,240
2109,10545,351.5,camera_7,lost_track,67
2110,10550,351.667,camera_2,removed,106
2111,10555,351.833,camera_1,removed,78
2112,10560,352.0,camera_3,lost_track,119
2112,10560,352.0,camera_3,removed,123
2112,10560,352.0,camera_5,new_track,241
2112,10560,352.0,camera_7,lost_track,64
2113,10565,352.167,camera_3,reacquired,119
2114,10570,352.333,camera_2,lost_track,108
2115,10575,352.5,camera_5,new_track,242
2115,10575,352.5,camera_7,reacquired,67
2115,10575,352.5,camera_7,lost_track,62
2115,10575,352.5,camera_7,removed,63
2116,10580,352.667,camera_3,lost_track,132
2116,10580,352.667,camera_5,lost_track,240
2116,10580,352.667,camera_7,lost_track,67
2117,10585,352.833,camera_5,reacquired,240
2119,10595,353.167,camera_1,lost_track,79
2119,10595,353.167,camera_1,removed,77
2120,10600,353.333,camera_2,new_track,109
2120,10600,353.333,camera_4,removed,84
2121,10605,353.5,camera_5,lost_track,241
2122,10610,353.667,camera_2,lost_track,103
2122,10610,353.667,camera_5,reacquired,241
2123,10615,353.833,camera_2,lost_track,109
2123,10615,353.833,camera_5,lost_track,237
2123,10615,353.833,camera_5,removed,238
2124,10620,354.0,camera_5,lost_track,240
2125,10625,354.167,camera_2,reacquired,109
2125,10625,354.167,camera_3,lost_track,119
2125,10625,354.167,camera_5,reacquired,237
2125,10625,354.167,camera_6,new_track,124
2126,10630,354.333,camera_2,removed,105
2126,10630,354.333,camera_5,reacquired,240
2126,10630,354.333,camera_7,reacquired,64
2127,10635,354.5,camera_5,lost_track,237
2128,10640,354.667,camera_3,removed,131
2128,10640,354.667,camera_5,reacquired,237
2129,10645,354.833,camera_2,removed,104
2130,10650,355.0,camera_5,new_track,243
2131,10655,355.167,camera_5,lost_track,240
2132,10660,355.333,camera_2,lost_track,107
2133,10665,355.5,camera_5,lost_track,243
2135,10675,355.833,camera_5,reacquired,240
2137,10685,356.167,camera_6,lost_track,124
2137,10685,356.167,camera_7,removed,66
2139,10695,356.5,camera_5,lost_track,239
2140,10700,356.667,camera_5,lost_track,240
2142,10710,357.0,camera_2,lost_track,109
2142,10710,357.0,camera_5,reacquired,239
2142,10710,357.0,camera_5,lost_track,242
2143,10715,357.167,camera_5,lost_track,239
2144,10720,357.333,camera_2,removed,108
2145,10725,357.5,camera_7,removed,62
2146,10730,357.667,camera_3,removed,132
2146,10730,357.667,camera_7,removed,67
2149,10745,358.167,camera_1,removed,79
2149,10745,358.167,camera_6,reacquired,124
2151,10755,358.5,camera_6,new_track,125
2152,10760,358.667,camera_2,removed,103
2152,10760,358.667,camera_5,lost_track,241
2153,10765,358.833,camera_6,new_track,126
2154,10770,359.0,camera_6,new_track,127
2155,10775,359.167,camera_3,removed,119
2156,10780,359.333,camera_6,new_track,128
2159,10795,359.833,camera_1,new_track,80
2159,10795,359.833,camera_5,lost_track,237
2160,10800,360.0,camera_6,lost_track,124
2161,10805,360.167,camera_1,lost_track,80
2162,10810,360.333,camera_2,removed,107
2162,10810,360.333,camera_6,lost_track,122
2163,10815,360.5,camera_5,removed,243
2163,10815,360.5,camera_6,new_track,129
2163,10815,360.5,camera_6,reacquired,122
2163,10815,360.5,camera_6,lost_track,127
2163,10815,360.5,camera_6,lost_track,128
2165,10825,360.833,camera_6,reacquired,127
2165,10825,360.833,camera_7,new_track,68
2165,10825,360.833,camera_7,new_track,69
2166,10830,361.0,camera_7,lost_track,64
2168,10840,361.333,camera_6,lost_track,122
2169,10845,361.5,camera_7,lost_track,69
2170,10850,361.667,camera_5,removed,240
2170,10850,361.667,camera_6,new_track,130
2170,10850,361.667,camera_7,new_track,70
2170,10850,361.667,camera_7,reacquired,69
2170,10850,361.667,camera_7,lost_track,68
2171,10855,361.833,camera_6,reacquired,122
2171,10855,361.833,camera_6,lost_track,127
2171,10855,361.833,camera_7,reacquired,68
2171,10855,361.833,camera_7,lost_track,65
2172,10860,362.0,camera_2,removed,109
2172,10860,362.0,camera_5,removed,242
2172,10860,362.0,camera_7,reacquired,65
2173,10865,362.167,camera_5,removed,239
2173,10865,362.167,camera_6,lost_track,126
2173,10865,362.167,camera_7,lost_track,65
2174,10870,362.333,camera_7,reacquired,65
2175,10875,362.5,camera_2,new_track,110
2175,10875,362.5,camera_7,lost_track,65
2176,10880,362.667,camera_6,lost_track,122
2177,10885,362.833,camera_7,reacquired,65
2177,10885,362.833,camera_7,lost_track,70
2178,10890,363.0,camera_3,new_track,134
2180,10900,363.333,camera_6,new_track,131
2180,10900,363.333,camera_6,lost_track,125
2181,10905,363.5,camera_1,new_track,81
2181,10905,363.5,camera_4,lost_track,87
2181,10905,363.5,camera_6,reacquired,122
2181,10905,363.5,camera_6,lost_track,129
2182,10910,363.667,camera_5,removed,241
2184,10920,364.0,camera_7,new_track,71
2184,10920,364.0,camera_7,reacquired,70
2188,10940,364.667,camera_6,lost_track,131
2189,10945,364.833,camera_5,removed,237
2189,10945,364.833,camera_7,new_track,72
2190,10950,365.0,camera_3,lost_track,134
2190,10950,365.0,camera_6,lost_track,122
2190,10950,365.0,camera_6,removed,124
2191,10955,365.167,camera_1,removed,80
2191,10955,365.167,camera_3,reacquired,134
2193,10965,365.5,camera_6,lost_track,130
2193,10965,365.5,camera_6,removed,128
2194,10970,365.667,camera_3,lost_track,133
2194,10970,365.667,camera_7,lost_track,65
2195,10975,365.833,camera_7,reacquired,65
2196,10980,366.0,camera_7,removed,64
2197,10985,366.167,camera_6,lost_track,121
2198,10990,366.333,camera_7,lost_track,65
2199,10995,366.5,camera_7,new_track,73
2200,11000,366.667,camera_1,lost_track,81
2200,11000,366.667,camera_5,new_track,244
2201,11005,366.833,camera_6,removed,127
2202,11010,367.0,camera_5,new_track,245
2203,11015,367.167,camera_6,removed,126
2204,11020,367.333,camera_5,lost_track,245
2204,11020,367.333,camera_7,reacquired,65
2205,11025,367.5,camera_6,lost_track,123
2207,11035,367.833,camera_5,new_track,246
2207,11035,367.833,camera_7,lost_track,71
2209,11045,368.167,camera_2,lost_track,110
2210,11050,368.333,camera_6,removed,125
2211,11055,368.5,camera_4,removed,87
2211,11055,368.5,camera_6,removed,129
2212,11060,368.667,camera_4,new_track,88
2215,11075,369.167,camera_5,new_track,247
2215,11075,369.167,camera_5,new_track,248
2216,11080,369.333,camera_4,lost_track,88
2218,11090,369.667,camera_2,reacquired,110
2218,11090,369.667,camera_6,removed,131
2220,11100,370.0,camera_6,removed,122
2221,11105,370.167,camera_7,lost_track,70
2223,11115,370.5,camera_2,new_track,111
2223,11115,370.5,camera_2,lost_track,110
2223,11115,370.5,camera_6,removed,130
2224,11120,370.667,camera_3,removed,133
2224,11120,370.667,camera_7,reacquired,70
2225,11125,370.833,camera_2,reacquired,110
2225,11125,370.833,camera_2,lost_track,111
2226,11130,371.0,camera_5,new_track,249
2227,11135,371.167,camera_4,new_track,89
2227,11135,371.167,camera_6,removed,121
2227,11135,371.167,camera_7,lost_track,65
2228,11140,371.333,camera_2,lost_track,110
2230,11150,371.667,camera_1,removed,81
2230,11150,371.667,camera_5,lost_track,246
2230,11150,371.667,camera_7,reacquired,65
2232,11160,372.0,camera_4,new_track,90
2232,11160,372.0,camera_5,lost_track,249
2233,11165,372.167,camera_5,reacquired,249
2233,11165,372.167,camera_7,lost_track,70
2234,11170,372.333,camera_5,lost_track,248
2234,11170,372.333,camera_5,removed,245
2234,11170,372.333,camera_7,reacquired,70
2235,11175,372.5,camera_5,lost_track,247
2235,11175,372.5,camera_6,removed,123
2237,11185,372.833,camera_7,removed,71
2238,11190,373.0,camera_7,lost_track,69
2240,11200,373.333,camera_5,lost_track,249
2241,11205,373.5,camera_4,lost_track,76
2242,11210,373.667,camera_5,reacquired,249
2243,11215,373.833,camera_4,reacquired,76
2243,11215,373.833,camera_7,reacquired,69
2244,11220,374.0,camera_3,new_track,135
2245,11225,374.167,camera_5,lost_track,249
2246,11230,374.333,camera_4,removed,88
2249,11245,374.833,camera_4,lost_track,86
2250,11250,375.0,camera_4,new_track,91
2250,11250,375.0,camera_5,reacquired,249
2252,11260,375.333,camera_3,new_track,136
2252,11260,375.333,camera_4,lost_track,90
2253,11265,375.5,camera_3,lost_track,122
2253,11265,375.5,camera_3,lost_track,134
2253,11265,375.5,camera_4,lost_track,91
2254,11270,375.667,camera_3,reacquired,122
2255,11275,375.833,camera_2,removed,111
2255,11275,375.833,camera_7,new_track,74
2258,11290,376.333,camera_2,removed,110
2260,11300,376.667,camera_3,reacquired,134
2260,11300,376.667,camera_4,new_track,92
2260,11300,376.667,camera_4,new_track,93
2260,11300,376.667,camera_4,new_track,94
2260,11300,376.667,camera_5,removed,246
2261,11305,376.833,camera_3,new_track,137
2261,11305,376.833,camera_4,lost_track,93
2262,11310,377.0,camera_4,new_track,95
2262,11310,377.0,camera_4,reacquired,93
2263,11315,377.167,camera_4,new_track,96
2263,11315,377.167,camera_4,lost_track,92
2263,11315,377.167,camera_7,new_track,75
2264,11320,377.333,camera_3,lost_track,134
2264,11320,377.333,camera_5,removed,248
2265,11325,377.5,camera_3,reacquired,134
2265,11325,377.5,camera_4,lost_track,95
2265,11325,377.5,camera_5,removed,247
2265,11325,377.5,camera_7,lost_track,74
2266,11330,377.667,camera_7,reacquired,74
2266,11330,377.667,camera_7,lost_track,69
2267,11335,377.833,camera_2,new_track,112
2267,11335,377.833,camera_4,lost_track,96
2267,11335,377.833,camera_7,lost_track,73
2268,11340,378.0,camera_7,reacquired,73
2269,11345,378.167,camera_3,new_track,138
2269,11345,378.167,camera_7,lost_track,74
2270,11350,378.333,camera_3,lost_track,137
2270,11350,378.333,camera_3,lost_track,138
2270,11350,378.333,camera_5,lost_track,249
2270,11350,378.333,camera_7,reacquired,69
2271,11355,378.5,camera_3,reacquired,137
2271,11355,378.5,camera_3,reacquired,138
2271,11355,378.5,camera_5,lost_track,244
2271,11355,378.5,camera_7,lost_track,75
2272,11360,378.667,camera_7,reacquired,75
2272,11360,378.667,camera_7,lost_track,73
2273,11365,378.833,camera_1,new_track,82
2274,11370,379.0,camera_3,lost_track,137
2274,11370,379.0,camera_7,reacquired,73
2276,11380,379.333,camera_3,reacquired,137
2276,11380,379.333,camera_3,lost_track,122
2276,11380,379.333,camera_3,lost_track,138
2277,11385,379.5,camera_3,new_track,139
2277,11385,379.5,camera_3,reacquired,138
2277,11385,379.5,camera_3,lost_track,134
2278,11390,379.667,camera_3,reacquired,122
2278,11390,379.667,camera_4,reacquired,95
2279,11395,379.833,camera_3,reacquired,134
2279,11395,379.833,camera_4,lost_track,93
2279,11395,379.833,camera_4,lost_track,95
2279,11395,379.833,camera_4,removed,86
2281,11405,380.167,camera_3,lost_track,122
2281,11405,380.167,camera_7,lost_track,75
2282,11410,380.333,camera_3,new_track,140
2282,11410,380.333,camera_3,lost_track,137
2282,11410,380.333,camera_4,lost_track,94
2282,11410,380.333,camera_4,removed,90
2282,11410,380.333,camera_7,reacquired,75
2283,11415,380.5,camera_4,reacquired,93
2283,11415,380.5,camera_4,removed,91
2284,11420,380.667,camera_3,lost_track,134
2285,11425,380.833,camera_1,lost_track,82
2285,11425,380.833,camera_4,reacquired,94
2287,11435,381.167,camera_7,lost_track,75
2288,11440,381.333,camera_3,reacquired,134
2288,11440,381.333,camera_4,reacquired,95
2288,11440,381.333,camera_4,lost_track,93
2289,11445,381.5,camera_3,lost_track,135
2290,11450,381.667,camera_3,reacquired,135
2291,11455,381.833,camera_2,lost_track,112
2293,11465,382.167,camera_3,lost_track,138
2293,11465,382.167,camera_4,removed,92
2294,11470,382.333,camera_3,lost_track,135
2294,11470,382.333,camera_3,lost_track,140
2297,11485,382.833,camera_3,lost_track,134
2297,11485,382.833,camera_4,lost_track,95
2297,11485,382.833,camera_4,removed,96
2298,11490,383.0,camera_4,lost_track,94
2299,11495,383.167,camera_3,new_track,141
2299,11495,383.167,camera_3,reacquired,135
2299,11495,383.167,camera_7,removed,74
2300,11500,383.333,camera_5,removed,249
2301,11505,383.5,camera_5,removed,244
2302,11510,383.667,camera_3,new_track,142
2304,11520,384.0,camera_4,new_track,97
2306,11530,384.333,camera_3,lost_track,139
2306,11530,384.333,camera_7,lost_track,73
2309,11545,384.833,camera_7,reacquired,73
2311,11555,385.167,camera_3,removed,122
2312,11560,385.333,camera_3,removed,137
2314,11570,385.667,camera_7,lost_track,73
2315,11575,385.833,camera_1,removed,82
2317,11585,386.167,camera_7,removed,75
2318,11590,386.333,camera_4,removed,93
2319,11595,386.5,camera_7,new_track,76
2321,11605,386.833,camera_2,removed,112
2323,11615,387.167,camera_3,removed,138
2324,11620,387.333,camera_3,removed,140
2325,11625,387.5,camera_4,lost_track,97
2325,11625,387.5,camera_7,lost_track,76
2327,11635,387.833,camera_3,removed,134
2327,11635,387.833,camera_4,new_track,98
2327,11635,387.833,camera_4,new_track,99
2327,11635,387.833,camera_4,removed,95
2328,11640,388.0,camera_4,removed,94
2328,11640,388.0,camera_7,reacquired,76
2329,11645,388.167,camera_7,new_track,77
2332,11660,388.667,camera_7,lost_track,76
2335,11675,389.167,camera_7,lost_track,70
2336,11680,389.333,camera_3,removed,139
2336,11680,389.333,camera_4,lost_track,99
2338,11690,389.667,camera_3,new_track,143
2344,11720,390.667,camera_7,removed,73
2345,11725,390.833,camera_3,lost_track,143
2345,11725,390.833,camera_7,reacquired,70
2347,11735,391.167,camera_3,new_track,144
2347,11735,391.167,camera_7,new_track,78
2355,11775,392.5,camera_4,removed,97
2362,11810,393.667,camera_7,removed,76
2366,11830,394.333,camera_4,removed,99
2375,11875,395.833,camera_3,removed,143
2377,11885,396.167,camera_4,new_track,100
2377,11885,396.167,camera_7,new_track,79
2377,11885,396.167,camera_7,lost_track,78
2378,11890,396.333,camera_7,lost_track,72
2378,11890,396.333,camera_7,lost_track,77
2379,11895,396.5,camera_4,new_track,101
2380,11900,396.667,camera_4,lost_track,101
2380,11900,396.667,camera_7,reacquired,78
2381,11905,396.833,camera_4,new_track,102
2381,11905,396.833,camera_4,lost_track,89
2389,11945,398.167,camera_4,new_track,103
2392,11960,398.667,camera_4,lost_track,103
2392,11960,398.667,camera_7,reacquired,77
2393,11965,398.833,camera_3,new_track,145
2393,11965,398.833,camera_3,lost_track,135
2397,11985,399.5,camera_4,reacquired,89
2408,12040,401.333,camera_7,removed,72
2409,12045,401.5,camera_4,new_track,104
2410,12050,401.667,camera_4,removed,101
2411,12055,401.833,camera_4,new_track,105
2416,12080,402.667,camera_4,lost_track,105
2417,12085,402.833,camera_4,lost_track,89
2417,12085,402.833,camera_4,lost_track,104
2418,12090,403.0,camera_3,new_track,146
2419,12095,403.167,camera_4,reacquired,104
2420,12100,403.333,camera_4,new_track,106
2422,12110,403.667,camera_4,lost_track,106
2422,12110,403.667,camera_4,removed,103
2423,12115,403.833,camera_3,removed,135
2425,12125,404.167,camera_4,reacquired,106
2428,12140,404.667,camera_4,new_track,107
2428,12140,404.667,camera_4,lost_track,106
2430,12150,405.0,camera_4,lost_track,107
2432,12160,405.333,camera_4,reacquired,89
2432,12160,405.333,camera_7,lost_track,78
2433,12165,405.5,camera_4,lost_track,104
2435,12175,405.833,camera_3,new_track,147
2436,12180,406.0,camera_4,lost_track,98
2439,12195,406.5,camera_4,reacquired,98
2439,12195,406.5,camera_7,new_track,80
2441,12205,406.833,camera_4,lost_track,98
2441,12205,406.833,camera_7,lost_track,80
2442,12210,407.0,camera_4,reacquired,98
2443,12215,407.167,camera_7,reacquired,78
2445,12225,407.5,camera_3,lost_track,136
2446,12230,407.667,camera_4,lost_track,98
2446,12230,407.667,camera_4,removed,105
2449,12245,408.167,camera_4,reacquired,98
2449,12245,408.167,camera_7,lost_track,77
2457,12285,409.5,camera_7,reacquired,77
2458,12290,409.667,camera_3,lost_track,144
2458,12290,409.667,camera_4,removed,106
2459,12295,409.833,camera_7,lost_track,78
2460,12300,410.0,camera_4,removed,107
2462,12310,410.333,camera_7,reacquired,80
2463,12315,410.5,camera_4,removed,104
2463,12315,410.5,camera_7,reacquired,78
2465,12325,410.833,camera_3,new_track,148
2465,12325,410.833,camera_7,lost_track,80
2468,12340,411.333,camera_3,lost_track,148
2469,12345,411.5,camera_7,new_track,81
2471,12355,411.833,camera_4,lost_track,98
2472,12360,412.0,camera_4,reacquired,98
2472,12360,412.0,camera_7,lost_track,65
2475,12375,412.5,camera_3,removed,136
2475,12375,412.5,camera_7,reacquired,65
2482,12410,413.667,camera_7,lost_track,77
2487,12435,414.5,camera_3,lost_track,145
2488,12440,414.667,camera_3,removed,144
2489,12445,414.833,camera_3,reacquired,145
2489,12445,414.833,camera_7,lost_track,69
2490,12450,415.0,camera_7,reacquired,69
2493,12465,415.5,camera_7,lost_track,78
2495,12475,415.833,camera_4,lost_track,98
2495,12475,415.833,camera_7,removed,80
2496,12480,416.0,camera_4,lost_track,102
2498,12490,416.333,camera_3,removed,148
2501,12505,416.833,camera_4,new_track,108
2505,12525,417.5,camera_4,new_track,109
2512,12560,418.667,camera_7,removed,77
2517,12585,419.5,camera_4,reacquired,102
2518,12590,419.667,camera_7,lost_track,68
2519,12595,419.833,camera_4,new_track,110
2519,12595,419.833,camera_7,reacquired,68
2523,12615,420.5,camera_7,removed,78
2524,12620,420.667,camera_4,lost_track,109
2524,12620,420.667,camera_4,lost_track,110
2525,12625,420.833,camera_4,reacquired,109
2525,12625,420.833,camera_4,removed,98
2526,12630,421.0,camera_4,lost_track,108
2528,12640,421.333,camera_4,reacquired,108
2532,12660,422.0,camera_4,lost_track,109
2545,12725,424.167,camera_4,lost_track,108
2547,12735,424.5,camera_4,lost_track,102
2553,12765,425.5,camera_4,reacquired,109
2554,12770,425.667,camera_4,removed,110
2555,12775,425.833,camera_4,lost_track,109
2556,12780,426.0,camera_4,reacquired,109
2556,12780,426.0,camera_7,lost_track,79
2557,12785,426.167,camera_4,lost_track,109
2557,12785,426.167,camera_7,reacquired,79
2558,12790,426.333,camera_7,lost_track,69
2559,12795,426.5,camera_3,new_track,149
2559,12795,426.5,camera_7,reacquired,69
2560,12800,426.667,camera_3,lost_track,149
2560,12800,426.667,camera_4,lost_track,89
2561,12805,426.833,camera_4,new_track,111
2562,12810,427.0,camera_3,lost_track,145
2562,12810,427.0,camera_7,new_track,82
2562,12810,427.0,camera_7,lost_track,79
2564,12820,427.333,camera_4,reacquired,89
2564,12820,427.333,camera_4,lost_track,111
2565,12825,427.5,camera_3,reacquired,145
2568,12840,428.0,camera_3,new_track,150
2570,12850,428.333,camera_7,reacquired,79
2570,12850,428.333,camera_7,lost_track,69
2573,12865,428.833,camera_7,reacquired,69
2573,12865,428.833,camera_7,lost_track,70
2574,12870,429.0,camera_7,lost_track,79
2575,12875,429.167,camera_4,removed,108
2577,12885,429.5,camera_4,removed,102
2581,12905,430.167,camera_7,new_track,83
2584,12920,430.667,camera_4,new_track,112
2587,12935,431.167,camera_4,removed,109
2588,12940,431.333,camera_3,new_track,151
2588,12940,431.333,camera_7,lost_track,83
2590,12950,431.667,camera_3,lost_track,151
2590,12950,431.667,camera_3,removed,149
2594,12970,432.333,camera_4,removed,111
2595,12975,432.5,camera_3,reacquired,151
2595,12975,432.5,camera_4,lost_track,112
2597,12985,432.833,camera_4,reacquired,112
2598,12990,433.0,camera_7,new_track,84
2603,13015,433.833,camera_7,removed,70
2604,13020,434.0,camera_7,removed,79
2613,13065,435.5,camera_7,new_track,85
2616,13080,436.0,camera_3,new_track,152
2618,13090,436.333,camera_7,removed,83
2621,13105,436.833,camera_3,lost_track,147
2623,13115,437.167,camera_3,reacquired,147
2624,13120,437.333,camera_3,lost_track,150
2625,13125,437.5,camera_3,reacquired,150
2627,13135,437.833,camera_3,lost_track,146
2630,13150,438.333,camera_3,lost_track,147
2630,13150,438.333,camera_3,lost_track,152
2631,13155,438.5,camera_7,lost_track,85
2632,13160,438.667,camera_3,reacquired,147
2632,13160,438.667,camera_3,lost_track,141
2632,13160,438.667,camera_3,lost_track,150
2632,13160,438.667,camera_4,lost_track,112
2634,13170,439.0,camera_4,lost_track,100
2634,13170,439.0,camera_7,reacquired,85
2635,13175,439.167,camera_4,reacquired,112
2637,13185,439.5,camera_4,lost_track,112
2638,13190,439.667,camera_7,lost_track,84
2641,13205,440.167,camera_4,reacquired,100
2642,13210,440.333,camera_3,new_track,153
2646,13230,441.0,camera_4,new_track,113
2648,13240,441.333,camera_4,lost_track,76
2649,13245,441.5,camera_4,reacquired,112
2649,13245,441.5,camera_6,new_track,132
2651,13255,441.833,camera_3,lost_track,153
2654,13270,442.333,camera_6,new_track,133
2654,13270,442.333,camera_7,lost_track,69
2656,13280,442.667,camera_4,new_track,114
2657,13285,442.833,camera_3,removed,146
2658,13290,443.0,camera_7,lost_track,65
2660,13300,443.333,camera_3,removed,152
2660,13300,443.333,camera_4,lost_track,100
2660,13300,443.333,camera_6,lost_track,133
2661,13305,443.5,camera_4,lost_track,112
2662,13310,443.667,camera_3,removed,141
2662,13310,443.667,camera_3,removed,150
2663,13315,443.833,camera_4,reacquired,100
2663,13315,443.833,camera_4,lost_track,114
2663,13315,443.833,camera_7,reacquired,84
2664,13320,444.0,camera_4,reacquired,114
2664,13320,444.0,camera_6,reacquired,133
2665,13325,444.167,camera_4,new_track,115
2666,13330,444.333,camera_4,lost_track,114
2666,13330,444.333,camera_6,lost_track,133
2668,13340,444.667,camera_4,reacquired,114
2669,13345,444.833,camera_4,lost_track,100
2670,13350,445.0,camera_4,reacquired,100
2672,13360,445.333,camera_4,lost_track,100
2673,13365,445.5,camera_4,reacquired,100
2674,13370,445.667,camera_4,lost_track,100
2675,13375,445.833,camera_4,reacquired,100
2675,13375,445.833,camera_4,reacquired,112
2675,13375,445.833,camera_6,new_track,134
2676,13380,446.0,camera_4,lost_track,112
2677,13385,446.167,camera_4,lost_track,114
2678,13390,446.333,camera_4,lost_track,100
2678,13390,446.333,camera_4,removed,76
2678,13390,446.333,camera_6,new_track,135
2680,13400,446.667,camera_6,new_track,136
2681,13405,446.833,camera_3,removed,153
2682,13410,447.0,camera_6,lost_track,136
2682,13410,447.0,camera_7,lost_track,82
2683,13415,447.167,camera_4,reacquired,114
2684,13420,447.333,camera_6,new_track,137
2684,13420,447.333,camera_7,removed,69
2685,13425,447.5,camera_6,reacquired,136
2685,13425,447.5,camera_6,lost_track,134
2687,13435,447.833,camera_6,reacquired,134
2687,13435,447.833,camera_6,lost_track,136
2688,13440,448.0,camera_7,removed,65
2691,13455,448.5,camera_6,new_track,138
2693,13465,448.833,camera_4,reacquired,112
2694,13470,449.0,camera_4,lost_track,89
2694,13470,449.0,camera_4,lost_track,112
2694,13470,449.0,camera_4,lost_track,114
2695,13475,449.167,camera_4,new_track,116
2695,13475,449.167,camera_4,reacquired,114
2695,13475,449.167,camera_7,new_track,86
2695,13475,449.167,camera_7,lost_track,85
2696,13480,449.333,camera_4,reacquired,89
2696,13480,449.333,camera_6,removed,133
2696,13480,449.333,camera_7,lost_track,81
2697,13485,449.5,camera_4,reacquired,112
2697,13485,449.5,camera_4,lost_track,89
2697,13485,449.5,camera_4,lost_track,114
2697,13485,449.5,camera_4,lost_track,115
2697,13485,449.5,camera_4,lost_track,116
2698,13490,449.667,camera_4,new_track,117
2698,13490,449.667,camera_4,new_track,118
2698,13490,449.667,camera_4,reacquired,115
2698,13490,449.667,camera_6,lost_track,137
2699,13495,449.833,camera_6,new_track,139
2700,13500,450.0,camera_4,reacquired,89
2700,13500,450.0,camera_4,reacquired,114
2700,13500,450.0,camera_4,lost_track,118
2701,13505,450.167,camera_7,lost_track,86
2702,13510,450.333,camera_4,lost_track,112
2702,13510,450.333,camera_4,lost_track,117
2702,13510,450.333,camera_6,reacquired,137
2703,13515,450.5,camera_4,lost_track,114
2703,13515,450.5,camera_4,lost_track,115
2703,13515,450.5,camera_6,lost_track,135
2703,13515,450.5,camera_6,lost_track,137
2704,13520,450.667,camera_4,reacquired,112
2704,13520,450.667,camera_6,new_track,140
2705,13525,450.833,camera_6,reacquired,135
2705,13525,450.833,camera_6,lost_track,134
2705,13525,450.833,camera_7,lost_track,68
2707,13535,451.167,camera_4,reacquired,114
2708,13540,451.333,camera_4,new_track,119
2708,13540,451.333,camera_4,reacquired,117
2708,13540,451.333,camera_4,removed,100
2708,13540,451.333,camera_6,lost_track,132
2709,13545,451.5,camera_4,lost_track,112
2709,13545,451.5,camera_4,lost_track,117
2712,13560,452.0,camera_7,removed,82
2713,13565,452.167,camera_6,lost_track,138
2714,13570,452.333,camera_5,new_track,250
2714,13570,452.333,camera_6,lost_track,135
2715,13575,452.5,camera_5,new_track,251
2715,13575,452.5,camera_5,lost_track,250
2717,13585,452.833,camera_4,reacquired,115
2717,13585,452.833,camera_6,removed,136
2718,13590,453.0,camera_4,lost_track,119
2718,13590,453.0,camera_5,new_track,252
2719,13595,453.167,camera_6,lost_track,139
2720,13600,453.333,camera_6,reacquired,132
2720,13600,453.333,camera_6,lost_track,140
2721,13605,453.5,camera_6,lost_track,132
2724,13620,454.0,camera_5,new_track,253
2725,13625,454.167,camera_7,removed,85
2726,13630,454.333,camera_2,new_track,113
2726,13630,454.333,camera_7,removed,81
2727,13635,454.5,camera_4,removed,116
2729,13645,454.833,camera_5,lost_track,252
2730,13650,455.0,camera_1,new_track,83
2730,13650,455.0,camera_4,removed,118
2730,13650,455.0,camera_5,new_track,254
2731,13655,455.167,camera_5,new_track,255
2731,13655,455.167,camera_7,removed,86
2732,13660,455.333,camera_3,new_track,154
2733,13665,455.5,camera_6,removed,137
2734,13670,455.667,camera_2,new_track,114
2734,13670,455.667,camera_4,new_track,120
2735,13675,455.833,camera_6,removed,134
2735,13675,455.833,camera_7,removed,68
2738,13690,456.333,camera_5,lost_track,251
2739,13695,456.5,camera_2,lost_track,114
2739,13695,456.5,camera_4,removed,112
2739,13695,456.5,camera_4,removed,117
2740,13700,456.667,camera_2,new_track,115
2741,13705,456.833,camera_5,new_track,256
2742,13710,457.0,camera_5,lost_track,253
2743,13715,457.167,camera_4,new_track,121
2743,13715,457.167,camera_4,new_track,122
2743,13715,457.167,camera_6,removed,138
2744,13720,457.333,camera_2,new_track,116
2744,13720,457.333,camera_2,reacquired,114
2744,13720,457.333,camera_2,lost_track,115
2744,13720,457.333,camera_5,new_track,257
2744,13720,457.333,camera_5,lost_track,256
2744,13720,457.333,camera_6,removed,135
2745,13725,457.5,camera_1,lost_track,83
2745,13725,457.5,camera_5,reacquired,256
2745,13725,457.5,camera_5,lost_track,254
2745,13725,457.5,camera_5,lost_track,255
2745,13725,457.5,camera_5,lost_track,257
2745,13725,457.5,camera_5,removed,250
2747,13735,457.833,camera_1,new_track,84
2747,13735,457.833,camera_5,lost_track,256
2748,13740,458.0,camera_4,removed,119
2749,13745,458.167,camera_6,removed,139
2750,13750,458.333,camera_1,new_track,85
2750,13750,458.333,camera_3,new_track,155
2750,13750,458.333,camera_6,removed,140
2751,13755,458.5,camera_3,lost_track,145
2751,13755,458.5,camera_6,removed,132
2753,13765,458.833,camera_3,new_track,156
2754,13770,459.0,camera_1,lost_track,84
2754,13770,459.0,camera_4,lost_track,120
2755,13775,459.167,camera_4,lost_track,122
2756,13780,459.333,camera_3,lost_track,147
2757,13785,459.5,camera_4,reacquired,120
2757,13785,459.5,camera_4,lost_track,121
2758,13790,459.667,camera_3,new_track,157
2759,13795,459.833,camera_3,new_track,158
2759,13795,459.833,camera_4,lost_track,120
2759,13795,459.833,camera_5,removed,252
2763,13815,460.5,camera_4,lost_track,114
2765,13825,460.833,camera_3,lost_track,156
2766,13830,461.0,camera_3,reacquired,156
2767,13835,461.167,camera_2,lost_track,116
2768,13840,461.333,camera_4,reacquired,114
2768,13840,461.333,camera_5,removed,251
2769,13845,461.5,camera_2,new_track,117
2770,13850,461.667,camera_3,lost_track,156
2771,13855,461.833,camera_1,new_track,86
2772,13860,462.0,camera_3,reacquired,156
2772,13860,462.0,camera_5,removed,253
2773,13865,462.167,camera_1,new_track,87
2773,13865,462.167,camera_2,lost_track,114
2773,13865,462.167,camera_3,lost_track,155
2774,13870,462.333,camera_2,removed,115
2775,13875,462.5,camera_1,removed,83
2775,13875,462.5,camera_3,lost_track,157
2775,13875,462.5,camera_5,removed,254
2775,13875,462.5,camera_5,removed,255
2775,13875,462.5,camera_5,removed,257
2776,13880,462.667,camera_1,lost_track,86
2776,13880,462.667,camera_3,new_track,159
2776,13880,462.667,camera_3,reacquired,157
2777,13885,462.833,camera_3,lost_track,154
2777,13885,462.833,camera_5,removed,256
2780,13900,463.333,camera_4,lost_track,114
2781,13905,463.5,camera_3,removed,145
