loop_i,video_fid,t_sec,camera_id,kind,track_id
0,0,0.0,camera_1,new_track,0
0,0,0.0,camera_1,new_track,1
0,0,0.0,camera_1,new_track,2
0,0,0.0,camera_2,new_track,0
0,0,0.0,camera_2,new_track,1
0,0,0.0,camera_2,new_track,2
0,0,0.0,camera_2,new_track,3
0,0,0.0,camera_3,new_track,0
0,0,0.0,camera_3,new_track,1
0,0,0.0,camera_3,new_track,2
0,0,0.0,camera_3,new_track,3
0,0,0.0,camera_3,new_track,4
0,0,0.0,camera_3,new_track,5
0,0,0.0,camera_3,new_track,6
0,0,0.0,camera_3,new_track,7
0,0,0.0,camera_4,new_track,0
0,0,0.0,camera_4,new_track,1
0,0,0.0,camera_4,new_track,2
0,0,0.0,camera_4,new_track,3
2,10,0.333,camera_4,lost_track,3
4,20,0.667,camera_3,lost_track,6
5,25,0.833,camera_1,lost_track,2
5,25,0.833,camera_4,new_track,4
6,30,1.0,camera_2,lost_track,3
6,30,1.0,camera_3,new_track,8
6,30,1.0,camera_3,reacquired,6
8,40,1.333,camera_4,reacquired,3
8,40,1.333,camera_4,lost_track,4
9,45,1.5,camera_3,new_track,9
9,45,1.5,camera_3,lost_track,8
10,50,1.667,camera_3,reacquired,8
10,50,1.667,camera_3,lost_track,4
11,55,1.833,camera_3,reacquired,4
11,55,1.833,camera_3,lost_track,8
12,60,2.0,camera_4,lost_track,3
15,75,2.5,camera_3,lost_track,6
20,100,3.333,camera_3,reacquired,6
22,110,3.667,camera_3,lost_track,6
23,115,3.833,camera_3,lost_track,2
24,120,4.0,camera_3,reacquired,2
25,125,4.167,camera_1,reacquired,2
25,125,4.167,camera_3,reacquired,6
26,130,4.333,camera_3,new_track,10
28,140,4.667,camera_1,lost_track,2
28,140,4.667,camera_3,lost_track,10
33,165,5.5,camera_2,new_track,4
34,170,5.667,camera_3,lost_track,6
36,180,6.0,camera_2,removed,3
38,190,6.333,camera_4,removed,4
39,195,6.5,camera_2,lost_track,4
41,205,6.833,camera_3,removed,8
42,210,7.0,camera_4,removed,3
57,285,9.5,camera_3,reacquired,6
58,290,9.667,camera_1,removed,2
58,290,9.667,camera_3,lost_track,7
58,290,9.667,camera_3,removed,10
60,300,10.0,camera_3,lost_track,3
62,310,10.333,camera_3,reacquired,3
65,325,10.833,camera_3,lost_track,0
66,330,11.0,camera_3,reacquired,0
69,345,11.5,camera_2,removed,4
70,350,11.667,camera_3,lost_track,1
73,365,12.167,camera_1,new_track,3
78,390,13.0,camera_1,lost_track,3
79,395,13.167,camera_5,new_track,0
80,400,13.333,camera_5,new_track,1
81,405,13.5,camera_2,lost_track,0
82,410,13.667,camera_5,lost_track,1
88,440,14.667,camera_3,removed,7
89,445,14.833,camera_4,new_track,5
90,450,15.0,camera_2,new_track,5
91,455,15.167,camera_5,lost_track,0
93,465,15.5,camera_2,lost_track,2
94,470,15.667,camera_2,lost_track,5
96,480,16.0,camera_3,new_track,11
98,490,16.333,camera_2,reacquired,5
98,490,16.333,camera_3,new_track,12
99,495,16.5,camera_4,lost_track,5
99,495,16.5,camera_6,new_track,0
100,500,16.667,camera_3,removed,1
101,505,16.833,camera_4,reacquired,5
103,515,17.167,camera_2,new_track,6
105,525,17.5,camera_3,lost_track,9
106,530,17.667,camera_2,lost_track,5
108,540,18.0,camera_1,removed,3
108,540,18.0,camera_3,lost_track,11
111,555,18.5,camera_2,removed,0
112,560,18.667,camera_5,removed,1
113,565,18.833,camera_3,lost_track,12
113,565,18.833,camera_4,lost_track,5
114,570,19.0,camera_3,reacquired,12
117,585,19.5,camera_6,new_track,1
119,595,19.833,camera_6,lost_track,1
119,595,19.833,camera_7,new_track,0
120,600,20.0,camera_6,lost_track,0
121,605,20.167,camera_5,removed,0
123,615,20.5,camera_2,removed,2
135,675,22.5,camera_3,removed,9
136,680,22.667,camera_2,removed,5
137,685,22.833,camera_3,new_track,13
138,690,23.0,camera_3,removed,11
138,690,23.0,camera_4,reacquired,5
140,700,23.333,camera_4,lost_track,5
146,730,24.333,camera_3,new_track,14
147,735,24.5,camera_4,reacquired,5
148,740,24.667,camera_4,lost_track,5
149,745,24.833,camera_3,lost_track,13
149,745,24.833,camera_6,removed,1
150,750,25.0,camera_3,lost_track,14
150,750,25.0,camera_6,removed,0
153,765,25.5,camera_4,lost_track,2
154,770,25.667,camera_4,reacquired,2
155,775,25.833,camera_3,new_track,15
157,785,26.167,camera_3,new_track,16
158,790,26.333,camera_3,lost_track,12
159,795,26.5,camera_3,reacquired,12
159,795,26.5,camera_4,lost_track,1
160,800,26.667,camera_4,new_track,6
161,805,26.833,camera_4,lost_track,6
165,825,27.5,camera_2,new_track,7
167,835,27.833,camera_3,new_track,17
173,865,28.833,camera_3,lost_track,12
173,865,28.833,camera_3,lost_track,15
174,870,29.0,camera_3,reacquired,15
178,890,29.667,camera_3,lost_track,3
178,890,29.667,camera_3,lost_track,5
178,890,29.667,camera_3,lost_track,15
178,890,29.667,camera_4,removed,5
179,895,29.833,camera_3,removed,13
180,900,30.0,camera_3,new_track,18
180,900,30.0,camera_3,reacquired,15
180,900,30.0,camera_3,removed,14
182,910,30.333,camera_3,new_track,19
184,920,30.667,camera_3,new_track,20
185,925,30.833,camera_3,lost_track,19
188,940,31.333,camera_3,reacquired,19
189,945,31.5,camera_3,reacquired,5
189,945,31.5,camera_4,removed,1
191,955,31.833,camera_4,removed,6
196,980,32.667,camera_3,lost_track,5
197,985,32.833,camera_3,reacquired,5
200,1000,33.333,camera_1,new_track,4
203,1015,33.833,camera_3,removed,12
208,1040,34.667,camera_3,removed,3
209,1045,34.833,camera_3,lost_track,20
210,1050,35.0,camera_3,new_track,21
211,1055,35.167,camera_1,lost_track,4
219,1095,36.5,camera_3,new_track,22
226,1130,37.667,camera_3,lost_track,15
232,1160,38.667,camera_3,new_track,23
232,1160,38.667,camera_3,reacquired,20
240,1200,40.0,camera_3,lost_track,22
240,1200,40.0,camera_3,lost_track,23
241,1205,40.167,camera_1,removed,4
245,1225,40.833,camera_3,lost_track,5
246,1230,41.0,camera_3,reacquired,5
246,1230,41.0,camera_3,lost_track,20
256,1280,42.667,camera_3,removed,15
270,1350,45.0,camera_3,removed,22
270,1350,45.0,camera_3,removed,23
276,1380,46.0,camera_3,removed,20
294,1470,49.0,camera_3,new_track,24
295,1475,49.167,camera_3,lost_track,4
302,1510,50.333,camera_3,reacquired,4
304,1520,50.667,camera_3,lost_track,24
312,1560,52.0,camera_3,new_track,25
312,1560,52.0,camera_3,lost_track,5
312,1560,52.0,camera_4,lost_track,0
313,1565,52.167,camera_4,reacquired,0
314,1570,52.333,camera_3,lost_track,25
317,1585,52.833,camera_3,reacquired,5
327,1635,54.5,camera_3,lost_track,5
328,1640,54.667,camera_3,reacquired,5
334,1670,55.667,camera_3,removed,24
344,1720,57.333,camera_3,removed,25
371,1855,61.833,camera_1,new_track,5
374,1870,62.333,camera_1,lost_track,5
377,1885,62.833,camera_1,reacquired,5
391,1955,65.167,camera_3,lost_track,4
397,1985,66.167,camera_1,lost_track,5
397,1985,66.167,camera_2,lost_track,6
398,1990,66.333,camera_1,reacquired,5
399,1995,66.5,camera_3,new_track,26
405,2025,67.5,camera_1,lost_track,5
415,2075,69.167,camera_3,new_track,27
418,2090,69.667,camera_3,new_track,28
420,2100,70.0,camera_2,new_track,8
421,2105,70.167,camera_3,removed,4
423,2115,70.5,camera_3,lost_track,27
427,2135,71.167,camera_2,removed,6
427,2135,71.167,camera_3,lost_track,2
430,2150,71.667,camera_3,new_track,29
431,2155,71.833,camera_3,new_track,30
432,2160,72.0,camera_3,lost_track,21
432,2160,72.0,camera_3,lost_track,29
434,2170,72.333,camera_1,lost_track,1
434,2170,72.333,camera_3,reacquired,21
434,2170,72.333,camera_3,lost_track,28
435,2175,72.5,camera_1,reacquired,1
435,2175,72.5,camera_1,removed,5
435,2175,72.5,camera_3,lost_track,0
438,2190,73.0,camera_1,lost_track,1
438,2190,73.0,camera_3,lost_track,26
441,2205,73.5,camera_3,new_track,31
441,2205,73.5,camera_3,lost_track,18
442,2210,73.667,camera_1,new_track,6
442,2210,73.667,camera_1,new_track,7
443,2215,73.833,camera_3,lost_track,31
444,2220,74.0,camera_5,new_track,2
445,2225,74.167,camera_3,reacquired,26
446,2230,74.333,camera_1,lost_track,7
448,2240,74.667,camera_1,reacquired,7
449,2245,74.833,camera_3,new_track,32
450,2250,75.0,camera_1,lost_track,7
452,2260,75.333,camera_3,lost_track,21
453,2265,75.5,camera_2,lost_track,8
453,2265,75.5,camera_3,new_track,33
453,2265,75.5,camera_3,new_track,34
453,2265,75.5,camera_3,removed,27
454,2270,75.667,camera_3,reacquired,21
455,2275,75.833,camera_1,lost_track,6
456,2280,76.0,camera_3,lost_track,17
457,2285,76.167,camera_3,new_track,35
457,2285,76.167,camera_3,removed,2
458,2290,76.333,camera_3,lost_track,33
459,2295,76.5,camera_1,reacquired,6
459,2295,76.5,camera_3,lost_track,21
459,2295,76.5,camera_3,lost_track,34
460,2300,76.667,camera_2,lost_track,7
460,2300,76.667,camera_3,reacquired,17
460,2300,76.667,camera_3,reacquired,34
461,2305,76.833,camera_3,new_track,36
461,2305,76.833,camera_3,reacquired,33
461,2305,76.833,camera_4,new_track,7
462,2310,77.0,camera_3,lost_track,36
462,2310,77.0,camera_3,removed,29
463,2315,77.167,camera_1,new_track,8
463,2315,77.167,camera_5,lost_track,2
464,2320,77.333,camera_3,reacquired,36
464,2320,77.333,camera_3,removed,28
465,2325,77.5,camera_3,removed,0
466,2330,77.667,camera_3,lost_track,36
467,2335,77.833,camera_3,lost_track,16
467,2335,77.833,camera_3,lost_track,26
468,2340,78.0,camera_1,lost_track,6
468,2340,78.0,camera_1,removed,1
468,2340,78.0,camera_3,new_track,37
471,2355,78.5,camera_3,removed,18
472,2360,78.667,camera_2,new_track,9
473,2365,78.833,camera_3,removed,31
473,2365,78.833,camera_6,new_track,2
474,2370,79.0,camera_1,lost_track,8
474,2370,79.0,camera_3,new_track,38
477,2385,79.5,camera_3,lost_track,17
478,2390,79.667,camera_1,reacquired,6
480,2400,80.0,camera_1,removed,7
480,2400,80.0,camera_3,lost_track,33
481,2405,80.167,camera_3,lost_track,37
482,2410,80.333,camera_1,lost_track,6
483,2415,80.5,camera_2,removed,8
483,2415,80.5,camera_3,new_track,39
484,2420,80.667,camera_2,new_track,10
485,2425,80.833,camera_3,lost_track,34
486,2430,81.0,camera_1,new_track,9
487,2435,81.167,camera_3,reacquired,34
487,2435,81.167,camera_3,lost_track,39
487,2435,81.167,camera_6,new_track,3
488,2440,81.333,camera_3,new_track,40
489,2445,81.5,camera_3,removed,21
489,2445,81.5,camera_5,new_track,3
489,2445,81.5,camera_6,lost_track,3
490,2450,81.667,camera_2,lost_track,9
490,2450,81.667,camera_2,removed,7
490,2450,81.667,camera_7,new_track,1
491,2455,81.833,camera_2,reacquired,9
492,2460,82.0,camera_1,new_track,10
492,2460,82.0,camera_2,lost_track,9
492,2460,82.0,camera_5,new_track,4
492,2460,82.0,camera_6,lost_track,2
493,2465,82.167,camera_1,reacquired,6
493,2465,82.167,camera_1,lost_track,0
493,2465,82.167,camera_5,removed,2
494,2470,82.333,camera_1,lost_track,6
494,2470,82.333,camera_3,reacquired,17
495,2475,82.5,camera_1,lost_track,9
495,2475,82.5,camera_1,lost_track,10
495,2475,82.5,camera_2,new_track,11
495,2475,82.5,camera_3,lost_track,34
495,2475,82.5,camera_3,lost_track,38
496,2480,82.667,camera_1,new_track,11
496,2480,82.667,camera_3,new_track,41
496,2480,82.667,camera_3,lost_track,30
496,2480,82.667,camera_3,removed,36
496,2480,82.667,camera_4,lost_track,7
497,2485,82.833,camera_1,reacquired,0
497,2485,82.833,camera_2,new_track,12
497,2485,82.833,camera_3,new_track,42
497,2485,82.833,camera_3,new_track,43
497,2485,82.833,camera_3,new_track,44
497,2485,82.833,camera_3,reacquired,38
497,2485,82.833,camera_3,removed,16
497,2485,82.833,camera_3,removed,26
497,2485,82.833,camera_5,lost_track,4
498,2490,83.0,camera_2,lost_track,12
498,2490,83.0,camera_3,reacquired,34
498,2490,83.0,camera_3,lost_track,38
498,2490,83.0,camera_3,lost_track,41
499,2495,83.167,camera_1,lost_track,0
499,2495,83.167,camera_2,new_track,13
499,2495,83.167,camera_2,lost_track,11
499,2495,83.167,camera_3,lost_track,32
499,2495,83.167,camera_5,new_track,5
501,2505,83.5,camera_3,lost_track,44
502,2510,83.667,camera_3,reacquired,38
502,2510,83.667,camera_4,lost_track,2
503,2515,83.833,camera_5,new_track,6
504,2520,84.0,camera_1,removed,8
504,2520,84.0,camera_2,lost_track,13
505,2525,84.167,camera_1,reacquired,6
505,2525,84.167,camera_3,lost_track,38
505,2525,84.167,camera_5,lost_track,6
506,2530,84.333,camera_3,reacquired,38
507,2535,84.5,camera_2,reacquired,12
507,2535,84.5,camera_3,lost_track,35
507,2535,84.5,camera_5,new_track,7
508,2540,84.667,camera_2,new_track,14
508,2540,84.667,camera_3,lost_track,42
509,2545,84.833,camera_1,new_track,12
509,2545,84.833,camera_1,lost_track,6
509,2545,84.833,camera_2,lost_track,14
509,2545,84.833,camera_3,lost_track,17
509,2545,84.833,camera_3,lost_track,40
510,2550,85.0,camera_2,reacquired,13
510,2550,85.0,camera_3,reacquired,17
510,2550,85.0,camera_3,reacquired,40
510,2550,85.0,camera_3,removed,33
511,2555,85.167,camera_3,reacquired,35
511,2555,85.167,camera_3,removed,37
512,2560,85.333,camera_2,lost_track,13
512,2560,85.333,camera_3,lost_track,38
512,2560,85.333,camera_3,lost_track,40
513,2565,85.5,camera_3,lost_track,6
513,2565,85.5,camera_5,new_track,8
515,2575,85.833,camera_3,reacquired,40
516,2580,86.0,camera_5,lost_track,3
517,2585,86.167,camera_3,lost_track,43
517,2585,86.167,camera_3,removed,39
517,2585,86.167,camera_5,lost_track,8
519,2595,86.5,camera_1,lost_track,11
519,2595,86.5,camera_3,lost_track,35
519,2595,86.5,camera_6,removed,3
520,2600,86.667,camera_2,new_track,15
520,2600,86.667,camera_3,reacquired,38
521,2605,86.833,camera_2,lost_track,1
522,2610,87.0,camera_2,removed,9
522,2610,87.0,camera_6,removed,2
523,2615,87.167,camera_5,new_track,9
524,2620,87.333,camera_2,reacquired,1
524,2620,87.333,camera_2,lost_track,10
525,2625,87.5,camera_1,new_track,13
525,2625,87.5,camera_1,removed,9
525,2625,87.5,camera_1,removed,10
526,2630,87.667,camera_3,reacquired,35
526,2630,87.667,camera_3,lost_track,17
526,2630,87.667,camera_3,removed,30
526,2630,87.667,camera_4,removed,7
527,2635,87.833,camera_4,new_track,8
527,2635,87.833,camera_5,removed,4
527,2635,87.833,camera_6,new_track,4
528,2640,88.0,camera_3,removed,41
529,2645,88.167,camera_1,lost_track,12
529,2645,88.167,camera_1,removed,0
529,2645,88.167,camera_2,removed,11
529,2645,88.167,camera_3,removed,32
530,2650,88.333,camera_5,new_track,10
530,2650,88.333,camera_5,lost_track,5
531,2655,88.5,camera_3,removed,44
531,2655,88.5,camera_5,lost_track,7
532,2660,88.667,camera_2,lost_track,12
532,2660,88.667,camera_3,reacquired,17
532,2660,88.667,camera_3,lost_track,5
532,2660,88.667,camera_4,removed,2
532,2660,88.667,camera_5,reacquired,7
534,2670,89.0,camera_2,lost_track,1
534,2670,89.0,camera_4,lost_track,8
534,2670,89.0,camera_5,lost_track,10
534,2670,89.0,camera_6,new_track,5
535,2675,89.167,camera_4,new_track,9
535,2675,89.167,camera_5,removed,6
536,2680,89.333,camera_7,lost_track,1
537,2685,89.5,camera_6,new_track,6
538,2690,89.667,camera_3,new_track,45
538,2690,89.667,camera_3,removed,42
538,2690,89.667,camera_5,new_track,11
539,2695,89.833,camera_1,removed,6
539,2695,89.833,camera_2,removed,14
539,2695,89.833,camera_3,lost_track,34
539,2695,89.833,camera_4,new_track,10
539,2695,89.833,camera_6,lost_track,6
541,2705,90.167,camera_6,new_track,7
542,2710,90.333,camera_2,removed,13
542,2710,90.333,camera_6,reacquired,6
543,2715,90.5,camera_3,removed,6
544,2720,90.667,camera_4,lost_track,10
544,2720,90.667,camera_5,lost_track,7
545,2725,90.833,camera_3,lost_track,35
546,2730,91.0,camera_3,new_track,46
546,2730,91.0,camera_5,removed,3
547,2735,91.167,camera_3,removed,43
547,2735,91.167,camera_5,removed,8
547,2735,91.167,camera_6,lost_track,6
548,2740,91.333,camera_2,new_track,16
548,2740,91.333,camera_3,reacquired,35
548,2740,91.333,camera_7,new_track,2
549,2745,91.5,camera_1,removed,11
549,2745,91.5,camera_2,lost_track,15
549,2745,91.5,camera_5,new_track,12
549,2745,91.5,camera_6,lost_track,4
550,2750,91.667,camera_2,reacquired,15
551,2755,91.833,camera_3,lost_track,46
552,2760,92.0,camera_3,lost_track,40
552,2760,92.0,camera_5,new_track,13
552,2760,92.0,camera_5,new_track,14
553,2765,92.167,camera_1,lost_track,13
553,2765,92.167,camera_5,lost_track,12
554,2770,92.333,camera_2,new_track,17
554,2770,92.333,camera_2,removed,10
554,2770,92.333,camera_5,reacquired,12
554,2770,92.333,camera_5,lost_track,13
555,2775,92.5,camera_5,new_track,15
555,2775,92.5,camera_5,new_track,16
555,2775,92.5,camera_5,lost_track,14
555,2775,92.5,camera_6,reacquired,6
557,2785,92.833,camera_1,new_track,14
557,2785,92.833,camera_5,lost_track,12
558,2790,93.0,camera_2,lost_track,17
558,2790,93.0,camera_3,lost_track,45
558,2790,93.0,camera_5,new_track,17
559,2795,93.167,camera_1,removed,12
559,2795,93.167,camera_5,reacquired,12
559,2795,93.167,camera_5,reacquired,13
560,2800,93.333,camera_1,new_track,15
560,2800,93.333,camera_4,lost_track,9
560,2800,93.333,camera_5,lost_track,16
560,2800,93.333,camera_5,removed,5
561,2805,93.5,camera_1,lost_track,14
561,2805,93.5,camera_5,lost_track,17
562,2810,93.667,camera_2,removed,12
562,2810,93.667,camera_3,removed,5
564,2820,94.0,camera_2,new_track,18
564,2820,94.0,camera_2,removed,1
564,2820,94.0,camera_4,removed,8
564,2820,94.0,camera_5,reacquired,16
564,2820,94.0,camera_5,removed,10
565,2825,94.167,camera_1,new_track,16
565,2825,94.167,camera_5,reacquired,14
565,2825,94.167,camera_6,lost_track,6
566,2830,94.333,camera_1,lost_track,15
566,2830,94.333,camera_2,new_track,19
566,2830,94.333,camera_5,new_track,18
566,2830,94.333,camera_6,new_track,8
566,2830,94.333,camera_7,removed,1
567,2835,94.5,camera_2,lost_track,16
567,2835,94.5,camera_5,lost_track,11
567,2835,94.5,camera_6,lost_track,8
568,2840,94.667,camera_5,reacquired,11
568,2840,94.667,camera_5,lost_track,12
568,2840,94.667,camera_5,lost_track,13
569,2845,94.833,camera_3,removed,34
571,2855,95.167,camera_2,lost_track,19
573,2865,95.5,camera_6,reacquired,8
574,2870,95.667,camera_4,removed,10
574,2870,95.667,camera_5,removed,7
575,2875,95.833,camera_6,lost_track,8
577,2885,96.167,camera_5,lost_track,18
579,2895,96.5,camera_6,removed,4
581,2905,96.833,camera_1,new_track,17
581,2905,96.833,camera_3,removed,46
582,2910,97.0,camera_1,lost_track,17
582,2910,97.0,camera_3,removed,40
583,2915,97.167,camera_1,reacquired,17
583,2915,97.167,camera_1,removed,13
583,2915,97.167,camera_3,lost_track,35
584,2920,97.333,camera_5,lost_track,16
586,2930,97.667,camera_5,reacquired,16
586,2930,97.667,camera_5,lost_track,15
586,2930,97.667,camera_6,new_track,9
587,2935,97.833,camera_1,lost_track,16
587,2935,97.833,camera_1,lost_track,17
587,2935,97.833,camera_5,lost_track,11
588,2940,98.0,camera_1,reacquired,16
588,2940,98.0,camera_2,removed,17
588,2940,98.0,camera_3,lost_track,19
588,2940,98.0,camera_3,removed,45
589,2945,98.167,camera_3,lost_track,17
590,2950,98.333,camera_3,reacquired,17
590,2950,98.333,camera_4,removed,9
591,2955,98.5,camera_1,new_track,18
591,2955,98.5,camera_1,removed,14
591,2955,98.5,camera_5,removed,17
592,2960,98.667,camera_1,lost_track,16
592,2960,98.667,camera_1,lost_track,18
593,2965,98.833,camera_5,lost_track,9
594,2970,99.0,camera_1,reacquired,18
594,2970,99.0,camera_5,reacquired,9
595,2975,99.167,camera_6,reacquired,8
595,2975,99.167,camera_6,removed,6
596,2980,99.333,camera_1,lost_track,18
596,2980,99.333,camera_1,removed,15
596,2980,99.333,camera_3,lost_track,38
597,2985,99.5,camera_2,removed,16
597,2985,99.5,camera_6,new_track,10
598,2990,99.667,camera_5,new_track,19
598,2990,99.667,camera_5,lost_track,14
598,2990,99.667,camera_5,removed,12
598,2990,99.667,camera_5,removed,13
599,2995,99.833,camera_5,new_track,20
599,2995,99.833,camera_5,new_track,21
599,2995,99.833,camera_5,lost_track,16
600,3000,100.0,camera_2,lost_track,15
600,3000,100.0,camera_6,lost_track,5
601,3005,100.167,camera_2,removed,19
601,3005,100.167,camera_5,lost_track,20
601,3005,100.167,camera_6,lost_track,8
602,3010,100.333,camera_7,new_track,3
603,3015,100.5,camera_6,lost_track,9
604,3020,100.667,camera_5,new_track,22
604,3020,100.667,camera_7,lost_track,3
605,3025,100.833,camera_5,reacquired,20
605,3025,100.833,camera_6,reacquired,8
605,3025,100.833,camera_7,new_track,4
606,3030,101.0,camera_2,lost_track,18
607,3035,101.167,camera_5,lost_track,20
607,3035,101.167,camera_5,removed,18
609,3045,101.5,camera_6,lost_track,7
611,3055,101.833,camera_5,lost_track,19
613,3065,102.167,camera_3,removed,35
615,3075,102.5,camera_5,new_track,23
615,3075,102.5,camera_6,lost_track,8
616,3080,102.667,camera_5,removed,15
616,3080,102.667,camera_7,new_track,5
617,3085,102.833,camera_1,removed,17
617,3085,102.833,camera_5,lost_track,9
617,3085,102.833,camera_5,lost_track,21
617,3085,102.833,camera_5,removed,11
618,3090,103.0,camera_3,removed,19
618,3090,103.0,camera_6,lost_track,10
620,3100,103.333,camera_5,new_track,24
620,3100,103.333,camera_5,lost_track,22
621,3105,103.5,camera_5,lost_track,24
622,3110,103.667,camera_1,removed,16
623,3115,103.833,camera_6,new_track,11
624,3120,104.0,camera_5,reacquired,24
626,3130,104.333,camera_1,removed,18
626,3130,104.333,camera_3,removed,38
628,3140,104.667,camera_5,removed,14
629,3145,104.833,camera_5,removed,16
629,3145,104.833,camera_6,new_track,12
630,3150,105.0,camera_2,removed,15
630,3150,105.0,camera_6,removed,5
632,3160,105.333,camera_2,new_track,20
633,3165,105.5,camera_5,new_track,25
633,3165,105.5,camera_6,removed,9
633,3165,105.5,camera_7,lost_track,5
634,3170,105.667,camera_5,lost_track,25
634,3170,105.667,camera_6,new_track,13
634,3170,105.667,camera_7,new_track,6
634,3170,105.667,camera_7,removed,3
636,3180,106.0,camera_2,removed,18
637,3185,106.167,camera_5,lost_track,23
637,3185,106.167,camera_5,removed,20
637,3185,106.167,camera_6,lost_track,13
639,3195,106.5,camera_6,removed,7
640,3200,106.667,camera_6,lost_track,11
640,3200,106.667,camera_7,new_track,7
641,3205,106.833,camera_5,removed,19
641,3205,106.833,camera_7,reacquired,5
641,3205,106.833,camera_7,lost_track,7
644,3220,107.333,camera_3,new_track,47
645,3225,107.5,camera_1,new_track,19
645,3225,107.5,camera_4,new_track,11
645,3225,107.5,camera_6,removed,8
647,3235,107.833,camera_5,removed,9
647,3235,107.833,camera_5,removed,21
648,3240,108.0,camera_6,reacquired,13
648,3240,108.0,camera_6,removed,10
649,3245,108.167,camera_4,lost_track,11
650,3250,108.333,camera_5,removed,22
650,3250,108.333,camera_6,lost_track,13
651,3255,108.5,camera_7,new_track,8
652,3260,108.667,camera_6,lost_track,12
655,3275,109.167,camera_7,lost_track,5
657,3285,109.5,camera_7,new_track,9
658,3290,109.667,camera_2,lost_track,20
663,3315,110.5,camera_7,lost_track,9
664,3320,110.667,camera_5,removed,25
664,3320,110.667,camera_7,lost_track,6
667,3335,111.167,camera_5,removed,23
668,3340,111.333,camera_7,new_track,10
670,3350,111.667,camera_5,new_track,26
670,3350,111.667,camera_6,removed,11
671,3355,111.833,camera_3,lost_track,47
671,3355,111.833,camera_7,removed,7
672,3360,112.0,camera_6,new_track,14
673,3365,112.167,camera_6,reacquired,13
674,3370,112.333,camera_7,lost_track,2
674,3370,112.333,camera_7,lost_track,10
676,3380,112.667,camera_5,lost_track,26
676,3380,112.667,camera_6,lost_track,13
676,3380,112.667,camera_7,new_track,11
676,3380,112.667,camera_7,reacquired,2
676,3380,112.667,camera_7,lost_track,8
678,3390,113.0,camera_5,reacquired,26
678,3390,113.0,camera_6,new_track,15
679,3395,113.167,camera_4,removed,11
679,3395,113.167,camera_7,lost_track,11
680,3400,113.333,camera_6,reacquired,13
681,3405,113.5,camera_7,new_track,12
682,3410,113.667,camera_6,removed,12
683,3415,113.833,camera_5,new_track,27
684,3420,114.0,camera_5,new_track,28
684,3420,114.0,camera_5,new_track,29
685,3425,114.167,camera_7,removed,5
686,3430,114.333,camera_5,lost_track,26
686,3430,114.333,camera_6,new_track,16
686,3430,114.333,camera_6,lost_track,13
687,3435,114.5,camera_5,new_track,30
687,3435,114.5,camera_6,reacquired,13
687,3435,114.5,camera_7,lost_track,2
688,3440,114.667,camera_2,removed,20
688,3440,114.667,camera_5,lost_track,30
688,3440,114.667,camera_7,lost_track,12
689,3445,114.833,camera_6,lost_track,16
689,3445,114.833,camera_7,new_track,13
690,3450,115.0,camera_6,reacquired,16
690,3450,115.0,camera_6,lost_track,13
692,3460,115.333,camera_4,new_track,12
693,3465,115.5,camera_5,reacquired,30
693,3465,115.5,camera_7,removed,9
694,3470,115.667,camera_3,new_track,48
694,3470,115.667,camera_6,lost_track,14
694,3470,115.667,camera_7,removed,6
696,3480,116.0,camera_5,lost_track,28
701,3505,116.833,camera_3,removed,47
701,3505,116.833,camera_6,lost_track,15
703,3515,117.167,camera_4,lost_track,0
703,3515,117.167,camera_5,new_track,31
703,3515,117.167,camera_5,lost_track,30
704,3520,117.333,camera_5,new_track,32
704,3520,117.333,camera_6,new_track,17
704,3520,117.333,camera_7,removed,10
705,3525,117.5,camera_2,new_track,21
705,3525,117.5,camera_4,reacquired,0
705,3525,117.5,camera_4,lost_track,12
705,3525,117.5,camera_5,new_track,33
705,3525,117.5,camera_5,reacquired,30
705,3525,117.5,camera_6,reacquired,13
705,3525,117.5,camera_7,lost_track,13
706,3530,117.667,camera_5,lost_track,33
706,3530,117.667,camera_7,removed,8
707,3535,117.833,camera_5,lost_track,27
707,3535,117.833,camera_5,lost_track,31
708,3540,118.0,camera_5,reacquired,31
708,3540,118.0,camera_5,lost_track,30
708,3540,118.0,camera_6,lost_track,13
709,3545,118.167,camera_6,lost_track,16
709,3545,118.167,camera_7,removed,11
710,3550,118.333,camera_5,lost_track,31
712,3560,118.667,camera_5,new_track,34
713,3565,118.833,camera_5,reacquired,31
716,3580,119.333,camera_2,new_track,22
716,3580,119.333,camera_5,removed,26
717,3585,119.5,camera_7,removed,2
718,3590,119.667,camera_3,lost_track,17
718,3590,119.667,camera_7,removed,12
719,3595,119.833,camera_3,reacquired,17
720,3600,120.0,camera_2,lost_track,22
720,3600,120.0,camera_3,lost_track,48
721,3605,120.167,camera_5,new_track,35
721,3605,120.167,camera_6,lost_track,17
722,3610,120.333,camera_5,new_track,36
722,3610,120.333,camera_5,new_track,37
723,3615,120.5,camera_1,lost_track,19
723,3615,120.5,camera_5,lost_track,24
724,3620,120.667,camera_5,reacquired,33
724,3620,120.667,camera_6,removed,14
725,3625,120.833,camera_2,new_track,23
725,3625,120.833,camera_4,new_track,13
725,3625,120.833,camera_5,lost_track,29
725,3625,120.833,camera_5,lost_track,35
725,3625,120.833,camera_5,lost_track,37
726,3630,121.0,camera_2,lost_track,23
726,3630,121.0,camera_5,removed,28
728,3640,121.333,camera_5,new_track,38
728,3640,121.333,camera_5,reacquired,24
728,3640,121.333,camera_5,lost_track,32
729,3645,121.5,camera_5,reacquired,37
731,3655,121.833,camera_5,new_track,39
731,3655,121.833,camera_6,removed,15
732,3660,122.0,camera_5,lost_track,24
732,3660,122.0,camera_5,lost_track,38
733,3665,122.167,camera_2,new_track,24
734,3670,122.333,camera_4,new_track,14
735,3675,122.5,camera_2,lost_track,24
735,3675,122.5,camera_4,removed,12
735,3675,122.5,camera_5,lost_track,37
735,3675,122.5,camera_7,removed,13
737,3685,122.833,camera_5,reacquired,38
737,3685,122.833,camera_5,removed,27
738,3690,123.0,camera_5,removed,30
738,3690,123.0,camera_6,removed,13
739,3695,123.167,camera_6,removed,16
740,3700,123.333,camera_5,lost_track,34
741,3705,123.5,camera_5,new_track,40
741,3705,123.5,camera_5,reacquired,37
741,3705,123.5,camera_5,lost_track,33
742,3710,123.667,camera_5,new_track,41
742,3710,123.667,camera_5,lost_track,37
743,3715,123.833,camera_2,reacquired,24
743,3715,123.833,camera_2,lost_track,21
743,3715,123.833,camera_5,lost_track,40
744,3720,124.0,camera_4,lost_track,13
744,3720,124.0,camera_5,new_track,42
744,3720,124.0,camera_5,reacquired,40
745,3725,124.167,camera_2,lost_track,24
745,3725,124.167,camera_4,reacquired,13
745,3725,124.167,camera_5,new_track,43
745,3725,124.167,camera_5,lost_track,40
747,3735,124.5,camera_5,reacquired,40
748,3740,124.667,camera_4,new_track,15
748,3740,124.667,camera_5,lost_track,31
749,3745,124.833,camera_4,lost_track,15
749,3745,124.833,camera_5,reacquired,31
750,3750,125.0,camera_2,removed,22
750,3750,125.0,camera_3,removed,48
750,3750,125.0,camera_5,lost_track,41
751,3755,125.167,camera_4,lost_track,0
751,3755,125.167,camera_5,lost_track,38
751,3755,125.167,camera_6,removed,17
753,3765,125.5,camera_1,removed,19
753,3765,125.5,camera_5,new_track,44
753,3765,125.5,camera_5,lost_track,40
754,3770,125.667,camera_5,reacquired,40
754,3770,125.667,camera_5,lost_track,31
755,3775,125.833,camera_5,lost_track,40
755,3775,125.833,camera_5,removed,29
755,3775,125.833,camera_5,removed,35
756,3780,126.0,camera_2,removed,23
756,3780,126.0,camera_3,new_track,49
756,3780,126.0,camera_3,new_track,50
756,3780,126.0,camera_5,new_track,45
756,3780,126.0,camera_5,reacquired,40
757,3785,126.167,camera_5,lost_track,36
757,3785,126.167,camera_5,lost_track,44
758,3790,126.333,camera_4,lost_track,14
758,3790,126.333,camera_5,lost_track,42
758,3790,126.333,camera_5,removed,32
759,3795,126.5,camera_4,reacquired,14
759,3795,126.5,camera_5,new_track,46
761,3805,126.833,camera_5,new_track,47
761,3805,126.833,camera_6,new_track,18
762,3810,127.0,camera_4,lost_track,14
762,3810,127.0,camera_5,removed,24
764,3820,127.333,camera_5,new_track,48
765,3825,127.5,camera_5,lost_track,39
766,3830,127.667,camera_3,lost_track,17
766,3830,127.667,camera_4,new_track,16
766,3830,127.667,camera_4,lost_track,13
766,3830,127.667,camera_5,lost_track,40
766,3830,127.667,camera_7,new_track,14
767,3835,127.833,camera_5,new_track,49
768,3840,128.0,camera_5,new_track,50
768,3840,128.0,camera_5,lost_track,43
768,3840,128.0,camera_7,lost_track,4
770,3850,128.333,camera_5,removed,34
771,3855,128.5,camera_5,removed,33
771,3855,128.5,camera_6,new_track,19
772,3860,128.667,camera_5,new_track,51
772,3860,128.667,camera_5,lost_track,47
772,3860,128.667,camera_5,removed,37
773,3865,128.833,camera_2,removed,21
773,3865,128.833,camera_4,lost_track,16
774,3870,129.0,camera_3,lost_track,50
774,3870,129.0,camera_7,reacquired,4
775,3875,129.167,camera_2,removed,24
775,3875,129.167,camera_3,reacquired,50
775,3875,129.167,camera_7,lost_track,14
776,3880,129.333,camera_5,new_track,52
777,3885,129.5,camera_6,lost_track,19
777,3885,129.5,camera_7,new_track,15
778,3890,129.667,camera_5,new_track,53
778,3890,129.667,camera_5,new_track,54
778,3890,129.667,camera_5,lost_track,51
779,3895,129.833,camera_4,removed,15
779,3895,129.833,camera_6,lost_track,18
780,3900,130.0,camera_3,lost_track,50
780,3900,130.0,camera_5,new_track,55
780,3900,130.0,camera_5,removed,41
781,3905,130.167,camera_4,removed,0
781,3905,130.167,camera_5,removed,38
782,3910,130.333,camera_5,lost_track,49
783,3915,130.5,camera_5,reacquired,49
783,3915,130.5,camera_5,lost_track,52
783,3915,130.5,camera_5,lost_track,54
784,3920,130.667,camera_5,new_track,56
784,3920,130.667,camera_5,lost_track,50
784,3920,130.667,camera_5,lost_track,53
784,3920,130.667,camera_5,lost_track,55
784,3920,130.667,camera_5,removed,31
787,3935,131.167,camera_4,new_track,17
787,3935,131.167,camera_5,lost_track,46
787,3935,131.167,camera_5,removed,36
787,3935,131.167,camera_5,removed,44
788,3940,131.333,camera_5,removed,42
789,3945,131.5,camera_5,new_track,57
789,3945,131.5,camera_5,lost_track,48
790,3950,131.667,camera_5,new_track,58
790,3950,131.667,camera_5,new_track,59
790,3950,131.667,camera_5,reacquired,50
790,3950,131.667,camera_5,lost_track,56
791,3955,131.833,camera_5,new_track,60
792,3960,132.0,camera_4,removed,14
793,3965,132.167,camera_5,lost_track,57
793,3965,132.167,camera_5,lost_track,58
794,3970,132.333,camera_5,reacquired,57
795,3975,132.5,camera_5,lost_track,57
795,3975,132.5,camera_5,removed,39
796,3980,132.667,camera_3,removed,17
796,3980,132.667,camera_4,lost_track,17
796,3980,132.667,camera_4,removed,13
796,3980,132.667,camera_5,removed,40
797,3985,132.833,camera_5,reacquired,57
798,3990,133.0,camera_5,reacquired,58
798,3990,133.0,camera_5,lost_track,50
798,3990,133.0,camera_5,lost_track,60
798,3990,133.0,camera_5,removed,43
799,3995,133.167,camera_4,new_track,18
799,3995,133.167,camera_4,new_track,19
799,3995,133.167,camera_5,new_track,61
802,4010,133.667,camera_5,lost_track,59
802,4010,133.667,camera_5,removed,47
803,4015,133.833,camera_4,removed,16
803,4015,133.833,camera_5,reacquired,59
803,4015,133.833,camera_5,reacquired,60
804,4020,134.0,camera_5,lost_track,57
804,4020,134.0,camera_5,lost_track,61
805,4025,134.167,camera_7,removed,14
806,4030,134.333,camera_5,new_track,62
807,4035,134.5,camera_5,new_track,63
807,4035,134.5,camera_5,lost_track,49
807,4035,134.5,camera_6,removed,19
808,4040,134.667,camera_5,removed,51
809,4045,134.833,camera_6,removed,18
810,4050,135.0,camera_3,removed,50
810,4050,135.0,camera_4,new_track,20
811,4055,135.167,camera_4,lost_track,20
812,4060,135.333,camera_3,new_track,51
813,4065,135.5,camera_3,new_track,52
813,4065,135.5,camera_4,new_track,21
813,4065,135.5,camera_5,lost_track,59
813,4065,135.5,camera_5,lost_track,62
813,4065,135.5,camera_5,removed,52
813,4065,135.5,camera_5,removed,54
814,4070,135.667,camera_4,lost_track,21
814,4070,135.667,camera_5,removed,53
814,4070,135.667,camera_5,removed,55
815,4075,135.833,camera_4,reacquired,17
815,4075,135.833,camera_5,new_track,64
817,4085,136.167,camera_5,new_track,65
817,4085,136.167,camera_5,removed,46
817,4085,136.167,camera_6,new_track,20
819,4095,136.5,camera_5,removed,48
819,4095,136.5,camera_6,new_track,21
819,4095,136.5,camera_7,lost_track,4
820,4100,136.667,camera_5,removed,56
821,4105,136.833,camera_3,lost_track,52
821,4105,136.833,camera_5,new_track,66
822,4110,137.0,camera_5,lost_track,64
822,4110,137.0,camera_6,lost_track,21
823,4115,137.167,camera_5,new_track,67
824,4120,137.333,camera_2,new_track,25
825,4125,137.5,camera_5,new_track,68
827,4135,137.833,camera_3,new_track,53
827,4135,137.833,camera_3,reacquired,52
827,4135,137.833,camera_4,new_track,22
827,4135,137.833,camera_5,reacquired,59
827,4135,137.833,camera_5,lost_track,63
828,4140,138.0,camera_3,lost_track,52
828,4140,138.0,camera_4,lost_track,19
828,4140,138.0,camera_5,removed,50
829,4145,138.167,camera_3,lost_track,49
829,4145,138.167,camera_5,reacquired,63
831,4155,138.5,camera_2,new_track,26
831,4155,138.5,camera_3,reacquired,49
831,4155,138.5,camera_5,lost_track,59
832,4160,138.667,camera_3,new_track,54
832,4160,138.667,camera_3,lost_track,51
834,4170,139.0,camera_4,lost_track,22
834,4170,139.0,camera_5,removed,57
834,4170,139.0,camera_5,removed,61
834,4170,139.0,camera_6,lost_track,20
835,4175,139.167,camera_5,reacquired,64
835,4175,139.167,camera_5,lost_track,67
835,4175,139.167,camera_5,lost_track,68
836,4180,139.333,camera_2,lost_track,25
836,4180,139.333,camera_3,lost_track,54
837,4185,139.5,camera_1,new_track,20
837,4185,139.5,camera_5,reacquired,67
837,4185,139.5,camera_5,lost_track,66
837,4185,139.5,camera_5,removed,49
838,4190,139.667,camera_4,new_track,23
838,4190,139.667,camera_5,new_track,69
838,4190,139.667,camera_5,new_track,70
838,4190,139.667,camera_5,lost_track,65
840,4200,140.0,camera_5,new_track,71
840,4200,140.0,camera_5,lost_track,67
841,4205,140.167,camera_4,removed,20
842,4210,140.333,camera_2,new_track,27
842,4210,140.333,camera_4,lost_track,18
843,4215,140.5,camera_1,new_track,21
843,4215,140.5,camera_4,reacquired,18
843,4215,140.5,camera_4,lost_track,23
843,4215,140.5,camera_5,removed,62
844,4220,140.667,camera_4,removed,21
845,4225,140.833,camera_3,new_track,55
845,4225,140.833,camera_4,lost_track,17
845,4225,140.833,camera_5,new_track,72
845,4225,140.833,camera_5,lost_track,69
846,4230,141.0,camera_5,lost_track,45
847,4235,141.167,camera_4,reacquired,23
848,4240,141.333,camera_2,new_track,28
849,4245,141.5,camera_7,removed,4
851,4255,141.833,camera_5,reacquired,68
852,4260,142.0,camera_6,removed,21
854,4270,142.333,camera_2,lost_track,28
854,4270,142.333,camera_4,new_track,24
854,4270,142.333,camera_5,lost_track,63
854,4270,142.333,camera_5,lost_track,70
855,4275,142.5,camera_2,new_track,29
855,4275,142.5,camera_5,new_track,73
855,4275,142.5,camera_5,reacquired,70
856,4280,142.667,camera_2,reacquired,28
856,4280,142.667,camera_5,new_track,74
858,4290,143.0,camera_3,removed,52
858,4290,143.0,camera_4,removed,19
858,4290,143.0,camera_5,reacquired,45
860,4300,143.333,camera_3,reacquired,51
860,4300,143.333,camera_3,lost_track,49
860,4300,143.333,camera_3,lost_track,55
861,4305,143.5,camera_2,lost_track,29
861,4305,143.5,camera_5,lost_track,60
861,4305,143.5,camera_5,removed,59
862,4310,143.667,camera_3,new_track,56
862,4310,143.667,camera_4,lost_track,23
862,4310,143.667,camera_5,lost_track,64
863,4315,143.833,camera_1,new_track,22
864,4320,144.0,camera_1,lost_track,20
864,4320,144.0,camera_4,removed,22
864,4320,144.0,camera_5,new_track,75
864,4320,144.0,camera_5,lost_track,58
864,4320,144.0,camera_6,removed,20
865,4325,144.167,camera_3,new_track,57
865,4325,144.167,camera_4,new_track,25
865,4325,144.167,camera_5,lost_track,68
866,4330,144.333,camera_2,removed,25
866,4330,144.333,camera_3,removed,54
866,4330,144.333,camera_5,reacquired,68
867,4335,144.5,camera_1,reacquired,20
867,4335,144.5,camera_2,lost_track,28
867,4335,144.5,camera_5,new_track,76
867,4335,144.5,camera_5,removed,66
868,4340,144.667,camera_3,lost_track,51
868,4340,144.667,camera_5,lost_track,73
868,4340,144.667,camera_5,removed,65
869,4345,144.833,camera_3,lost_track,57
869,4345,144.833,camera_4,lost_track,25
870,4350,145.0,camera_1,lost_track,21
870,4350,145.0,camera_2,new_track,30
870,4350,145.0,camera_2,new_track,31
870,4350,145.0,camera_5,reacquired,73
870,4350,145.0,camera_5,lost_track,72
870,4350,145.0,camera_5,removed,67
871,4355,145.167,camera_2,lost_track,27
871,4355,145.167,camera_5,lost_track,73
872,4360,145.333,camera_1,lost_track,20
872,4360,145.333,camera_3,reacquired,49
872,4360,145.333,camera_3,reacquired,57
872,4360,145.333,camera_3,lost_track,53
872,4360,145.333,camera_4,new_track,26
872,4360,145.333,camera_5,reacquired,72
872,4360,145.333,camera_5,lost_track,68
873,4365,145.5,camera_5,reacquired,68
873,4365,145.5,camera_5,reacquired,69
874,4370,145.667,camera_5,lost_track,70
874,4370,145.667,camera_5,lost_track,71
874,4370,145.667,camera_5,lost_track,75
875,4375,145.833,camera_3,lost_track,49
875,4375,145.833,camera_4,removed,17
875,4375,145.833,camera_5,reacquired,71
875,4375,145.833,camera_5,reacquired,73
875,4375,145.833,camera_5,reacquired,75
875,4375,145.833,camera_5,lost_track,74
876,4380,146.0,camera_3,reacquired,49
876,4380,146.0,camera_3,lost_track,56
876,4380,146.0,camera_3,lost_track,57
876,4380,146.0,camera_5,reacquired,74
876,4380,146.0,camera_5,lost_track,73
877,4385,146.167,camera_1,reacquired,21
877,4385,146.167,camera_5,new_track,77
878,4390,146.333,camera_5,lost_track,69
878,4390,146.333,camera_5,lost_track,72
878,4390,146.333,camera_5,lost_track,76
879,4395,146.5,camera_1,lost_track,22
879,4395,146.5,camera_5,reacquired,72
879,4395,146.5,camera_5,lost_track,74
880,4400,146.667,camera_1,reacquired,22
880,4400,146.667,camera_5,new_track,78
880,4400,146.667,camera_5,reacquired,69
881,4405,146.833,camera_1,lost_track,21
881,4405,146.833,camera_3,lost_track,49
881,4405,146.833,camera_5,reacquired,70
882,4410,147.0,camera_6,new_track,22
883,4415,147.167,camera_1,lost_track,22
883,4415,147.167,camera_4,lost_track,26
883,4415,147.167,camera_5,new_track,79
883,4415,147.167,camera_5,lost_track,45
884,4420,147.333,camera_5,removed,63
886,4430,147.667,camera_2,lost_track,31
886,4430,147.667,camera_5,lost_track,68
887,4435,147.833,camera_5,reacquired,68
889,4445,148.167,camera_2,lost_track,26
889,4445,148.167,camera_5,new_track,80
890,4450,148.333,camera_3,removed,55
890,4450,148.333,camera_5,new_track,81
891,4455,148.5,camera_2,removed,29
891,4455,148.5,camera_5,removed,60
891,4455,148.5,camera_6,new_track,23
892,4460,148.667,camera_4,removed,23
892,4460,148.667,camera_5,removed,64
894,4470,149.0,camera_5,removed,58
895,4475,149.167,camera_2,new_track,32
897,4485,149.5,camera_2,removed,28
897,4485,149.5,camera_5,lost_track,71
897,4485,149.5,camera_5,lost_track,81
897,4485,149.5,camera_6,new_track,24
897,4485,149.5,camera_6,new_track,25
898,4490,149.667,camera_3,removed,51
899,4495,149.833,camera_4,removed,25
900,4500,150.0,camera_2,lost_track,32
900,4500,150.0,camera_5,lost_track,75
901,4505,150.167,camera_2,removed,27
901,4505,150.167,camera_5,new_track,82
902,4510,150.333,camera_1,removed,20
902,4510,150.333,camera_3,removed,53
902,4510,150.333,camera_5,new_track,83
902,4510,150.333,camera_6,new_track,26
903,4515,150.5,camera_5,reacquired,81
903,4515,150.5,camera_5,lost_track,83
903,4515,150.5,camera_7,lost_track,15
904,4520,150.667,camera_4,reacquired,26
905,4525,150.833,camera_5,new_track,84
905,4525,150.833,camera_5,lost_track,79
906,4530,151.0,camera_2,lost_track,30
906,4530,151.0,camera_3,removed,56
906,4530,151.0,camera_3,removed,57
906,4530,151.0,camera_4,lost_track,26
906,4530,151.0,camera_5,reacquired,76
906,4530,151.0,camera_5,lost_track,70
906,4530,151.0,camera_5,lost_track,84
906,4530,151.0,camera_5,removed,73
907,4535,151.167,camera_5,new_track,85
908,4540,151.333,camera_5,lost_track,68
908,4540,151.333,camera_6,lost_track,25
909,4545,151.5,camera_5,reacquired,68
909,4545,151.5,camera_5,removed,74
910,4550,151.667,camera_5,lost_track,82
910,4550,151.667,camera_7,new_track,16
911,4555,151.833,camera_1,removed,21
911,4555,151.833,camera_3,removed,49
911,4555,151.833,camera_5,new_track,86
911,4555,151.833,camera_5,reacquired,82
911,4555,151.833,camera_6,lost_track,24
913,4565,152.167,camera_1,removed,22
913,4565,152.167,camera_5,removed,45
913,4565,152.167,camera_6,reacquired,25
914,4570,152.333,camera_5,lost_track,76
915,4575,152.5,camera_5,lost_track,82
916,4580,152.667,camera_2,removed,31
916,4580,152.667,camera_5,lost_track,69
917,4585,152.833,camera_5,reacquired,82
918,4590,153.0,camera_5,reacquired,69
919,4595,153.167,camera_2,removed,26
919,4595,153.167,camera_5,new_track,87
919,4595,153.167,camera_5,new_track,88
919,4595,153.167,camera_5,reacquired,76
919,4595,153.167,camera_5,lost_track,69
919,4595,153.167,camera_5,lost_track,80
919,4595,153.167,camera_5,lost_track,82
920,4600,153.333,camera_5,new_track,89
920,4600,153.333,camera_5,reacquired,69
920,4600,153.333,camera_5,reacquired,82
920,4600,153.333,camera_5,lost_track,86
921,4605,153.5,camera_5,reacquired,86
921,4605,153.5,camera_5,lost_track,76
921,4605,153.5,camera_5,lost_track,77
921,4605,153.5,camera_5,lost_track,82
921,4605,153.5,camera_5,lost_track,88
922,4610,153.667,camera_6,lost_track,25
923,4615,153.833,camera_5,reacquired,82
923,4615,153.833,camera_5,lost_track,69
926,4630,154.333,camera_5,reacquired,69
926,4630,154.333,camera_5,lost_track,82
926,4630,154.333,camera_5,lost_track,89
926,4630,154.333,camera_6,lost_track,23
927,4635,154.5,camera_5,removed,71
927,4635,154.5,camera_6,new_track,27
928,4640,154.667,camera_5,reacquired,76
928,4640,154.667,camera_5,lost_track,86
928,4640,154.667,camera_6,lost_track,27
929,4645,154.833,camera_5,reacquired,86
930,4650,155.0,camera_2,removed,32
930,4650,155.0,camera_4,new_track,27
930,4650,155.0,camera_5,reacquired,82
930,4650,155.0,camera_5,removed,75
930,4650,155.0,camera_6,new_track,28
931,4655,155.167,camera_5,new_track,90
931,4655,155.167,camera_5,reacquired,88
931,4655,155.167,camera_5,lost_track,78
932,4660,155.333,camera_5,lost_track,88
932,4660,155.333,camera_6,new_track,29
933,4665,155.5,camera_4,lost_track,24
933,4665,155.5,camera_5,reacquired,78
933,4665,155.5,camera_5,reacquired,88
933,4665,155.5,camera_5,lost_track,69
933,4665,155.5,camera_5,lost_track,76
933,4665,155.5,camera_5,lost_track,85
933,4665,155.5,camera_5,removed,83
933,4665,155.5,camera_7,removed,15
934,4670,155.667,camera_5,new_track,91
934,4670,155.667,camera_5,reacquired,85
935,4675,155.833,camera_4,lost_track,27
935,4675,155.833,camera_5,removed,79
936,4680,156.0,camera_2,removed,30
936,4680,156.0,camera_4,new_track,28
936,4680,156.0,camera_4,removed,26
936,4680,156.0,camera_5,removed,70
936,4680,156.0,camera_5,removed,84
937,4685,156.167,camera_4,reacquired,24
937,4685,156.167,camera_5,lost_track,91
938,4690,156.333,camera_4,lost_track,24
938,4690,156.333,camera_5,new_track,92
938,4690,156.333,camera_5,lost_track,68
938,4690,156.333,camera_6,lost_track,28
939,4695,156.5,camera_5,lost_track,85
939,4695,156.5,camera_6,reacquired,28
940,4700,156.667,camera_4,lost_track,28
940,4700,156.667,camera_5,reacquired,76
940,4700,156.667,camera_6,new_track,30
940,4700,156.667,camera_6,lost_track,29
941,4705,156.833,camera_6,reacquired,29
941,4705,156.833,camera_6,removed,24
942,4710,157.0,camera_5,reacquired,69
943,4715,157.167,camera_5,lost_track,92
943,4715,157.167,camera_6,lost_track,26
945,4725,157.5,camera_5,reacquired,92
945,4725,157.5,camera_5,lost_track,69
946,4730,157.667,camera_5,reacquired,69
946,4730,157.667,camera_6,lost_track,22
946,4730,157.667,camera_6,lost_track,30
946,4730,157.667,camera_7,new_track,17
947,4735,157.833,camera_5,new_track,93
947,4735,157.833,camera_5,lost_track,72
947,4735,157.833,camera_6,lost_track,29
948,4740,158.0,camera_4,reacquired,27
948,4740,158.0,camera_5,lost_track,69
948,4740,158.0,camera_5,lost_track,87
948,4740,158.0,camera_5,lost_track,90
948,4740,158.0,camera_7,lost_track,17
949,4745,158.167,camera_5,new_track,94
949,4745,158.167,camera_5,new_track,95
949,4745,158.167,camera_5,lost_track,88
949,4745,158.167,camera_5,removed,80
949,4745,158.167,camera_6,reacquired,30
950,4750,158.333,camera_2,new_track,33
950,4750,158.333,camera_5,lost_track,86
950,4750,158.333,camera_5,lost_track,93
950,4750,158.333,camera_7,new_track,18
951,4755,158.5,camera_5,lost_track,78
951,4755,158.5,camera_5,removed,77
951,4755,158.5,camera_6,lost_track,30
951,4755,158.5,camera_7,reacquired,17
952,4760,158.667,camera_5,new_track,96
952,4760,158.667,camera_5,lost_track,81
952,4760,158.667,camera_6,removed,25
953,4765,158.833,camera_4,new_track,29
953,4765,158.833,camera_5,new_track,97
954,4770,159.0,camera_5,new_track,98
954,4770,159.0,camera_6,lost_track,28
955,4775,159.167,camera_4,lost_track,29
955,4775,159.167,camera_5,reacquired,81
956,4780,159.333,camera_5,removed,89
956,4780,159.333,camera_6,removed,23
957,4785,159.5,camera_5,new_track,99
958,4790,159.667,camera_6,removed,27
959,4795,159.833,camera_4,reacquired,29
961,4805,160.167,camera_5,lost_track,82
961,4805,160.167,camera_5,lost_track,97
961,4805,160.167,camera_7,lost_track,18
962,4810,160.333,camera_4,new_track,30
962,4810,160.333,camera_5,new_track,100
962,4810,160.333,camera_7,new_track,19
963,4815,160.5,camera_5,new_track,101
964,4820,160.667,camera_4,new_track,31
964,4820,160.667,camera_5,reacquired,97
964,4820,160.667,camera_5,lost_track,95
965,4825,160.833,camera_4,lost_track,30
965,4825,160.833,camera_4,lost_track,31
966,4830,161.0,camera_4,reacquired,30
966,4830,161.0,camera_5,reacquired,82
966,4830,161.0,camera_5,lost_track,92
966,4830,161.0,camera_5,lost_track,101
967,4835,161.167,camera_2,new_track,34
967,4835,161.167,camera_4,new_track,32
967,4835,161.167,camera_5,new_track,102
967,4835,161.167,camera_5,lost_track,82
967,4835,161.167,camera_5,removed,91
967,4835,161.167,camera_7,lost_track,19
968,4840,161.333,camera_2,lost_track,34
968,4840,161.333,camera_4,removed,24
968,4840,161.333,camera_5,lost_track,100
968,4840,161.333,camera_5,removed,68
969,4845,161.5,camera_2,reacquired,34
969,4845,161.5,camera_4,lost_track,32
969,4845,161.5,camera_5,reacquired,88
969,4845,161.5,camera_5,lost_track,98
969,4845,161.5,camera_5,removed,85
970,4850,161.667,camera_4,removed,28
972,4860,162.0,camera_5,lost_track,88
972,4860,162.0,camera_5,lost_track,96
973,4865,162.167,camera_5,reacquired,88
973,4865,162.167,camera_5,reacquired,98
973,4865,162.167,camera_6,removed,26
974,4870,162.333,camera_3,new_track,58
974,4870,162.333,camera_5,new_track,103
975,4875,162.5,camera_5,lost_track,97
975,4875,162.5,camera_5,lost_track,98
976,4880,162.667,camera_2,lost_track,33
976,4880,162.667,camera_4,reacquired,31
976,4880,162.667,camera_6,removed,22
977,4885,162.833,camera_5,lost_track,103
977,4885,162.833,camera_5,removed,72
977,4885,162.833,camera_6,removed,29
978,4890,163.0,camera_4,lost_track,18
978,4890,163.0,camera_5,removed,69
978,4890,163.0,camera_5,removed,87
978,4890,163.0,camera_5,removed,90
979,4895,163.167,camera_4,lost_track,31
979,4895,163.167,camera_5,new_track,104
980,4900,163.333,camera_5,lost_track,94
980,4900,163.333,camera_5,removed,86
980,4900,163.333,camera_5,removed,93
981,4905,163.5,camera_5,reacquired,94
981,4905,163.5,camera_5,lost_track,81
981,4905,163.5,camera_5,lost_track,88
981,4905,163.5,camera_5,removed,78
981,4905,163.5,camera_6,removed,30
982,4910,163.667,camera_2,new_track,35
982,4910,163.667,camera_4,reacquired,18
982,4910,163.667,camera_4,lost_track,27
982,4910,163.667,camera_5,reacquired,88
983,4915,163.833,camera_3,new_track,59
983,4915,163.833,camera_4,lost_track,18
983,4915,163.833,camera_5,reacquired,81
984,4920,164.0,camera_6,removed,28
986,4930,164.333,camera_1,new_track,23
986,4930,164.333,camera_2,new_track,36
990,4950,165.0,camera_4,lost_track,30
990,4950,165.0,camera_5,lost_track,88
991,4955,165.167,camera_1,new_track,24
991,4955,165.167,camera_7,new_track,20
991,4955,165.167,camera_7,removed,18
992,4960,165.333,camera_3,new_track,60
992,4960,165.333,camera_5,new_track,105
993,4965,165.5,camera_5,lost_track,102
994,4970,165.667,camera_1,lost_track,23
994,4970,165.667,camera_2,new_track,37
994,4970,165.667,camera_5,removed,95
995,4975,165.833,camera_3,new_track,61
996,4980,166.0,camera_5,removed,92
996,4980,166.0,camera_5,removed,101
997,4985,166.167,camera_3,lost_track,61
997,4985,166.167,camera_5,new_track,106
997,4985,166.167,camera_5,lost_track,81
997,4985,166.167,camera_5,removed,82
997,4985,166.167,camera_7,removed,19
998,4990,166.333,camera_1,new_track,25
998,4990,166.333,camera_5,removed,100
998,4990,166.333,camera_7,lost_track,20
999,4995,166.5,camera_4,removed,32
999,4995,166.5,camera_5,new_track,107
1001,5005,166.833,camera_5,lost_track,105
1001,5005,166.833,camera_5,lost_track,107
1002,5010,167.0,camera_5,removed,96
1003,5015,167.167,camera_1,lost_track,25
1003,5015,167.167,camera_2,lost_track,36
1003,5015,167.167,camera_3,lost_track,59
1005,5025,167.5,camera_5,removed,97
1005,5025,167.5,camera_5,removed,98
1006,5030,167.667,camera_2,removed,33
1006,5030,167.667,camera_5,lost_track,106
1007,5035,167.833,camera_5,new_track,108
1007,5035,167.833,camera_5,lost_track,104
1007,5035,167.833,camera_5,removed,103
1009,5045,168.167,camera_2,lost_track,34
1009,5045,168.167,camera_4,removed,31
1009,5045,168.167,camera_5,new_track,109
1009,5045,168.167,camera_5,new_track,110
1011,5055,168.5,camera_5,reacquired,104
1012,5060,168.667,camera_4,removed,27
1012,5060,168.667,camera_5,new_track,111
1013,5065,168.833,camera_4,removed,18
1013,5065,168.833,camera_5,lost_track,104
1013,5065,168.833,camera_5,lost_track,109
1015,5075,169.167,camera_3,lost_track,58
1015,5075,169.167,camera_5,reacquired,106
1016,5080,169.333,camera_3,new_track,62
1016,5080,169.333,camera_3,lost_track,60
1016,5080,169.333,camera_5,new_track,112
1016,5080,169.333,camera_5,lost_track,106
1017,5085,169.5,camera_5,new_track,113
1017,5085,169.5,camera_5,reacquired,106
1017,5085,169.5,camera_5,lost_track,112
1017,5085,169.5,camera_7,new_track,21
1018,5090,169.667,camera_5,lost_track,106
1019,5095,169.833,camera_5,lost_track,110
1020,5100,170.0,camera_3,new_track,63
1020,5100,170.0,camera_4,removed,30
1020,5100,170.0,camera_5,removed,88
1021,5105,170.167,camera_5,lost_track,76
1023,5115,170.5,camera_5,removed,102
1024,5120,170.667,camera_1,removed,23
1024,5120,170.667,camera_4,lost_track,29
1026,5130,171.0,camera_1,reacquired,25
1026,5130,171.0,camera_2,new_track,38
1027,5135,171.167,camera_3,removed,61
1027,5135,171.167,camera_5,removed,81
1028,5140,171.333,camera_1,new_track,26
1028,5140,171.333,camera_7,removed,20
1029,5145,171.5,camera_1,lost_track,25
1029,5145,171.5,camera_5,new_track,114
1029,5145,171.5,camera_5,reacquired,112
1030,5150,171.667,camera_2,lost_track,38
1031,5155,171.833,camera_2,reacquired,38
1031,5155,171.833,camera_5,reacquired,110
1031,5155,171.833,camera_5,lost_track,113
1031,5155,171.833,camera_5,removed,105
1031,5155,171.833,camera_5,removed,107
1032,5160,172.0,camera_3,new_track,64
1032,5160,172.0,camera_5,lost_track,94
1033,5165,172.167,camera_2,removed,36
1033,5165,172.167,camera_3,removed,59
1033,5165,172.167,camera_5,lost_track,110
1034,5170,172.333,camera_1,new_track,27
1034,5170,172.333,camera_5,reacquired,110
1035,5175,172.5,camera_2,lost_track,35
1035,5175,172.5,camera_5,reacquired,106
1035,5175,172.5,camera_5,lost_track,99
1037,5185,172.833,camera_1,new_track,28
1037,5185,172.833,camera_1,lost_track,27
1037,5185,172.833,camera_2,new_track,39
1037,5185,172.833,camera_5,lost_track,106
1037,5185,172.833,camera_7,lost_track,21
1038,5190,173.0,camera_5,lost_track,111
1039,5195,173.167,camera_2,removed,34
1039,5195,173.167,camera_5,lost_track,110
1039,5195,173.167,camera_5,lost_track,112
1040,5200,173.333,camera_5,reacquired,110
1043,5215,173.833,camera_3,new_track,65
1043,5215,173.833,camera_5,lost_track,114
1043,5215,173.833,camera_5,removed,104
1043,5215,173.833,camera_5,removed,109
1045,5225,174.167,camera_3,removed,58
1046,5230,174.333,camera_1,lost_track,26
1046,5230,174.333,camera_3,removed,60
1047,5235,174.5,camera_1,lost_track,28
1049,5245,174.833,camera_5,reacquired,113
1049,5245,174.833,camera_7,new_track,22
1050,5250,175.0,camera_3,new_track,66
1050,5250,175.0,camera_5,reacquired,114
1051,5255,175.167,camera_1,new_track,29
1051,5255,175.167,camera_5,reacquired,112
1051,5255,175.167,camera_5,removed,76
1053,5265,175.5,camera_3,new_track,67
1054,5270,175.667,camera_3,new_track,68
1054,5270,175.667,camera_4,removed,29
1054,5270,175.667,camera_7,lost_track,22
1055,5275,175.833,camera_1,reacquired,26
1055,5275,175.833,camera_5,lost_track,113
1056,5280,176.0,camera_2,new_track,40
1056,5280,176.0,camera_5,new_track,115
1057,5285,176.167,camera_3,lost_track,67
1058,5290,176.333,camera_1,lost_track,24
1059,5295,176.5,camera_1,removed,25
1059,5295,176.5,camera_5,new_track,116
1060,5300,176.667,camera_7,new_track,23
1062,5310,177.0,camera_5,removed,94
1063,5315,177.167,camera_4,new_track,33
1064,5320,177.333,camera_5,lost_track,116
1065,5325,177.5,camera_2,removed,35
1065,5325,177.5,camera_5,removed,99
1067,5335,177.833,camera_1,new_track,30
1067,5335,177.833,camera_1,removed,27
1067,5335,177.833,camera_5,lost_track,110
1067,5335,177.833,camera_5,removed,106
1067,5335,177.833,camera_7,removed,21
1068,5340,178.0,camera_5,removed,111
1070,5350,178.333,camera_7,lost_track,23
1071,5355,178.5,camera_2,new_track,41
1073,5365,178.833,camera_2,lost_track,37
1073,5365,178.833,camera_6,new_track,31
1073,5365,178.833,camera_7,new_track,24
1074,5370,179.0,camera_5,new_track,117
1075,5375,179.167,camera_6,new_track,32
1076,5380,179.333,camera_2,reacquired,37
1076,5380,179.333,camera_2,lost_track,41
1076,5380,179.333,camera_4,new_track,34
1076,5380,179.333,camera_5,lost_track,108
1076,5380,179.333,camera_5,lost_track,115
1076,5380,179.333,camera_7,lost_track,24
1077,5385,179.5,camera_1,removed,28
1078,5390,179.667,camera_2,reacquired,41
1078,5390,179.667,camera_2,lost_track,37
1079,5395,179.833,camera_2,reacquired,37
1079,5395,179.833,camera_2,lost_track,41
1079,5395,179.833,camera_5,lost_track,112
1079,5395,179.833,camera_6,lost_track,32
1081,5405,180.167,camera_6,new_track,33
1082,5410,180.333,camera_3,new_track,69
1082,5410,180.333,camera_3,lost_track,62
1083,5415,180.5,camera_4,lost_track,33
1084,5420,180.667,camera_3,new_track,70
1084,5420,180.667,camera_3,lost_track,68
1084,5420,180.667,camera_6,new_track,34
1084,5420,180.667,camera_7,lost_track,0
1084,5420,180.667,camera_7,removed,22
1085,5425,180.833,camera_3,new_track,71
1085,5425,180.833,camera_5,removed,113
1086,5430,181.0,camera_3,lost_track,69
1087,5435,181.167,camera_2,new_track,42
1087,5435,181.167,camera_2,reacquired,41
1087,5435,181.167,camera_2,lost_track,37
1087,5435,181.167,camera_3,removed,67
1088,5440,181.333,camera_1,removed,24
1088,5440,181.333,camera_3,lost_track,63
1088,5440,181.333,camera_6,lost_track,34
1089,5445,181.5,camera_3,reacquired,63
1089,5445,181.5,camera_6,reacquired,34
1090,5450,181.667,camera_5,lost_track,117
1091,5455,181.833,camera_6,new_track,35
1091,5455,181.833,camera_6,lost_track,34
1092,5460,182.0,camera_1,lost_track,30
1093,5465,182.167,camera_6,lost_track,35
1093,5465,182.167,camera_7,lost_track,17
1094,5470,182.333,camera_2,lost_track,38
1094,5470,182.333,camera_4,lost_track,34
1094,5470,182.333,camera_5,removed,116
1095,5475,182.5,camera_6,new_track,36
1096,5480,182.667,camera_4,new_track,35
1096,5480,182.667,camera_6,new_track,37
1096,5480,182.667,camera_6,lost_track,36
1097,5485,182.833,camera_5,new_track,118
1097,5485,182.833,camera_5,removed,110
1097,5485,182.833,camera_6,reacquired,36
1097,5485,182.833,camera_6,lost_track,31
1097,5485,182.833,camera_6,lost_track,37
1100,5500,183.333,camera_1,lost_track,29
1100,5500,183.333,camera_5,lost_track,118
1100,5500,183.333,camera_7,removed,23
1101,5505,183.5,camera_2,new_track,43
1102,5510,183.667,camera_5,lost_track,114
1102,5510,183.667,camera_6,lost_track,33
1103,5515,183.833,camera_1,new_track,31
1103,5515,183.833,camera_6,new_track,38
1104,5520,184.0,camera_6,lost_track,38
1106,5530,184.333,camera_2,lost_track,42
1106,5530,184.333,camera_5,removed,108
1106,5530,184.333,camera_5,removed,115
1106,5530,184.333,camera_7,removed,24
1107,5535,184.5,camera_3,new_track,72
1107,5535,184.5,camera_5,new_track,119
1109,5545,184.833,camera_5,removed,112
1109,5545,184.833,camera_6,removed,32
1111,5555,185.167,camera_6,lost_track,36
1112,5560,185.333,camera_1,new_track,32
1112,5560,185.333,camera_3,removed,62
1112,5560,185.333,camera_5,new_track,120
1113,5565,185.5,camera_2,reacquired,37
1113,5565,185.5,camera_4,removed,33
1114,5570,185.667,camera_2,lost_track,37
1114,5570,185.667,camera_3,removed,68
1114,5570,185.667,camera_7,removed,0
1115,5575,185.833,camera_1,lost_track,32
1115,5575,185.833,camera_2,reacquired,37
1115,5575,185.833,camera_2,lost_track,41
1115,5575,185.833,camera_3,lost_track,63
1116,5580,186.0,camera_3,removed,69
1117,5585,186.167,camera_2,reacquired,41
1117,5585,186.167,camera_2,lost_track,37
1119,5595,186.5,camera_2,new_track,44
1120,5600,186.667,camera_4,lost_track,35
1120,5600,186.667,camera_5,removed,117
1121,5605,186.833,camera_5,new_track,121
1121,5605,186.833,camera_6,removed,34
1122,5610,187.0,camera_1,removed,30
1122,5610,187.0,camera_2,lost_track,44
1123,5615,187.167,camera_3,lost_track,71
1123,5615,187.167,camera_6,removed,35
1123,5615,187.167,camera_7,removed,17
1124,5620,187.333,camera_2,removed,38
1124,5620,187.333,camera_4,removed,34
1125,5625,187.5,camera_2,new_track,45
1125,5625,187.5,camera_4,new_track,36
1127,5635,187.833,camera_6,removed,31
1127,5635,187.833,camera_6,removed,37
1128,5640,188.0,camera_1,reacquired,29
1128,5640,188.0,camera_2,new_track,46
1128,5640,188.0,camera_4,lost_track,36
1129,5645,188.167,camera_2,lost_track,45
1129,5645,188.167,camera_5,lost_track,119
1130,5650,188.333,camera_5,removed,118
1131,5655,188.5,camera_1,lost_track,29
1131,5655,188.5,camera_2,lost_track,43
1132,5660,188.667,camera_5,new_track,122
1132,5660,188.667,camera_5,new_track,123
1132,5660,188.667,camera_5,removed,114
1132,5660,188.667,camera_6,removed,33
1133,5665,188.833,camera_4,new_track,37
1134,5670,189.0,camera_1,reacquired,29
1134,5670,189.0,camera_2,new_track,47
1134,5670,189.0,camera_6,removed,38
1135,5675,189.167,camera_5,lost_track,123
1136,5680,189.333,camera_2,removed,42
1137,5685,189.5,camera_2,reacquired,43
1137,5685,189.5,camera_2,lost_track,47
1138,5690,189.667,camera_1,reacquired,32
1138,5690,189.667,camera_5,lost_track,120
1139,5695,189.833,camera_1,lost_track,29
1139,5695,189.833,camera_5,new_track,124
1139,5695,189.833,camera_5,new_track,125
1140,5700,190.0,camera_2,reacquired,45
1140,5700,190.0,camera_3,new_track,73
1140,5700,190.0,camera_3,new_track,74
1140,5700,190.0,camera_4,new_track,38
1141,5705,190.167,camera_6,removed,36
1143,5715,190.5,camera_2,reacquired,47
1143,5715,190.5,camera_2,lost_track,45
1144,5720,190.667,camera_2,lost_track,47
1144,5720,190.667,camera_4,lost_track,38
1145,5725,190.833,camera_1,lost_track,31
1145,5725,190.833,camera_3,removed,63
1146,5730,191.0,camera_5,reacquired,120
1147,5735,191.167,camera_2,removed,37
1147,5735,191.167,camera_3,lost_track,70
1147,5735,191.167,camera_3,lost_track,74
1148,5740,191.333,camera_3,reacquired,74
1148,5740,191.333,camera_5,lost_track,122
1149,5745,191.5,camera_3,lost_track,74
1149,5745,191.5,camera_5,new_track,126
1150,5750,191.667,camera_4,removed,35
1150,5750,191.667,camera_5,new_track,127
1151,5755,191.833,camera_5,lost_track,125
1151,5755,191.833,camera_5,lost_track,127
1152,5760,192.0,camera_2,removed,44
1153,5765,192.167,camera_1,reacquired,29
1153,5765,192.167,camera_1,lost_track,32
1153,5765,192.167,camera_3,new_track,75
1153,5765,192.167,camera_3,removed,71
1153,5765,192.167,camera_5,new_track,128
1155,5775,192.5,camera_5,lost_track,120
1156,5780,192.667,camera_5,reacquired,127
1157,5785,192.833,camera_3,lost_track,75
1157,5785,192.833,camera_5,new_track,129
1157,5785,192.833,camera_5,lost_track,128
1158,5790,193.0,camera_1,lost_track,29
1158,5790,193.0,camera_3,new_track,76
1158,5790,193.0,camera_4,removed,36
1158,5790,193.0,camera_5,reacquired,120
1158,5790,193.0,camera_5,reacquired,128
1159,5795,193.167,camera_1,reacquired,32
1159,5795,193.167,camera_5,removed,119
1160,5800,193.333,camera_2,lost_track,43
1160,5800,193.333,camera_2,lost_track,46
1161,5805,193.5,camera_6,new_track,39
1162,5810,193.667,camera_3,reacquired,74
1162,5810,193.667,camera_3,lost_track,66
1162,5810,193.667,camera_5,lost_track,128
1163,5815,193.833,camera_3,reacquired,75
1163,5815,193.833,camera_3,lost_track,74
1163,5815,193.833,camera_6,new_track,40
1163,5815,193.833,camera_7,lost_track,16
1164,5820,194.0,camera_5,new_track,130
1164,5820,194.0,camera_5,lost_track,127
1165,5825,194.167,camera_2,new_track,48
1165,5825,194.167,camera_3,lost_track,75
1165,5825,194.167,camera_5,removed,123
1166,5830,194.333,camera_3,reacquired,74
1166,5830,194.333,camera_3,lost_track,76
1166,5830,194.333,camera_5,new_track,131
1166,5830,194.333,camera_6,lost_track,40
1167,5835,194.5,camera_2,lost_track,48
1167,5835,194.5,camera_3,lost_track,65
1168,5840,194.667,camera_2,new_track,49
1169,5845,194.833,camera_1,new_track,33
1169,5845,194.833,camera_3,reacquired,75
1169,5845,194.833,camera_3,lost_track,74
1169,5845,194.833,camera_5,lost_track,131
1170,5850,195.0,camera_1,reacquired,29
1170,5850,195.0,camera_3,lost_track,73
1170,5850,195.0,camera_3,lost_track,75
1170,5850,195.0,camera_5,lost_track,126
1170,5850,195.0,camera_5,lost_track,129
1171,5855,195.167,camera_2,lost_track,49
1172,5860,195.333,camera_3,reacquired,66
1172,5860,195.333,camera_3,lost_track,64
1172,5860,195.333,camera_5,new_track,132
1173,5865,195.5,camera_1,lost_track,29
1173,5865,195.5,camera_2,lost_track,40
1173,5865,195.5,camera_2,removed,45
1174,5870,195.667,camera_1,reacquired,29
1174,5870,195.667,camera_2,removed,47
1174,5870,195.667,camera_4,removed,38
1174,5870,195.667,camera_5,new_track,133
1175,5875,195.833,camera_1,removed,31
1176,5880,196.0,camera_2,new_track,50
1176,5880,196.0,camera_3,lost_track,66
1176,5880,196.0,camera_5,new_track,134
1177,5885,196.167,camera_3,removed,70
1177,5885,196.167,camera_5,lost_track,132
1178,5890,196.333,camera_5,reacquired,132
1178,5890,196.333,camera_5,removed,122
1179,5895,196.5,camera_5,new_track,135
1179,5895,196.5,camera_5,lost_track,120
1180,5900,196.667,camera_2,lost_track,50
1180,5900,196.667,camera_5,new_track,136
1181,5905,196.833,camera_2,lost_track,39
1181,5905,196.833,camera_5,removed,125
1181,5905,196.833,camera_6,lost_track,39
1182,5910,197.0,camera_5,reacquired,126
1184,5920,197.333,camera_1,lost_track,29
1184,5920,197.333,camera_1,lost_track,33
1184,5920,197.333,camera_5,lost_track,126
1185,5925,197.5,camera_3,new_track,77
1185,5925,197.5,camera_5,lost_track,121
1185,5925,197.5,camera_5,lost_track,136
1186,5930,197.667,camera_2,new_track,51
1186,5930,197.667,camera_2,reacquired,39
1186,5930,197.667,camera_2,lost_track,41
1186,5930,197.667,camera_5,new_track,137
1186,5930,197.667,camera_5,lost_track,133
1187,5935,197.833,camera_5,new_track,138
1189,5945,198.167,camera_5,reacquired,126
1189,5945,198.167,camera_5,lost_track,132
1190,5950,198.333,camera_2,removed,43
1190,5950,198.333,camera_2,removed,46
1190,5950,198.333,camera_5,reacquired,121
1190,5950,198.333,camera_5,lost_track,126
1191,5955,198.5,camera_5,new_track,139
1191,5955,198.5,camera_5,new_track,140
1191,5955,198.5,camera_5,new_track,141
1192,5960,198.667,camera_4,new_track,39
1192,5960,198.667,camera_5,new_track,142
1192,5960,198.667,camera_5,removed,128
1193,5965,198.833,camera_4,lost_track,39
1193,5965,198.833,camera_5,lost_track,141
1193,5965,198.833,camera_7,removed,16
1194,5970,199.0,camera_4,new_track,40
1194,5970,199.0,camera_5,new_track,143
1194,5970,199.0,camera_5,removed,127
1195,5975,199.167,camera_2,lost_track,39
1196,5980,199.333,camera_2,new_track,52
1196,5980,199.333,camera_3,removed,76
1196,5980,199.333,camera_4,lost_track,40
1196,5980,199.333,camera_5,lost_track,135
1196,5980,199.333,camera_6,removed,40
1197,5985,199.5,camera_2,reacquired,39
1197,5985,199.5,camera_2,lost_track,51
1197,5985,199.5,camera_2,removed,48
1197,5985,199.5,camera_3,removed,65
1198,5990,199.667,camera_3,reacquired,74
1198,5990,199.667,camera_5,lost_track,134
1199,5995,199.833,camera_2,lost_track,39
1199,5995,199.833,camera_3,lost_track,77
1199,5995,199.833,camera_4,new_track,41
1199,5995,199.833,camera_5,lost_track,140
1199,5995,199.833,camera_5,removed,131
1200,6000,200.0,camera_3,removed,73
1200,6000,200.0,camera_3,removed,75
1200,6000,200.0,camera_5,lost_track,130
1200,6000,200.0,camera_5,removed,129
1201,6005,200.167,camera_1,new_track,34
1201,6005,200.167,camera_2,removed,49
1201,6005,200.167,camera_4,reacquired,39
1201,6005,200.167,camera_4,lost_track,37
1201,6005,200.167,camera_5,lost_track,142
1202,6010,200.333,camera_3,reacquired,77
1202,6010,200.333,camera_3,removed,64
1202,6010,200.333,camera_5,new_track,144
1203,6015,200.5,camera_2,removed,40
1204,6020,200.667,camera_5,lost_track,137
1205,6025,200.833,camera_4,lost_track,39
1205,6025,200.833,camera_5,lost_track,124
1206,6030,201.0,camera_3,removed,66
1208,6040,201.333,camera_2,new_track,53
1208,6040,201.333,camera_6,new_track,41
1209,6045,201.5,camera_5,removed,120
1210,6050,201.667,camera_2,removed,50
1211,6055,201.833,camera_3,lost_track,77
1211,6055,201.833,camera_5,lost_track,139
1211,6055,201.833,camera_6,removed,39
1213,6065,202.167,camera_2,lost_track,52
1214,6070,202.333,camera_1,removed,29
1214,6070,202.333,camera_1,removed,33
1214,6070,202.333,camera_5,lost_track,138
1214,6070,202.333,camera_6,new_track,42
1215,6075,202.5,camera_3,reacquired,77
1215,6075,202.5,camera_5,lost_track,121
1215,6075,202.5,camera_5,removed,136
1216,6080,202.667,camera_2,removed,41
1216,6080,202.667,camera_5,removed,133
1217,6085,202.833,camera_5,reacquired,142
1218,6090,203.0,camera_2,new_track,54
1218,6090,203.0,camera_6,new_track,43
1219,6095,203.167,camera_3,new_track,78
1219,6095,203.167,camera_5,reacquired,141
1219,6095,203.167,camera_5,lost_track,142
1219,6095,203.167,camera_5,lost_track,144
1219,6095,203.167,camera_5,removed,132
1220,6100,203.333,camera_5,removed,126
1221,6105,203.5,camera_5,lost_track,141
1221,6105,203.5,camera_6,new_track,44
1222,6110,203.667,camera_6,new_track,45
1223,6115,203.833,camera_1,new_track,35
1224,6120,204.0,camera_6,lost_track,44
1225,6125,204.167,camera_3,lost_track,78
1225,6125,204.167,camera_7,new_track,25
1226,6130,204.333,camera_1,new_track,36
1226,6130,204.333,camera_4,removed,40
1226,6130,204.333,camera_5,removed,135
1227,6135,204.5,camera_2,lost_track,53
1227,6135,204.5,camera_2,removed,51
1227,6135,204.5,camera_6,lost_track,41
1228,6140,204.667,camera_5,removed,134
1229,6145,204.833,camera_1,lost_track,35
1229,6145,204.833,camera_2,removed,39
1229,6145,204.833,camera_3,new_track,79
1229,6145,204.833,camera_5,removed,140
1229,6145,204.833,camera_6,new_track,46
1230,6150,205.0,camera_5,removed,130
1231,6155,205.167,camera_3,lost_track,77
1231,6155,205.167,camera_4,removed,37
1232,6160,205.333,camera_1,new_track,37
1233,6165,205.5,camera_3,reacquired,77
1233,6165,205.5,camera_4,lost_track,41
1234,6170,205.667,camera_5,removed,137
1234,6170,205.667,camera_7,new_track,26
1235,6175,205.833,camera_1,lost_track,37
1235,6175,205.833,camera_4,removed,39
1235,6175,205.833,camera_5,removed,124
1238,6190,206.333,camera_1,reacquired,37
1241,6205,206.833,camera_5,removed,139
1241,6205,206.833,camera_7,lost_track,26
1242,6210,207.0,camera_2,lost_track,54
1243,6215,207.167,camera_2,removed,52
1243,6215,207.167,camera_6,new_track,47
1243,6215,207.167,camera_7,lost_track,25
1244,6220,207.333,camera_1,lost_track,37
1244,6220,207.333,camera_5,removed,138
1244,6220,207.333,camera_7,new_track,27
1245,6225,207.5,camera_5,removed,121
1246,6230,207.667,camera_1,reacquired,37
1246,6230,207.667,camera_6,lost_track,47
1247,6235,207.833,camera_1,lost_track,32
1248,6240,208.0,camera_7,new_track,28
1249,6245,208.167,camera_5,removed,142
1249,6245,208.167,camera_5,removed,144
1249,6245,208.167,camera_7,lost_track,27
1250,6250,208.333,camera_7,new_track,29
1251,6255,208.5,camera_5,removed,141
1253,6265,208.833,camera_1,reacquired,32
1253,6265,208.833,camera_1,lost_track,36
1253,6265,208.833,camera_1,lost_track,37
1254,6270,209.0,camera_6,new_track,48
1254,6270,209.0,camera_6,removed,44
1254,6270,209.0,camera_7,lost_track,29
1255,6275,209.167,camera_1,lost_track,32
1255,6275,209.167,camera_3,removed,78
1255,6275,209.167,camera_7,new_track,30
1255,6275,209.167,camera_7,new_track,31
1256,6280,209.333,camera_3,new_track,80
1256,6280,209.333,camera_7,new_track,32
1257,6285,209.5,camera_2,removed,53
1257,6285,209.5,camera_6,new_track,49
1257,6285,209.5,camera_6,removed,41
1258,6290,209.667,camera_3,new_track,81
1259,6295,209.833,camera_1,removed,35
1259,6295,209.833,camera_6,lost_track,49
1259,6295,209.833,camera_7,lost_track,31
1260,6300,210.0,camera_6,reacquired,49
1260,6300,210.0,camera_6,lost_track,42
1262,6310,210.333,camera_1,reacquired,32
1262,6310,210.333,camera_1,lost_track,26
1262,6310,210.333,camera_2,new_track,55
1263,6315,210.5,camera_4,removed,41
1265,6325,210.833,camera_1,new_track,38
1266,6330,211.0,camera_3,lost_track,74
1266,6330,211.0,camera_6,lost_track,48
1269,6345,211.5,camera_3,lost_track,77
1269,6345,211.5,camera_5,new_track,145
1269,6345,211.5,camera_5,new_track,146
1269,6345,211.5,camera_6,reacquired,48
1269,6345,211.5,camera_7,lost_track,30
1270,6350,211.667,camera_3,new_track,82
1271,6355,211.833,camera_1,new_track,39
1271,6355,211.833,camera_7,new_track,33
1271,6355,211.833,camera_7,removed,26
1272,6360,212.0,camera_1,reacquired,26
1272,6360,212.0,camera_2,removed,54
1272,6360,212.0,camera_3,reacquired,77
1273,6365,212.167,camera_1,lost_track,38
1273,6365,212.167,camera_3,lost_track,77
1273,6365,212.167,camera_6,new_track,50
1273,6365,212.167,camera_7,lost_track,32
1273,6365,212.167,camera_7,lost_track,33
1273,6365,212.167,camera_7,removed,25
1274,6370,212.333,camera_3,reacquired,77
1274,6370,212.333,camera_6,new_track,51
1275,6375,212.5,camera_5,new_track,147
1275,6375,212.5,camera_7,new_track,34
1276,6380,212.667,camera_1,new_track,40
1276,6380,212.667,camera_1,new_track,41
1276,6380,212.667,camera_1,lost_track,39
1276,6380,212.667,camera_4,new_track,42
1276,6380,212.667,camera_6,new_track,52
1276,6380,212.667,camera_6,removed,47
1277,6385,212.833,camera_6,lost_track,50
1278,6390,213.0,camera_3,lost_track,72
1278,6390,213.0,camera_4,lost_track,42
1279,6395,213.167,camera_1,lost_track,41
1279,6395,213.167,camera_7,lost_track,34
1279,6395,213.167,camera_7,removed,27
1280,6400,213.333,camera_6,new_track,53
1280,6400,213.333,camera_6,lost_track,48
1281,6405,213.5,camera_1,reacquired,41
1282,6410,213.667,camera_4,new_track,43
1282,6410,213.667,camera_6,lost_track,52
1283,6415,213.833,camera_1,removed,36
1283,6415,213.833,camera_1,removed,37
1283,6415,213.833,camera_5,new_track,148
1284,6420,214.0,camera_4,lost_track,43
1284,6420,214.0,camera_6,lost_track,51
1284,6420,214.0,camera_7,removed,29
1285,6425,214.167,camera_6,reacquired,48
1286,6430,214.333,camera_1,reacquired,39
1286,6430,214.333,camera_2,new_track,56
1287,6435,214.5,camera_1,lost_track,32
1287,6435,214.5,camera_5,new_track,149
1287,6435,214.5,camera_5,lost_track,148
1288,6440,214.667,camera_3,lost_track,77
1288,6440,214.667,camera_5,reacquired,148
1289,6445,214.833,camera_6,lost_track,53
1289,6445,214.833,camera_7,removed,31
1290,6450,215.0,camera_1,lost_track,40
1290,6450,215.0,camera_5,new_track,150
1290,6450,215.0,camera_6,removed,42
1291,6455,215.167,camera_3,reacquired,77
1292,6460,215.333,camera_5,lost_track,147
1293,6465,215.5,camera_1,reacquired,40
1293,6465,215.5,camera_1,lost_track,39
1293,6465,215.5,camera_2,lost_track,55
1293,6465,215.5,camera_3,new_track,83
1293,6465,215.5,camera_3,lost_track,80
1293,6465,215.5,camera_3,lost_track,81
1293,6465,215.5,camera_5,reacquired,147
1293,6465,215.5,camera_5,lost_track,150
1294,6470,215.667,camera_1,reacquired,39
1294,6470,215.667,camera_5,lost_track,147
1294,6470,215.667,camera_7,new_track,35
1295,6475,215.833,camera_3,new_track,84
1295,6475,215.833,camera_7,lost_track,35
1296,6480,216.0,camera_3,removed,74
1296,6480,216.0,camera_5,lost_track,143
1296,6480,216.0,camera_5,lost_track,148
1297,6485,216.167,camera_1,lost_track,39
1297,6485,216.167,camera_1,lost_track,41
1297,6485,216.167,camera_5,reacquired,147
1297,6485,216.167,camera_5,reacquired,148
1298,6490,216.333,camera_3,reacquired,81
1298,6490,216.333,camera_5,lost_track,147
1298,6490,216.333,camera_6,new_track,54
1298,6490,216.333,camera_7,reacquired,35
1299,6495,216.5,camera_3,lost_track,83
1299,6495,216.5,camera_5,reacquired,147
1299,6495,216.5,camera_7,removed,30
1300,6500,216.667,camera_5,new_track,151
1300,6500,216.667,camera_6,lost_track,48
1301,6505,216.833,camera_5,lost_track,147
1302,6510,217.0,camera_3,lost_track,77
1302,6510,217.0,camera_3,lost_track,81
1302,6510,217.0,camera_5,reacquired,147
1303,6515,217.167,camera_1,reacquired,39
1303,6515,217.167,camera_1,removed,38
1303,6515,217.167,camera_2,new_track,57
1303,6515,217.167,camera_5,new_track,152
1303,6515,217.167,camera_7,reacquired,33
1303,6515,217.167,camera_7,removed,32
1304,6520,217.333,camera_1,lost_track,34
1304,6520,217.333,camera_1,lost_track,39
1304,6520,217.333,camera_2,lost_track,57
1304,6520,217.333,camera_5,lost_track,147
1305,6525,217.5,camera_2,lost_track,56
1305,6525,217.5,camera_5,new_track,153
1305,6525,217.5,camera_5,lost_track,151
1305,6525,217.5,camera_6,lost_track,45
1305,6525,217.5,camera_6,lost_track,46
1306,6530,217.667,camera_1,reacquired,39
1306,6530,217.667,camera_1,lost_track,26
1306,6530,217.667,camera_7,lost_track,35
1307,6535,217.833,camera_6,lost_track,54
1307,6535,217.833,camera_6,removed,50
1308,6540,218.0,camera_1,reacquired,26
1308,6540,218.0,camera_1,lost_track,39
1308,6540,218.0,camera_2,reacquired,57
1308,6540,218.0,camera_3,reacquired,81
1308,6540,218.0,camera_3,removed,72
1308,6540,218.0,camera_4,removed,42
1308,6540,218.0,camera_5,lost_track,149
1308,6540,218.0,camera_5,lost_track,153
1309,6545,218.167,camera_5,reacquired,153
1309,6545,218.167,camera_6,new_track,55
1309,6545,218.167,camera_7,removed,34
1311,6555,218.5,camera_2,new_track,58
1312,6560,218.667,camera_1,lost_track,40
1312,6560,218.667,camera_6,removed,52
1314,6570,219.0,camera_4,removed,43
1314,6570,219.0,camera_6,lost_track,55
1314,6570,219.0,camera_6,removed,51
1315,6575,219.167,camera_1,new_track,42
1315,6575,219.167,camera_2,new_track,59
1315,6575,219.167,camera_2,new_track,60
1315,6575,219.167,camera_6,reacquired,46
1316,6580,219.333,camera_5,lost_track,148
1316,6580,219.333,camera_5,lost_track,153
1316,6580,219.333,camera_6,new_track,56
1316,6580,219.333,camera_7,lost_track,28
1317,6585,219.5,camera_1,removed,32
1317,6585,219.5,camera_6,reacquired,54
1318,6590,219.667,camera_1,lost_track,42
1318,6590,219.667,camera_5,new_track,154
1318,6590,219.667,camera_7,reacquired,35
1319,6595,219.833,camera_5,new_track,155
1319,6595,219.833,camera_6,removed,53
1319,6595,219.833,camera_7,reacquired,28
1321,6605,220.167,camera_2,lost_track,57
1321,6605,220.167,camera_2,lost_track,60
1321,6605,220.167,camera_6,new_track,57
1321,6605,220.167,camera_6,new_track,58
1321,6605,220.167,camera_6,lost_track,56
1322,6610,220.333,camera_2,reacquired,57
1322,6610,220.333,camera_5,new_track,156
1322,6610,220.333,camera_6,new_track,59
1323,6615,220.5,camera_2,removed,55
1323,6615,220.5,camera_3,removed,80
1323,6615,220.5,camera_5,lost_track,154
1323,6615,220.5,camera_5,removed,150
1323,6615,220.5,camera_6,new_track,60
1324,6620,220.667,camera_3,lost_track,84
1324,6620,220.667,camera_4,new_track,44
1324,6620,220.667,camera_5,reacquired,154
1324,6620,220.667,camera_5,lost_track,155
1325,6625,220.833,camera_5,reacquired,147
1325,6625,220.833,camera_6,reacquired,56
1326,6630,221.0,camera_2,lost_track,57
1326,6630,221.0,camera_5,lost_track,146
1326,6630,221.0,camera_5,lost_track,156
1326,6630,221.0,camera_5,removed,143
1326,6630,221.0,camera_6,lost_track,58
1327,6635,221.167,camera_1,removed,41
1327,6635,221.167,camera_2,lost_track,59
1327,6635,221.167,camera_6,lost_track,43
1327,6635,221.167,camera_6,lost_track,59
1328,6640,221.333,camera_2,reacquired,57
1328,6640,221.333,camera_4,new_track,45
1328,6640,221.333,camera_4,lost_track,44
1329,6645,221.5,camera_3,removed,83
1329,6645,221.5,camera_4,reacquired,44
1329,6645,221.5,camera_7,lost_track,33
1330,6650,221.667,camera_4,lost_track,44
1330,6650,221.667,camera_6,lost_track,46
1330,6650,221.667,camera_6,lost_track,49
1330,6650,221.667,camera_6,removed,48
1330,6650,221.667,camera_7,new_track,36
1330,6650,221.667,camera_7,lost_track,35
1331,6655,221.833,camera_5,new_track,157
1331,6655,221.833,camera_6,reacquired,46
1331,6655,221.833,camera_6,lost_track,60
1332,6660,222.0,camera_3,lost_track,82
1332,6660,222.0,camera_3,removed,77
1332,6660,222.0,camera_4,new_track,46
1332,6660,222.0,camera_5,lost_track,145
1332,6660,222.0,camera_5,lost_track,154
1332,6660,222.0,camera_6,new_track,61
1332,6660,222.0,camera_6,lost_track,54
1332,6660,222.0,camera_7,reacquired,35
1333,6665,222.167,camera_2,lost_track,58
1333,6665,222.167,camera_5,new_track,158
1333,6665,222.167,camera_6,reacquired,54
1334,6670,222.333,camera_1,removed,34
1334,6670,222.333,camera_5,reacquired,154
1334,6670,222.333,camera_6,new_track,62
1334,6670,222.333,camera_6,lost_track,61
1335,6675,222.5,camera_2,removed,56
1335,6675,222.5,camera_5,lost_track,158
1335,6675,222.5,camera_5,removed,151
1335,6675,222.5,camera_6,removed,45
1335,6675,222.5,camera_7,reacquired,33
1335,6675,222.5,camera_7,lost_track,35
1336,6680,222.667,camera_2,new_track,61
1336,6680,222.667,camera_3,new_track,85
1337,6685,222.833,camera_4,lost_track,45
1337,6685,222.833,camera_5,new_track,159
1337,6685,222.833,camera_6,lost_track,62
1338,6690,223.0,camera_1,removed,39
1338,6690,223.0,camera_4,reacquired,45
1338,6690,223.0,camera_5,lost_track,154
1338,6690,223.0,camera_5,removed,149
1339,6695,223.167,camera_4,new_track,47
1340,6700,223.333,camera_4,lost_track,46
1340,6700,223.333,camera_6,new_track,63
1342,6710,223.667,camera_1,removed,40
1342,6710,223.667,camera_5,lost_track,147
1343,6715,223.833,camera_5,lost_track,157
1343,6715,223.833,camera_7,lost_track,36
1344,6720,224.0,camera_2,new_track,62
1344,6720,224.0,camera_6,removed,55
1344,6720,224.0,camera_7,new_track,37
1345,6725,224.167,camera_5,new_track,160
1345,6725,224.167,camera_6,lost_track,54
1346,6730,224.333,camera_1,new_track,43
1346,6730,224.333,camera_5,new_track,161
1346,6730,224.333,camera_5,lost_track,160
1346,6730,224.333,camera_5,removed,148
1346,6730,224.333,camera_5,removed,153
1346,6730,224.333,camera_7,reacquired,35
1347,6735,224.5,camera_5,reacquired,160
1347,6735,224.5,camera_5,lost_track,152
1347,6735,224.5,camera_5,lost_track,161
1348,6740,224.667,camera_1,removed,42
1348,6740,224.667,camera_6,lost_track,57
1349,6745,224.833,camera_3,new_track,86
1349,6745,224.833,camera_5,reacquired,152
1349,6745,224.833,camera_5,lost_track,160
1350,6750,225.0,camera_5,new_track,162
1351,6755,225.167,camera_2,new_track,63
1351,6755,225.167,camera_2,removed,60
1352,6760,225.333,camera_4,lost_track,45
1352,6760,225.333,camera_6,new_track,64
1352,6760,225.333,camera_6,lost_track,63
1353,6765,225.5,camera_4,reacquired,46
1353,6765,225.5,camera_5,lost_track,159
1354,6770,225.667,camera_3,removed,84
1354,6770,225.667,camera_5,removed,155
1354,6770,225.667,camera_7,lost_track,33
1355,6775,225.833,camera_2,lost_track,57
1355,6775,225.833,camera_4,lost_track,46
1355,6775,225.833,camera_7,new_track,38
1356,6780,226.0,camera_2,new_track,64
1356,6780,226.0,camera_5,removed,146
1356,6780,226.0,camera_5,removed,156
1356,6780,226.0,camera_6,removed,58
1356,6780,226.0,camera_7,new_track,39
1357,6785,226.167,camera_1,new_track,44
1357,6785,226.167,camera_2,new_track,65
1357,6785,226.167,camera_2,removed,59
1357,6785,226.167,camera_6,reacquired,62
1357,6785,226.167,camera_6,removed,43
1357,6785,226.167,camera_6,removed,59
1359,6795,226.5,camera_4,lost_track,47
1359,6795,226.5,camera_7,lost_track,38
1360,6800,226.667,camera_2,lost_track,64
1360,6800,226.667,camera_2,lost_track,65
1360,6800,226.667,camera_4,removed,44
1360,6800,226.667,camera_6,new_track,65
1360,6800,226.667,camera_6,removed,49
1361,6805,226.833,camera_1,lost_track,43
1361,6805,226.833,camera_2,reacquired,65
1361,6805,226.833,camera_3,new_track,87
1361,6805,226.833,camera_6,removed,60
1362,6810,227.0,camera_3,removed,82
1362,6810,227.0,camera_5,removed,145
1363,6815,227.167,camera_2,reacquired,64
1363,6815,227.167,camera_2,removed,58
1363,6815,227.167,camera_6,lost_track,65
1364,6820,227.333,camera_6,removed,61
1365,6825,227.5,camera_5,removed,158
1366,6830,227.667,camera_1,new_track,45
1366,6830,227.667,camera_1,lost_track,44
1366,6830,227.667,camera_7,lost_track,28
1366,6830,227.667,camera_7,lost_track,39
1367,6835,227.833,camera_6,new_track,66
1367,6835,227.833,camera_6,reacquired,63
1367,6835,227.833,camera_7,new_track,40
1368,6840,228.0,camera_5,removed,154
1368,6840,228.0,camera_6,lost_track,66
1368,6840,228.0,camera_7,new_track,41
1369,6845,228.167,camera_6,reacquired,66
1370,6850,228.333,camera_2,lost_track,65
1370,6850,228.333,camera_3,lost_track,87
1370,6850,228.333,camera_7,new_track,42
1370,6850,228.333,camera_7,lost_track,35
1371,6855,228.5,camera_2,lost_track,64
1371,6855,228.5,camera_6,lost_track,64
1372,6860,228.667,camera_5,removed,147
1373,6865,228.833,camera_1,lost_track,45
1373,6865,228.833,camera_3,reacquired,87
1373,6865,228.833,camera_3,lost_track,86
1373,6865,228.833,camera_5,removed,157
1373,6865,228.833,camera_7,removed,36
1374,6870,229.0,camera_5,lost_track,152
1374,6870,229.0,camera_6,lost_track,63
1375,6875,229.167,camera_4,new_track,48
1375,6875,229.167,camera_6,removed,54
1376,6880,229.333,camera_5,reacquired,152
1376,6880,229.333,camera_6,reacquired,63
1377,6885,229.5,camera_5,removed,161
1377,6885,229.5,camera_6,lost_track,62
1378,6890,229.667,camera_6,removed,57
1379,6895,229.833,camera_5,removed,160
1380,6900,230.0,camera_1,reacquired,43
1380,6900,230.0,camera_7,lost_track,42
1382,6910,230.333,camera_4,removed,45
1382,6910,230.333,camera_5,lost_track,152
1383,6915,230.5,camera_1,lost_track,43
1383,6915,230.5,camera_5,removed,159
1384,6920,230.667,camera_7,removed,33
1385,6925,230.833,camera_2,removed,57
1385,6925,230.833,camera_4,removed,46
1385,6925,230.833,camera_7,new_track,43
1385,6925,230.833,camera_7,lost_track,40
1387,6935,231.167,camera_7,new_track,44
1389,6945,231.5,camera_4,removed,47
1389,6945,231.5,camera_7,removed,38
1391,6955,231.833,camera_5,new_track,163
1393,6965,232.167,camera_3,new_track,88
1393,6965,232.167,camera_5,new_track,164
1393,6965,232.167,camera_5,lost_track,162
1393,6965,232.167,camera_6,new_track,67
1393,6965,232.167,camera_6,removed,65
1395,6975,232.5,camera_4,lost_track,48
1395,6975,232.5,camera_7,lost_track,43
1395,6975,232.5,camera_7,lost_track,44
1396,6980,232.667,camera_1,removed,44
1396,6980,232.667,camera_6,new_track,68
1396,6980,232.667,camera_7,removed,28
1396,6980,232.667,camera_7,removed,39
1398,6990,233.0,camera_6,new_track,69
1399,6995,233.167,camera_4,new_track,49
1399,6995,233.167,camera_5,lost_track,164
1399,6995,233.167,camera_6,lost_track,63
1400,7000,233.333,camera_2,new_track,66
1400,7000,233.333,camera_2,lost_track,62
1400,7000,233.333,camera_2,removed,65
1400,7000,233.333,camera_3,lost_track,88
1400,7000,233.333,camera_7,new_track,45
1400,7000,233.333,camera_7,removed,35
1401,7005,233.5,camera_2,removed,64
1401,7005,233.5,camera_3,lost_track,87
1401,7005,233.5,camera_6,reacquired,63
1401,7005,233.5,camera_6,removed,64
1402,7010,233.667,camera_6,new_track,70
1403,7015,233.833,camera_1,removed,45
1403,7015,233.833,camera_2,lost_track,66
1403,7015,233.833,camera_3,removed,86
1403,7015,233.833,camera_6,new_track,71
1404,7020,234.0,camera_7,new_track,46
1404,7020,234.0,camera_7,lost_track,45
1405,7025,234.167,camera_3,new_track,89
1405,7025,234.167,camera_4,new_track,50
1405,7025,234.167,camera_6,new_track,72
1406,7030,234.333,camera_6,lost_track,71
1407,7035,234.5,camera_4,new_track,51
1407,7035,234.5,camera_6,lost_track,63
1407,7035,234.5,camera_6,lost_track,70
1407,7035,234.5,camera_6,removed,62
1407,7035,234.5,camera_7,lost_track,46
1408,7040,234.667,camera_6,lost_track,68
1409,7045,234.833,camera_6,reacquired,63
1410,7050,235.0,camera_6,lost_track,72
1410,7050,235.0,camera_7,new_track,47
1410,7050,235.0,camera_7,removed,42
1411,7055,235.167,camera_4,lost_track,51
1412,7060,235.333,camera_3,lost_track,89
1412,7060,235.333,camera_5,removed,152
1412,7060,235.333,camera_6,reacquired,68
1412,7060,235.333,camera_6,lost_track,67
1413,7065,235.5,camera_1,removed,43
1413,7065,235.5,camera_4,lost_track,50
1413,7065,235.5,camera_6,reacquired,71
1415,7075,235.833,camera_6,lost_track,63
1415,7075,235.833,camera_6,lost_track,68
1415,7075,235.833,camera_6,lost_track,71
1415,7075,235.833,camera_7,removed,40
1417,7085,236.167,camera_5,new_track,165
1417,7085,236.167,camera_6,lost_track,56
1423,7115,237.167,camera_5,new_track,166
1423,7115,237.167,camera_5,removed,162
1424,7120,237.333,camera_3,reacquired,89
1425,7125,237.5,camera_4,removed,48
1425,7125,237.5,camera_6,lost_track,69
1425,7125,237.5,camera_7,removed,43
1425,7125,237.5,camera_7,removed,44
1427,7135,237.833,camera_1,new_track,46
1427,7135,237.833,camera_5,lost_track,165
1427,7135,237.833,camera_6,lost_track,46
1429,7145,238.167,camera_5,removed,164
1430,7150,238.333,camera_1,new_track,47
1430,7150,238.333,camera_2,removed,62
1430,7150,238.333,camera_3,removed,88
1430,7150,238.333,camera_4,new_track,52
1430,7150,238.333,camera_5,new_track,167
1431,7155,238.5,camera_1,lost_track,46
1431,7155,238.5,camera_3,lost_track,89
1431,7155,238.5,camera_3,removed,87
1433,7165,238.833,camera_2,removed,66
1433,7165,238.833,camera_3,reacquired,89
1433,7165,238.833,camera_5,lost_track,163
1433,7165,238.833,camera_6,lost_track,66
1433,7165,238.833,camera_7,new_track,48
1434,7170,239.0,camera_3,lost_track,85
1434,7170,239.0,camera_7,lost_track,41
1434,7170,239.0,camera_7,removed,45
1436,7180,239.333,camera_3,lost_track,89
1437,7185,239.5,camera_3,lost_track,81
1437,7185,239.5,camera_6,removed,70
1437,7185,239.5,camera_7,removed,46
1438,7190,239.667,camera_3,reacquired,89
1438,7190,239.667,camera_5,new_track,168
1438,7190,239.667,camera_5,lost_track,166
1439,7195,239.833,camera_5,new_track,169
1439,7195,239.833,camera_7,reacquired,41
1439,7195,239.833,camera_7,lost_track,48
1440,7200,240.0,camera_1,lost_track,26
1440,7200,240.0,camera_5,lost_track,168
1440,7200,240.0,camera_6,removed,72
1441,7205,240.167,camera_3,lost_track,79
1441,7205,240.167,camera_4,removed,51
1441,7205,240.167,camera_5,new_track,170
1441,7205,240.167,camera_5,reacquired,168
1442,7210,240.333,camera_1,lost_track,47
1442,7210,240.333,camera_6,removed,67
1443,7215,240.5,camera_4,removed,50
1444,7220,240.667,camera_2,new_track,67
1444,7220,240.667,camera_2,lost_track,61
1444,7220,240.667,camera_4,lost_track,49
1444,7220,240.667,camera_5,new_track,171
1445,7225,240.833,camera_6,removed,63
1445,7225,240.833,camera_6,removed,68
1445,7225,240.833,camera_6,removed,71
1446,7230,241.0,camera_5,new_track,172
1447,7235,241.167,camera_5,new_track,173
1447,7235,241.167,camera_6,removed,56
1449,7245,241.5,camera_2,lost_track,67
1449,7245,241.5,camera_5,new_track,174
1452,7260,242.0,camera_4,lost_track,52
1453,7265,242.167,camera_2,new_track,68
1453,7265,242.167,camera_7,lost_track,37
1454,7270,242.333,camera_4,reacquired,52
1455,7275,242.5,camera_6,removed,69
1456,7280,242.667,camera_2,new_track,69
1456,7280,242.667,camera_5,new_track,175
1456,7280,242.667,camera_7,new_track,49
1457,7285,242.833,camera_2,lost_track,69
1457,7285,242.833,camera_5,new_track,176
1457,7285,242.833,camera_5,lost_track,167
1457,7285,242.833,camera_5,removed,165
1457,7285,242.833,camera_6,removed,46
1458,7290,243.0,camera_5,lost_track,171
1460,7300,243.333,camera_2,reacquired,69
1460,7300,243.333,camera_5,lost_track,169
1461,7305,243.5,camera_1,removed,46
1461,7305,243.5,camera_5,new_track,177
1462,7310,243.667,camera_2,lost_track,69
1462,7310,243.667,camera_5,new_track,178
1463,7315,243.833,camera_4,new_track,53
1463,7315,243.833,camera_5,lost_track,170
1463,7315,243.833,camera_5,removed,163
1463,7315,243.833,camera_6,removed,66
1464,7320,244.0,camera_3,removed,85
1464,7320,244.0,camera_5,reacquired,171
1465,7325,244.167,camera_5,reacquired,170
1466,7330,244.333,camera_5,new_track,179
1467,7335,244.5,camera_3,removed,81
1467,7335,244.5,camera_5,lost_track,177
1467,7335,244.5,camera_5,lost_track,178
1468,7340,244.667,camera_2,lost_track,68
1468,7340,244.667,camera_5,removed,166
1469,7345,244.833,camera_2,reacquired,68
1469,7345,244.833,camera_4,new_track,54
1469,7345,244.833,camera_7,removed,48
1470,7350,245.0,camera_1,removed,26
1470,7350,245.0,camera_6,new_track,73
1471,7355,245.167,camera_3,removed,79
1471,7355,245.167,camera_6,new_track,74
1471,7355,245.167,camera_7,lost_track,47
1472,7360,245.333,camera_1,removed,47
1472,7360,245.333,camera_2,lost_track,63
1472,7360,245.333,camera_5,new_track,180
1473,7365,245.5,camera_5,new_track,181
1473,7365,245.5,camera_5,lost_track,168
1474,7370,245.667,camera_2,lost_track,68
1474,7370,245.667,camera_2,removed,61
1474,7370,245.667,camera_4,lost_track,54
1474,7370,245.667,camera_4,removed,49
1474,7370,245.667,camera_5,new_track,182
1474,7370,245.667,camera_5,lost_track,176
1474,7370,245.667,camera_6,lost_track,74
1475,7375,245.833,camera_5,lost_track,173
1475,7375,245.833,camera_5,lost_track,180
1475,7375,245.833,camera_5,lost_track,181
1476,7380,246.0,camera_5,reacquired,176
1477,7385,246.167,camera_5,lost_track,175
1478,7390,246.333,camera_5,lost_track,182
1479,7395,246.5,camera_2,removed,67
1479,7395,246.5,camera_3,lost_track,89
1479,7395,246.5,camera_4,new_track,55
1480,7400,246.667,camera_5,reacquired,175
1480,7400,246.667,camera_6,new_track,75
1481,7405,246.833,camera_5,reacquired,173
1481,7405,246.833,camera_7,lost_track,41
1482,7410,247.0,camera_5,lost_track,179
1482,7410,247.0,camera_6,new_track,76
1483,7415,247.167,camera_7,removed,37
1484,7420,247.333,camera_4,lost_track,55
1484,7420,247.333,camera_5,new_track,183
1484,7420,247.333,camera_5,new_track,184
1485,7425,247.5,camera_6,lost_track,76
1486,7430,247.667,camera_3,new_track,90
1487,7435,247.833,camera_5,lost_track,171
1487,7435,247.833,camera_5,removed,167
1488,7440,248.0,camera_5,lost_track,175
1488,7440,248.0,camera_5,lost_track,183
1488,7440,248.0,camera_5,lost_track,184
1489,7445,248.167,camera_4,lost_track,53
1489,7445,248.167,camera_5,reacquired,183
1490,7450,248.333,camera_5,reacquired,175
1490,7450,248.333,camera_5,removed,169
1492,7460,248.667,camera_2,removed,69
1492,7460,248.667,camera_4,new_track,56
1492,7460,248.667,camera_5,lost_track,173
1492,7460,248.667,camera_6,lost_track,73
1493,7465,248.833,camera_4,lost_track,56
1493,7465,248.833,camera_5,lost_track,183
1494,7470,249.0,camera_5,new_track,185
1494,7470,249.0,camera_5,reacquired,173
1495,7475,249.167,camera_5,reacquired,183
1495,7475,249.167,camera_5,lost_track,174
1497,7485,249.5,camera_2,new_track,70
1497,7485,249.5,camera_5,removed,177
1497,7485,249.5,camera_5,removed,178
1497,7485,249.5,camera_6,new_track,77
1498,7490,249.667,camera_5,new_track,186
1498,7490,249.667,camera_5,lost_track,183
1499,7495,249.833,camera_5,lost_track,173
1501,7505,250.167,camera_1,new_track,48
1501,7505,250.167,camera_7,removed,47
1502,7510,250.333,camera_2,removed,63
1502,7510,250.333,camera_5,lost_track,175
1502,7510,250.333,camera_7,new_track,50
1503,7515,250.5,camera_5,new_track,187
1503,7515,250.5,camera_5,removed,168
1504,7520,250.667,camera_2,removed,68
1504,7520,250.667,camera_4,removed,54
1504,7520,250.667,camera_5,reacquired,175
1504,7520,250.667,camera_5,lost_track,186
1504,7520,250.667,camera_6,removed,74
1505,7525,250.833,camera_5,new_track,188
1505,7525,250.833,camera_5,lost_track,170
1505,7525,250.833,camera_5,removed,180
1505,7525,250.833,camera_5,removed,181
1505,7525,250.833,camera_6,new_track,78
1506,7530,251.0,camera_5,reacquired,170
1506,7530,251.0,camera_5,lost_track,175
1506,7530,251.0,camera_5,lost_track,188
1506,7530,251.0,camera_6,new_track,79
1508,7540,251.333,camera_5,lost_track,170
1508,7540,251.333,camera_5,removed,182
1509,7545,251.5,camera_3,reacquired,89
1509,7545,251.5,camera_5,reacquired,188
1510,7550,251.667,camera_5,new_track,189
1511,7555,251.833,camera_5,new_track,190
1511,7555,251.833,camera_7,lost_track,50
1511,7555,251.833,camera_7,removed,41
1512,7560,252.0,camera_5,removed,179
1513,7565,252.167,camera_5,reacquired,175
1513,7565,252.167,camera_6,lost_track,78
1513,7565,252.167,camera_7,new_track,51
1514,7570,252.333,camera_4,removed,55
1514,7570,252.333,camera_5,new_track,191
1514,7570,252.333,camera_5,lost_track,175
1514,7570,252.333,camera_6,new_track,80
1515,7575,252.5,camera_2,new_track,71
1515,7575,252.5,camera_5,lost_track,188
1515,7575,252.5,camera_6,removed,76
1516,7580,252.667,camera_2,lost_track,70
1516,7580,252.667,camera_5,reacquired,175
1517,7585,252.833,camera_5,reacquired,188
1517,7585,252.833,camera_5,lost_track,185
1517,7585,252.833,camera_5,removed,171
1518,7590,253.0,camera_4,lost_track,52
1518,7590,253.0,camera_5,new_track,192
1518,7590,253.0,camera_5,lost_track,175
1518,7590,253.0,camera_5,lost_track,189
1518,7590,253.0,camera_5,removed,184
1518,7590,253.0,camera_6,lost_track,77
1518,7590,253.0,camera_7,lost_track,51
1519,7595,253.167,camera_4,removed,53
1519,7595,253.167,camera_5,reacquired,175
1519,7595,253.167,camera_5,lost_track,172
1520,7600,253.333,camera_2,lost_track,71
1520,7600,253.333,camera_5,reacquired,183
1520,7600,253.333,camera_5,lost_track,188
1521,7605,253.5,camera_5,reacquired,189
1521,7605,253.5,camera_6,new_track,81
1521,7605,253.5,camera_6,lost_track,80
1522,7610,253.667,camera_2,reacquired,71
1522,7610,253.667,camera_5,new_track,193
1522,7610,253.667,camera_6,new_track,82
1522,7610,253.667,camera_6,lost_track,81
1522,7610,253.667,camera_6,removed,73
1522,7610,253.667,camera_7,reacquired,51
1523,7615,253.833,camera_4,new_track,57
1523,7615,253.833,camera_4,removed,56
1523,7615,253.833,camera_5,lost_track,193
1523,7615,253.833,camera_6,lost_track,82
1524,7620,254.0,camera_5,reacquired,193
1524,7620,254.0,camera_5,lost_track,183
1524,7620,254.0,camera_5,lost_track,189
1525,7625,254.167,camera_5,removed,174
1525,7625,254.167,camera_7,lost_track,51
1526,7630,254.333,camera_6,lost_track,75
1527,7635,254.5,camera_4,lost_track,57
1527,7635,254.5,camera_5,reacquired,189
1528,7640,254.667,camera_2,lost_track,71
1528,7640,254.667,camera_5,new_track,194
1528,7640,254.667,camera_5,new_track,195
1529,7645,254.833,camera_5,lost_track,193
1529,7645,254.833,camera_5,lost_track,194
1529,7645,254.833,camera_5,removed,173
1529,7645,254.833,camera_6,reacquired,75
1529,7645,254.833,camera_6,lost_track,79
1530,7650,255.0,camera_5,lost_track,192
1530,7650,255.0,camera_6,new_track,83
1530,7650,255.0,camera_6,reacquired,79
1531,7655,255.167,camera_5,reacquired,183
1531,7655,255.167,camera_6,new_track,84
1532,7660,255.333,camera_6,new_track,85
1533,7665,255.5,camera_4,new_track,58
1533,7665,255.5,camera_5,lost_track,189
1533,7665,255.5,camera_6,new_track,86
1533,7665,255.5,camera_6,lost_track,85
1534,7670,255.667,camera_5,removed,186
1534,7670,255.667,camera_7,reacquired,51
1535,7675,255.833,camera_5,lost_track,183
1535,7675,255.833,camera_7,lost_track,51
1536,7680,256.0,camera_5,reacquired,193
1536,7680,256.0,camera_6,new_track,87
1536,7680,256.0,camera_6,lost_track,86
1536,7680,256.0,camera_7,reacquired,51
1537,7685,256.167,camera_5,lost_track,195
1537,7685,256.167,camera_6,lost_track,87
1538,7690,256.333,camera_5,lost_track,176
1538,7690,256.333,camera_5,removed,170
1538,7690,256.333,camera_6,new_track,88
1538,7690,256.333,camera_6,new_track,89
1538,7690,256.333,camera_6,reacquired,86
1539,7695,256.5,camera_6,lost_track,86
1539,7695,256.5,camera_7,new_track,52
1540,7700,256.667,camera_5,new_track,196
1540,7700,256.667,camera_5,lost_track,191
1541,7705,256.833,camera_3,lost_track,89
1541,7705,256.833,camera_7,removed,50
1542,7710,257.0,camera_6,lost_track,83
1542,7710,257.0,camera_7,lost_track,52
1543,7715,257.167,camera_6,removed,78
1545,7725,257.5,camera_4,new_track,59
1545,7725,257.5,camera_5,lost_track,190
1545,7725,257.5,camera_7,new_track,53
1546,7730,257.667,camera_2,removed,70
1546,7730,257.667,camera_6,reacquired,83
1547,7735,257.833,camera_2,new_track,72
1547,7735,257.833,camera_5,removed,185
1547,7735,257.833,camera_6,lost_track,88
1547,7735,257.833,camera_7,lost_track,51
1548,7740,258.0,camera_4,removed,52
1548,7740,258.0,camera_5,reacquired,190
1548,7740,258.0,camera_6,lost_track,89
1548,7740,258.0,camera_6,removed,77
1549,7745,258.167,camera_5,lost_track,175
1549,7745,258.167,camera_5,removed,172
1549,7745,258.167,camera_6,new_track,90
1550,7750,258.333,camera_5,removed,188
1550,7750,258.333,camera_6,lost_track,84
1551,7755,258.5,camera_6,reacquired,84
1551,7755,258.5,camera_6,lost_track,75
1551,7755,258.5,camera_6,lost_track,90
1551,7755,258.5,camera_6,removed,80
1552,7760,258.667,camera_6,new_track,91
1552,7760,258.667,camera_6,lost_track,84
1552,7760,258.667,camera_6,removed,81
1553,7765,258.833,camera_6,removed,82
1554,7770,259.0,camera_4,lost_track,59
1554,7770,259.0,camera_5,new_track,197
1554,7770,259.0,camera_6,new_track,92
1554,7770,259.0,camera_7,reacquired,51
1555,7775,259.167,camera_3,new_track,91
1555,7775,259.167,camera_4,new_track,60
1555,7775,259.167,camera_6,lost_track,92
1556,7780,259.333,camera_5,lost_track,190
1556,7780,259.333,camera_5,lost_track,193
1557,7785,259.5,camera_4,lost_track,60
1557,7785,259.5,camera_4,removed,57
1557,7785,259.5,camera_5,reacquired,190
1558,7790,259.667,camera_2,removed,71
1559,7795,259.833,camera_3,lost_track,90
1559,7795,259.833,camera_5,reacquired,193
1559,7795,259.833,camera_5,lost_track,197
1559,7795,259.833,camera_5,removed,194
1560,7800,260.0,camera_2,new_track,73
1560,7800,260.0,camera_5,removed,192
1562,7810,260.333,camera_1,lost_track,48
1562,7810,260.333,camera_3,new_track,92
1562,7810,260.333,camera_5,new_track,198
1562,7810,260.333,camera_5,lost_track,193
1563,7815,260.5,camera_4,lost_track,58
1563,7815,260.5,camera_5,removed,189
1563,7815,260.5,camera_6,new_track,93
1563,7815,260.5,camera_6,lost_track,79
1563,7815,260.5,camera_6,removed,85
1564,7820,260.667,camera_5,new_track,199
1564,7820,260.667,camera_5,lost_track,187
1565,7825,260.833,camera_5,reacquired,176
1565,7825,260.833,camera_5,reacquired,193
1565,7825,260.833,camera_5,removed,183
1565,7825,260.833,camera_6,lost_track,83
1566,7830,261.0,camera_1,new_track,49
1566,7830,261.0,camera_5,lost_track,190
1567,7835,261.167,camera_5,new_track,200
1567,7835,261.167,camera_5,lost_track,193
1567,7835,261.167,camera_5,removed,195
1567,7835,261.167,camera_6,removed,87
1568,7840,261.333,camera_2,lost_track,72
1568,7840,261.333,camera_5,new_track,201
1568,7840,261.333,camera_5,lost_track,196
1569,7845,261.5,camera_5,reacquired,196
1569,7845,261.5,camera_5,lost_track,200
1569,7845,261.5,camera_6,removed,86
1570,7850,261.667,camera_5,new_track,202
1570,7850,261.667,camera_5,removed,191
1571,7855,261.833,camera_3,lost_track,92
1571,7855,261.833,camera_3,removed,89
1572,7860,262.0,camera_5,lost_track,199
1572,7860,262.0,camera_7,removed,52
1573,7865,262.167,camera_6,reacquired,83
1574,7870,262.333,camera_1,lost_track,49
1574,7870,262.333,camera_5,reacquired,199
1574,7870,262.333,camera_5,lost_track,196
1574,7870,262.333,camera_5,lost_track,202
1575,7875,262.5,camera_5,reacquired,202
1576,7880,262.667,camera_5,lost_track,202
1576,7880,262.667,camera_6,new_track,94
1577,7885,262.833,camera_5,new_track,203
1577,7885,262.833,camera_5,reacquired,202
1577,7885,262.833,camera_6,removed,88
1578,7890,263.0,camera_5,reacquired,196
1578,7890,263.0,camera_5,lost_track,199
1578,7890,263.0,camera_6,lost_track,83
1578,7890,263.0,camera_6,lost_track,93
1578,7890,263.0,camera_6,removed,89
1579,7895,263.167,camera_5,lost_track,176
1579,7895,263.167,camera_5,removed,175
1580,7900,263.333,camera_5,new_track,204
1581,7905,263.5,camera_3,new_track,93
1581,7905,263.5,camera_6,removed,75
1581,7905,263.5,camera_6,removed,90
1582,7910,263.667,camera_6,removed,84
1583,7915,263.833,camera_5,lost_track,201
1583,7915,263.833,camera_5,lost_track,202
1583,7915,263.833,camera_7,new_track,54
1584,7920,264.0,camera_4,removed,59
1585,7925,264.167,camera_6,removed,92
1585,7925,264.167,camera_7,lost_track,54
1586,7930,264.333,camera_5,lost_track,198
1586,7930,264.333,camera_5,lost_track,203
1587,7935,264.5,camera_4,removed,60
1587,7935,264.5,camera_5,new_track,205
1587,7935,264.5,camera_5,new_track,206
1587,7935,264.5,camera_5,reacquired,198
1588,7940,264.667,camera_5,reacquired,201
1588,7940,264.667,camera_5,lost_track,198
1589,7945,264.833,camera_3,removed,90
1589,7945,264.833,camera_5,reacquired,198
1589,7945,264.833,camera_5,removed,197
1589,7945,264.833,camera_6,new_track,95
1589,7945,264.833,camera_6,new_track,96
1590,7950,265.0,camera_5,new_track,207
1591,7955,265.167,camera_3,new_track,94
1591,7955,265.167,camera_5,lost_track,201
1592,7960,265.333,camera_1,removed,48
1592,7960,265.333,camera_4,new_track,61
1593,7965,265.5,camera_4,removed,58
1593,7965,265.5,camera_6,removed,79
1594,7970,265.667,camera_5,removed,187
1595,7975,265.833,camera_4,new_track,62
1596,7980,266.0,camera_3,lost_track,93
1596,7980,266.0,camera_5,removed,190
1597,7985,266.167,camera_5,removed,193
1598,7990,266.333,camera_2,removed,72
1598,7990,266.333,camera_4,lost_track,62
1598,7990,266.333,camera_5,new_track,208
1599,7995,266.5,camera_5,removed,200
1600,8000,266.667,camera_5,lost_track,208
1600,8000,266.667,camera_7,new_track,55
1601,8005,266.833,camera_3,removed,92
1601,8005,266.833,camera_5,new_track,209
1601,8005,266.833,camera_5,reacquired,208
1602,8010,267.0,camera_2,new_track,74
1602,8010,267.0,camera_5,new_track,210
1602,8010,267.0,camera_5,lost_track,204
1603,8015,267.167,camera_1,new_track,50
1603,8015,267.167,camera_5,reacquired,204
1603,8015,267.167,camera_6,new_track,97
1604,8020,267.333,camera_1,removed,49
1604,8020,267.333,camera_5,new_track,211
1605,8025,267.5,camera_7,lost_track,55
1607,8035,267.833,camera_7,lost_track,53
1608,8040,268.0,camera_5,lost_track,204
1608,8040,268.0,camera_5,removed,199
1608,8040,268.0,camera_6,removed,83
1608,8040,268.0,camera_6,removed,93
1609,8045,268.167,camera_2,lost_track,73
1609,8045,268.167,camera_5,new_track,212
1609,8045,268.167,camera_5,removed,176
1610,8050,268.333,camera_5,reacquired,203
1610,8050,268.333,camera_5,lost_track,196
1610,8050,268.333,camera_5,lost_track,212
1610,8050,268.333,camera_7,new_track,56
1611,8055,268.5,camera_7,lost_track,56
1612,8060,268.667,camera_5,lost_track,209
1612,8060,268.667,camera_6,lost_track,91
1613,8065,268.833,camera_4,lost_track,61
1613,8065,268.833,camera_5,lost_track,198
1613,8065,268.833,camera_5,lost_track,210
1613,8065,268.833,camera_5,removed,202
1613,8065,268.833,camera_7,new_track,57
1614,8070,269.0,camera_5,reacquired,209
1615,8075,269.167,camera_5,lost_track,209
1615,8075,269.167,camera_7,removed,54
1616,8080,269.333,camera_4,new_track,63
1616,8080,269.333,camera_5,lost_track,206
1616,8080,269.333,camera_5,lost_track,208
1617,8085,269.5,camera_2,new_track,75
1617,8085,269.5,camera_5,reacquired,206
1617,8085,269.5,camera_5,reacquired,210
1618,8090,269.667,camera_3,new_track,95
1619,8095,269.833,camera_6,lost_track,94
1620,8100,270.0,camera_4,lost_track,63
1620,8100,270.0,camera_6,reacquired,94
1620,8100,270.0,camera_7,new_track,58
1621,8105,270.167,camera_5,new_track,213
1621,8105,270.167,camera_5,reacquired,208
1621,8105,270.167,camera_5,removed,201
1622,8110,270.333,camera_2,lost_track,75
1622,8110,270.333,camera_6,new_track,98
1622,8110,270.333,camera_7,lost_track,51
1623,8115,270.5,camera_2,lost_track,74
1623,8115,270.5,camera_6,new_track,99
1623,8115,270.5,camera_7,new_track,59
1624,8120,270.667,camera_2,new_track,76
1624,8120,270.667,camera_5,reacquired,209
1624,8120,270.667,camera_6,lost_track,94
1624,8120,270.667,camera_6,lost_track,95
1624,8120,270.667,camera_6,lost_track,96
1625,8125,270.833,camera_6,new_track,100
1625,8125,270.833,camera_6,lost_track,98
1625,8125,270.833,camera_7,reacquired,51
1625,8125,270.833,camera_7,lost_track,58
1626,8130,271.0,camera_3,removed,93
1626,8130,271.0,camera_4,new_track,64
1626,8130,271.0,camera_6,lost_track,100
1627,8135,271.167,camera_5,lost_track,208
1627,8135,271.167,camera_6,new_track,101
1628,8140,271.333,camera_2,new_track,77
1628,8140,271.333,camera_2,lost_track,76
1628,8140,271.333,camera_4,removed,62
1628,8140,271.333,camera_6,reacquired,98
1629,8145,271.5,camera_3,lost_track,95
1629,8145,271.5,camera_5,lost_track,209
1629,8145,271.5,camera_6,reacquired,94
1630,8150,271.667,camera_7,reacquired,55
1630,8150,271.667,camera_7,lost_track,49
1630,8150,271.667,camera_7,lost_track,57
1631,8155,271.833,camera_7,reacquired,57
1633,8165,272.167,camera_3,lost_track,94
1633,8165,272.167,camera_6,lost_track,94
1633,8165,272.167,camera_6,lost_track,101
1634,8170,272.333,camera_5,new_track,214
1634,8170,272.333,camera_5,lost_track,205
1634,8170,272.333,camera_6,new_track,102
1634,8170,272.333,camera_7,lost_track,59
1635,8175,272.5,camera_5,lost_track,203
1635,8175,272.5,camera_6,reacquired,96
1635,8175,272.5,camera_6,lost_track,102
1635,8175,272.5,camera_7,reacquired,59
1636,8180,272.667,camera_6,reacquired,101
1636,8180,272.667,camera_6,lost_track,99
1637,8185,272.833,camera_6,reacquired,100
1637,8185,272.833,camera_6,lost_track,96
1637,8185,272.833,camera_7,new_track,60
1637,8185,272.833,camera_7,lost_track,59
1637,8185,272.833,camera_7,removed,53
1638,8190,273.0,camera_5,removed,204
1638,8190,273.0,camera_6,reacquired,99
1638,8190,273.0,camera_7,lost_track,60
1639,8195,273.167,camera_2,removed,73
1639,8195,273.167,camera_5,reacquired,203
1639,8195,273.167,camera_5,lost_track,206
1640,8200,273.333,camera_4,lost_track,64
1640,8200,273.333,camera_5,new_track,215
1640,8200,273.333,camera_5,lost_track,203
1640,8200,273.333,camera_5,removed,196
1640,8200,273.333,camera_5,removed,212
1640,8200,273.333,camera_6,lost_track,101
1641,8205,273.5,camera_5,new_track,216
1641,8205,273.5,camera_7,reacquired,59
1641,8205,273.5,camera_7,lost_track,51
1641,8205,273.5,camera_7,removed,56
1642,8210,273.667,camera_1,lost_track,50
1642,8210,273.667,camera_5,reacquired,209
1642,8210,273.667,camera_5,lost_track,210
1642,8210,273.667,camera_6,removed,91
1643,8215,273.833,camera_4,removed,61
1643,8215,273.833,camera_5,removed,198
1643,8215,273.833,camera_6,new_track,103
1643,8215,273.833,camera_6,reacquired,96
1643,8215,273.833,camera_6,lost_track,100
1644,8220,274.0,camera_2,new_track,78
1644,8220,274.0,camera_5,lost_track,209
1646,8230,274.333,camera_7,reacquired,60
1647,8235,274.5,camera_2,lost_track,78
1648,8240,274.667,camera_2,lost_track,77
1648,8240,274.667,camera_5,lost_track,216
1648,8240,274.667,camera_7,new_track,61
1649,8245,274.833,camera_7,reacquired,51
1649,8245,274.833,camera_7,lost_track,59
1650,8250,275.0,camera_4,removed,63
1650,8250,275.0,camera_7,new_track,62
1650,8250,275.0,camera_7,lost_track,61
1651,8255,275.167,camera_4,new_track,65
1651,8255,275.167,camera_7,lost_track,57
1652,8260,275.333,camera_2,removed,75
1652,8260,275.333,camera_3,lost_track,91
1652,8260,275.333,camera_6,new_track,104
1652,8260,275.333,camera_6,reacquired,101
1652,8260,275.333,camera_6,lost_track,98
1652,8260,275.333,camera_7,reacquired,57
1652,8260,275.333,camera_7,reacquired,59
1652,8260,275.333,camera_7,lost_track,51
1653,8265,275.5,camera_2,removed,74
1653,8265,275.5,camera_5,lost_track,213
1653,8265,275.5,camera_7,new_track,63
1653,8265,275.5,camera_7,reacquired,51
1653,8265,275.5,camera_7,lost_track,59
1653,8265,275.5,camera_7,lost_track,60
1654,8270,275.667,camera_6,reacquired,94
1654,8270,275.667,camera_6,lost_track,101
1654,8270,275.667,camera_6,removed,95
1654,8270,275.667,camera_7,lost_track,63
1655,8275,275.833,camera_5,new_track,217
1655,8275,275.833,camera_5,lost_track,215
1655,8275,275.833,camera_7,reacquired,59
1655,8275,275.833,camera_7,lost_track,51
1655,8275,275.833,camera_7,removed,58
1656,8280,276.0,camera_5,lost_track,217
1656,8280,276.0,camera_6,new_track,105
1656,8280,276.0,camera_6,new_track,106
1656,8280,276.0,camera_6,new_track,107
1656,8280,276.0,camera_6,lost_track,99
1657,8285,276.167,camera_5,reacquired,217
1657,8285,276.167,camera_5,lost_track,214
1657,8285,276.167,camera_5,removed,208
1657,8285,276.167,camera_7,new_track,64
1657,8285,276.167,camera_7,lost_track,59
1657,8285,276.167,camera_7,lost_track,62
1658,8290,276.333,camera_2,removed,76
1658,8290,276.333,camera_4,new_track,66
1658,8290,276.333,camera_7,reacquired,62
1658,8290,276.333,camera_7,lost_track,64
1659,8295,276.5,camera_3,removed,95
1659,8295,276.5,camera_6,lost_track,97
1660,8300,276.667,camera_7,removed,49
1661,8305,276.833,camera_4,new_track,67
1661,8305,276.833,camera_5,lost_track,217
1661,8305,276.833,camera_6,new_track,108
1661,8305,276.833,camera_6,lost_track,107
1662,8310,277.0,camera_5,reacquired,217
1662,8310,277.0,camera_6,new_track,109
1662,8310,277.0,camera_6,new_track,110
1662,8310,277.0,camera_6,lost_track,96
1662,8310,277.0,camera_6,lost_track,108
1663,8315,277.167,camera_3,removed,94
1663,8315,277.167,camera_5,new_track,218
1663,8315,277.167,camera_5,lost_track,207
1664,8320,277.333,camera_5,lost_track,218
1664,8320,277.333,camera_5,removed,205
1664,8320,277.333,camera_7,new_track,65
1665,8325,277.5,camera_6,new_track,111
1665,8325,277.5,camera_6,removed,102
1666,8330,277.667,camera_5,reacquired,218
1666,8330,277.667,camera_5,lost_track,217
1666,8330,277.667,camera_6,reacquired,96
1666,8330,277.667,camera_6,reacquired,98
1666,8330,277.667,camera_6,lost_track,106
1666,8330,277.667,camera_6,lost_track,110
1666,8330,277.667,camera_7,reacquired,59
1666,8330,277.667,camera_7,lost_track,57
1667,8335,277.833,camera_6,reacquired,99
1667,8335,277.833,camera_6,lost_track,103
1667,8335,277.833,camera_7,lost_track,59
1667,8335,277.833,camera_7,lost_track,65
1668,8340,278.0,camera_6,lost_track,96
1669,8345,278.167,camera_5,removed,206
1669,8345,278.167,camera_7,reacquired,51
1670,8350,278.333,camera_4,removed,64
1670,8350,278.333,camera_5,lost_track,211
1670,8350,278.333,camera_5,removed,203
1670,8350,278.333,camera_6,new_track,112
1670,8350,278.333,camera_6,lost_track,94
1672,8360,278.667,camera_1,removed,50
1672,8360,278.667,camera_5,removed,210
1673,8365,278.833,camera_6,reacquired,108
1673,8365,278.833,camera_6,removed,100
1674,8370,279.0,camera_5,removed,209
1676,8380,279.333,camera_6,new_track,113
1676,8380,279.333,camera_6,new_track,114
1677,8385,279.5,camera_2,removed,78
1677,8385,279.5,camera_5,new_track,219
1677,8385,279.5,camera_7,reacquired,59
1678,8390,279.667,camera_2,removed,77
1678,8390,279.667,camera_5,removed,216
1678,8390,279.667,camera_6,lost_track,109
1678,8390,279.667,camera_7,lost_track,51
1680,8400,280.0,camera_6,new_track,115
1680,8400,280.0,camera_6,lost_track,104
1680,8400,280.0,camera_7,removed,61
1681,8405,280.167,camera_6,lost_track,99
1681,8405,280.167,camera_6,lost_track,108
1682,8410,280.333,camera_3,new_track,96
1682,8410,280.333,camera_3,removed,91
1683,8415,280.5,camera_5,removed,213
1683,8415,280.5,camera_7,removed,60
1684,8420,280.667,camera_3,new_track,97
1684,8420,280.667,camera_5,reacquired,217
1684,8420,280.667,camera_6,lost_track,98
1684,8420,280.667,camera_6,removed,101
1684,8420,280.667,camera_7,lost_track,59
1684,8420,280.667,camera_7,removed,63
1685,8425,280.833,camera_2,new_track,79
1685,8425,280.833,camera_5,lost_track,217
1685,8425,280.833,camera_5,removed,215
1685,8425,280.833,camera_7,reacquired,59
1686,8430,281.0,camera_4,lost_track,66
1686,8430,281.0,camera_6,lost_track,114
1686,8430,281.0,camera_6,lost_track,115
1687,8435,281.167,camera_3,new_track,98
1687,8435,281.167,camera_5,lost_track,219
1687,8435,281.167,camera_5,removed,214
1687,8435,281.167,camera_6,reacquired,115
1687,8435,281.167,camera_7,new_track,66
1688,8440,281.333,camera_5,new_track,220
1688,8440,281.333,camera_6,reacquired,99
1688,8440,281.333,camera_6,reacquired,114
1688,8440,281.333,camera_7,removed,64
1689,8445,281.5,camera_6,lost_track,111
1689,8445,281.5,camera_6,removed,97
1690,8450,281.667,camera_1,new_track,51
1690,8450,281.667,camera_7,lost_track,66
1691,8455,281.833,camera_5,new_track,221
1691,8455,281.833,camera_6,removed,107
1692,8460,282.0,camera_3,lost_track,96
1692,8460,282.0,camera_6,lost_track,115
1693,8465,282.167,camera_3,new_track,99
1693,8465,282.167,camera_3,new_track,100
1693,8465,282.167,camera_3,reacquired,96
1693,8465,282.167,camera_3,lost_track,97
1693,8465,282.167,camera_4,lost_track,67
1693,8465,282.167,camera_5,removed,207
1693,8465,282.167,camera_7,lost_track,59
1694,8470,282.333,camera_3,reacquired,97
1694,8470,282.333,camera_6,lost_track,114
1694,8470,282.333,camera_7,reacquired,51
1695,8475,282.5,camera_5,new_track,222
1695,8475,282.5,camera_6,lost_track,112
1696,8480,282.667,camera_1,new_track,52
1696,8480,282.667,camera_6,removed,106
1696,8480,282.667,camera_6,removed,110
1696,8480,282.667,camera_7,removed,57
1697,8485,282.833,camera_1,lost_track,51
1697,8485,282.833,camera_2,lost_track,79
1697,8485,282.833,camera_6,removed,103
1697,8485,282.833,camera_7,removed,65
1698,8490,283.0,camera_6,removed,96
1699,8495,283.167,camera_1,lost_track,52
1699,8495,283.167,camera_3,lost_track,96
1700,8500,283.333,camera_5,removed,211
1700,8500,283.333,camera_6,removed,94
1702,8510,283.667,camera_2,new_track,80
1702,8510,283.667,camera_4,new_track,68
1705,8525,284.167,camera_3,lost_track,99
1705,8525,284.167,camera_5,lost_track,220
1705,8525,284.167,camera_7,new_track,67
1706,8530,284.333,camera_3,lost_track,100
1707,8535,284.5,camera_3,new_track,101
1707,8535,284.5,camera_3,new_track,102
1707,8535,284.5,camera_5,lost_track,221
1708,8540,284.667,camera_5,new_track,223
1708,8540,284.667,camera_5,lost_track,218
1708,8540,284.667,camera_6,removed,109
1709,8545,284.833,camera_2,new_track,81
1709,8545,284.833,camera_7,lost_track,67
1710,8550,285.0,camera_3,lost_track,102
1710,8550,285.0,camera_4,lost_track,65
1710,8550,285.0,camera_6,lost_track,105
1710,8550,285.0,camera_6,removed,104
1711,8555,285.167,camera_3,reacquired,100
1711,8555,285.167,camera_3,lost_track,98
1711,8555,285.167,camera_6,lost_track,99
1711,8555,285.167,camera_6,removed,108
1713,8565,285.5,camera_2,new_track,82
1713,8565,285.5,camera_3,lost_track,97
1714,8570,285.667,camera_1,new_track,53
1714,8570,285.667,camera_3,new_track,103
1714,8570,285.667,camera_5,reacquired,221
1714,8570,285.667,camera_6,removed,98
1715,8575,285.833,camera_2,lost_track,81
1715,8575,285.833,camera_3,lost_track,101
1715,8575,285.833,camera_5,removed,217
1716,8580,286.0,camera_3,reacquired,101
1716,8580,286.0,camera_4,removed,66
1717,8585,286.167,camera_1,new_track,54
1717,8585,286.167,camera_5,removed,219
1718,8590,286.333,camera_1,new_track,55
1718,8590,286.333,camera_1,lost_track,53
1718,8590,286.333,camera_3,reacquired,97
1719,8595,286.5,camera_4,new_track,69
1719,8595,286.5,camera_5,lost_track,221
1719,8595,286.5,camera_6,removed,111
1720,8600,286.667,camera_2,lost_track,82
1720,8600,286.667,camera_7,removed,66
1721,8605,286.833,camera_2,reacquired,82
1722,8610,287.0,camera_3,new_track,104
1722,8610,287.0,camera_3,lost_track,101
1722,8610,287.0,camera_6,removed,115
1723,8615,287.167,camera_4,removed,67
1723,8615,287.167,camera_5,new_track,224
1723,8615,287.167,camera_5,lost_track,222
1723,8615,287.167,camera_7,removed,59
1724,8620,287.333,camera_6,removed,114
1725,8625,287.5,camera_1,lost_track,54
1725,8625,287.5,camera_2,new_track,83
1725,8625,287.5,camera_6,removed,112
1726,8630,287.667,camera_7,lost_track,51
1727,8635,287.833,camera_1,removed,51
1727,8635,287.833,camera_2,removed,79
1728,8640,288.0,camera_2,lost_track,83
1728,8640,288.0,camera_6,lost_track,113
1728,8640,288.0,camera_7,new_track,68
1729,8645,288.167,camera_1,removed,52
1729,8645,288.167,camera_3,removed,96
1730,8650,288.333,camera_2,reacquired,83
1730,8650,288.333,camera_2,lost_track,80
1730,8650,288.333,camera_3,lost_track,104
1730,8650,288.333,camera_5,new_track,225
1730,8650,288.333,camera_6,new_track,116
1730,8650,288.333,camera_6,reacquired,105
1731,8655,288.5,camera_3,new_track,105
1731,8655,288.5,camera_5,new_track,226
1731,8655,288.5,camera_7,lost_track,68
1732,8660,288.667,camera_5,lost_track,223
1733,8665,288.833,camera_2,lost_track,82
1733,8665,288.833,camera_5,reacquired,223
1734,8670,289.0,camera_2,new_track,84
1734,8670,289.0,camera_6,lost_track,105
1735,8675,289.167,camera_3,new_track,106
1735,8675,289.167,camera_3,removed,99
1735,8675,289.167,camera_5,lost_track,226
1735,8675,289.167,camera_5,removed,220
1736,8680,289.333,camera_2,lost_track,84
1736,8680,289.333,camera_5,new_track,227
1737,8685,289.5,camera_4,lost_track,69
1737,8685,289.5,camera_5,lost_track,223
1738,8690,289.667,camera_3,reacquired,104
1738,8690,289.667,camera_5,removed,218
1738,8690,289.667,camera_6,new_track,117
1739,8695,289.833,camera_6,reacquired,105
1739,8695,289.833,camera_7,removed,67
1740,8700,290.0,camera_2,new_track,85
1740,8700,290.0,camera_3,removed,102
1740,8700,290.0,camera_4,removed,65
1740,8700,290.0,camera_5,new_track,228
1740,8700,290.0,camera_7,lost_track,55
1741,8705,290.167,camera_3,removed,98
1741,8705,290.167,camera_6,removed,99
1742,8710,290.333,camera_3,lost_track,105
1742,8710,290.333,camera_4,new_track,70
1742,8710,290.333,camera_5,lost_track,228
1742,8710,290.333,camera_6,lost_track,105
1743,8715,290.5,camera_1,new_track,56
1743,8715,290.5,camera_3,lost_track,103
1744,8720,290.667,camera_5,lost_track,224
1744,8720,290.667,camera_5,lost_track,225
1744,8720,290.667,camera_7,new_track,69
1745,8725,290.833,camera_2,removed,81
1745,8725,290.833,camera_7,lost_track,62
1746,8730,291.0,camera_6,lost_track,116
1748,8740,291.333,camera_1,removed,53
1749,8745,291.5,camera_2,new_track,86
1749,8745,291.5,camera_5,removed,221
1751,8755,291.833,camera_1,new_track,57
1751,8755,291.833,camera_3,new_track,107
1752,8760,292.0,camera_2,lost_track,86
1752,8760,292.0,camera_3,removed,101
1752,8760,292.0,camera_4,new_track,71
1753,8765,292.167,camera_3,new_track,108
1753,8765,292.167,camera_3,lost_track,104
1753,8765,292.167,camera_4,lost_track,71
1753,8765,292.167,camera_5,removed,222
1754,8770,292.333,camera_1,lost_track,56
1754,8770,292.333,camera_3,lost_track,97
1754,8770,292.333,camera_4,new_track,72
1754,8770,292.333,camera_6,new_track,118
1755,8775,292.5,camera_1,removed,54
1755,8775,292.5,camera_3,reacquired,97
1755,8775,292.5,camera_4,new_track,73
1755,8775,292.5,camera_5,new_track,229
1756,8780,292.667,camera_7,removed,51
1758,8790,293.0,camera_6,removed,113
1759,8795,293.167,camera_1,new_track,58
1759,8795,293.167,camera_3,lost_track,97
1759,8795,293.167,camera_4,lost_track,73
1760,8800,293.333,camera_2,new_track,87
1760,8800,293.333,camera_2,removed,80
1760,8800,293.333,camera_5,new_track,230
1760,8800,293.333,camera_6,lost_track,117
1761,8805,293.5,camera_2,lost_track,85
1761,8805,293.5,camera_4,lost_track,70
1761,8805,293.5,camera_7,removed,68
1762,8810,293.667,camera_4,reacquired,71
1763,8815,293.833,camera_2,new_track,88
1763,8815,293.833,camera_2,removed,82
1763,8815,293.833,camera_3,lost_track,100
1764,8820,294.0,camera_2,reacquired,85
1764,8820,294.0,camera_3,reacquired,97
1764,8820,294.0,camera_3,lost_track,107
1764,8820,294.0,camera_4,lost_track,71
1764,8820,294.0,camera_5,reacquired,228
1764,8820,294.0,camera_5,lost_track,227
1764,8820,294.0,camera_6,new_track,119
1765,8825,294.167,camera_4,new_track,74
1765,8825,294.167,camera_5,lost_track,229
1765,8825,294.167,camera_5,removed,226
1766,8830,294.333,camera_2,removed,84
1767,8835,294.5,camera_3,reacquired,107
1767,8835,294.5,camera_4,removed,69
1767,8835,294.5,camera_5,removed,223
1769,8845,294.833,camera_4,reacquired,71
1769,8845,294.833,camera_5,new_track,231
1770,8850,295.0,camera_3,lost_track,97
1770,8850,295.0,camera_5,new_track,232
1770,8850,295.0,camera_7,removed,55
1771,8855,295.167,camera_1,lost_track,58
1772,8860,295.333,camera_3,removed,105
1772,8860,295.333,camera_4,new_track,75
1772,8860,295.333,camera_5,lost_track,230
1772,8860,295.333,camera_6,removed,105
1773,8865,295.5,camera_2,lost_track,88
1773,8865,295.5,camera_3,removed,103
1773,8865,295.5,camera_5,new_track,233
1773,8865,295.5,camera_6,lost_track,119
1773,8865,295.5,camera_7,new_track,70
1774,8870,295.667,camera_2,reacquired,88
1774,8870,295.667,camera_2,lost_track,87
1774,8870,295.667,camera_3,reacquired,97
1774,8870,295.667,camera_3,reacquired,100
1774,8870,295.667,camera_3,lost_track,107
1774,8870,295.667,camera_4,lost_track,71
1774,8870,295.667,camera_5,removed,224
1774,8870,295.667,camera_5,removed,225
1775,8875,295.833,camera_3,reacquired,107
1775,8875,295.833,camera_4,lost_track,68
1775,8875,295.833,camera_7,removed,62
1776,8880,296.0,camera_2,new_track,89
1776,8880,296.0,camera_6,lost_track,118
1776,8880,296.0,camera_6,removed,116
1777,8885,296.167,camera_2,lost_track,85
1777,8885,296.167,camera_3,new_track,109
1777,8885,296.167,camera_3,lost_track,100
1778,8890,296.333,camera_4,lost_track,74
1779,8895,296.5,camera_5,new_track,234
1779,8895,296.5,camera_5,new_track,235
1780,8900,296.667,camera_2,new_track,90
1780,8900,296.667,camera_3,new_track,110
1780,8900,296.667,camera_4,reacquired,74
1780,8900,296.667,camera_7,new_track,71
1781,8905,296.833,camera_1,lost_track,57
1781,8905,296.833,camera_4,lost_track,74
1781,8905,296.833,camera_5,new_track,236
1782,8910,297.0,camera_2,removed,86
1782,8910,297.0,camera_5,lost_track,232
1782,8910,297.0,camera_5,lost_track,233
1783,8915,297.167,camera_3,new_track,111
1783,8915,297.167,camera_3,lost_track,97
1783,8915,297.167,camera_3,lost_track,107
1783,8915,297.167,camera_3,removed,104
1784,8920,297.333,camera_1,removed,56
1784,8920,297.333,camera_5,reacquired,232
1784,8920,297.333,camera_5,lost_track,234
1785,8925,297.5,camera_2,lost_track,90
1785,8925,297.5,camera_5,lost_track,232
1786,8930,297.667,camera_3,new_track,112
1786,8930,297.667,camera_5,new_track,237
1786,8930,297.667,camera_5,new_track,238
1786,8930,297.667,camera_5,new_track,239
1787,8935,297.833,camera_4,lost_track,72
1787,8935,297.833,camera_5,lost_track,239
1788,8940,298.0,camera_2,reacquired,90
1788,8940,298.0,camera_5,new_track,240
1788,8940,298.0,camera_5,lost_track,238
1789,8945,298.167,camera_3,lost_track,111
1789,8945,298.167,camera_4,removed,73
1790,8950,298.333,camera_1,new_track,59
1790,8950,298.333,camera_1,reacquired,57
1790,8950,298.333,camera_2,lost_track,89
1790,8950,298.333,camera_3,new_track,113
1790,8950,298.333,camera_3,lost_track,108
1790,8950,298.333,camera_5,lost_track,235
1790,8950,298.333,camera_6,removed,117
1791,8955,298.5,camera_4,removed,70
1791,8955,298.5,camera_5,new_track,241
1791,8955,298.5,camera_5,new_track,242
1791,8955,298.5,camera_5,new_track,243
1791,8955,298.5,camera_5,reacquired,235
1792,8960,298.667,camera_2,new_track,91
1792,8960,298.667,camera_5,lost_track,236
1792,8960,298.667,camera_5,lost_track,243
1793,8965,298.833,camera_2,new_track,92
1793,8965,298.833,camera_5,new_track,244
1793,8965,298.833,camera_7,lost_track,69
1794,8970,299.0,camera_5,new_track,245
1794,8970,299.0,camera_5,lost_track,242
1794,8970,299.0,camera_5,removed,227
1795,8975,299.167,camera_3,lost_track,110
1795,8975,299.167,camera_5,reacquired,243
1795,8975,299.167,camera_5,lost_track,235
1795,8975,299.167,camera_5,removed,229
1796,8980,299.333,camera_1,lost_track,55
1796,8980,299.333,camera_5,new_track,246
1796,8980,299.333,camera_5,lost_track,245
1797,8985,299.5,camera_1,new_track,60
1798,8990,299.667,camera_3,new_track,114
1798,8990,299.667,camera_5,lost_track,228
1799,8995,299.833,camera_5,lost_track,243
1800,9000,300.0,camera_1,lost_track,57
1800,9000,300.0,camera_5,reacquired,239
1800,9000,300.0,camera_5,reacquired,243
1800,9000,300.0,camera_5,lost_track,240
1801,9005,300.167,camera_1,removed,58
1802,9010,300.333,camera_3,lost_track,114
1802,9010,300.333,camera_5,lost_track,231
1802,9010,300.333,camera_5,removed,230
1803,9015,300.5,camera_4,new_track,76
1803,9015,300.5,camera_5,new_track,247
1803,9015,300.5,camera_6,removed,119
1804,9020,300.667,camera_2,removed,87
1804,9020,300.667,camera_3,reacquired,114
1804,9020,300.667,camera_4,removed,71
1805,9025,300.833,camera_4,lost_track,76
1805,9025,300.833,camera_4,removed,68
1805,9025,300.833,camera_5,reacquired,245
1805,9025,300.833,camera_5,lost_track,244
1806,9030,301.0,camera_1,new_track,61
1806,9030,301.0,camera_5,new_track,248
1806,9030,301.0,camera_5,lost_track,243
1806,9030,301.0,camera_5,lost_track,247
1806,9030,301.0,camera_6,removed,118
1806,9030,301.0,camera_7,reacquired,69
1806,9030,301.0,camera_7,lost_track,71
1807,9035,301.167,camera_2,removed,85
1807,9035,301.167,camera_3,removed,100
1807,9035,301.167,camera_5,reacquired,228
1807,9035,301.167,camera_5,lost_track,241
1808,9040,301.333,camera_3,reacquired,111
1808,9040,301.333,camera_5,new_track,249
1808,9040,301.333,camera_5,reacquired,241
1808,9040,301.333,camera_5,lost_track,228
1808,9040,301.333,camera_7,lost_track,69
1809,9045,301.5,camera_4,lost_track,75
1809,9045,301.5,camera_5,reacquired,247
1809,9045,301.5,camera_5,lost_track,246
1809,9045,301.5,camera_7,new_track,72
1810,9050,301.667,camera_5,lost_track,249
1811,9055,301.833,camera_4,removed,74
1811,9055,301.833,camera_5,lost_track,245
1812,9060,302.0,camera_1,lost_track,61
1812,9060,302.0,camera_5,removed,233
1812,9060,302.0,camera_6,new_track,120
1813,9065,302.167,camera_2,new_track,93
1813,9065,302.167,camera_3,removed,97
1813,9065,302.167,camera_3,removed,107
1813,9065,302.167,camera_5,new_track,250
1814,9070,302.333,camera_5,new_track,251
1814,9070,302.333,camera_5,lost_track,237
1814,9070,302.333,camera_5,removed,234
1815,9075,302.5,camera_3,lost_track,113
1815,9075,302.5,camera_5,lost_track,241
1815,9075,302.5,camera_5,removed,232
1816,9080,302.667,camera_1,new_track,62
1817,9085,302.833,camera_1,lost_track,59
1817,9085,302.833,camera_3,reacquired,113
1817,9085,302.833,camera_4,removed,72
1818,9090,303.0,camera_5,removed,238
1819,9095,303.167,camera_1,reacquired,57
1819,9095,303.167,camera_5,lost_track,251
1820,9100,303.333,camera_1,lost_track,62
1820,9100,303.333,camera_2,removed,89
1820,9100,303.333,camera_3,removed,108
1820,9100,303.333,camera_5,reacquired,251
1821,9105,303.5,camera_5,lost_track,250
1822,9110,303.667,camera_3,lost_track,112
1822,9110,303.667,camera_3,lost_track,114
1822,9110,303.667,camera_4,new_track,77
1822,9110,303.667,camera_5,removed,236
1823,9115,303.833,camera_1,new_track,63
1823,9115,303.833,camera_3,reacquired,114
1824,9120,304.0,camera_5,removed,242
1825,9125,304.167,camera_1,new_track,64
1825,9125,304.167,camera_3,removed,110
1825,9125,304.167,camera_5,removed,235
1826,9130,304.333,camera_1,removed,55
1826,9130,304.333,camera_5,lost_track,247
1826,9130,304.333,camera_5,lost_track,251
1827,9135,304.5,camera_1,reacquired,59
1827,9135,304.5,camera_5,new_track,252
1827,9135,304.5,camera_5,lost_track,248
1828,9140,304.667,camera_6,new_track,121
1829,9145,304.833,camera_5,reacquired,251
1829,9145,304.833,camera_5,lost_track,239
1830,9150,305.0,camera_5,removed,240
1830,9150,305.0,camera_6,lost_track,121
1830,9150,305.0,camera_7,new_track,73
1831,9155,305.167,camera_2,lost_track,90
1832,9160,305.333,camera_1,lost_track,63
1832,9160,305.333,camera_1,lost_track,64
1832,9160,305.333,camera_5,lost_track,251
1832,9160,305.333,camera_5,removed,231
1833,9165,305.5,camera_6,lost_track,120
1834,9170,305.667,camera_1,lost_track,59
1834,9170,305.667,camera_2,new_track,94
1834,9170,305.667,camera_5,reacquired,251
1835,9175,305.833,camera_3,lost_track,114
1835,9175,305.833,camera_4,removed,76
1835,9175,305.833,camera_5,removed,244
1836,9180,306.0,camera_3,reacquired,114
1836,9180,306.0,camera_5,removed,243
1836,9180,306.0,camera_7,removed,71
1837,9185,306.167,camera_1,new_track,65
1838,9190,306.333,camera_5,removed,228
1838,9190,306.333,camera_7,removed,69
1839,9195,306.5,camera_2,new_track,95
1839,9195,306.5,camera_4,removed,75
1839,9195,306.5,camera_5,removed,246
1840,9200,306.667,camera_2,lost_track,83
1840,9200,306.667,camera_2,lost_track,95
1840,9200,306.667,camera_5,lost_track,251
1840,9200,306.667,camera_5,removed,249
1841,9205,306.833,camera_1,lost_track,57
1841,9205,306.833,camera_2,new_track,96
1841,9205,306.833,camera_3,new_track,115
1841,9205,306.833,camera_3,new_track,116
1841,9205,306.833,camera_3,lost_track,109
1841,9205,306.833,camera_5,reacquired,251
1841,9205,306.833,camera_5,removed,245
1841,9205,306.833,camera_7,lost_track,73
1842,9210,307.0,camera_1,new_track,66
1842,9210,307.0,camera_1,lost_track,65
1842,9210,307.0,camera_1,removed,61
1842,9210,307.0,camera_2,lost_track,92
1842,9210,307.0,camera_7,new_track,74
1843,9215,307.167,camera_3,new_track,117
1843,9215,307.167,camera_5,lost_track,251
1844,9220,307.333,camera_3,lost_track,115
1844,9220,307.333,camera_3,lost_track,117
1844,9220,307.333,camera_5,removed,237
1845,9225,307.5,camera_3,new_track,118
1845,9225,307.5,camera_4,lost_track,77
1845,9225,307.5,camera_5,lost_track,252
1845,9225,307.5,camera_5,removed,241
1846,9230,307.667,camera_3,new_track,119
1846,9230,307.667,camera_5,reacquired,251
1847,9235,307.833,camera_3,reacquired,109
1847,9235,307.833,camera_3,reacquired,117
1847,9235,307.833,camera_5,lost_track,251
1848,9240,308.0,camera_3,lost_track,109
1848,9240,308.0,camera_3,lost_track,113
1848,9240,308.0,camera_5,reacquired,252
1849,9245,308.167,camera_3,lost_track,117
1850,9250,308.333,camera_1,removed,62
1851,9255,308.5,camera_3,new_track,120
1851,9255,308.5,camera_5,removed,250
1852,9260,308.667,camera_3,removed,112
1852,9260,308.667,camera_4,new_track,78
1853,9265,308.833,camera_1,lost_track,66
1854,9270,309.0,camera_3,lost_track,119
1855,9275,309.167,camera_3,new_track,121
1856,9280,309.333,camera_5,lost_track,252
1856,9280,309.333,camera_5,removed,247
1857,9285,309.5,camera_5,removed,248
1858,9290,309.667,camera_3,new_track,122
1859,9295,309.833,camera_3,lost_track,122
1859,9295,309.833,camera_5,removed,239
1860,9300,310.0,camera_3,reacquired,113
1860,9300,310.0,camera_6,removed,121
1861,9305,310.167,camera_1,reacquired,66
1861,9305,310.167,camera_2,removed,90
1861,9305,310.167,camera_3,lost_track,121
1862,9310,310.333,camera_1,removed,63
1862,9310,310.333,camera_1,removed,64
1862,9310,310.333,camera_3,lost_track,116
1862,9310,310.333,camera_6,new_track,122
1863,9315,310.5,camera_1,lost_track,60
1863,9315,310.5,camera_3,lost_track,113
1863,9315,310.5,camera_6,removed,120
1864,9320,310.667,camera_1,removed,59
1864,9320,310.667,camera_3,new_track,123
1865,9325,310.833,camera_6,new_track,123
1865,9325,310.833,camera_7,lost_track,70
1866,9330,311.0,camera_2,lost_track,88
1868,9340,311.333,camera_2,new_track,97
1868,9340,311.333,camera_3,lost_track,123
1868,9340,311.333,camera_4,new_track,79
1870,9350,311.667,camera_2,reacquired,88
1870,9350,311.667,camera_2,removed,83
1870,9350,311.667,camera_2,removed,95
1871,9355,311.833,camera_1,removed,57
1871,9355,311.833,camera_7,removed,73
1872,9360,312.0,camera_1,removed,65
1872,9360,312.0,camera_2,removed,92
1874,9370,312.333,camera_3,removed,115
1875,9375,312.5,camera_4,removed,77
1877,9385,312.833,camera_5,removed,251
1877,9385,312.833,camera_7,new_track,75
1878,9390,313.0,camera_3,removed,109
1878,9390,313.0,camera_7,lost_track,74
1879,9395,313.167,camera_3,removed,117
1879,9395,313.167,camera_6,lost_track,123
1880,9400,313.333,camera_7,new_track,76
1884,9420,314.0,camera_3,removed,119
1884,9420,314.0,camera_7,lost_track,75
1886,9430,314.333,camera_5,removed,252
1888,9440,314.667,camera_6,lost_track,122
1889,9445,314.833,camera_3,removed,122
1891,9455,315.167,camera_3,removed,121
1892,9460,315.333,camera_3,removed,116
1893,9465,315.5,camera_1,removed,60
1893,9465,315.5,camera_3,removed,113
1895,9475,315.833,camera_7,removed,70
1896,9480,316.0,camera_5,new_track,253
1897,9485,316.167,camera_5,new_track,254
1898,9490,316.333,camera_3,removed,123
1900,9500,316.667,camera_5,new_track,255
1901,9505,316.833,camera_5,new_track,256
1902,9510,317.0,camera_5,lost_track,256
1903,9515,317.167,camera_4,lost_track,78
1903,9515,317.167,camera_5,reacquired,256
1904,9520,317.333,camera_2,new_track,98
1904,9520,317.333,camera_4,reacquired,78
1904,9520,317.333,camera_5,new_track,257
1905,9525,317.5,camera_5,lost_track,256
1905,9525,317.5,camera_7,lost_track,76
1907,9535,317.833,camera_7,reacquired,76
1908,9540,318.0,camera_7,lost_track,76
1908,9540,318.0,camera_7,removed,74
1909,9545,318.167,camera_2,new_track,99
1909,9545,318.167,camera_5,reacquired,256
1909,9545,318.167,camera_6,removed,123
1909,9545,318.167,camera_7,reacquired,76
1911,9555,318.5,camera_4,lost_track,78
1912,9560,318.667,camera_4,new_track,80
1912,9560,318.667,camera_5,lost_track,256
1912,9560,318.667,camera_5,lost_track,257
1913,9565,318.833,camera_2,new_track,100
1913,9565,318.833,camera_5,new_track,258
1914,9570,319.0,camera_7,removed,75
1915,9575,319.167,camera_1,lost_track,66
1915,9575,319.167,camera_5,lost_track,258
1916,9580,319.333,camera_5,new_track,259
1916,9580,319.333,camera_5,reacquired,257
1917,9585,319.5,camera_1,new_track,67
1917,9585,319.5,camera_1,reacquired,66
1917,9585,319.5,camera_2,lost_track,100
1917,9585,319.5,camera_3,new_track,124
1917,9585,319.5,camera_4,lost_track,80
1917,9585,319.5,camera_5,new_track,260
1917,9585,319.5,camera_5,new_track,261
1918,9590,319.667,camera_6,removed,122
1919,9595,319.833,camera_5,new_track,262
1919,9595,319.833,camera_5,lost_track,259
1921,9605,320.167,camera_5,lost_track,262
1922,9610,320.333,camera_5,reacquired,262
1923,9615,320.5,camera_3,new_track,125
1923,9615,320.5,camera_4,new_track,81
1924,9620,320.667,camera_1,lost_track,67
1924,9620,320.667,camera_5,lost_track,260
1924,9620,320.667,camera_5,lost_track,261
1926,9630,321.0,camera_5,lost_track,255
1926,9630,321.0,camera_5,lost_track,257
1927,9635,321.167,camera_1,new_track,68
1927,9635,321.167,camera_3,lost_track,125
1928,9640,321.333,camera_3,lost_track,124
1928,9640,321.333,camera_5,new_track,263
1930,9650,321.667,camera_2,lost_track,99
1930,9650,321.667,camera_3,new_track,126
1930,9650,321.667,camera_4,new_track,82
1931,9655,321.833,camera_2,lost_track,98
1931,9655,321.833,camera_3,lost_track,126
1931,9655,321.833,camera_4,lost_track,81
1932,9660,322.0,camera_2,new_track,101
1932,9660,322.0,camera_2,new_track,102
1932,9660,322.0,camera_3,reacquired,125
1932,9660,322.0,camera_5,lost_track,263
1933,9665,322.167,camera_2,reacquired,98
1933,9665,322.167,camera_3,reacquired,126
1933,9665,322.167,camera_4,new_track,83
1934,9670,322.333,camera_1,lost_track,66
1934,9670,322.333,camera_2,lost_track,88
1934,9670,322.333,camera_2,lost_track,96
1934,9670,322.333,camera_3,lost_track,125
1934,9670,322.333,camera_4,lost_track,83
1935,9675,322.5,camera_2,reacquired,96
1935,9675,322.5,camera_2,lost_track,102
1935,9675,322.5,camera_3,lost_track,114
1936,9680,322.667,camera_2,lost_track,101
1936,9680,322.667,camera_3,new_track,127
1936,9680,322.667,camera_3,reacquired,125
1936,9680,322.667,camera_4,new_track,84
1937,9685,322.833,camera_2,lost_track,98
1938,9690,323.0,camera_2,reacquired,99
1938,9690,323.0,camera_2,reacquired,101
1938,9690,323.0,camera_2,lost_track,97
1939,9695,323.167,camera_3,lost_track,125
1940,9700,323.333,camera_3,reacquired,125
1940,9700,323.333,camera_5,lost_track,262
1941,9705,323.5,camera_2,lost_track,93
1941,9705,323.5,camera_2,lost_track,101
1941,9705,323.5,camera_4,removed,78
1942,9710,323.667,camera_2,reacquired,98
1942,9710,323.667,camera_5,removed,256
1944,9720,324.0,camera_3,lost_track,118
1944,9720,324.0,camera_4,lost_track,84
1945,9725,324.167,camera_5,removed,258
1946,9730,324.333,camera_3,new_track,128
1946,9730,324.333,camera_5,new_track,264
1947,9735,324.5,camera_2,removed,100
1947,9735,324.5,camera_4,new_track,85
1947,9735,324.5,camera_4,removed,80
1949,9745,324.833,camera_5,removed,259
1950,9750,325.0,camera_2,lost_track,98
1950,9750,325.0,camera_3,lost_track,128
1951,9755,325.167,camera_4,new_track,86
1952,9760,325.333,camera_4,lost_track,85
1953,9765,325.5,camera_2,reacquired,98
1953,9765,325.5,camera_3,reacquired,114
1953,9765,325.5,camera_4,lost_track,82
1954,9770,325.667,camera_1,new_track,69
1954,9770,325.667,camera_1,removed,67
1954,9770,325.667,camera_5,removed,260
1954,9770,325.667,camera_5,removed,261
1955,9775,325.833,camera_3,new_track,129
1956,9780,326.0,camera_1,new_track,70
1956,9780,326.0,camera_3,lost_track,127
1956,9780,326.0,camera_4,lost_track,86
1956,9780,326.0,camera_5,removed,255
1956,9780,326.0,camera_5,removed,257
1958,9790,326.333,camera_2,new_track,103
1958,9790,326.333,camera_2,new_track,104
1958,9790,326.333,camera_3,removed,124
1959,9795,326.5,camera_2,lost_track,99
1960,9800,326.667,camera_1,new_track,71
1961,9805,326.833,camera_1,lost_track,70
1961,9805,326.833,camera_2,lost_track,96
1961,9805,326.833,camera_3,lost_track,125
1961,9805,326.833,camera_4,removed,81
1962,9810,327.0,camera_2,new_track,105
1962,9810,327.0,camera_5,removed,263
1963,9815,327.167,camera_5,new_track,265
1963,9815,327.167,camera_6,new_track,124
1964,9820,327.333,camera_1,removed,66
1964,9820,327.333,camera_2,removed,88
1964,9820,327.333,camera_3,new_track,130
1964,9820,327.333,camera_3,lost_track,129
1964,9820,327.333,camera_4,removed,83
1964,9820,327.333,camera_5,lost_track,265
1965,9825,327.5,camera_2,removed,102
1965,9825,327.5,camera_6,new_track,125
1965,9825,327.5,camera_7,lost_track,72
1966,9830,327.667,camera_2,new_track,106
1966,9830,327.667,camera_2,lost_track,105
1966,9830,327.667,camera_3,lost_track,126
1966,9830,327.667,camera_5,lost_track,264
1967,9835,327.833,camera_2,lost_track,106
1967,9835,327.833,camera_3,reacquired,126
1968,9840,328.0,camera_2,lost_track,94
1968,9840,328.0,camera_2,removed,97
1969,9845,328.167,camera_6,lost_track,125
1970,9850,328.333,camera_2,new_track,107
1970,9850,328.333,camera_5,removed,262
1971,9855,328.5,camera_2,removed,93
1971,9855,328.5,camera_2,removed,101
1974,9870,329.0,camera_3,removed,118
1974,9870,329.0,camera_4,removed,84
1974,9870,329.0,camera_5,lost_track,253
1975,9875,329.167,camera_3,lost_track,114
1976,9880,329.333,camera_3,new_track,131
1977,9885,329.5,camera_2,reacquired,94
1977,9885,329.5,camera_2,lost_track,98
1978,9890,329.667,camera_2,lost_track,107
1978,9890,329.667,camera_3,new_track,132
1978,9890,329.667,camera_3,new_track,133
1978,9890,329.667,camera_3,lost_track,131
1978,9890,329.667,camera_4,new_track,87
1979,9895,329.833,camera_3,lost_track,111
1979,9895,329.833,camera_3,lost_track,132
1980,9900,330.0,camera_3,removed,128
1980,9900,330.0,camera_5,lost_track,254
1982,9910,330.333,camera_1,lost_track,71
1982,9910,330.333,camera_2,lost_track,103
1982,9910,330.333,camera_3,reacquired,132
1982,9910,330.333,camera_3,lost_track,133
1982,9910,330.333,camera_4,removed,85
1983,9915,330.5,camera_2,lost_track,91
1983,9915,330.5,camera_4,removed,82
1983,9915,330.5,camera_6,lost_track,124
1984,9920,330.667,camera_3,lost_track,132
1985,9925,330.833,camera_3,new_track,134
1985,9925,330.833,camera_6,new_track,126
1986,9930,331.0,camera_1,new_track,72
1986,9930,331.0,camera_3,removed,127
1986,9930,331.0,camera_4,removed,86
1987,9935,331.167,camera_3,new_track,135
1988,9940,331.333,camera_3,lost_track,135
1989,9945,331.5,camera_1,reacquired,71
1989,9945,331.5,camera_1,lost_track,72
1989,9945,331.5,camera_2,removed,99
1989,9945,331.5,camera_3,lost_track,120
1989,9945,331.5,camera_4,new_track,88
1990,9950,331.667,camera_1,new_track,73
1991,9955,331.833,camera_1,removed,70
1991,9955,331.833,camera_2,removed,96
1991,9955,331.833,camera_3,new_track,136
1991,9955,331.833,camera_3,removed,125
1992,9960,332.0,camera_6,new_track,127
1994,9970,332.333,camera_1,lost_track,69
1994,9970,332.333,camera_3,removed,129
1994,9970,332.333,camera_5,new_track,266
1994,9970,332.333,camera_5,removed,265
1995,9975,332.5,camera_7,removed,72
1996,9980,332.667,camera_2,removed,105
1996,9980,332.667,camera_5,removed,264
1997,9985,332.833,camera_2,removed,106
1999,9995,333.167,camera_1,reacquired,69
1999,9995,333.167,camera_3,reacquired,135
1999,9995,333.167,camera_6,removed,125
2000,10000,333.333,camera_4,new_track,89
2000,10000,333.333,camera_7,lost_track,76
2001,10005,333.5,camera_1,lost_track,71
2001,10005,333.5,camera_3,new_track,137
2001,10005,333.5,camera_3,lost_track,126
2001,10005,333.5,camera_3,lost_track,135
2001,10005,333.5,camera_4,lost_track,89
2002,10010,333.667,camera_2,lost_track,94
2003,10015,333.833,camera_4,new_track,90
2003,10015,333.833,camera_5,new_track,267
2003,10015,333.833,camera_6,new_track,128
2004,10020,334.0,camera_1,reacquired,71
2004,10020,334.0,camera_3,lost_track,134
2004,10020,334.0,camera_3,lost_track,136
2004,10020,334.0,camera_5,removed,253
2005,10025,334.167,camera_1,lost_track,71
2005,10025,334.167,camera_1,lost_track,73
2005,10025,334.167,camera_3,lost_track,130
2005,10025,334.167,camera_3,removed,114
2006,10030,334.333,camera_2,new_track,108
2006,10030,334.333,camera_3,reacquired,130
2006,10030,334.333,camera_3,reacquired,135
2006,10030,334.333,camera_4,lost_track,88
2006,10030,334.333,camera_5,new_track,268
2006,10030,334.333,camera_6,lost_track,126
2006,10030,334.333,camera_7,new_track,77
2007,10035,334.5,camera_2,removed,98
2007,10035,334.5,camera_3,reacquired,134
2007,10035,334.5,camera_3,reacquired,136
2007,10035,334.5,camera_6,new_track,129
2008,10040,334.667,camera_2,removed,107
2008,10040,334.667,camera_3,new_track,138
2008,10040,334.667,camera_3,removed,131
2009,10045,334.833,camera_3,lost_track,136
2009,10045,334.833,camera_3,removed,111
2010,10050,335.0,camera_3,lost_track,135
2010,10050,335.0,camera_3,lost_track,137
2010,10050,335.0,camera_5,lost_track,266
2010,10050,335.0,camera_5,removed,254
2010,10050,335.0,camera_6,lost_track,129
2011,10055,335.167,camera_3,reacquired,136
2011,10055,335.167,camera_3,lost_track,134
2012,10060,335.333,camera_2,removed,103
2012,10060,335.333,camera_3,lost_track,136
2012,10060,335.333,camera_3,removed,133
2013,10065,335.5,camera_2,new_track,109
2013,10065,335.5,camera_2,removed,91
2013,10065,335.5,camera_3,reacquired,136
2013,10065,335.5,camera_6,lost_track,128
2013,10065,335.5,camera_6,removed,124
2013,10065,335.5,camera_7,new_track,78
2014,10070,335.667,camera_3,removed,132
2014,10070,335.667,camera_5,lost_track,268
2015,10075,335.833,camera_2,lost_track,109
2016,10080,336.0,camera_1,reacquired,71
2016,10080,336.0,camera_3,reacquired,137
2016,10080,336.0,camera_3,lost_track,106
2016,10080,336.0,camera_6,lost_track,127
2017,10085,336.167,camera_2,reacquired,109
2017,10085,336.167,camera_3,reacquired,106
2019,10095,336.5,camera_1,lost_track,71
2019,10095,336.5,camera_1,removed,72
2019,10095,336.5,camera_3,lost_track,137
2019,10095,336.5,camera_3,removed,120
2020,10100,336.667,camera_2,lost_track,109
2021,10105,336.833,camera_4,new_track,91
2021,10105,336.833,camera_5,new_track,269
2022,10110,337.0,camera_3,reacquired,137
2022,10110,337.0,camera_5,lost_track,269
2023,10115,337.167,camera_2,lost_track,104
2025,10125,337.5,camera_4,new_track,92
2027,10135,337.833,camera_4,lost_track,92
2028,10140,338.0,camera_3,new_track,139
2028,10140,338.0,camera_7,lost_track,77
2030,10150,338.333,camera_4,lost_track,91
2030,10150,338.333,camera_7,new_track,79
2030,10150,338.333,camera_7,removed,76
2031,10155,338.5,camera_3,removed,126
2031,10155,338.5,camera_4,removed,89
2031,10155,338.5,camera_5,new_track,270
2031,10155,338.5,camera_5,lost_track,267
2032,10160,338.667,camera_1,new_track,74
2032,10160,338.667,camera_2,removed,94
2033,10165,338.833,camera_1,lost_track,74
2033,10165,338.833,camera_3,new_track,140
2033,10165,338.833,camera_4,lost_track,90
2033,10165,338.833,camera_5,new_track,271
2034,10170,339.0,camera_1,lost_track,69
2035,10175,339.167,camera_1,reacquired,74
2035,10175,339.167,camera_1,removed,73
2036,10180,339.333,camera_1,reacquired,69
2036,10180,339.333,camera_4,removed,88
2036,10180,339.333,camera_6,removed,126
2037,10185,339.5,camera_2,new_track,110
2038,10190,339.667,camera_1,lost_track,74
2038,10190,339.667,camera_4,reacquired,91
2038,10190,339.667,camera_5,lost_track,271
2040,10200,340.0,camera_3,lost_track,139
2040,10200,340.0,camera_3,removed,135
2040,10200,340.0,camera_5,removed,266
2040,10200,340.0,camera_6,removed,129
2041,10205,340.167,camera_2,new_track,111
2041,10205,340.167,camera_3,reacquired,139
2041,10205,340.167,camera_3,removed,134
2042,10210,340.333,camera_3,lost_track,138
2042,10210,340.333,camera_5,reacquired,269
2042,10210,340.333,camera_6,new_track,130
2042,10210,340.333,camera_7,new_track,80
2043,10215,340.5,camera_1,lost_track,69
2043,10215,340.5,camera_3,lost_track,140
2043,10215,340.5,camera_6,removed,128
2044,10220,340.667,camera_2,lost_track,108
2044,10220,340.667,camera_5,lost_track,269
2044,10220,340.667,camera_5,removed,268
2045,10225,340.833,camera_3,new_track,141
2045,10225,340.833,camera_3,reacquired,140
2045,10225,340.833,camera_3,lost_track,139
2045,10225,340.833,camera_5,lost_track,270
2046,10230,341.0,camera_6,removed,127
2047,10235,341.167,camera_4,lost_track,91
2048,10240,341.333,camera_1,new_track,75
2049,10245,341.5,camera_1,removed,71
2049,10245,341.5,camera_2,new_track,112
2050,10250,341.667,camera_1,lost_track,68
2050,10250,341.667,camera_2,removed,109
2050,10250,341.667,camera_3,reacquired,138
2053,10265,342.167,camera_1,new_track,76
2053,10265,342.167,camera_2,removed,104
2053,10265,342.167,camera_6,new_track,131
2054,10270,342.333,camera_3,new_track,142
2056,10280,342.667,camera_3,lost_track,140
2057,10285,342.833,camera_3,lost_track,138
2057,10285,342.833,camera_4,removed,92
2058,10290,343.0,camera_1,new_track,77
2058,10290,343.0,camera_2,lost_track,111
2058,10290,343.0,camera_6,lost_track,131
2058,10290,343.0,camera_7,removed,77
2059,10295,343.167,camera_2,new_track,113
2059,10295,343.167,camera_7,new_track,81
2060,10300,343.333,camera_3,lost_track,137
2061,10305,343.5,camera_5,removed,267
2061,10305,343.5,camera_6,lost_track,130
2063,10315,343.833,camera_3,reacquired,137
2063,10315,343.833,camera_4,removed,90
2064,10320,344.0,camera_3,lost_track,130
2065,10325,344.167,camera_3,reacquired,130
2066,10330,344.333,camera_1,lost_track,77
2067,10335,344.5,camera_1,lost_track,75
2068,10340,344.667,camera_1,removed,74
2068,10340,344.667,camera_5,removed,271
2071,10355,345.167,camera_3,lost_track,136
2072,10360,345.333,camera_3,lost_track,137
2073,10365,345.5,camera_1,new_track,78
2073,10365,345.5,camera_1,removed,69
2074,10370,345.667,camera_2,removed,108
2074,10370,345.667,camera_5,removed,269
2075,10375,345.833,camera_1,new_track,79
2075,10375,345.833,camera_3,new_track,143
2075,10375,345.833,camera_3,removed,139
2075,10375,345.833,camera_5,removed,270
2077,10385,346.167,camera_4,reacquired,91
2078,10390,346.333,camera_1,new_track,80
2078,10390,346.333,camera_1,lost_track,76
2079,10395,346.5,camera_2,new_track,114
2079,10395,346.5,camera_2,lost_track,113
2079,10395,346.5,camera_7,lost_track,79
2080,10400,346.667,camera_1,lost_track,78
2080,10400,346.667,camera_1,lost_track,79
2080,10400,346.667,camera_1,removed,68
2080,10400,346.667,camera_2,lost_track,114
2081,10405,346.833,camera_1,reacquired,78
2081,10405,346.833,camera_2,new_track,115
2081,10405,346.833,camera_4,lost_track,91
2081,10405,346.833,camera_5,new_track,272
2081,10405,346.833,camera_7,new_track,82
2082,10410,347.0,camera_3,lost_track,141
2083,10415,347.167,camera_7,lost_track,82
2084,10420,347.333,camera_4,reacquired,91
2085,10425,347.5,camera_4,new_track,93
2086,10430,347.667,camera_3,lost_track,143
2086,10430,347.667,camera_3,removed,140
2086,10430,347.667,camera_7,reacquired,82
2087,10435,347.833,camera_3,removed,138
2088,10440,348.0,camera_2,removed,111
2088,10440,348.0,camera_5,new_track,273
2088,10440,348.0,camera_6,removed,131
2089,10445,348.167,camera_1,lost_track,78
2090,10450,348.333,camera_3,new_track,144
2090,10450,348.333,camera_4,lost_track,91
2091,10455,348.5,camera_6,removed,130
2092,10460,348.667,camera_3,reacquired,143
2093,10465,348.833,camera_5,lost_track,273
2096,10480,349.333,camera_1,removed,77
2096,10480,349.333,camera_2,lost_track,112
2096,10480,349.333,camera_3,lost_track,142
2097,10485,349.5,camera_1,removed,75
2097,10485,349.5,camera_5,new_track,274
2098,10490,349.667,camera_2,new_track,116
2098,10490,349.667,camera_6,new_track,132
2099,10495,349.833,camera_2,lost_track,115
2099,10495,349.833,camera_5,new_track,275
2100,10500,350.0,camera_3,lost_track,130
2101,10505,350.167,camera_3,reacquired,130
2101,10505,350.167,camera_3,removed,136
2101,10505,350.167,camera_6,new_track,133
2102,10510,350.333,camera_3,removed,137
2103,10515,350.5,camera_2,new_track,117
2104,10520,350.667,camera_5,lost_track,275
2105,10525,350.833,camera_3,lost_track,130
2105,10525,350.833,camera_6,new_track,134
2106,10530,351.0,camera_3,reacquired,130
2107,10535,351.167,camera_7,new_track,83
2107,10535,351.167,camera_7,lost_track,82
2108,10540,351.333,camera_1,removed,76
2108,10540,351.333,camera_5,lost_track,272
2109,10545,351.5,camera_2,removed,113
2109,10545,351.5,camera_5,reacquired,275
2109,10545,351.5,camera_7,lost_track,83
2109,10545,351.5,camera_7,removed,79
2110,10550,351.667,camera_1,removed,79
2110,10550,351.667,camera_2,removed,114
2110,10550,351.667,camera_5,reacquired,272
2111,10555,351.833,camera_2,new_track,118
2111,10555,351.833,camera_2,lost_track,117
2112,10560,352.0,camera_3,lost_track,130
2112,10560,352.0,camera_3,removed,141
2112,10560,352.0,camera_5,new_track,276
2112,10560,352.0,camera_7,lost_track,80
2113,10565,352.167,camera_3,reacquired,130
2113,10565,352.167,camera_5,lost_track,272
2114,10570,352.333,camera_2,lost_track,118
2114,10570,352.333,camera_7,reacquired,83
2114,10570,352.333,camera_7,lost_track,78
2115,10575,352.5,camera_5,new_track,277
2116,10580,352.667,camera_3,lost_track,144
2116,10580,352.667,camera_5,lost_track,275
2116,10580,352.667,camera_7,lost_track,83
2117,10585,352.833,camera_5,reacquired,275
2118,10590,353.0,camera_1,lost_track,80
2118,10590,353.0,camera_2,reacquired,117
2119,10595,353.167,camera_1,removed,78
2120,10600,353.333,camera_2,new_track,119
2120,10600,353.333,camera_4,removed,91
2121,10605,353.5,camera_2,lost_track,110
2122,10610,353.667,camera_2,lost_track,117
2122,10610,353.667,camera_2,lost_track,119
2123,10615,353.833,camera_5,removed,273
2125,10625,354.167,camera_2,reacquired,119
2125,10625,354.167,camera_3,lost_track,130
2125,10625,354.167,camera_5,reacquired,272
2125,10625,354.167,camera_6,new_track,135
2126,10630,354.333,camera_2,removed,112
2126,10630,354.333,camera_3,removed,142
2126,10630,354.333,camera_7,reacquired,80
2127,10635,354.5,camera_5,new_track,278
2127,10635,354.5,camera_5,lost_track,275
2127,10635,354.5,camera_5,lost_track,276
2128,10640,354.667,camera_5,reacquired,276
2129,10645,354.833,camera_2,removed,115
2131,10655,355.167,camera_2,lost_track,116
2133,10665,355.5,camera_5,lost_track,278
2135,10675,355.833,camera_5,reacquired,278
2137,10685,356.167,camera_6,lost_track,135
2137,10685,356.167,camera_7,removed,82
2139,10695,356.5,camera_5,lost_track,274
2140,10700,356.667,camera_5,lost_track,278
2142,10710,357.0,camera_2,lost_track,119
2142,10710,357.0,camera_5,reacquired,274
2142,10710,357.0,camera_5,lost_track,277
2143,10715,357.167,camera_5,lost_track,274
2144,10720,357.333,camera_2,removed,118
2144,10720,357.333,camera_7,removed,78
2146,10730,357.667,camera_3,removed,144
2146,10730,357.667,camera_7,removed,83
2148,10740,358.0,camera_1,removed,80
2151,10755,358.5,camera_2,removed,110
2151,10755,358.5,camera_6,new_track,136
2151,10755,358.5,camera_6,new_track,137
2152,10760,358.667,camera_2,removed,117
2152,10760,358.667,camera_5,lost_track,272
2152,10760,358.667,camera_6,reacquired,135
2153,10765,358.833,camera_6,new_track,138
2153,10765,358.833,camera_6,lost_track,135
2154,10770,359.0,camera_6,new_track,139
2155,10775,359.167,camera_3,removed,130
2156,10780,359.333,camera_6,new_track,140
2157,10785,359.5,camera_5,removed,275
2158,10790,359.667,camera_6,lost_track,133
2159,10795,359.833,camera_1,new_track,81
2159,10795,359.833,camera_5,lost_track,276
2160,10800,360.0,camera_6,lost_track,137
2160,10800,360.0,camera_6,lost_track,140
2161,10805,360.167,camera_1,lost_track,81
2161,10805,360.167,camera_2,removed,116
2163,10815,360.5,camera_6,new_track,141
2163,10815,360.5,camera_6,reacquired,135
2165,10825,360.833,camera_7,new_track,84
2165,10825,360.833,camera_7,new_track,85
2166,10830,361.0,camera_7,lost_track,80
2168,10840,361.333,camera_6,lost_track,135
2168,10840,361.333,camera_6,lost_track,139
2169,10845,361.5,camera_7,lost_track,85
2170,10850,361.667,camera_5,removed,278
2170,10850,361.667,camera_6,new_track,142
2170,10850,361.667,camera_7,new_track,86
2170,10850,361.667,camera_7,reacquired,85
2170,10850,361.667,camera_7,lost_track,84
2171,10855,361.833,camera_6,reacquired,135
2171,10855,361.833,camera_7,lost_track,81
2172,10860,362.0,camera_2,removed,119
2172,10860,362.0,camera_5,removed,277
2172,10860,362.0,camera_7,reacquired,81
2173,10865,362.167,camera_5,removed,274
2173,10865,362.167,camera_6,lost_track,138
2173,10865,362.167,camera_7,reacquired,84
2173,10865,362.167,camera_7,lost_track,81
2174,10870,362.333,camera_7,reacquired,81
2175,10875,362.5,camera_2,new_track,120
2175,10875,362.5,camera_6,reacquired,133
2175,10875,362.5,camera_6,lost_track,135
2175,10875,362.5,camera_7,lost_track,86
2176,10880,362.667,camera_6,lost_track,133
2177,10885,362.833,camera_7,reacquired,86
2177,10885,362.833,camera_7,lost_track,81
2178,10890,363.0,camera_3,new_track,145
2178,10890,363.0,camera_6,lost_track,141
2179,10895,363.167,camera_6,reacquired,141
2180,10900,363.333,camera_6,lost_track,136
2181,10905,363.5,camera_1,new_track,82
2181,10905,363.5,camera_4,lost_track,93
2181,10905,363.5,camera_6,new_track,143
2181,10905,363.5,camera_6,reacquired,133
2181,10905,363.5,camera_6,lost_track,141
2182,10910,363.667,camera_5,removed,272
2184,10920,364.0,camera_7,new_track,87
2184,10920,364.0,camera_7,reacquired,81
2188,10940,364.667,camera_6,lost_track,143
2189,10945,364.833,camera_5,removed,276
2189,10945,364.833,camera_6,lost_track,133
2189,10945,364.833,camera_7,new_track,88
2190,10950,365.0,camera_3,lost_track,145
2190,10950,365.0,camera_6,removed,137
2190,10950,365.0,camera_6,removed,140
2191,10955,365.167,camera_1,removed,81
2191,10955,365.167,camera_3,reacquired,145
2193,10965,365.5,camera_3,lost_track,143
2193,10965,365.5,camera_6,lost_track,142
2194,10970,365.667,camera_7,lost_track,81
2195,10975,365.833,camera_7,reacquired,81
2196,10980,366.0,camera_7,removed,80
2197,10985,366.167,camera_1,lost_track,82
2197,10985,366.167,camera_6,lost_track,134
2197,10985,366.167,camera_7,lost_track,87
2198,10990,366.333,camera_6,removed,139
2198,10990,366.333,camera_7,lost_track,81
2200,11000,366.667,camera_7,reacquired,87
2201,11005,366.833,camera_5,new_track,279
2202,11010,367.0,camera_5,new_track,280
2203,11015,367.167,camera_6,removed,138
2204,11020,367.333,camera_5,lost_track,280
2204,11020,367.333,camera_7,reacquired,81
2205,11025,367.5,camera_6,lost_track,132
2205,11025,367.5,camera_6,removed,135
2208,11040,368.0,camera_5,new_track,281
2209,11045,368.167,camera_2,lost_track,120
2210,11050,368.333,camera_6,removed,136
2211,11055,368.5,camera_4,removed,93
2211,11055,368.5,camera_6,removed,141
2212,11060,368.667,camera_4,new_track,94
2215,11075,369.167,camera_5,new_track,282
2215,11075,369.167,camera_5,new_track,283
2216,11080,369.333,camera_4,lost_track,94
2218,11090,369.667,camera_6,removed,143
2219,11095,369.833,camera_2,reacquired,120
2219,11095,369.833,camera_6,removed,133
2221,11105,370.167,camera_7,lost_track,81
2223,11115,370.5,camera_2,new_track,121
2223,11115,370.5,camera_2,lost_track,120
2223,11115,370.5,camera_3,removed,143
2223,11115,370.5,camera_6,removed,142
2224,11120,370.667,camera_7,reacquired,81
2225,11125,370.833,camera_2,reacquired,120
2225,11125,370.833,camera_2,lost_track,121
2226,11130,371.0,camera_5,new_track,284
2227,11135,371.167,camera_1,removed,82
2227,11135,371.167,camera_4,new_track,95
2227,11135,371.167,camera_6,removed,134
2227,11135,371.167,camera_7,lost_track,86
2228,11140,371.333,camera_2,lost_track,120
2230,11150,371.667,camera_3,lost_track,145
2230,11150,371.667,camera_5,lost_track,281
2230,11150,371.667,camera_7,reacquired,86
2232,11160,372.0,camera_5,lost_track,284
2233,11165,372.167,camera_4,new_track,96
2233,11165,372.167,camera_5,reacquired,284
2233,11165,372.167,camera_7,lost_track,81
2234,11170,372.333,camera_5,lost_track,283
2234,11170,372.333,camera_5,removed,280
2234,11170,372.333,camera_7,reacquired,81
2235,11175,372.5,camera_5,lost_track,282
2235,11175,372.5,camera_6,removed,132
2238,11190,373.0,camera_7,lost_track,87
2240,11200,373.333,camera_3,reacquired,145
2240,11200,373.333,camera_5,lost_track,284
2241,11205,373.5,camera_4,lost_track,79
2242,11210,373.667,camera_5,reacquired,284
2243,11215,373.833,camera_7,reacquired,87
2244,11220,374.0,camera_3,new_track,146
2244,11220,374.0,camera_4,reacquired,79
2245,11225,374.167,camera_5,lost_track,284
2246,11230,374.333,camera_4,removed,94
2249,11245,374.833,camera_4,lost_track,87
2250,11250,375.0,camera_4,new_track,97
2250,11250,375.0,camera_5,reacquired,284
2251,11255,375.167,camera_4,lost_track,96
2252,11260,375.333,camera_3,new_track,147
2253,11265,375.5,camera_3,lost_track,106
2253,11265,375.5,camera_3,lost_track,145
2253,11265,375.5,camera_4,lost_track,97
2254,11270,375.667,camera_3,reacquired,106
2255,11275,375.833,camera_2,removed,121
2255,11275,375.833,camera_7,new_track,89
2258,11290,376.333,camera_2,removed,120
2260,11300,376.667,camera_3,reacquired,145
2260,11300,376.667,camera_4,new_track,98
2260,11300,376.667,camera_4,new_track,99
2260,11300,376.667,camera_4,new_track,100
2260,11300,376.667,camera_5,removed,281
2261,11305,376.833,camera_3,new_track,148
2261,11305,376.833,camera_4,lost_track,99
2262,11310,377.0,camera_4,new_track,101
2262,11310,377.0,camera_4,reacquired,99
2263,11315,377.167,camera_4,new_track,102
2263,11315,377.167,camera_4,lost_track,98
2263,11315,377.167,camera_7,new_track,90
2264,11320,377.333,camera_3,lost_track,145
2264,11320,377.333,camera_5,removed,283
2265,11325,377.5,camera_3,reacquired,145
2265,11325,377.5,camera_4,lost_track,101
2265,11325,377.5,camera_5,removed,282
2265,11325,377.5,camera_7,lost_track,89
2266,11330,377.667,camera_3,new_track,149
2267,11335,377.833,camera_2,new_track,122
2267,11335,377.833,camera_4,lost_track,102
2267,11335,377.833,camera_7,lost_track,84
2268,11340,378.0,camera_3,lost_track,147
2270,11350,378.333,camera_3,lost_track,106
2270,11350,378.333,camera_5,lost_track,284
2271,11355,378.5,camera_3,reacquired,106
2271,11355,378.5,camera_5,lost_track,279
2273,11365,378.833,camera_1,new_track,83
2276,11380,379.333,camera_3,lost_track,149
2277,11385,379.5,camera_3,new_track,150
2277,11385,379.5,camera_3,lost_track,106
2277,11385,379.5,camera_3,lost_track,145
2278,11390,379.667,camera_3,reacquired,106
2278,11390,379.667,camera_3,reacquired,149
2278,11390,379.667,camera_4,reacquired,101
2279,11395,379.833,camera_3,reacquired,145
2279,11395,379.833,camera_4,lost_track,99
2279,11395,379.833,camera_4,lost_track,101
2279,11395,379.833,camera_4,removed,87
2281,11405,380.167,camera_3,lost_track,149
2281,11405,380.167,camera_4,removed,96
2282,11410,380.333,camera_3,new_track,151
2282,11410,380.333,camera_4,lost_track,100
2283,11415,380.5,camera_1,lost_track,83
2283,11415,380.5,camera_3,lost_track,145
2283,11415,380.5,camera_4,reacquired,99
2283,11415,380.5,camera_4,removed,97
2283,11415,380.5,camera_7,new_track,91
2284,11420,380.667,camera_3,reacquired,145
2287,11435,381.167,camera_7,lost_track,91
2288,11440,381.333,camera_4,reacquired,101
2288,11440,381.333,camera_4,lost_track,99
2289,11445,381.5,camera_3,lost_track,146
2290,11450,381.667,camera_3,reacquired,146
2291,11455,381.833,camera_2,lost_track,122
2293,11465,382.167,camera_3,lost_track,106
2293,11465,382.167,camera_4,removed,98
2294,11470,382.333,camera_3,lost_track,146
2294,11470,382.333,camera_3,lost_track,151
2295,11475,382.5,camera_3,lost_track,150
2295,11475,382.5,camera_7,removed,89
2296,11480,382.667,camera_3,new_track,152
2297,11485,382.833,camera_3,lost_track,145
2297,11485,382.833,camera_4,lost_track,101
2297,11485,382.833,camera_4,removed,102
2297,11485,382.833,camera_7,removed,84
2298,11490,383.0,camera_3,removed,147
2299,11495,383.167,camera_3,reacquired,146
2300,11500,383.333,camera_3,new_track,153
2300,11500,383.333,camera_5,removed,284
2301,11505,383.5,camera_5,removed,279
2302,11510,383.667,camera_3,new_track,154
2302,11510,383.667,camera_3,lost_track,146
2304,11520,384.0,camera_4,new_track,103
2306,11530,384.333,camera_3,lost_track,154
2306,11530,384.333,camera_7,lost_track,90
2310,11550,385.0,camera_7,new_track,92
2310,11550,385.0,camera_7,reacquired,90
2311,11555,385.167,camera_3,reacquired,145
2311,11555,385.167,camera_3,removed,149
2312,11560,385.333,camera_4,removed,100
2313,11565,385.5,camera_1,removed,83
2314,11570,385.667,camera_7,lost_track,87
2314,11570,385.667,camera_7,lost_track,92
2317,11585,386.167,camera_7,removed,91
2318,11590,386.333,camera_4,removed,99
2319,11595,386.5,camera_7,new_track,93
2320,11600,386.667,camera_3,new_track,155
2321,11605,386.833,camera_2,removed,122
2323,11615,387.167,camera_3,removed,106
2324,11620,387.333,camera_3,removed,151
2325,11625,387.5,camera_3,removed,150
2325,11625,387.5,camera_4,lost_track,103
2325,11625,387.5,camera_7,lost_track,93
2327,11635,387.833,camera_4,new_track,104
2327,11635,387.833,camera_4,new_track,105
2327,11635,387.833,camera_4,removed,101
2329,11645,388.167,camera_7,new_track,94
2332,11660,388.667,camera_3,removed,146
2334,11670,389.0,camera_3,lost_track,148
2335,11675,389.167,camera_7,lost_track,81
2336,11680,389.333,camera_3,removed,154
2336,11680,389.333,camera_4,lost_track,105
2338,11690,389.667,camera_3,new_track,156
2338,11690,389.667,camera_3,lost_track,145
2341,11705,390.167,camera_3,lost_track,156
2344,11720,390.667,camera_7,removed,87
2344,11720,390.667,camera_7,removed,92
2345,11725,390.833,camera_7,new_track,95
2346,11730,391.0,camera_7,lost_track,95
2347,11735,391.167,camera_3,new_track,157
2347,11735,391.167,camera_7,new_track,96
2347,11735,391.167,camera_7,reacquired,95
2351,11755,391.833,camera_3,reacquired,145
2355,11775,392.5,camera_4,removed,103
2355,11775,392.5,camera_7,removed,93
2360,11800,393.333,camera_3,lost_track,157
2364,11820,394.0,camera_3,removed,148
2365,11825,394.167,camera_3,reacquired,157
2365,11825,394.167,camera_7,removed,81
2366,11830,394.333,camera_4,removed,105
2371,11855,395.167,camera_3,removed,156
2377,11885,396.167,camera_4,new_track,106
2377,11885,396.167,camera_7,new_track,97
2377,11885,396.167,camera_7,lost_track,96
2378,11890,396.333,camera_7,lost_track,88
2378,11890,396.333,camera_7,lost_track,90
2379,11895,396.5,camera_4,new_track,107
2380,11900,396.667,camera_4,lost_track,107
2381,11905,396.833,camera_4,new_track,108
2381,11905,396.833,camera_4,lost_track,95
2384,11920,397.333,camera_7,new_track,98
2386,11930,397.667,camera_3,lost_track,145
2389,11945,398.167,camera_4,new_track,109
2392,11960,398.667,camera_3,reacquired,145
2392,11960,398.667,camera_4,lost_track,109
2392,11960,398.667,camera_7,reacquired,90
2397,11985,399.5,camera_4,new_track,110
2407,12035,401.167,camera_7,removed,96
2408,12040,401.333,camera_7,removed,88
2409,12045,401.5,camera_4,new_track,111
2409,12045,401.5,camera_4,lost_track,104
2410,12050,401.667,camera_4,reacquired,104
2410,12050,401.667,camera_4,removed,107
2411,12055,401.833,camera_4,new_track,112
2411,12055,401.833,camera_4,removed,95
2414,12070,402.333,camera_7,lost_track,90
2416,12080,402.667,camera_4,lost_track,112
2417,12085,402.833,camera_4,lost_track,110
2417,12085,402.833,camera_4,lost_track,111
2418,12090,403.0,camera_3,new_track,158
2419,12095,403.167,camera_4,reacquired,111
2420,12100,403.333,camera_4,new_track,113
2422,12110,403.667,camera_4,lost_track,113
2422,12110,403.667,camera_4,removed,109
2424,12120,404.0,camera_3,lost_track,158
2425,12125,404.167,camera_4,reacquired,113
2427,12135,404.5,camera_3,reacquired,158
2428,12140,404.667,camera_3,new_track,159
2428,12140,404.667,camera_4,new_track,114
2428,12140,404.667,camera_4,lost_track,113
2430,12150,405.0,camera_4,lost_track,104
2430,12150,405.0,camera_4,lost_track,114
2431,12155,405.167,camera_4,reacquired,104
2432,12160,405.333,camera_4,reacquired,110
2432,12160,405.333,camera_4,lost_track,111
2432,12160,405.333,camera_7,lost_track,98
2435,12175,405.833,camera_3,new_track,160
2435,12175,405.833,camera_3,lost_track,155
2436,12180,406.0,camera_4,lost_track,104
2439,12195,406.5,camera_4,reacquired,104
2439,12195,406.5,camera_7,new_track,99
2441,12205,406.833,camera_4,lost_track,104
2441,12205,406.833,camera_7,lost_track,99
2442,12210,407.0,camera_4,reacquired,104
2443,12215,407.167,camera_7,reacquired,98
2444,12220,407.333,camera_7,removed,90
2445,12225,407.5,camera_3,lost_track,158
2446,12230,407.667,camera_4,lost_track,104
2446,12230,407.667,camera_4,removed,112
2449,12245,408.167,camera_4,reacquired,104
2453,12265,408.833,camera_4,lost_track,104
2455,12275,409.167,camera_4,reacquired,104
2458,12290,409.667,camera_3,lost_track,160
2458,12290,409.667,camera_4,removed,113
2459,12295,409.833,camera_4,lost_track,104
2459,12295,409.833,camera_7,lost_track,98
2460,12300,410.0,camera_4,removed,114
2462,12310,410.333,camera_4,removed,111
2463,12315,410.5,camera_7,reacquired,98
2465,12325,410.833,camera_3,new_track,161
2465,12325,410.833,camera_3,removed,155
2467,12335,411.167,camera_3,lost_track,145
2467,12335,411.167,camera_7,new_track,100
2468,12340,411.333,camera_3,reacquired,145
2468,12340,411.333,camera_3,lost_track,161
2469,12345,411.5,camera_4,new_track,115
2469,12345,411.5,camera_7,new_track,101
2471,12355,411.833,camera_7,removed,99
2472,12360,412.0,camera_7,lost_track,95
2472,12360,412.0,camera_7,lost_track,101
2475,12375,412.5,camera_3,removed,158
2475,12375,412.5,camera_7,reacquired,95
2487,12435,414.5,camera_3,lost_track,145
2488,12440,414.667,camera_3,removed,160
2489,12445,414.833,camera_3,reacquired,145
2489,12445,414.833,camera_4,removed,104
2489,12445,414.833,camera_7,lost_track,94
2490,12450,415.0,camera_7,reacquired,94
2493,12465,415.5,camera_7,lost_track,98
2495,12475,415.833,camera_4,lost_track,115
2496,12480,416.0,camera_4,lost_track,108
2498,12490,416.333,camera_3,removed,161
2501,12505,416.833,camera_4,new_track,116
2502,12510,417.0,camera_7,removed,101
2505,12525,417.5,camera_4,new_track,117
2509,12545,418.167,camera_7,lost_track,100
2510,12550,418.333,camera_7,new_track,102
2517,12585,419.5,camera_4,reacquired,108
2518,12590,419.667,camera_7,lost_track,85
2519,12595,419.833,camera_4,new_track,118
2519,12595,419.833,camera_7,reacquired,85
2523,12615,420.5,camera_7,removed,98
2524,12620,420.667,camera_4,lost_track,117
2524,12620,420.667,camera_4,lost_track,118
2525,12625,420.833,camera_4,reacquired,117
2525,12625,420.833,camera_4,removed,115
2526,12630,421.0,camera_4,lost_track,116
2532,12660,422.0,camera_4,lost_track,117
2539,12695,423.167,camera_7,removed,100
2547,12735,424.5,camera_4,lost_track,108
2553,12765,425.5,camera_4,reacquired,117
2554,12770,425.667,camera_4,removed,118
2555,12775,425.833,camera_4,lost_track,117
2556,12780,426.0,camera_4,reacquired,117
2556,12780,426.0,camera_4,removed,116
2556,12780,426.0,camera_7,lost_track,97
2557,12785,426.167,camera_4,lost_track,117
2557,12785,426.167,camera_7,reacquired,97
2559,12795,426.5,camera_3,new_track,162
2560,12800,426.667,camera_3,lost_track,159
2560,12800,426.667,camera_4,lost_track,110
2561,12805,426.833,camera_4,new_track,119
2562,12810,427.0,camera_3,lost_track,145
2562,12810,427.0,camera_7,new_track,103
2562,12810,427.0,camera_7,lost_track,97
2564,12820,427.333,camera_4,new_track,120
2564,12820,427.333,camera_4,lost_track,119
2565,12825,427.5,camera_3,reacquired,145
2567,12835,427.833,camera_3,reacquired,159
2569,12845,428.167,camera_7,lost_track,95
2570,12850,428.333,camera_7,lost_track,94
2571,12855,428.5,camera_7,new_track,104
2573,12865,428.833,camera_7,reacquired,94
2574,12870,429.0,camera_7,lost_track,104
2577,12885,429.5,camera_4,removed,108
2581,12905,430.167,camera_7,new_track,105
2584,12920,430.667,camera_4,new_track,121
2587,12935,431.167,camera_4,removed,117
2588,12940,431.333,camera_7,lost_track,105
2590,12950,431.667,camera_4,removed,110
2592,12960,432.0,camera_7,removed,97
2593,12965,432.167,camera_7,lost_track,94
2594,12970,432.333,camera_4,removed,119
2594,12970,432.333,camera_7,reacquired,94
2595,12975,432.5,camera_4,lost_track,121
2596,12980,432.667,camera_3,new_track,163
2598,12990,433.0,camera_7,new_track,106
2599,12995,433.167,camera_7,removed,95
2600,13000,433.333,camera_4,reacquired,121
2600,13000,433.333,camera_7,lost_track,94
2601,13005,433.5,camera_3,lost_track,163
2601,13005,433.5,camera_7,new_track,107
2601,13005,433.5,camera_7,lost_track,106
2604,13020,434.0,camera_7,removed,104
2607,13035,434.5,camera_7,reacquired,106
2612,13060,435.333,camera_7,lost_track,102
2615,13075,435.833,camera_3,reacquired,163
2616,13080,436.0,camera_7,reacquired,102
2618,13090,436.333,camera_7,removed,105
2621,13105,436.833,camera_3,lost_track,157
2621,13105,436.833,camera_3,lost_track,163
2623,13115,437.167,camera_3,reacquired,157
2624,13120,437.333,camera_4,lost_track,121
2625,13125,437.5,camera_4,reacquired,121
2630,13150,438.333,camera_3,lost_track,157
2630,13150,438.333,camera_7,removed,94
2632,13160,438.667,camera_3,lost_track,153
2632,13160,438.667,camera_3,lost_track,159
2632,13160,438.667,camera_4,lost_track,121
2634,13170,439.0,camera_3,reacquired,157
2634,13170,439.0,camera_4,lost_track,106
2635,13175,439.167,camera_4,reacquired,121
2637,13185,439.5,camera_3,lost_track,157
2637,13185,439.5,camera_4,lost_track,121
2641,13205,440.167,camera_4,reacquired,106
2642,13210,440.333,camera_3,new_track,164
2646,13230,441.0,camera_4,new_track,122
2648,13240,441.333,camera_4,lost_track,79
2649,13245,441.5,camera_4,reacquired,121
2649,13245,441.5,camera_6,new_track,144
2651,13255,441.833,camera_3,lost_track,164
2651,13255,441.833,camera_3,removed,163
2653,13265,442.167,camera_7,lost_track,107
2654,13270,442.333,camera_3,new_track,165
2654,13270,442.333,camera_6,new_track,145
2656,13280,442.667,camera_4,new_track,123
2658,13290,443.0,camera_7,lost_track,86
2660,13300,443.333,camera_4,lost_track,106
2660,13300,443.333,camera_6,lost_track,145
2661,13305,443.5,camera_4,lost_track,121
2662,13310,443.667,camera_3,removed,153
2662,13310,443.667,camera_3,removed,159
2664,13320,444.0,camera_4,reacquired,106
2664,13320,444.0,camera_6,reacquired,145
2665,13325,444.167,camera_4,new_track,124
2665,13325,444.167,camera_7,new_track,108
2666,13330,444.333,camera_4,lost_track,106
2666,13330,444.333,camera_6,lost_track,145
2667,13335,444.5,camera_3,removed,157
2668,13340,444.667,camera_4,reacquired,106
2668,13340,444.667,camera_7,lost_track,85
2669,13345,444.833,camera_4,lost_track,123
2669,13345,444.833,camera_7,reacquired,85
2670,13350,445.0,camera_4,reacquired,123
2672,13360,445.333,camera_4,lost_track,123
2673,13365,445.5,camera_4,reacquired,123
2674,13370,445.667,camera_4,lost_track,123
2674,13370,445.667,camera_7,lost_track,103
2675,13375,445.833,camera_4,reacquired,121
2675,13375,445.833,camera_4,reacquired,123
2675,13375,445.833,camera_6,new_track,146
2675,13375,445.833,camera_7,new_track,109
2676,13380,446.0,camera_4,lost_track,121
2677,13385,446.167,camera_4,lost_track,106
2677,13385,446.167,camera_4,lost_track,123
2678,13390,446.333,camera_4,removed,79
2678,13390,446.333,camera_6,new_track,147
2681,13405,446.833,camera_3,removed,164
2681,13405,446.833,camera_7,lost_track,109
2683,13415,447.167,camera_4,reacquired,121
2683,13415,447.167,camera_7,removed,107
2684,13420,447.333,camera_6,new_track,148
2688,13440,448.0,camera_7,removed,86
2691,13455,448.5,camera_6,new_track,149
2691,13455,448.5,camera_6,lost_track,148
2693,13465,448.833,camera_4,reacquired,106
2694,13470,449.0,camera_4,lost_track,106
2694,13470,449.0,camera_4,lost_track,121
2694,13470,449.0,camera_7,lost_track,85
2695,13475,449.167,camera_4,reacquired,106
2695,13475,449.167,camera_7,new_track,110
2696,13480,449.333,camera_4,new_track,125
2696,13480,449.333,camera_6,removed,145
2696,13480,449.333,camera_7,lost_track,102
2697,13485,449.5,camera_4,reacquired,121
2697,13485,449.5,camera_4,lost_track,106
2697,13485,449.5,camera_4,lost_track,120
2697,13485,449.5,camera_4,lost_track,124
2697,13485,449.5,camera_4,lost_track,125
2697,13485,449.5,camera_7,new_track,111
2697,13485,449.5,camera_7,lost_track,110
2698,13490,449.667,camera_4,new_track,126
2698,13490,449.667,camera_4,new_track,127
2698,13490,449.667,camera_6,new_track,150
2698,13490,449.667,camera_6,reacquired,148
2698,13490,449.667,camera_6,lost_track,149
2699,13495,449.833,camera_6,lost_track,147
2700,13500,450.0,camera_4,reacquired,106
2700,13500,450.0,camera_4,reacquired,124
2700,13500,450.0,camera_4,lost_track,127
2700,13500,450.0,camera_6,reacquired,147
2701,13505,450.167,camera_4,lost_track,121
2701,13505,450.167,camera_4,lost_track,126
2701,13505,450.167,camera_7,lost_track,111
2702,13510,450.333,camera_7,lost_track,108
2703,13515,450.5,camera_4,lost_track,106
2703,13515,450.5,camera_6,lost_track,147
2703,13515,450.5,camera_7,new_track,112
2704,13520,450.667,camera_4,reacquired,121
2704,13520,450.667,camera_6,new_track,151
2704,13520,450.667,camera_6,lost_track,146
2704,13520,450.667,camera_7,removed,103
2705,13525,450.833,camera_6,reacquired,147
2705,13525,450.833,camera_7,lost_track,112
2707,13535,451.167,camera_4,removed,123
2708,13540,451.333,camera_4,new_track,128
2708,13540,451.333,camera_6,lost_track,144
2711,13555,451.833,camera_7,removed,109
2713,13565,452.167,camera_6,lost_track,150
2714,13570,452.333,camera_5,new_track,285
2714,13570,452.333,camera_6,lost_track,147
2715,13575,452.5,camera_5,new_track,286
2715,13575,452.5,camera_5,lost_track,285
2718,13590,453.0,camera_5,new_track,287
2719,13595,453.167,camera_6,lost_track,148
2721,13605,453.5,camera_6,lost_track,151
2724,13620,454.0,camera_5,new_track,288
2724,13620,454.0,camera_7,removed,85
2726,13630,454.333,camera_2,new_track,123
2726,13630,454.333,camera_7,removed,102
2727,13635,454.5,camera_4,removed,120
2727,13635,454.5,camera_4,removed,125
2727,13635,454.5,camera_7,removed,110
2728,13640,454.667,camera_6,removed,149
2729,13645,454.833,camera_5,lost_track,287
2730,13650,455.0,camera_1,new_track,84
2730,13650,455.0,camera_4,removed,127
2730,13650,455.0,camera_5,new_track,289
2731,13655,455.167,camera_4,removed,126
2731,13655,455.167,camera_7,removed,111
2732,13660,455.333,camera_3,new_track,166
2732,13660,455.333,camera_5,new_track,290
2732,13660,455.333,camera_7,removed,108
2733,13665,455.5,camera_4,removed,106
2734,13670,455.667,camera_2,new_track,124
2734,13670,455.667,camera_4,new_track,129
2734,13670,455.667,camera_6,removed,146
2735,13675,455.833,camera_7,removed,112
2737,13685,456.167,camera_5,lost_track,286
2738,13690,456.333,camera_6,removed,144
2739,13695,456.5,camera_2,lost_track,124
2740,13700,456.667,camera_2,new_track,125
2741,13705,456.833,camera_5,new_track,291
2742,13710,457.0,camera_5,lost_track,288
2743,13715,457.167,camera_4,new_track,130
2743,13715,457.167,camera_4,new_track,131
2743,13715,457.167,camera_6,removed,150
2744,13720,457.333,camera_2,new_track,126
2744,13720,457.333,camera_2,reacquired,124
2744,13720,457.333,camera_2,lost_track,125
2744,13720,457.333,camera_5,new_track,292
2744,13720,457.333,camera_5,lost_track,289
2744,13720,457.333,camera_5,lost_track,291
2744,13720,457.333,camera_6,removed,147
2745,13725,457.5,camera_1,lost_track,84
2745,13725,457.5,camera_5,lost_track,292
2745,13725,457.5,camera_5,removed,285
2747,13735,457.833,camera_1,new_track,85
2747,13735,457.833,camera_5,lost_track,290
2749,13745,458.167,camera_6,removed,148
2750,13750,458.333,camera_1,new_track,86
2750,13750,458.333,camera_3,new_track,167
2751,13755,458.5,camera_3,lost_track,145
2751,13755,458.5,camera_6,removed,151
2753,13765,458.833,camera_1,lost_track,85
2753,13765,458.833,camera_3,new_track,168
2754,13770,459.0,camera_4,lost_track,129
2755,13775,459.167,camera_3,lost_track,168
2755,13775,459.167,camera_4,lost_track,131
2756,13780,459.333,camera_3,lost_track,152
2757,13785,459.5,camera_3,reacquired,168
2757,13785,459.5,camera_4,reacquired,129
2757,13785,459.5,camera_4,lost_track,130
2758,13790,459.667,camera_3,new_track,169
2759,13795,459.833,camera_3,new_track,170
2759,13795,459.833,camera_4,lost_track,129
2759,13795,459.833,camera_5,removed,287
2763,13815,460.5,camera_4,lost_track,121
2765,13825,460.833,camera_3,lost_track,167
2767,13835,461.167,camera_2,lost_track,126
2767,13835,461.167,camera_3,reacquired,167
2767,13835,461.167,camera_5,removed,286
2768,13840,461.333,camera_4,reacquired,121
2769,13845,461.5,camera_2,new_track,127
2770,13850,461.667,camera_3,lost_track,167
2771,13855,461.833,camera_1,new_track,87
2772,13860,462.0,camera_3,reacquired,167
2772,13860,462.0,camera_3,lost_track,168
2772,13860,462.0,camera_5,removed,288
2773,13865,462.167,camera_2,lost_track,124
2774,13870,462.333,camera_1,new_track,88
2774,13870,462.333,camera_2,removed,125
2774,13870,462.333,camera_5,removed,289
2774,13870,462.333,camera_5,removed,291
2775,13875,462.5,camera_1,removed,84
2775,13875,462.5,camera_3,lost_track,169
2775,13875,462.5,camera_5,removed,292
2776,13880,462.667,camera_1,lost_track,87
2776,13880,462.667,camera_3,new_track,171
2776,13880,462.667,camera_3,new_track,172
2776,13880,462.667,camera_3,reacquired,169
2776,13880,462.667,camera_3,lost_track,162
2777,13885,462.833,camera_3,reacquired,162
2777,13885,462.833,camera_3,lost_track,166
2777,13885,462.833,camera_3,lost_track,171
2777,13885,462.833,camera_5,removed,290
2780,13900,463.333,camera_4,lost_track,121
2781,13905,463.5,camera_3,removed,145
