loop_i,video_fid,t_sec,camera_id,kind,track_id
0,0,0.0,camera_1,new_track,0
0,0,0.0,camera_2,new_track,0
0,0,0.0,camera_2,new_track,1
0,0,0.0,camera_3,new_track,0
0,0,0.0,camera_3,new_track,1
0,0,0.0,camera_3,new_track,2
0,0,0.0,camera_7,new_track,0
0,0,0.0,camera_7,new_track,1
0,0,0.0,camera_7,new_track,2
3,15,0.5,camera_3,new_track,3
4,20,0.667,camera_3,lost_track,1
5,25,0.833,camera_2,new_track,2
5,25,0.833,camera_3,reacquired,1
9,45,1.5,camera_1,lost_track,0
9,45,1.5,camera_3,new_track,4
11,55,1.833,camera_2,lost_track,1
12,60,2.0,camera_2,reacquired,1
14,70,2.333,camera_2,lost_track,1
15,75,2.5,camera_3,lost_track,4
16,80,2.667,camera_3,new_track,5
16,80,2.667,camera_3,lost_track,3
17,85,2.833,camera_3,new_track,6
19,95,3.167,camera_3,reacquired,3
20,100,3.333,camera_2,reacquired,1
20,100,3.333,camera_2,lost_track,0
20,100,3.333,camera_3,new_track,7
21,105,3.5,camera_3,reacquired,4
21,105,3.5,camera_3,lost_track,3
22,110,3.667,camera_2,lost_track,1
22,110,3.667,camera_3,reacquired,3
24,120,4.0,camera_3,new_track,8
24,120,4.0,camera_3,lost_track,4
25,125,4.167,camera_1,new_track,1
25,125,4.167,camera_3,lost_track,5
25,125,4.167,camera_3,lost_track,7
33,165,5.5,camera_1,new_track,2
33,165,5.5,camera_1,new_track,3
35,175,5.833,camera_1,new_track,4
35,175,5.833,camera_1,lost_track,2
36,180,6.0,camera_2,new_track,3
39,195,6.5,camera_1,removed,0
43,215,7.167,camera_1,new_track,5
43,215,7.167,camera_3,new_track,9
45,225,7.5,camera_1,lost_track,1
46,230,7.667,camera_1,lost_track,3
50,250,8.333,camera_2,removed,0
52,260,8.667,camera_2,removed,1
53,265,8.833,camera_1,reacquired,1
54,270,9.0,camera_3,removed,4
55,275,9.167,camera_3,removed,5
55,275,9.167,camera_3,removed,7
57,285,9.5,camera_7,new_track,3
59,295,9.833,camera_7,lost_track,1
63,315,10.5,camera_1,lost_track,1
65,325,10.833,camera_1,removed,2
67,335,11.167,camera_2,new_track,4
68,340,11.333,camera_1,new_track,6
69,345,11.5,camera_1,reacquired,3
70,350,11.667,camera_3,lost_track,8
71,355,11.833,camera_3,new_track,10
72,360,12.0,camera_3,lost_track,2
73,365,12.167,camera_1,new_track,7
75,375,12.5,camera_6,new_track,0
75,375,12.5,camera_7,lost_track,3
77,385,12.833,camera_1,lost_track,4
77,385,12.833,camera_3,lost_track,10
77,385,12.833,camera_6,new_track,1
79,395,13.167,camera_1,reacquired,4
80,400,13.333,camera_6,lost_track,1
81,405,13.5,camera_7,reacquired,3
81,405,13.5,camera_7,lost_track,0
82,410,13.667,camera_6,new_track,2
82,410,13.667,camera_7,lost_track,3
84,420,14.0,camera_6,new_track,3
86,430,14.333,camera_1,lost_track,4
86,430,14.333,camera_3,reacquired,10
89,445,14.833,camera_1,lost_track,5
89,445,14.833,camera_7,removed,1
91,455,15.167,camera_1,reacquired,5
91,455,15.167,camera_7,lost_track,2
92,460,15.333,camera_1,reacquired,4
92,460,15.333,camera_1,lost_track,5
92,460,15.333,camera_3,lost_track,3
92,460,15.333,camera_6,lost_track,3
93,465,15.5,camera_1,new_track,8
93,465,15.5,camera_1,removed,1
94,470,15.667,camera_6,lost_track,0
94,470,15.667,camera_7,reacquired,2
95,475,15.833,camera_3,reacquired,3
96,480,16.0,camera_3,reacquired,8
96,480,16.0,camera_6,lost_track,2
97,485,16.167,camera_1,lost_track,8
100,500,16.667,camera_1,lost_track,3
100,500,16.667,camera_1,lost_track,4
100,500,16.667,camera_2,new_track,5
100,500,16.667,camera_3,lost_track,8
101,505,16.833,camera_3,reacquired,8
101,505,16.833,camera_5,new_track,0
102,510,17.0,camera_3,removed,2
107,535,17.833,camera_5,new_track,1
110,550,18.333,camera_1,reacquired,8
110,550,18.333,camera_6,removed,1
111,555,18.5,camera_5,lost_track,0
111,555,18.5,camera_7,removed,0
112,560,18.667,camera_2,new_track,6
112,560,18.667,camera_7,removed,3
113,565,18.833,camera_1,new_track,9
113,565,18.833,camera_2,lost_track,2
114,570,19.0,camera_2,new_track,7
114,570,19.0,camera_3,lost_track,3
116,580,19.333,camera_2,new_track,8
116,580,19.333,camera_3,reacquired,3
116,580,19.333,camera_3,lost_track,8
118,590,19.667,camera_5,lost_track,1
119,595,19.833,camera_2,lost_track,4
119,595,19.833,camera_3,new_track,11
119,595,19.833,camera_3,lost_track,3
120,600,20.0,camera_1,lost_track,6
122,610,20.333,camera_1,removed,5
122,610,20.333,camera_6,removed,3
123,615,20.5,camera_3,reacquired,3
124,620,20.667,camera_1,new_track,10
124,620,20.667,camera_1,reacquired,6
124,620,20.667,camera_6,removed,0
125,625,20.833,camera_1,lost_track,8
125,625,20.833,camera_3,new_track,12
125,625,20.833,camera_7,lost_track,2
126,630,21.0,camera_6,new_track,4
126,630,21.0,camera_6,removed,2
127,635,21.167,camera_2,reacquired,4
127,635,21.167,camera_3,new_track,13
127,635,21.167,camera_6,new_track,5
128,640,21.333,camera_3,lost_track,11
129,645,21.5,camera_3,new_track,14
129,645,21.5,camera_3,lost_track,10
129,645,21.5,camera_6,lost_track,5
130,650,21.667,camera_1,removed,3
130,650,21.667,camera_1,removed,4
132,660,22.0,camera_3,lost_track,14
133,665,22.167,camera_3,reacquired,14
135,675,22.5,camera_3,reacquired,11
136,680,22.667,camera_3,new_track,15
138,690,23.0,camera_3,lost_track,15
139,695,23.167,camera_1,new_track,11
139,695,23.167,camera_3,reacquired,15
139,695,23.167,camera_6,lost_track,4
140,700,23.333,camera_3,lost_track,13
141,705,23.5,camera_2,lost_track,4
141,705,23.5,camera_5,removed,0
143,715,23.833,camera_2,removed,2
146,730,24.333,camera_3,removed,8
146,730,24.333,camera_5,new_track,2
148,740,24.667,camera_3,new_track,16
148,740,24.667,camera_5,removed,1
149,745,24.833,camera_3,lost_track,11
150,750,25.0,camera_1,lost_track,7
150,750,25.0,camera_3,lost_track,16
151,755,25.167,camera_1,reacquired,7
151,755,25.167,camera_3,reacquired,11
151,755,25.167,camera_3,lost_track,14
152,760,25.333,camera_1,lost_track,10
152,760,25.333,camera_3,reacquired,16
153,765,25.5,camera_1,lost_track,7
154,770,25.667,camera_1,new_track,12
154,770,25.667,camera_2,new_track,9
155,775,25.833,camera_1,removed,8
155,775,25.833,camera_5,lost_track,2
155,775,25.833,camera_7,removed,2
158,790,26.333,camera_1,reacquired,7
159,795,26.5,camera_3,removed,10
159,795,26.5,camera_6,removed,5
160,800,26.667,camera_3,lost_track,15
161,805,26.833,camera_3,reacquired,14
162,810,27.0,camera_1,lost_track,7
163,815,27.167,camera_1,reacquired,7
163,815,27.167,camera_2,new_track,10
163,815,27.167,camera_3,reacquired,15
163,815,27.167,camera_3,lost_track,11
164,820,27.333,camera_2,lost_track,10
167,835,27.833,camera_1,lost_track,12
167,835,27.833,camera_3,lost_track,16
168,840,28.0,camera_1,reacquired,12
168,840,28.0,camera_3,new_track,17
168,840,28.0,camera_3,lost_track,15
169,845,28.167,camera_3,new_track,18
169,845,28.167,camera_3,lost_track,1
169,845,28.167,camera_6,removed,4
170,850,28.333,camera_2,new_track,11
170,850,28.333,camera_2,lost_track,8
170,850,28.333,camera_3,reacquired,16
170,850,28.333,camera_3,removed,13
171,855,28.5,camera_1,new_track,13
171,855,28.5,camera_2,removed,4
171,855,28.5,camera_3,reacquired,1
171,855,28.5,camera_3,lost_track,9
171,855,28.5,camera_3,lost_track,18
173,865,28.833,camera_1,lost_track,11
173,865,28.833,camera_3,reacquired,9
173,865,28.833,camera_3,reacquired,15
174,870,29.0,camera_3,lost_track,0
176,880,29.333,camera_1,reacquired,11
176,880,29.333,camera_2,lost_track,3
176,880,29.333,camera_3,lost_track,16
177,885,29.5,camera_3,reacquired,16
178,890,29.667,camera_2,lost_track,11
179,895,29.833,camera_1,lost_track,12
179,895,29.833,camera_3,reacquired,18
180,900,30.0,camera_1,reacquired,12
180,900,30.0,camera_3,lost_track,1
180,900,30.0,camera_3,lost_track,15
181,905,30.167,camera_3,reacquired,1
181,905,30.167,camera_3,lost_track,18
182,910,30.333,camera_1,removed,10
182,910,30.333,camera_3,reacquired,18
182,910,30.333,camera_3,lost_track,6
183,915,30.5,camera_1,lost_track,9
183,915,30.5,camera_2,new_track,12
183,915,30.5,camera_3,lost_track,9
184,920,30.667,camera_1,reacquired,9
184,920,30.667,camera_3,new_track,19
184,920,30.667,camera_3,lost_track,1
185,925,30.833,camera_2,reacquired,10
185,925,30.833,camera_5,removed,2
186,930,31.0,camera_1,new_track,14
186,930,31.0,camera_1,lost_track,6
186,930,31.0,camera_2,lost_track,7
186,930,31.0,camera_3,new_track,20
188,940,31.333,camera_3,reacquired,15
189,945,31.5,camera_1,lost_track,11
191,955,31.833,camera_3,lost_track,16
192,960,32.0,camera_3,reacquired,0
192,960,32.0,camera_3,lost_track,20
193,965,32.167,camera_1,new_track,15
193,965,32.167,camera_3,removed,11
195,975,32.5,camera_3,new_track,21
200,1000,33.333,camera_2,removed,8
200,1000,33.333,camera_3,lost_track,3
206,1030,34.333,camera_2,removed,3
208,1040,34.667,camera_2,removed,11
209,1045,34.833,camera_1,lost_track,15
212,1060,35.333,camera_1,reacquired,15
212,1060,35.333,camera_3,removed,6
213,1065,35.5,camera_3,removed,9
214,1070,35.667,camera_3,removed,1
216,1080,36.0,camera_1,removed,6
216,1080,36.0,camera_2,removed,7
219,1095,36.5,camera_1,removed,11
220,1100,36.667,camera_3,new_track,22
221,1105,36.833,camera_3,removed,16
222,1110,37.0,camera_1,lost_track,7
222,1110,37.0,camera_3,removed,20
223,1115,37.167,camera_1,lost_track,12
224,1120,37.333,camera_1,reacquired,12
226,1130,37.667,camera_3,lost_track,21
227,1135,37.833,camera_1,reacquired,7
229,1145,38.167,camera_2,new_track,13
229,1145,38.167,camera_3,reacquired,21
230,1150,38.333,camera_3,removed,3
233,1165,38.833,camera_3,lost_track,22
234,1170,39.0,camera_1,lost_track,15
237,1185,39.5,camera_1,new_track,16
237,1185,39.5,camera_3,reacquired,22
239,1195,39.833,camera_1,lost_track,7
239,1195,39.833,camera_3,lost_track,0
240,1200,40.0,camera_1,reacquired,7
240,1200,40.0,camera_1,lost_track,16
241,1205,40.167,camera_1,reacquired,16
243,1215,40.5,camera_1,new_track,17
244,1220,40.667,camera_1,lost_track,7
245,1225,40.833,camera_1,lost_track,12
247,1235,41.167,camera_1,reacquired,7
247,1235,41.167,camera_1,lost_track,13
249,1245,41.5,camera_1,lost_track,9
249,1245,41.5,camera_3,new_track,23
250,1250,41.667,camera_1,new_track,18
250,1250,41.667,camera_1,reacquired,9
251,1255,41.833,camera_3,lost_track,23
264,1320,44.0,camera_1,removed,15
269,1345,44.833,camera_3,removed,0
275,1375,45.833,camera_1,removed,12
277,1385,46.167,camera_1,removed,13
281,1405,46.833,camera_3,removed,23
289,1445,48.167,camera_3,lost_track,12
291,1455,48.5,camera_1,lost_track,18
291,1455,48.5,camera_3,reacquired,12
294,1470,49.0,camera_1,new_track,19
297,1485,49.5,camera_1,lost_track,19
299,1495,49.833,camera_1,reacquired,19
303,1515,50.5,camera_2,lost_track,13
304,1520,50.667,camera_1,lost_track,19
306,1530,51.0,camera_1,reacquired,19
306,1530,51.0,camera_2,lost_track,5
307,1535,51.167,camera_3,new_track,24
308,1540,51.333,camera_1,lost_track,9
308,1540,51.333,camera_3,new_track,25
309,1545,51.5,camera_1,lost_track,19
311,1555,51.833,camera_1,reacquired,9
313,1565,52.167,camera_1,reacquired,19
315,1575,52.5,camera_1,new_track,20
316,1580,52.667,camera_1,lost_track,17
316,1580,52.667,camera_1,lost_track,19
316,1580,52.667,camera_2,reacquired,5
317,1585,52.833,camera_1,reacquired,19
319,1595,53.167,camera_1,lost_track,20
321,1605,53.5,camera_1,removed,18
322,1610,53.667,camera_1,new_track,21
322,1610,53.667,camera_1,lost_track,9
323,1615,53.833,camera_1,reacquired,20
324,1620,54.0,camera_3,lost_track,24
326,1630,54.333,camera_1,lost_track,19
327,1635,54.5,camera_1,reacquired,19
327,1635,54.5,camera_3,new_track,26
329,1645,54.833,camera_3,lost_track,15
329,1645,54.833,camera_3,lost_track,17
330,1650,55.0,camera_3,reacquired,15
332,1660,55.333,camera_3,lost_track,12
333,1665,55.5,camera_2,removed,13
334,1670,55.667,camera_1,lost_track,21
334,1670,55.667,camera_3,reacquired,12
335,1675,55.833,camera_3,lost_track,12
337,1685,56.167,camera_3,reacquired,12
338,1690,56.333,camera_1,new_track,22
338,1690,56.333,camera_1,lost_track,14
338,1690,56.333,camera_3,new_track,27
338,1690,56.333,camera_3,reacquired,17
339,1695,56.5,camera_3,lost_track,12
341,1705,56.833,camera_1,new_track,23
341,1705,56.833,camera_1,lost_track,7
341,1705,56.833,camera_3,lost_track,17
342,1710,57.0,camera_1,reacquired,14
342,1710,57.0,camera_3,reacquired,17
343,1715,57.167,camera_3,reacquired,12
343,1715,57.167,camera_3,lost_track,17
343,1715,57.167,camera_3,lost_track,27
344,1720,57.333,camera_1,new_track,24
344,1720,57.333,camera_3,lost_track,12
345,1725,57.5,camera_3,reacquired,17
345,1725,57.5,camera_3,reacquired,27
346,1730,57.667,camera_1,removed,17
346,1730,57.667,camera_3,lost_track,17
347,1735,57.833,camera_1,lost_track,22
348,1740,58.0,camera_3,reacquired,17
349,1745,58.167,camera_1,reacquired,22
350,1750,58.333,camera_1,lost_track,20
352,1760,58.667,camera_1,removed,9
354,1770,59.0,camera_3,removed,24
356,1780,59.333,camera_3,lost_track,26
357,1785,59.5,camera_3,new_track,28
357,1785,59.5,camera_3,reacquired,12
361,1805,60.167,camera_1,lost_track,14
361,1805,60.167,camera_3,reacquired,26
362,1810,60.333,camera_3,lost_track,26
363,1815,60.5,camera_3,lost_track,12
364,1820,60.667,camera_1,removed,21
371,1855,61.833,camera_1,removed,7
379,1895,63.167,camera_3,reacquired,12
379,1895,63.167,camera_3,reacquired,26
380,1900,63.333,camera_1,removed,20
380,1900,63.333,camera_3,lost_track,12
391,1955,65.167,camera_1,removed,14
395,1975,65.833,camera_3,lost_track,26
397,1985,66.167,camera_3,reacquired,26
398,1990,66.333,camera_3,reacquired,12
399,1995,66.5,camera_3,lost_track,17
401,2005,66.833,camera_3,reacquired,17
403,2015,67.167,camera_3,lost_track,12
407,2035,67.833,camera_3,reacquired,12
408,2040,68.0,camera_3,lost_track,12
412,2060,68.667,camera_3,reacquired,12
413,2065,68.833,camera_1,lost_track,24
413,2065,68.833,camera_3,lost_track,12
414,2070,69.0,camera_1,reacquired,24
415,2075,69.167,camera_3,lost_track,27
416,2080,69.333,camera_3,reacquired,12
416,2080,69.333,camera_3,lost_track,22
417,2085,69.5,camera_1,lost_track,24
417,2085,69.5,camera_3,reacquired,27
418,2090,69.667,camera_3,reacquired,22
418,2090,69.667,camera_3,lost_track,12
421,2105,70.167,camera_1,reacquired,24
421,2105,70.167,camera_1,lost_track,22
424,2120,70.667,camera_1,new_track,25
427,2135,71.167,camera_1,lost_track,16
427,2135,71.167,camera_3,new_track,29
427,2135,71.167,camera_3,lost_track,22
427,2135,71.167,camera_3,lost_track,27
429,2145,71.5,camera_3,new_track,30
431,2155,71.833,camera_3,reacquired,12
433,2165,72.167,camera_3,new_track,31
437,2185,72.833,camera_3,lost_track,26
440,2200,73.333,camera_1,lost_track,25
442,2210,73.667,camera_3,lost_track,29
443,2215,73.833,camera_2,new_track,14
443,2215,73.833,camera_3,reacquired,29
443,2215,73.833,camera_3,lost_track,12
445,2225,74.167,camera_1,new_track,26
447,2235,74.5,camera_1,lost_track,24
447,2235,74.5,camera_2,lost_track,14
449,2245,74.833,camera_1,reacquired,24
449,2245,74.833,camera_3,reacquired,26
450,2250,75.0,camera_1,new_track,27
450,2250,75.0,camera_1,new_track,28
450,2250,75.0,camera_3,lost_track,17
451,2255,75.167,camera_1,removed,22
451,2255,75.167,camera_3,reacquired,17
452,2260,75.333,camera_1,new_track,29
452,2260,75.333,camera_3,lost_track,17
453,2265,75.5,camera_1,lost_track,29
453,2265,75.5,camera_3,reacquired,17
454,2270,75.667,camera_1,reacquired,29
455,2275,75.833,camera_3,lost_track,29
456,2280,76.0,camera_3,reacquired,29
457,2285,76.167,camera_1,new_track,30
457,2285,76.167,camera_1,new_track,31
457,2285,76.167,camera_1,removed,16
457,2285,76.167,camera_3,lost_track,30
457,2285,76.167,camera_3,lost_track,31
457,2285,76.167,camera_3,removed,22
457,2285,76.167,camera_3,removed,27
458,2290,76.333,camera_1,lost_track,23
458,2290,76.333,camera_1,lost_track,31
458,2290,76.333,camera_3,new_track,32
459,2295,76.5,camera_1,reacquired,31
459,2295,76.5,camera_1,lost_track,30
460,2300,76.667,camera_3,reacquired,31
461,2305,76.833,camera_1,lost_track,31
461,2305,76.833,camera_3,reacquired,30
461,2305,76.833,camera_3,lost_track,32
462,2310,77.0,camera_1,reacquired,31
463,2315,77.167,camera_1,lost_track,29
464,2320,77.333,camera_1,reacquired,30
464,2320,77.333,camera_1,lost_track,31
465,2325,77.5,camera_1,reacquired,31
467,2335,77.833,camera_1,lost_track,27
468,2340,78.0,camera_3,lost_track,26
470,2350,78.333,camera_1,lost_track,30
470,2350,78.333,camera_1,removed,25
470,2350,78.333,camera_3,lost_track,31
471,2355,78.5,camera_1,reacquired,30
471,2355,78.5,camera_3,lost_track,30
473,2365,78.833,camera_3,removed,12
476,2380,79.333,camera_3,reacquired,30
477,2385,79.5,camera_2,removed,14
478,2390,79.667,camera_3,reacquired,26
478,2390,79.667,camera_3,reacquired,31
478,2390,79.667,camera_3,lost_track,30
480,2400,80.0,camera_1,lost_track,30
481,2405,80.167,camera_3,reacquired,30
483,2415,80.5,camera_1,lost_track,31
483,2415,80.5,camera_3,lost_track,29
483,2415,80.5,camera_3,lost_track,30
484,2420,80.667,camera_3,reacquired,30
485,2425,80.833,camera_3,reacquired,29
485,2425,80.833,camera_3,lost_track,26
485,2425,80.833,camera_3,lost_track,31
487,2435,81.167,camera_1,lost_track,26
488,2440,81.333,camera_1,reacquired,26
488,2440,81.333,camera_1,removed,23
488,2440,81.333,camera_3,reacquired,26
489,2445,81.5,camera_1,reacquired,30
491,2455,81.833,camera_3,reacquired,31
491,2455,81.833,camera_3,lost_track,30
491,2455,81.833,camera_3,removed,32
492,2460,82.0,camera_1,reacquired,31
493,2465,82.167,camera_1,removed,29
493,2465,82.167,camera_2,lost_track,5
495,2475,82.5,camera_1,lost_track,30
495,2475,82.5,camera_3,new_track,33
495,2475,82.5,camera_3,reacquired,30
495,2475,82.5,camera_3,lost_track,31
496,2480,82.667,camera_1,reacquired,30
496,2480,82.667,camera_3,lost_track,26
497,2485,82.833,camera_1,lost_track,30
497,2485,82.833,camera_1,removed,27
497,2485,82.833,camera_3,reacquired,26
498,2490,83.0,camera_1,reacquired,30
498,2490,83.0,camera_3,lost_track,17
499,2495,83.167,camera_3,reacquired,17
500,2500,83.333,camera_3,lost_track,17
502,2510,83.667,camera_3,reacquired,17
503,2515,83.833,camera_3,lost_track,26
504,2520,84.0,camera_3,reacquired,31
505,2525,84.167,camera_3,reacquired,26
505,2525,84.167,camera_3,lost_track,31
507,2535,84.5,camera_3,reacquired,31
507,2535,84.5,camera_3,lost_track,30
512,2560,85.333,camera_3,reacquired,30
513,2565,85.5,camera_3,lost_track,26
513,2565,85.5,camera_3,lost_track,30
514,2570,85.667,camera_3,reacquired,26
519,2595,86.5,camera_3,lost_track,17
523,2615,87.167,camera_2,removed,5
526,2630,87.667,camera_3,reacquired,17
531,2655,88.5,camera_1,lost_track,30
538,2690,89.667,camera_3,lost_track,29
541,2705,90.167,camera_1,reacquired,30
541,2705,90.167,camera_3,reacquired,30
542,2710,90.333,camera_3,lost_track,26
542,2710,90.333,camera_3,lost_track,30
544,2720,90.667,camera_1,lost_track,30
549,2745,91.5,camera_1,reacquired,30
549,2745,91.5,camera_1,lost_track,26
550,2750,91.667,camera_1,reacquired,26
556,2780,92.667,camera_3,new_track,34
557,2785,92.833,camera_1,lost_track,30
558,2790,93.0,camera_1,reacquired,30
558,2790,93.0,camera_3,reacquired,30
560,2800,93.333,camera_3,reacquired,26
560,2800,93.333,camera_3,lost_track,30
563,2815,93.833,camera_3,lost_track,26
568,2840,94.667,camera_3,removed,29
569,2845,94.833,camera_3,reacquired,26
569,2845,94.833,camera_3,lost_track,17
573,2865,95.5,camera_1,new_track,32
575,2875,95.833,camera_1,lost_track,32
577,2885,96.167,camera_3,reacquired,17
578,2890,96.333,camera_1,reacquired,32
579,2895,96.5,camera_1,lost_track,32
579,2895,96.5,camera_2,new_track,15
579,2895,96.5,camera_3,lost_track,26
581,2905,96.833,camera_1,reacquired,32
581,2905,96.833,camera_3,reacquired,30
582,2910,97.0,camera_1,lost_track,32
582,2910,97.0,camera_3,reacquired,26
582,2910,97.0,camera_3,lost_track,17
584,2920,97.333,camera_3,reacquired,17
584,2920,97.333,camera_3,lost_track,26
584,2920,97.333,camera_3,lost_track,30
586,2930,97.667,camera_3,reacquired,30
589,2945,98.167,camera_2,new_track,16
589,2945,98.167,camera_3,lost_track,31
590,2950,98.333,camera_3,reacquired,31
590,2950,98.333,camera_3,lost_track,30
591,2955,98.5,camera_3,reacquired,30
591,2955,98.5,camera_3,lost_track,31
593,2965,98.833,camera_1,reacquired,32
593,2965,98.833,camera_3,lost_track,33
594,2970,99.0,camera_3,reacquired,31
594,2970,99.0,camera_3,reacquired,33
596,2980,99.333,camera_3,lost_track,31
600,3000,100.0,camera_1,lost_track,32
600,3000,100.0,camera_3,reacquired,31
601,3005,100.167,camera_3,lost_track,30
602,3010,100.333,camera_1,reacquired,32
602,3010,100.333,camera_3,reacquired,30
603,3015,100.5,camera_1,lost_track,32
603,3015,100.5,camera_3,lost_track,30
605,3025,100.833,camera_1,reacquired,32
609,3045,101.5,camera_1,lost_track,32
612,3060,102.0,camera_1,lost_track,30
614,3070,102.333,camera_3,removed,26
615,3075,102.5,camera_1,lost_track,19
617,3085,102.833,camera_1,reacquired,19
619,3095,103.167,camera_1,lost_track,24
620,3100,103.333,camera_1,new_track,33
622,3110,103.667,camera_3,new_track,35
625,3125,104.167,camera_1,new_track,34
632,3160,105.333,camera_1,reacquired,32
633,3165,105.5,camera_3,removed,30
634,3170,105.667,camera_3,lost_track,35
635,3175,105.833,camera_3,reacquired,35
636,3180,106.0,camera_1,lost_track,32
642,3210,107.0,camera_1,removed,30
643,3215,107.167,camera_2,lost_track,16
645,3225,107.5,camera_3,new_track,36
646,3230,107.667,camera_3,lost_track,36
649,3245,108.167,camera_1,removed,24
661,3305,110.167,camera_1,lost_track,33
661,3305,110.167,camera_3,reacquired,36
662,3310,110.333,camera_1,reacquired,33
663,3315,110.5,camera_3,lost_track,36
666,3330,111.0,camera_1,lost_track,19
666,3330,111.0,camera_1,removed,32
667,3335,111.167,camera_1,lost_track,31
668,3340,111.333,camera_1,reacquired,19
668,3340,111.333,camera_2,new_track,17
673,3365,112.167,camera_2,removed,16
681,3405,113.5,camera_1,lost_track,33
682,3410,113.667,camera_1,reacquired,33
684,3420,114.0,camera_1,lost_track,19
685,3425,114.167,camera_3,reacquired,36
685,3425,114.167,camera_3,lost_track,25
686,3430,114.333,camera_1,new_track,35
686,3430,114.333,camera_1,reacquired,19
688,3440,114.667,camera_1,lost_track,19
688,3440,114.667,camera_3,new_track,37
689,3445,114.833,camera_1,reacquired,19
690,3450,115.0,camera_3,reacquired,25
691,3455,115.167,camera_3,lost_track,36
692,3460,115.333,camera_3,lost_track,33
692,3460,115.333,camera_3,lost_track,37
693,3465,115.5,camera_1,lost_track,19
693,3465,115.5,camera_1,lost_track,33
693,3465,115.5,camera_3,lost_track,34
693,3465,115.5,camera_3,lost_track,35
694,3470,115.667,camera_1,reacquired,33
694,3470,115.667,camera_3,reacquired,34
697,3485,116.167,camera_1,removed,31
701,3505,116.833,camera_1,reacquired,19
701,3505,116.833,camera_1,lost_track,26
701,3505,116.833,camera_3,reacquired,33
702,3510,117.0,camera_1,reacquired,26
703,3515,117.167,camera_1,lost_track,34
703,3515,117.167,camera_3,lost_track,34
705,3525,117.5,camera_1,lost_track,19
705,3525,117.5,camera_1,lost_track,33
706,3530,117.667,camera_1,reacquired,19
706,3530,117.667,camera_1,lost_track,26
707,3535,117.833,camera_1,new_track,36
707,3535,117.833,camera_1,reacquired,26
708,3540,118.0,camera_3,reacquired,34
716,3580,119.333,camera_3,lost_track,34
717,3585,119.5,camera_1,new_track,37
720,3600,120.0,camera_1,lost_track,19
721,3605,120.167,camera_1,reacquired,19
721,3605,120.167,camera_3,removed,36
722,3610,120.333,camera_3,removed,37
723,3615,120.5,camera_3,removed,35
728,3640,121.333,camera_3,new_track,38
733,3665,122.167,camera_1,removed,34
735,3675,122.5,camera_1,removed,33
744,3720,124.0,camera_1,lost_track,36
746,3730,124.333,camera_3,removed,34
751,3755,125.167,camera_3,new_track,39
751,3755,125.167,camera_3,lost_track,15
752,3760,125.333,camera_3,reacquired,15
760,3800,126.667,camera_1,new_track,38
771,3855,128.5,camera_3,lost_track,15
774,3870,129.0,camera_1,removed,36
778,3890,129.667,camera_3,reacquired,15
782,3910,130.333,camera_3,lost_track,38
783,3915,130.5,camera_3,reacquired,38
788,3940,131.333,camera_3,lost_track,38
792,3960,132.0,camera_2,lost_track,15
794,3970,132.333,camera_2,reacquired,15
795,3975,132.5,camera_3,lost_track,39
800,4000,133.333,camera_3,reacquired,38
804,4020,134.0,camera_3,lost_track,38
805,4025,134.167,camera_1,lost_track,26
810,4050,135.0,camera_1,reacquired,26
810,4050,135.0,camera_1,lost_track,19
811,4055,135.167,camera_1,reacquired,19
811,4055,135.167,camera_1,lost_track,26
812,4060,135.333,camera_3,reacquired,38
812,4060,135.333,camera_3,lost_track,33
815,4075,135.833,camera_1,reacquired,26
815,4075,135.833,camera_1,lost_track,28
817,4085,136.167,camera_1,reacquired,28
817,4085,136.167,camera_3,reacquired,33
820,4100,136.667,camera_3,lost_track,15
821,4105,136.833,camera_1,new_track,39
822,4110,137.0,camera_1,new_track,40
824,4120,137.333,camera_1,lost_track,37
825,4125,137.5,camera_3,removed,39
827,4135,137.833,camera_3,lost_track,33
828,4140,138.0,camera_3,reacquired,15
830,4150,138.333,camera_3,lost_track,15
842,4210,140.333,camera_3,reacquired,15
844,4220,140.667,camera_3,new_track,40
847,4235,141.167,camera_1,lost_track,39
847,4235,141.167,camera_3,lost_track,15
850,4250,141.667,camera_3,reacquired,15
852,4260,142.0,camera_3,lost_track,15
852,4260,142.0,camera_3,lost_track,38
853,4265,142.167,camera_1,lost_track,26
853,4265,142.167,camera_3,reacquired,15
854,4270,142.333,camera_1,removed,37
855,4275,142.5,camera_3,lost_track,15
857,4285,142.833,camera_3,reacquired,15
857,4285,142.833,camera_3,removed,33
865,4325,144.167,camera_2,lost_track,15
874,4370,145.667,camera_3,lost_track,31
877,4385,146.167,camera_1,removed,39
879,4395,146.5,camera_1,lost_track,40
882,4410,147.0,camera_1,new_track,41
882,4410,147.0,camera_3,removed,38
883,4415,147.167,camera_1,removed,26
886,4430,147.667,camera_1,reacquired,40
888,4440,148.0,camera_3,lost_track,28
891,4455,148.5,camera_1,new_track,42
894,4470,149.0,camera_2,new_track,18
895,4475,149.167,camera_1,lost_track,40
895,4475,149.167,camera_2,removed,15
897,4485,149.5,camera_1,lost_track,35
898,4490,149.667,camera_3,reacquired,31
903,4515,150.5,camera_1,lost_track,42
906,4530,151.0,camera_2,lost_track,18
908,4540,151.333,camera_1,new_track,43
908,4540,151.333,camera_2,reacquired,18
908,4540,151.333,camera_3,lost_track,31
909,4545,151.5,camera_1,new_track,44
909,4545,151.5,camera_1,reacquired,40
909,4545,151.5,camera_3,new_track,41
910,4550,151.667,camera_2,lost_track,17
911,4555,151.833,camera_1,lost_track,28
911,4555,151.833,camera_3,lost_track,25
912,4560,152.0,camera_1,lost_track,44
913,4565,152.167,camera_1,reacquired,44
915,4575,152.5,camera_1,new_track,45
916,4580,152.667,camera_1,lost_track,43
916,4580,152.667,camera_3,new_track,42
918,4590,153.0,camera_3,removed,28
919,4595,153.167,camera_1,new_track,46
922,4610,153.667,camera_2,reacquired,17
924,4620,154.0,camera_3,lost_track,42
927,4635,154.5,camera_1,removed,35
933,4665,155.5,camera_1,lost_track,40
933,4665,155.5,camera_1,removed,42
934,4670,155.667,camera_1,reacquired,40
935,4675,155.833,camera_1,lost_track,46
936,4680,156.0,camera_1,reacquired,46
936,4680,156.0,camera_1,lost_track,44
937,4685,156.167,camera_1,lost_track,46
938,4690,156.333,camera_3,removed,31
939,4695,156.5,camera_3,new_track,43
940,4700,156.667,camera_3,new_track,44
941,4705,156.833,camera_1,removed,28
941,4705,156.833,camera_3,removed,25
942,4710,157.0,camera_3,lost_track,43
944,4720,157.333,camera_1,lost_track,45
946,4730,157.667,camera_1,removed,43
946,4730,157.667,camera_3,reacquired,43
952,4760,158.667,camera_1,new_track,47
954,4770,159.0,camera_3,lost_track,43
954,4770,159.0,camera_3,removed,42
959,4795,159.833,camera_3,reacquired,43
960,4800,160.0,camera_3,lost_track,15
961,4805,160.167,camera_1,reacquired,45
966,4830,161.0,camera_1,new_track,48
966,4830,161.0,camera_1,removed,44
967,4835,161.167,camera_1,removed,46
968,4840,161.333,camera_1,lost_track,40
969,4845,161.5,camera_1,reacquired,40
969,4845,161.5,camera_1,lost_track,48
970,4850,161.667,camera_3,reacquired,15
971,4855,161.833,camera_1,lost_track,40
973,4865,162.167,camera_1,reacquired,48
974,4870,162.333,camera_1,lost_track,47
974,4870,162.333,camera_3,lost_track,43
981,4905,163.5,camera_1,reacquired,47
986,4930,164.333,camera_2,lost_track,18
987,4935,164.5,camera_3,new_track,45
989,4945,164.833,camera_1,lost_track,47
989,4945,164.833,camera_2,reacquired,18
996,4980,166.0,camera_1,reacquired,47
997,4985,166.167,camera_1,lost_track,47
1001,5005,166.833,camera_1,reacquired,47
1001,5005,166.833,camera_1,lost_track,41
1001,5005,166.833,camera_1,removed,40
1004,5020,167.333,camera_3,removed,43
1005,5025,167.5,camera_1,new_track,49
1025,5125,170.833,camera_3,lost_track,45
1026,5130,171.0,camera_3,reacquired,45
1028,5140,171.333,camera_1,new_track,50
1029,5145,171.5,camera_2,new_track,19
1031,5155,171.833,camera_1,removed,41
1044,5220,174.0,camera_2,new_track,20
1044,5220,174.0,camera_3,lost_track,45
1045,5225,174.167,camera_2,lost_track,20
1047,5235,174.5,camera_1,new_track,51
1049,5245,174.833,camera_1,lost_track,51
1050,5250,175.0,camera_1,reacquired,51
1051,5255,175.167,camera_1,new_track,52
1051,5255,175.167,camera_1,lost_track,50
1054,5270,175.667,camera_2,lost_track,19
1057,5285,176.167,camera_2,reacquired,20
1058,5290,176.333,camera_2,lost_track,20
1068,5340,178.0,camera_2,reacquired,19
1071,5355,178.5,camera_2,lost_track,19
1073,5365,178.833,camera_1,new_track,53
1074,5370,179.0,camera_3,removed,45
1081,5405,180.167,camera_1,removed,50
1088,5440,181.333,camera_2,removed,20
1101,5505,183.5,camera_2,removed,19
1103,5515,183.833,camera_1,lost_track,51
1104,5520,184.0,camera_1,new_track,54
1109,5545,184.833,camera_1,lost_track,54
1109,5545,184.833,camera_2,new_track,21
1112,5560,185.333,camera_1,lost_track,47
1118,5590,186.333,camera_1,new_track,55
1122,5610,187.0,camera_2,lost_track,18
1129,5645,188.167,camera_2,reacquired,18
1131,5655,188.5,camera_2,new_track,22
1133,5665,188.833,camera_1,removed,51
1135,5675,189.167,camera_1,lost_track,52
1136,5680,189.333,camera_1,new_track,56
1139,5695,189.833,camera_1,removed,54
1142,5710,190.333,camera_1,lost_track,56
1142,5710,190.333,camera_1,removed,47
1143,5715,190.5,camera_1,lost_track,19
1145,5725,190.833,camera_1,new_track,57
1154,5770,192.333,camera_1,reacquired,19
1160,5800,193.333,camera_1,lost_track,19
1162,5810,193.667,camera_1,new_track,58
1165,5825,194.167,camera_1,lost_track,57
1165,5825,194.167,camera_1,lost_track,58
1165,5825,194.167,camera_1,removed,52
1166,5830,194.333,camera_1,reacquired,58
1167,5835,194.5,camera_1,reacquired,57
1172,5860,195.333,camera_1,removed,56
1175,5875,195.833,camera_1,new_track,59
1175,5875,195.833,camera_2,lost_track,18
1179,5895,196.5,camera_1,lost_track,57
1180,5900,196.667,camera_1,lost_track,58
1181,5905,196.833,camera_1,reacquired,58
1185,5925,197.5,camera_2,lost_track,21
1185,5925,197.5,camera_3,new_track,46
1188,5940,198.0,camera_1,lost_track,58
1189,5945,198.167,camera_2,lost_track,22
1190,5950,198.333,camera_1,removed,19
1191,5955,198.5,camera_1,new_track,60
1191,5955,198.5,camera_1,new_track,61
1193,5965,198.833,camera_1,reacquired,58
1193,5965,198.833,camera_1,lost_track,45
1199,5995,199.833,camera_1,new_track,62
1199,5995,199.833,camera_1,lost_track,58
1204,6020,200.667,camera_1,lost_track,62
1205,6025,200.833,camera_2,removed,18
1209,6045,201.5,camera_1,removed,57
1212,6060,202.0,camera_1,reacquired,62
1215,6075,202.5,camera_2,removed,21
1217,6085,202.833,camera_3,lost_track,44
1218,6090,203.0,camera_3,new_track,47
1219,6095,203.167,camera_1,new_track,63
1219,6095,203.167,camera_2,removed,22
1220,6100,203.333,camera_1,lost_track,62
1220,6100,203.333,camera_3,reacquired,44
1223,6115,203.833,camera_1,removed,45
1226,6130,204.333,camera_1,lost_track,48
1228,6140,204.667,camera_1,reacquired,48
1228,6140,204.667,camera_1,lost_track,53
1228,6140,204.667,camera_1,lost_track,60
1228,6140,204.667,camera_3,lost_track,47
1229,6145,204.833,camera_1,removed,58
1230,6150,205.0,camera_1,new_track,64
1230,6150,205.0,camera_3,reacquired,47
1231,6155,205.167,camera_1,reacquired,53
1231,6155,205.167,camera_1,reacquired,60
1231,6155,205.167,camera_1,lost_track,64
1232,6160,205.333,camera_1,reacquired,64
1232,6160,205.333,camera_1,lost_track,48
1232,6160,205.333,camera_1,lost_track,53
1234,6170,205.667,camera_1,reacquired,53
1234,6170,205.667,camera_1,lost_track,61
1234,6170,205.667,camera_1,lost_track,64
1236,6180,206.0,camera_1,new_track,65
1237,6185,206.167,camera_1,reacquired,61
1237,6185,206.167,camera_1,lost_track,53
1237,6185,206.167,camera_1,lost_track,60
1238,6190,206.333,camera_1,reacquired,60
1240,6200,206.667,camera_1,lost_track,65
1241,6205,206.833,camera_1,new_track,66
1241,6205,206.833,camera_1,reacquired,65
1242,6210,207.0,camera_3,lost_track,44
1243,6215,207.167,camera_1,lost_track,65
1244,6220,207.333,camera_3,reacquired,44
1250,6250,208.333,camera_1,removed,62
1253,6265,208.833,camera_3,lost_track,44
1256,6280,209.333,camera_1,new_track,67
1257,6285,209.5,camera_1,new_track,68
1258,6290,209.667,camera_3,reacquired,44
1261,6305,210.167,camera_1,lost_track,60
1261,6305,210.167,camera_1,lost_track,68
1262,6310,210.333,camera_1,lost_track,61
1262,6310,210.333,camera_1,removed,48
1263,6315,210.5,camera_1,lost_track,67
1264,6320,210.667,camera_1,reacquired,67
1264,6320,210.667,camera_1,removed,64
1266,6330,211.0,camera_1,new_track,69
1267,6335,211.167,camera_1,removed,53
1269,6345,211.5,camera_1,reacquired,60
1270,6350,211.667,camera_3,lost_track,44
1273,6365,212.167,camera_1,removed,65
1274,6370,212.333,camera_1,lost_track,67
1275,6375,212.5,camera_1,reacquired,67
1276,6380,212.667,camera_1,new_track,70
1281,6405,213.5,camera_1,lost_track,70
1287,6435,214.5,camera_1,reacquired,70
1291,6455,215.167,camera_1,removed,68
1292,6460,215.333,camera_1,removed,61
1294,6470,215.667,camera_1,lost_track,70
1295,6475,215.833,camera_1,reacquired,70
1300,6500,216.667,camera_3,new_track,48
1300,6500,216.667,camera_3,removed,44
1306,6530,217.667,camera_1,lost_track,63
1330,6650,221.667,camera_1,lost_track,70
1330,6650,221.667,camera_3,lost_track,48
1333,6665,222.167,camera_1,new_track,71
1335,6675,222.5,camera_1,lost_track,71
1336,6680,222.667,camera_1,removed,63
1337,6685,222.833,camera_3,lost_track,47
1342,6710,223.667,camera_3,reacquired,48
1343,6715,223.833,camera_1,lost_track,49
1344,6720,224.0,camera_1,lost_track,69
1346,6730,224.333,camera_1,lost_track,60
1349,6745,224.833,camera_1,lost_track,66
1356,6780,226.0,camera_1,reacquired,66
1357,6785,226.167,camera_1,new_track,72
1360,6800,226.667,camera_1,removed,70
1361,6805,226.833,camera_1,reacquired,60
1364,6820,227.333,camera_3,new_track,49
1365,6825,227.5,camera_1,new_track,73
1365,6825,227.5,camera_1,new_track,74
1365,6825,227.5,camera_1,lost_track,59
1365,6825,227.5,camera_1,removed,71
1366,6830,227.667,camera_3,lost_track,40
1367,6835,227.833,camera_2,new_track,23
1367,6835,227.833,camera_3,removed,47
1369,6845,228.167,camera_1,new_track,75
1369,6845,228.167,camera_1,lost_track,67
1370,6850,228.333,camera_1,reacquired,59
1370,6850,228.333,camera_3,reacquired,40
1371,6855,228.5,camera_1,lost_track,75
1372,6860,228.667,camera_1,reacquired,67
1373,6865,228.833,camera_1,removed,49
1374,6870,229.0,camera_1,lost_track,59
1374,6870,229.0,camera_1,removed,69
1375,6875,229.167,camera_1,reacquired,59
1377,6885,229.5,camera_1,reacquired,75
1379,6895,229.833,camera_3,lost_track,49
1380,6900,230.0,camera_1,lost_track,66
1381,6905,230.167,camera_3,lost_track,48
1382,6910,230.333,camera_3,new_track,50
1382,6910,230.333,camera_3,reacquired,48
1384,6920,230.667,camera_1,reacquired,66
1384,6920,230.667,camera_1,lost_track,59
1386,6930,231.0,camera_3,lost_track,48
1387,6935,231.167,camera_1,lost_track,66
1388,6940,231.333,camera_1,lost_track,60
1390,6950,231.667,camera_1,new_track,76
1391,6955,231.833,camera_1,lost_track,76
1391,6955,231.833,camera_3,reacquired,48
1392,6960,232.0,camera_1,new_track,77
1392,6960,232.0,camera_1,reacquired,76
1393,6965,232.167,camera_1,lost_track,67
1394,6970,232.333,camera_1,lost_track,73
1395,6975,232.5,camera_1,reacquired,59
1395,6975,232.5,camera_1,reacquired,67
1396,6980,232.667,camera_1,reacquired,66
1396,6980,232.667,camera_1,lost_track,76
1397,6985,232.833,camera_1,lost_track,72
1397,6985,232.833,camera_3,lost_track,48
1399,6995,233.167,camera_1,reacquired,72
1400,7000,233.333,camera_1,lost_track,72
1401,7005,233.5,camera_3,reacquired,48
1402,7010,233.667,camera_1,reacquired,72
1405,7025,234.167,camera_1,lost_track,55
1405,7025,234.167,camera_2,new_track,24
1406,7030,234.333,camera_1,reacquired,55
1409,7045,234.833,camera_3,removed,49
1410,7050,235.0,camera_1,reacquired,73
1410,7050,235.0,camera_1,lost_track,67
1412,7060,235.333,camera_1,lost_track,59
1413,7065,235.5,camera_1,reacquired,59
1418,7090,236.333,camera_1,removed,60
1421,7105,236.833,camera_3,lost_track,48
1422,7110,237.0,camera_3,reacquired,48
1424,7120,237.333,camera_1,new_track,78
1426,7130,237.667,camera_1,lost_track,55
1426,7130,237.667,camera_1,lost_track,72
1426,7130,237.667,camera_1,removed,76
1428,7140,238.0,camera_1,new_track,79
1428,7140,238.0,camera_1,lost_track,59
1428,7140,238.0,camera_3,lost_track,48
1431,7155,238.5,camera_1,lost_track,79
1432,7160,238.667,camera_1,lost_track,75
1433,7165,238.833,camera_1,new_track,80
1433,7165,238.833,camera_1,reacquired,55
1434,7170,239.0,camera_3,reacquired,48
1435,7175,239.167,camera_1,new_track,81
1435,7175,239.167,camera_1,reacquired,75
1435,7175,239.167,camera_1,reacquired,79
1436,7180,239.333,camera_1,lost_track,77
1437,7185,239.5,camera_1,reacquired,77
1437,7185,239.5,camera_1,lost_track,75
1437,7185,239.5,camera_3,lost_track,48
1438,7190,239.667,camera_1,reacquired,75
1438,7190,239.667,camera_1,lost_track,66
1438,7190,239.667,camera_1,lost_track,74
1438,7190,239.667,camera_3,reacquired,48
1440,7200,240.0,camera_1,removed,67
1443,7215,240.5,camera_1,lost_track,55
1443,7215,240.5,camera_3,lost_track,48
1444,7220,240.667,camera_1,reacquired,55
1444,7220,240.667,camera_3,lost_track,50
1445,7225,240.833,camera_1,lost_track,75
1446,7230,241.0,camera_3,new_track,51
1448,7240,241.333,camera_1,lost_track,79
1448,7240,241.333,camera_2,lost_track,17
1452,7260,242.0,camera_1,lost_track,81
1453,7265,242.167,camera_1,reacquired,81
1455,7275,242.5,camera_2,reacquired,17
1456,7280,242.667,camera_1,new_track,82
1456,7280,242.667,camera_1,lost_track,80
1456,7280,242.667,camera_1,removed,72
1456,7280,242.667,camera_2,lost_track,24
1457,7285,242.833,camera_1,reacquired,66
1457,7285,242.833,camera_1,reacquired,80
1458,7290,243.0,camera_1,lost_track,80
1458,7290,243.0,camera_1,removed,59
1460,7300,243.333,camera_1,lost_track,82
1462,7310,243.667,camera_3,lost_track,46
1463,7315,243.833,camera_1,reacquired,82
1463,7315,243.833,camera_2,new_track,25
1466,7330,244.333,camera_2,lost_track,25
1467,7335,244.5,camera_1,lost_track,82
1467,7335,244.5,camera_2,reacquired,24
1468,7340,244.667,camera_1,removed,74
1469,7345,244.833,camera_2,reacquired,25
1470,7350,245.0,camera_1,lost_track,66
1470,7350,245.0,camera_3,reacquired,50
1471,7355,245.167,camera_3,reacquired,46
1472,7360,245.333,camera_1,reacquired,66
1472,7360,245.333,camera_3,lost_track,50
1473,7365,245.5,camera_1,lost_track,66
1473,7365,245.5,camera_3,reacquired,50
1473,7365,245.5,camera_3,removed,48
1474,7370,245.667,camera_1,new_track,83
1475,7375,245.833,camera_1,reacquired,66
1475,7375,245.833,camera_1,removed,75
1476,7380,246.0,camera_1,new_track,84
1478,7390,246.333,camera_1,lost_track,66
1478,7390,246.333,camera_1,removed,79
1479,7395,246.5,camera_1,new_track,85
1479,7395,246.5,camera_1,lost_track,78
1479,7395,246.5,camera_2,lost_track,24
1482,7410,247.0,camera_1,reacquired,78
1482,7410,247.0,camera_1,lost_track,84
1483,7415,247.167,camera_1,reacquired,66
1484,7420,247.333,camera_1,lost_track,78
1484,7420,247.333,camera_2,lost_track,25
1485,7425,247.5,camera_1,reacquired,78
1486,7430,247.667,camera_1,lost_track,38
1487,7435,247.833,camera_1,reacquired,38
1487,7435,247.833,camera_1,lost_track,78
1487,7435,247.833,camera_2,reacquired,25
1488,7440,248.0,camera_1,removed,80
1491,7455,248.5,camera_1,lost_track,73
1491,7455,248.5,camera_2,lost_track,25
1492,7460,248.667,camera_1,new_track,86
1492,7460,248.667,camera_1,reacquired,73
1492,7460,248.667,camera_2,reacquired,25
1492,7460,248.667,camera_2,lost_track,17
1493,7465,248.833,camera_2,reacquired,17
1494,7470,249.0,camera_1,lost_track,85
1497,7485,249.5,camera_1,new_track,87
1497,7485,249.5,camera_1,lost_track,66
1497,7485,249.5,camera_1,removed,82
1499,7495,249.833,camera_1,reacquired,78
1499,7495,249.833,camera_1,lost_track,81
1499,7495,249.833,camera_1,lost_track,83
1499,7495,249.833,camera_1,lost_track,87
1500,7500,250.0,camera_1,new_track,88
1500,7500,250.0,camera_1,lost_track,77
1501,7505,250.167,camera_2,reacquired,24
1502,7510,250.333,camera_1,reacquired,83
1503,7515,250.5,camera_1,lost_track,88
1504,7520,250.667,camera_3,lost_track,50
1505,7525,250.833,camera_1,reacquired,66
1505,7525,250.833,camera_2,lost_track,24
1507,7535,251.167,camera_1,reacquired,88
1508,7540,251.333,camera_1,lost_track,66
1509,7545,251.5,camera_1,lost_track,83
1509,7545,251.5,camera_1,lost_track,88
1510,7550,251.667,camera_1,reacquired,88
1510,7550,251.667,camera_3,reacquired,50
1511,7555,251.833,camera_1,reacquired,81
1512,7560,252.0,camera_1,new_track,89
1512,7560,252.0,camera_1,lost_track,55
1512,7560,252.0,camera_1,removed,84
1513,7565,252.167,camera_2,reacquired,24
1515,7575,252.5,camera_1,reacquired,83
1515,7575,252.5,camera_1,lost_track,78
1517,7585,252.833,camera_1,new_track,90
1518,7590,253.0,camera_1,lost_track,83
1518,7590,253.0,camera_2,lost_track,17
1518,7590,253.0,camera_2,lost_track,24
1522,7610,253.667,camera_1,reacquired,83
1522,7610,253.667,camera_3,lost_track,50
1523,7615,253.833,camera_3,new_track,52
1524,7620,254.0,camera_1,removed,85
1524,7620,254.0,camera_2,reacquired,17
1524,7620,254.0,camera_3,reacquired,50
1526,7630,254.333,camera_1,lost_track,88
1527,7635,254.5,camera_1,lost_track,86
1528,7640,254.667,camera_1,new_track,91
1528,7640,254.667,camera_1,lost_track,81
1528,7640,254.667,camera_1,lost_track,89
1528,7640,254.667,camera_2,lost_track,17
1529,7645,254.833,camera_1,new_track,92
1529,7645,254.833,camera_1,removed,87
1530,7650,255.0,camera_1,removed,77
1531,7655,255.167,camera_1,lost_track,83
1532,7660,255.333,camera_3,lost_track,50
1533,7665,255.5,camera_3,reacquired,50
1534,7670,255.667,camera_1,new_track,93
1534,7670,255.667,camera_2,new_track,26
1536,7680,256.0,camera_2,lost_track,26
1538,7690,256.333,camera_1,removed,66
1539,7695,256.5,camera_1,new_track,94
1540,7700,256.667,camera_3,lost_track,52
1541,7705,256.833,camera_1,new_track,95
1541,7705,256.833,camera_1,reacquired,88
1541,7705,256.833,camera_1,lost_track,93
1542,7710,257.0,camera_1,removed,55
1543,7715,257.167,camera_1,reacquired,93
1545,7725,257.5,camera_1,removed,78
1546,7730,257.667,camera_1,lost_track,91
1546,7730,257.667,camera_3,reacquired,52
1547,7735,257.833,camera_1,reacquired,91
1548,7740,258.0,camera_1,lost_track,94
1548,7740,258.0,camera_2,removed,24
1550,7750,258.333,camera_1,lost_track,88
1551,7755,258.5,camera_3,lost_track,15
1552,7760,258.667,camera_1,reacquired,88
1552,7760,258.667,camera_1,reacquired,94
1552,7760,258.667,camera_1,lost_track,95
1552,7760,258.667,camera_3,lost_track,50
1555,7775,259.167,camera_3,reacquired,50
1556,7780,259.333,camera_1,reacquired,95
1557,7785,259.5,camera_1,lost_track,95
1557,7785,259.5,camera_1,removed,86
1558,7790,259.667,camera_1,removed,81
1558,7790,259.667,camera_1,removed,89
1558,7790,259.667,camera_2,reacquired,17
1560,7800,260.0,camera_1,reacquired,95
1560,7800,260.0,camera_1,lost_track,88
1561,7805,260.167,camera_1,removed,83
1562,7810,260.333,camera_1,new_track,96
1562,7810,260.333,camera_3,lost_track,46
1563,7815,260.5,camera_1,new_track,97
1564,7820,260.667,camera_3,lost_track,51
1565,7825,260.833,camera_1,lost_track,97
1566,7830,261.0,camera_1,reacquired,97
1566,7830,261.0,camera_2,removed,26
1569,7845,261.5,camera_1,lost_track,91
1571,7855,261.833,camera_1,reacquired,91
1572,7860,262.0,camera_1,lost_track,97
1573,7865,262.167,camera_2,new_track,27
1573,7865,262.167,camera_3,new_track,53
1573,7865,262.167,camera_3,reacquired,51
1574,7870,262.333,camera_1,lost_track,95
1574,7870,262.333,camera_2,lost_track,27
1574,7870,262.333,camera_3,lost_track,40
1574,7870,262.333,camera_3,lost_track,51
1575,7875,262.5,camera_1,reacquired,95
1576,7880,262.667,camera_1,lost_track,95
1576,7880,262.667,camera_3,reacquired,40
1577,7885,262.833,camera_1,reacquired,95
1581,7905,263.5,camera_3,removed,15
1583,7915,263.833,camera_1,new_track,98
1587,7935,264.5,camera_1,lost_track,90
1589,7945,264.833,camera_1,lost_track,96
1590,7950,265.0,camera_1,new_track,99
1590,7950,265.0,camera_1,reacquired,96
1590,7950,265.0,camera_1,removed,88
1590,7950,265.0,camera_3,new_track,54
1591,7955,265.167,camera_1,lost_track,91
1592,7960,265.333,camera_1,new_track,100
1592,7960,265.333,camera_3,removed,46
1593,7965,265.5,camera_1,reacquired,91
1595,7975,265.833,camera_1,reacquired,90
1595,7975,265.833,camera_3,lost_track,53
1596,7980,266.0,camera_1,lost_track,91
1596,7980,266.0,camera_1,lost_track,94
1596,7980,266.0,camera_1,lost_track,98
1597,7985,266.167,camera_1,reacquired,94
1597,7985,266.167,camera_1,lost_track,100
1599,7995,266.5,camera_1,reacquired,100
1599,7995,266.5,camera_1,lost_track,95
1599,7995,266.5,camera_2,lost_track,25
1599,7995,266.5,camera_3,reacquired,53
1600,8000,266.667,camera_1,lost_track,100
1600,8000,266.667,camera_3,lost_track,53
1601,8005,266.833,camera_1,reacquired,95
1602,8010,267.0,camera_1,removed,97
1604,8020,267.333,camera_1,reacquired,100
1604,8020,267.333,camera_1,lost_track,95
1604,8020,267.333,camera_2,removed,27
1604,8020,267.333,camera_3,removed,51
1605,8025,267.5,camera_1,lost_track,100
1606,8030,267.667,camera_1,new_track,101
1606,8030,267.667,camera_1,new_track,102
1608,8040,268.0,camera_1,lost_track,102
1609,8045,268.167,camera_1,reacquired,102
1610,8050,268.333,camera_1,lost_track,102
1613,8065,268.833,camera_2,reacquired,25
1613,8065,268.833,camera_3,new_track,55
1615,8075,269.167,camera_3,lost_track,54
1616,8080,269.333,camera_1,reacquired,102
1616,8080,269.333,camera_1,lost_track,96
1616,8080,269.333,camera_3,reacquired,54
1617,8085,269.5,camera_1,reacquired,96
1619,8095,269.833,camera_1,lost_track,94
1620,8100,270.0,camera_1,reacquired,94
1621,8105,270.167,camera_1,reacquired,91
1621,8105,270.167,camera_1,lost_track,99
1625,8125,270.833,camera_1,lost_track,94
1626,8130,271.0,camera_1,removed,98
1630,8150,271.667,camera_3,removed,53
1632,8160,272.0,camera_2,lost_track,17
1634,8170,272.333,camera_1,removed,95
1635,8175,272.5,camera_1,removed,100
1636,8180,272.667,camera_2,reacquired,17
1647,8235,274.5,camera_3,lost_track,55
1649,8245,274.833,camera_1,lost_track,101
1651,8255,275.167,camera_1,removed,99
1651,8255,275.167,camera_3,lost_track,41
1654,8270,275.667,camera_3,reacquired,55
1655,8275,275.833,camera_1,lost_track,91
1655,8275,275.833,camera_1,removed,94
1656,8280,276.0,camera_2,lost_track,17
1661,8305,276.833,camera_2,reacquired,17
1661,8305,276.833,camera_3,lost_track,40
1673,8365,278.833,camera_3,new_track,56
1678,8390,279.667,camera_1,lost_track,102
1679,8395,279.833,camera_1,reacquired,91
1679,8395,279.833,camera_1,removed,101
1679,8395,279.833,camera_3,new_track,57
1681,8405,280.167,camera_1,new_track,103
1681,8405,280.167,camera_1,reacquired,102
1681,8405,280.167,camera_1,lost_track,96
1681,8405,280.167,camera_3,removed,41
1682,8410,280.333,camera_1,reacquired,96
1682,8410,280.333,camera_1,lost_track,103
1683,8415,280.5,camera_1,new_track,104
1683,8415,280.5,camera_1,reacquired,103
1684,8420,280.667,camera_2,lost_track,17
1685,8425,280.833,camera_2,reacquired,17
1686,8430,281.0,camera_1,lost_track,102
1687,8435,281.167,camera_1,reacquired,102
1689,8445,281.5,camera_1,lost_track,91
1690,8450,281.667,camera_3,lost_track,57
1691,8455,281.833,camera_3,reacquired,57
1691,8455,281.833,camera_3,lost_track,52
1691,8455,281.833,camera_3,removed,40
1692,8460,282.0,camera_1,lost_track,102
1693,8465,282.167,camera_1,reacquired,102
1696,8480,282.667,camera_1,lost_track,102
1697,8485,282.833,camera_1,reacquired,102
1697,8485,282.833,camera_3,reacquired,52
1700,8500,283.333,camera_1,lost_track,102
1701,8505,283.5,camera_1,reacquired,102
1701,8505,283.5,camera_1,lost_track,103
1702,8510,283.667,camera_1,reacquired,103
1702,8510,283.667,camera_1,lost_track,96
1703,8515,283.833,camera_1,reacquired,96
1703,8515,283.833,camera_2,lost_track,23
1709,8545,284.833,camera_2,reacquired,23
1709,8545,284.833,camera_3,lost_track,55
1709,8545,284.833,camera_3,lost_track,57
1710,8550,285.0,camera_3,reacquired,55
1711,8555,285.167,camera_1,new_track,105
1712,8560,285.333,camera_1,lost_track,105
1712,8560,285.333,camera_3,reacquired,57
1712,8560,285.333,camera_3,lost_track,52
1715,8575,285.833,camera_3,lost_track,55
1716,8580,286.0,camera_1,lost_track,93
1716,8580,286.0,camera_1,lost_track,102
1716,8580,286.0,camera_1,lost_track,104
1717,8585,286.167,camera_3,reacquired,55
1718,8590,286.333,camera_3,lost_track,50
1719,8595,286.5,camera_1,new_track,106
1719,8595,286.5,camera_1,removed,91
1720,8600,286.667,camera_1,lost_track,92
1721,8605,286.833,camera_1,reacquired,105
1721,8605,286.833,camera_1,lost_track,96
1721,8605,286.833,camera_2,lost_track,17
1721,8605,286.833,camera_2,lost_track,25
1722,8610,287.0,camera_3,lost_track,54
1723,8615,287.167,camera_1,reacquired,96
1723,8615,287.167,camera_1,lost_track,90
1723,8615,287.167,camera_3,reacquired,50
1723,8615,287.167,camera_3,lost_track,55
1724,8620,287.333,camera_1,lost_track,103
1725,8625,287.5,camera_1,lost_track,105
1725,8625,287.5,camera_2,reacquired,17
1725,8625,287.5,camera_3,reacquired,52
1725,8625,287.5,camera_3,lost_track,57
1727,8635,287.833,camera_1,lost_track,106
1729,8645,288.167,camera_1,lost_track,96
1732,8660,288.667,camera_1,reacquired,96
1732,8660,288.667,camera_3,reacquired,57
1732,8660,288.667,camera_3,lost_track,52
1736,8680,289.333,camera_1,lost_track,73
1737,8685,289.5,camera_1,reacquired,73
1741,8705,290.167,camera_1,lost_track,73
1741,8705,290.167,camera_3,lost_track,19
1746,8730,291.0,camera_1,removed,93
1746,8730,291.0,camera_1,removed,102
1746,8730,291.0,camera_1,removed,104
1747,8735,291.167,camera_1,reacquired,73
1747,8735,291.167,camera_2,lost_track,23
1749,8745,291.5,camera_1,reacquired,103
1749,8745,291.5,camera_3,lost_track,17
1750,8750,291.667,camera_1,removed,92
1751,8755,291.833,camera_1,lost_track,96
1751,8755,291.833,camera_2,removed,25
1752,8760,292.0,camera_3,removed,54
1753,8765,292.167,camera_1,removed,90
1753,8765,292.167,camera_3,removed,55
1755,8775,292.5,camera_1,lost_track,73
1755,8775,292.5,camera_1,removed,105
1756,8780,292.667,camera_2,lost_track,17
1757,8785,292.833,camera_1,removed,106
1758,8790,293.0,camera_3,lost_track,14
1761,8805,293.5,camera_2,reacquired,17
1761,8805,293.5,camera_2,lost_track,12
1761,8805,293.5,camera_3,reacquired,14
1762,8810,293.667,camera_3,removed,52
1764,8820,294.0,camera_1,reacquired,96
1764,8820,294.0,camera_3,reacquired,17
1765,8825,294.167,camera_1,reacquired,73
1765,8825,294.167,camera_3,lost_track,18
1766,8830,294.333,camera_1,lost_track,73
1766,8830,294.333,camera_1,lost_track,96
1766,8830,294.333,camera_2,reacquired,23
1766,8830,294.333,camera_2,lost_track,6
1766,8830,294.333,camera_3,new_track,58
1768,8840,294.667,camera_2,lost_track,17
1769,8845,294.833,camera_1,reacquired,73
1771,8855,295.167,camera_1,lost_track,73
1771,8855,295.167,camera_3,lost_track,56
1771,8855,295.167,camera_3,removed,19
1772,8860,295.333,camera_1,new_track,107
1772,8860,295.333,camera_1,lost_track,103
1773,8865,295.5,camera_1,reacquired,96
1775,8875,295.833,camera_3,new_track,59
1777,8885,296.167,camera_1,new_track,108
1777,8885,296.167,camera_3,lost_track,58
1778,8890,296.333,camera_3,reacquired,58
1778,8890,296.333,camera_3,lost_track,17
1779,8895,296.5,camera_2,new_track,28
1782,8910,297.0,camera_1,reacquired,73
1783,8915,297.167,camera_1,lost_track,96
1784,8920,297.333,camera_1,lost_track,107
1785,8925,297.5,camera_1,reacquired,107
1785,8925,297.5,camera_1,lost_track,108
1786,8930,297.667,camera_1,reacquired,103
1786,8930,297.667,camera_3,reacquired,17
1787,8935,297.833,camera_3,lost_track,57
1789,8945,298.167,camera_1,lost_track,103
1789,8945,298.167,camera_3,new_track,60
1790,8950,298.333,camera_3,lost_track,17
1791,8955,298.5,camera_1,reacquired,103
1791,8955,298.5,camera_1,reacquired,108
1791,8955,298.5,camera_1,lost_track,73
1791,8955,298.5,camera_2,removed,12
1792,8960,298.667,camera_1,reacquired,96
1792,8960,298.667,camera_1,lost_track,103
1792,8960,298.667,camera_1,lost_track,107
1792,8960,298.667,camera_1,lost_track,108
1792,8960,298.667,camera_3,lost_track,14
1793,8965,298.833,camera_1,new_track,109
1793,8965,298.833,camera_3,reacquired,17
1794,8970,299.0,camera_1,reacquired,107
1794,8970,299.0,camera_1,lost_track,96
1794,8970,299.0,camera_3,lost_track,17
1795,8975,299.167,camera_3,removed,18
1796,8980,299.333,camera_2,removed,6
1797,8985,299.5,camera_3,new_track,61
1798,8990,299.667,camera_1,new_track,110
1798,8990,299.667,camera_2,removed,17
1800,9000,300.0,camera_1,lost_track,109
1801,9005,300.167,camera_3,removed,56
1807,9035,301.167,camera_2,new_track,29
1809,9045,301.5,camera_1,lost_track,107
1809,9045,301.5,camera_1,lost_track,110
1810,9050,301.667,camera_1,reacquired,110
1812,9060,302.0,camera_3,lost_track,60
1813,9065,302.167,camera_1,lost_track,110
1814,9070,302.333,camera_1,reacquired,107
1815,9075,302.5,camera_1,new_track,111
1815,9075,302.5,camera_3,new_track,62
1817,9085,302.833,camera_2,new_track,30
1817,9085,302.833,camera_3,removed,57
1819,9095,303.167,camera_1,reacquired,108
1820,9100,303.333,camera_1,lost_track,107
1820,9100,303.333,camera_2,new_track,31
1820,9100,303.333,camera_3,new_track,63
1821,9105,303.5,camera_1,removed,73
1821,9105,303.5,camera_2,lost_track,31
1822,9110,303.667,camera_1,removed,103
1822,9110,303.667,camera_3,lost_track,63
1822,9110,303.667,camera_3,removed,14
1823,9115,303.833,camera_1,lost_track,108
1824,9120,304.0,camera_1,lost_track,111
1824,9120,304.0,camera_1,removed,96
1824,9120,304.0,camera_3,removed,17
1826,9130,304.333,camera_1,new_track,112
1826,9130,304.333,camera_1,reacquired,107
1826,9130,304.333,camera_1,reacquired,108
1828,9140,304.667,camera_1,lost_track,112
1829,9145,304.833,camera_2,lost_track,28
1829,9145,304.833,camera_3,lost_track,62
1830,9150,305.0,camera_1,removed,109
1830,9150,305.0,camera_3,new_track,64
1833,9165,305.5,camera_1,lost_track,107
1833,9165,305.5,camera_1,lost_track,108
1834,9170,305.667,camera_1,reacquired,110
1835,9175,305.833,camera_2,new_track,32
1837,9185,306.167,camera_1,reacquired,112
1837,9185,306.167,camera_1,lost_track,38
1837,9185,306.167,camera_3,lost_track,64
1838,9190,306.333,camera_1,reacquired,107
1839,9195,306.5,camera_1,lost_track,110
1841,9205,306.833,camera_1,reacquired,38
1842,9210,307.0,camera_2,lost_track,29
1842,9210,307.0,camera_3,reacquired,64
1842,9210,307.0,camera_3,removed,60
1844,9220,307.333,camera_2,new_track,33
1844,9220,307.333,camera_3,lost_track,61
1844,9220,307.333,camera_3,lost_track,64
1845,9225,307.5,camera_3,reacquired,61
1845,9225,307.5,camera_3,reacquired,64
1845,9225,307.5,camera_3,lost_track,58
1846,9230,307.667,camera_2,lost_track,32
1846,9230,307.667,camera_2,lost_track,33
1848,9240,308.0,camera_3,reacquired,58
1851,9255,308.5,camera_2,lost_track,23
1851,9255,308.5,camera_2,removed,31
1851,9255,308.5,camera_3,new_track,65
1852,9260,308.667,camera_2,reacquired,32
1852,9260,308.667,camera_3,lost_track,65
1852,9260,308.667,camera_3,removed,63
1854,9270,309.0,camera_1,removed,111
1856,9280,309.333,camera_2,lost_track,30
1857,9285,309.5,camera_1,new_track,113
1857,9285,309.5,camera_3,lost_track,59
1859,9295,309.833,camera_2,new_track,34
1859,9295,309.833,camera_2,removed,28
1859,9295,309.833,camera_3,removed,62
1862,9310,310.333,camera_3,reacquired,65
1862,9310,310.333,camera_3,lost_track,58
1863,9315,310.5,camera_1,removed,108
1864,9320,310.667,camera_3,lost_track,50
1865,9325,310.833,camera_3,reacquired,50
1865,9325,310.833,camera_3,reacquired,58
1868,9340,311.333,camera_1,new_track,114
1869,9345,311.5,camera_1,removed,110
1872,9360,312.0,camera_1,lost_track,38
1872,9360,312.0,camera_2,removed,29
1875,9375,312.5,camera_1,lost_track,114
1876,9380,312.667,camera_2,removed,33
1877,9385,312.833,camera_1,reacquired,38
1879,9395,313.167,camera_1,new_track,115
1879,9395,313.167,camera_3,lost_track,58
1880,9400,313.333,camera_3,lost_track,65
1881,9405,313.5,camera_2,removed,23
1883,9415,313.833,camera_3,new_track,66
1886,9430,314.333,camera_2,removed,30
1887,9435,314.5,camera_3,removed,59
1889,9445,314.833,camera_3,lost_track,66
1890,9450,315.0,camera_3,reacquired,58
1891,9455,315.167,camera_2,lost_track,32
1891,9455,315.167,camera_3,reacquired,66
1892,9460,315.333,camera_1,lost_track,107
1892,9460,315.333,camera_3,new_track,67
1893,9465,315.5,camera_1,lost_track,112
1893,9465,315.5,camera_2,reacquired,32
1893,9465,315.5,camera_2,lost_track,10
1894,9470,315.667,camera_1,reacquired,107
1894,9470,315.667,camera_1,lost_track,113
1895,9475,315.833,camera_1,reacquired,112
1896,9480,316.0,camera_3,lost_track,66
1897,9485,316.167,camera_1,reacquired,113
1897,9485,316.167,camera_1,lost_track,115
1897,9485,316.167,camera_3,reacquired,66
1898,9490,316.333,camera_1,lost_track,107
1899,9495,316.5,camera_3,lost_track,61
1900,9500,316.667,camera_3,reacquired,61
1904,9520,317.333,camera_3,lost_track,66
1905,9525,317.5,camera_1,removed,114
1907,9535,317.833,camera_3,reacquired,66
1907,9535,317.833,camera_3,lost_track,61
1907,9535,317.833,camera_3,lost_track,67
1908,9540,318.0,camera_1,reacquired,107
1910,9550,318.333,camera_3,removed,65
1914,9570,319.0,camera_3,new_track,68
1915,9575,319.167,camera_2,new_track,35
1918,9590,319.667,camera_1,lost_track,113
1918,9590,319.667,camera_2,lost_track,35
1918,9590,319.667,camera_3,reacquired,67
1918,9590,319.667,camera_3,lost_track,66
1920,9600,320.0,camera_1,reacquired,113
1921,9605,320.167,camera_1,lost_track,107
1923,9615,320.5,camera_1,lost_track,112
1923,9615,320.5,camera_2,removed,10
1925,9625,320.833,camera_3,lost_track,67
1927,9635,321.167,camera_1,removed,115
1928,9640,321.333,camera_2,lost_track,34
1930,9650,321.667,camera_1,new_track,116
1930,9650,321.667,camera_2,new_track,36
1932,9660,322.0,camera_3,lost_track,68
1934,9670,322.333,camera_1,reacquired,112
1934,9670,322.333,camera_2,reacquired,34
1935,9675,322.5,camera_1,lost_track,38
1935,9675,322.5,camera_2,new_track,37
1935,9675,322.5,camera_3,reacquired,66
1936,9680,322.667,camera_2,lost_track,36
1937,9685,322.833,camera_2,lost_track,34
1937,9685,322.833,camera_3,removed,61
1938,9690,323.0,camera_3,lost_track,66
1942,9710,323.667,camera_5,new_track,3
1943,9715,323.833,camera_1,lost_track,116
1944,9720,324.0,camera_1,lost_track,113
1945,9725,324.167,camera_1,reacquired,116
1946,9730,324.333,camera_2,lost_track,32
1946,9730,324.333,camera_3,new_track,69
1947,9735,324.5,camera_1,lost_track,116
1947,9735,324.5,camera_4,new_track,0
1948,9740,324.667,camera_2,removed,35
1949,9745,324.833,camera_2,new_track,38
1950,9750,325.0,camera_4,lost_track,0
1951,9755,325.167,camera_1,removed,107
1952,9760,325.333,camera_5,new_track,4
1953,9765,325.5,camera_5,new_track,5
1955,9775,325.833,camera_3,removed,67
1955,9775,325.833,camera_5,lost_track,5
1958,9790,326.333,camera_1,new_track,117
1958,9790,326.333,camera_5,new_track,6
1960,9800,326.667,camera_5,lost_track,4
1962,9810,327.0,camera_1,lost_track,117
1962,9810,327.0,camera_3,removed,68
1963,9815,327.167,camera_1,new_track,118
1964,9820,327.333,camera_2,new_track,39
1965,9825,327.5,camera_1,lost_track,112
1965,9825,327.5,camera_1,removed,38
1966,9830,327.667,camera_2,removed,36
1967,9835,327.833,camera_2,removed,34
1968,9840,328.0,camera_3,removed,66
1970,9850,328.333,camera_2,lost_track,39
1973,9865,328.833,camera_5,lost_track,6
1974,9870,329.0,camera_1,removed,113
1976,9880,329.333,camera_2,removed,32
1977,9885,329.5,camera_1,removed,116
1980,9900,330.0,camera_4,removed,0
1981,9905,330.167,camera_5,lost_track,3
1982,9910,330.333,camera_5,reacquired,3
1983,9915,330.5,camera_2,new_track,40
1983,9915,330.5,camera_2,new_track,41
1984,9920,330.667,camera_5,lost_track,3
1985,9925,330.833,camera_5,removed,5
1986,9930,331.0,camera_1,lost_track,118
1987,9935,331.167,camera_1,reacquired,118
1990,9950,331.667,camera_1,lost_track,118
1990,9950,331.667,camera_5,removed,4
1991,9955,331.833,camera_1,reacquired,118
1992,9960,332.0,camera_1,new_track,119
1992,9960,332.0,camera_1,removed,117
1995,9975,332.5,camera_1,removed,112
1996,9980,332.667,camera_3,lost_track,58
1998,9990,333.0,camera_3,new_track,70
1999,9995,333.167,camera_2,new_track,42
1999,9995,333.167,camera_3,new_track,71
2000,10000,333.333,camera_2,removed,39
2001,10005,333.5,camera_1,new_track,120
2001,10005,333.5,camera_2,lost_track,42
2002,10010,333.667,camera_1,lost_track,118
2002,10010,333.667,camera_3,lost_track,64
2003,10015,333.833,camera_1,reacquired,118
2003,10015,333.833,camera_2,reacquired,42
2003,10015,333.833,camera_5,removed,6
2004,10020,334.0,camera_3,reacquired,64
2004,10020,334.0,camera_3,lost_track,70
2005,10025,334.167,camera_1,lost_track,120
2005,10025,334.167,camera_2,lost_track,42
2006,10030,334.333,camera_1,reacquired,120
2009,10045,334.833,camera_3,lost_track,64
2010,10050,335.0,camera_1,lost_track,119
2010,10050,335.0,camera_1,lost_track,120
2010,10050,335.0,camera_3,new_track,72
2011,10055,335.167,camera_3,reacquired,64
2011,10055,335.167,camera_3,lost_track,50
2012,10060,335.333,camera_1,reacquired,119
2013,10065,335.5,camera_3,reacquired,50
2013,10065,335.5,camera_3,lost_track,71
2014,10070,335.667,camera_2,lost_track,40
2014,10070,335.667,camera_5,removed,3
2015,10075,335.833,camera_3,lost_track,72
2016,10080,336.0,camera_4,new_track,1
2017,10085,336.167,camera_3,reacquired,72
2017,10085,336.167,camera_3,lost_track,64
2017,10085,336.167,camera_3,lost_track,69
2018,10090,336.333,camera_3,new_track,73
2018,10090,336.333,camera_3,new_track,74
2018,10090,336.333,camera_3,reacquired,64
2018,10090,336.333,camera_3,lost_track,50
2018,10090,336.333,camera_3,lost_track,72
2022,10110,337.0,camera_1,new_track,121
2024,10120,337.333,camera_1,lost_track,121
2024,10120,337.333,camera_3,new_track,75
2025,10125,337.5,camera_1,new_track,122
2025,10125,337.5,camera_2,new_track,43
2026,10130,337.667,camera_2,lost_track,41
2026,10130,337.667,camera_3,lost_track,64
2026,10130,337.667,camera_3,removed,58
2027,10135,337.833,camera_2,lost_track,37
2027,10135,337.833,camera_3,reacquired,71
2027,10135,337.833,camera_4,lost_track,1
2028,10140,338.0,camera_3,lost_track,74
2028,10140,338.0,camera_3,lost_track,75
2029,10145,338.167,camera_2,new_track,44
2029,10145,338.167,camera_3,reacquired,75
2031,10155,338.5,camera_3,new_track,76
2031,10155,338.5,camera_3,lost_track,71
2034,10170,339.0,camera_1,new_track,123
2034,10170,339.0,camera_3,lost_track,76
2034,10170,339.0,camera_3,removed,70
2035,10175,339.167,camera_1,reacquired,121
2035,10175,339.167,camera_1,lost_track,123
2035,10175,339.167,camera_2,removed,42
2035,10175,339.167,camera_5,new_track,7
2036,10180,339.333,camera_1,lost_track,122
2036,10180,339.333,camera_2,lost_track,43
2038,10190,339.667,camera_3,lost_track,75
2039,10195,339.833,camera_2,new_track,45
2040,10200,340.0,camera_1,removed,120
2043,10215,340.5,camera_1,new_track,124
2043,10215,340.5,camera_1,lost_track,119
2043,10215,340.5,camera_5,new_track,8
2043,10215,340.5,camera_5,lost_track,7
2044,10220,340.667,camera_2,removed,40
2045,10225,340.833,camera_3,new_track,77
2046,10230,341.0,camera_1,lost_track,121
2047,10235,341.167,camera_3,removed,69
2048,10240,341.333,camera_3,new_track,78
2048,10240,341.333,camera_3,removed,50
2048,10240,341.333,camera_3,removed,72
2049,10245,341.5,camera_3,lost_track,73
2049,10245,341.5,camera_3,lost_track,77
2049,10245,341.5,camera_3,lost_track,78
2050,10250,341.667,camera_2,lost_track,44
2050,10250,341.667,camera_3,new_track,79
2052,10260,342.0,camera_4,new_track,2
2052,10260,342.0,camera_6,new_track,6
2053,10265,342.167,camera_2,new_track,46
2056,10280,342.667,camera_2,removed,41
2056,10280,342.667,camera_3,removed,64
2056,10280,342.667,camera_4,lost_track,2
2057,10285,342.833,camera_2,removed,37
2057,10285,342.833,camera_4,removed,1
2058,10290,343.0,camera_3,removed,74
2060,10300,343.333,camera_2,lost_track,45
2060,10300,343.333,camera_6,new_track,7
2061,10305,343.5,camera_1,lost_track,118
2061,10305,343.5,camera_3,removed,71
2062,10310,343.667,camera_2,lost_track,46
2062,10310,343.667,camera_5,new_track,9
2062,10310,343.667,camera_6,lost_track,7
2064,10320,344.0,camera_3,removed,76
2064,10320,344.0,camera_6,lost_track,6
2065,10325,344.167,camera_1,removed,123
2065,10325,344.167,camera_7,new_track,4
2066,10330,344.333,camera_1,removed,122
2066,10330,344.333,camera_2,removed,43
2067,10335,344.5,camera_3,lost_track,79
2068,10340,344.667,camera_3,reacquired,77
2068,10340,344.667,camera_3,removed,75
2069,10345,344.833,camera_2,lost_track,38
2070,10350,345.0,camera_2,reacquired,38
2070,10350,345.0,camera_3,new_track,80
2070,10350,345.0,camera_5,lost_track,9
2073,10365,345.5,camera_1,removed,119
2073,10365,345.5,camera_5,removed,7
2076,10380,346.0,camera_1,removed,121
2076,10380,346.0,camera_2,lost_track,38
2079,10395,346.5,camera_3,removed,73
2079,10395,346.5,camera_3,removed,78
2080,10400,346.667,camera_2,removed,44
2081,10405,346.833,camera_2,new_track,47
2083,10415,347.167,camera_2,reacquired,38
2083,10415,347.167,camera_3,lost_track,80
2085,10425,347.5,camera_3,new_track,81
2086,10430,347.667,camera_4,removed,2
2088,10440,348.0,camera_2,new_track,48
2090,10450,348.333,camera_2,removed,45
2090,10450,348.333,camera_3,lost_track,81
2091,10455,348.5,camera_1,removed,118
2092,10460,348.667,camera_2,removed,46
2092,10460,348.667,camera_6,removed,7
2093,10465,348.833,camera_1,lost_track,124
2094,10470,349.0,camera_6,removed,6
2096,10480,349.333,camera_2,new_track,49
2097,10485,349.5,camera_3,removed,79
2097,10485,349.5,camera_5,lost_track,8
2098,10490,349.667,camera_1,new_track,125
2100,10500,350.0,camera_5,removed,9
2101,10505,350.167,camera_3,new_track,82
2103,10515,350.5,camera_3,lost_track,82
2104,10520,350.667,camera_3,reacquired,82
2104,10520,350.667,camera_3,lost_track,77
2105,10525,350.833,camera_3,new_track,83
2108,10540,351.333,camera_1,lost_track,125
2109,10545,351.5,camera_7,lost_track,4
2111,10555,351.833,camera_6,new_track,8
2112,10560,352.0,camera_6,new_track,9
2113,10565,352.167,camera_3,removed,80
2115,10575,352.5,camera_2,lost_track,49
2115,10575,352.5,camera_6,lost_track,9
2116,10580,352.667,camera_2,reacquired,49
2118,10590,353.0,camera_3,lost_track,82
2119,10595,353.167,camera_3,new_track,84
2120,10600,353.333,camera_3,removed,81
2122,10610,353.667,camera_3,lost_track,84
2123,10615,353.833,camera_1,removed,124
2123,10615,353.833,camera_3,reacquired,84
2124,10620,354.0,camera_3,lost_track,83
2124,10620,354.0,camera_6,lost_track,8
2125,10625,354.167,camera_3,new_track,85
2127,10635,354.5,camera_1,reacquired,125
2127,10635,354.5,camera_5,removed,8
2128,10640,354.667,camera_2,new_track,50
2129,10645,354.833,camera_2,lost_track,38
2129,10645,354.833,camera_2,lost_track,49
2131,10655,355.167,camera_1,new_track,126
2131,10655,355.167,camera_3,lost_track,85
2132,10660,355.333,camera_1,lost_track,125
2132,10660,355.333,camera_2,lost_track,48
2132,10660,355.333,camera_5,new_track,10
2133,10665,355.5,camera_2,reacquired,49
2134,10670,355.667,camera_1,reacquired,125
2134,10670,355.667,camera_2,lost_track,49
2134,10670,355.667,camera_3,removed,77
2136,10680,356.0,camera_1,lost_track,126
2137,10685,356.167,camera_3,reacquired,83
2137,10685,356.167,camera_3,lost_track,84
2138,10690,356.333,camera_5,new_track,11
2139,10695,356.5,camera_7,removed,4
2140,10700,356.667,camera_5,new_track,12
2141,10705,356.833,camera_5,lost_track,12
2143,10715,357.167,camera_1,new_track,127
2143,10715,357.167,camera_1,lost_track,125
2144,10720,357.333,camera_1,new_track,128
2144,10720,357.333,camera_2,new_track,51
2144,10720,357.333,camera_2,lost_track,47
2144,10720,357.333,camera_5,reacquired,12
2145,10725,357.5,camera_6,removed,9
2146,10730,357.667,camera_2,lost_track,50
2146,10730,357.667,camera_4,new_track,3
2146,10730,357.667,camera_5,lost_track,10
2146,10730,357.667,camera_5,lost_track,12
2148,10740,358.0,camera_3,removed,82
2150,10750,358.333,camera_4,lost_track,3
2152,10760,358.667,camera_5,new_track,13
2153,10765,358.833,camera_3,new_track,86
2154,10770,359.0,camera_3,lost_track,86
2154,10770,359.0,camera_6,removed,8
2155,10775,359.167,camera_3,new_track,87
2155,10775,359.167,camera_3,lost_track,83
2156,10780,359.333,camera_5,lost_track,13
2157,10785,359.5,camera_5,reacquired,13
2159,10795,359.833,camera_2,removed,38
2161,10805,360.167,camera_3,removed,85
2162,10810,360.333,camera_2,removed,48
2163,10815,360.5,camera_5,lost_track,13
2164,10820,360.667,camera_2,lost_track,51
2164,10820,360.667,camera_2,removed,49
2166,10830,361.0,camera_1,removed,126
2167,10835,361.167,camera_1,new_track,129
2167,10835,361.167,camera_3,removed,84
2172,10860,362.0,camera_2,new_track,52
2173,10865,362.167,camera_1,lost_track,129
2173,10865,362.167,camera_1,removed,125
2174,10870,362.333,camera_1,lost_track,127
2174,10870,362.333,camera_2,removed,47
2176,10880,362.667,camera_1,new_track,130
2176,10880,362.667,camera_2,new_track,53
2176,10880,362.667,camera_2,removed,50
2176,10880,362.667,camera_5,new_track,14
2176,10880,362.667,camera_5,removed,10
2176,10880,362.667,camera_5,removed,12
2178,10890,363.0,camera_3,lost_track,87
2180,10900,363.333,camera_4,removed,3
2181,10905,363.5,camera_3,new_track,88
2181,10905,363.5,camera_3,new_track,89
2181,10905,363.5,camera_5,lost_track,14
2182,10910,363.667,camera_3,lost_track,88
2184,10920,364.0,camera_3,reacquired,88
2184,10920,364.0,camera_3,removed,86
2185,10925,364.167,camera_3,lost_track,89
2185,10925,364.167,camera_3,removed,83
2186,10930,364.333,camera_3,new_track,90
2186,10930,364.333,camera_3,lost_track,88
2187,10935,364.5,camera_1,lost_track,130
2191,10955,365.167,camera_2,new_track,54
2191,10955,365.167,camera_2,new_track,55
2193,10965,365.5,camera_5,lost_track,11
2193,10965,365.5,camera_5,removed,13
2194,10970,365.667,camera_2,removed,51
2199,10995,366.5,camera_5,new_track,15
2200,11000,366.667,camera_1,new_track,131
2200,11000,366.667,camera_1,lost_track,128
2200,11000,366.667,camera_2,lost_track,54
2203,11015,367.167,camera_1,removed,129
2204,11020,367.333,camera_1,removed,127
2204,11020,367.333,camera_4,new_track,4
2205,11025,367.5,camera_3,lost_track,90
2208,11040,368.0,camera_3,removed,87
2209,11045,368.167,camera_3,new_track,91
2210,11050,368.333,camera_3,new_track,92
2210,11050,368.333,camera_4,lost_track,4
2211,11055,368.5,camera_5,removed,14
2213,11065,368.833,camera_5,new_track,16
2215,11075,369.167,camera_3,removed,89
2216,11080,369.333,camera_1,new_track,132
2216,11080,369.333,camera_3,removed,88
2217,11085,369.5,camera_1,removed,130
2219,11095,369.833,camera_2,new_track,56
2220,11100,370.0,camera_5,new_track,17
2221,11105,370.167,camera_5,lost_track,16
2222,11110,370.333,camera_3,lost_track,91
2222,11110,370.333,camera_5,reacquired,16
2223,11115,370.5,camera_2,lost_track,55
2223,11115,370.5,camera_3,reacquired,91
2223,11115,370.5,camera_5,removed,11
2225,11125,370.833,camera_5,lost_track,16
2226,11130,371.0,camera_2,reacquired,55
2226,11130,371.0,camera_5,new_track,18
2227,11135,371.167,camera_3,lost_track,92
2228,11140,371.333,camera_2,lost_track,55
2229,11145,371.5,camera_1,lost_track,131
2229,11145,371.5,camera_2,reacquired,55
2229,11145,371.5,camera_3,new_track,93
2229,11145,371.5,camera_5,new_track,19
2230,11150,371.667,camera_1,lost_track,132
2230,11150,371.667,camera_1,removed,128
2230,11150,371.667,camera_2,removed,54
2233,11165,372.167,camera_2,new_track,57
2233,11165,372.167,camera_2,lost_track,56
2233,11165,372.167,camera_5,lost_track,18
2234,11170,372.333,camera_5,reacquired,18
2235,11175,372.5,camera_3,removed,90
2237,11185,372.833,camera_1,reacquired,132
2239,11195,373.167,camera_5,reacquired,16
2240,11200,373.333,camera_4,new_track,5
2240,11200,373.333,camera_4,removed,4
2242,11210,373.667,camera_5,lost_track,18
2243,11215,373.833,camera_3,lost_track,91
2243,11215,373.833,camera_3,lost_track,93
2243,11215,373.833,camera_4,lost_track,5
2243,11215,373.833,camera_5,reacquired,18
2243,11215,373.833,camera_5,lost_track,16
2243,11215,373.833,camera_5,lost_track,19
2244,11220,374.0,camera_2,lost_track,53
2244,11220,374.0,camera_2,lost_track,55
2244,11220,374.0,camera_3,new_track,94
2244,11220,374.0,camera_5,lost_track,17
2245,11225,374.167,camera_2,reacquired,53
2245,11225,374.167,camera_3,reacquired,92
2245,11225,374.167,camera_3,lost_track,94
2246,11230,374.333,camera_2,new_track,58
2246,11230,374.333,camera_3,lost_track,21
2246,11230,374.333,camera_3,lost_track,92
2246,11230,374.333,camera_5,reacquired,17
2247,11235,374.5,camera_3,reacquired,94
2247,11235,374.5,camera_5,reacquired,16
2249,11245,374.833,camera_2,lost_track,57
2249,11245,374.833,camera_2,lost_track,58
2249,11245,374.833,camera_3,new_track,95
2251,11255,375.167,camera_5,lost_track,17
2253,11265,375.5,camera_2,reacquired,55
2253,11265,375.5,camera_5,new_track,20
2253,11265,375.5,camera_5,reacquired,17
2253,11265,375.5,camera_5,lost_track,16
2254,11270,375.667,camera_2,reacquired,57
2255,11275,375.833,camera_1,lost_track,132
2255,11275,375.833,camera_2,lost_track,55
2255,11275,375.833,camera_5,new_track,21
2256,11280,376.0,camera_2,lost_track,9
2256,11280,376.0,camera_5,new_track,22
2256,11280,376.0,camera_5,lost_track,21
2257,11285,376.167,camera_2,lost_track,57
2258,11290,376.333,camera_2,lost_track,52
2258,11290,376.333,camera_2,lost_track,53
2258,11290,376.333,camera_5,lost_track,15
2259,11295,376.5,camera_1,removed,131
2259,11295,376.5,camera_5,lost_track,17
2260,11300,376.667,camera_2,reacquired,53
2260,11300,376.667,camera_2,reacquired,55
2260,11300,376.667,camera_3,lost_track,95
2261,11305,376.833,camera_3,new_track,96
2262,11310,377.0,camera_2,reacquired,52
2263,11315,377.167,camera_2,removed,56
2263,11315,377.167,camera_3,lost_track,96
2265,11325,377.5,camera_4,new_track,6
2266,11330,377.667,camera_5,lost_track,20
2267,11335,377.833,camera_6,new_track,10
2270,11350,378.333,camera_5,lost_track,22
2271,11355,378.5,camera_3,lost_track,94
2271,11355,378.5,camera_4,new_track,7
2272,11360,378.667,camera_3,reacquired,94
2273,11365,378.833,camera_3,lost_track,94
2273,11365,378.833,camera_3,removed,91
2273,11365,378.833,camera_3,removed,93
2273,11365,378.833,camera_4,new_track,8
2273,11365,378.833,camera_4,removed,5
2273,11365,378.833,camera_5,removed,19
2274,11370,379.0,camera_2,lost_track,53
2274,11370,379.0,camera_2,lost_track,55
2275,11375,379.167,camera_2,reacquired,53
2275,11375,379.167,camera_2,lost_track,52
2276,11380,379.333,camera_3,removed,21
2276,11380,379.333,camera_3,removed,92
2276,11380,379.333,camera_4,lost_track,8
2276,11380,379.333,camera_6,new_track,11
2277,11385,379.5,camera_2,reacquired,55
2277,11385,379.5,camera_6,new_track,12
2278,11390,379.667,camera_2,new_track,59
2278,11390,379.667,camera_5,new_track,23
2279,11395,379.833,camera_2,removed,58
2280,11400,380.0,camera_1,new_track,133
2280,11400,380.0,camera_6,lost_track,12
2281,11405,380.167,camera_1,lost_track,133
2281,11405,380.167,camera_2,lost_track,53
2281,11405,380.167,camera_2,lost_track,59
2281,11405,380.167,camera_4,lost_track,6
2281,11405,380.167,camera_6,lost_track,10
2282,11410,380.333,camera_2,reacquired,53
2282,11410,380.333,camera_7,new_track,5
2283,11415,380.5,camera_2,new_track,60
2283,11415,380.5,camera_5,new_track,24
2283,11415,380.5,camera_5,removed,16
2284,11420,380.667,camera_5,new_track,25
2285,11425,380.833,camera_1,removed,132
2286,11430,381.0,camera_2,lost_track,53
2286,11430,381.0,camera_2,removed,9
2286,11430,381.0,camera_5,removed,21
2287,11435,381.167,camera_2,removed,57
2287,11435,381.167,camera_4,lost_track,7
2288,11440,381.333,camera_5,lost_track,24
2288,11440,381.333,camera_5,removed,15
2288,11440,381.333,camera_6,new_track,13
2289,11445,381.5,camera_5,removed,17
2290,11450,381.667,camera_2,new_track,61
2290,11450,381.667,camera_3,removed,95
2290,11450,381.667,camera_5,lost_track,18
2291,11455,381.833,camera_1,new_track,134
2291,11455,381.833,camera_5,new_track,26
2291,11455,381.833,camera_6,lost_track,13
2292,11460,382.0,camera_6,lost_track,11
2292,11460,382.0,camera_7,new_track,6
2293,11465,382.167,camera_2,reacquired,53
2293,11465,382.167,camera_3,removed,96
2293,11465,382.167,camera_5,new_track,27
2293,11465,382.167,camera_5,lost_track,26
2294,11470,382.333,camera_5,lost_track,25
2295,11475,382.5,camera_2,lost_track,53
2295,11475,382.5,camera_2,lost_track,55
2295,11475,382.5,camera_5,lost_track,27
2296,11480,382.667,camera_5,removed,20
2298,11490,383.0,camera_5,new_track,28
2298,11490,383.0,camera_6,new_track,14
2299,11495,383.167,camera_2,reacquired,53
2299,11495,383.167,camera_2,reacquired,55
2299,11495,383.167,camera_5,lost_track,28
2300,11500,383.333,camera_5,removed,22
2301,11505,383.5,camera_3,new_track,97
2302,11510,383.667,camera_1,lost_track,134
2302,11510,383.667,camera_2,lost_track,53
2302,11510,383.667,camera_2,lost_track,55
2302,11510,383.667,camera_5,reacquired,28
2303,11515,383.833,camera_3,removed,94
2304,11520,384.0,camera_2,reacquired,55
2305,11525,384.167,camera_2,lost_track,61
2305,11525,384.167,camera_2,removed,52
2306,11530,384.333,camera_4,removed,8
2306,11530,384.333,camera_5,new_track,29
2308,11540,384.667,camera_5,lost_track,28
2309,11545,384.833,camera_5,new_track,30
2309,11545,384.833,camera_6,new_track,15
2310,11550,385.0,camera_3,lost_track,97
2310,11550,385.0,camera_6,removed,12
2311,11555,385.167,camera_1,removed,133
2311,11555,385.167,camera_2,removed,59
2311,11555,385.167,camera_4,new_track,9
2311,11555,385.167,camera_4,removed,6
2311,11555,385.167,camera_6,removed,10
2311,11555,385.167,camera_7,new_track,7
2312,11560,385.333,camera_6,lost_track,15
2314,11570,385.667,camera_7,lost_track,6
2315,11575,385.833,camera_6,lost_track,14
2315,11575,385.833,camera_7,new_track,8
2316,11580,386.0,camera_2,lost_track,55
2317,11585,386.167,camera_4,removed,7
2317,11585,386.167,camera_5,lost_track,30
2318,11590,386.333,camera_5,removed,24
2320,11600,386.667,camera_5,removed,18
2321,11605,386.833,camera_4,new_track,10
2321,11605,386.833,camera_6,removed,13
2322,11610,387.0,camera_6,removed,11
2323,11615,387.167,camera_5,removed,26
2324,11620,387.333,camera_2,reacquired,55
2324,11620,387.333,camera_4,lost_track,10
2324,11620,387.333,camera_5,lost_track,29
2324,11620,387.333,camera_5,removed,25
2325,11625,387.5,camera_2,lost_track,55
2325,11625,387.5,camera_2,lost_track,60
2325,11625,387.5,camera_5,new_track,31
2325,11625,387.5,camera_5,removed,27
2326,11630,387.667,camera_1,new_track,135
2326,11630,387.667,camera_2,new_track,62
2326,11630,387.667,camera_2,reacquired,55
2326,11630,387.667,camera_2,reacquired,60
2327,11635,387.833,camera_4,lost_track,9
2327,11635,387.833,camera_5,reacquired,29
2328,11640,388.0,camera_1,lost_track,135
2328,11640,388.0,camera_2,lost_track,62
2328,11640,388.0,camera_5,lost_track,29
2329,11645,388.167,camera_5,reacquired,29
2329,11645,388.167,camera_5,reacquired,30
2330,11650,388.333,camera_5,lost_track,30
2331,11655,388.5,camera_2,lost_track,55
2332,11660,388.667,camera_1,removed,134
2332,11660,388.667,camera_2,removed,53
2333,11665,388.833,camera_5,lost_track,29
2335,11675,389.167,camera_2,removed,61
2335,11675,389.167,camera_6,new_track,16
2336,11680,389.333,camera_5,lost_track,23
2336,11680,389.333,camera_7,lost_track,8
2337,11685,389.5,camera_6,new_track,17
2338,11690,389.667,camera_5,removed,28
2340,11700,390.0,camera_3,removed,97
2340,11700,390.0,camera_5,reacquired,30
2341,11705,390.167,camera_6,lost_track,17
2342,11710,390.333,camera_5,lost_track,30
2342,11710,390.333,camera_6,removed,15
2344,11720,390.667,camera_6,new_track,18
2344,11720,390.667,camera_7,removed,6
2345,11725,390.833,camera_5,reacquired,30
2345,11725,390.833,camera_6,removed,14
2349,11745,391.5,camera_2,reacquired,55
2350,11750,391.667,camera_6,lost_track,16
2354,11770,392.333,camera_4,removed,10
2355,11775,392.5,camera_5,lost_track,30
2357,11785,392.833,camera_4,removed,9
2358,11790,393.0,camera_1,removed,135
2358,11790,393.0,camera_2,removed,62
2358,11790,393.0,camera_5,new_track,32
2358,11790,393.0,camera_6,new_track,19
2360,11800,393.333,camera_6,lost_track,19
2360,11800,393.333,camera_7,new_track,9
2362,11810,393.667,camera_6,lost_track,18
2363,11815,393.833,camera_5,removed,29
2364,11820,394.0,camera_5,lost_track,31
2364,11820,394.0,camera_7,lost_track,9
2365,11825,394.167,camera_7,new_track,10
2366,11830,394.333,camera_1,new_track,136
2366,11830,394.333,camera_2,new_track,63
2366,11830,394.333,camera_5,removed,23
2366,11830,394.333,camera_7,removed,8
2368,11840,394.667,camera_1,lost_track,136
2369,11845,394.833,camera_2,lost_track,63
2370,11850,395.0,camera_4,new_track,11
2371,11855,395.167,camera_6,removed,17
2371,11855,395.167,camera_7,lost_track,7
2373,11865,395.5,camera_7,new_track,11
2374,11870,395.667,camera_4,lost_track,11
2374,11870,395.667,camera_5,new_track,33
2375,11875,395.833,camera_7,lost_track,11
2376,11880,396.0,camera_7,reacquired,11
2380,11900,396.667,camera_6,removed,16
2381,11905,396.833,camera_5,new_track,34
2383,11915,397.167,camera_2,lost_track,55
2383,11915,397.167,camera_5,new_track,35
2385,11925,397.5,camera_5,removed,30
2388,11940,398.0,camera_7,lost_track,5
2390,11950,398.333,camera_5,new_track,36
2390,11950,398.333,camera_6,removed,19
2392,11960,398.667,camera_6,removed,18
2393,11965,398.833,camera_7,new_track,12
2394,11970,399.0,camera_4,new_track,12
2394,11970,399.0,camera_5,lost_track,35
2394,11970,399.0,camera_5,removed,31
2394,11970,399.0,camera_7,removed,9
2395,11975,399.167,camera_5,new_track,37
2398,11990,399.667,camera_1,removed,136
2398,11990,399.667,camera_4,lost_track,12
2399,11995,399.833,camera_2,removed,63
2400,12000,400.0,camera_2,new_track,64
2400,12000,400.0,camera_5,lost_track,33
2401,12005,400.167,camera_6,new_track,20
2401,12005,400.167,camera_7,removed,7
2402,12010,400.333,camera_1,new_track,137
2403,12015,400.5,camera_6,new_track,21
2404,12020,400.667,camera_1,lost_track,137
2404,12020,400.667,camera_2,lost_track,64
2404,12020,400.667,camera_4,removed,11
2405,12025,400.833,camera_5,lost_track,36
2406,12030,401.0,camera_7,lost_track,11
2407,12035,401.167,camera_6,new_track,22
2408,12040,401.333,camera_6,lost_track,21
2409,12045,401.5,camera_6,new_track,23
2409,12045,401.5,camera_7,lost_track,10
2411,12055,401.833,camera_1,new_track,138
2411,12055,401.833,camera_2,new_track,65
2411,12055,401.833,camera_5,reacquired,33
2412,12060,402.0,camera_2,reacquired,55
2413,12065,402.167,camera_5,lost_track,32
2413,12065,402.167,camera_7,lost_track,12
2414,12070,402.333,camera_6,new_track,24
2418,12090,403.0,camera_4,new_track,13
2418,12090,403.0,camera_7,removed,5
2420,12100,403.333,camera_3,new_track,98
2420,12100,403.333,camera_5,lost_track,33
2421,12105,403.5,camera_5,lost_track,34
2424,12120,404.0,camera_5,removed,35
2424,12120,404.0,camera_6,lost_track,23
2426,12130,404.333,camera_6,reacquired,23
2426,12130,404.333,camera_6,lost_track,22
2427,12135,404.5,camera_2,lost_track,55
2428,12140,404.667,camera_4,removed,12
2428,12140,404.667,camera_6,lost_track,23
2430,12150,405.0,camera_1,lost_track,138
2431,12155,405.167,camera_2,reacquired,55
2431,12155,405.167,camera_6,lost_track,20
2432,12160,405.333,camera_3,new_track,99
2432,12160,405.333,camera_6,lost_track,24
2433,12165,405.5,camera_1,reacquired,138
2433,12165,405.5,camera_4,lost_track,13
2434,12170,405.667,camera_1,removed,137
2434,12170,405.667,camera_2,removed,64
2435,12175,405.833,camera_5,removed,36
2436,12180,406.0,camera_2,lost_track,55
2436,12180,406.0,camera_5,new_track,38
2436,12180,406.0,camera_7,removed,11
2437,12185,406.167,camera_2,reacquired,55
2438,12190,406.333,camera_2,new_track,66
2438,12190,406.333,camera_6,removed,21
2439,12195,406.5,camera_7,removed,10
2440,12200,406.667,camera_2,lost_track,66
2441,12205,406.833,camera_2,reacquired,66
2441,12205,406.833,camera_4,reacquired,13
2442,12210,407.0,camera_5,new_track,39
2443,12215,407.167,camera_5,removed,32
2443,12215,407.167,camera_7,removed,12
2444,12220,407.333,camera_3,lost_track,99
2444,12220,407.333,camera_5,new_track,40
2449,12245,408.167,camera_1,lost_track,138
2450,12250,408.333,camera_5,removed,33
2451,12255,408.5,camera_2,lost_track,55
2451,12255,408.5,camera_5,removed,34
2452,12260,408.667,camera_2,reacquired,55
2452,12260,408.667,camera_2,lost_track,65
2453,12265,408.833,camera_1,new_track,139
2453,12265,408.833,camera_2,new_track,67
2455,12275,409.167,camera_5,new_track,41
2456,12280,409.333,camera_4,new_track,14
2456,12280,409.333,camera_6,removed,22
2457,12285,409.5,camera_1,lost_track,139
2457,12285,409.5,camera_3,lost_track,98
2457,12285,409.5,camera_5,lost_track,38
2458,12290,409.667,camera_5,reacquired,38
2458,12290,409.667,camera_6,removed,23
2459,12295,409.833,camera_2,new_track,68
2459,12295,409.833,camera_2,lost_track,67
2459,12295,409.833,camera_4,lost_track,13
2460,12300,410.0,camera_4,reacquired,13
2461,12305,410.167,camera_5,lost_track,39
2461,12305,410.167,camera_6,removed,20
2462,12310,410.333,camera_5,new_track,42
2462,12310,410.333,camera_5,reacquired,39
2462,12310,410.333,camera_6,removed,24
2463,12315,410.5,camera_1,new_track,140
2463,12315,410.5,camera_5,lost_track,41
2464,12320,410.667,camera_5,lost_track,37
2464,12320,410.667,camera_5,lost_track,38
2466,12330,411.0,camera_2,new_track,69
2467,12335,411.167,camera_5,lost_track,42
2468,12340,411.333,camera_5,lost_track,39
2471,12355,411.833,camera_1,new_track,141
2471,12355,411.833,camera_2,new_track,70
2471,12355,411.833,camera_3,new_track,100
2472,12360,412.0,camera_5,reacquired,39
2473,12365,412.167,camera_5,lost_track,39
2474,12370,412.333,camera_1,new_track,142
2474,12370,412.333,camera_3,removed,99
2477,12385,412.833,camera_3,new_track,101
2477,12385,412.833,camera_5,lost_track,40
2478,12390,413.0,camera_1,new_track,143
2478,12390,413.0,camera_4,lost_track,13
2479,12395,413.167,camera_1,removed,138
2480,12400,413.333,camera_2,lost_track,60
2480,12400,413.333,camera_3,new_track,102
2482,12410,413.667,camera_1,lost_track,143
2482,12410,413.667,camera_2,removed,65
2482,12410,413.667,camera_3,new_track,103
2484,12420,414.0,camera_2,new_track,71
2484,12420,414.0,camera_2,reacquired,60
2487,12435,414.5,camera_1,removed,139
2487,12435,414.5,camera_2,lost_track,69
2487,12435,414.5,camera_3,new_track,104
2487,12435,414.5,camera_3,lost_track,102
2487,12435,414.5,camera_3,removed,98
2489,12445,414.833,camera_2,removed,67
2489,12445,414.833,camera_3,lost_track,101
2490,12450,415.0,camera_2,lost_track,66
2490,12450,415.0,camera_3,reacquired,102
2492,12460,415.333,camera_2,reacquired,66
2492,12460,415.333,camera_2,lost_track,68
2492,12460,415.333,camera_4,reacquired,13
2493,12465,415.5,camera_2,reacquired,68
2493,12465,415.5,camera_2,lost_track,71
2493,12465,415.5,camera_4,lost_track,13
2493,12465,415.5,camera_5,removed,41
2494,12470,415.667,camera_5,removed,37
2494,12470,415.667,camera_5,removed,38
2495,12475,415.833,camera_4,new_track,15
2496,12480,416.0,camera_1,new_track,144
2496,12480,416.0,camera_2,new_track,72
2496,12480,416.0,camera_3,lost_track,103
2497,12485,416.167,camera_5,removed,42
2498,12490,416.333,camera_2,lost_track,68
2499,12495,416.5,camera_1,lost_track,144
2499,12495,416.5,camera_2,lost_track,66
2501,12505,416.833,camera_2,reacquired,66
2502,12510,417.0,camera_1,new_track,145
2503,12515,417.167,camera_5,removed,39
2504,12520,417.333,camera_1,lost_track,141
2504,12520,417.333,camera_2,lost_track,55
2505,12525,417.5,camera_1,lost_track,145
2505,12525,417.5,camera_2,reacquired,55
2505,12525,417.5,camera_4,lost_track,14
2507,12535,417.833,camera_2,lost_track,55
2507,12535,417.833,camera_2,lost_track,70
2507,12535,417.833,camera_5,removed,40
2508,12540,418.0,camera_3,new_track,105
2509,12545,418.167,camera_2,reacquired,55
2509,12545,418.167,camera_3,lost_track,105
2510,12550,418.333,camera_2,lost_track,66
2511,12555,418.5,camera_2,reacquired,66
2512,12560,418.667,camera_1,removed,143
2512,12560,418.667,camera_2,lost_track,66
2512,12560,418.667,camera_4,reacquired,13
2513,12565,418.833,camera_2,new_track,73
2513,12565,418.833,camera_4,lost_track,15
2514,12570,419.0,camera_1,lost_track,140
2515,12575,419.167,camera_2,lost_track,72
2516,12580,419.333,camera_2,new_track,74
2516,12580,419.333,camera_3,lost_track,100
2517,12585,419.5,camera_2,removed,69
2519,12595,419.833,camera_2,lost_track,74
2519,12595,419.833,camera_3,removed,101
2522,12610,420.333,camera_3,lost_track,104
2522,12610,420.333,camera_4,new_track,16
2523,12615,420.5,camera_2,removed,71
2523,12615,420.5,camera_4,new_track,17
2523,12615,420.5,camera_4,lost_track,16
2524,12620,420.667,camera_3,lost_track,102
2524,12620,420.667,camera_4,new_track,18
2525,12625,420.833,camera_3,new_track,106
2526,12630,421.0,camera_3,removed,103
2527,12635,421.167,camera_3,lost_track,106
2528,12640,421.333,camera_2,removed,68
2529,12645,421.5,camera_1,removed,144
2530,12650,421.667,camera_2,lost_track,55
2531,12655,421.833,camera_4,lost_track,18
2533,12665,422.167,camera_4,new_track,19
2533,12665,422.167,camera_5,new_track,43
2534,12670,422.333,camera_1,lost_track,142
2534,12670,422.333,camera_1,removed,141
2534,12670,422.333,camera_2,lost_track,60
2534,12670,422.333,camera_2,lost_track,73
2535,12675,422.5,camera_1,removed,145
2535,12675,422.5,camera_2,reacquired,55
2535,12675,422.5,camera_4,removed,14
2537,12685,422.833,camera_2,removed,70
2539,12695,423.167,camera_3,removed,105
2542,12710,423.667,camera_2,removed,66
2543,12715,423.833,camera_4,lost_track,19
2543,12715,423.833,camera_4,removed,15
2543,12715,423.833,camera_5,lost_track,43
2544,12720,424.0,camera_1,removed,140
2545,12725,424.167,camera_2,removed,72
2546,12730,424.333,camera_3,removed,100
2549,12745,424.833,camera_2,removed,74
2550,12750,425.0,camera_2,lost_track,55
2551,12755,425.167,camera_4,lost_track,13
2551,12755,425.167,camera_6,new_track,25
2552,12760,425.333,camera_2,reacquired,55
2552,12760,425.333,camera_3,new_track,107
2552,12760,425.333,camera_3,removed,104
2553,12765,425.5,camera_4,removed,16
2554,12770,425.667,camera_2,new_track,75
2554,12770,425.667,camera_3,removed,102
2557,12785,426.167,camera_3,removed,106
2558,12790,426.333,camera_1,new_track,146
2561,12805,426.833,camera_4,removed,18
2562,12810,427.0,camera_6,new_track,26
2564,12820,427.333,camera_1,removed,142
2564,12820,427.333,camera_2,removed,60
2564,12820,427.333,camera_2,removed,73
2565,12825,427.5,camera_4,reacquired,19
2566,12830,427.667,camera_4,new_track,20
2566,12830,427.667,camera_6,lost_track,26
2566,12830,427.667,camera_7,new_track,13
2567,12835,427.833,camera_2,new_track,76
2567,12835,427.833,camera_3,lost_track,107
2567,12835,427.833,camera_6,lost_track,25
2567,12835,427.833,camera_7,lost_track,13
2568,12840,428.0,camera_7,new_track,14
2569,12845,428.167,camera_4,lost_track,19
2570,12850,428.333,camera_1,new_track,147
2571,12855,428.5,camera_1,lost_track,147
2573,12865,428.833,camera_5,removed,43
2580,12900,430.0,camera_5,new_track,44
2581,12905,430.167,camera_4,removed,13
2583,12915,430.5,camera_5,new_track,45
2584,12920,430.667,camera_4,reacquired,19
2585,12925,430.833,camera_4,lost_track,17
2585,12925,430.833,camera_5,new_track,46
2586,12930,431.0,camera_1,lost_track,146
2588,12940,431.333,camera_2,lost_track,55
2589,12945,431.5,camera_2,lost_track,75
2590,12950,431.667,camera_4,reacquired,17
2590,12950,431.667,camera_4,lost_track,19
2590,12950,431.667,camera_7,lost_track,14
2591,12955,431.833,camera_4,new_track,21
2591,12955,431.833,camera_4,lost_track,17
2592,12960,432.0,camera_2,lost_track,76
2592,12960,432.0,camera_5,new_track,47
2594,12970,432.333,camera_7,new_track,15
2596,12980,432.667,camera_4,lost_track,20
2596,12980,432.667,camera_6,removed,26
2597,12985,432.833,camera_3,removed,107
2597,12985,432.833,camera_6,removed,25
2597,12985,432.833,camera_7,removed,13
2598,12990,433.0,camera_4,new_track,22
2599,12995,433.167,camera_5,lost_track,45
2600,13000,433.333,camera_5,new_track,48
2601,13005,433.5,camera_1,removed,147
2601,13005,433.5,camera_4,lost_track,22
2601,13005,433.5,camera_5,new_track,49
2602,13010,433.667,camera_5,new_track,50
2603,13015,433.833,camera_2,reacquired,55
2603,13015,433.833,camera_5,lost_track,46
2604,13020,434.0,camera_5,lost_track,47
2605,13025,434.167,camera_2,new_track,77
2605,13025,434.167,camera_4,lost_track,21
2606,13030,434.333,camera_5,lost_track,49
2609,13045,434.833,camera_5,lost_track,50
2615,13075,435.833,camera_6,new_track,27
2616,13080,436.0,camera_1,removed,146
2616,13080,436.0,camera_2,lost_track,77
2616,13080,436.0,camera_6,new_track,28
2617,13085,436.167,camera_7,lost_track,15
2619,13095,436.5,camera_2,removed,75
2620,13100,436.667,camera_4,removed,19
2620,13100,436.667,camera_7,removed,14
2621,13105,436.833,camera_2,reacquired,77
2621,13105,436.833,camera_4,removed,17
2622,13110,437.0,camera_2,removed,76
2622,13110,437.0,camera_6,lost_track,28
2623,13115,437.167,camera_5,new_track,51
2626,13130,437.667,camera_4,removed,20
2627,13135,437.833,camera_2,lost_track,77
2627,13135,437.833,camera_5,lost_track,51
2629,13145,438.167,camera_5,removed,45
2630,13150,438.333,camera_2,reacquired,77
2631,13155,438.5,camera_4,removed,22
2632,13160,438.667,camera_5,new_track,52
2632,13160,438.667,camera_6,lost_track,27
2633,13165,438.833,camera_5,removed,46
2634,13170,439.0,camera_5,new_track,53
2634,13170,439.0,camera_5,removed,47
2635,13175,439.167,camera_4,removed,21
2636,13180,439.333,camera_5,removed,49
2638,13190,439.667,camera_5,lost_track,53
2639,13195,439.833,camera_2,lost_track,77
2639,13195,439.833,camera_5,removed,50
2640,13200,440.0,camera_5,new_track,54
2640,13200,440.0,camera_5,new_track,55
2642,13210,440.333,camera_5,lost_track,52
2645,13225,440.833,camera_2,new_track,78
2645,13225,440.833,camera_5,lost_track,44
2646,13230,441.0,camera_5,reacquired,44
2647,13235,441.167,camera_2,reacquired,77
2647,13235,441.167,camera_7,removed,15
2649,13245,441.5,camera_1,new_track,148
2649,13245,441.5,camera_5,lost_track,44
2650,13250,441.667,camera_2,new_track,79
2651,13255,441.833,camera_5,lost_track,55
2652,13260,442.0,camera_6,removed,28
2655,13275,442.5,camera_5,new_track,56
2657,13285,442.833,camera_2,lost_track,78
2657,13285,442.833,camera_5,removed,51
2658,13290,443.0,camera_1,lost_track,148
2658,13290,443.0,camera_2,lost_track,77
2658,13290,443.0,camera_2,lost_track,79
2659,13295,443.167,camera_2,reacquired,77
2660,13300,443.333,camera_4,new_track,23
2662,13310,443.667,camera_4,lost_track,23
2662,13310,443.667,camera_5,lost_track,48
2662,13310,443.667,camera_6,removed,27
2663,13315,443.833,camera_2,lost_track,77
2663,13315,443.833,camera_5,reacquired,48
2666,13330,444.333,camera_5,new_track,57
2667,13335,444.5,camera_5,new_track,58
2668,13340,444.667,camera_2,reacquired,78
2668,13340,444.667,camera_5,lost_track,48
2668,13340,444.667,camera_5,lost_track,57
2668,13340,444.667,camera_5,removed,53
2669,13345,444.833,camera_2,reacquired,77
2670,13350,445.0,camera_5,reacquired,48
2671,13355,445.167,camera_2,lost_track,77
2671,13355,445.167,camera_5,lost_track,58
2672,13360,445.333,camera_2,lost_track,55
2672,13360,445.333,camera_5,removed,52
2673,13365,445.5,camera_5,lost_track,48
2675,13375,445.833,camera_5,lost_track,56
2679,13395,446.5,camera_5,removed,44
2681,13405,446.833,camera_5,removed,55
2682,13410,447.0,camera_2,reacquired,55
2683,13415,447.167,camera_5,new_track,59
2684,13420,447.333,camera_5,new_track,60
2688,13440,448.0,camera_1,removed,148
2688,13440,448.0,camera_2,removed,79
2688,13440,448.0,camera_5,new_track,61
2688,13440,448.0,camera_5,new_track,62
2688,13440,448.0,camera_5,new_track,63
2690,13450,448.333,camera_5,lost_track,60
2692,13460,448.667,camera_4,removed,23
2693,13465,448.833,camera_5,lost_track,59
2698,13490,449.667,camera_5,lost_track,63
2698,13490,449.667,camera_5,removed,57
2700,13500,450.0,camera_5,lost_track,54
2701,13505,450.167,camera_2,removed,77
2701,13505,450.167,camera_5,lost_track,61
2701,13505,450.167,camera_5,removed,58
2702,13510,450.333,camera_5,reacquired,61
2703,13515,450.5,camera_5,reacquired,54
2703,13515,450.5,camera_5,lost_track,62
2703,13515,450.5,camera_5,removed,48
2704,13520,450.667,camera_5,new_track,64
2705,13525,450.833,camera_5,lost_track,61
2705,13525,450.833,camera_5,removed,56
2706,13530,451.0,camera_5,reacquired,61
2706,13530,451.0,camera_5,lost_track,54
2709,13545,451.5,camera_5,reacquired,62
2709,13545,451.5,camera_5,lost_track,64
2710,13550,451.667,camera_5,reacquired,64
2712,13560,452.0,camera_5,reacquired,63
2713,13565,452.167,camera_5,new_track,65
2714,13570,452.333,camera_5,new_track,66
2715,13575,452.5,camera_5,lost_track,64
2715,13575,452.5,camera_5,lost_track,66
2716,13580,452.667,camera_5,reacquired,54
2716,13580,452.667,camera_5,reacquired,64
2716,13580,452.667,camera_5,lost_track,62
2717,13585,452.833,camera_5,reacquired,62
2717,13585,452.833,camera_5,lost_track,64
2717,13585,452.833,camera_5,lost_track,65
2718,13590,453.0,camera_5,reacquired,64
2718,13590,453.0,camera_5,lost_track,62
2719,13595,453.167,camera_5,new_track,67
2720,13600,453.333,camera_5,removed,60
2723,13615,453.833,camera_5,lost_track,63
2723,13615,453.833,camera_5,removed,59
2726,13630,454.333,camera_5,reacquired,65
2726,13630,454.333,camera_5,lost_track,67
2727,13635,454.5,camera_5,reacquired,67
2728,13640,454.667,camera_2,new_track,80
2729,13645,454.833,camera_4,new_track,24
2729,13645,454.833,camera_5,lost_track,67
2730,13650,455.0,camera_5,new_track,68
2731,13655,455.167,camera_4,lost_track,24
2731,13655,455.167,camera_5,reacquired,63
2733,13665,455.5,camera_2,new_track,81
2734,13670,455.667,camera_1,new_track,149
2734,13670,455.667,camera_5,lost_track,68
2735,13675,455.833,camera_5,lost_track,63
2736,13680,456.0,camera_1,lost_track,149
2736,13680,456.0,camera_2,lost_track,81
2738,13690,456.333,camera_5,new_track,69
2738,13690,456.333,camera_5,reacquired,63
2740,13700,456.667,camera_4,new_track,25
2742,13710,457.0,camera_5,lost_track,61
2742,13710,457.0,camera_5,lost_track,63
2742,13710,457.0,camera_5,lost_track,64
2744,13720,457.333,camera_5,reacquired,64
2745,13725,457.5,camera_5,removed,66
2746,13730,457.667,camera_5,lost_track,54
2747,13735,457.833,camera_2,lost_track,80
2748,13740,458.0,camera_5,removed,62
2749,13745,458.167,camera_2,reacquired,80
2750,13750,458.333,camera_4,new_track,26
2751,13755,458.5,camera_6,new_track,29
2752,13760,458.667,camera_2,new_track,82
2752,13760,458.667,camera_4,lost_track,26
2755,13775,459.167,camera_2,lost_track,80
2755,13775,459.167,camera_3,new_track,108
2756,13780,459.333,camera_1,new_track,150
2756,13780,459.333,camera_2,reacquired,80
2757,13785,459.5,camera_1,lost_track,150
2757,13785,459.5,camera_2,lost_track,80
2757,13785,459.5,camera_2,lost_track,82
2757,13785,459.5,camera_4,lost_track,25
2758,13790,459.667,camera_5,lost_track,65
2759,13795,459.833,camera_5,removed,67
2760,13800,460.0,camera_2,new_track,83
2761,13805,460.167,camera_2,reacquired,80
2761,13805,460.167,camera_4,removed,24
2763,13815,460.5,camera_1,reacquired,150
2763,13815,460.5,camera_5,lost_track,64
2763,13815,460.5,camera_5,lost_track,69
2763,13815,460.5,camera_6,new_track,30
2764,13820,460.667,camera_5,removed,68
2764,13820,460.667,camera_6,lost_track,30
2765,13825,460.833,camera_6,lost_track,29
2766,13830,461.0,camera_1,removed,149
2766,13830,461.0,camera_2,removed,81
2766,13830,461.0,camera_7,new_track,16
2768,13840,461.333,camera_2,lost_track,78
2772,13860,462.0,camera_5,removed,61
2772,13860,462.0,camera_5,removed,63
2772,13860,462.0,camera_6,new_track,31
2773,13865,462.167,camera_2,lost_track,80
2773,13865,462.167,camera_6,new_track,32
2774,13870,462.333,camera_2,lost_track,55
2776,13880,462.667,camera_5,removed,54
2780,13900,463.333,camera_6,new_track,33
2782,13910,463.667,camera_4,removed,26
2786,13930,464.333,camera_6,reacquired,30
2787,13935,464.5,camera_2,removed,82
2787,13935,464.5,camera_4,removed,25
2787,13935,464.5,camera_6,lost_track,30
2787,13935,464.5,camera_7,new_track,17
2788,13940,464.667,camera_5,removed,65
2789,13945,464.833,camera_6,lost_track,32
2790,13950,465.0,camera_6,reacquired,30
2790,13950,465.0,camera_6,lost_track,33
2790,13950,465.0,camera_7,new_track,18
2790,13950,465.0,camera_7,lost_track,16
2791,13955,465.167,camera_6,lost_track,30
2792,13960,465.333,camera_3,lost_track,108
2793,13965,465.5,camera_5,removed,64
2793,13965,465.5,camera_5,removed,69
2793,13965,465.5,camera_6,lost_track,31
2793,13965,465.5,camera_7,new_track,19
2795,13975,465.833,camera_6,removed,29
2796,13980,466.0,camera_5,new_track,70
2797,13985,466.167,camera_1,lost_track,150
2797,13985,466.167,camera_2,lost_track,83
2798,13990,466.333,camera_2,removed,78
2800,14000,466.667,camera_7,lost_track,17
2803,14015,467.167,camera_2,removed,80
2804,14020,467.333,camera_2,removed,55
2805,14025,467.5,camera_5,lost_track,70
2807,14035,467.833,camera_7,new_track,20
2808,14040,468.0,camera_7,lost_track,20
2810,14050,468.333,camera_7,lost_track,19
2812,14060,468.667,camera_7,new_track,21
2813,14065,468.833,camera_6,new_track,34
2813,14065,468.833,camera_7,lost_track,18
2813,14065,468.833,camera_7,lost_track,21
2819,14095,469.833,camera_6,removed,32
2820,14100,470.0,camera_6,removed,33
2820,14100,470.0,camera_7,removed,16
2821,14105,470.167,camera_6,removed,30
2822,14110,470.333,camera_3,removed,108
2822,14110,470.333,camera_6,new_track,35
2823,14115,470.5,camera_6,lost_track,35
2823,14115,470.5,camera_6,removed,31
2825,14125,470.833,camera_6,lost_track,34
2825,14125,470.833,camera_7,new_track,22
2827,14135,471.167,camera_1,removed,150
2827,14135,471.167,camera_2,removed,83
2830,14150,471.667,camera_7,removed,17
2835,14175,472.5,camera_5,removed,70
2836,14180,472.667,camera_7,lost_track,22
2837,14185,472.833,camera_7,new_track,23
2838,14190,473.0,camera_7,removed,20
2839,14195,473.167,camera_7,new_track,24
2840,14200,473.333,camera_7,removed,19
2842,14210,473.667,camera_7,lost_track,24
2843,14215,473.833,camera_7,removed,18
2843,14215,473.833,camera_7,removed,21
2853,14265,475.5,camera_6,removed,35
2855,14275,475.833,camera_6,removed,34
2866,14330,477.667,camera_7,removed,22
2867,14335,477.833,camera_7,new_track,25
2872,14360,478.667,camera_7,removed,24
2881,14405,480.167,camera_7,lost_track,23
2882,14410,480.333,camera_7,new_track,26
2882,14410,480.333,camera_7,reacquired,23
2884,14420,480.667,camera_7,lost_track,26
2885,14425,480.833,camera_7,new_track,27
2887,14435,481.167,camera_7,new_track,28
2888,14440,481.333,camera_7,new_track,29
2889,14445,481.5,camera_2,new_track,84
2889,14445,481.5,camera_7,lost_track,28
2897,14485,482.833,camera_6,new_track,36
2898,14490,483.0,camera_6,new_track,37
2898,14490,483.0,camera_7,lost_track,27
2899,14495,483.167,camera_2,lost_track,84
2902,14510,483.667,camera_7,lost_track,29
2903,14515,483.833,camera_6,lost_track,37
2903,14515,483.833,camera_7,new_track,30
2910,14550,485.0,camera_7,reacquired,26
2910,14550,485.0,camera_7,lost_track,30
2913,14565,485.5,camera_7,lost_track,23
2914,14570,485.667,camera_6,new_track,38
2914,14570,485.667,camera_7,lost_track,26
2915,14575,485.833,camera_2,new_track,85
2915,14575,485.833,camera_6,new_track,39
2917,14585,486.167,camera_6,lost_track,36
2917,14585,486.167,camera_6,lost_track,39
2917,14585,486.167,camera_7,reacquired,29
2919,14595,486.5,camera_2,lost_track,85
2919,14595,486.5,camera_7,removed,28
2923,14615,487.167,camera_2,new_track,86
2924,14620,487.333,camera_7,lost_track,29
2925,14625,487.5,camera_5,new_track,71
2925,14625,487.5,camera_7,reacquired,29
2927,14635,487.833,camera_6,lost_track,38
2928,14640,488.0,camera_7,removed,27
2929,14645,488.167,camera_2,removed,84
2933,14665,488.833,camera_6,removed,37
2935,14675,489.167,camera_1,new_track,151
2935,14675,489.167,camera_2,new_track,87
2935,14675,489.167,camera_5,new_track,72
2937,14685,489.5,camera_1,lost_track,151
2939,14695,489.833,camera_2,lost_track,87
2940,14700,490.0,camera_7,removed,30
2941,14705,490.167,camera_4,new_track,27
2943,14715,490.5,camera_1,new_track,152
2943,14715,490.5,camera_2,new_track,88
2943,14715,490.5,camera_7,removed,23
2944,14720,490.667,camera_5,lost_track,72
2944,14720,490.667,camera_7,lost_track,25
2944,14720,490.667,camera_7,removed,26
2945,14725,490.833,camera_5,new_track,73
2945,14725,490.833,camera_7,new_track,31
2946,14730,491.0,camera_4,lost_track,27
2947,14735,491.167,camera_6,removed,36
2947,14735,491.167,camera_6,removed,39
2949,14745,491.5,camera_2,removed,85
2951,14755,491.833,camera_3,new_track,109
2954,14770,492.333,camera_1,lost_track,152
2955,14775,492.5,camera_4,new_track,28
2957,14785,492.833,camera_6,removed,38
2959,14795,493.167,camera_2,lost_track,88
2959,14795,493.167,camera_5,lost_track,71
2959,14795,493.167,camera_5,lost_track,73
2962,14810,493.667,camera_4,new_track,29
2963,14815,493.833,camera_3,lost_track,109
2964,14820,494.0,camera_2,lost_track,86
2964,14820,494.0,camera_7,lost_track,29
2966,14830,494.333,camera_6,new_track,40
2967,14835,494.5,camera_1,removed,151
2967,14835,494.5,camera_6,new_track,41
2968,14840,494.667,camera_3,new_track,110
2969,14845,494.833,camera_2,removed,87
2969,14845,494.833,camera_4,lost_track,28
2969,14845,494.833,camera_6,lost_track,41
2972,14860,495.333,camera_2,reacquired,86
2973,14865,495.5,camera_2,new_track,89
2974,14870,495.667,camera_1,new_track,153
2974,14870,495.667,camera_2,lost_track,86
2974,14870,495.667,camera_5,removed,72
2974,14870,495.667,camera_7,removed,25
2976,14880,496.0,camera_4,removed,27
2978,14890,496.333,camera_6,lost_track,40
2979,14895,496.5,camera_2,reacquired,86
2979,14895,496.5,camera_3,new_track,111
2979,14895,496.5,camera_4,lost_track,29
2980,14900,496.667,camera_4,new_track,30
2981,14905,496.833,camera_2,lost_track,89
2983,14915,497.167,camera_4,lost_track,30
2984,14920,497.333,camera_1,removed,152
2985,14925,497.5,camera_5,new_track,74
2986,14930,497.667,camera_2,new_track,90
2987,14935,497.833,camera_2,new_track,91
2989,14945,498.167,camera_1,new_track,154
2989,14945,498.167,camera_2,removed,88
2989,14945,498.167,camera_5,removed,71
2989,14945,498.167,camera_5,removed,73
2990,14950,498.333,camera_3,lost_track,110
2992,14960,498.667,camera_1,new_track,155
2992,14960,498.667,camera_2,new_track,92
2993,14965,498.833,camera_1,lost_track,155
2993,14965,498.833,camera_3,removed,109
2993,14965,498.833,camera_5,lost_track,74
2994,14970,499.0,camera_7,removed,29
2995,14975,499.167,camera_1,new_track,156
2996,14980,499.333,camera_1,lost_track,154
2998,14990,499.667,camera_1,lost_track,153
2999,14995,499.833,camera_3,new_track,112
2999,14995,499.833,camera_4,removed,28
2999,14995,499.833,camera_6,removed,41
3006,15030,501.0,camera_2,lost_track,86
3008,15040,501.333,camera_2,reacquired,86
3008,15040,501.333,camera_6,removed,40
3009,15045,501.5,camera_2,new_track,93
3009,15045,501.5,camera_2,lost_track,91
3009,15045,501.5,camera_4,removed,29
3010,15050,501.667,camera_2,reacquired,91
3011,15055,501.833,camera_2,lost_track,86
3011,15055,501.833,camera_2,lost_track,93
3011,15055,501.833,camera_2,removed,89
3013,15065,502.167,camera_2,reacquired,93
3013,15065,502.167,camera_4,removed,30
3014,15070,502.333,camera_2,lost_track,93
3016,15080,502.667,camera_1,new_track,157
3018,15090,503.0,camera_7,lost_track,31
3020,15100,503.333,camera_3,lost_track,111
3020,15100,503.333,camera_3,removed,110
3020,15100,503.333,camera_6,new_track,42
3021,15105,503.5,camera_3,new_track,113
3022,15110,503.667,camera_2,new_track,94
3022,15110,503.667,camera_6,new_track,43
3023,15115,503.833,camera_1,removed,155
3023,15115,503.833,camera_2,lost_track,92
3023,15115,503.833,camera_5,removed,74
3024,15120,504.0,camera_2,lost_track,91
3024,15120,504.0,camera_3,new_track,114
3025,15125,504.167,camera_2,new_track,95
3025,15125,504.167,camera_6,lost_track,43
3026,15130,504.333,camera_1,new_track,158
3026,15130,504.333,camera_1,removed,154
3027,15135,504.5,camera_2,lost_track,94
3028,15140,504.667,camera_1,lost_track,156
3028,15140,504.667,camera_1,removed,153
3028,15140,504.667,camera_2,reacquired,91
3029,15145,504.833,camera_1,reacquired,156
3029,15145,504.833,camera_2,reacquired,92
3030,15150,505.0,camera_1,lost_track,156
3030,15150,505.0,camera_3,lost_track,113
3032,15160,505.333,camera_1,new_track,159
3032,15160,505.333,camera_1,lost_track,158
3032,15160,505.333,camera_2,lost_track,95
3034,15170,505.667,camera_1,new_track,160
3034,15170,505.667,camera_6,lost_track,42
3035,15175,505.833,camera_3,new_track,115
3035,15175,505.833,camera_3,lost_track,112
3037,15185,506.167,camera_2,lost_track,91
3037,15185,506.167,camera_5,new_track,75
3038,15190,506.333,camera_1,lost_track,160
3038,15190,506.333,camera_2,reacquired,91
3038,15190,506.333,camera_2,lost_track,90
3039,15195,506.5,camera_1,lost_track,157
3041,15205,506.833,camera_2,new_track,96
3041,15205,506.833,camera_2,removed,86
3041,15205,506.833,camera_5,new_track,76
3044,15220,507.333,camera_2,removed,93
3046,15230,507.667,camera_2,lost_track,96
3047,15235,507.833,camera_5,lost_track,75
3048,15240,508.0,camera_7,removed,31
3050,15250,508.333,camera_3,removed,111
3051,15255,508.5,camera_2,new_track,97
3052,15260,508.667,camera_2,new_track,98
3052,15260,508.667,camera_3,new_track,116
3053,15265,508.833,camera_1,new_track,161
3055,15275,509.167,camera_6,new_track,44
3055,15275,509.167,camera_6,removed,43
3056,15280,509.333,camera_3,lost_track,116
3057,15285,509.5,camera_2,removed,94
3058,15290,509.667,camera_2,lost_track,97
3059,15295,509.833,camera_2,new_track,99
3060,15300,510.0,camera_1,lost_track,161
3060,15300,510.0,camera_1,removed,156
3060,15300,510.0,camera_2,lost_track,99
3060,15300,510.0,camera_3,removed,113
3061,15305,510.167,camera_2,lost_track,98
3062,15310,510.333,camera_1,removed,158
3062,15310,510.333,camera_2,reacquired,98
3062,15310,510.333,camera_2,removed,95
3064,15320,510.667,camera_6,removed,42
3065,15325,510.833,camera_3,removed,112
3065,15325,510.833,camera_6,new_track,45
3067,15335,511.167,camera_6,lost_track,45
3068,15340,511.333,camera_1,removed,160
3068,15340,511.333,camera_2,removed,90
3068,15340,511.333,camera_6,lost_track,44
3068,15340,511.333,camera_7,new_track,32
3069,15345,511.5,camera_1,removed,157
3070,15350,511.667,camera_5,lost_track,76
3073,15365,512.167,camera_3,lost_track,114
3074,15370,512.333,camera_2,new_track,100
3074,15370,512.333,camera_3,reacquired,114
3076,15380,512.667,camera_2,removed,96
3077,15385,512.833,camera_5,removed,75
3078,15390,513.0,camera_6,new_track,46
3080,15400,513.333,camera_5,new_track,77
3086,15430,514.333,camera_3,removed,116
3088,15440,514.667,camera_2,removed,97
3089,15445,514.833,camera_1,lost_track,159
3089,15445,514.833,camera_2,lost_track,92
3090,15450,515.0,camera_1,removed,161
3090,15450,515.0,camera_2,removed,99
3090,15450,515.0,camera_6,new_track,47
3092,15460,515.333,camera_5,new_track,78
3094,15470,515.667,camera_7,new_track,33
3097,15485,516.167,camera_6,removed,45
3098,15490,516.333,camera_6,removed,44
3099,15495,516.5,camera_3,new_track,117
3100,15500,516.667,camera_5,removed,76
3100,15500,516.667,camera_7,lost_track,33
3101,15505,516.833,camera_3,lost_track,117
3107,15535,517.833,camera_5,new_track,79
3109,15545,518.167,camera_5,lost_track,78
3109,15545,518.167,camera_6,lost_track,47
3114,15570,519.0,camera_5,new_track,80
3115,15575,519.167,camera_6,lost_track,46
3117,15585,519.5,camera_3,lost_track,115
3118,15590,519.667,camera_5,lost_track,80
3119,15595,519.833,camera_1,removed,159
3119,15595,519.833,camera_2,removed,92
3119,15595,519.833,camera_3,reacquired,115
3120,15600,520.0,camera_7,lost_track,32
3121,15605,520.167,camera_1,new_track,162
3121,15605,520.167,camera_2,new_track,101
3122,15610,520.333,camera_3,new_track,118
3122,15610,520.333,camera_3,lost_track,115
3122,15610,520.333,camera_6,new_track,48
3123,15615,520.5,camera_3,lost_track,118
3124,15620,520.667,camera_3,reacquired,115
3124,15620,520.667,camera_3,reacquired,117
3124,15620,520.667,camera_5,new_track,81
3124,15620,520.667,camera_6,new_track,49
3125,15625,520.833,camera_4,new_track,31
3125,15625,520.833,camera_5,lost_track,79
3127,15635,521.167,camera_3,lost_track,117
3127,15635,521.167,camera_6,lost_track,49
3128,15640,521.333,camera_4,lost_track,31
3130,15650,521.667,camera_7,removed,33
3131,15655,521.833,camera_2,new_track,102
3132,15660,522.0,camera_5,new_track,82
3133,15665,522.167,camera_5,lost_track,82
3135,15675,522.5,camera_2,lost_track,102
3135,15675,522.5,camera_5,reacquired,82
3136,15680,522.667,camera_5,reacquired,78
3136,15680,522.667,camera_5,lost_track,81
3137,15685,522.833,camera_5,reacquired,81
3137,15685,522.833,camera_5,lost_track,78
3137,15685,522.833,camera_5,lost_track,82
3138,15690,523.0,camera_4,new_track,32
3138,15690,523.0,camera_5,new_track,83
3138,15690,523.0,camera_6,lost_track,48
3139,15695,523.167,camera_6,removed,47
3140,15700,523.333,camera_5,lost_track,83
3141,15705,523.5,camera_5,lost_track,77
3141,15705,523.5,camera_5,lost_track,81
3142,15710,523.667,camera_2,lost_track,100
3142,15710,523.667,camera_3,lost_track,115
3143,15715,523.833,camera_2,lost_track,91
3143,15715,523.833,camera_2,lost_track,98
3145,15725,524.167,camera_2,reacquired,98
3145,15725,524.167,camera_2,reacquired,100
3145,15725,524.167,camera_6,removed,46
3146,15730,524.333,camera_5,new_track,84
3148,15740,524.667,camera_2,reacquired,91
3148,15740,524.667,camera_5,removed,80
3149,15745,524.833,camera_2,lost_track,91
3149,15745,524.833,camera_2,lost_track,98
3149,15745,524.833,camera_2,lost_track,100
3149,15745,524.833,camera_6,new_track,50
3150,15750,525.0,camera_2,reacquired,98
3150,15750,525.0,camera_2,reacquired,100
3150,15750,525.0,camera_7,removed,32
3151,15755,525.167,camera_2,reacquired,91
3152,15760,525.333,camera_5,new_track,85
3153,15765,525.5,camera_3,new_track,119
3153,15765,525.5,camera_3,reacquired,117
3153,15765,525.5,camera_3,removed,118
3153,15765,525.5,camera_4,lost_track,32
3155,15775,525.833,camera_5,removed,79
3157,15785,526.167,camera_6,removed,49
3158,15790,526.333,camera_4,removed,31
3159,15795,526.5,camera_6,new_track,51
3161,15805,526.833,camera_4,new_track,33
3162,15810,527.0,camera_4,lost_track,33
3162,15810,527.0,camera_6,lost_track,51
3163,15815,527.167,camera_4,reacquired,33
3164,15820,527.333,camera_2,lost_track,100
3164,15820,527.333,camera_6,lost_track,50
3165,15825,527.5,camera_2,removed,102
3165,15825,527.5,camera_7,new_track,34
3166,15830,527.667,camera_2,lost_track,98
3166,15830,527.667,camera_3,new_track,120
3167,15835,527.833,camera_2,lost_track,91
3167,15835,527.833,camera_5,lost_track,84
3167,15835,527.833,camera_5,removed,78
3167,15835,527.833,camera_5,removed,82
3168,15840,528.0,camera_3,lost_track,117
3168,15840,528.0,camera_5,new_track,86
3168,15840,528.0,camera_5,new_track,87
3168,15840,528.0,camera_6,removed,48
3169,15845,528.167,camera_2,reacquired,98
3169,15845,528.167,camera_5,lost_track,86
3170,15850,528.333,camera_2,lost_track,98
3170,15850,528.333,camera_3,lost_track,119
3170,15850,528.333,camera_3,lost_track,120
3170,15850,528.333,camera_5,lost_track,87
3170,15850,528.333,camera_5,removed,83
3171,15855,528.5,camera_2,reacquired,91
3171,15855,528.5,camera_4,new_track,34
3171,15855,528.5,camera_5,removed,77
3171,15855,528.5,camera_5,removed,81
3172,15860,528.667,camera_2,reacquired,98
3172,15860,528.667,camera_3,removed,115
3177,15885,529.5,camera_5,reacquired,84
3180,15900,530.0,camera_1,lost_track,162
3180,15900,530.0,camera_5,reacquired,87
3181,15905,530.167,camera_2,lost_track,101
3181,15905,530.167,camera_4,lost_track,33
3183,15915,530.5,camera_3,reacquired,117
3183,15915,530.5,camera_4,removed,32
3183,15915,530.5,camera_5,lost_track,87
3184,15920,530.667,camera_2,new_track,103
3185,15925,530.833,camera_1,reacquired,162
3187,15935,531.167,camera_3,lost_track,117
3188,15940,531.333,camera_1,lost_track,162
3188,15940,531.333,camera_2,lost_track,103
3192,15960,532.0,camera_2,lost_track,98
3192,15960,532.0,camera_6,removed,51
3193,15965,532.167,camera_2,reacquired,98
3194,15970,532.333,camera_2,lost_track,98
3194,15970,532.333,camera_2,removed,100
3194,15970,532.333,camera_6,removed,50
3195,15975,532.5,camera_2,reacquired,98
3196,15980,532.667,camera_2,lost_track,98
3196,15980,532.667,camera_5,lost_track,85
3198,15990,533.0,camera_5,lost_track,84
3199,15995,533.167,camera_5,removed,86
3200,16000,533.333,camera_3,removed,119
3200,16000,533.333,camera_3,removed,120
3207,16035,534.5,camera_6,new_track,52
3207,16035,534.5,camera_6,new_track,53
3210,16050,535.0,camera_2,lost_track,91
3211,16055,535.167,camera_2,removed,101
3211,16055,535.167,camera_4,removed,33
3213,16065,535.5,camera_5,removed,87
3214,16070,535.667,camera_7,lost_track,34
3215,16075,535.833,camera_7,new_track,35
3216,16080,536.0,camera_6,new_track,54
3217,16085,536.167,camera_3,removed,117
3218,16090,536.333,camera_1,removed,162
3218,16090,536.333,camera_2,removed,103
3226,16130,537.667,camera_2,reacquired,98
3226,16130,537.667,camera_5,removed,85
3227,16135,537.833,camera_2,lost_track,98
3227,16135,537.833,camera_7,new_track,36
3228,16140,538.0,camera_5,removed,84
3229,16145,538.167,camera_6,lost_track,52
3232,16160,538.667,camera_7,new_track,37
3233,16165,538.833,camera_6,lost_track,54
3234,16170,539.0,camera_2,reacquired,98
3235,16175,539.167,camera_6,lost_track,53
3236,16180,539.333,camera_2,lost_track,98
3238,16190,539.667,camera_7,lost_track,35
3239,16195,539.833,camera_7,reacquired,34
3240,16200,540.0,camera_2,removed,91
3241,16205,540.167,camera_2,reacquired,98
3241,16205,540.167,camera_7,lost_track,34
3243,16215,540.5,camera_3,new_track,121
3244,16220,540.667,camera_7,new_track,38
3245,16225,540.833,camera_7,lost_track,38
3246,16230,541.0,camera_2,new_track,104
3246,16230,541.0,camera_2,lost_track,98
3247,16235,541.167,camera_6,new_track,55
3249,16245,541.5,camera_6,new_track,56
3250,16250,541.667,camera_2,reacquired,98
3252,16260,542.0,camera_6,lost_track,56
3254,16270,542.333,camera_2,lost_track,98
3255,16275,542.5,camera_2,reacquired,98
3259,16295,543.167,camera_6,removed,52
3260,16300,543.333,camera_5,new_track,88
3262,16310,543.667,camera_5,new_track,89
3263,16315,543.833,camera_4,lost_track,34
3263,16315,543.833,camera_6,lost_track,55
3263,16315,543.833,camera_6,removed,54
3264,16320,544.0,camera_5,lost_track,89
3265,16325,544.167,camera_6,removed,53
3266,16330,544.333,camera_2,new_track,105
3267,16335,544.5,camera_1,new_track,163
3267,16335,544.5,camera_2,lost_track,98
3267,16335,544.5,camera_7,lost_track,36
3268,16340,544.667,camera_7,removed,35
3269,16345,544.833,camera_1,lost_track,163
3269,16345,544.833,camera_2,reacquired,98
3269,16345,544.833,camera_2,lost_track,105
3269,16345,544.833,camera_7,reacquired,38
3270,16350,545.0,camera_7,lost_track,38
3271,16355,545.167,camera_5,new_track,90
3271,16355,545.167,camera_6,new_track,57
3271,16355,545.167,camera_7,removed,34
3272,16360,545.333,camera_2,lost_track,98
3272,16360,545.333,camera_6,new_track,58
3273,16365,545.5,camera_7,reacquired,38
3273,16365,545.5,camera_7,lost_track,37
3274,16370,545.667,camera_7,lost_track,38
3275,16375,545.833,camera_6,new_track,59
3275,16375,545.833,camera_6,lost_track,58
3277,16385,546.167,camera_2,reacquired,98
3277,16385,546.167,camera_5,lost_track,88
3277,16385,546.167,camera_6,new_track,60
3279,16395,546.5,camera_3,lost_track,121
3280,16400,546.667,camera_1,new_track,164
3280,16400,546.667,camera_2,lost_track,104
3280,16400,546.667,camera_6,lost_track,60
3281,16405,546.833,camera_2,new_track,106
3281,16405,546.833,camera_5,lost_track,90
3282,16410,547.0,camera_6,lost_track,57
3282,16410,547.0,camera_6,removed,56
3284,16420,547.333,camera_2,reacquired,104
3286,16430,547.667,camera_2,lost_track,104
3286,16430,547.667,camera_6,new_track,61
3288,16440,548.0,camera_3,new_track,122
3288,16440,548.0,camera_5,new_track,91
3289,16445,548.167,camera_6,lost_track,59
3291,16455,548.5,camera_2,reacquired,104
3293,16465,548.833,camera_3,lost_track,114
3293,16465,548.833,camera_4,removed,34
3293,16465,548.833,camera_6,removed,55
3294,16470,549.0,camera_3,reacquired,114
3294,16470,549.0,camera_5,removed,89
3295,16475,549.167,camera_6,new_track,62
3296,16480,549.333,camera_2,new_track,107
3296,16480,549.333,camera_5,lost_track,91
3297,16485,549.5,camera_7,removed,36
3298,16490,549.667,camera_2,lost_track,98
3298,16490,549.667,camera_5,new_track,92
3299,16495,549.833,camera_1,new_track,165
3299,16495,549.833,camera_1,removed,163
3299,16495,549.833,camera_2,lost_track,106
3299,16495,549.833,camera_2,removed,105
3300,16500,550.0,camera_7,new_track,39
3301,16505,550.167,camera_6,lost_track,62
3301,16505,550.167,camera_7,reacquired,38
3301,16505,550.167,camera_7,lost_track,39
3302,16510,550.333,camera_3,new_track,123
3302,16510,550.333,camera_6,lost_track,61
3303,16515,550.5,camera_7,removed,37
3304,16520,550.667,camera_2,reacquired,98
3305,16525,550.833,camera_6,removed,58
3306,16530,551.0,camera_1,lost_track,165
3306,16530,551.0,camera_2,new_track,108
3306,16530,551.0,camera_2,lost_track,98
3307,16535,551.167,camera_5,removed,88
3307,16535,551.167,camera_7,reacquired,39
3307,16535,551.167,camera_7,lost_track,38
3308,16540,551.333,camera_1,new_track,166
3308,16540,551.333,camera_2,reacquired,98
3308,16540,551.333,camera_5,lost_track,92
3308,16540,551.333,camera_6,new_track,63
3308,16540,551.333,camera_7,lost_track,39
3309,16545,551.5,camera_2,lost_track,98
3309,16545,551.5,camera_3,lost_track,122
3309,16545,551.5,camera_3,removed,121
3310,16550,551.667,camera_2,reacquired,98
3310,16550,551.667,camera_6,new_track,64
3310,16550,551.667,camera_6,removed,60
3311,16555,551.833,camera_2,lost_track,98
3311,16555,551.833,camera_5,removed,90
3312,16560,552.0,camera_2,reacquired,98
3312,16560,552.0,camera_6,removed,57
3313,16565,552.167,camera_2,lost_track,98
3313,16565,552.167,camera_6,lost_track,64
3314,16570,552.333,camera_3,lost_track,123
3315,16575,552.5,camera_3,new_track,124
3318,16590,553.0,camera_2,reacquired,98
3319,16595,553.167,camera_1,lost_track,164
3319,16595,553.167,camera_6,removed,59
3322,16610,553.667,camera_6,lost_track,63
3323,16615,553.833,camera_1,new_track,167
3324,16620,554.0,camera_2,lost_track,98
3326,16630,554.333,camera_1,lost_track,166
3326,16630,554.333,camera_3,new_track,125
3326,16630,554.333,camera_5,removed,91
3327,16635,554.5,camera_1,reacquired,166
3327,16635,554.5,camera_2,reacquired,98
3328,16640,554.667,camera_1,new_track,168
3328,16640,554.667,camera_2,lost_track,104
3329,16645,554.833,camera_2,new_track,109
3329,16645,554.833,camera_2,removed,106
3330,16650,555.0,camera_1,lost_track,167
3330,16650,555.0,camera_5,new_track,93
3331,16655,555.167,camera_2,reacquired,104
3331,16655,555.167,camera_6,removed,62
3332,16660,555.333,camera_2,lost_track,107
3332,16660,555.333,camera_2,lost_track,109
3332,16660,555.333,camera_6,removed,61
3334,16670,555.667,camera_2,reacquired,109
3334,16670,555.667,camera_3,lost_track,124
3335,16675,555.833,camera_4,new_track,35
3336,16680,556.0,camera_1,removed,165
3336,16680,556.0,camera_2,lost_track,104
3337,16685,556.167,camera_1,lost_track,166
3337,16685,556.167,camera_2,reacquired,104
3337,16685,556.167,camera_7,removed,38
3338,16690,556.333,camera_1,new_track,169
3338,16690,556.333,camera_2,new_track,110
3338,16690,556.333,camera_2,lost_track,109
3338,16690,556.333,camera_5,removed,92
3338,16690,556.333,camera_7,removed,39
3339,16695,556.5,camera_3,removed,122
3339,16695,556.5,camera_5,lost_track,93
3341,16705,556.833,camera_3,new_track,126
3341,16705,556.833,camera_3,new_track,127
3342,16710,557.0,camera_2,lost_track,98
3342,16710,557.0,camera_2,lost_track,104
3342,16710,557.0,camera_2,lost_track,108
3342,16710,557.0,camera_3,lost_track,127
3343,16715,557.167,camera_6,removed,64
3344,16720,557.333,camera_2,reacquired,104
3344,16720,557.333,camera_3,new_track,128
3344,16720,557.333,camera_3,removed,123
3344,16720,557.333,camera_4,new_track,36
3345,16725,557.5,camera_2,reacquired,98
3345,16725,557.5,camera_3,lost_track,125
3348,16740,558.0,camera_3,reacquired,125
3348,16740,558.0,camera_5,new_track,94
3349,16745,558.167,camera_1,removed,164
3349,16745,558.167,camera_5,new_track,95
3350,16750,558.333,camera_2,new_track,111
3352,16760,558.667,camera_2,lost_track,98
3352,16760,558.667,camera_2,lost_track,110
3352,16760,558.667,camera_3,lost_track,114
3352,16760,558.667,camera_4,lost_track,35
3352,16760,558.667,camera_6,removed,63
3353,16765,558.833,camera_2,reacquired,98
3353,16765,558.833,camera_2,reacquired,110
3353,16765,558.833,camera_3,reacquired,127
3353,16765,558.833,camera_4,lost_track,36
3354,16770,559.0,camera_3,reacquired,114
3355,16775,559.167,camera_2,new_track,112
3355,16775,559.167,camera_3,lost_track,128
3356,16780,559.333,camera_3,reacquired,128
3357,16785,559.5,camera_2,new_track,113
3358,16790,559.667,camera_3,lost_track,127
3360,16800,560.0,camera_1,removed,167
3360,16800,560.0,camera_2,lost_track,98
3361,16805,560.167,camera_1,new_track,170
3361,16805,560.167,camera_3,lost_track,126
3362,16810,560.333,camera_2,reacquired,98
3362,16810,560.333,camera_2,removed,107
3362,16810,560.333,camera_3,reacquired,126
3363,16815,560.5,camera_1,lost_track,168
3364,16820,560.667,camera_3,removed,124
3365,16825,560.833,camera_3,lost_track,125
3366,16830,561.0,camera_1,lost_track,170
3367,16835,561.167,camera_1,reacquired,170
3367,16835,561.167,camera_1,removed,166
3367,16835,561.167,camera_3,reacquired,127
3368,16840,561.333,camera_2,lost_track,110
3368,16840,561.333,camera_2,removed,109
3369,16845,561.5,camera_2,new_track,114
3369,16845,561.5,camera_5,lost_track,95
3369,16845,561.5,camera_5,removed,93
3370,16850,561.667,camera_1,lost_track,170
3370,16850,561.667,camera_2,reacquired,110
3370,16850,561.667,camera_2,lost_track,114
3371,16855,561.833,camera_1,reacquired,170
3371,16855,561.833,camera_3,new_track,129
3371,16855,561.833,camera_3,lost_track,128
3371,16855,561.833,camera_5,new_track,96
3372,16860,562.0,camera_2,removed,108
3372,16860,562.0,camera_3,lost_track,127
3373,16865,562.167,camera_1,new_track,171
3373,16865,562.167,camera_1,lost_track,170
3373,16865,562.167,camera_3,lost_track,126
3373,16865,562.167,camera_4,new_track,37
3374,16870,562.333,camera_2,lost_track,111
3376,16880,562.667,camera_1,lost_track,169
3377,16885,562.833,camera_3,reacquired,125
3378,16890,563.0,camera_4,lost_track,37
3379,16895,563.167,camera_2,new_track,115
3381,16905,563.5,camera_2,lost_track,98
3382,16910,563.667,camera_4,removed,35
3383,16915,563.833,camera_4,removed,36
3384,16920,564.0,camera_3,lost_track,114
3386,16930,564.333,camera_3,reacquired,114
3386,16930,564.333,camera_5,lost_track,94
3387,16935,564.5,camera_2,reacquired,98
3387,16935,564.5,camera_2,lost_track,112
3388,16940,564.667,camera_1,new_track,172
3388,16940,564.667,camera_2,new_track,116
3388,16940,564.667,camera_2,reacquired,112
3388,16940,564.667,camera_3,new_track,130
3389,16945,564.833,camera_3,lost_track,114
3390,16950,565.0,camera_2,lost_track,98
3391,16955,565.167,camera_2,new_track,117
3391,16955,565.167,camera_2,reacquired,98
3392,16960,565.333,camera_2,lost_track,104
3392,16960,565.333,camera_2,lost_track,112
3392,16960,565.333,camera_3,reacquired,114
3392,16960,565.333,camera_3,lost_track,130
3392,16960,565.333,camera_5,lost_track,96
3393,16965,565.5,camera_1,removed,168
3393,16965,565.5,camera_2,reacquired,112
3394,16970,565.667,camera_3,new_track,131
3396,16980,566.0,camera_2,lost_track,98
3396,16980,566.0,camera_2,lost_track,112
3399,16995,566.5,camera_1,new_track,173
