loop_i,video_fid,t_sec,camera_id,kind,track_id
0,0,0.0,camera_1,new_track,1
0,0,0.0,camera_2,new_track,1
0,0,0.0,camera_2,new_track,2
0,0,0.0,camera_2,new_track,3
0,0,0.0,camera_3,new_track,1
0,0,0.0,camera_3,new_track,2
0,0,0.0,camera_3,new_track,3
0,0,0.0,camera_3,new_track,4
0,0,0.0,camera_3,new_track,5
1,5,0.167,camera_2,lost_track,2
2,10,0.333,camera_4,new_track,1
10,50,1.667,camera_3,new_track,6
10,50,1.667,camera_3,removed,-1
13,65,2.167,camera_1,new_track,2
13,65,2.167,camera_2,new_track,4
14,70,2.333,camera_3,lost_track,1
15,75,2.5,camera_3,new_track,8
15,75,2.5,camera_3,new_track,7
16,80,2.667,camera_3,reacquired,1
16,80,2.667,camera_3,lost_track,6
16,80,2.667,camera_3,lost_track,7
19,95,3.167,camera_3,reacquired,6
19,95,3.167,camera_3,lost_track,8
19,95,3.167,camera_3,lost_track,5
20,100,3.333,camera_3,reacquired,5
20,100,3.333,camera_3,lost_track,6
20,100,3.333,camera_3,removed,-1
21,105,3.5,camera_3,reacquired,6
21,105,3.5,camera_3,lost_track,5
22,110,3.667,camera_2,lost_track,4
22,110,3.667,camera_2,removed,-1
22,110,3.667,camera_3,new_track,9
22,110,3.667,camera_3,lost_track,6
23,115,3.833,camera_3,lost_track,9
24,120,4.0,camera_3,reacquired,5
24,120,4.0,camera_3,reacquired,9
25,125,4.167,camera_3,lost_track,9
25,125,4.167,camera_3,removed,-1
26,130,4.333,camera_3,reacquired,9
27,135,4.5,camera_3,lost_track,9
28,140,4.667,camera_3,new_track,10
30,150,5.0,camera_2,lost_track,3
30,150,5.0,camera_3,lost_track,3
31,155,5.167,camera_2,removed,2
36,180,6.0,camera_3,removed,-1
39,195,6.5,camera_3,reacquired,9
43,215,7.167,camera_3,lost_track,9
45,225,7.5,camera_3,removed,-1
46,230,7.667,camera_3,removed,7
49,245,8.167,camera_3,reacquired,9
49,245,8.167,camera_3,removed,8
52,260,8.667,camera_2,removed,4
52,260,8.667,camera_3,lost_track,9
52,260,8.667,camera_3,removed,6
53,265,8.833,camera_3,reacquired,9
54,270,9.0,camera_3,lost_track,9
55,275,9.167,camera_1,lost_track,2
57,285,9.5,camera_2,new_track,5
57,285,9.5,camera_3,lost_track,1
58,290,9.667,camera_1,new_track,3
58,290,9.667,camera_3,removed,-1
60,300,10.0,camera_2,removed,3
60,300,10.0,camera_3,reacquired,1
60,300,10.0,camera_3,removed,3
62,310,10.333,camera_1,lost_track,3
63,315,10.5,camera_1,new_track,4
63,315,10.5,camera_3,new_track,11
66,330,11.0,camera_1,removed,-1
66,330,11.0,camera_3,lost_track,11
66,330,11.0,camera_3,removed,-1
67,335,11.167,camera_3,reacquired,9
69,345,11.5,camera_1,removed,-1
69,345,11.5,camera_3,removed,-1
71,355,11.833,camera_3,removed,-1
73,365,12.167,camera_3,lost_track,10
74,370,12.333,camera_1,new_track,5
74,370,12.333,camera_1,lost_track,4
75,375,12.5,camera_1,removed,-1
75,375,12.5,camera_2,lost_track,5
76,380,12.667,camera_3,reacquired,10
76,380,12.667,camera_3,removed,-1
79,395,13.167,camera_2,new_track,6
79,395,13.167,camera_3,new_track,12
79,395,13.167,camera_3,new_track,13
79,395,13.167,camera_3,lost_track,1
80,400,13.333,camera_3,lost_track,13
81,405,13.5,camera_3,new_track,14
81,405,13.5,camera_3,removed,-1
82,410,13.667,camera_3,reacquired,1
82,410,13.667,camera_3,lost_track,9
83,415,13.833,camera_2,removed,-1
83,415,13.833,camera_3,reacquired,9
83,415,13.833,camera_3,lost_track,1
84,420,14.0,camera_2,new_track,7
85,425,14.167,camera_1,removed,2
85,425,14.167,camera_3,removed,-1
87,435,14.5,camera_3,reacquired,1
87,435,14.5,camera_3,removed,-1
92,460,15.333,camera_1,removed,3
92,460,15.333,camera_3,lost_track,1
93,465,15.5,camera_3,new_track,15
93,465,15.5,camera_3,removed,-1
94,470,15.667,camera_3,reacquired,13
94,470,15.667,camera_3,lost_track,12
95,475,15.833,camera_2,removed,-1
95,475,15.833,camera_3,lost_track,9
96,480,16.0,camera_1,lost_track,1
96,480,16.0,camera_3,new_track,16
96,480,16.0,camera_3,reacquired,9
96,480,16.0,camera_3,lost_track,13
96,480,16.0,camera_3,lost_track,15
96,480,16.0,camera_3,removed,11
96,480,16.0,camera_3,removed,-1
97,485,16.167,camera_2,new_track,8
97,485,16.167,camera_3,new_track,17
97,485,16.167,camera_3,lost_track,9
100,500,16.667,camera_4,lost_track,1
101,505,16.833,camera_3,removed,-1
102,510,17.0,camera_3,lost_track,17
103,515,17.167,camera_3,new_track,18
103,515,17.167,camera_3,removed,-1
104,520,17.333,camera_1,removed,4
104,520,17.333,camera_2,removed,-1
104,520,17.333,camera_3,lost_track,16
105,525,17.5,camera_2,removed,5
106,530,17.667,camera_2,removed,-1
107,535,17.833,camera_1,new_track,6
107,535,17.833,camera_1,removed,-1
107,535,17.833,camera_2,new_track,9
107,535,17.833,camera_3,new_track,19
108,540,18.0,camera_3,lost_track,19
109,545,18.167,camera_1,removed,-1
110,550,18.333,camera_1,reacquired,1
112,560,18.667,camera_2,removed,-1
115,575,19.167,camera_3,reacquired,13
116,580,19.333,camera_1,new_track,7
116,580,19.333,camera_3,lost_track,10
116,580,19.333,camera_3,lost_track,13
117,585,19.5,camera_3,reacquired,13
118,590,19.667,camera_3,removed,-1
119,595,19.833,camera_3,reacquired,10
120,600,20.0,camera_2,lost_track,7
120,600,20.0,camera_3,lost_track,5
121,605,20.167,camera_3,removed,-1
122,610,20.333,camera_1,lost_track,7
122,610,20.333,camera_3,removed,1
124,620,20.667,camera_1,new_track,8
124,620,20.667,camera_1,removed,-1
124,620,20.667,camera_2,removed,-1
124,620,20.667,camera_3,new_track,20
124,620,20.667,camera_3,removed,12
126,630,21.0,camera_1,lost_track,5
126,630,21.0,camera_2,reacquired,7
126,630,21.0,camera_3,lost_track,20
126,630,21.0,camera_3,removed,15
127,635,21.167,camera_1,new_track,9
127,635,21.167,camera_3,removed,9
127,635,21.167,camera_3,removed,-1
128,640,21.333,camera_1,reacquired,7
128,640,21.333,camera_2,new_track,10
129,645,21.5,camera_1,new_track,10
129,645,21.5,camera_2,lost_track,8
129,645,21.5,camera_2,removed,-1
129,645,21.5,camera_3,lost_track,10
129,645,21.5,camera_3,lost_track,13
130,650,21.667,camera_2,new_track,11
130,650,21.667,camera_3,removed,-1
130,650,21.667,camera_4,removed,1
131,655,21.833,camera_3,reacquired,10
132,660,22.0,camera_1,lost_track,10
132,660,22.0,camera_1,lost_track,6
132,660,22.0,camera_2,removed,-1
132,660,22.0,camera_3,reacquired,5
132,660,22.0,camera_3,lost_track,14
132,660,22.0,camera_3,removed,17
132,660,22.0,camera_5,new_track,1
133,665,22.167,camera_1,lost_track,8
133,665,22.167,camera_3,lost_track,10
133,665,22.167,camera_3,lost_track,18
134,670,22.333,camera_3,new_track,21
134,670,22.333,camera_3,removed,16
134,670,22.333,camera_5,removed,-1
135,675,22.5,camera_3,reacquired,10
136,680,22.667,camera_1,removed,-1
136,680,22.667,camera_2,lost_track,7
136,680,22.667,camera_3,new_track,22
136,680,22.667,camera_3,lost_track,10
137,685,22.833,camera_2,removed,-1
137,685,22.833,camera_3,reacquired,10
138,690,23.0,camera_1,removed,-1
138,690,23.0,camera_3,lost_track,21
138,690,23.0,camera_3,removed,19
138,690,23.0,camera_4,new_track,2
141,705,23.5,camera_1,lost_track,9
142,710,23.667,camera_1,reacquired,9
143,715,23.833,camera_1,removed,-1
143,715,23.833,camera_3,lost_track,10
143,715,23.833,camera_3,lost_track,5
144,720,24.0,camera_2,lost_track,11
144,720,24.0,camera_3,removed,-1
147,735,24.5,camera_3,reacquired,10
148,740,24.667,camera_1,reacquired,10
149,745,24.833,camera_2,lost_track,10
149,745,24.833,camera_3,new_track,23
149,745,24.833,camera_3,lost_track,10
149,745,24.833,camera_3,lost_track,22
149,745,24.833,camera_3,removed,-1
150,750,25.0,camera_1,lost_track,7
150,750,25.0,camera_2,new_track,12
150,750,25.0,camera_2,removed,-1
151,755,25.167,camera_2,lost_track,12
151,755,25.167,camera_3,reacquired,14
151,755,25.167,camera_3,lost_track,2
152,760,25.333,camera_2,new_track,13
152,760,25.333,camera_5,new_track,2
153,765,25.5,camera_2,reacquired,10
153,765,25.5,camera_2,lost_track,13
154,770,25.667,camera_1,new_track,11
155,775,25.833,camera_1,lost_track,1
155,775,25.833,camera_3,lost_track,4
155,775,25.833,camera_5,new_track,3
156,780,26.0,camera_1,removed,5
156,780,26.0,camera_3,reacquired,10
156,780,26.0,camera_3,removed,20
156,780,26.0,camera_5,lost_track,3
157,785,26.167,camera_2,lost_track,10
157,785,26.167,camera_3,lost_track,10
158,790,26.333,camera_2,removed,-1
158,790,26.333,camera_3,reacquired,10
158,790,26.333,camera_3,lost_track,14
159,795,26.5,camera_2,removed,8
159,795,26.5,camera_3,lost_track,10
159,795,26.5,camera_3,removed,13
159,795,26.5,camera_3,removed,-1
161,805,26.833,camera_2,lost_track,9
162,810,27.0,camera_1,reacquired,1
162,810,27.0,camera_1,removed,6
162,810,27.0,camera_2,reacquired,9
162,810,27.0,camera_5,new_track,4
163,815,27.167,camera_1,lost_track,10
163,815,27.167,camera_1,removed,8
163,815,27.167,camera_3,removed,18
164,820,27.333,camera_1,reacquired,10
164,820,27.333,camera_1,lost_track,1
164,820,27.333,camera_2,new_track,14
165,825,27.5,camera_1,new_track,12
165,825,27.5,camera_2,lost_track,14
165,825,27.5,camera_2,removed,-1
165,825,27.5,camera_3,reacquired,10
165,825,27.5,camera_5,new_track,5
166,830,27.667,camera_1,lost_track,12
166,830,27.667,camera_2,lost_track,9
166,830,27.667,camera_2,removed,7
166,830,27.667,camera_5,reacquired,3
166,830,27.667,camera_5,lost_track,5
167,835,27.833,camera_5,lost_track,2
167,835,27.833,camera_5,lost_track,3
168,840,28.0,camera_3,removed,21
168,840,28.0,camera_5,new_track,6
168,840,28.0,camera_5,new_track,7
169,845,28.167,camera_2,reacquired,14
169,845,28.167,camera_2,lost_track,1
169,845,28.167,camera_3,lost_track,10
169,845,28.167,camera_5,new_track,8
169,845,28.167,camera_5,lost_track,7
170,850,28.333,camera_3,new_track,24
170,850,28.333,camera_3,reacquired,10
170,850,28.333,camera_3,lost_track,23
170,850,28.333,camera_5,reacquired,7
170,850,28.333,camera_5,lost_track,6
171,855,28.5,camera_3,lost_track,10
171,855,28.5,camera_3,removed,-1
171,855,28.5,camera_5,reacquired,3
171,855,28.5,camera_5,reacquired,5
172,860,28.667,camera_1,lost_track,11
172,860,28.667,camera_2,lost_track,14
172,860,28.667,camera_5,lost_track,5
173,865,28.833,camera_3,removed,5
173,865,28.833,camera_5,lost_track,3
174,870,29.0,camera_2,removed,11
175,875,29.167,camera_5,reacquired,5
177,885,29.5,camera_1,lost_track,10
178,890,29.667,camera_1,removed,-1
179,895,29.833,camera_3,removed,22
179,895,29.833,camera_5,new_track,9
179,895,29.833,camera_5,lost_track,4
179,895,29.833,camera_5,lost_track,5
180,900,30.0,camera_1,removed,7
181,905,30.167,camera_2,removed,12
181,905,30.167,camera_3,removed,2
182,910,30.333,camera_2,new_track,15
182,910,30.333,camera_3,reacquired,10
182,910,30.333,camera_5,reacquired,5
183,915,30.5,camera_1,reacquired,10
183,915,30.5,camera_2,removed,13
184,920,30.667,camera_1,lost_track,10
184,920,30.667,camera_5,lost_track,1
185,925,30.833,camera_3,lost_track,10
185,925,30.833,camera_3,removed,4
185,925,30.833,camera_5,removed,-1
186,930,31.0,camera_5,lost_track,8
186,930,31.0,camera_6,removed,-1
187,935,31.167,camera_2,removed,10
187,935,31.167,camera_3,reacquired,10
187,935,31.167,camera_6,new_track,1
188,940,31.333,camera_2,lost_track,6
188,940,31.333,camera_3,lost_track,10
188,940,31.333,camera_3,removed,14
190,950,31.667,camera_5,removed,-1
191,955,31.833,camera_5,new_track,10
192,960,32.0,camera_4,new_track,3
192,960,32.0,camera_5,removed,-1
194,970,32.333,camera_1,removed,1
194,970,32.333,camera_4,lost_track,3
194,970,32.333,camera_5,removed,-1
195,975,32.5,camera_1,lost_track,9
195,975,32.5,camera_3,reacquired,10
195,975,32.5,camera_4,removed,-1
195,975,32.5,camera_5,lost_track,5
195,975,32.5,camera_6,new_track,2
195,975,32.5,camera_6,removed,-1
196,980,32.667,camera_1,removed,12
196,980,32.667,camera_2,removed,9
196,980,32.667,camera_6,new_track,3
197,985,32.833,camera_3,lost_track,10
197,985,32.833,camera_5,removed,2
198,990,33.0,camera_6,removed,-1
199,995,33.167,camera_2,lost_track,15
199,995,33.167,camera_2,removed,1
199,995,33.167,camera_6,new_track,4
200,1000,33.333,camera_3,removed,-1
200,1000,33.333,camera_3,removed,23
200,1000,33.333,camera_5,new_track,11
200,1000,33.333,camera_5,removed,-1
200,1000,33.333,camera_5,removed,6
201,1005,33.5,camera_5,new_track,12
202,1010,33.667,camera_1,removed,11
202,1010,33.667,camera_2,removed,14
202,1010,33.667,camera_6,lost_track,4
203,1015,33.833,camera_4,removed,-1
203,1015,33.833,camera_5,lost_track,10
203,1015,33.833,camera_5,removed,3
203,1015,33.833,camera_7,removed,-1
204,1020,34.0,camera_3,lost_track,24
204,1020,34.0,camera_4,new_track,4
204,1020,34.0,camera_5,lost_track,12
204,1020,34.0,camera_6,lost_track,1
204,1020,34.0,camera_7,new_track,1
205,1025,34.167,camera_5,reacquired,12
206,1030,34.333,camera_3,removed,-1
206,1030,34.333,camera_5,lost_track,12
206,1030,34.333,camera_5,removed,-1
206,1030,34.333,camera_6,new_track,5
207,1035,34.5,camera_5,new_track,13
207,1035,34.5,camera_5,reacquired,12
207,1035,34.5,camera_5,lost_track,9
207,1035,34.5,camera_6,lost_track,3
208,1040,34.667,camera_4,removed,-1
208,1040,34.667,camera_5,lost_track,12
208,1040,34.667,camera_5,removed,-1
208,1040,34.667,camera_6,removed,-1
209,1045,34.833,camera_5,new_track,14
209,1045,34.833,camera_5,reacquired,12
209,1045,34.833,camera_5,removed,4
210,1050,35.0,camera_5,lost_track,12
210,1050,35.0,camera_5,lost_track,13
210,1050,35.0,camera_5,removed,-1
210,1050,35.0,camera_6,removed,-1
211,1055,35.167,camera_4,lost_track,2
211,1055,35.167,camera_5,new_track,15
211,1055,35.167,camera_5,reacquired,10
211,1055,35.167,camera_5,reacquired,13
211,1055,35.167,camera_5,lost_track,14
211,1055,35.167,camera_6,new_track,6
211,1055,35.167,camera_6,reacquired,4
211,1055,35.167,camera_7,new_track,2
212,1060,35.333,camera_4,removed,-1
212,1060,35.333,camera_5,lost_track,10
212,1060,35.333,camera_5,lost_track,13
212,1060,35.333,camera_6,lost_track,4
213,1065,35.5,camera_6,lost_track,6
213,1065,35.5,camera_7,lost_track,2
214,1070,35.667,camera_1,removed,10
214,1070,35.667,camera_5,lost_track,7
214,1070,35.667,camera_5,removed,1
214,1070,35.667,camera_6,removed,-1
214,1070,35.667,camera_7,new_track,3
215,1075,35.833,camera_5,reacquired,10
216,1080,36.0,camera_5,removed,8
216,1080,36.0,camera_5,removed,-1
217,1085,36.167,camera_5,new_track,16
217,1085,36.167,camera_5,new_track,17
217,1085,36.167,camera_6,reacquired,4
217,1085,36.167,camera_6,lost_track,5
217,1085,36.167,camera_6,removed,-1
218,1090,36.333,camera_2,removed,6
218,1090,36.333,camera_5,lost_track,16
218,1090,36.333,camera_5,lost_track,10
218,1090,36.333,camera_6,lost_track,4
218,1090,36.333,camera_7,removed,-1
219,1095,36.5,camera_5,reacquired,16
219,1095,36.5,camera_5,lost_track,17
219,1095,36.5,camera_6,reacquired,6
219,1095,36.5,camera_6,lost_track,2
220,1100,36.667,camera_5,lost_track,16
220,1100,36.667,camera_6,lost_track,6
220,1100,36.667,camera_7,new_track,4
221,1105,36.833,camera_5,new_track,18
221,1105,36.833,camera_6,removed,-1
223,1115,37.167,camera_5,reacquired,13
223,1115,37.167,camera_5,lost_track,15
224,1120,37.333,camera_4,removed,3
225,1125,37.5,camera_1,removed,9
225,1125,37.5,camera_4,lost_track,4
225,1125,37.5,camera_5,removed,5
226,1130,37.667,camera_4,removed,-1
226,1130,37.667,camera_5,removed,-1
226,1130,37.667,camera_7,removed,-1
227,1135,37.833,camera_3,removed,10
227,1135,37.833,camera_7,lost_track,3
229,1145,38.167,camera_2,removed,15
229,1145,38.167,camera_7,new_track,5
230,1150,38.333,camera_5,new_track,19
231,1155,38.5,camera_5,lost_track,19
232,1160,38.667,camera_5,lost_track,11
233,1165,38.833,camera_5,new_track,20
234,1170,39.0,camera_3,removed,24
234,1170,39.0,camera_5,reacquired,11
234,1170,39.0,camera_5,lost_track,20
234,1170,39.0,camera_6,removed,1
235,1175,39.167,camera_5,reacquired,19
235,1175,39.167,camera_7,lost_track,5
236,1180,39.333,camera_5,lost_track,19
237,1185,39.5,camera_5,reacquired,19
237,1185,39.5,camera_5,removed,9
237,1185,39.5,camera_5,removed,-1
237,1185,39.5,camera_6,removed,3
237,1185,39.5,camera_7,new_track,6
238,1190,39.667,camera_5,new_track,21
238,1190,39.667,camera_5,reacquired,20
238,1190,39.667,camera_5,lost_track,19
238,1190,39.667,camera_7,lost_track,6
239,1195,39.833,camera_5,lost_track,20
239,1195,39.833,camera_7,removed,-1
240,1200,40.0,camera_5,lost_track,21
240,1200,40.0,camera_5,removed,12
241,1205,40.167,camera_4,removed,2
241,1205,40.167,camera_5,removed,-1
241,1205,40.167,camera_5,removed,14
241,1205,40.167,camera_7,new_track,7
242,1210,40.333,camera_5,new_track,22
242,1210,40.333,camera_7,new_track,8
242,1210,40.333,camera_7,lost_track,1
243,1215,40.5,camera_7,removed,2
244,1220,40.667,camera_5,removed,7
245,1225,40.833,camera_5,lost_track,13
247,1235,41.167,camera_5,reacquired,13
247,1235,41.167,camera_5,lost_track,22
247,1235,41.167,camera_6,removed,5
247,1235,41.167,camera_7,lost_track,8
247,1235,41.167,camera_7,removed,-1
248,1240,41.333,camera_5,new_track,23
248,1240,41.333,camera_5,lost_track,13
248,1240,41.333,camera_5,removed,10
248,1240,41.333,camera_6,removed,4
248,1240,41.333,camera_7,reacquired,8
249,1245,41.5,camera_5,reacquired,13
249,1245,41.5,camera_5,lost_track,23
249,1245,41.5,camera_5,removed,17
249,1245,41.5,camera_6,removed,2
249,1245,41.5,camera_7,lost_track,8
250,1250,41.667,camera_5,removed,16
250,1250,41.667,camera_5,removed,-1
250,1250,41.667,camera_6,removed,6
250,1250,41.667,camera_7,reacquired,8
250,1250,41.667,camera_7,removed,-1
251,1255,41.833,camera_5,lost_track,13
253,1265,42.167,camera_5,removed,15
253,1265,42.167,camera_7,reacquired,6
253,1265,42.167,camera_7,lost_track,8
254,1270,42.333,camera_7,lost_track,6
255,1275,42.5,camera_4,removed,4
255,1275,42.5,camera_7,removed,-1
257,1285,42.833,camera_7,new_track,9
257,1285,42.833,camera_7,removed,3
259,1295,43.167,camera_6,new_track,7
262,1310,43.667,camera_5,reacquired,13
262,1310,43.667,camera_6,lost_track,7
265,1325,44.167,camera_5,lost_track,13
265,1325,44.167,camera_5,removed,-1
265,1325,44.167,camera_7,removed,5
267,1335,44.5,camera_5,lost_track,18
268,1340,44.667,camera_5,lost_track,11
268,1340,44.667,camera_5,removed,19
269,1345,44.833,camera_5,reacquired,11
269,1345,44.833,camera_5,removed,20
270,1350,45.0,camera_5,lost_track,11
270,1350,45.0,camera_5,removed,21
270,1350,45.0,camera_5,removed,-1
271,1355,45.167,camera_5,reacquired,11
272,1360,45.333,camera_5,reacquired,23
272,1360,45.333,camera_5,removed,-1
272,1360,45.333,camera_7,removed,1
273,1365,45.5,camera_5,new_track,24
273,1365,45.5,camera_5,lost_track,11
273,1365,45.5,camera_7,lost_track,4
275,1375,45.833,camera_5,lost_track,24
277,1385,46.167,camera_5,reacquired,11
277,1385,46.167,camera_5,removed,22
278,1390,46.333,camera_5,reacquired,24
282,1410,47.0,camera_7,new_track,10
283,1415,47.167,camera_5,lost_track,24
283,1415,47.167,camera_5,lost_track,11
283,1415,47.167,camera_7,removed,8
283,1415,47.167,camera_7,removed,-1
284,1420,47.333,camera_7,removed,6
289,1445,48.167,camera_5,lost_track,23
290,1450,48.333,camera_5,reacquired,23
292,1460,48.667,camera_5,reacquired,11
292,1460,48.667,camera_6,removed,7
293,1465,48.833,camera_5,lost_track,11
293,1465,48.833,camera_5,lost_track,23
295,1475,49.167,camera_5,removed,13
297,1485,49.5,camera_5,removed,18
297,1485,49.5,camera_5,removed,-1
297,1485,49.5,camera_7,removed,-1
303,1515,50.5,camera_7,removed,4
310,1550,51.667,camera_5,reacquired,11
313,1565,52.167,camera_5,new_track,25
313,1565,52.167,camera_5,removed,24
314,1570,52.333,camera_5,lost_track,25
314,1570,52.333,camera_5,lost_track,11
315,1575,52.5,camera_5,reacquired,25
316,1580,52.667,camera_5,reacquired,11
316,1580,52.667,camera_5,removed,-1
317,1585,52.833,camera_5,lost_track,25
318,1590,53.0,camera_5,removed,-1
319,1595,53.167,camera_5,new_track,26
320,1600,53.333,camera_5,new_track,27
322,1610,53.667,camera_5,reacquired,25
322,1610,53.667,camera_5,removed,-1
323,1615,53.833,camera_5,removed,23
324,1620,54.0,camera_5,lost_track,25
325,1625,54.167,camera_5,reacquired,25
325,1625,54.167,camera_5,removed,-1
325,1625,54.167,camera_6,removed,-1
325,1625,54.167,camera_7,removed,-1
326,1630,54.333,camera_6,new_track,8
326,1630,54.333,camera_7,lost_track,9
327,1635,54.5,camera_6,new_track,9
329,1645,54.833,camera_5,lost_track,25
329,1645,54.833,camera_5,lost_track,26
332,1660,55.333,camera_5,reacquired,25
332,1660,55.333,camera_5,reacquired,26
333,1665,55.5,camera_6,lost_track,9
334,1670,55.667,camera_5,lost_track,25
334,1670,55.667,camera_5,lost_track,26
334,1670,55.667,camera_5,lost_track,27
335,1675,55.833,camera_5,reacquired,25
335,1675,55.833,camera_5,reacquired,26
335,1675,55.833,camera_5,reacquired,27
335,1675,55.833,camera_5,removed,-1
337,1685,56.167,camera_5,lost_track,27
338,1690,56.333,camera_5,lost_track,25
338,1690,56.333,camera_5,lost_track,26
339,1695,56.5,camera_5,removed,-1
340,1700,56.667,camera_6,lost_track,8
342,1710,57.0,camera_5,removed,-1
343,1715,57.167,camera_5,new_track,28
343,1715,57.167,camera_5,reacquired,26
344,1720,57.333,camera_5,lost_track,26
344,1720,57.333,camera_5,lost_track,28
345,1725,57.5,camera_7,lost_track,10
346,1730,57.667,camera_7,new_track,11
346,1730,57.667,camera_7,removed,-1
347,1735,57.833,camera_5,removed,-1
347,1735,57.833,camera_7,lost_track,11
348,1740,58.0,camera_5,new_track,29
348,1740,58.0,camera_5,reacquired,26
348,1740,58.0,camera_5,reacquired,28
348,1740,58.0,camera_7,new_track,12
348,1740,58.0,camera_7,removed,-1
350,1750,58.333,camera_5,new_track,30
350,1750,58.333,camera_5,reacquired,25
351,1755,58.5,camera_5,lost_track,25
351,1755,58.5,camera_5,lost_track,30
352,1760,58.667,camera_5,lost_track,26
353,1765,58.833,camera_5,removed,-1
354,1770,59.0,camera_5,new_track,31
354,1770,59.0,camera_5,reacquired,26
355,1775,59.167,camera_7,lost_track,12
356,1780,59.333,camera_5,new_track,32
356,1780,59.333,camera_5,lost_track,26
356,1780,59.333,camera_6,new_track,10
356,1780,59.333,camera_7,removed,9
356,1780,59.333,camera_7,removed,-1
357,1785,59.5,camera_1,new_track,13
357,1785,59.5,camera_2,new_track,16
357,1785,59.5,camera_5,lost_track,32
357,1785,59.5,camera_5,lost_track,28
357,1785,59.5,camera_5,lost_track,31
358,1790,59.667,camera_5,reacquired,31
358,1790,59.667,camera_6,new_track,11
359,1795,59.833,camera_5,reacquired,26
359,1795,59.833,camera_5,reacquired,32
359,1795,59.833,camera_5,lost_track,29
359,1795,59.833,camera_5,lost_track,31
359,1795,59.833,camera_5,removed,-1
360,1800,60.0,camera_5,reacquired,31
361,1805,60.167,camera_6,removed,-1
362,1810,60.333,camera_4,new_track,5
362,1810,60.333,camera_5,new_track,33
362,1810,60.333,camera_5,reacquired,28
362,1810,60.333,camera_5,reacquired,30
362,1810,60.333,camera_5,lost_track,26
362,1810,60.333,camera_6,new_track,12
362,1810,60.333,camera_6,lost_track,11
362,1810,60.333,camera_7,lost_track,7
363,1815,60.5,camera_5,lost_track,32
363,1815,60.5,camera_5,lost_track,30
363,1815,60.5,camera_5,lost_track,31
363,1815,60.5,camera_6,new_track,13
363,1815,60.5,camera_6,removed,9
364,1820,60.667,camera_5,removed,-1
365,1825,60.833,camera_3,new_track,25
365,1825,60.833,camera_3,removed,-1
365,1825,60.833,camera_5,lost_track,33
366,1830,61.0,camera_3,new_track,26
366,1830,61.0,camera_5,lost_track,11
366,1830,61.0,camera_6,lost_track,13
367,1835,61.167,camera_3,lost_track,26
367,1835,61.167,camera_5,new_track,34
367,1835,61.167,camera_5,reacquired,33
367,1835,61.167,camera_5,removed,27
367,1835,61.167,camera_6,lost_track,12
368,1840,61.333,camera_5,removed,-1
368,1840,61.333,camera_6,reacquired,12
368,1840,61.333,camera_6,removed,-1
369,1845,61.5,camera_5,new_track,35
369,1845,61.5,camera_5,lost_track,33
370,1850,61.667,camera_6,lost_track,12
370,1850,61.667,camera_6,removed,8
371,1855,61.833,camera_5,new_track,36
371,1855,61.833,camera_5,reacquired,30
371,1855,61.833,camera_5,lost_track,35
371,1855,61.833,camera_6,new_track,14
372,1860,62.0,camera_1,lost_track,13
372,1860,62.0,camera_5,reacquired,33
373,1865,62.167,camera_5,lost_track,33
374,1870,62.333,camera_5,reacquired,33
374,1870,62.333,camera_5,removed,-1
375,1875,62.5,camera_6,lost_track,10
375,1875,62.5,camera_7,removed,10
376,1880,62.667,camera_2,lost_track,16
376,1880,62.667,camera_5,new_track,37
376,1880,62.667,camera_5,lost_track,30
376,1880,62.667,camera_6,removed,-1
377,1885,62.833,camera_7,removed,11
378,1890,63.0,camera_5,lost_track,37
378,1890,63.0,camera_5,removed,-1
379,1895,63.167,camera_3,lost_track,25
379,1895,63.167,camera_4,new_track,6
379,1895,63.167,camera_5,reacquired,30
379,1895,63.167,camera_5,reacquired,37
379,1895,63.167,camera_5,lost_track,36
380,1900,63.333,camera_5,reacquired,36
380,1900,63.333,camera_5,lost_track,37
380,1900,63.333,camera_5,lost_track,30
380,1900,63.333,camera_6,reacquired,10
380,1900,63.333,camera_6,lost_track,14
381,1905,63.5,camera_5,reacquired,30
381,1905,63.5,camera_5,reacquired,37
381,1905,63.5,camera_5,lost_track,33
381,1905,63.5,camera_5,lost_track,36
381,1905,63.5,camera_5,removed,25
381,1905,63.5,camera_6,lost_track,10
382,1910,63.667,camera_4,new_track,7
382,1910,63.667,camera_5,new_track,38
382,1910,63.667,camera_6,removed,-1
383,1915,63.833,camera_3,reacquired,25
383,1915,63.833,camera_4,lost_track,5
383,1915,63.833,camera_5,reacquired,26
383,1915,63.833,camera_5,removed,-1
384,1920,64.0,camera_4,removed,-1
384,1920,64.0,camera_5,lost_track,26
385,1925,64.167,camera_5,reacquired,26
385,1925,64.167,camera_5,removed,-1
385,1925,64.167,camera_7,removed,12
386,1930,64.333,camera_3,reacquired,26
386,1930,64.333,camera_5,new_track,39
386,1930,64.333,camera_5,lost_track,34
386,1930,64.333,camera_5,lost_track,26
387,1935,64.5,camera_4,lost_track,7
388,1940,64.667,camera_5,removed,-1
389,1945,64.833,camera_2,new_track,17
389,1945,64.833,camera_2,new_track,18
389,1945,64.833,camera_5,new_track,40
389,1945,64.833,camera_5,lost_track,38
389,1945,64.833,camera_5,removed,29
390,1950,65.0,camera_5,new_track,41
390,1950,65.0,camera_5,reacquired,34
390,1950,65.0,camera_5,reacquired,36
390,1950,65.0,camera_5,lost_track,37
391,1955,65.167,camera_1,removed,-1
391,1955,65.167,camera_5,reacquired,37
391,1955,65.167,camera_5,lost_track,36
391,1955,65.167,camera_5,removed,-1
392,1960,65.333,camera_6,removed,11
392,1960,65.333,camera_7,removed,7
393,1965,65.5,camera_2,lost_track,17
393,1965,65.5,camera_4,lost_track,6
393,1965,65.5,camera_5,reacquired,38
393,1965,65.5,camera_5,lost_track,30
393,1965,65.5,camera_5,removed,32
393,1965,65.5,camera_5,removed,-1
393,1965,65.5,camera_5,removed,31
394,1970,65.667,camera_1,new_track,14
394,1970,65.667,camera_1,removed,-1
394,1970,65.667,camera_4,removed,-1
394,1970,65.667,camera_5,reacquired,30
394,1970,65.667,camera_5,reacquired,36
394,1970,65.667,camera_5,lost_track,38
395,1975,65.833,camera_5,removed,-1
396,1980,66.0,camera_3,lost_track,26
396,1980,66.0,camera_5,lost_track,34
396,1980,66.0,camera_5,lost_track,36
396,1980,66.0,camera_5,removed,11
396,1980,66.0,camera_6,removed,13
397,1985,66.167,camera_1,new_track,15
397,1985,66.167,camera_3,reacquired,26
397,1985,66.167,camera_5,reacquired,36
397,1985,66.167,camera_5,lost_track,40
397,1985,66.167,camera_5,lost_track,30
398,1990,66.333,camera_2,new_track,19
398,1990,66.333,camera_5,reacquired,30
398,1990,66.333,camera_5,reacquired,33
398,1990,66.333,camera_5,reacquired,40
398,1990,66.333,camera_5,lost_track,36
399,1995,66.5,camera_1,lost_track,15
399,1995,66.5,camera_3,lost_track,25
400,2000,66.667,camera_3,lost_track,26
400,2000,66.667,camera_5,lost_track,30
400,2000,66.667,camera_5,lost_track,39
400,2000,66.667,camera_5,removed,-1
400,2000,66.667,camera_6,removed,12
401,2005,66.833,camera_2,lost_track,19
401,2005,66.833,camera_5,reacquired,36
401,2005,66.833,camera_5,removed,35
402,2010,67.0,camera_1,removed,13
403,2015,67.167,camera_2,removed,-1
403,2015,67.167,camera_5,reacquired,38
403,2015,67.167,camera_5,lost_track,33
403,2015,67.167,camera_5,lost_track,37
404,2020,67.333,camera_1,new_track,16
404,2020,67.333,camera_2,new_track,20
404,2020,67.333,camera_3,reacquired,26
404,2020,67.333,camera_5,lost_track,36
404,2020,67.333,camera_5,lost_track,38
404,2020,67.333,camera_5,removed,-1
405,2025,67.5,camera_3,lost_track,26
405,2025,67.5,camera_5,reacquired,37
406,2030,67.667,camera_1,removed,-1
406,2030,67.667,camera_2,removed,16
406,2030,67.667,camera_3,reacquired,26
406,2030,67.667,camera_5,lost_track,28
406,2030,67.667,camera_5,removed,-1
407,2035,67.833,camera_3,reacquired,25
407,2035,67.833,camera_3,lost_track,26
407,2035,67.833,camera_3,removed,-1
408,2040,68.0,camera_5,lost_track,37
409,2045,68.167,camera_5,reacquired,37
410,2050,68.333,camera_4,new_track,8
410,2050,68.333,camera_6,removed,14
411,2055,68.5,camera_2,lost_track,18
411,2055,68.5,camera_6,removed,10
412,2060,68.667,camera_1,lost_track,14
412,2060,68.667,camera_5,lost_track,37
413,2065,68.833,camera_4,removed,5
413,2065,68.833,camera_5,reacquired,37
413,2065,68.833,camera_5,reacquired,38
414,2070,69.0,camera_5,reacquired,36
414,2070,69.0,camera_5,lost_track,38
415,2075,69.167,camera_5,reacquired,38
415,2075,69.167,camera_6,new_track,15
416,2080,69.333,camera_4,removed,-1
416,2080,69.333,camera_5,removed,26
417,2085,69.5,camera_1,reacquired,14
417,2085,69.5,camera_1,lost_track,16
417,2085,69.5,camera_4,new_track,9
417,2085,69.5,camera_4,removed,7
417,2085,69.5,camera_5,removed,-1
418,2090,69.667,camera_1,lost_track,14
418,2090,69.667,camera_5,new_track,42
419,2095,69.833,camera_5,new_track,43
420,2100,70.0,camera_4,lost_track,9
420,2100,70.0,camera_5,lost_track,42
420,2100,70.0,camera_5,removed,-1
421,2105,70.167,camera_3,reacquired,26
421,2105,70.167,camera_5,lost_track,43
422,2110,70.333,camera_2,new_track,21
422,2110,70.333,camera_3,new_track,27
422,2110,70.333,camera_4,lost_track,8
423,2115,70.5,camera_2,removed,17
423,2115,70.5,camera_4,removed,-1
423,2115,70.5,camera_4,removed,6
423,2115,70.5,camera_5,lost_track,41
424,2120,70.667,camera_1,new_track,17
424,2120,70.667,camera_2,new_track,22
424,2120,70.667,camera_5,reacquired,42
424,2120,70.667,camera_5,lost_track,38
424,2120,70.667,camera_6,removed,-1
425,2125,70.833,camera_5,removed,-1
426,2130,71.0,camera_1,lost_track,17
426,2130,71.0,camera_2,reacquired,19
426,2130,71.0,camera_2,lost_track,21
426,2130,71.0,camera_2,lost_track,22
426,2130,71.0,camera_5,removed,34
426,2130,71.0,camera_6,new_track,16
427,2135,71.167,camera_1,removed,-1
427,2135,71.167,camera_5,reacquired,38
428,2140,71.333,camera_1,reacquired,15
429,2145,71.5,camera_3,lost_track,26
429,2145,71.5,camera_5,lost_track,38
429,2145,71.5,camera_5,removed,-1
430,2150,71.667,camera_5,lost_track,42
430,2150,71.667,camera_5,removed,30
430,2150,71.667,camera_5,removed,39
431,2155,71.833,camera_2,removed,-1
431,2155,71.833,camera_3,reacquired,26
431,2155,71.833,camera_5,reacquired,42
432,2160,72.0,camera_3,lost_track,26
432,2160,72.0,camera_4,new_track,10
432,2160,72.0,camera_5,lost_track,42
432,2160,72.0,camera_6,lost_track,16
433,2165,72.167,camera_3,reacquired,26
433,2165,72.167,camera_5,reacquired,38
433,2165,72.167,camera_5,reacquired,42
433,2165,72.167,camera_5,removed,33
433,2165,72.167,camera_5,removed,-1
433,2165,72.167,camera_6,new_track,17
433,2165,72.167,camera_6,lost_track,15
433,2165,72.167,camera_6,removed,-1
433,2165,72.167,camera_7,new_track,13
434,2170,72.333,camera_1,reacquired,17
434,2170,72.333,camera_3,lost_track,26
434,2170,72.333,camera_3,lost_track,27
434,2170,72.333,camera_5,lost_track,40
434,2170,72.333,camera_7,lost_track,13
435,2175,72.5,camera_3,reacquired,26
435,2175,72.5,camera_3,removed,-1
435,2175,72.5,camera_4,lost_track,10
435,2175,72.5,camera_7,new_track,14
436,2180,72.667,camera_1,lost_track,17
436,2180,72.667,camera_3,lost_track,26
436,2180,72.667,camera_5,removed,28
437,2185,72.833,camera_2,removed,-1
437,2185,72.833,camera_3,reacquired,26
437,2185,72.833,camera_5,lost_track,42
437,2185,72.833,camera_5,lost_track,37
438,2190,73.0,camera_3,new_track,28
438,2190,73.0,camera_5,removed,-1
439,2195,73.167,camera_2,new_track,23
440,2200,73.333,camera_1,new_track,18
440,2200,73.333,camera_1,lost_track,15
441,2205,73.5,camera_1,lost_track,18
441,2205,73.5,camera_2,lost_track,19
441,2205,73.5,camera_2,removed,18
442,2210,73.667,camera_2,removed,-1
442,2210,73.667,camera_5,reacquired,42
443,2215,73.833,camera_1,reacquired,15
443,2215,73.833,camera_1,removed,-1
443,2215,73.833,camera_2,lost_track,23
443,2215,73.833,camera_5,lost_track,42
444,2220,74.0,camera_5,lost_track,38
445,2225,74.167,camera_1,removed,-1
445,2225,74.167,camera_3,lost_track,26
445,2225,74.167,camera_5,new_track,44
445,2225,74.167,camera_5,new_track,45
446,2230,74.333,camera_1,new_track,19
446,2230,74.333,camera_1,reacquired,18
446,2230,74.333,camera_1,lost_track,15
446,2230,74.333,camera_3,reacquired,26
446,2230,74.333,camera_6,lost_track,17
446,2230,74.333,camera_6,removed,-1
447,2235,74.5,camera_1,removed,16
447,2235,74.5,camera_6,reacquired,17
448,2240,74.667,camera_1,removed,14
448,2240,74.667,camera_5,lost_track,45
448,2240,74.667,camera_6,new_track,18
449,2245,74.833,camera_5,reacquired,45
450,2250,75.0,camera_4,removed,9
451,2255,75.167,camera_1,lost_track,18
451,2255,75.167,camera_5,removed,43
451,2255,75.167,camera_5,removed,-1
452,2260,75.333,camera_4,removed,8
453,2265,75.5,camera_2,lost_track,20
453,2265,75.5,camera_5,lost_track,36
453,2265,75.5,camera_5,removed,41
454,2270,75.667,camera_2,new_track,24
454,2270,75.667,camera_5,new_track,46
454,2270,75.667,camera_6,new_track,19
454,2270,75.667,camera_6,removed,-1
455,2275,75.833,camera_2,lost_track,24
456,2280,76.0,camera_2,removed,21
456,2280,76.0,camera_2,removed,22
456,2280,76.0,camera_7,reacquired,13
457,2285,76.167,camera_2,removed,-1
457,2285,76.167,camera_6,lost_track,19
458,2290,76.333,camera_4,new_track,11
458,2290,76.333,camera_4,removed,-1
459,2295,76.5,camera_2,removed,-1
459,2295,76.5,camera_5,lost_track,45
459,2295,76.5,camera_6,lost_track,17
461,2305,76.833,camera_1,removed,-1
461,2305,76.833,camera_2,new_track,25
461,2305,76.833,camera_5,new_track,47
461,2305,76.833,camera_5,reacquired,45
462,2310,77.0,camera_2,reacquired,24
462,2310,77.0,camera_3,removed,-1
462,2310,77.0,camera_6,removed,16
463,2315,77.167,camera_6,removed,15
464,2320,77.333,camera_3,lost_track,25
464,2320,77.333,camera_3,removed,27
464,2320,77.333,camera_3,removed,-1
464,2320,77.333,camera_5,removed,40
464,2320,77.333,camera_6,new_track,20
464,2320,77.333,camera_6,reacquired,17
464,2320,77.333,camera_6,removed,-1
465,2325,77.5,camera_2,lost_track,24
465,2325,77.5,camera_3,reacquired,25
465,2325,77.5,camera_4,removed,10
465,2325,77.5,camera_5,lost_track,46
466,2330,77.667,camera_1,removed,17
466,2330,77.667,camera_3,lost_track,26
467,2335,77.833,camera_3,lost_track,25
467,2335,77.833,camera_3,removed,-1
467,2335,77.833,camera_5,removed,37
467,2335,77.833,camera_6,lost_track,17
467,2335,77.833,camera_7,new_track,15
468,2340,78.0,camera_6,reacquired,19
468,2340,78.0,camera_6,lost_track,18
468,2340,78.0,camera_6,removed,-1
469,2345,78.167,camera_5,reacquired,46
469,2345,78.167,camera_6,lost_track,19
470,2350,78.333,camera_3,reacquired,26
470,2350,78.333,camera_5,lost_track,45
470,2350,78.333,camera_5,removed,-1
471,2355,78.5,camera_2,removed,19
471,2355,78.5,camera_5,new_track,48
471,2355,78.5,camera_5,lost_track,46
472,2360,78.667,camera_3,lost_track,28
472,2360,78.667,camera_5,reacquired,45
473,2365,78.833,camera_2,removed,23
473,2365,78.833,camera_3,removed,-1
473,2365,78.833,camera_5,removed,42
474,2370,79.0,camera_5,lost_track,45
474,2370,79.0,camera_5,removed,38
475,2375,79.167,camera_3,lost_track,26
475,2375,79.167,camera_5,removed,-1
476,2380,79.333,camera_1,removed,15
477,2385,79.5,camera_6,reacquired,19
477,2385,79.5,camera_6,lost_track,20
478,2390,79.667,camera_5,new_track,49
479,2395,79.833,camera_5,lost_track,48
479,2395,79.833,camera_5,removed,-1
480,2400,80.0,camera_5,reacquired,45
480,2400,80.0,camera_6,new_track,21
481,2405,80.167,camera_1,removed,18
481,2405,80.167,camera_5,reacquired,48
481,2405,80.167,camera_5,removed,-1
482,2410,80.333,camera_5,lost_track,48
483,2415,80.5,camera_1,lost_track,19
483,2415,80.5,camera_2,removed,20
483,2415,80.5,camera_5,reacquired,48
483,2415,80.5,camera_5,lost_track,45
483,2415,80.5,camera_5,removed,36
483,2415,80.5,camera_6,lost_track,21
484,2420,80.667,camera_7,new_track,16
485,2425,80.833,camera_2,lost_track,25
485,2425,80.833,camera_5,new_track,50
486,2430,81.0,camera_6,lost_track,19
486,2430,81.0,camera_7,lost_track,16
487,2435,81.167,camera_5,lost_track,50
487,2435,81.167,camera_5,removed,-1
487,2435,81.167,camera_7,reacquired,16
487,2435,81.167,camera_7,removed,-1
488,2440,81.333,camera_4,new_track,12
488,2440,81.333,camera_5,lost_track,48
488,2440,81.333,camera_5,lost_track,47
489,2445,81.5,camera_4,lost_track,11
489,2445,81.5,camera_5,reacquired,48
489,2445,81.5,camera_5,reacquired,50
490,2450,81.667,camera_4,removed,-1
490,2450,81.667,camera_5,removed,-1
490,2450,81.667,camera_7,lost_track,15
491,2455,81.833,camera_5,reacquired,47
491,2455,81.833,camera_5,lost_track,48
491,2455,81.833,camera_5,lost_track,49
491,2455,81.833,camera_7,removed,-1
492,2460,82.0,camera_2,reacquired,25
492,2460,82.0,camera_5,lost_track,47
492,2460,82.0,camera_5,removed,-1
492,2460,82.0,camera_7,new_track,17
493,2465,82.167,camera_1,reacquired,19
493,2465,82.167,camera_5,lost_track,50
493,2465,82.167,camera_7,new_track,18
493,2465,82.167,camera_7,lost_track,17
494,2470,82.333,camera_5,removed,-1
494,2470,82.333,camera_7,lost_track,18
495,2475,82.5,camera_2,removed,24
495,2475,82.5,camera_7,removed,-1
496,2480,82.667,camera_5,reacquired,46
496,2480,82.667,camera_7,reacquired,18
497,2485,82.833,camera_1,lost_track,19
497,2485,82.833,camera_2,lost_track,25
497,2485,82.833,camera_3,removed,25
497,2485,82.833,camera_6,removed,17
497,2485,82.833,camera_7,lost_track,13
498,2490,83.0,camera_6,removed,18
499,2495,83.167,camera_7,new_track,19
501,2505,83.5,camera_7,reacquired,15
501,2505,83.5,camera_7,lost_track,18
502,2510,83.667,camera_3,removed,28
503,2515,83.833,camera_7,reacquired,17
503,2515,83.833,camera_7,lost_track,15
504,2520,84.0,camera_5,removed,-1
505,2525,84.167,camera_3,new_track,29
505,2525,84.167,camera_3,removed,26
505,2525,84.167,camera_4,lost_track,12
506,2530,84.333,camera_4,removed,-1
507,2535,84.5,camera_6,removed,20
508,2540,84.667,camera_5,lost_track,44
510,2550,85.0,camera_5,reacquired,47
512,2560,85.333,camera_2,new_track,26
512,2560,85.333,camera_7,lost_track,19
513,2565,85.5,camera_5,removed,45
513,2565,85.5,camera_6,removed,21
513,2565,85.5,camera_7,removed,-1
514,2570,85.667,camera_3,new_track,30
515,2575,85.833,camera_3,lost_track,30
515,2575,85.833,camera_5,lost_track,47
516,2580,86.0,camera_1,removed,-1
516,2580,86.0,camera_5,reacquired,47
516,2580,86.0,camera_6,removed,19
518,2590,86.333,camera_1,removed,-1
519,2595,86.5,camera_4,removed,11
519,2595,86.5,camera_5,lost_track,47
519,2595,86.5,camera_6,new_track,22
521,2605,86.833,camera_5,removed,48
521,2605,86.833,camera_5,removed,49
523,2615,87.167,camera_5,removed,50
524,2620,87.333,camera_3,reacquired,30
524,2620,87.333,camera_5,new_track,51
525,2625,87.5,camera_3,removed,-1
526,2630,87.667,camera_3,lost_track,30
527,2635,87.833,camera_1,removed,19
527,2635,87.833,camera_2,removed,25
527,2635,87.833,camera_5,lost_track,51
527,2635,87.833,camera_7,removed,13
528,2640,88.0,camera_1,new_track,20
528,2640,88.0,camera_3,reacquired,30
528,2640,88.0,camera_5,reacquired,51
529,2645,88.167,camera_5,lost_track,51
531,2655,88.5,camera_3,lost_track,30
531,2655,88.5,camera_7,removed,18
533,2665,88.833,camera_5,new_track,52
533,2665,88.833,camera_7,removed,15
534,2670,89.0,camera_5,lost_track,52
535,2675,89.167,camera_4,removed,12
535,2675,89.167,camera_5,lost_track,46
537,2685,89.5,camera_3,reacquired,30
538,2690,89.667,camera_3,lost_track,30
538,2690,89.667,camera_5,removed,44
539,2695,89.833,camera_3,new_track,31
540,2700,90.0,camera_3,reacquired,30
540,2700,90.0,camera_6,new_track,23
541,2705,90.167,camera_3,new_track,32
542,2710,90.333,camera_3,lost_track,30
542,2710,90.333,camera_3,lost_track,31
542,2710,90.333,camera_7,new_track,20
542,2710,90.333,camera_7,removed,19
543,2715,90.5,camera_3,reacquired,30
543,2715,90.5,camera_3,reacquired,31
543,2715,90.5,camera_7,removed,-1
544,2720,90.667,camera_3,lost_track,29
544,2720,90.667,camera_7,new_track,21
544,2720,90.667,camera_7,lost_track,17
545,2725,90.833,camera_3,lost_track,32
545,2725,90.833,camera_3,lost_track,30
545,2725,90.833,camera_7,removed,-1
547,2735,91.167,camera_3,reacquired,29
547,2735,91.167,camera_3,reacquired,30
547,2735,91.167,camera_3,lost_track,31
547,2735,91.167,camera_7,new_track,22
547,2735,91.167,camera_7,lost_track,20
547,2735,91.167,camera_7,lost_track,21
548,2740,91.333,camera_6,new_track,24
549,2745,91.5,camera_5,removed,47
550,2750,91.667,camera_6,lost_track,23
550,2750,91.667,camera_7,new_track,23
552,2760,92.0,camera_3,lost_track,30
553,2765,92.167,camera_3,reacquired,30
554,2770,92.333,camera_7,reacquired,17
554,2770,92.333,camera_7,lost_track,23
555,2775,92.5,camera_1,removed,-1
555,2775,92.5,camera_3,lost_track,30
555,2775,92.5,camera_6,lost_track,22
555,2775,92.5,camera_7,lost_track,17
556,2780,92.667,camera_3,reacquired,30
556,2780,92.667,camera_7,lost_track,22
558,2790,93.0,camera_5,reacquired,52
558,2790,93.0,camera_5,removed,-1
558,2790,93.0,camera_7,reacquired,20
559,2795,93.167,camera_3,lost_track,30
559,2795,93.167,camera_5,new_track,53
559,2795,93.167,camera_5,removed,51
560,2800,93.333,camera_5,lost_track,52
561,2805,93.5,camera_5,reacquired,52
562,2810,93.667,camera_5,new_track,54
563,2815,93.833,camera_5,lost_track,52
563,2815,93.833,camera_5,lost_track,54
563,2815,93.833,camera_7,lost_track,20
564,2820,94.0,camera_3,reacquired,30
564,2820,94.0,camera_5,new_track,55
564,2820,94.0,camera_7,removed,-1
565,2825,94.167,camera_5,removed,46
565,2825,94.167,camera_7,new_track,24
566,2830,94.333,camera_6,lost_track,24
566,2830,94.333,camera_7,new_track,25
567,2835,94.5,camera_3,lost_track,30
567,2835,94.5,camera_5,lost_track,55
567,2835,94.5,camera_6,removed,-1
568,2840,94.667,camera_5,reacquired,55
569,2845,94.833,camera_3,reacquired,30
572,2860,95.333,camera_5,reacquired,52
572,2860,95.333,camera_5,lost_track,55
573,2865,95.5,camera_5,removed,-1
574,2870,95.667,camera_3,lost_track,30
574,2870,95.667,camera_7,reacquired,20
574,2870,95.667,camera_7,lost_track,24
574,2870,95.667,camera_7,lost_track,25
575,2875,95.833,camera_3,reacquired,30
575,2875,95.833,camera_3,removed,32
575,2875,95.833,camera_5,new_track,56
575,2875,95.833,camera_5,new_track,57
575,2875,95.833,camera_7,reacquired,24
575,2875,95.833,camera_7,removed,-1
576,2880,96.0,camera_5,lost_track,52
576,2880,96.0,camera_5,lost_track,53
576,2880,96.0,camera_5,removed,-1
577,2885,96.167,camera_3,lost_track,30
577,2885,96.167,camera_3,removed,31
577,2885,96.167,camera_5,new_track,58
577,2885,96.167,camera_7,removed,21
578,2890,96.333,camera_3,reacquired,30
578,2890,96.333,camera_5,reacquired,52
578,2890,96.333,camera_5,removed,-1
578,2890,96.333,camera_7,lost_track,24
578,2890,96.333,camera_7,removed,-1
579,2895,96.5,camera_5,new_track,59
580,2900,96.667,camera_6,removed,23
580,2900,96.667,camera_7,removed,-1
581,2905,96.833,camera_3,lost_track,30
582,2910,97.0,camera_5,lost_track,58
582,2910,97.0,camera_7,reacquired,22
582,2910,97.0,camera_7,removed,-1
583,2915,97.167,camera_5,reacquired,58
583,2915,97.167,camera_7,new_track,26
583,2915,97.167,camera_7,lost_track,22
584,2920,97.333,camera_2,new_track,27
584,2920,97.333,camera_7,removed,23
585,2925,97.5,camera_1,new_track,21
585,2925,97.5,camera_5,reacquired,55
585,2925,97.5,camera_5,lost_track,56
585,2925,97.5,camera_5,lost_track,58
585,2925,97.5,camera_5,lost_track,52
585,2925,97.5,camera_6,removed,22
585,2925,97.5,camera_7,lost_track,26
585,2925,97.5,camera_7,removed,17
586,2930,97.667,camera_7,removed,-1
587,2935,97.833,camera_5,lost_track,55
588,2940,98.0,camera_3,reacquired,30
588,2940,98.0,camera_5,new_track,60
588,2940,98.0,camera_5,reacquired,52
588,2940,98.0,camera_7,removed,-1
589,2945,98.167,camera_3,lost_track,30
589,2945,98.167,camera_6,new_track,25
590,2950,98.333,camera_3,reacquired,30
590,2950,98.333,camera_5,lost_track,52
590,2950,98.333,camera_6,new_track,26
591,2955,98.5,camera_3,lost_track,30
591,2955,98.5,camera_5,lost_track,59
591,2955,98.5,camera_5,lost_track,60
592,2960,98.667,camera_2,lost_track,26
592,2960,98.667,camera_3,reacquired,30
592,2960,98.667,camera_6,lost_track,26
593,2965,98.833,camera_2,reacquired,26
593,2965,98.833,camera_2,removed,-1
593,2965,98.833,camera_5,removed,54
593,2965,98.833,camera_6,removed,-1
594,2970,99.0,camera_3,lost_track,30
595,2975,99.167,camera_3,reacquired,30
595,2975,99.167,camera_5,reacquired,55
595,2975,99.167,camera_6,new_track,27
595,2975,99.167,camera_7,lost_track,16
595,2975,99.167,camera_7,removed,-1
596,2980,99.333,camera_5,new_track,61
596,2980,99.333,camera_5,reacquired,52
596,2980,99.333,camera_5,lost_track,55
596,2980,99.333,camera_6,removed,24
597,2985,99.5,camera_5,reacquired,55
597,2985,99.5,camera_5,lost_track,52
597,2985,99.5,camera_6,reacquired,26
597,2985,99.5,camera_6,removed,-1
598,2990,99.667,camera_3,lost_track,30
598,2990,99.667,camera_5,removed,-1
599,2995,99.833,camera_1,lost_track,20
599,2995,99.833,camera_3,reacquired,30
599,2995,99.833,camera_5,lost_track,55
600,3000,100.0,camera_5,new_track,62
600,3000,100.0,camera_5,reacquired,55
600,3000,100.0,camera_6,lost_track,26
601,3005,100.167,camera_2,lost_track,27
601,3005,100.167,camera_4,new_track,13
601,3005,100.167,camera_5,removed,-1
602,3010,100.333,camera_2,lost_track,26
602,3010,100.333,camera_5,lost_track,62
603,3015,100.5,camera_4,removed,-1
603,3015,100.5,camera_5,lost_track,55
604,3020,100.667,camera_6,lost_track,25
604,3020,100.667,camera_7,removed,25
605,3025,100.833,camera_5,reacquired,55
605,3025,100.833,camera_5,lost_track,57
605,3025,100.833,camera_6,removed,-1
606,3030,101.0,camera_5,lost_track,55
606,3030,101.0,camera_5,removed,53
606,3030,101.0,camera_7,reacquired,26
606,3030,101.0,camera_7,lost_track,14
607,3035,101.167,camera_3,lost_track,30
607,3035,101.167,camera_5,reacquired,55
608,3040,101.333,camera_3,reacquired,30
608,3040,101.333,camera_5,lost_track,55
608,3040,101.333,camera_5,removed,-1
608,3040,101.333,camera_7,removed,24
609,3045,101.5,camera_6,new_track,28
609,3045,101.5,camera_7,removed,-1
610,3050,101.667,camera_3,lost_track,30
610,3050,101.667,camera_5,reacquired,55
610,3050,101.667,camera_7,lost_track,26
611,3055,101.833,camera_6,reacquired,26
611,3055,101.833,camera_6,removed,-1
612,3060,102.0,camera_1,removed,-1
612,3060,102.0,camera_5,new_track,63
612,3060,102.0,camera_5,lost_track,55
613,3065,102.167,camera_3,reacquired,30
613,3065,102.167,camera_3,lost_track,29
613,3065,102.167,camera_5,reacquired,55
613,3065,102.167,camera_6,lost_track,27
613,3065,102.167,camera_7,removed,22
614,3070,102.333,camera_3,new_track,33
614,3070,102.333,camera_3,lost_track,30
614,3070,102.333,camera_5,lost_track,55
614,3070,102.333,camera_5,removed,-1
614,3070,102.333,camera_6,removed,-1
615,3075,102.5,camera_5,removed,56
615,3075,102.5,camera_5,removed,58
615,3075,102.5,camera_6,new_track,29
615,3075,102.5,camera_7,lost_track,20
616,3080,102.667,camera_4,lost_track,13
616,3080,102.667,camera_5,reacquired,55
616,3080,102.667,camera_6,lost_track,26
616,3080,102.667,camera_7,removed,-1
617,3085,102.833,camera_3,reacquired,30
617,3085,102.833,camera_3,removed,-1
617,3085,102.833,camera_5,removed,-1
617,3085,102.833,camera_6,reacquired,26
618,3090,103.0,camera_1,new_track,22
619,3095,103.167,camera_1,lost_track,22
619,3095,103.167,camera_2,new_track,28
619,3095,103.167,camera_3,new_track,34
619,3095,103.167,camera_6,lost_track,26
620,3100,103.333,camera_1,reacquired,22
620,3100,103.333,camera_1,lost_track,21
620,3100,103.333,camera_2,new_track,29
620,3100,103.333,camera_5,lost_track,63
620,3100,103.333,camera_5,lost_track,55
620,3100,103.333,camera_6,reacquired,26
621,3105,103.5,camera_5,new_track,64
621,3105,103.5,camera_5,removed,59
621,3105,103.5,camera_5,removed,60
621,3105,103.5,camera_6,lost_track,26
622,3110,103.667,camera_1,new_track,23
622,3110,103.667,camera_3,lost_track,30
622,3110,103.667,camera_5,reacquired,55
623,3115,103.833,camera_1,lost_track,23
623,3115,103.833,camera_5,removed,-1
624,3120,104.0,camera_3,removed,-1
624,3120,104.0,camera_5,new_track,65
625,3125,104.167,camera_1,new_track,24
625,3125,104.167,camera_1,removed,-1
625,3125,104.167,camera_3,reacquired,30
625,3125,104.167,camera_5,removed,-1
625,3125,104.167,camera_7,removed,16
626,3130,104.333,camera_3,lost_track,33
626,3130,104.333,camera_3,lost_track,30
627,3135,104.5,camera_1,new_track,25
627,3135,104.5,camera_1,reacquired,23
627,3135,104.5,camera_3,reacquired,30
627,3135,104.5,camera_3,reacquired,33
627,3135,104.5,camera_5,removed,52
628,3140,104.667,camera_1,lost_track,23
628,3140,104.667,camera_2,new_track,30
628,3140,104.667,camera_3,lost_track,30
629,3145,104.833,camera_1,removed,20
629,3145,104.833,camera_2,removed,-1
629,3145,104.833,camera_3,reacquired,30
630,3150,105.0,camera_2,lost_track,29
630,3150,105.0,camera_5,lost_track,64
631,3155,105.167,camera_2,new_track,31
631,3155,105.167,camera_2,reacquired,29
631,3155,105.167,camera_2,lost_track,28
631,3155,105.167,camera_2,removed,27
631,3155,105.167,camera_3,lost_track,30
631,3155,105.167,camera_6,lost_track,28
632,3160,105.333,camera_1,lost_track,24
632,3160,105.333,camera_1,removed,-1
632,3160,105.333,camera_2,lost_track,29
632,3160,105.333,camera_2,removed,26
632,3160,105.333,camera_2,removed,-1
632,3160,105.333,camera_5,removed,62
632,3160,105.333,camera_5,removed,-1
633,3165,105.5,camera_2,new_track,32
633,3165,105.5,camera_5,reacquired,57
633,3165,105.5,camera_5,lost_track,55
634,3170,105.667,camera_1,removed,-1
634,3170,105.667,camera_2,new_track,33
634,3170,105.667,camera_2,lost_track,31
634,3170,105.667,camera_3,reacquired,30
634,3170,105.667,camera_5,reacquired,64
634,3170,105.667,camera_5,lost_track,57
634,3170,105.667,camera_6,removed,25
635,3175,105.833,camera_1,reacquired,23
635,3175,105.833,camera_1,reacquired,24
635,3175,105.833,camera_2,new_track,34
635,3175,105.833,camera_2,removed,-1
635,3175,105.833,camera_5,lost_track,65
636,3180,106.0,camera_1,lost_track,25
636,3180,106.0,camera_1,lost_track,23
636,3180,106.0,camera_2,reacquired,29
636,3180,106.0,camera_3,lost_track,33
636,3180,106.0,camera_3,removed,-1
636,3180,106.0,camera_5,removed,-1
636,3180,106.0,camera_6,lost_track,29
636,3180,106.0,camera_7,removed,14
637,3185,106.167,camera_2,lost_track,32
637,3185,106.167,camera_2,lost_track,34
638,3190,106.333,camera_1,new_track,26
638,3190,106.333,camera_2,new_track,35
638,3190,106.333,camera_3,reacquired,33
639,3195,106.5,camera_1,reacquired,23
639,3195,106.5,camera_1,lost_track,24
639,3195,106.5,camera_1,removed,-1
639,3195,106.5,camera_2,reacquired,34
639,3195,106.5,camera_2,lost_track,33
639,3195,106.5,camera_2,lost_track,29
639,3195,106.5,camera_3,lost_track,30
640,3200,106.667,camera_1,new_track,27
640,3200,106.667,camera_2,reacquired,31
640,3200,106.667,camera_2,lost_track,30
640,3200,106.667,camera_5,new_track,66
640,3200,106.667,camera_5,reacquired,55
640,3200,106.667,camera_5,lost_track,64
640,3200,106.667,camera_7,removed,26
641,3205,106.833,camera_1,reacquired,24
641,3205,106.833,camera_1,lost_track,27
641,3205,106.833,camera_2,removed,-1
641,3205,106.833,camera_3,removed,-1
642,3210,107.0,camera_1,lost_track,24
643,3215,107.167,camera_1,reacquired,25
643,3215,107.167,camera_1,lost_track,26
643,3215,107.167,camera_2,lost_track,35
643,3215,107.167,camera_3,reacquired,30
643,3215,107.167,camera_3,removed,29
643,3215,107.167,camera_3,removed,-1
643,3215,107.167,camera_6,removed,27
644,3220,107.333,camera_5,lost_track,61
644,3220,107.333,camera_5,lost_track,55
644,3220,107.333,camera_5,removed,-1
645,3225,107.5,camera_5,new_track,67
645,3225,107.5,camera_7,removed,20
646,3230,107.667,camera_1,lost_track,25
646,3230,107.667,camera_4,removed,13
646,3230,107.667,camera_5,new_track,68
646,3230,107.667,camera_5,reacquired,55
647,3235,107.833,camera_1,removed,-1
647,3235,107.833,camera_5,reacquired,64
647,3235,107.833,camera_5,lost_track,55
648,3240,108.0,camera_1,lost_track,23
648,3240,108.0,camera_2,reacquired,29
648,3240,108.0,camera_2,lost_track,34
648,3240,108.0,camera_2,removed,-1
648,3240,108.0,camera_5,lost_track,64
649,3245,108.167,camera_1,reacquired,23
649,3245,108.167,camera_2,reacquired,34
650,3250,108.333,camera_1,removed,21
650,3250,108.333,camera_2,lost_track,34
650,3250,108.333,camera_2,lost_track,29
650,3250,108.333,camera_2,removed,-1
650,3250,108.333,camera_5,new_track,69
650,3250,108.333,camera_5,removed,63
651,3255,108.5,camera_1,removed,-1
651,3255,108.5,camera_2,new_track,36
651,3255,108.5,camera_3,lost_track,30
651,3255,108.5,camera_5,lost_track,69
651,3255,108.5,camera_5,removed,-1
651,3255,108.5,camera_6,removed,26
652,3260,108.667,camera_3,reacquired,30
652,3260,108.667,camera_5,reacquired,69
653,3265,108.833,camera_1,reacquired,24
653,3265,108.833,camera_5,reacquired,55
654,3270,109.0,camera_1,lost_track,23
654,3270,109.0,camera_2,reacquired,35
654,3270,109.0,camera_3,lost_track,30
654,3270,109.0,camera_5,lost_track,69
654,3270,109.0,camera_5,lost_track,55
655,3275,109.167,camera_1,removed,-1
655,3275,109.167,camera_5,lost_track,66
656,3280,109.333,camera_3,reacquired,30
656,3280,109.333,camera_5,new_track,70
657,3285,109.5,camera_2,reacquired,28
657,3285,109.5,camera_2,lost_track,35
657,3285,109.5,camera_2,removed,-1
657,3285,109.5,camera_3,removed,-1
657,3285,109.5,camera_5,lost_track,67
658,3290,109.667,camera_2,lost_track,28
658,3290,109.667,camera_5,new_track,71
660,3300,110.0,camera_2,reacquired,35
660,3300,110.0,camera_3,lost_track,30
660,3300,110.0,camera_5,lost_track,68
661,3305,110.167,camera_1,removed,-1
661,3305,110.167,camera_3,lost_track,34
661,3305,110.167,camera_4,new_track,14
661,3305,110.167,camera_5,removed,-1
661,3305,110.167,camera_6,removed,28
662,3310,110.333,camera_2,removed,-1
662,3310,110.333,camera_3,reacquired,34
662,3310,110.333,camera_5,lost_track,70
663,3315,110.5,camera_1,lost_track,22
663,3315,110.5,camera_1,removed,-1
663,3315,110.5,camera_2,lost_track,35
663,3315,110.5,camera_3,lost_track,34
663,3315,110.5,camera_5,reacquired,70
664,3320,110.667,camera_3,reacquired,30
664,3320,110.667,camera_3,reacquired,34
664,3320,110.667,camera_5,removed,57
665,3325,110.833,camera_1,reacquired,22
665,3325,110.833,camera_3,lost_track,34
665,3325,110.833,camera_5,removed,65
666,3330,111.0,camera_2,reacquired,35
666,3330,111.0,camera_2,lost_track,31
666,3330,111.0,camera_3,reacquired,34
666,3330,111.0,camera_5,lost_track,71
666,3330,111.0,camera_5,removed,-1
666,3330,111.0,camera_6,removed,29
667,3335,111.167,camera_2,new_track,37
667,3335,111.167,camera_2,new_track,38
667,3335,111.167,camera_2,removed,32
667,3335,111.167,camera_3,lost_track,34
667,3335,111.167,camera_3,lost_track,30
667,3335,111.167,camera_4,new_track,15
668,3340,111.333,camera_1,lost_track,22
668,3340,111.333,camera_2,lost_track,37
668,3340,111.333,camera_3,reacquired,30
668,3340,111.333,camera_5,new_track,72
668,3340,111.333,camera_6,removed,-1
669,3345,111.5,camera_2,lost_track,38
669,3345,111.5,camera_2,removed,33
669,3345,111.5,camera_3,removed,-1
669,3345,111.5,camera_6,new_track,30
670,3350,111.667,camera_1,reacquired,22
670,3350,111.667,camera_2,removed,30
671,3355,111.833,camera_1,removed,27
671,3355,111.833,camera_4,lost_track,15
671,3355,111.833,camera_5,new_track,73
671,3355,111.833,camera_5,reacquired,55
671,3355,111.833,camera_5,removed,-1
672,3360,112.0,camera_5,lost_track,55
673,3365,112.167,camera_1,reacquired,23
673,3365,112.167,camera_1,lost_track,24
673,3365,112.167,camera_1,removed,26
673,3365,112.167,camera_2,lost_track,35
673,3365,112.167,camera_3,lost_track,30
673,3365,112.167,camera_5,reacquired,64
674,3370,112.333,camera_5,new_track,74
674,3370,112.333,camera_5,lost_track,64
674,3370,112.333,camera_5,removed,61
675,3375,112.5,camera_1,lost_track,23
675,3375,112.5,camera_5,reacquired,64
676,3380,112.667,camera_1,removed,25
676,3380,112.667,camera_2,removed,-1
676,3380,112.667,camera_5,lost_track,64
677,3385,112.833,camera_3,reacquired,30
677,3385,112.833,camera_5,reacquired,71
678,3390,113.0,camera_1,lost_track,22
679,3395,113.167,camera_5,lost_track,74
680,3400,113.333,camera_1,reacquired,22
680,3400,113.333,camera_2,removed,34
680,3400,113.333,camera_2,removed,29
680,3400,113.333,camera_3,lost_track,30
680,3400,113.333,camera_5,reacquired,74
681,3405,113.5,camera_1,lost_track,22
681,3405,113.5,camera_5,lost_track,74
681,3405,113.5,camera_5,removed,-1
683,3415,113.833,camera_6,new_track,31
684,3420,114.0,camera_3,reacquired,30
684,3420,114.0,camera_5,removed,69
685,3425,114.167,camera_3,lost_track,30
685,3425,114.167,camera_5,removed,66
685,3425,114.167,camera_5,removed,-1
685,3425,114.167,camera_6,lost_track,31
686,3430,114.333,camera_1,reacquired,24
686,3430,114.333,camera_2,lost_track,36
686,3430,114.333,camera_6,removed,-1
686,3430,114.333,camera_7,removed,-1
687,3435,114.5,camera_5,removed,67
687,3435,114.5,camera_6,lost_track,30
687,3435,114.5,camera_7,new_track,27
688,3440,114.667,camera_1,reacquired,22
688,3440,114.667,camera_2,reacquired,36
688,3440,114.667,camera_2,removed,28
688,3440,114.667,camera_3,reacquired,30
688,3440,114.667,camera_5,removed,-1
689,3445,114.833,camera_1,lost_track,24
689,3445,114.833,camera_1,lost_track,22
689,3445,114.833,camera_2,lost_track,36
689,3445,114.833,camera_2,removed,-1
690,3450,115.0,camera_5,new_track,75
690,3450,115.0,camera_5,removed,68
691,3455,115.167,camera_5,removed,-1
692,3460,115.333,camera_3,lost_track,30
692,3460,115.333,camera_4,lost_track,14
693,3465,115.5,camera_1,reacquired,22
694,3470,115.667,camera_1,lost_track,22
694,3470,115.667,camera_3,reacquired,30
695,3475,115.833,camera_2,reacquired,36
695,3475,115.833,camera_2,removed,-1
695,3475,115.833,camera_3,lost_track,30
696,3480,116.0,camera_2,removed,31
696,3480,116.0,camera_5,lost_track,75
697,3485,116.167,camera_3,reacquired,30
697,3485,116.167,camera_3,removed,34
698,3490,116.333,camera_2,removed,37
698,3490,116.333,camera_3,lost_track,30
698,3490,116.333,camera_5,lost_track,70
699,3495,116.5,camera_2,lost_track,36
699,3495,116.5,camera_2,removed,38
699,3495,116.5,camera_3,reacquired,30
699,3495,116.5,camera_3,lost_track,33
699,3495,116.5,camera_5,removed,-1
701,3505,116.833,camera_3,lost_track,30
701,3505,116.833,camera_4,removed,15
702,3510,117.0,camera_5,removed,55
703,3515,117.167,camera_1,reacquired,22
703,3515,117.167,camera_2,removed,35
704,3520,117.333,camera_1,lost_track,22
704,3520,117.333,camera_5,lost_track,72
705,3525,117.5,camera_1,reacquired,22
705,3525,117.5,camera_1,removed,23
705,3525,117.5,camera_2,reacquired,36
705,3525,117.5,camera_5,new_track,76
705,3525,117.5,camera_5,reacquired,72
706,3530,117.667,camera_3,new_track,35
706,3530,117.667,camera_5,removed,64
706,3530,117.667,camera_5,removed,-1
708,3540,118.0,camera_6,new_track,32
711,3555,118.5,camera_5,lost_track,76
711,3555,118.5,camera_5,removed,74
712,3560,118.667,camera_1,lost_track,22
712,3560,118.667,camera_5,removed,-1
713,3565,118.833,camera_5,new_track,77
713,3565,118.833,camera_5,reacquired,76
714,3570,119.0,camera_5,new_track,78
714,3570,119.0,camera_5,new_track,79
714,3570,119.0,camera_5,lost_track,76
715,3575,119.167,camera_2,lost_track,36
715,3575,119.167,camera_6,removed,31
716,3580,119.333,camera_5,lost_track,77
717,3585,119.5,camera_4,new_track,16
717,3585,119.5,camera_6,removed,30
718,3590,119.667,camera_7,lost_track,27
719,3595,119.833,camera_1,removed,24
719,3595,119.833,camera_3,new_track,36
719,3595,119.833,camera_5,lost_track,79
719,3595,119.833,camera_7,new_track,28
720,3600,120.0,camera_3,reacquired,30
720,3600,120.0,camera_5,reacquired,79
720,3600,120.0,camera_7,lost_track,28
721,3605,120.167,camera_6,removed,-1
721,3605,120.167,camera_7,reacquired,28
722,3610,120.333,camera_4,removed,-1
722,3610,120.333,camera_4,removed,14
722,3610,120.333,camera_5,lost_track,78
723,3615,120.5,camera_3,lost_track,30
723,3615,120.5,camera_4,new_track,17
723,3615,120.5,camera_7,lost_track,28
724,3620,120.667,camera_4,lost_track,17
724,3620,120.667,camera_5,new_track,80
724,3620,120.667,camera_5,lost_track,79
724,3620,120.667,camera_7,reacquired,28
725,3625,120.833,camera_5,reacquired,79
725,3625,120.833,camera_6,removed,-1
725,3625,120.833,camera_7,new_track,29
726,3630,121.0,camera_2,new_track,39
726,3630,121.0,camera_5,reacquired,75
726,3630,121.0,camera_6,lost_track,32
727,3635,121.167,camera_5,lost_track,80
727,3635,121.167,camera_5,lost_track,79
728,3640,121.333,camera_1,new_track,28
728,3640,121.333,camera_5,removed,70
728,3640,121.333,camera_5,removed,-1
729,3645,121.5,camera_1,new_track,29
729,3645,121.5,camera_3,removed,33
729,3645,121.5,camera_5,lost_track,75
729,3645,121.5,camera_5,lost_track,71
730,3650,121.667,camera_2,new_track,40
730,3650,121.667,camera_3,reacquired,30
730,3650,121.667,camera_5,new_track,81
731,3655,121.833,camera_3,lost_track,30
731,3655,121.833,camera_5,reacquired,80
731,3655,121.833,camera_5,lost_track,73
732,3660,122.0,camera_3,reacquired,30
732,3660,122.0,camera_5,lost_track,81
733,3665,122.167,camera_1,lost_track,28
733,3665,122.167,camera_5,removed,-1
735,3675,122.5,camera_2,reacquired,36
735,3675,122.5,camera_2,lost_track,39
735,3675,122.5,camera_4,new_track,18
736,3680,122.667,camera_1,new_track,30
736,3680,122.667,camera_3,new_track,37
736,3680,122.667,camera_3,lost_track,35
736,3680,122.667,camera_4,lost_track,18
737,3685,122.833,camera_4,new_track,19
738,3690,123.0,camera_5,lost_track,80
739,3695,123.167,camera_3,lost_track,36
740,3700,123.333,camera_3,new_track,38
740,3700,123.333,camera_3,reacquired,35
740,3700,123.333,camera_3,reacquired,36
740,3700,123.333,camera_3,lost_track,37
741,3705,123.5,camera_3,lost_track,36
741,3705,123.5,camera_4,removed,-1
742,3710,123.667,camera_1,removed,22
742,3710,123.667,camera_3,lost_track,30
742,3710,123.667,camera_5,removed,-1
743,3715,123.833,camera_3,reacquired,30
743,3715,123.833,camera_5,new_track,82
743,3715,123.833,camera_5,reacquired,80
744,3720,124.0,camera_4,lost_track,19
744,3720,124.0,camera_5,removed,76
745,3725,124.167,camera_1,lost_track,29
745,3725,124.167,camera_2,lost_track,36
745,3725,124.167,camera_5,reacquired,73
746,3730,124.333,camera_2,reacquired,36
746,3730,124.333,camera_2,removed,-1
746,3730,124.333,camera_5,removed,77
747,3735,124.5,camera_5,removed,-1
748,3740,124.667,camera_7,removed,27
749,3745,124.833,camera_3,reacquired,37
749,3745,124.833,camera_3,lost_track,35
749,3745,124.833,camera_5,lost_track,82
751,3755,125.167,camera_1,new_track,31
751,3755,125.167,camera_3,lost_track,30
752,3760,125.333,camera_2,lost_track,40
752,3760,125.333,camera_5,reacquired,82
752,3760,125.333,camera_5,removed,78
753,3765,125.5,camera_3,reacquired,30
753,3765,125.5,camera_3,removed,-1
754,3770,125.667,camera_1,reacquired,29
754,3770,125.667,camera_1,lost_track,31
754,3770,125.667,camera_3,lost_track,30
754,3770,125.667,camera_4,reacquired,17
755,3775,125.833,camera_3,lost_track,38
755,3775,125.833,camera_5,lost_track,82
756,3780,126.0,camera_5,reacquired,82
756,3780,126.0,camera_6,removed,32
757,3785,126.167,camera_5,removed,79
759,3795,126.5,camera_3,reacquired,30
759,3795,126.5,camera_4,lost_track,17
759,3795,126.5,camera_5,removed,75
759,3795,126.5,camera_5,removed,71
760,3800,126.667,camera_1,lost_track,29
760,3800,126.667,camera_3,lost_track,30
761,3805,126.833,camera_5,removed,-1
762,3810,127.0,camera_5,removed,81
763,3815,127.167,camera_1,removed,28
764,3820,127.333,camera_5,lost_track,82
765,3825,127.5,camera_2,removed,39
766,3830,127.667,camera_1,lost_track,30
766,3830,127.667,camera_4,removed,18
766,3830,127.667,camera_6,new_track,33
766,3830,127.667,camera_7,lost_track,29
767,3835,127.833,camera_5,lost_track,80
767,3835,127.833,camera_5,removed,-1
767,3835,127.833,camera_6,new_track,34
768,3840,128.0,camera_3,new_track,39
768,3840,128.0,camera_6,lost_track,34
769,3845,128.167,camera_5,reacquired,80
769,3845,128.167,camera_5,removed,-1
770,3850,128.333,camera_4,lost_track,16
770,3850,128.333,camera_5,lost_track,80
771,3855,128.5,camera_3,removed,36
773,3865,128.833,camera_3,reacquired,30
774,3870,129.0,camera_2,new_track,41
774,3870,129.0,camera_4,removed,19
775,3875,129.167,camera_5,new_track,83
775,3875,129.167,camera_5,lost_track,73
776,3880,129.333,camera_3,lost_track,30
777,3885,129.5,camera_4,removed,-1
777,3885,129.5,camera_5,reacquired,73
777,3885,129.5,camera_5,lost_track,83
777,3885,129.5,camera_5,removed,-1
778,3890,129.667,camera_3,reacquired,30
778,3890,129.667,camera_4,new_track,20
779,3895,129.833,camera_1,new_track,32
779,3895,129.833,camera_3,removed,35
779,3895,129.833,camera_5,reacquired,80
780,3900,130.0,camera_5,reacquired,83
781,3905,130.167,camera_3,removed,-1
782,3910,130.333,camera_2,removed,40
783,3915,130.5,camera_6,lost_track,33
784,3920,130.667,camera_1,removed,31
784,3920,130.667,camera_5,lost_track,83
785,3925,130.833,camera_3,removed,38
786,3930,131.0,camera_2,new_track,42
786,3930,131.0,camera_5,new_track,84
787,3935,131.167,camera_5,lost_track,72
788,3940,131.333,camera_2,lost_track,42
788,3940,131.333,camera_5,lost_track,84
789,3945,131.5,camera_2,reacquired,42
789,3945,131.5,camera_4,removed,17
790,3950,131.667,camera_1,removed,29
790,3950,131.667,camera_2,lost_track,42
790,3950,131.667,camera_5,lost_track,80
791,3955,131.833,camera_5,new_track,85
792,3960,132.0,camera_2,lost_track,41
792,3960,132.0,camera_5,removed,-1
793,3965,132.167,camera_5,new_track,86
794,3970,132.333,camera_3,lost_track,30
794,3970,132.333,camera_3,lost_track,39
794,3970,132.333,camera_5,new_track,87
794,3970,132.333,camera_5,removed,82
795,3975,132.5,camera_3,reacquired,30
795,3975,132.5,camera_5,lost_track,86
796,3980,132.667,camera_1,removed,30
796,3980,132.667,camera_5,reacquired,80
796,3980,132.667,camera_5,lost_track,87
796,3980,132.667,camera_7,removed,29
798,3990,133.0,camera_3,removed,-1
798,3990,133.0,camera_4,lost_track,20
798,3990,133.0,camera_5,reacquired,87
798,3990,133.0,camera_5,lost_track,80
798,3990,133.0,camera_6,removed,34
799,3995,133.167,camera_3,new_track,40
799,3995,133.167,camera_4,new_track,21
799,3995,133.167,camera_5,lost_track,87
800,4000,133.333,camera_2,new_track,43
800,4000,133.333,camera_2,lost_track,36
800,4000,133.333,camera_3,new_track,41
800,4000,133.333,camera_4,lost_track,21
800,4000,133.333,camera_4,removed,16
801,4005,133.5,camera_1,removed,-1
801,4005,133.5,camera_5,lost_track,85
802,4010,133.667,camera_1,new_track,33
802,4010,133.667,camera_3,lost_track,41
803,4015,133.833,camera_5,new_track,88
804,4020,134.0,camera_2,new_track,44
805,4025,134.167,camera_1,new_track,34
806,4030,134.333,camera_1,removed,-1
806,4030,134.333,camera_6,removed,-1
807,4035,134.5,camera_1,lost_track,34
807,4035,134.5,camera_3,new_track,42
807,4035,134.5,camera_5,lost_track,88
807,4035,134.5,camera_5,lost_track,73
807,4035,134.5,camera_6,new_track,35
807,4035,134.5,camera_7,lost_track,28
808,4040,134.667,camera_1,reacquired,34
808,4040,134.667,camera_3,removed,-1
808,4040,134.667,camera_6,new_track,36
809,4045,134.833,camera_2,lost_track,43
810,4050,135.0,camera_1,new_track,35
810,4050,135.0,camera_2,removed,-1
811,4055,135.167,camera_1,lost_track,34
811,4055,135.167,camera_1,lost_track,35
811,4055,135.167,camera_2,reacquired,43
811,4055,135.167,camera_6,lost_track,36
812,4060,135.333,camera_1,removed,-1
812,4060,135.333,camera_3,lost_track,37
813,4065,135.5,camera_3,new_track,43
813,4065,135.5,camera_6,removed,33
814,4070,135.667,camera_5,removed,83
815,4075,135.833,camera_2,lost_track,43
816,4080,136.0,camera_3,lost_track,30
817,4085,136.167,camera_2,reacquired,42
817,4085,136.167,camera_3,reacquired,30
817,4085,136.167,camera_4,reacquired,21
817,4085,136.167,camera_4,removed,-1
817,4085,136.167,camera_5,removed,72
818,4090,136.333,camera_2,lost_track,42
818,4090,136.333,camera_3,lost_track,42
818,4090,136.333,camera_3,lost_track,43
818,4090,136.333,camera_3,lost_track,30
818,4090,136.333,camera_5,removed,84
819,4095,136.5,camera_3,new_track,44
820,4100,136.667,camera_3,reacquired,30
820,4100,136.667,camera_3,lost_track,44
821,4105,136.833,camera_1,new_track,36
821,4105,136.833,camera_3,lost_track,30
822,4110,137.0,camera_1,new_track,37
822,4110,137.0,camera_2,removed,41
822,4110,137.0,camera_6,lost_track,35
823,4115,137.167,camera_1,lost_track,37
823,4115,137.167,camera_3,reacquired,43
823,4115,137.167,camera_6,removed,-1
824,4120,137.333,camera_1,reacquired,37
824,4120,137.333,camera_1,removed,-1
824,4120,137.333,camera_3,removed,39
825,4125,137.5,camera_1,reacquired,35
825,4125,137.5,camera_1,lost_track,32
825,4125,137.5,camera_1,lost_track,37
825,4125,137.5,camera_5,removed,86
826,4130,137.667,camera_1,removed,-1
826,4130,137.667,camera_3,reacquired,30
827,4135,137.833,camera_1,lost_track,36
828,4140,138.0,camera_1,new_track,38
828,4140,138.0,camera_4,removed,20
828,4140,138.0,camera_5,removed,80
829,4145,138.167,camera_5,removed,-1
829,4145,138.167,camera_5,removed,87
830,4150,138.333,camera_1,lost_track,35
830,4150,138.333,camera_2,removed,36
830,4150,138.333,camera_3,new_track,45
830,4150,138.333,camera_3,lost_track,30
830,4150,138.333,camera_3,removed,-1
830,4150,138.333,camera_5,new_track,89
830,4150,138.333,camera_5,new_track,90
831,4155,138.5,camera_1,reacquired,35
831,4155,138.5,camera_3,reacquired,30
831,4155,138.5,camera_3,lost_track,45
831,4155,138.5,camera_5,removed,85
832,4160,138.667,camera_3,removed,41
832,4160,138.667,camera_5,removed,-1
833,4165,138.833,camera_5,new_track,91
833,4165,138.833,camera_5,new_track,92
834,4170,139.0,camera_3,lost_track,30
834,4170,139.0,camera_4,lost_track,21
834,4170,139.0,camera_5,removed,-1
835,4175,139.167,camera_1,lost_track,35
835,4175,139.167,camera_4,removed,-1
836,4180,139.333,camera_5,lost_track,92
836,4180,139.333,camera_5,removed,-1
837,4185,139.5,camera_1,new_track,39
837,4185,139.5,camera_2,new_track,45
837,4185,139.5,camera_5,reacquired,92
837,4185,139.5,camera_5,lost_track,91
837,4185,139.5,camera_5,removed,88
837,4185,139.5,camera_5,removed,73
837,4185,139.5,camera_7,removed,28
838,4190,139.667,camera_1,lost_track,39
838,4190,139.667,camera_2,removed,-1
838,4190,139.667,camera_5,lost_track,92
838,4190,139.667,camera_5,removed,-1
839,4195,139.833,camera_3,reacquired,30
839,4195,139.833,camera_3,lost_track,40
839,4195,139.833,camera_3,removed,-1
839,4195,139.833,camera_5,lost_track,89
840,4200,140.0,camera_3,reacquired,40
840,4200,140.0,camera_3,lost_track,30
840,4200,140.0,camera_5,removed,-1
841,4205,140.167,camera_1,removed,34
841,4205,140.167,camera_1,removed,-1
841,4205,140.167,camera_6,removed,36
842,4210,140.333,camera_2,new_track,46
842,4210,140.333,camera_3,reacquired,30
842,4210,140.333,camera_3,removed,37
843,4215,140.5,camera_1,new_track,40
845,4225,140.833,camera_2,removed,43
845,4225,140.833,camera_5,reacquired,92
847,4235,141.167,camera_1,lost_track,40
847,4235,141.167,camera_5,lost_track,92
848,4240,141.333,camera_1,reacquired,39
848,4240,141.333,camera_2,removed,42
848,4240,141.333,camera_3,removed,42
849,4245,141.5,camera_1,lost_track,39
849,4245,141.5,camera_1,removed,-1
849,4245,141.5,camera_2,lost_track,46
850,4250,141.667,camera_2,removed,-1
850,4250,141.667,camera_3,removed,44
851,4255,141.833,camera_5,new_track,93
851,4255,141.833,camera_5,new_track,94
851,4255,141.833,camera_5,removed,-1
852,4260,142.0,camera_2,lost_track,44
852,4260,142.0,camera_3,lost_track,40
852,4260,142.0,camera_3,lost_track,30
852,4260,142.0,camera_4,new_track,22
852,4260,142.0,camera_6,removed,35
853,4265,142.167,camera_1,removed,-1
853,4265,142.167,camera_3,reacquired,30
853,4265,142.167,camera_5,removed,-1
854,4270,142.333,camera_3,lost_track,30
854,4270,142.333,camera_5,new_track,95
855,4275,142.5,camera_1,removed,32
855,4275,142.5,camera_1,removed,37
855,4275,142.5,camera_5,lost_track,95
856,4280,142.667,camera_1,removed,-1
856,4280,142.667,camera_3,reacquired,30
856,4280,142.667,camera_3,lost_track,43
856,4280,142.667,camera_5,reacquired,95
856,4280,142.667,camera_5,lost_track,94
857,4285,142.833,camera_1,removed,36
857,4285,142.833,camera_3,lost_track,30
858,4290,143.0,camera_5,lost_track,95
861,4305,143.5,camera_3,new_track,46
861,4305,143.5,camera_3,removed,45
862,4310,143.667,camera_5,new_track,96
862,4310,143.667,camera_5,reacquired,95
863,4315,143.833,camera_5,new_track,97
863,4315,143.833,camera_5,lost_track,93
864,4320,144.0,camera_4,removed,21
865,4325,144.167,camera_1,removed,35
865,4325,144.167,camera_5,new_track,98
865,4325,144.167,camera_5,removed,-1
866,4330,144.333,camera_5,lost_track,97
867,4335,144.5,camera_4,lost_track,22
867,4335,144.5,camera_5,reacquired,97
867,4335,144.5,camera_5,removed,91
868,4340,144.667,camera_1,lost_track,33
868,4340,144.667,camera_5,lost_track,97
869,4345,144.833,camera_5,removed,89
871,4355,145.167,camera_1,reacquired,33
871,4355,145.167,camera_4,reacquired,22
871,4355,145.167,camera_5,removed,-1
873,4365,145.5,camera_3,lost_track,46
873,4365,145.5,camera_5,removed,-1
873,4365,145.5,camera_6,new_track,37
874,4370,145.667,camera_3,reacquired,46
874,4370,145.667,camera_5,lost_track,98
874,4370,145.667,camera_5,lost_track,95
875,4375,145.833,camera_5,removed,-1
876,4380,146.0,camera_3,lost_track,46
876,4380,146.0,camera_5,reacquired,95
877,4385,146.167,camera_1,removed,40
877,4385,146.167,camera_4,lost_track,22
877,4385,146.167,camera_5,new_track,99
877,4385,146.167,camera_5,lost_track,95
877,4385,146.167,camera_5,removed,92
878,4390,146.333,camera_3,reacquired,46
879,4395,146.5,camera_1,removed,39
879,4395,146.5,camera_2,removed,46
879,4395,146.5,camera_3,reacquired,30
879,4395,146.5,camera_3,removed,-1
879,4395,146.5,camera_5,lost_track,99
880,4400,146.667,camera_5,reacquired,99
882,4410,147.0,camera_2,removed,44
882,4410,147.0,camera_3,removed,40
882,4410,147.0,camera_5,lost_track,90
883,4415,147.167,camera_5,removed,-1
883,4415,147.167,camera_6,new_track,38
884,4420,147.333,camera_1,lost_track,33
884,4420,147.333,camera_5,reacquired,95
885,4425,147.5,camera_5,lost_track,95
886,4430,147.667,camera_3,removed,43
886,4430,147.667,camera_5,lost_track,99
886,4430,147.667,camera_5,removed,94
887,4435,147.833,camera_2,lost_track,45
887,4435,147.833,camera_5,new_track,100
887,4435,147.833,camera_5,reacquired,99
888,4440,148.0,camera_5,lost_track,99
888,4440,148.0,camera_6,lost_track,38
888,4440,148.0,camera_7,new_track,30
889,4445,148.167,camera_3,lost_track,30
889,4445,148.167,camera_5,removed,-1
889,4445,148.167,camera_6,lost_track,37
889,4445,148.167,camera_6,removed,-1
890,4450,148.333,camera_3,new_track,47
890,4450,148.333,camera_4,removed,-1
890,4450,148.333,camera_5,reacquired,97
890,4450,148.333,camera_5,reacquired,99
890,4450,148.333,camera_5,lost_track,100
890,4450,148.333,camera_7,removed,-1
891,4455,148.5,camera_3,lost_track,46
891,4455,148.5,camera_3,lost_track,47
891,4455,148.5,camera_4,new_track,23
891,4455,148.5,camera_5,reacquired,100
891,4455,148.5,camera_5,lost_track,97
891,4455,148.5,camera_5,lost_track,99
893,4465,148.833,camera_1,removed,-1
893,4465,148.833,camera_5,removed,93
894,4470,149.0,camera_5,reacquired,97
894,4470,149.0,camera_5,lost_track,100
895,4475,149.167,camera_5,removed,-1
896,4480,149.333,camera_3,reacquired,46
897,4485,149.5,camera_1,removed,-1
898,4490,149.667,camera_3,lost_track,46
899,4495,149.833,camera_5,removed,-1
900,4500,150.0,camera_3,reacquired,46
901,4505,150.167,camera_5,new_track,101
902,4510,150.333,camera_1,removed,-1
902,4510,150.333,camera_3,lost_track,46
902,4510,150.333,camera_5,reacquired,95
903,4515,150.5,camera_3,reacquired,46
904,4520,150.667,camera_4,lost_track,23
904,4520,150.667,camera_5,removed,98
904,4520,150.667,camera_5,removed,-1
905,4525,150.833,camera_3,lost_track,46
905,4525,150.833,camera_5,lost_track,95
906,4530,151.0,camera_5,reacquired,95
906,4530,151.0,camera_5,removed,-1
907,4535,151.167,camera_4,removed,22
908,4540,151.333,camera_3,reacquired,46
908,4540,151.333,camera_5,removed,-1
909,4545,151.5,camera_3,new_track,48
909,4545,151.5,camera_5,lost_track,97
911,4555,151.833,camera_5,removed,-1
912,4560,152.0,camera_5,removed,90
914,4570,152.333,camera_1,removed,33
914,4570,152.333,camera_5,lost_track,95
916,4580,152.667,camera_3,lost_track,46
916,4580,152.667,camera_5,removed,-1
917,4585,152.833,camera_2,removed,45
918,4590,153.0,camera_6,removed,38
919,4595,153.167,camera_2,new_track,47
919,4595,153.167,camera_3,removed,30
919,4595,153.167,camera_6,removed,37
920,4600,153.333,camera_3,reacquired,46
921,4605,153.5,camera_1,removed,-1
921,4605,153.5,camera_3,lost_track,46
921,4605,153.5,camera_3,removed,47
921,4605,153.5,camera_5,removed,99
922,4610,153.667,camera_3,reacquired,46
923,4615,153.833,camera_1,new_track,41
923,4615,153.833,camera_3,removed,-1
924,4620,154.0,camera_3,lost_track,48
924,4620,154.0,camera_5,removed,100
925,4625,154.167,camera_3,new_track,49
925,4625,154.167,camera_5,lost_track,96
926,4630,154.333,camera_3,lost_track,49
927,4635,154.5,camera_3,new_track,50
928,4640,154.667,camera_1,lost_track,38
928,4640,154.667,camera_5,new_track,102
928,4640,154.667,camera_5,removed,-1
929,4645,154.833,camera_3,lost_track,46
929,4645,154.833,camera_5,new_track,103
929,4645,154.833,camera_5,lost_track,102
929,4645,154.833,camera_6,new_track,39
930,4650,155.0,camera_2,lost_track,47
930,4650,155.0,camera_3,reacquired,46
931,4655,155.167,camera_6,new_track,40
931,4655,155.167,camera_6,removed,-1
931,4655,155.167,camera_7,lost_track,30
933,4665,155.5,camera_3,lost_track,50
933,4665,155.5,camera_3,lost_track,46
933,4665,155.5,camera_4,removed,-1
933,4665,155.5,camera_5,reacquired,102
933,4665,155.5,camera_5,removed,-1
934,4670,155.667,camera_4,new_track,24
934,4670,155.667,camera_4,removed,23
935,4675,155.833,camera_3,new_track,51
935,4675,155.833,camera_3,removed,-1
936,4680,156.0,camera_3,reacquired,46
936,4680,156.0,camera_5,new_track,104
936,4680,156.0,camera_6,removed,-1
938,4690,156.333,camera_6,lost_track,40
939,4695,156.5,camera_3,lost_track,46
939,4695,156.5,camera_5,removed,97
940,4700,156.667,camera_3,reacquired,46
940,4700,156.667,camera_5,lost_track,104
940,4700,156.667,camera_5,lost_track,102
940,4700,156.667,camera_5,lost_track,103
941,4705,156.833,camera_5,reacquired,103
942,4710,157.0,camera_5,reacquired,104
943,4715,157.167,camera_5,new_track,105
943,4715,157.167,camera_5,lost_track,104
944,4720,157.333,camera_2,new_track,48
944,4720,157.333,camera_4,lost_track,24
944,4720,157.333,camera_5,removed,95
945,4725,157.5,camera_4,removed,-1
945,4725,157.5,camera_5,lost_track,103
945,4725,157.5,camera_5,removed,-1
947,4735,157.833,camera_2,new_track,49
947,4735,157.833,camera_5,reacquired,103
948,4740,158.0,camera_3,lost_track,46
948,4740,158.0,camera_6,lost_track,39
949,4745,158.167,camera_2,lost_track,49
949,4745,158.167,camera_3,reacquired,49
949,4745,158.167,camera_3,lost_track,51
949,4745,158.167,camera_4,reacquired,24
949,4745,158.167,camera_4,removed,-1
949,4745,158.167,camera_6,removed,-1
950,4750,158.333,camera_5,lost_track,103
952,4760,158.667,camera_4,lost_track,24
954,4770,159.0,camera_3,reacquired,46
954,4770,159.0,camera_3,removed,48
955,4775,159.167,camera_2,new_track,50
955,4775,159.167,camera_5,new_track,106
955,4775,159.167,camera_5,removed,96
956,4780,159.333,camera_3,lost_track,49
956,4780,159.333,camera_5,lost_track,105
957,4785,159.5,camera_2,lost_track,50
957,4785,159.5,camera_5,new_track,107
958,4790,159.667,camera_1,removed,38
958,4790,159.667,camera_1,removed,-1
958,4790,159.667,camera_2,removed,-1
958,4790,159.667,camera_3,lost_track,46
958,4790,159.667,camera_5,removed,-1
959,4795,159.833,camera_3,reacquired,46
960,4800,160.0,camera_2,removed,47
960,4800,160.0,camera_3,lost_track,46
961,4805,160.167,camera_7,removed,30
962,4810,160.333,camera_1,lost_track,41
962,4810,160.333,camera_5,new_track,108
963,4815,160.5,camera_3,removed,50
963,4815,160.5,camera_5,new_track,109
963,4815,160.5,camera_6,removed,-1
964,4820,160.667,camera_6,new_track,41
965,4825,160.833,camera_5,removed,-1
966,4830,161.0,camera_5,lost_track,101
967,4835,161.167,camera_5,removed,-1
968,4840,161.333,camera_5,lost_track,109
968,4840,161.333,camera_6,removed,40
969,4845,161.5,camera_2,lost_track,48
969,4845,161.5,camera_5,removed,-1
970,4850,161.667,camera_1,removed,-1
970,4850,161.667,camera_3,reacquired,46
970,4850,161.667,camera_5,removed,102
971,4855,161.833,camera_1,reacquired,41
971,4855,161.833,camera_2,reacquired,48
971,4855,161.833,camera_2,removed,-1
971,4855,161.833,camera_5,reacquired,109
972,4860,162.0,camera_4,new_track,25
972,4860,162.0,camera_6,new_track,42
973,4865,162.167,camera_1,lost_track,41
973,4865,162.167,camera_5,lost_track,108
973,4865,162.167,camera_5,lost_track,109
973,4865,162.167,camera_5,removed,104
973,4865,162.167,camera_6,removed,-1
974,4870,162.333,camera_2,lost_track,48
974,4870,162.333,camera_5,new_track,110
974,4870,162.333,camera_6,new_track,43
975,4875,162.5,camera_3,lost_track,46
975,4875,162.5,camera_6,lost_track,41
975,4875,162.5,camera_6,lost_track,42
975,4875,162.5,camera_7,removed,-1
976,4880,162.667,camera_4,new_track,26
976,4880,162.667,camera_4,lost_track,25
976,4880,162.667,camera_5,reacquired,109
976,4880,162.667,camera_5,removed,-1
976,4880,162.667,camera_6,removed,-1
977,4885,162.833,camera_5,lost_track,109
977,4885,162.833,camera_7,new_track,31
978,4890,163.0,camera_6,removed,39
979,4895,163.167,camera_2,removed,49
979,4895,163.167,camera_3,removed,51
980,4900,163.333,camera_4,lost_track,26
980,4900,163.333,camera_5,removed,103
981,4905,163.5,camera_4,removed,-1
981,4905,163.5,camera_5,removed,-1
982,4910,163.667,camera_4,removed,24
983,4915,163.833,camera_5,new_track,111
983,4915,163.833,camera_5,lost_track,110
984,4920,164.0,camera_5,removed,-1
984,4920,164.0,camera_6,removed,-1
985,4925,164.167,camera_5,lost_track,111
985,4925,164.167,camera_6,new_track,44
986,4930,164.333,camera_3,removed,49
986,4930,164.333,camera_5,reacquired,110
986,4930,164.333,camera_5,removed,105
986,4930,164.333,camera_7,lost_track,31
987,4935,164.5,camera_2,removed,50
987,4935,164.5,camera_5,lost_track,110
987,4935,164.5,camera_7,removed,-1
988,4940,164.667,camera_5,removed,-1
989,4945,164.833,camera_6,lost_track,44
990,4950,165.0,camera_6,lost_track,43
990,4950,165.0,camera_7,new_track,32
991,4955,165.167,camera_3,reacquired,46
991,4955,165.167,camera_6,removed,-1
991,4955,165.167,camera_7,new_track,33
992,4960,165.333,camera_3,lost_track,46
992,4960,165.333,camera_5,reacquired,109
992,4960,165.333,camera_5,removed,-1
994,4970,165.667,camera_5,lost_track,109
994,4970,165.667,camera_5,removed,-1
994,4970,165.667,camera_7,lost_track,33
995,4975,165.833,camera_7,new_track,34
996,4980,166.0,camera_5,removed,101
998,4990,166.333,camera_5,new_track,112
1001,5005,166.833,camera_5,removed,-1
1002,5010,167.0,camera_5,new_track,113
1003,5015,167.167,camera_1,removed,41
1003,5015,167.167,camera_5,lost_track,107
1003,5015,167.167,camera_5,removed,108
1004,5020,167.333,camera_2,removed,48
1004,5020,167.333,camera_5,new_track,114
1004,5020,167.333,camera_7,lost_track,32
1005,5025,167.5,camera_4,new_track,27
1005,5025,167.5,camera_5,removed,-1
1005,5025,167.5,camera_6,removed,41
1005,5025,167.5,camera_6,removed,42
1005,5025,167.5,camera_7,reacquired,32
1006,5030,167.667,camera_4,removed,25
1006,5030,167.667,camera_5,lost_track,113
1008,5040,168.0,camera_4,lost_track,27
1008,5040,168.0,camera_7,lost_track,32
1008,5040,168.0,camera_7,lost_track,34
1009,5045,168.167,camera_7,removed,-1
1010,5050,168.333,camera_2,new_track,51
1010,5050,168.333,camera_4,removed,26
1010,5050,168.333,camera_5,new_track,115
1010,5050,168.333,camera_5,new_track,116
1011,5055,168.5,camera_1,new_track,42
1011,5055,168.5,camera_5,lost_track,115
1011,5055,168.5,camera_5,removed,-1
1011,5055,168.5,camera_6,new_track,45
1012,5060,168.667,camera_2,lost_track,51
1012,5060,168.667,camera_6,new_track,46
1013,5065,168.833,camera_5,lost_track,116
1014,5070,169.0,camera_1,lost_track,42
1014,5070,169.0,camera_5,new_track,117
1014,5070,169.0,camera_5,new_track,118
1014,5070,169.0,camera_6,lost_track,46
1015,5075,169.167,camera_5,removed,-1
1015,5075,169.167,camera_5,removed,111
1016,5080,169.333,camera_5,new_track,119
1016,5080,169.333,camera_5,lost_track,118
1016,5080,169.333,camera_7,removed,31
1017,5085,169.5,camera_5,removed,110
1017,5085,169.5,camera_7,new_track,35
1019,5095,169.833,camera_6,removed,44
1020,5100,170.0,camera_5,lost_track,117
1020,5100,170.0,camera_6,removed,43
1021,5105,170.167,camera_5,reacquired,116
1021,5105,170.167,camera_5,lost_track,119
1022,5110,170.333,camera_3,removed,46
1022,5110,170.333,camera_5,reacquired,117
1022,5110,170.333,camera_5,reacquired,119
1022,5110,170.333,camera_5,lost_track,106
1023,5115,170.5,camera_5,reacquired,115
1023,5115,170.5,camera_5,lost_track,117
1023,5115,170.5,camera_5,lost_track,119
1023,5115,170.5,camera_6,lost_track,45
1024,5120,170.667,camera_5,reacquired,119
1024,5120,170.667,camera_5,lost_track,115
1024,5120,170.667,camera_5,removed,109
1024,5120,170.667,camera_6,removed,-1
1024,5120,170.667,camera_7,removed,33
1025,5125,170.833,camera_5,reacquired,117
1025,5125,170.833,camera_5,lost_track,116
1026,5130,171.0,camera_5,reacquired,115
1026,5130,171.0,camera_5,reacquired,116
1026,5130,171.0,camera_5,lost_track,114
1026,5130,171.0,camera_5,lost_track,119
1027,5135,171.167,camera_5,reacquired,118
1027,5135,171.167,camera_5,lost_track,115
1027,5135,171.167,camera_5,removed,-1
1028,5140,171.333,camera_5,lost_track,116
1028,5140,171.333,camera_5,lost_track,117
1028,5140,171.333,camera_5,lost_track,118
1029,5145,171.5,camera_6,removed,-1
1030,5150,171.667,camera_6,new_track,47
1030,5150,171.667,camera_7,reacquired,32
1030,5150,171.667,camera_7,lost_track,35
1031,5155,171.833,camera_5,removed,-1
1032,5160,172.0,camera_5,new_track,120
1032,5160,172.0,camera_7,reacquired,35
1032,5160,172.0,camera_7,lost_track,32
1033,5165,172.167,camera_5,removed,107
1036,5180,172.667,camera_5,removed,113
1038,5190,173.0,camera_1,removed,-1
1038,5190,173.0,camera_2,new_track,52
1038,5190,173.0,camera_4,removed,27
1038,5190,173.0,camera_5,new_track,121
1038,5190,173.0,camera_5,new_track,122
1038,5190,173.0,camera_5,removed,-1
1038,5190,173.0,camera_7,removed,34
1039,5195,173.167,camera_1,new_track,43
1039,5195,173.167,camera_5,reacquired,117
1039,5195,173.167,camera_5,lost_track,120
1039,5195,173.167,camera_5,lost_track,121
1039,5195,173.167,camera_6,new_track,48
1040,5200,173.333,camera_5,reacquired,121
1040,5200,173.333,camera_5,lost_track,117
1041,5205,173.5,camera_5,lost_track,121
1041,5205,173.5,camera_6,lost_track,47
1042,5210,173.667,camera_2,removed,51
1042,5210,173.667,camera_6,removed,-1
1042,5210,173.667,camera_7,lost_track,35
1043,5215,173.833,camera_5,removed,-1
1043,5215,173.833,camera_6,new_track,49
1043,5215,173.833,camera_6,new_track,50
1044,5220,174.0,camera_1,removed,42
1044,5220,174.0,camera_3,new_track,52
1044,5220,174.0,camera_6,removed,46
1046,5230,174.333,camera_1,lost_track,43
1046,5230,174.333,camera_3,new_track,53
1046,5230,174.333,camera_5,reacquired,115
1046,5230,174.333,camera_6,lost_track,50
1046,5230,174.333,camera_7,new_track,36
1047,5235,174.5,camera_5,removed,-1
1047,5235,174.5,camera_6,lost_track,48
1047,5235,174.5,camera_7,removed,-1
1048,5240,174.667,camera_6,removed,-1
1049,5245,174.833,camera_2,lost_track,52
1049,5245,174.833,camera_5,new_track,123
1050,5250,175.0,camera_5,new_track,124
1050,5250,175.0,camera_5,lost_track,123
1052,5260,175.333,camera_5,reacquired,121
1052,5260,175.333,camera_5,lost_track,122
1052,5260,175.333,camera_5,removed,106
1053,5265,175.5,camera_5,removed,-1
1053,5265,175.5,camera_6,removed,45
1054,5270,175.667,camera_3,lost_track,53
1054,5270,175.667,camera_4,new_track,28
1054,5270,175.667,camera_7,reacquired,32
1054,5270,175.667,camera_7,lost_track,36
1055,5275,175.833,camera_4,lost_track,28
1055,5275,175.833,camera_5,removed,-1
1055,5275,175.833,camera_7,reacquired,36
1055,5275,175.833,camera_7,lost_track,32
1056,5280,176.0,camera_5,removed,114
1056,5280,176.0,camera_5,removed,119
1057,5285,176.167,camera_5,lost_track,121
1057,5285,176.167,camera_5,lost_track,115
1058,5290,176.333,camera_3,reacquired,53
1058,5290,176.333,camera_4,new_track,29
1058,5290,176.333,camera_5,new_track,125
1058,5290,176.333,camera_5,removed,116
1058,5290,176.333,camera_5,removed,118
1059,5295,176.5,camera_2,new_track,53
1061,5305,176.833,camera_3,lost_track,53
1061,5305,176.833,camera_5,reacquired,115
1061,5305,176.833,camera_5,reacquired,117
1061,5305,176.833,camera_5,reacquired,121
1061,5305,176.833,camera_5,lost_track,125
1062,5310,177.0,camera_1,new_track,44
1062,5310,177.0,camera_4,lost_track,29
1062,5310,177.0,camera_5,new_track,126
1062,5310,177.0,camera_5,lost_track,121
1062,5310,177.0,camera_5,lost_track,115
1062,5310,177.0,camera_5,lost_track,117
1062,5310,177.0,camera_5,removed,-1
1063,5315,177.167,camera_4,removed,-1
1063,5315,177.167,camera_5,reacquired,115
1064,5320,177.333,camera_5,reacquired,117
1064,5320,177.333,camera_5,reacquired,121
1064,5320,177.333,camera_5,lost_track,124
1064,5320,177.333,camera_5,removed,-1
1064,5320,177.333,camera_6,lost_track,49
1065,5325,177.5,camera_2,new_track,54
1065,5325,177.5,camera_5,lost_track,117
1066,5330,177.667,camera_5,new_track,127
1066,5330,177.667,camera_5,reacquired,124
1067,5335,177.833,camera_1,new_track,45
1067,5335,177.833,camera_3,reacquired,53
1067,5335,177.833,camera_5,new_track,128
1067,5335,177.833,camera_5,lost_track,115
1067,5335,177.833,camera_5,removed,-1
1068,5340,178.0,camera_4,new_track,30
1069,5345,178.167,camera_1,lost_track,44
1069,5345,178.167,camera_1,removed,-1
1069,5345,178.167,camera_3,lost_track,53
1069,5345,178.167,camera_5,new_track,129
1069,5345,178.167,camera_5,reacquired,115
1069,5345,178.167,camera_5,reacquired,125
1069,5345,178.167,camera_5,lost_track,126
1069,5345,178.167,camera_5,removed,120
1069,5345,178.167,camera_5,removed,-1
1070,5350,178.333,camera_2,removed,-1
1070,5350,178.333,camera_5,lost_track,129
1070,5350,178.333,camera_5,lost_track,112
1070,5350,178.333,camera_5,lost_track,115
1070,5350,178.333,camera_5,lost_track,121
1070,5350,178.333,camera_5,lost_track,124
1070,5350,178.333,camera_5,lost_track,127
1071,5355,178.5,camera_5,reacquired,115
1071,5355,178.5,camera_5,reacquired,121
1071,5355,178.5,camera_5,reacquired,127
1071,5355,178.5,camera_5,removed,-1
1071,5355,178.5,camera_6,removed,47
1072,5360,178.667,camera_5,lost_track,121
1072,5360,178.667,camera_7,removed,35
1073,5365,178.833,camera_5,new_track,130
1073,5365,178.833,camera_5,new_track,131
1073,5365,178.833,camera_5,lost_track,125
1073,5365,178.833,camera_5,lost_track,127
1075,5375,179.167,camera_5,reacquired,127
1076,5380,179.333,camera_1,removed,43
1076,5380,179.333,camera_3,new_track,54
1076,5380,179.333,camera_5,reacquired,121
1076,5380,179.333,camera_5,lost_track,128
1076,5380,179.333,camera_5,lost_track,131
1076,5380,179.333,camera_5,lost_track,127
1076,5380,179.333,camera_6,removed,50
1077,5385,179.5,camera_6,removed,48
1078,5390,179.667,camera_5,reacquired,128
1079,5395,179.833,camera_2,removed,52
1079,5395,179.833,camera_5,lost_track,128
1080,5400,180.0,camera_1,lost_track,45
1080,5400,180.0,camera_5,reacquired,128
1080,5400,180.0,camera_5,lost_track,121
1080,5400,180.0,camera_5,removed,123
1082,5410,180.333,camera_1,new_track,46
1082,5410,180.333,camera_3,new_track,55
1082,5410,180.333,camera_5,new_track,132
1082,5410,180.333,camera_5,lost_track,128
1082,5410,180.333,camera_5,removed,122
1083,5415,180.5,camera_2,new_track,55
1084,5420,180.667,camera_3,lost_track,55
1084,5420,180.667,camera_5,reacquired,121
1085,5425,180.833,camera_1,lost_track,46
1085,5425,180.833,camera_2,lost_track,54
1085,5425,180.833,camera_4,removed,28
1085,5425,180.833,camera_7,removed,32
1086,5430,181.0,camera_2,lost_track,55
1086,5430,181.0,camera_2,removed,-1
1087,5435,181.167,camera_3,removed,-1
1087,5435,181.167,camera_5,reacquired,129
1088,5440,181.333,camera_4,new_track,32
1088,5440,181.333,camera_4,new_track,31
1088,5440,181.333,camera_5,lost_track,129
1089,5445,181.5,camera_2,removed,-1
1089,5445,181.5,camera_4,lost_track,32
1089,5445,181.5,camera_4,lost_track,31
1089,5445,181.5,camera_5,reacquired,129
1089,5445,181.5,camera_5,removed,-1
1090,5450,181.667,camera_1,new_track,47
1090,5450,181.667,camera_2,new_track,56
1090,5450,181.667,camera_3,lost_track,54
1090,5450,181.667,camera_4,reacquired,31
1090,5450,181.667,camera_4,removed,-1
1090,5450,181.667,camera_5,lost_track,129
1091,5455,181.833,camera_3,removed,-1
1092,5460,182.0,camera_4,removed,29
1092,5460,182.0,camera_5,reacquired,129
1092,5460,182.0,camera_5,removed,-1
1093,5465,182.167,camera_1,lost_track,47
1093,5465,182.167,camera_2,lost_track,56
1094,5470,182.333,camera_2,new_track,57
1094,5470,182.333,camera_3,reacquired,54
1094,5470,182.333,camera_3,removed,-1
1094,5470,182.333,camera_5,removed,-1
1094,5470,182.333,camera_6,removed,49
1095,5475,182.5,camera_2,lost_track,57
1095,5475,182.5,camera_5,removed,117
1096,5480,182.667,camera_4,lost_track,31
1096,5480,182.667,camera_6,new_track,51
1097,5485,182.833,camera_2,reacquired,56
1097,5485,182.833,camera_6,new_track,52
1097,5485,182.833,camera_7,lost_track,36
1099,5495,183.167,camera_1,removed,44
1099,5495,183.167,camera_3,removed,53
1099,5495,183.167,camera_5,reacquired,131
1099,5495,183.167,camera_5,removed,126
1100,5500,183.333,camera_5,lost_track,131
1100,5500,183.333,camera_5,removed,112
1100,5500,183.333,camera_5,removed,124
1100,5500,183.333,camera_6,lost_track,52
1101,5505,183.5,camera_5,lost_track,121
1101,5505,183.5,camera_5,removed,-1
1102,5510,183.667,camera_1,reacquired,47
1102,5510,183.667,camera_5,reacquired,131
1103,5515,183.833,camera_1,new_track,48
1103,5515,183.833,camera_5,removed,125
1104,5520,184.0,camera_5,lost_track,131
1104,5520,184.0,camera_5,removed,-1
1105,5525,184.167,camera_1,lost_track,47
1105,5525,184.167,camera_5,reacquired,131
1105,5525,184.167,camera_5,lost_track,129
1106,5530,184.333,camera_3,removed,-1
1106,5530,184.333,camera_5,reacquired,128
1106,5530,184.333,camera_5,lost_track,131
1106,5530,184.333,camera_5,removed,127
1107,5535,184.5,camera_3,lost_track,54
1107,5535,184.5,camera_5,reacquired,131
1108,5540,184.667,camera_3,removed,-1
1108,5540,184.667,camera_4,removed,-1
1108,5540,184.667,camera_5,removed,-1
1109,5545,184.833,camera_1,reacquired,47
1109,5545,184.833,camera_3,new_track,56
1109,5545,184.833,camera_4,new_track,33
1109,5545,184.833,camera_5,reacquired,121
1109,5545,184.833,camera_5,lost_track,131
1110,5550,185.0,camera_1,removed,45
1110,5550,185.0,camera_5,removed,-1
1111,5555,185.167,camera_2,lost_track,56
1111,5555,185.167,camera_3,removed,-1
1111,5555,185.167,camera_4,removed,-1
1111,5555,185.167,camera_5,reacquired,131
1111,5555,185.167,camera_5,lost_track,128
1112,5560,185.333,camera_5,reacquired,128
1112,5560,185.333,camera_5,lost_track,121
1113,5565,185.5,camera_1,lost_track,48
1114,5570,185.667,camera_3,removed,-1
1114,5570,185.667,camera_3,removed,55
1114,5570,185.667,camera_5,lost_track,128
1114,5570,185.667,camera_6,lost_track,51
1115,5575,185.833,camera_1,removed,46
1115,5575,185.833,camera_2,removed,54
1115,5575,185.833,camera_3,reacquired,54
1115,5575,185.833,camera_5,lost_track,131
1115,5575,185.833,camera_5,removed,-1
1115,5575,185.833,camera_6,removed,-1
1116,5580,186.0,camera_2,removed,55
1116,5580,186.0,camera_3,lost_track,56
1116,5580,186.0,camera_5,reacquired,131
1116,5580,186.0,camera_5,lost_track,115
1117,5585,186.167,camera_5,lost_track,131
1118,5590,186.333,camera_5,reacquired,131
1119,5595,186.5,camera_4,removed,32
1119,5595,186.5,camera_5,lost_track,131
1121,5605,186.833,camera_5,reacquired,121
1121,5605,186.833,camera_5,reacquired,131
1122,5610,187.0,camera_5,reacquired,129
1122,5610,187.0,camera_5,lost_track,121
1122,5610,187.0,camera_5,removed,-1
1123,5615,187.167,camera_5,new_track,133
1124,5620,187.333,camera_3,lost_track,52
1125,5625,187.5,camera_2,removed,57
1125,5625,187.5,camera_5,new_track,134
1125,5625,187.5,camera_5,reacquired,121
1126,5630,187.667,camera_4,new_track,34
1126,5630,187.667,camera_4,removed,31
1127,5635,187.833,camera_4,lost_track,34
1127,5635,187.833,camera_5,lost_track,134
1127,5635,187.833,camera_7,removed,36
1128,5640,188.0,camera_5,lost_track,129
1128,5640,188.0,camera_5,lost_track,121
1129,5645,188.167,camera_4,removed,-1
1129,5645,188.167,camera_5,reacquired,129
1129,5645,188.167,camera_5,lost_track,130
1129,5645,188.167,camera_5,lost_track,131
1130,5650,188.333,camera_5,reacquired,131
1130,5650,188.333,camera_5,lost_track,129
1130,5650,188.333,camera_6,removed,52
1132,5660,188.667,camera_5,removed,-1
1133,5665,188.833,camera_5,new_track,135
1133,5665,188.833,camera_5,lost_track,131
1135,5675,189.167,camera_5,new_track,136
1135,5675,189.167,camera_5,lost_track,133
1136,5680,189.333,camera_2,removed,-1
1136,5680,189.333,camera_5,new_track,137
1136,5680,189.333,camera_5,reacquired,129
1136,5680,189.333,camera_5,reacquired,131
1137,5685,189.5,camera_5,lost_track,137
1137,5685,189.5,camera_5,lost_track,131
1138,5690,189.667,camera_5,new_track,138
1138,5690,189.667,camera_5,reacquired,131
1139,5695,189.833,camera_4,reacquired,34
1139,5695,189.833,camera_4,removed,-1
1140,5700,190.0,camera_1,lost_track,47
1140,5700,190.0,camera_2,lost_track,53
1140,5700,190.0,camera_4,new_track,35
1140,5700,190.0,camera_4,new_track,36
1140,5700,190.0,camera_4,lost_track,34
1140,5700,190.0,camera_5,new_track,139
1140,5700,190.0,camera_5,lost_track,129
1141,5705,190.167,camera_2,removed,56
1141,5705,190.167,camera_4,reacquired,34
1141,5705,190.167,camera_4,lost_track,35
1141,5705,190.167,camera_4,lost_track,36
1141,5705,190.167,camera_5,lost_track,131
1142,5710,190.333,camera_3,removed,-1
1142,5710,190.333,camera_4,reacquired,36
1142,5710,190.333,camera_4,lost_track,34
1142,5710,190.333,camera_4,removed,-1
1142,5710,190.333,camera_5,reacquired,121
1142,5710,190.333,camera_5,reacquired,129
1142,5710,190.333,camera_5,reacquired,131
1142,5710,190.333,camera_5,lost_track,136
1143,5715,190.5,camera_1,removed,48
1143,5715,190.5,camera_4,reacquired,34
1143,5715,190.5,camera_4,lost_track,33
1143,5715,190.5,camera_5,lost_track,129
1143,5715,190.5,camera_5,lost_track,131
1143,5715,190.5,camera_5,lost_track,121
1144,5720,190.667,camera_2,reacquired,53
1144,5720,190.667,camera_3,new_track,57
1144,5720,190.667,camera_4,lost_track,34
1144,5720,190.667,camera_5,reacquired,129
1144,5720,190.667,camera_5,reacquired,131
1144,5720,190.667,camera_5,reacquired,137
1144,5720,190.667,camera_5,lost_track,132
1144,5720,190.667,camera_5,removed,128
1144,5720,190.667,camera_5,removed,-1
1144,5720,190.667,camera_6,removed,51
1145,5725,190.833,camera_5,lost_track,131
1146,5730,191.0,camera_1,new_track,49
1146,5730,191.0,camera_3,removed,56
1146,5730,191.0,camera_3,removed,-1
1146,5730,191.0,camera_5,reacquired,131
1146,5730,191.0,camera_5,removed,115
1147,5735,191.167,camera_1,lost_track,49
1147,5735,191.167,camera_2,new_track,58
1147,5735,191.167,camera_4,reacquired,35
1147,5735,191.167,camera_4,lost_track,36
1147,5735,191.167,camera_5,lost_track,131
1148,5740,191.333,camera_2,lost_track,53
1148,5740,191.333,camera_5,reacquired,130
1148,5740,191.333,camera_5,lost_track,129
1148,5740,191.333,camera_5,lost_track,138
1149,5745,191.5,camera_1,new_track,50
1150,5750,191.667,camera_5,reacquired,138
1151,5755,191.833,camera_4,lost_track,35
1151,5755,191.833,camera_5,lost_track,130
1151,5755,191.833,camera_5,removed,-1
1152,5760,192.0,camera_4,removed,-1
1152,5760,192.0,camera_5,reacquired,130
1152,5760,192.0,camera_5,lost_track,137
1152,5760,192.0,camera_5,lost_track,138
1152,5760,192.0,camera_5,lost_track,135
1153,5765,192.167,camera_2,reacquired,53
1153,5765,192.167,camera_5,removed,-1
1154,5770,192.333,camera_3,removed,52
1154,5770,192.333,camera_4,new_track,37
1154,5770,192.333,camera_5,reacquired,136
1154,5770,192.333,camera_5,reacquired,137
1154,5770,192.333,camera_5,lost_track,130
1154,5770,192.333,camera_5,lost_track,139
1155,5775,192.5,camera_5,new_track,140
1157,5785,192.833,camera_1,reacquired,49
1157,5785,192.833,camera_4,lost_track,30
1157,5785,192.833,camera_5,lost_track,140
1157,5785,192.833,camera_5,removed,134
1158,5790,193.0,camera_1,lost_track,49
1158,5790,193.0,camera_2,removed,-1
1158,5790,193.0,camera_3,lost_track,57
1158,5790,193.0,camera_5,new_track,141
1158,5790,193.0,camera_5,reacquired,140
1158,5790,193.0,camera_5,removed,-1
1159,5795,193.167,camera_2,lost_track,53
1159,5795,193.167,camera_3,new_track,58
1160,5800,193.333,camera_5,reacquired,129
1160,5800,193.333,camera_5,removed,-1
1160,5800,193.333,camera_6,removed,-1
1161,5805,193.5,camera_5,new_track,142
1161,5805,193.5,camera_5,new_track,143
1161,5805,193.5,camera_5,lost_track,129
1162,5810,193.667,camera_2,reacquired,53
1162,5810,193.667,camera_2,removed,-1
1162,5810,193.667,camera_5,reacquired,139
1162,5810,193.667,camera_5,lost_track,136
1162,5810,193.667,camera_6,new_track,53
1163,5815,193.833,camera_3,lost_track,58
1163,5815,193.833,camera_3,lost_track,54
1163,5815,193.833,camera_5,lost_track,139
1163,5815,193.833,camera_5,lost_track,140
1164,5820,194.0,camera_5,reacquired,139
1164,5820,194.0,camera_5,removed,-1
1165,5825,194.167,camera_2,removed,-1
1165,5825,194.167,camera_5,lost_track,143
1165,5825,194.167,camera_5,removed,133
1166,5830,194.333,camera_5,reacquired,143
1166,5830,194.333,camera_5,lost_track,142
1167,5835,194.5,camera_1,removed,-1
1167,5835,194.5,camera_2,lost_track,53
1167,5835,194.5,camera_2,removed,-1
1167,5835,194.5,camera_5,reacquired,142
1167,5835,194.5,camera_5,removed,-1
1168,5840,194.667,camera_2,new_track,59
1168,5840,194.667,camera_5,lost_track,143
1169,5845,194.833,camera_5,lost_track,142
1169,5845,194.833,camera_5,removed,-1
1170,5850,195.0,camera_1,lost_track,50
1170,5850,195.0,camera_1,removed,47
1170,5850,195.0,camera_5,reacquired,143
1171,5855,195.167,camera_1,reacquired,50
1171,5855,195.167,camera_2,lost_track,59
1171,5855,195.167,camera_5,new_track,144
1171,5855,195.167,camera_5,removed,-1
1172,5860,195.333,camera_1,lost_track,50
1173,5865,195.5,camera_4,lost_track,37
1173,5865,195.5,camera_4,removed,33
1173,5865,195.5,camera_5,new_track,145
1173,5865,195.5,camera_5,removed,121
1174,5870,195.667,camera_3,new_track,59
1174,5870,195.667,camera_4,removed,34
1174,5870,195.667,camera_5,removed,132
1175,5875,195.833,camera_1,reacquired,50
1175,5875,195.833,camera_5,lost_track,144
1175,5875,195.833,camera_5,lost_track,141
1176,5880,196.0,camera_1,lost_track,50
1176,5880,196.0,camera_2,lost_track,58
1176,5880,196.0,camera_2,removed,-1
1176,5880,196.0,camera_5,reacquired,136
1176,5880,196.0,camera_5,reacquired,141
1176,5880,196.0,camera_5,lost_track,137
1176,5880,196.0,camera_5,lost_track,143
1176,5880,196.0,camera_5,removed,-1
1177,5885,196.167,camera_2,reacquired,58
1177,5885,196.167,camera_4,removed,36
1177,5885,196.167,camera_5,removed,131
1178,5890,196.333,camera_1,reacquired,50
1178,5890,196.333,camera_2,new_track,60
1178,5890,196.333,camera_5,lost_track,145
1178,5890,196.333,camera_6,new_track,54
1179,5895,196.5,camera_1,lost_track,50
1179,5895,196.5,camera_2,lost_track,60
1179,5895,196.5,camera_5,reacquired,144
1179,5895,196.5,camera_5,lost_track,139
1180,5900,196.667,camera_2,reacquired,60
1180,5900,196.667,camera_2,removed,-1
1180,5900,196.667,camera_5,removed,-1
1180,5900,196.667,camera_6,lost_track,54
1180,5900,196.667,camera_7,new_track,37
1181,5905,196.833,camera_1,new_track,51
1181,5905,196.833,camera_1,reacquired,50
1181,5905,196.833,camera_2,reacquired,59
1181,5905,196.833,camera_4,removed,35
1181,5905,196.833,camera_5,lost_track,144
1181,5905,196.833,camera_7,lost_track,37
1182,5910,197.0,camera_1,lost_track,50
1182,5910,197.0,camera_3,new_track,60
1182,5910,197.0,camera_3,removed,-1
1182,5910,197.0,camera_5,removed,138
1182,5910,197.0,camera_5,removed,135
1182,5910,197.0,camera_6,lost_track,53
1182,5910,197.0,camera_7,new_track,38
1183,5915,197.167,camera_1,reacquired,50
1184,5920,197.333,camera_2,lost_track,59
1184,5920,197.333,camera_5,reacquired,137
1184,5920,197.333,camera_5,lost_track,136
1184,5920,197.333,camera_5,removed,130
1185,5925,197.5,camera_2,removed,-1
1185,5925,197.5,camera_5,removed,-1
1186,5930,197.667,camera_1,lost_track,50
1186,5930,197.667,camera_1,removed,-1
1186,5930,197.667,camera_3,lost_track,59
1187,5935,197.833,camera_2,new_track,61
1187,5935,197.833,camera_4,removed,30
1187,5935,197.833,camera_5,reacquired,144
1188,5940,198.0,camera_1,removed,49
1188,5940,198.0,camera_2,lost_track,61
1188,5940,198.0,camera_2,removed,-1
1188,5940,198.0,camera_3,removed,57
1189,5945,198.167,camera_1,new_track,52
1189,5945,198.167,camera_4,new_track,38
1190,5950,198.333,camera_1,reacquired,50
1190,5950,198.333,camera_1,removed,-1
1191,5955,198.5,camera_1,lost_track,52
1191,5955,198.5,camera_5,lost_track,141
1191,5955,198.5,camera_5,removed,129
1191,5955,198.5,camera_6,new_track,55
1192,5960,198.667,camera_1,lost_track,50
1192,5960,198.667,camera_1,lost_track,51
1192,5960,198.667,camera_2,lost_track,60
1192,5960,198.667,camera_2,removed,-1
1192,5960,198.667,camera_5,new_track,146
1192,5960,198.667,camera_5,lost_track,144
1193,5965,198.833,camera_1,removed,-1
1193,5965,198.833,camera_2,reacquired,60
1193,5965,198.833,camera_2,reacquired,61
1193,5965,198.833,camera_3,removed,58
1193,5965,198.833,camera_3,removed,54
1193,5965,198.833,camera_5,reacquired,144
1193,5965,198.833,camera_5,reacquired,145
1193,5965,198.833,camera_5,lost_track,146
1193,5965,198.833,camera_5,removed,140
1193,5965,198.833,camera_5,removed,-1
1194,5970,199.0,camera_1,reacquired,50
1194,5970,199.0,camera_2,lost_track,60
1194,5970,199.0,camera_2,lost_track,61
1194,5970,199.0,camera_4,lost_track,38
1194,5970,199.0,camera_5,lost_track,144
1195,5975,199.167,camera_1,reacquired,52
1196,5980,199.333,camera_1,lost_track,52
1196,5980,199.333,camera_3,new_track,61
1196,5980,199.333,camera_5,reacquired,143
1197,5985,199.5,camera_2,removed,53
1197,5985,199.5,camera_5,reacquired,146
1197,5985,199.5,camera_5,lost_track,143
1198,5990,199.667,camera_5,reacquired,143
1198,5990,199.667,camera_5,lost_track,146
1199,5995,199.833,camera_1,new_track,53
1199,5995,199.833,camera_5,new_track,147
1199,5995,199.833,camera_5,new_track,148
1199,5995,199.833,camera_5,lost_track,143
1199,5995,199.833,camera_5,removed,142
1199,5995,199.833,camera_6,new_track,56
1200,6000,200.0,camera_5,reacquired,144
1200,6000,200.0,camera_5,lost_track,148
1201,6005,200.167,camera_5,reacquired,143
1202,6010,200.333,camera_5,lost_track,143
1203,6015,200.5,camera_1,lost_track,53
1203,6015,200.5,camera_4,removed,37
1203,6015,200.5,camera_5,reacquired,143
1203,6015,200.5,camera_5,reacquired,146
1203,6015,200.5,camera_5,removed,-1
1204,6020,200.667,camera_4,new_track,39
1204,6020,200.667,camera_5,lost_track,143
1204,6020,200.667,camera_6,reacquired,54
1205,6025,200.833,camera_5,lost_track,144
1205,6025,200.833,camera_5,lost_track,145
1205,6025,200.833,camera_6,lost_track,56
1205,6025,200.833,camera_7,reacquired,37
1206,6030,201.0,camera_1,reacquired,53
1206,6030,201.0,camera_1,lost_track,50
1206,6030,201.0,camera_5,reacquired,144
1206,6030,201.0,camera_5,reacquired,145
1206,6030,201.0,camera_5,lost_track,146
1206,6030,201.0,camera_6,lost_track,54
1207,6035,201.167,camera_2,lost_track,58
1207,6035,201.167,camera_7,lost_track,37
1208,6040,201.333,camera_2,reacquired,58
1208,6040,201.333,camera_5,reacquired,146
1208,6040,201.333,camera_5,lost_track,145
1208,6040,201.333,camera_6,lost_track,55
1208,6040,201.333,camera_7,new_track,39
1208,6040,201.333,camera_7,removed,-1
1209,6045,201.5,camera_2,lost_track,58
1209,6045,201.5,camera_4,lost_track,39
1209,6045,201.5,camera_5,reacquired,145
1209,6045,201.5,camera_5,lost_track,144
1209,6045,201.5,camera_5,lost_track,146
1209,6045,201.5,camera_5,removed,139
1210,6050,201.667,camera_2,reacquired,58
1210,6050,201.667,camera_3,removed,-1
1210,6050,201.667,camera_5,lost_track,145
1211,6055,201.833,camera_2,reacquired,59
1211,6055,201.833,camera_5,reacquired,144
1211,6055,201.833,camera_5,reacquired,145
1212,6060,202.0,camera_5,new_track,149
1212,6060,202.0,camera_5,lost_track,144
1212,6060,202.0,camera_5,removed,-1
1212,6060,202.0,camera_6,removed,53
1213,6065,202.167,camera_1,new_track,54
1213,6065,202.167,camera_2,lost_track,58
1213,6065,202.167,camera_3,removed,-1
1213,6065,202.167,camera_5,lost_track,145
1213,6065,202.167,camera_5,lost_track,149
1214,6070,202.333,camera_1,lost_track,54
1214,6070,202.333,camera_1,removed,-1
1214,6070,202.333,camera_2,lost_track,59
1214,6070,202.333,camera_5,reacquired,145
1214,6070,202.333,camera_5,removed,136
1215,6075,202.5,camera_3,new_track,62
1215,6075,202.5,camera_5,reacquired,149
1216,6080,202.667,camera_1,removed,-1
1216,6080,202.667,camera_3,lost_track,62
1216,6080,202.667,camera_3,removed,59
1216,6080,202.667,camera_5,reacquired,144
1216,6080,202.667,camera_5,lost_track,145
1217,6085,202.833,camera_5,reacquired,143
1218,6090,203.0,camera_1,removed,-1
1218,6090,203.0,camera_2,new_track,62
1218,6090,203.0,camera_3,lost_track,60
1218,6090,203.0,camera_5,lost_track,149
1219,6095,203.167,camera_3,reacquired,60
1219,6095,203.167,camera_5,reacquired,149
1219,6095,203.167,camera_5,lost_track,143
1219,6095,203.167,camera_5,removed,-1
1220,6100,203.333,camera_1,removed,-1
1220,6100,203.333,camera_5,lost_track,149
1221,6105,203.5,camera_3,reacquired,62
1221,6105,203.5,camera_3,removed,-1
1221,6105,203.5,camera_5,new_track,150
1221,6105,203.5,camera_5,reacquired,143
1221,6105,203.5,camera_5,lost_track,144
1221,6105,203.5,camera_5,removed,141
1222,6110,203.667,camera_1,removed,51
1222,6110,203.667,camera_3,lost_track,62
1222,6110,203.667,camera_5,reacquired,144
1223,6115,203.833,camera_2,new_track,63
1224,6120,204.0,camera_2,removed,60
1224,6120,204.0,camera_2,removed,61
1224,6120,204.0,camera_4,removed,38
1224,6120,204.0,camera_5,lost_track,137
1225,6125,204.167,camera_2,lost_track,62
1225,6125,204.167,camera_5,lost_track,143
1226,6130,204.333,camera_1,removed,52
1226,6130,204.333,camera_2,reacquired,62
1226,6130,204.333,camera_2,lost_track,63
1226,6130,204.333,camera_5,reacquired,143
1227,6135,204.5,camera_1,new_track,55
1227,6135,204.5,camera_1,removed,-1
1227,6135,204.5,camera_2,reacquired,59
1227,6135,204.5,camera_5,lost_track,144
1227,6135,204.5,camera_5,lost_track,143
1228,6140,204.667,camera_3,reacquired,62
1228,6140,204.667,camera_3,lost_track,60
1228,6140,204.667,camera_5,reacquired,144
1228,6140,204.667,camera_5,lost_track,150
1228,6140,204.667,camera_5,removed,-1
1230,6150,205.0,camera_1,lost_track,55
1230,6150,205.0,camera_1,removed,-1
1230,6150,205.0,camera_5,removed,148
1231,6155,205.167,camera_1,new_track,56
1231,6155,205.167,camera_6,removed,-1
1232,6160,205.333,camera_1,lost_track,56
1232,6160,205.333,camera_5,reacquired,143
1232,6160,205.333,camera_5,lost_track,144
1232,6160,205.333,camera_6,new_track,57
1233,6165,205.5,camera_3,new_track,63
1233,6165,205.5,camera_3,removed,-1
1233,6165,205.5,camera_5,lost_track,143
1234,6170,205.667,camera_1,new_track,57
1235,6175,205.833,camera_1,lost_track,57
1235,6175,205.833,camera_6,removed,56
1236,6180,206.0,camera_1,removed,50
1236,6180,206.0,camera_6,removed,54
1237,6185,206.167,camera_3,new_track,64
1237,6185,206.167,camera_7,removed,37
1238,6190,206.333,camera_3,lost_track,64
1238,6190,206.333,camera_5,new_track,151
1238,6190,206.333,camera_6,removed,55
1239,6195,206.5,camera_2,removed,-1
1239,6195,206.5,camera_4,removed,39
1239,6195,206.5,camera_5,new_track,152
1239,6195,206.5,camera_5,removed,146
1240,6200,206.667,camera_1,reacquired,56
1240,6200,206.667,camera_5,lost_track,152
1240,6200,206.667,camera_5,lost_track,151
1241,6205,206.833,camera_1,lost_track,56
1241,6205,206.833,camera_5,reacquired,151
1241,6205,206.833,camera_5,reacquired,152
1241,6205,206.833,camera_5,removed,-1
1242,6210,207.0,camera_1,removed,-1
1242,6210,207.0,camera_5,lost_track,151
1243,6215,207.167,camera_1,new_track,58
1243,6215,207.167,camera_1,new_track,59
1243,6215,207.167,camera_2,removed,58
1243,6215,207.167,camera_3,lost_track,61
1243,6215,207.167,camera_5,lost_track,152
1244,6220,207.333,camera_1,lost_track,59
1244,6220,207.333,camera_1,removed,54
1244,6220,207.333,camera_3,lost_track,62
1244,6220,207.333,camera_5,reacquired,151
1244,6220,207.333,camera_5,reacquired,152
1245,6225,207.5,camera_3,reacquired,61
1245,6225,207.5,camera_3,reacquired,62
1245,6225,207.5,camera_3,removed,-1
1246,6230,207.667,camera_3,lost_track,62
1246,6230,207.667,camera_5,removed,145
1247,6235,207.833,camera_3,reacquired,64
1247,6235,207.833,camera_3,lost_track,63
1247,6235,207.833,camera_5,lost_track,152
1248,6240,208.0,camera_3,reacquired,62
1249,6245,208.167,camera_3,removed,-1
1249,6245,208.167,camera_4,removed,-1
1249,6245,208.167,camera_5,lost_track,151
1250,6250,208.333,camera_4,new_track,40
1250,6250,208.333,camera_5,removed,149
1251,6255,208.5,camera_7,removed,-1
1252,6260,208.667,camera_3,lost_track,62
1252,6260,208.667,camera_3,removed,-1
1252,6260,208.667,camera_6,removed,-1
1252,6260,208.667,camera_7,new_track,40
1253,6265,208.833,camera_4,lost_track,40
1253,6265,208.833,camera_6,new_track,58
1254,6270,209.0,camera_1,reacquired,59
1254,6270,209.0,camera_3,removed,-1
1254,6270,209.0,camera_5,removed,137
1255,6275,209.167,camera_2,new_track,64
1255,6275,209.167,camera_3,reacquired,62
1256,6280,209.333,camera_2,removed,63
1257,6285,209.5,camera_3,removed,-1
1257,6285,209.5,camera_7,lost_track,40
1258,6290,209.667,camera_3,removed,60
1258,6290,209.667,camera_5,removed,150
1258,6290,209.667,camera_6,new_track,59
1258,6290,209.667,camera_7,new_track,41
1258,6290,209.667,camera_7,lost_track,39
1259,6295,209.833,camera_7,removed,-1
1260,6300,210.0,camera_1,removed,55
1260,6300,210.0,camera_6,lost_track,59
1260,6300,210.0,camera_6,removed,-1
1260,6300,210.0,camera_7,lost_track,41
1261,6305,210.167,camera_2,lost_track,62
1261,6305,210.167,camera_6,reacquired,59
1261,6305,210.167,camera_7,reacquired,41
1262,6310,210.333,camera_2,removed,-1
1262,6310,210.333,camera_5,lost_track,147
1262,6310,210.333,camera_5,removed,144
1263,6315,210.5,camera_1,lost_track,53
1263,6315,210.5,camera_2,reacquired,62
1263,6315,210.5,camera_5,removed,143
1263,6315,210.5,camera_6,lost_track,58
1263,6315,210.5,camera_7,removed,-1
1264,6320,210.667,camera_1,removed,-1
1265,6325,210.833,camera_1,new_track,60
1265,6325,210.833,camera_1,reacquired,53
1265,6325,210.833,camera_1,lost_track,58
1265,6325,210.833,camera_1,removed,57
1265,6325,210.833,camera_6,lost_track,59
1266,6330,211.0,camera_1,reacquired,58
1267,6335,211.167,camera_1,lost_track,53
1267,6335,211.167,camera_2,new_track,65
1267,6335,211.167,camera_2,removed,-1
1268,6340,211.333,camera_1,removed,-1
1268,6340,211.333,camera_3,new_track,65
1269,6345,211.5,camera_1,lost_track,60
1269,6345,211.5,camera_3,lost_track,62
1269,6345,211.5,camera_3,removed,-1
1271,6355,211.833,camera_1,removed,56
1271,6355,211.833,camera_3,lost_track,61
1271,6355,211.833,camera_3,removed,-1
1273,6365,212.167,camera_2,lost_track,62
1273,6365,212.167,camera_3,reacquired,61
1274,6370,212.333,camera_1,reacquired,60
1274,6370,212.333,camera_1,removed,-1
1275,6375,212.5,camera_2,reacquired,62
1275,6375,212.5,camera_2,lost_track,59
1275,6375,212.5,camera_2,removed,-1
1275,6375,212.5,camera_3,lost_track,64
1276,6380,212.667,camera_3,reacquired,64
1277,6385,212.833,camera_1,reacquired,53
1277,6385,212.833,camera_2,new_track,66
1277,6385,212.833,camera_2,lost_track,62
1277,6385,212.833,camera_3,lost_track,61
1277,6385,212.833,camera_3,removed,63
1277,6385,212.833,camera_5,removed,152
1277,6385,212.833,camera_6,lost_track,57
1278,6390,213.0,camera_1,lost_track,53
1278,6390,213.0,camera_2,new_track,67
1279,6395,213.167,camera_1,new_track,61
1279,6395,213.167,camera_1,reacquired,53
1279,6395,213.167,camera_5,removed,151
1280,6400,213.333,camera_1,lost_track,61
1280,6400,213.333,camera_2,reacquired,59
1280,6400,213.333,camera_2,lost_track,65
1280,6400,213.333,camera_5,new_track,153
1281,6405,213.5,camera_1,lost_track,58
1282,6410,213.667,camera_1,removed,-1
1282,6410,213.667,camera_2,reacquired,62
1282,6410,213.667,camera_2,lost_track,66
1282,6410,213.667,camera_2,lost_track,59
1282,6410,213.667,camera_5,removed,-1
1283,6415,213.833,camera_1,lost_track,53
1283,6415,213.833,camera_4,removed,40
1284,6420,214.0,camera_5,new_track,154
1285,6425,214.167,camera_1,lost_track,60
1285,6425,214.167,camera_3,lost_track,64
1286,6430,214.333,camera_2,lost_track,64
1287,6435,214.5,camera_2,lost_track,67
1287,6435,214.5,camera_2,removed,-1
1287,6435,214.5,camera_5,removed,-1
1287,6435,214.5,camera_7,removed,40
1288,6440,214.667,camera_1,reacquired,58
1288,6440,214.667,camera_1,removed,-1
1288,6440,214.667,camera_3,removed,-1
1288,6440,214.667,camera_5,new_track,155
1288,6440,214.667,camera_7,removed,39
1290,6450,215.0,camera_1,lost_track,59
1290,6450,215.0,camera_5,removed,-1
1291,6455,215.167,camera_2,reacquired,67
1291,6455,215.167,camera_4,new_track,41
1291,6455,215.167,camera_5,new_track,156
1291,6455,215.167,camera_5,lost_track,153
1292,6460,215.333,camera_2,lost_track,62
1292,6460,215.333,camera_5,new_track,157
1292,6460,215.333,camera_5,reacquired,153
1292,6460,215.333,camera_5,removed,147
1293,6465,215.5,camera_6,removed,58
1294,6470,215.667,camera_4,lost_track,41
1294,6470,215.667,camera_5,lost_track,153
1294,6470,215.667,camera_5,lost_track,154
1295,6475,215.833,camera_2,removed,-1
1295,6475,215.833,camera_5,new_track,158
1295,6475,215.833,camera_5,reacquired,154
1295,6475,215.833,camera_6,removed,59
1296,6480,216.0,camera_5,lost_track,157
1297,6485,216.167,camera_5,lost_track,156
1298,6490,216.333,camera_5,reacquired,156
1298,6490,216.333,camera_5,removed,-1
1298,6490,216.333,camera_6,new_track,60
1298,6490,216.333,camera_7,removed,-1
1299,6495,216.5,camera_1,removed,-1
1299,6495,216.5,camera_3,removed,62
1299,6495,216.5,camera_7,lost_track,41
1300,6500,216.667,camera_6,new_track,61
1301,6505,216.833,camera_1,removed,-1
1301,6505,216.833,camera_2,removed,-1
1301,6505,216.833,camera_5,new_track,159
1301,6505,216.833,camera_5,reacquired,157
1301,6505,216.833,camera_5,removed,-1
1301,6505,216.833,camera_6,lost_track,61
1303,6515,217.167,camera_1,reacquired,61
1303,6515,217.167,camera_5,removed,-1
1304,6520,217.333,camera_2,lost_track,67
1304,6520,217.333,camera_4,new_track,42
1304,6520,217.333,camera_5,lost_track,154
1304,6520,217.333,camera_5,lost_track,158
1305,6525,217.5,camera_2,reacquired,67
1305,6525,217.5,camera_5,reacquired,154
1305,6525,217.5,camera_5,reacquired,158
1305,6525,217.5,camera_5,removed,-1
1306,6530,217.667,camera_1,reacquired,60
1306,6530,217.667,camera_1,lost_track,58
1306,6530,217.667,camera_1,lost_track,61
1306,6530,217.667,camera_5,lost_track,155
1307,6535,217.833,camera_3,removed,61
1307,6535,217.833,camera_5,new_track,160
1307,6535,217.833,camera_5,lost_track,158
1307,6535,217.833,camera_6,removed,57
1308,6540,218.0,camera_1,lost_track,60
1308,6540,218.0,camera_4,removed,-1
1308,6540,218.0,camera_5,removed,-1
1309,6545,218.167,camera_2,lost_track,67
1310,6550,218.333,camera_2,removed,65
1310,6550,218.333,camera_2,removed,-1
1312,6560,218.667,camera_2,removed,66
1312,6560,218.667,camera_2,removed,59
1312,6560,218.667,camera_4,new_track,43
1312,6560,218.667,camera_5,lost_track,156
1312,6560,218.667,camera_5,lost_track,157
1312,6560,218.667,camera_5,removed,-1
1313,6565,218.833,camera_1,removed,53
1313,6565,218.833,camera_6,lost_track,60
1314,6570,219.0,camera_5,reacquired,156
1314,6570,219.0,camera_5,removed,-1
1314,6570,219.0,camera_6,removed,-1
1315,6575,219.167,camera_3,removed,64
1315,6575,219.167,camera_5,lost_track,156
1316,6580,219.333,camera_2,removed,64
1316,6580,219.333,camera_4,lost_track,43
1316,6580,219.333,camera_5,reacquired,156
1318,6590,219.667,camera_5,lost_track,159
1318,6590,219.667,camera_5,removed,-1
1319,6595,219.833,camera_5,reacquired,159
1319,6595,219.833,camera_5,lost_track,156
1319,6595,219.833,camera_6,removed,-1
1320,6600,220.0,camera_1,removed,59
1320,6600,220.0,camera_4,lost_track,42
1320,6600,220.0,camera_5,new_track,161
1320,6600,220.0,camera_6,new_track,62
1321,6605,220.167,camera_3,new_track,66
1321,6605,220.167,camera_4,removed,-1
1321,6605,220.167,camera_5,new_track,162
1321,6605,220.167,camera_5,reacquired,156
1321,6605,220.167,camera_5,lost_track,159
1322,6610,220.333,camera_2,removed,62
1322,6610,220.333,camera_5,new_track,163
1322,6610,220.333,camera_5,new_track,164
1323,6615,220.5,camera_5,lost_track,163
1323,6615,220.5,camera_5,lost_track,156
1324,6620,220.667,camera_2,new_track,68
1324,6620,220.667,camera_4,removed,41
1324,6620,220.667,camera_5,removed,153
1324,6620,220.667,camera_5,removed,-1
1325,6625,220.833,camera_6,new_track,63
1326,6630,221.0,camera_5,lost_track,162
1326,6630,221.0,camera_5,lost_track,164
1326,6630,221.0,camera_5,removed,-1
1326,6630,221.0,camera_6,reacquired,61
1326,6630,221.0,camera_6,lost_track,62
1326,6630,221.0,camera_6,removed,-1
1327,6635,221.167,camera_1,new_track,62
1327,6635,221.167,camera_2,new_track,69
1327,6635,221.167,camera_5,reacquired,162
1327,6635,221.167,camera_5,lost_track,161
1327,6635,221.167,camera_6,new_track,64
1327,6635,221.167,camera_6,lost_track,61
1327,6635,221.167,camera_6,lost_track,63
1328,6640,221.333,camera_1,new_track,63
1328,6640,221.333,camera_5,reacquired,163
1328,6640,221.333,camera_6,new_track,65
1328,6640,221.333,camera_6,reacquired,61
1329,6645,221.5,camera_5,lost_track,154
1329,6645,221.5,camera_6,reacquired,63
1329,6645,221.5,camera_6,lost_track,65
1329,6645,221.5,camera_6,lost_track,61
1329,6645,221.5,camera_7,removed,41
1330,6650,221.667,camera_5,reacquired,164
1330,6650,221.667,camera_5,removed,-1
1331,6655,221.833,camera_1,lost_track,63
1331,6655,221.833,camera_5,lost_track,162
1331,6655,221.833,camera_5,lost_track,163
1331,6655,221.833,camera_5,lost_track,164
1331,6655,221.833,camera_6,lost_track,63
1331,6655,221.833,camera_7,removed,-1
1332,6660,222.0,camera_2,lost_track,69
1332,6660,222.0,camera_5,new_track,165
1333,6665,222.167,camera_1,new_track,64
1333,6665,222.167,camera_2,removed,-1
1333,6665,222.167,camera_5,reacquired,162
1333,6665,222.167,camera_6,lost_track,64
1334,6670,222.333,camera_1,reacquired,63
1334,6670,222.333,camera_1,lost_track,62
1334,6670,222.333,camera_2,reacquired,69
1334,6670,222.333,camera_7,new_track,42
1335,6675,222.5,camera_5,lost_track,162
1335,6675,222.5,camera_5,lost_track,165
1336,6680,222.667,camera_1,removed,58
1336,6680,222.667,camera_1,removed,61
1336,6680,222.667,camera_2,new_track,70
1336,6680,222.667,camera_3,new_track,67
1336,6680,222.667,camera_5,reacquired,162
1336,6680,222.667,camera_5,removed,155
1337,6685,222.833,camera_2,lost_track,69
1337,6685,222.833,camera_5,new_track,166
1337,6685,222.833,camera_5,new_track,167
1337,6685,222.833,camera_5,removed,158
1337,6685,222.833,camera_5,removed,-1
1338,6690,223.0,camera_1,lost_track,63
1338,6690,223.0,camera_1,removed,60
1338,6690,223.0,camera_1,removed,-1
1339,6695,223.167,camera_2,removed,67
1339,6695,223.167,camera_3,lost_track,66
1339,6695,223.167,camera_5,lost_track,162
1340,6700,223.333,camera_4,removed,-1
1341,6705,223.5,camera_3,lost_track,67
1342,6710,223.667,camera_4,new_track,44
1342,6710,223.667,camera_5,removed,157
1343,6715,223.833,camera_1,removed,-1
1343,6715,223.833,camera_4,lost_track,44
1343,6715,223.833,camera_6,removed,60
1344,6720,224.0,camera_2,lost_track,68
1344,6720,224.0,camera_4,new_track,45
1344,6720,224.0,camera_5,new_track,168
1346,6730,224.333,camera_4,removed,43
1348,6740,224.667,camera_5,new_track,169
1349,6745,224.833,camera_5,lost_track,169
1349,6745,224.833,camera_5,lost_track,167
1349,6745,224.833,camera_5,removed,-1
1350,6750,225.0,camera_4,removed,42
1351,6755,225.167,camera_3,lost_track,65
1351,6755,225.167,camera_5,removed,159
1352,6760,225.333,camera_5,reacquired,167
1352,6760,225.333,camera_5,reacquired,169
1352,6760,225.333,camera_5,removed,-1
1353,6765,225.5,camera_5,lost_track,168
1353,6765,225.5,camera_5,lost_track,169
1353,6765,225.5,camera_5,lost_track,167
1353,6765,225.5,camera_5,removed,156
1354,6770,225.667,camera_5,new_track,170
1354,6770,225.667,camera_5,reacquired,167
1355,6775,225.833,camera_4,lost_track,45
1355,6775,225.833,camera_5,lost_track,160
1355,6775,225.833,camera_5,lost_track,170
1356,6780,226.0,camera_5,new_track,171
1356,6780,226.0,camera_5,reacquired,170
1356,6780,226.0,camera_5,lost_track,167
1356,6780,226.0,camera_6,removed,62
1357,6785,226.167,camera_5,reacquired,167
1357,6785,226.167,camera_5,reacquired,169
1357,6785,226.167,camera_5,removed,161
1358,6790,226.333,camera_5,lost_track,169
1358,6790,226.333,camera_5,lost_track,170
1359,6795,226.5,camera_5,new_track,172
1359,6795,226.5,camera_5,removed,154
1359,6795,226.5,camera_6,removed,65
1359,6795,226.5,camera_6,removed,61
1360,6800,226.667,camera_5,removed,-1
1361,6805,226.833,camera_5,removed,163
1361,6805,226.833,camera_5,removed,164
1361,6805,226.833,camera_6,removed,-1
1361,6805,226.833,camera_6,removed,63
1362,6810,227.0,camera_1,lost_track,64
1362,6810,227.0,camera_5,removed,-1
1363,6815,227.167,camera_6,new_track,66
1363,6815,227.167,camera_6,removed,64
1364,6820,227.333,camera_1,removed,62
1364,6820,227.333,camera_2,lost_track,70
1364,6820,227.333,camera_7,lost_track,38
1364,6820,227.333,camera_7,removed,-1
1365,6825,227.5,camera_5,removed,165
1365,6825,227.5,camera_7,new_track,43
1366,6830,227.667,camera_3,removed,-1
1366,6830,227.667,camera_4,new_track,46
1367,6835,227.833,camera_2,removed,69
1367,6835,227.833,camera_5,lost_track,172
1367,6835,227.833,camera_5,lost_track,167
1368,6840,228.0,camera_1,removed,63
1368,6840,228.0,camera_3,removed,-1
1368,6840,228.0,camera_4,lost_track,46
1369,6845,228.167,camera_3,new_track,68
1369,6845,228.167,camera_3,removed,66
1369,6845,228.167,camera_4,new_track,47
1369,6845,228.167,camera_5,removed,162
1369,6845,228.167,camera_5,removed,-1
1370,6850,228.333,camera_4,lost_track,47
1371,6855,228.5,camera_3,removed,67
1371,6855,228.5,camera_6,new_track,67
1372,6860,228.667,camera_4,reacquired,47
1372,6860,228.667,camera_5,new_track,173
1372,6860,228.667,camera_6,lost_track,67
1373,6865,228.833,camera_4,reacquired,46
1373,6865,228.833,camera_4,lost_track,47
1373,6865,228.833,camera_4,removed,44
1373,6865,228.833,camera_6,reacquired,67
1373,6865,228.833,camera_6,removed,-1
1373,6865,228.833,camera_7,lost_track,43
1374,6870,229.0,camera_2,removed,68
1376,6880,229.333,camera_4,lost_track,46
1376,6880,229.333,camera_6,lost_track,67
1376,6880,229.333,camera_6,removed,-1
1376,6880,229.333,camera_7,new_track,44
1378,6890,229.667,camera_5,lost_track,173
1378,6890,229.667,camera_6,lost_track,66
1379,6895,229.833,camera_1,reacquired,64
1379,6895,229.833,camera_2,new_track,71
1379,6895,229.833,camera_6,removed,-1
1380,6900,230.0,camera_5,reacquired,173
1381,6905,230.167,camera_3,removed,65
1381,6905,230.167,camera_5,lost_track,173
1382,6910,230.333,camera_4,removed,-1
1383,6915,230.5,camera_1,removed,-1
1383,6915,230.5,camera_5,removed,168
1384,6920,230.667,camera_4,new_track,48
1384,6920,230.667,camera_5,lost_track,166
1385,6925,230.833,camera_4,lost_track,48
1385,6925,230.833,camera_4,removed,45
1385,6925,230.833,camera_5,removed,160
1385,6925,230.833,camera_7,new_track,45
1386,6930,231.0,camera_4,removed,-1
1386,6930,231.0,camera_7,lost_track,45
1388,6940,231.333,camera_5,reacquired,167
1388,6940,231.333,camera_5,removed,169
1388,6940,231.333,camera_5,removed,170
1388,6940,231.333,camera_7,lost_track,44
1390,6950,231.667,camera_2,new_track,72
1390,6950,231.667,camera_3,new_track,69
1390,6950,231.667,camera_7,reacquired,44
1391,6955,231.833,camera_7,lost_track,44
1393,6965,232.167,camera_1,removed,-1
1393,6965,232.167,camera_5,lost_track,167
1394,6970,232.333,camera_2,removed,70
1394,6970,232.333,camera_5,reacquired,167
1394,6970,232.333,camera_7,reacquired,44
1394,6970,232.333,camera_7,removed,38
1395,6975,232.5,camera_5,lost_track,167
1395,6975,232.5,camera_6,new_track,68
1396,6980,232.667,camera_1,new_track,65
1396,6980,232.667,camera_2,lost_track,71
1396,6980,232.667,camera_5,removed,-1
1396,6980,232.667,camera_6,lost_track,68
1396,6980,232.667,camera_7,reacquired,45
1396,6980,232.667,camera_7,lost_track,44
1397,6985,232.833,camera_2,new_track,73
1397,6985,232.833,camera_3,lost_track,69
1397,6985,232.833,camera_5,reacquired,167
1397,6985,232.833,camera_5,removed,172
1397,6985,232.833,camera_6,reacquired,68
1397,6985,232.833,camera_6,removed,-1
1398,6990,233.0,camera_2,reacquired,71
1398,6990,233.0,camera_5,removed,-1
1398,6990,233.0,camera_7,lost_track,45
1399,6995,233.167,camera_2,lost_track,72
1399,6995,233.167,camera_7,reacquired,45
1399,6995,233.167,camera_7,removed,-1
1400,7000,233.333,camera_2,reacquired,72
1400,7000,233.333,camera_2,lost_track,73
1400,7000,233.333,camera_7,reacquired,44
1401,7005,233.5,camera_3,reacquired,69
1401,7005,233.5,camera_5,new_track,174
1401,7005,233.5,camera_5,lost_track,167
1402,7010,233.667,camera_2,lost_track,71
1402,7010,233.667,camera_2,removed,-1
1402,7010,233.667,camera_3,lost_track,69
1402,7010,233.667,camera_5,new_track,175
1402,7010,233.667,camera_5,reacquired,167
1402,7010,233.667,camera_7,lost_track,45
1403,7015,233.833,camera_3,reacquired,69
1403,7015,233.833,camera_3,removed,-1
1403,7015,233.833,camera_4,removed,47
1403,7015,233.833,camera_7,removed,43
1404,7020,234.0,camera_2,reacquired,71
1404,7020,234.0,camera_2,removed,-1
1405,7025,234.167,camera_1,lost_track,65
1406,7030,234.333,camera_4,removed,46
1406,7030,234.333,camera_6,removed,67
1406,7030,234.333,camera_7,reacquired,45
1406,7030,234.333,camera_7,removed,-1
1407,7035,234.5,camera_5,removed,-1
1408,7040,234.667,camera_1,reacquired,65
1408,7040,234.667,camera_1,removed,-1
1408,7040,234.667,camera_6,lost_track,68
1408,7040,234.667,camera_6,removed,66
1408,7040,234.667,camera_7,lost_track,45
1409,7045,234.833,camera_3,removed,-1
1410,7050,235.0,camera_2,lost_track,72
1411,7055,235.167,camera_2,removed,-1
1411,7055,235.167,camera_5,removed,173
1412,7060,235.333,camera_2,new_track,74
1412,7060,235.333,camera_2,new_track,75
1412,7060,235.333,camera_5,lost_track,167
1413,7065,235.5,camera_1,lost_track,64
1413,7065,235.5,camera_5,lost_track,171
1414,7070,235.667,camera_2,lost_track,75
1414,7070,235.667,camera_5,reacquired,171
1414,7070,235.667,camera_5,removed,166
1414,7070,235.667,camera_5,removed,-1
1415,7075,235.833,camera_1,reacquired,64
1415,7075,235.833,camera_4,removed,48
1415,7075,235.833,camera_5,lost_track,171
1416,7080,236.0,camera_5,lost_track,174
1417,7085,236.167,camera_5,reacquired,167
1417,7085,236.167,camera_5,removed,-1
1419,7095,236.5,camera_3,lost_track,68
1419,7095,236.5,camera_5,removed,-1
1420,7100,236.667,camera_3,reacquired,68
1420,7100,236.667,camera_3,removed,-1
1420,7100,236.667,camera_5,lost_track,167
1422,7110,237.0,camera_3,lost_track,69
1422,7110,237.0,camera_5,new_track,176
1422,7110,237.0,camera_5,new_track,177
1423,7115,237.167,camera_3,new_track,70
1423,7115,237.167,camera_5,reacquired,174
1424,7120,237.333,camera_3,lost_track,70
1424,7120,237.333,camera_5,lost_track,174
1424,7120,237.333,camera_5,removed,-1
1427,7135,237.833,camera_3,removed,-1
1427,7135,237.833,camera_5,lost_track,176
1427,7135,237.833,camera_5,lost_track,177
1428,7140,238.0,camera_5,reacquired,167
1428,7140,238.0,camera_5,reacquired,176
1428,7140,238.0,camera_5,reacquired,177
1428,7140,238.0,camera_5,removed,-1
1429,7145,238.167,camera_2,lost_track,74
1429,7145,238.167,camera_3,new_track,71
1429,7145,238.167,camera_5,new_track,178
1429,7145,238.167,camera_5,lost_track,176
1430,7150,238.333,camera_2,reacquired,74
1430,7150,238.333,camera_2,removed,73
1430,7150,238.333,camera_3,lost_track,71
1430,7150,238.333,camera_5,reacquired,176
1430,7150,238.333,camera_5,removed,-1
1431,7155,238.5,camera_2,removed,-1
1431,7155,238.5,camera_3,reacquired,71
1431,7155,238.5,camera_3,lost_track,68
1431,7155,238.5,camera_3,removed,-1
1431,7155,238.5,camera_5,reacquired,171
1431,7155,238.5,camera_5,lost_track,177
1431,7155,238.5,camera_5,lost_track,167
1432,7160,238.667,camera_1,lost_track,64
1432,7160,238.667,camera_5,reacquired,167
1432,7160,238.667,camera_5,reacquired,177
1432,7160,238.667,camera_5,lost_track,176
1433,7165,238.833,camera_1,lost_track,65
1433,7165,238.833,camera_2,removed,-1
1434,7170,239.0,camera_1,reacquired,65
1434,7170,239.0,camera_1,removed,-1
1435,7175,239.167,camera_2,lost_track,71
1436,7180,239.333,camera_4,removed,-1
1436,7180,239.333,camera_5,removed,-1
1437,7185,239.5,camera_3,reacquired,69
1437,7185,239.5,camera_3,lost_track,71
1437,7185,239.5,camera_4,new_track,49
1437,7185,239.5,camera_5,lost_track,177
1437,7185,239.5,camera_5,lost_track,167
1438,7190,239.667,camera_6,removed,68
1438,7190,239.667,camera_7,removed,45
1439,7195,239.833,camera_5,new_track,179
1440,7200,240.0,camera_2,removed,72
1440,7200,240.0,camera_3,reacquired,70
1440,7200,240.0,camera_3,lost_track,69
1440,7200,240.0,camera_4,lost_track,49
1440,7200,240.0,camera_5,reacquired,167
1441,7205,240.167,camera_5,removed,-1
1442,7210,240.333,camera_5,lost_track,171
1442,7210,240.333,camera_5,lost_track,167
1444,7220,240.667,camera_2,removed,75
1444,7220,240.667,camera_3,reacquired,69
1444,7220,240.667,camera_3,lost_track,70
1444,7220,240.667,camera_5,lost_track,179
1445,7225,240.833,camera_5,reacquired,167
1446,7230,241.0,camera_7,removed,-1
1447,7235,241.167,camera_3,lost_track,69
1448,7240,241.333,camera_3,removed,-1
1448,7240,241.333,camera_5,reacquired,171
1448,7240,241.333,camera_5,lost_track,167
1448,7240,241.333,camera_5,removed,-1
1449,7245,241.5,camera_3,reacquired,68
1449,7245,241.5,camera_5,reacquired,167
1450,7250,241.667,camera_5,reacquired,179
1450,7250,241.667,camera_5,lost_track,167
1450,7250,241.667,camera_5,removed,-1
1451,7255,241.833,camera_5,new_track,180
1452,7260,242.0,camera_5,lost_track,180
1453,7265,242.167,camera_4,new_track,50
1453,7265,242.167,camera_5,reacquired,180
1453,7265,242.167,camera_5,removed,-1
1454,7270,242.333,camera_2,lost_track,74
1454,7270,242.333,camera_5,lost_track,180
1454,7270,242.333,camera_5,removed,174
1455,7275,242.5,camera_7,new_track,46
1456,7280,242.667,camera_4,lost_track,50
1456,7280,242.667,camera_5,removed,-1
1457,7285,242.833,camera_5,lost_track,179
1459,7295,243.167,camera_2,new_track,76
1460,7300,243.333,camera_1,new_track,66
1460,7300,243.333,camera_3,lost_track,68
1460,7300,243.333,camera_5,reacquired,167
1460,7300,243.333,camera_5,reacquired,180
1460,7300,243.333,camera_5,lost_track,178
1460,7300,243.333,camera_5,removed,-1
1460,7300,243.333,camera_7,lost_track,46
1461,7305,243.5,camera_1,lost_track,66
1461,7305,243.5,camera_2,lost_track,76
1461,7305,243.5,camera_5,reacquired,177
1461,7305,243.5,camera_5,lost_track,167
1462,7310,243.667,camera_1,removed,64
1462,7310,243.667,camera_5,lost_track,180
1462,7310,243.667,camera_5,removed,176
1463,7315,243.833,camera_5,new_track,181
1463,7315,243.833,camera_5,lost_track,177
1463,7315,243.833,camera_7,reacquired,46
1463,7315,243.833,camera_7,removed,-1
1464,7320,244.0,camera_5,reacquired,167
1464,7320,244.0,camera_5,reacquired,178
1465,7325,244.167,camera_2,removed,71
1465,7325,244.167,camera_7,new_track,47
1465,7325,244.167,camera_7,lost_track,46
1466,7330,244.333,camera_5,lost_track,181
1466,7330,244.333,camera_5,lost_track,167
1466,7330,244.333,camera_6,new_track,69
1466,7330,244.333,camera_7,lost_track,47
1467,7335,244.5,camera_3,removed,71
1467,7335,244.5,camera_5,reacquired,167
1467,7335,244.5,camera_5,reacquired,177
1467,7335,244.5,camera_5,reacquired,181
1467,7335,244.5,camera_5,removed,-1
1467,7335,244.5,camera_6,new_track,70
1468,7340,244.667,camera_4,new_track,51
1469,7345,244.833,camera_1,lost_track,65
1469,7345,244.833,camera_5,lost_track,181
1469,7345,244.833,camera_6,lost_track,70
1470,7350,245.0,camera_4,removed,49
1470,7350,245.0,camera_5,lost_track,177
1471,7355,245.167,camera_4,lost_track,51
1471,7355,245.167,camera_5,reacquired,177
1471,7355,245.167,camera_5,lost_track,175
1471,7355,245.167,camera_5,lost_track,167
1471,7355,245.167,camera_5,removed,-1
1472,7360,245.333,camera_5,lost_track,177
1473,7365,245.5,camera_7,reacquired,47
1473,7365,245.5,camera_7,lost_track,44
1474,7370,245.667,camera_2,new_track,77
1474,7370,245.667,camera_3,removed,70
1474,7370,245.667,camera_6,new_track,71
1474,7370,245.667,camera_7,lost_track,47
1475,7375,245.833,camera_1,reacquired,66
1475,7375,245.833,camera_6,removed,-1
1476,7380,246.0,camera_2,lost_track,77
1477,7385,246.167,camera_1,lost_track,66
1477,7385,246.167,camera_3,removed,69
1477,7385,246.167,camera_5,removed,-1
1480,7400,246.667,camera_1,new_track,67
1481,7405,246.833,camera_6,new_track,72
1482,7410,247.0,camera_5,lost_track,178
1483,7415,247.167,camera_6,lost_track,69
1484,7420,247.333,camera_2,removed,74
1486,7430,247.667,camera_4,removed,50
1486,7430,247.667,camera_5,lost_track,171
1486,7430,247.667,camera_6,removed,-1
1487,7435,247.833,camera_5,removed,179
1488,7440,248.0,camera_6,new_track,73
1489,7445,248.167,camera_6,lost_track,71
1490,7450,248.333,camera_3,removed,68
1491,7455,248.5,camera_2,removed,76
1491,7455,248.5,camera_3,new_track,72
1491,7455,248.5,camera_6,new_track,74
1492,7460,248.667,camera_5,removed,180
1492,7460,248.667,camera_5,removed,-1
1492,7460,248.667,camera_7,lost_track,42
1493,7465,248.833,camera_1,lost_track,67
1493,7465,248.833,camera_6,new_track,75
1493,7465,248.833,camera_6,lost_track,72
1493,7465,248.833,camera_6,removed,-1
1493,7465,248.833,camera_7,removed,-1
1494,7470,249.0,camera_1,new_track,68
1494,7470,249.0,camera_5,new_track,182
1494,7470,249.0,camera_6,reacquired,72
1495,7475,249.167,camera_7,removed,46
1496,7480,249.333,camera_5,removed,-1
1497,7485,249.5,camera_5,new_track,183
1498,7490,249.667,camera_6,lost_track,75
1499,7495,249.833,camera_1,removed,65
1499,7495,249.833,camera_5,lost_track,182
1499,7495,249.833,camera_5,removed,181
1499,7495,249.833,camera_6,new_track,76
1499,7495,249.833,camera_6,removed,70
1499,7495,249.833,camera_7,removed,-1
1500,7500,250.0,camera_5,reacquired,182
1500,7500,250.0,camera_5,removed,-1
1500,7500,250.0,camera_7,new_track,48
1501,7505,250.167,camera_2,new_track,78
1501,7505,250.167,camera_2,new_track,79
1501,7505,250.167,camera_4,removed,51
1501,7505,250.167,camera_5,removed,175
1501,7505,250.167,camera_5,removed,167
1501,7505,250.167,camera_7,removed,-1
1502,7510,250.333,camera_1,removed,-1
1502,7510,250.333,camera_5,removed,177
1502,7510,250.333,camera_7,lost_track,48
1503,7515,250.5,camera_7,new_track,49
1503,7515,250.5,camera_7,removed,44
1504,7520,250.667,camera_1,removed,-1
1504,7520,250.667,camera_2,new_track,80
1504,7520,250.667,camera_2,lost_track,79
1504,7520,250.667,camera_7,lost_track,49
1504,7520,250.667,camera_7,removed,47
1505,7525,250.833,camera_2,removed,-1
1505,7525,250.833,camera_5,lost_track,183
1506,7530,251.0,camera_1,new_track,69
1506,7530,251.0,camera_2,removed,77
1506,7530,251.0,camera_4,new_track,52
1506,7530,251.0,camera_5,removed,-1
1506,7530,251.0,camera_6,removed,-1
1507,7535,251.167,camera_1,removed,66
1507,7535,251.167,camera_6,lost_track,73
1508,7540,251.333,camera_6,new_track,77
1509,7545,251.5,camera_6,reacquired,73
1510,7550,251.667,camera_6,lost_track,73
1511,7555,251.833,camera_3,lost_track,72
1511,7555,251.833,camera_3,removed,-1
1511,7555,251.833,camera_5,new_track,184
1511,7555,251.833,camera_6,lost_track,74
1511,7555,251.833,camera_6,lost_track,77
1511,7555,251.833,camera_7,new_track,50
1512,7560,252.0,camera_1,removed,-1
1512,7560,252.0,camera_5,removed,178
1512,7560,252.0,camera_6,new_track,78
1513,7565,252.167,camera_2,lost_track,78
1513,7565,252.167,camera_3,removed,-1
1513,7565,252.167,camera_6,lost_track,72
1513,7565,252.167,camera_6,lost_track,76
1513,7565,252.167,camera_6,removed,69
1513,7565,252.167,camera_7,reacquired,49
1513,7565,252.167,camera_7,lost_track,50
1513,7565,252.167,camera_7,removed,-1
1514,7570,252.333,camera_3,new_track,73
1514,7570,252.333,camera_5,removed,-1
1515,7575,252.5,camera_2,reacquired,78
1515,7575,252.5,camera_2,removed,-1
1515,7575,252.5,camera_5,new_track,185
1515,7575,252.5,camera_7,lost_track,49
1516,7580,252.667,camera_1,lost_track,68
1516,7580,252.667,camera_1,removed,-1
1516,7580,252.667,camera_5,removed,171
1516,7580,252.667,camera_7,new_track,51
1517,7585,252.833,camera_3,removed,-1
1519,7595,253.167,camera_1,removed,-1
1519,7595,253.167,camera_2,lost_track,78
1519,7595,253.167,camera_5,removed,-1
1519,7595,253.167,camera_6,removed,71
1520,7600,253.333,camera_5,lost_track,185
1521,7605,253.5,camera_5,new_track,186
1522,7610,253.667,camera_6,new_track,79
1522,7610,253.667,camera_7,removed,42
1523,7615,253.833,camera_1,removed,67
1524,7620,254.0,camera_2,lost_track,80
1526,7630,254.333,camera_5,lost_track,182
1527,7635,254.5,camera_5,reacquired,185
1527,7635,254.5,camera_5,removed,-1
1528,7640,254.667,camera_6,removed,75
1529,7645,254.833,camera_5,lost_track,185
1530,7650,255.0,camera_3,new_track,74
1530,7650,255.0,camera_5,reacquired,185
1530,7650,255.0,camera_7,new_track,52
1531,7655,255.167,camera_3,removed,-1
1531,7655,255.167,camera_7,lost_track,52
1531,7655,255.167,camera_7,removed,-1
1532,7660,255.333,camera_2,new_track,81
1532,7660,255.333,camera_4,lost_track,52
1532,7660,255.333,camera_6,lost_track,79
1532,7660,255.333,camera_7,removed,48
1533,7665,255.5,camera_1,reacquired,68
1533,7665,255.5,camera_1,removed,-1
1533,7665,255.5,camera_4,removed,-1
1534,7670,255.667,camera_2,removed,79
1534,7670,255.667,camera_5,lost_track,185
1534,7670,255.667,camera_5,lost_track,186
1535,7675,255.833,camera_1,lost_track,68
1535,7675,255.833,camera_1,removed,-1
1535,7675,255.833,camera_5,new_track,187
1535,7675,255.833,camera_5,new_track,188
1535,7675,255.833,camera_5,reacquired,185
1535,7675,255.833,camera_5,removed,183
1535,7675,255.833,camera_6,new_track,80
1535,7675,255.833,camera_7,lost_track,51
1536,7680,256.0,camera_2,new_track,82
1536,7680,256.0,camera_3,lost_track,73
1536,7680,256.0,camera_5,lost_track,185
1536,7680,256.0,camera_5,lost_track,187
1536,7680,256.0,camera_7,removed,-1
1537,7685,256.167,camera_1,reacquired,68
1537,7685,256.167,camera_1,removed,-1
1537,7685,256.167,camera_3,removed,-1
1537,7685,256.167,camera_5,lost_track,188
1538,7690,256.333,camera_5,reacquired,185
1539,7695,256.5,camera_3,new_track,75
1539,7695,256.5,camera_6,new_track,81
1539,7695,256.5,camera_7,new_track,53
1539,7695,256.5,camera_7,removed,-1
1540,7700,256.667,camera_5,removed,-1
1540,7700,256.667,camera_6,removed,73
1541,7705,256.833,camera_3,removed,72
1541,7705,256.833,camera_6,removed,74
1541,7705,256.833,camera_6,removed,77
1541,7705,256.833,camera_6,removed,-1
1542,7710,257.0,camera_1,removed,-1
1543,7715,257.167,camera_1,new_track,70
1543,7715,257.167,camera_5,lost_track,185
1543,7715,257.167,camera_5,removed,-1
1543,7715,257.167,camera_6,lost_track,80
1543,7715,257.167,camera_6,removed,72
1543,7715,257.167,camera_6,removed,76
1543,7715,257.167,camera_7,removed,50
1544,7720,257.333,camera_5,new_track,189
1544,7720,257.333,camera_6,new_track,82
1544,7720,257.333,camera_6,removed,-1
1545,7725,257.5,camera_3,lost_track,74
1545,7725,257.5,camera_7,removed,49
1546,7730,257.667,camera_3,reacquired,74
1546,7730,257.667,camera_3,removed,-1
1546,7730,257.667,camera_5,lost_track,189
1546,7730,257.667,camera_6,lost_track,81
1546,7730,257.667,camera_6,removed,-1
1546,7730,257.667,camera_7,reacquired,52
1546,7730,257.667,camera_7,lost_track,53
1547,7735,257.833,camera_6,lost_track,82
1547,7735,257.833,camera_7,reacquired,53
1547,7735,257.833,camera_7,removed,-1
1548,7740,258.0,camera_1,lost_track,68
1548,7740,258.0,camera_1,lost_track,70
1549,7745,258.167,camera_2,removed,78
1549,7745,258.167,camera_5,reacquired,189
1549,7745,258.167,camera_5,removed,-1
1550,7750,258.333,camera_6,lost_track,78
1551,7755,258.5,camera_5,lost_track,189
1551,7755,258.5,camera_6,removed,-1
1553,7765,258.833,camera_1,reacquired,70
1553,7765,258.833,camera_1,removed,-1
1554,7770,259.0,camera_2,removed,80
1555,7775,259.167,camera_4,new_track,53
1556,7780,259.333,camera_5,removed,182
1558,7790,259.667,camera_3,removed,-1
1558,7790,259.667,camera_4,lost_track,53
1559,7795,259.833,camera_5,new_track,190
1560,7800,260.0,camera_2,new_track,83
1562,7810,260.333,camera_1,lost_track,69
1562,7810,260.333,camera_3,new_track,76
1562,7810,260.333,camera_4,removed,52
1562,7810,260.333,camera_6,removed,79
1563,7815,260.5,camera_1,reacquired,69
1563,7815,260.5,camera_1,removed,-1
1563,7815,260.5,camera_2,removed,-1
1564,7820,260.667,camera_5,removed,186
1565,7825,260.833,camera_1,new_track,71
1565,7825,260.833,camera_1,lost_track,70
1565,7825,260.833,camera_2,lost_track,83
1565,7825,260.833,camera_7,removed,51
1566,7830,261.0,camera_1,new_track,72
1566,7830,261.0,camera_1,lost_track,71
1566,7830,261.0,camera_2,lost_track,82
1566,7830,261.0,camera_3,removed,73
1566,7830,261.0,camera_5,lost_track,190
1566,7830,261.0,camera_5,removed,187
1567,7835,261.167,camera_5,removed,188
1567,7835,261.167,camera_5,removed,-1
1567,7835,261.167,camera_6,new_track,83
1567,7835,261.167,camera_7,lost_track,52
1568,7840,261.333,camera_5,reacquired,190
1568,7840,261.333,camera_7,lost_track,53
1568,7840,261.333,camera_7,removed,-1
1569,7845,261.5,camera_1,lost_track,72
1569,7845,261.5,camera_2,reacquired,82
1569,7845,261.5,camera_2,removed,-1
1569,7845,261.5,camera_6,new_track,84
1570,7850,261.667,camera_1,removed,-1
1571,7855,261.833,camera_2,lost_track,82
1572,7860,262.0,camera_2,new_track,84
1572,7860,262.0,camera_2,new_track,85
1572,7860,262.0,camera_3,lost_track,74
1572,7860,262.0,camera_5,removed,-1
1572,7860,262.0,camera_6,lost_track,84
1573,7865,262.167,camera_1,reacquired,70
1573,7865,262.167,camera_3,reacquired,74
1573,7865,262.167,camera_3,removed,-1
1573,7865,262.167,camera_5,new_track,191
1573,7865,262.167,camera_5,removed,185
1573,7865,262.167,camera_6,removed,80
1573,7865,262.167,camera_7,new_track,54
1574,7870,262.333,camera_2,lost_track,85
1575,7875,262.5,camera_1,reacquired,71
1575,7875,262.5,camera_1,lost_track,69
1575,7875,262.5,camera_1,lost_track,70
1575,7875,262.5,camera_2,reacquired,85
1575,7875,262.5,camera_2,removed,-1
1575,7875,262.5,camera_5,lost_track,191
1576,7880,262.667,camera_1,reacquired,70
1576,7880,262.667,camera_1,removed,-1
1576,7880,262.667,camera_5,reacquired,191
1576,7880,262.667,camera_6,removed,81
1577,7885,262.833,camera_1,lost_track,71
1577,7885,262.833,camera_5,lost_track,191
1577,7885,262.833,camera_6,removed,82
1578,7890,263.0,camera_1,removed,68
1579,7895,263.167,camera_2,new_track,86
1579,7895,263.167,camera_2,removed,-1
1580,7900,263.333,camera_4,new_track,54
1580,7900,263.333,camera_6,removed,78
1581,7905,263.5,camera_5,reacquired,191
1581,7905,263.5,camera_5,removed,189
1582,7910,263.667,camera_1,new_track,73
1582,7910,263.667,camera_2,lost_track,84
1582,7910,263.667,camera_5,lost_track,191
1582,7910,263.667,camera_5,removed,-1
1583,7915,263.833,camera_3,removed,-1
1583,7915,263.833,camera_5,lost_track,184
1584,7920,264.0,camera_2,removed,-1
1584,7920,264.0,camera_6,lost_track,83
1585,7925,264.167,camera_6,removed,-1
1586,7930,264.333,camera_1,lost_track,73
1587,7935,264.5,camera_1,reacquired,71
1587,7935,264.5,camera_1,reacquired,73
1587,7935,264.5,camera_1,lost_track,70
1587,7935,264.5,camera_2,lost_track,86
1588,7940,264.667,camera_2,reacquired,86
1588,7940,264.667,camera_2,lost_track,85
1588,7940,264.667,camera_2,removed,-1
1588,7940,264.667,camera_4,removed,53
1589,7945,264.833,camera_3,lost_track,76
1590,7950,265.0,camera_1,lost_track,71
1590,7950,265.0,camera_3,new_track,77
1590,7950,265.0,camera_3,removed,-1
1591,7955,265.167,camera_3,reacquired,76
1591,7955,265.167,camera_3,lost_track,77
1592,7960,265.333,camera_1,new_track,74
1592,7960,265.333,camera_2,lost_track,86
1593,7965,265.5,camera_2,new_track,87
1593,7965,265.5,camera_3,lost_track,74
1593,7965,265.5,camera_5,new_track,192
1594,7970,265.667,camera_1,lost_track,73
1594,7970,265.667,camera_3,removed,-1
1595,7975,265.833,camera_2,removed,83
1595,7975,265.833,camera_3,reacquired,74
1596,7980,266.0,camera_1,new_track,75
1596,7980,266.0,camera_3,new_track,78
1597,7985,266.167,camera_1,removed,-1
1597,7985,266.167,camera_4,lost_track,54
1597,7985,266.167,camera_7,removed,52
1598,7990,266.333,camera_7,removed,53
1599,7995,266.5,camera_1,removed,72
1600,8000,266.667,camera_7,lost_track,54
1601,8005,266.833,camera_2,new_track,88
1601,8005,266.833,camera_2,removed,82
1601,8005,266.833,camera_5,lost_track,190
1601,8005,266.833,camera_6,new_track,85
1601,8005,266.833,camera_7,removed,-1
1602,8010,267.0,camera_1,lost_track,75
1602,8010,267.0,camera_3,lost_track,76
1602,8010,267.0,camera_3,lost_track,78
1602,8010,267.0,camera_5,removed,-1
1602,8010,267.0,camera_6,new_track,86
1602,8010,267.0,camera_6,removed,84
1603,8015,267.167,camera_1,reacquired,71
1603,8015,267.167,camera_1,reacquired,75
1603,8015,267.167,camera_3,reacquired,78
1603,8015,267.167,camera_3,removed,-1
1604,8020,267.333,camera_2,reacquired,85
1604,8020,267.333,camera_3,lost_track,75
1604,8020,267.333,camera_6,lost_track,86
1605,8025,267.5,camera_1,lost_track,75
1605,8025,267.5,camera_1,removed,69
1605,8025,267.5,camera_3,removed,-1
1605,8025,267.5,camera_6,removed,-1
1606,8030,267.667,camera_1,reacquired,75
1607,8035,267.833,camera_1,reacquired,73
1607,8035,267.833,camera_1,lost_track,74
1608,8040,268.0,camera_1,lost_track,71
1608,8040,268.0,camera_3,new_track,79
1608,8040,268.0,camera_5,new_track,193
1609,8045,268.167,camera_1,reacquired,71
1609,8045,268.167,camera_1,lost_track,73
1609,8045,268.167,camera_3,lost_track,79
1609,8045,268.167,camera_6,new_track,87
1610,8050,268.333,camera_2,lost_track,85
1610,8050,268.333,camera_2,removed,-1
1610,8050,268.333,camera_5,removed,-1
1611,8055,268.5,camera_1,lost_track,75
1611,8055,268.5,camera_2,reacquired,85
1611,8055,268.5,camera_2,lost_track,81
1612,8060,268.667,camera_2,new_track,89
1612,8060,268.667,camera_2,removed,84
1612,8060,268.667,camera_3,reacquired,79
1612,8060,268.667,camera_5,removed,191
1613,8065,268.833,camera_1,lost_track,71
1613,8065,268.833,camera_2,lost_track,89
1613,8065,268.833,camera_2,lost_track,85
1613,8065,268.833,camera_2,removed,-1
1613,8065,268.833,camera_5,removed,184
1613,8065,268.833,camera_6,new_track,88
1614,8070,269.0,camera_1,reacquired,71
1614,8070,269.0,camera_2,new_track,90
1614,8070,269.0,camera_2,new_track,91
1614,8070,269.0,camera_2,reacquired,85
1614,8070,269.0,camera_5,new_track,194
1614,8070,269.0,camera_5,lost_track,193
1614,8070,269.0,camera_6,lost_track,88
1614,8070,269.0,camera_6,lost_track,85
1614,8070,269.0,camera_6,lost_track,87
1614,8070,269.0,camera_6,removed,83
1615,8075,269.167,camera_1,reacquired,75
1615,8075,269.167,camera_5,lost_track,192
1615,8075,269.167,camera_6,new_track,89
1615,8075,269.167,camera_6,reacquired,88
1615,8075,269.167,camera_6,removed,-1
1616,8080,269.333,camera_1,new_track,76
1616,8080,269.333,camera_1,removed,-1
1616,8080,269.333,camera_2,lost_track,90
1616,8080,269.333,camera_2,lost_track,91
1616,8080,269.333,camera_6,lost_track,88
1617,8085,269.5,camera_1,removed,70
1617,8085,269.5,camera_6,reacquired,88
