loop_i,video_fid,t_sec,camera_id,kind,track_id
0,0,0.0,camera_2,new_track,1
0,0,0.0,camera_3,new_track,1
0,0,0.0,camera_7,new_track,1
2,10,0.333,camera_1,new_track,1
4,20,0.667,camera_7,new_track,2
5,25,0.833,camera_3,lost_track,1
7,35,1.167,camera_3,reacquired,1
8,40,1.333,camera_1,lost_track,1
8,40,1.333,camera_7,new_track,3
9,45,1.5,camera_1,removed,-1
9,45,1.5,camera_7,lost_track,3
12,60,2.0,camera_3,lost_track,1
12,60,2.0,camera_7,reacquired,3
14,70,2.333,camera_3,new_track,2
17,85,2.833,camera_7,lost_track,3
19,95,3.167,camera_3,removed,-1
19,95,3.167,camera_7,removed,-1
20,100,3.333,camera_3,lost_track,2
23,115,3.833,camera_3,new_track,3
23,115,3.833,camera_7,new_track,4
27,135,4.5,camera_3,lost_track,3
28,140,4.667,camera_3,reacquired,3
29,145,4.833,camera_7,lost_track,2
30,150,5.0,camera_1,new_track,2
30,150,5.0,camera_7,reacquired,2
30,150,5.0,camera_7,lost_track,1
31,155,5.167,camera_1,removed,-1
31,155,5.167,camera_3,lost_track,3
31,155,5.167,camera_7,lost_track,4
32,160,5.333,camera_7,reacquired,4
33,165,5.5,camera_1,removed,-1
34,170,5.667,camera_1,lost_track,2
35,175,5.833,camera_1,reacquired,2
37,185,6.167,camera_7,reacquired,1
38,190,6.333,camera_1,lost_track,2
38,190,6.333,camera_1,removed,1
38,190,6.333,camera_7,lost_track,1
40,200,6.667,camera_1,reacquired,2
41,205,6.833,camera_1,lost_track,2
41,205,6.833,camera_7,reacquired,1
42,210,7.0,camera_3,removed,1
42,210,7.0,camera_7,lost_track,1
47,235,7.833,camera_7,removed,3
49,245,8.167,camera_7,lost_track,2
50,250,8.333,camera_3,removed,2
57,285,9.5,camera_7,lost_track,4
57,285,9.5,camera_7,removed,-1
60,300,10.0,camera_7,removed,-1
61,305,10.167,camera_3,removed,3
67,335,11.167,camera_2,removed,-1
67,335,11.167,camera_7,new_track,5
69,345,11.5,camera_7,lost_track,5
71,355,11.833,camera_1,removed,2
71,355,11.833,camera_7,reacquired,5
72,360,12.0,camera_7,lost_track,5
72,360,12.0,camera_7,removed,1
74,370,12.333,camera_7,reacquired,5
75,375,12.5,camera_7,lost_track,5
76,380,12.667,camera_6,new_track,1
76,380,12.667,camera_7,reacquired,5
77,385,12.833,camera_6,new_track,2
77,385,12.833,camera_6,lost_track,1
77,385,12.833,camera_7,lost_track,5
78,390,13.0,camera_6,lost_track,2
79,395,13.167,camera_7,removed,2
80,400,13.333,camera_6,new_track,3
80,400,13.333,camera_7,removed,-1
82,410,13.667,camera_6,reacquired,1
82,410,13.667,camera_6,removed,-1
83,415,13.833,camera_6,reacquired,2
87,435,14.5,camera_7,removed,4
88,440,14.667,camera_6,lost_track,2
88,440,14.667,camera_6,lost_track,3
92,460,15.333,camera_2,new_track,2
92,460,15.333,camera_6,lost_track,1
93,465,15.5,camera_1,removed,-1
95,475,15.833,camera_1,removed,-1
97,485,16.167,camera_2,lost_track,2
98,490,16.333,camera_2,reacquired,2
100,500,16.667,camera_2,lost_track,2
100,500,16.667,camera_7,removed,-1
102,510,17.0,camera_7,new_track,6
103,515,17.167,camera_2,reacquired,2
103,515,17.167,camera_5,new_track,1
104,520,17.333,camera_2,lost_track,2
105,525,17.5,camera_2,reacquired,2
107,535,17.833,camera_2,lost_track,2
107,535,17.833,camera_7,removed,5
111,555,18.5,camera_5,lost_track,1
112,560,18.667,camera_2,removed,-1
112,560,18.667,camera_3,removed,-1
112,560,18.667,camera_5,new_track,2
114,570,19.0,camera_3,new_track,4
116,580,19.333,camera_3,lost_track,4
117,585,19.5,camera_5,lost_track,2
118,590,19.667,camera_6,removed,2
118,590,19.667,camera_6,removed,3
122,610,20.333,camera_3,new_track,5
122,610,20.333,camera_6,removed,1
124,620,20.667,camera_1,removed,-1
124,620,20.667,camera_2,new_track,3
124,620,20.667,camera_2,removed,-1
124,620,20.667,camera_3,removed,-1
125,625,20.833,camera_7,lost_track,6
126,630,21.0,camera_3,lost_track,5
127,635,21.167,camera_6,new_track,4
128,640,21.333,camera_6,lost_track,4
128,640,21.333,camera_6,removed,-1
129,645,21.5,camera_6,new_track,5
131,655,21.833,camera_2,lost_track,3
133,665,22.167,camera_6,lost_track,5
135,675,22.5,camera_3,reacquired,5
136,680,22.667,camera_1,new_track,3
136,680,22.667,camera_3,lost_track,5
137,685,22.833,camera_1,lost_track,3
137,685,22.833,camera_2,reacquired,3
137,685,22.833,camera_2,removed,2
141,705,23.5,camera_5,removed,1
146,730,24.333,camera_3,removed,4
147,735,24.5,camera_5,new_track,3
147,735,24.5,camera_5,removed,2
151,755,25.167,camera_3,reacquired,5
152,760,25.333,camera_3,removed,-1
153,765,25.5,camera_5,removed,-1
154,770,25.667,camera_2,lost_track,3
154,770,25.667,camera_5,lost_track,3
155,775,25.833,camera_5,removed,-1
155,775,25.833,camera_7,removed,6
156,780,26.0,camera_2,reacquired,3
156,780,26.0,camera_2,removed,-1
158,790,26.333,camera_2,removed,-1
158,790,26.333,camera_6,removed,4
161,805,26.833,camera_2,removed,-1
161,805,26.833,camera_3,lost_track,5
163,815,27.167,camera_6,removed,5
165,825,27.5,camera_2,lost_track,3
166,830,27.667,camera_2,new_track,4
166,830,27.667,camera_2,reacquired,3
166,830,27.667,camera_3,removed,-1
167,835,27.833,camera_1,removed,3
167,835,27.833,camera_2,lost_track,4
168,840,28.0,camera_3,new_track,6
169,845,28.167,camera_2,reacquired,4
170,850,28.333,camera_2,lost_track,3
171,855,28.5,camera_2,reacquired,3
172,860,28.667,camera_3,lost_track,6
173,865,28.833,camera_2,lost_track,4
173,865,28.833,camera_3,reacquired,5
174,870,29.0,camera_2,lost_track,3
176,880,29.333,camera_2,reacquired,3
176,880,29.333,camera_2,removed,-1
178,890,29.667,camera_3,lost_track,5
179,895,29.833,camera_3,new_track,7
181,905,30.167,camera_3,reacquired,5
183,915,30.5,camera_3,lost_track,5
184,920,30.667,camera_3,reacquired,5
184,920,30.667,camera_5,removed,3
185,925,30.833,camera_2,lost_track,3
190,950,31.667,camera_3,lost_track,7
191,955,31.833,camera_1,removed,-1
198,990,33.0,camera_1,new_track,4
202,1010,33.667,camera_1,lost_track,4
202,1010,33.667,camera_3,removed,6
203,1015,33.833,camera_2,removed,4
206,1030,34.333,camera_1,reacquired,4
207,1035,34.5,camera_1,lost_track,4
208,1040,34.667,camera_1,reacquired,4
215,1075,35.833,camera_2,removed,3
220,1100,36.667,camera_3,removed,7
244,1220,40.667,camera_1,lost_track,4
253,1265,42.167,camera_1,reacquired,4
254,1270,42.333,camera_1,lost_track,4
255,1275,42.5,camera_1,reacquired,4
256,1280,42.667,camera_1,lost_track,4
261,1305,43.5,camera_1,reacquired,4
262,1310,43.667,camera_1,lost_track,4
265,1325,44.167,camera_1,reacquired,4
267,1335,44.5,camera_1,lost_track,4
270,1350,45.0,camera_1,reacquired,4
271,1355,45.167,camera_1,lost_track,4
272,1360,45.333,camera_1,reacquired,4
291,1455,48.5,camera_1,lost_track,4
310,1550,51.667,camera_1,reacquired,4
311,1555,51.833,camera_1,lost_track,4
324,1620,54.0,camera_1,reacquired,4
326,1630,54.333,camera_1,lost_track,4
331,1655,55.167,camera_1,reacquired,4
334,1670,55.667,camera_1,lost_track,4
353,1765,58.833,camera_1,reacquired,4
357,1785,59.5,camera_1,lost_track,4
365,1825,60.833,camera_1,reacquired,4
366,1830,61.0,camera_1,lost_track,4
373,1865,62.167,camera_1,reacquired,4
383,1915,63.833,camera_1,lost_track,4
384,1920,64.0,camera_1,reacquired,4
392,1960,65.333,camera_1,lost_track,4
393,1965,65.5,camera_1,reacquired,4
417,2085,69.5,camera_1,lost_track,4
426,2130,71.0,camera_1,reacquired,4
427,2135,71.167,camera_1,lost_track,4
445,2225,74.167,camera_3,lost_track,5
446,2230,74.333,camera_3,reacquired,5
447,2235,74.5,camera_3,lost_track,5
448,2240,74.667,camera_1,reacquired,4
449,2245,74.833,camera_1,lost_track,4
450,2250,75.0,camera_1,reacquired,4
450,2250,75.0,camera_3,reacquired,5
454,2270,75.667,camera_3,lost_track,5
455,2275,75.833,camera_3,reacquired,5
456,2280,76.0,camera_1,lost_track,4
456,2280,76.0,camera_3,lost_track,5
458,2290,76.333,camera_2,new_track,5
459,2295,76.5,camera_3,reacquired,5
461,2305,76.833,camera_2,lost_track,5
463,2315,77.167,camera_2,reacquired,5
466,2330,77.667,camera_2,lost_track,5
467,2335,77.833,camera_2,reacquired,5
468,2340,78.0,camera_2,lost_track,5
469,2345,78.167,camera_2,reacquired,5
469,2345,78.167,camera_3,lost_track,5
470,2350,78.333,camera_3,reacquired,5
471,2355,78.5,camera_2,lost_track,5
471,2355,78.5,camera_3,lost_track,5
473,2365,78.833,camera_2,reacquired,5
474,2370,79.0,camera_2,lost_track,5
475,2375,79.167,camera_2,reacquired,5
477,2385,79.5,camera_3,reacquired,5
478,2390,79.667,camera_2,lost_track,5
479,2395,79.833,camera_3,lost_track,5
482,2410,80.333,camera_3,reacquired,5
483,2415,80.5,camera_2,reacquired,5
484,2420,80.667,camera_2,lost_track,5
486,2430,81.0,camera_1,removed,4
486,2430,81.0,camera_2,reacquired,5
487,2435,81.167,camera_2,lost_track,5
489,2445,81.5,camera_2,reacquired,5
555,2775,92.5,camera_2,lost_track,5
556,2780,92.667,camera_2,reacquired,5
560,2800,93.333,camera_2,lost_track,5
561,2805,93.5,camera_2,reacquired,5
579,2895,96.5,camera_2,lost_track,5
590,2950,98.333,camera_2,reacquired,5
591,2955,98.5,camera_2,lost_track,5
593,2965,98.833,camera_2,reacquired,5
594,2970,99.0,camera_2,lost_track,5
595,2975,99.167,camera_2,reacquired,5
596,2980,99.333,camera_2,lost_track,5
626,3130,104.333,camera_2,removed,5
763,3815,127.167,camera_3,removed,-1
774,3870,129.0,camera_3,lost_track,5
775,3875,129.167,camera_3,reacquired,5
781,3905,130.167,camera_1,new_track,5
783,3915,130.5,camera_3,lost_track,5
786,3930,131.0,camera_3,reacquired,5
795,3975,132.5,camera_1,lost_track,5
798,3990,133.0,camera_1,reacquired,5
799,3995,133.167,camera_1,lost_track,5
800,4000,133.333,camera_1,reacquired,5
805,4025,134.167,camera_3,lost_track,5
806,4030,134.333,camera_3,reacquired,5
807,4035,134.5,camera_3,lost_track,5
814,4070,135.667,camera_3,reacquired,5
818,4090,136.333,camera_3,lost_track,5
819,4095,136.5,camera_3,reacquired,5
829,4145,138.167,camera_3,lost_track,5
830,4150,138.333,camera_3,reacquired,5
833,4165,138.833,camera_1,lost_track,5
834,4170,139.0,camera_1,reacquired,5
845,4225,140.833,camera_1,lost_track,5
845,4225,140.833,camera_3,lost_track,5
847,4235,141.167,camera_1,reacquired,5
851,4255,141.833,camera_3,reacquired,5
852,4260,142.0,camera_3,lost_track,5
853,4265,142.167,camera_3,reacquired,5
855,4275,142.5,camera_1,lost_track,5
857,4285,142.833,camera_3,lost_track,5
885,4425,147.5,camera_1,removed,5
887,4435,147.833,camera_3,removed,5
1000,5000,166.667,camera_1,new_track,6
1001,5005,166.833,camera_1,lost_track,6
1010,5050,168.333,camera_3,new_track,8
1014,5070,169.0,camera_1,reacquired,6
1016,5080,169.333,camera_1,lost_track,6
1018,5090,169.667,camera_1,reacquired,6
1019,5095,169.833,camera_1,lost_track,6
1022,5110,170.333,camera_3,lost_track,8
1024,5120,170.667,camera_3,reacquired,8
1025,5125,170.833,camera_3,lost_track,8
1026,5130,171.0,camera_3,reacquired,8
1028,5140,171.333,camera_1,reacquired,6
1030,5150,171.667,camera_1,lost_track,6
1039,5195,173.167,camera_1,reacquired,6
1040,5200,173.333,camera_1,lost_track,6
1048,5240,174.667,camera_1,reacquired,6
1048,5240,174.667,camera_3,lost_track,8
1050,5250,175.0,camera_3,reacquired,8
1051,5255,175.167,camera_1,lost_track,6
1059,5295,176.5,camera_3,lost_track,8
1081,5405,180.167,camera_1,removed,6
1089,5445,181.5,camera_3,removed,8
1096,5480,182.667,camera_3,new_track,9
1100,5500,183.333,camera_3,lost_track,9
1106,5530,184.333,camera_3,reacquired,9
1107,5535,184.5,camera_3,lost_track,9
1119,5595,186.5,camera_3,reacquired,9
1120,5600,186.667,camera_3,lost_track,9
1134,5670,189.0,camera_1,new_track,7
1135,5675,189.167,camera_1,lost_track,7
1137,5685,189.5,camera_1,reacquired,7
1139,5695,189.833,camera_3,reacquired,9
1140,5700,190.0,camera_3,lost_track,9
1142,5710,190.333,camera_3,reacquired,9
1149,5745,191.5,camera_3,lost_track,9
1153,5765,192.167,camera_3,reacquired,9
1157,5785,192.833,camera_3,lost_track,9
1159,5795,193.167,camera_3,reacquired,9
1160,5800,193.333,camera_1,lost_track,7
1162,5810,193.667,camera_1,reacquired,7
1166,5830,194.333,camera_3,lost_track,9
1172,5860,195.333,camera_1,lost_track,7
1175,5875,195.833,camera_1,reacquired,7
1175,5875,195.833,camera_1,removed,-1
1178,5890,196.333,camera_3,reacquired,9
1179,5895,196.5,camera_3,lost_track,9
1182,5910,197.0,camera_3,reacquired,9
1184,5920,197.333,camera_3,lost_track,9
1194,5970,199.0,camera_3,reacquired,9
1196,5980,199.333,camera_3,lost_track,9
1197,5985,199.5,camera_3,reacquired,9
1198,5990,199.667,camera_3,lost_track,9
1207,6035,201.167,camera_3,reacquired,9
1209,6045,201.5,camera_3,lost_track,9
1214,6070,202.333,camera_3,reacquired,9
1218,6090,203.0,camera_3,lost_track,9
1220,6100,203.333,camera_3,reacquired,9
1222,6110,203.667,camera_3,lost_track,9
1226,6130,204.333,camera_3,reacquired,9
1228,6140,204.667,camera_3,lost_track,9
1229,6145,204.833,camera_3,reacquired,9
1244,6220,207.333,camera_3,lost_track,9
1269,6345,211.5,camera_3,reacquired,9
1270,6350,211.667,camera_3,lost_track,9
1276,6380,212.667,camera_3,reacquired,9
1279,6395,213.167,camera_3,lost_track,9
1283,6415,213.833,camera_3,reacquired,9
1287,6435,214.5,camera_3,lost_track,9
1317,6585,219.5,camera_3,removed,9
1336,6680,222.667,camera_1,lost_track,7
1337,6685,222.833,camera_3,new_track,10
1338,6690,223.0,camera_3,lost_track,10
1340,6700,223.333,camera_3,reacquired,10
1342,6710,223.667,camera_3,lost_track,10
1343,6715,223.833,camera_1,reacquired,7
1349,6745,224.833,camera_1,lost_track,7
1350,6750,225.0,camera_1,reacquired,7
1352,6760,225.333,camera_1,lost_track,7
1355,6775,225.833,camera_1,reacquired,7
1358,6790,226.333,camera_1,lost_track,7
1360,6800,226.667,camera_1,reacquired,7
1361,6805,226.833,camera_1,lost_track,7
1363,6815,227.167,camera_1,reacquired,7
1366,6830,227.667,camera_1,lost_track,7
1372,6860,228.667,camera_3,removed,10
1373,6865,228.833,camera_3,new_track,11
1380,6900,230.0,camera_3,lost_track,11
1383,6915,230.5,camera_3,reacquired,11
1396,6980,232.667,camera_1,removed,7
1403,7015,233.833,camera_3,lost_track,11
1404,7020,234.0,camera_3,reacquired,11
1412,7060,235.333,camera_3,lost_track,11
1414,7070,235.667,camera_3,reacquired,11
1425,7125,237.5,camera_3,lost_track,11
1432,7160,238.667,camera_3,reacquired,11
1434,7170,239.0,camera_3,lost_track,11
1435,7175,239.167,camera_3,reacquired,11
1463,7315,243.833,camera_3,lost_track,11
1464,7320,244.0,camera_3,reacquired,11
1474,7370,245.667,camera_3,removed,-1
1476,7380,246.0,camera_3,lost_track,11
1478,7390,246.333,camera_1,removed,-1
1478,7390,246.333,camera_3,reacquired,11
1480,7400,246.667,camera_3,lost_track,11
1481,7405,246.833,camera_1,new_track,8
1481,7405,246.833,camera_3,reacquired,11
1482,7410,247.0,camera_1,lost_track,8
1482,7410,247.0,camera_2,new_track,6
1483,7415,247.167,camera_3,lost_track,11
1487,7435,247.833,camera_1,reacquired,8
1487,7435,247.833,camera_2,lost_track,6
1493,7465,248.833,camera_3,removed,-1
1495,7475,249.167,camera_1,lost_track,8
1496,7480,249.333,camera_1,reacquired,8
1496,7480,249.333,camera_3,removed,-1
1497,7485,249.5,camera_1,lost_track,8
1498,7490,249.667,camera_1,reacquired,8
1499,7495,249.833,camera_1,lost_track,8
1500,7500,250.0,camera_1,reacquired,8
1502,7510,250.333,camera_1,lost_track,8
1513,7565,252.167,camera_3,removed,11
1517,7585,252.833,camera_1,reacquired,8
1517,7585,252.833,camera_2,removed,6
1520,7600,253.333,camera_1,lost_track,8
1522,7610,253.667,camera_1,reacquired,8
1526,7630,254.333,camera_1,lost_track,8
1526,7630,254.333,camera_2,removed,-1
1528,7640,254.667,camera_1,new_track,9
1530,7650,255.0,camera_1,lost_track,9
1531,7655,255.167,camera_1,reacquired,9
1542,7710,257.0,camera_1,lost_track,9
1543,7715,257.167,camera_3,removed,-1
1544,7720,257.333,camera_3,new_track,12
1556,7780,259.333,camera_1,removed,8
1572,7860,262.0,camera_1,removed,9
1572,7860,262.0,camera_3,lost_track,12
1575,7875,262.5,camera_3,reacquired,12
1578,7890,263.0,camera_3,lost_track,12
1586,7930,264.333,camera_3,reacquired,12
1593,7965,265.5,camera_3,lost_track,12
1594,7970,265.667,camera_3,reacquired,12
1598,7990,266.333,camera_3,lost_track,12
1609,8045,268.167,camera_3,reacquired,12
1610,8050,268.333,camera_3,lost_track,12
1612,8060,268.667,camera_3,reacquired,12
1619,8095,269.833,camera_3,lost_track,12
1621,8105,270.167,camera_3,reacquired,12
1623,8115,270.5,camera_3,lost_track,12
1626,8130,271.0,camera_3,reacquired,12
1630,8150,271.667,camera_1,removed,-1
1631,8155,271.833,camera_1,new_track,10
1638,8190,273.0,camera_3,lost_track,12
1639,8195,273.167,camera_3,reacquired,12
1673,8365,278.833,camera_1,lost_track,10
1674,8370,279.0,camera_1,reacquired,10
1677,8385,279.5,camera_3,lost_track,12
1686,8430,281.0,camera_1,lost_track,10
1688,8440,281.333,camera_3,reacquired,12
1689,8445,281.5,camera_1,reacquired,10
1689,8445,281.5,camera_3,lost_track,12
1690,8450,281.667,camera_1,lost_track,10
1692,8460,282.0,camera_3,reacquired,12
1693,8465,282.167,camera_3,lost_track,12
1694,8470,282.333,camera_3,reacquired,12
1695,8475,282.5,camera_3,lost_track,12
1696,8480,282.667,camera_3,reacquired,12
1697,8485,282.833,camera_1,reacquired,10
1697,8485,282.833,camera_3,lost_track,12
1698,8490,283.0,camera_3,reacquired,12
1699,8495,283.167,camera_1,lost_track,10
1699,8495,283.167,camera_3,lost_track,12
1700,8500,283.333,camera_1,reacquired,10
1701,8505,283.5,camera_1,lost_track,10
1713,8565,285.5,camera_3,removed,-1
1720,8600,286.667,camera_3,new_track,13
1722,8610,287.0,camera_3,new_track,14
1722,8610,287.0,camera_3,lost_track,13
1722,8610,287.0,camera_3,removed,-1
1723,8615,287.167,camera_3,new_track,15
1723,8615,287.167,camera_3,lost_track,14
1724,8620,287.333,camera_3,lost_track,15
1726,8630,287.667,camera_3,reacquired,12
1728,8640,288.0,camera_3,lost_track,12
1729,8645,288.167,camera_3,reacquired,12
1730,8650,288.333,camera_3,removed,-1
1731,8655,288.5,camera_1,removed,10
1731,8655,288.5,camera_3,reacquired,15
1733,8665,288.833,camera_3,lost_track,12
1734,8670,289.0,camera_2,removed,-1
1734,8670,289.0,camera_3,reacquired,12
1735,8675,289.167,camera_3,lost_track,12
1736,8680,289.333,camera_3,lost_track,15
1737,8685,289.5,camera_3,reacquired,15
1738,8690,289.667,camera_3,lost_track,15
1744,8720,290.667,camera_3,removed,-1
1748,8740,291.333,camera_3,removed,-1
1749,8745,291.5,camera_2,removed,-1
1751,8755,291.833,camera_3,reacquired,14
1751,8755,291.833,camera_3,removed,-1
1752,8760,292.0,camera_3,removed,13
1753,8765,292.167,camera_3,new_track,16
1754,8770,292.333,camera_3,lost_track,14
1758,8790,293.0,camera_3,lost_track,16
1760,8800,293.333,camera_3,removed,-1
1765,8825,294.167,camera_3,reacquired,16
1765,8825,294.167,camera_3,removed,12
1765,8825,294.167,camera_3,removed,-1
1766,8830,294.333,camera_3,lost_track,16
1767,8835,294.5,camera_3,removed,-1
1768,8840,294.667,camera_3,removed,15
1771,8855,295.167,camera_1,new_track,11
1771,8855,295.167,camera_3,new_track,17
1774,8870,295.667,camera_1,new_track,12
1774,8870,295.667,camera_3,lost_track,17
1775,8875,295.833,camera_2,removed,-1
1780,8900,296.667,camera_1,lost_track,12
1780,8900,296.667,camera_3,new_track,18
1781,8905,296.833,camera_1,reacquired,12
1782,8910,297.0,camera_1,lost_track,12
1784,8920,297.333,camera_2,removed,-1
1784,8920,297.333,camera_3,removed,14
1786,8930,297.667,camera_3,new_track,19
1786,8930,297.667,camera_3,lost_track,18
1787,8935,297.833,camera_1,lost_track,11
1788,8940,298.0,camera_2,new_track,8
1788,8940,298.0,camera_2,new_track,7
1789,8945,298.167,camera_1,reacquired,11
1792,8960,298.667,camera_3,lost_track,19
1796,8980,299.333,camera_3,removed,16
1798,8990,299.667,camera_2,lost_track,7
1799,8995,299.833,camera_3,new_track,20
1804,9020,300.667,camera_3,lost_track,20
1804,9020,300.667,camera_3,removed,17
1805,9025,300.833,camera_3,new_track,21
1807,9035,301.167,camera_3,reacquired,20
1808,9040,301.333,camera_2,removed,-1
1811,9055,301.833,camera_3,lost_track,21
1812,9060,302.0,camera_1,removed,12
1815,9075,302.5,camera_1,removed,-1
1815,9075,302.5,camera_2,lost_track,8
1816,9080,302.667,camera_2,reacquired,8
1816,9080,302.667,camera_3,removed,18
1819,9095,303.167,camera_1,removed,-1
1820,9100,303.333,camera_2,new_track,9
1821,9105,303.5,camera_1,new_track,13
1821,9105,303.5,camera_3,removed,-1
1822,9110,303.667,camera_1,lost_track,13
1822,9110,303.667,camera_2,lost_track,8
1822,9110,303.667,camera_2,lost_track,9
1822,9110,303.667,camera_3,removed,19
1823,9115,303.833,camera_2,reacquired,9
1825,9125,304.167,camera_2,reacquired,8
1827,9135,304.5,camera_1,reacquired,13
1827,9135,304.5,camera_1,removed,-1
1827,9135,304.5,camera_2,removed,-1
1828,9140,304.667,camera_2,lost_track,8
1828,9140,304.667,camera_2,removed,7
1829,9145,304.833,camera_2,reacquired,8
1829,9145,304.833,camera_2,lost_track,9
1829,9145,304.833,camera_3,removed,-1
1830,9150,305.0,camera_2,reacquired,9
1831,9155,305.167,camera_2,lost_track,9
1833,9165,305.5,camera_1,lost_track,13
1833,9165,305.5,camera_1,removed,-1
1833,9165,305.5,camera_3,lost_track,20
1833,9165,305.5,camera_3,removed,-1
1835,9175,305.833,camera_2,lost_track,8
1837,9185,306.167,camera_1,lost_track,11
1838,9190,306.333,camera_3,removed,-1
1839,9195,306.5,camera_2,reacquired,9
1839,9195,306.5,camera_3,new_track,22
1840,9200,306.667,camera_1,removed,-1
1840,9200,306.667,camera_2,lost_track,9
1840,9200,306.667,camera_2,removed,-1
1841,9205,306.833,camera_1,new_track,14
1841,9205,306.833,camera_2,new_track,10
1841,9205,306.833,camera_3,removed,21
1842,9210,307.0,camera_2,reacquired,9
1843,9215,307.167,camera_2,lost_track,9
1846,9230,307.667,camera_2,reacquired,9
1848,9240,308.0,camera_2,lost_track,10
1851,9255,308.5,camera_2,lost_track,9
1855,9275,309.167,camera_1,lost_track,14
1859,9295,309.833,camera_2,removed,-1
1861,9305,310.167,camera_2,removed,-1
1863,9315,310.5,camera_1,removed,13
1863,9315,310.5,camera_3,removed,20
1864,9320,310.667,camera_3,lost_track,22
1865,9325,310.833,camera_2,removed,8
1867,9335,311.167,camera_1,removed,11
1867,9335,311.167,camera_2,removed,-1
1867,9335,311.167,camera_3,new_track,23
1871,9355,311.833,camera_2,removed,-1
1878,9390,313.0,camera_2,removed,10
1878,9390,313.0,camera_3,removed,-1
1881,9405,313.5,camera_2,removed,9
1883,9415,313.833,camera_2,removed,-1
1885,9425,314.167,camera_1,removed,-1
1885,9425,314.167,camera_1,removed,14
1886,9430,314.333,camera_2,new_track,11
1886,9430,314.333,camera_3,lost_track,23
1887,9435,314.5,camera_3,removed,-1
1888,9440,314.667,camera_1,removed,-1
1888,9440,314.667,camera_3,reacquired,23
1889,9445,314.833,camera_3,removed,-1
1890,9450,315.0,camera_3,new_track,24
1892,9460,315.333,camera_1,removed,-1
1892,9460,315.333,camera_2,lost_track,11
1893,9465,315.5,camera_2,removed,-1
1894,9470,315.667,camera_3,removed,22
1897,9485,316.167,camera_3,lost_track,23
1908,9540,318.0,camera_3,lost_track,24
1911,9555,318.5,camera_3,new_track,25
1912,9560,318.667,camera_3,lost_track,25
1913,9565,318.833,camera_3,removed,-1
1914,9570,319.0,camera_3,reacquired,25
1917,9585,319.5,camera_3,new_track,26
1918,9590,319.667,camera_1,removed,-1
1918,9590,319.667,camera_3,lost_track,25
1919,9595,319.833,camera_3,reacquired,25
1920,9600,320.0,camera_3,lost_track,25
1920,9600,320.0,camera_3,lost_track,26
1921,9605,320.167,camera_1,new_track,15
1921,9605,320.167,camera_3,reacquired,26
1922,9610,320.333,camera_1,lost_track,15
1922,9610,320.333,camera_2,removed,11
1923,9615,320.5,camera_3,new_track,27
1927,9635,321.167,camera_3,removed,23
1928,9640,321.333,camera_1,reacquired,15
1931,9655,321.833,camera_3,lost_track,26
1932,9660,322.0,camera_3,reacquired,26
1932,9660,322.0,camera_3,lost_track,27
1933,9665,322.167,camera_2,new_track,12
1935,9675,322.5,camera_3,removed,-1
1936,9680,322.667,camera_1,new_track,16
1938,9690,323.0,camera_3,removed,24
1939,9695,323.167,camera_1,lost_track,15
1941,9705,323.5,camera_1,new_track,17
1942,9710,323.667,camera_5,removed,-1
1943,9715,323.833,camera_1,lost_track,17
1943,9715,323.833,camera_5,new_track,4
1946,9730,324.333,camera_2,lost_track,12
1948,9740,324.667,camera_1,new_track,18
1948,9740,324.667,camera_3,new_track,28
1948,9740,324.667,camera_4,removed,-1
1949,9745,324.833,camera_5,lost_track,4
1950,9750,325.0,camera_3,removed,25
1950,9750,325.0,camera_5,reacquired,4
1952,9760,325.333,camera_1,lost_track,18
1952,9760,325.333,camera_5,lost_track,4
1953,9765,325.5,camera_5,removed,-1
1954,9770,325.667,camera_1,reacquired,18
1955,9775,325.833,camera_1,lost_track,18
1955,9775,325.833,camera_3,lost_track,28
1956,9780,326.0,camera_1,reacquired,18
1956,9780,326.0,camera_2,new_track,13
1956,9780,326.0,camera_5,removed,-1
1957,9785,326.167,camera_1,lost_track,18
1958,9790,326.333,camera_1,reacquired,18
1960,9800,326.667,camera_2,lost_track,13
1962,9810,327.0,camera_3,removed,27
1965,9825,327.5,camera_2,reacquired,13
1966,9830,327.667,camera_2,lost_track,13
1967,9835,327.833,camera_2,reacquired,13
1968,9840,328.0,camera_2,lost_track,13
1969,9845,328.167,camera_1,removed,15
1969,9845,328.167,camera_2,reacquired,13
1970,9850,328.333,camera_2,lost_track,13
1973,9865,328.833,camera_1,removed,17
1975,9875,329.167,camera_2,reacquired,13
1976,9880,329.333,camera_2,removed,12
1977,9885,329.5,camera_1,lost_track,16
1977,9885,329.5,camera_2,lost_track,13
1977,9885,329.5,camera_3,new_track,29
1978,9890,329.667,camera_1,reacquired,16
1978,9890,329.667,camera_2,reacquired,13
1979,9895,329.833,camera_2,lost_track,13
1979,9895,329.833,camera_3,removed,-1
1980,9900,330.0,camera_1,lost_track,16
1981,9905,330.167,camera_3,lost_track,26
1982,9910,330.333,camera_1,removed,-1
1982,9910,330.333,camera_2,reacquired,13
1982,9910,330.333,camera_3,reacquired,28
1982,9910,330.333,camera_3,lost_track,29
1982,9910,330.333,camera_5,removed,4
1983,9915,330.5,camera_1,new_track,19
1983,9915,330.5,camera_2,lost_track,13
1983,9915,330.5,camera_3,removed,-1
1984,9920,330.667,camera_2,removed,-1
1984,9920,330.667,camera_3,lost_track,28
1985,9925,330.833,camera_3,reacquired,28
1986,9930,331.0,camera_1,lost_track,18
1986,9930,331.0,camera_1,lost_track,19
1986,9930,331.0,camera_2,new_track,14
1986,9930,331.0,camera_3,new_track,30
1987,9935,331.167,camera_3,lost_track,28
1988,9940,331.333,camera_1,reacquired,18
1988,9940,331.333,camera_3,new_track,31
1989,9945,331.5,camera_1,new_track,20
1990,9950,331.667,camera_1,lost_track,20
1990,9950,331.667,camera_2,lost_track,14
1990,9950,331.667,camera_3,removed,-1
1991,9955,331.833,camera_1,reacquired,20
1991,9955,331.833,camera_2,reacquired,14
1992,9960,332.0,camera_1,lost_track,20
1993,9965,332.167,camera_1,reacquired,16
1993,9965,332.167,camera_1,reacquired,20
1993,9965,332.167,camera_1,lost_track,18
1993,9965,332.167,camera_1,removed,-1
1995,9975,332.5,camera_2,lost_track,14
1995,9975,332.5,camera_3,lost_track,30
1996,9980,332.667,camera_1,lost_track,20
1996,9980,332.667,camera_2,reacquired,14
1996,9980,332.667,camera_3,removed,-1
1998,9990,333.0,camera_1,reacquired,18
1998,9990,333.0,camera_1,reacquired,20
1999,9995,333.167,camera_2,removed,-1
2001,10005,333.5,camera_1,lost_track,16
2001,10005,333.5,camera_1,lost_track,20
2001,10005,333.5,camera_3,lost_track,31
2002,10010,333.667,camera_1,reacquired,16
2002,10010,333.667,camera_2,lost_track,14
2003,10015,333.833,camera_1,lost_track,16
2003,10015,333.833,camera_2,reacquired,14
2003,10015,333.833,camera_3,new_track,32
2003,10015,333.833,camera_3,removed,-1
2004,10020,334.0,camera_1,removed,-1
2004,10020,334.0,camera_2,lost_track,14
2004,10020,334.0,camera_3,new_track,33
2006,10030,334.333,camera_3,lost_track,32
2006,10030,334.333,camera_3,removed,-1
2007,10035,334.5,camera_1,reacquired,20
2007,10035,334.5,camera_1,removed,-1
2007,10035,334.5,camera_2,removed,-1
2007,10035,334.5,camera_3,new_track,34
2007,10035,334.5,camera_3,reacquired,32
2008,10040,334.667,camera_3,lost_track,34
2009,10045,334.833,camera_1,removed,-1
2009,10045,334.833,camera_3,lost_track,33
2009,10045,334.833,camera_3,removed,-1
2010,10050,335.0,camera_2,removed,-1
2010,10050,335.0,camera_3,lost_track,32
2011,10055,335.167,camera_3,reacquired,32
2011,10055,335.167,camera_3,removed,26
2012,10060,335.333,camera_2,reacquired,14
2012,10060,335.333,camera_3,removed,29
2013,10065,335.5,camera_2,removed,13
2014,10070,335.667,camera_1,lost_track,20
2014,10070,335.667,camera_3,removed,-1
2015,10075,335.833,camera_1,reacquired,20
2015,10075,335.833,camera_2,lost_track,14
2015,10075,335.833,camera_3,lost_track,32
2016,10080,336.0,camera_1,lost_track,20
2016,10080,336.0,camera_1,removed,19
2016,10080,336.0,camera_4,new_track,1
2017,10085,336.167,camera_3,removed,28
2019,10095,336.5,camera_3,removed,-1
2020,10100,336.667,camera_3,new_track,35
2020,10100,336.667,camera_3,new_track,36
2021,10105,336.833,camera_1,lost_track,18
2022,10110,337.0,camera_3,new_track,37
2023,10115,337.167,camera_1,new_track,21
2023,10115,337.167,camera_1,reacquired,18
2024,10120,337.333,camera_1,lost_track,18
2024,10120,337.333,camera_1,lost_track,21
2025,10125,337.5,camera_2,removed,-1
2025,10125,337.5,camera_3,removed,30
2026,10130,337.667,camera_3,lost_track,36
2026,10130,337.667,camera_4,lost_track,1
2027,10135,337.833,camera_1,reacquired,18
2027,10135,337.833,camera_1,removed,-1
2027,10135,337.833,camera_2,new_track,15
2028,10140,338.0,camera_1,reacquired,21
2028,10140,338.0,camera_3,lost_track,37
2028,10140,338.0,camera_3,removed,-1
2029,10145,338.167,camera_1,lost_track,18
2029,10145,338.167,camera_1,lost_track,21
2030,10150,338.333,camera_1,reacquired,18
2030,10150,338.333,camera_3,new_track,38
2031,10155,338.5,camera_1,lost_track,18
2031,10155,338.5,camera_1,removed,-1
2031,10155,338.5,camera_2,new_track,16
2031,10155,338.5,camera_3,removed,31
2032,10160,338.667,camera_1,reacquired,18
2033,10165,338.833,camera_1,removed,16
2035,10175,339.167,camera_2,lost_track,15
2035,10175,339.167,camera_3,lost_track,38
2035,10175,339.167,camera_5,new_track,5
2037,10185,339.5,camera_1,removed,-1
2037,10185,339.5,camera_3,lost_track,35
2038,10190,339.667,camera_3,removed,34
2039,10195,339.833,camera_1,new_track,22
2039,10195,339.833,camera_1,new_track,23
2039,10195,339.833,camera_3,new_track,39
2039,10195,339.833,camera_3,removed,33
2040,10200,340.0,camera_1,lost_track,22
2040,10200,340.0,camera_1,lost_track,23
2041,10205,340.167,camera_1,reacquired,22
2041,10205,340.167,camera_1,reacquired,23
2041,10205,340.167,camera_3,lost_track,39
2042,10210,340.333,camera_1,lost_track,22
2042,10210,340.333,camera_5,lost_track,5
2043,10215,340.5,camera_1,new_track,24
2043,10215,340.5,camera_2,lost_track,16
2043,10215,340.5,camera_5,new_track,6
2044,10220,340.667,camera_1,lost_track,24
2044,10220,340.667,camera_1,lost_track,18
2044,10220,340.667,camera_1,lost_track,23
2045,10225,340.833,camera_2,removed,14
2045,10225,340.833,camera_3,removed,32
2046,10230,341.0,camera_1,new_track,25
2046,10230,341.0,camera_1,reacquired,18
2046,10230,341.0,camera_1,reacquired,23
2046,10230,341.0,camera_1,removed,20
2046,10230,341.0,camera_2,new_track,17
2047,10235,341.167,camera_1,lost_track,18
2047,10235,341.167,camera_1,lost_track,23
2049,10245,341.5,camera_1,reacquired,18
2050,10250,341.667,camera_1,lost_track,18
2050,10250,341.667,camera_2,lost_track,17
2050,10250,341.667,camera_3,removed,-1
2051,10255,341.833,camera_1,reacquired,23
2052,10260,342.0,camera_3,new_track,40
2052,10260,342.0,camera_4,new_track,2
2053,10265,342.167,camera_3,lost_track,40
2053,10265,342.167,camera_6,new_track,6
2054,10270,342.333,camera_2,removed,-1
2055,10275,342.5,camera_2,new_track,18
2055,10275,342.5,camera_4,lost_track,2
2056,10280,342.667,camera_3,removed,36
2056,10280,342.667,camera_3,removed,-1
2056,10280,342.667,camera_4,removed,1
2057,10285,342.833,camera_6,lost_track,6
2058,10290,343.0,camera_3,removed,37
2058,10290,343.0,camera_6,reacquired,6
2058,10290,343.0,camera_6,removed,-1
2059,10295,343.167,camera_1,lost_track,25
2059,10295,343.167,camera_1,removed,21
2059,10295,343.167,camera_2,lost_track,18
2059,10295,343.167,camera_3,new_track,41
2060,10300,343.333,camera_2,reacquired,18
2060,10300,343.333,camera_3,lost_track,41
2061,10305,343.5,camera_3,new_track,42
2061,10305,343.5,camera_6,new_track,7
2062,10310,343.667,camera_1,reacquired,18
2062,10310,343.667,camera_2,lost_track,18
2062,10310,343.667,camera_5,lost_track,6
2062,10310,343.667,camera_6,lost_track,6
2062,10310,343.667,camera_6,lost_track,7
2063,10315,343.833,camera_6,removed,-1
2064,10320,344.0,camera_7,removed,-1
2065,10325,344.167,camera_2,removed,15
2065,10325,344.167,camera_3,removed,38
2065,10325,344.167,camera_7,new_track,7
2066,10330,344.333,camera_3,lost_track,42
2066,10330,344.333,camera_4,removed,-1
2066,10330,344.333,camera_7,lost_track,7
2067,10335,344.5,camera_3,removed,35
2067,10335,344.5,camera_7,removed,-1
2068,10340,344.667,camera_7,new_track,8
2069,10345,344.833,camera_3,reacquired,39
2070,10350,345.0,camera_3,lost_track,39
2071,10355,345.167,camera_3,reacquired,39
2072,10360,345.333,camera_1,removed,22
2072,10360,345.333,camera_5,removed,5
2073,10365,345.5,camera_2,removed,16
2073,10365,345.5,camera_3,lost_track,39
2073,10365,345.5,camera_3,removed,-1
2074,10370,345.667,camera_1,removed,24
2080,10400,346.667,camera_2,removed,17
2080,10400,346.667,camera_3,reacquired,40
2082,10410,347.0,camera_2,removed,-1
2083,10415,347.167,camera_7,lost_track,8
2084,10420,347.333,camera_2,new_track,19
2084,10420,347.333,camera_7,removed,-1
2085,10425,347.5,camera_3,lost_track,40
2085,10425,347.5,camera_4,removed,2
2089,10445,348.167,camera_1,lost_track,18
2089,10445,348.167,camera_1,removed,25
2090,10450,348.333,camera_2,lost_track,19
2090,10450,348.333,camera_3,removed,41
2091,10455,348.5,camera_2,reacquired,19
2091,10455,348.5,camera_7,removed,-1
2092,10460,348.667,camera_2,removed,18
2092,10460,348.667,camera_5,removed,6
2092,10460,348.667,camera_6,removed,6
2092,10460,348.667,camera_6,removed,7
2092,10460,348.667,camera_7,new_track,9
2096,10480,349.333,camera_2,lost_track,19
2096,10480,349.333,camera_3,removed,42
2096,10480,349.333,camera_7,removed,7
2097,10485,349.5,camera_2,new_track,20
2099,10495,349.833,camera_1,reacquired,18
2099,10495,349.833,camera_1,removed,-1
2103,10515,350.5,camera_2,lost_track,20
2103,10515,350.5,camera_3,removed,39
2104,10520,350.667,camera_2,reacquired,20
2105,10525,350.833,camera_2,lost_track,20
2106,10530,351.0,camera_1,lost_track,18
2108,10540,351.333,camera_1,removed,-1
2108,10540,351.333,camera_3,removed,-1
2109,10545,351.5,camera_7,lost_track,9
2112,10560,352.0,camera_6,new_track,8
2113,10565,352.167,camera_6,new_track,9
2113,10565,352.167,camera_7,removed,8
2114,10570,352.333,camera_6,lost_track,9
2115,10575,352.5,camera_3,removed,40
2117,10585,352.833,camera_3,removed,-1
2118,10590,353.0,camera_3,new_track,43
2121,10605,353.5,camera_4,removed,-1
2122,10610,353.667,camera_2,removed,-1
2123,10615,353.833,camera_6,lost_track,8
2126,10630,354.333,camera_2,removed,19
2126,10630,354.333,camera_3,lost_track,43
2127,10635,354.5,camera_1,removed,-1
2127,10635,354.5,camera_2,new_track,21
2128,10640,354.667,camera_1,reacquired,18
2128,10640,354.667,camera_2,lost_track,21
2128,10640,354.667,camera_3,removed,-1
2129,10645,354.833,camera_2,new_track,22
2130,10650,355.0,camera_1,lost_track,18
2130,10650,355.0,camera_3,removed,-1
2131,10655,355.167,camera_2,lost_track,22
2132,10660,355.333,camera_2,reacquired,22
2133,10665,355.5,camera_1,reacquired,18
2133,10665,355.5,camera_1,removed,-1
2133,10665,355.5,camera_3,removed,-1
2135,10675,355.833,camera_2,lost_track,22
2135,10675,355.833,camera_2,removed,20
2135,10675,355.833,camera_3,new_track,44
2135,10675,355.833,camera_5,new_track,7
2136,10680,356.0,camera_1,lost_track,18
2136,10680,356.0,camera_2,removed,-1
2139,10695,356.5,camera_2,removed,-1
2139,10695,356.5,camera_5,new_track,8
2139,10695,356.5,camera_7,removed,9
2141,10705,356.833,camera_2,removed,-1
2142,10710,357.0,camera_5,lost_track,7
2143,10715,357.167,camera_5,reacquired,7
2143,10715,357.167,camera_5,lost_track,8
2143,10715,357.167,camera_5,removed,-1
2144,10720,357.333,camera_5,reacquired,8
2144,10720,357.333,camera_5,lost_track,7
2144,10720,357.333,camera_6,removed,9
2145,10725,357.5,camera_5,removed,-1
2146,10730,357.667,camera_1,removed,-1
2146,10730,357.667,camera_4,new_track,3
2147,10735,357.833,camera_2,new_track,23
2149,10745,358.167,camera_1,lost_track,23
2150,10750,358.333,camera_1,reacquired,23
2150,10750,358.333,camera_1,removed,-1
2150,10750,358.333,camera_4,lost_track,3
2153,10765,358.833,camera_1,new_track,26
2153,10765,358.833,camera_6,removed,8
2154,10770,359.0,camera_1,new_track,27
2155,10775,359.167,camera_3,lost_track,44
2155,10775,359.167,camera_3,removed,-1
2156,10780,359.333,camera_3,new_track,45
2156,10780,359.333,camera_3,removed,43
2156,10780,359.333,camera_5,lost_track,8
2158,10790,359.667,camera_1,lost_track,23
2158,10790,359.667,camera_2,removed,21
2158,10790,359.667,camera_5,reacquired,8
2159,10795,359.833,camera_1,reacquired,23
2159,10795,359.833,camera_2,lost_track,23
2160,10800,360.0,camera_1,lost_track,23
2160,10800,360.0,camera_2,reacquired,23
2160,10800,360.0,camera_5,lost_track,8
2161,10805,360.167,camera_2,lost_track,23
2162,10810,360.333,camera_1,reacquired,23
2162,10810,360.333,camera_1,lost_track,27
2163,10815,360.5,camera_1,reacquired,27
2163,10815,360.5,camera_1,lost_track,23
2164,10820,360.667,camera_1,reacquired,23
2165,10825,360.833,camera_2,removed,22
2166,10830,361.0,camera_1,lost_track,23
2166,10830,361.0,camera_1,removed,18
2167,10835,361.167,camera_1,reacquired,23
2167,10835,361.167,camera_1,lost_track,27
2168,10840,361.333,camera_1,reacquired,27
2170,10850,361.667,camera_1,lost_track,26
2172,10860,362.0,camera_1,lost_track,27
2173,10865,362.167,camera_1,reacquired,26
2174,10870,362.333,camera_5,removed,7
2176,10880,362.667,camera_1,lost_track,26
2176,10880,362.667,camera_1,lost_track,23
2177,10885,362.833,camera_1,removed,-1
2177,10885,362.833,camera_3,lost_track,45
2178,10890,363.0,camera_1,new_track,28
2178,10890,363.0,camera_1,reacquired,23
2178,10890,363.0,camera_1,reacquired,26
2180,10900,363.333,camera_1,reacquired,27
2180,10900,363.333,camera_1,lost_track,26
2180,10900,363.333,camera_4,removed,3
2182,10910,363.667,camera_1,lost_track,28
2183,10915,363.833,camera_1,removed,-1
2183,10915,363.833,camera_2,removed,-1
2185,10925,364.167,camera_3,removed,44
2188,10940,364.667,camera_3,new_track,46
2189,10945,364.833,camera_3,lost_track,46
2190,10950,365.0,camera_3,removed,-1
2190,10950,365.0,camera_5,removed,8
2191,10955,365.167,camera_2,removed,-1
2191,10955,365.167,camera_2,removed,23
2193,10965,365.5,camera_2,removed,-1
2194,10970,365.667,camera_3,removed,-1
2195,10975,365.833,camera_2,new_track,24
2197,10985,366.167,camera_3,new_track,47
2199,10995,366.5,camera_1,lost_track,27
2199,10995,366.5,camera_2,lost_track,24
2202,11010,367.0,camera_1,new_track,29
2204,11020,367.333,camera_3,lost_track,47
2204,11020,367.333,camera_4,removed,-1
2207,11035,367.833,camera_3,removed,45
2210,11050,368.333,camera_1,removed,26
2210,11050,368.333,camera_3,removed,-1
2212,11060,368.667,camera_1,removed,28
2212,11060,368.667,camera_3,new_track,48
2216,11080,369.333,camera_3,reacquired,46
2216,11080,369.333,camera_3,lost_track,48
2221,11105,370.167,camera_2,new_track,25
2222,11110,370.333,camera_3,lost_track,46
2223,11115,370.5,camera_3,removed,-1
2224,11120,370.667,camera_3,new_track,49
2225,11125,370.833,camera_3,lost_track,49
2227,11135,371.167,camera_1,lost_track,29
2227,11135,371.167,camera_3,new_track,50
2227,11135,371.167,camera_3,new_track,51
2228,11140,371.333,camera_1,removed,-1
2229,11145,371.5,camera_1,removed,27
2229,11145,371.5,camera_2,removed,24
2229,11145,371.5,camera_3,lost_track,50
2229,11145,371.5,camera_3,lost_track,51
2230,11150,371.667,camera_2,lost_track,25
2230,11150,371.667,camera_3,reacquired,51
2231,11155,371.833,camera_2,new_track,26
2231,11155,371.833,camera_3,reacquired,50
2233,11165,372.167,camera_3,lost_track,50
2233,11165,372.167,camera_5,removed,-1
2234,11170,372.333,camera_3,removed,47
2235,11175,372.5,camera_3,lost_track,51
2235,11175,372.5,camera_5,new_track,9
2236,11180,372.667,camera_2,lost_track,26
2236,11180,372.667,camera_3,new_track,52
2236,11180,372.667,camera_3,removed,-1
2237,11185,372.833,camera_2,reacquired,26
2237,11185,372.833,camera_3,reacquired,49
2237,11185,372.833,camera_5,lost_track,9
2237,11185,372.833,camera_5,removed,-1
2238,11190,373.0,camera_1,new_track,30
2238,11190,373.0,camera_3,lost_track,49
2239,11195,373.167,camera_3,lost_track,52
2239,11195,373.167,camera_5,new_track,10
2240,11200,373.333,camera_3,reacquired,52
2240,11200,373.333,camera_3,removed,-1
2240,11200,373.333,camera_4,new_track,4
2241,11205,373.5,camera_4,removed,-1
2242,11210,373.667,camera_3,lost_track,52
2243,11215,373.833,camera_3,removed,-1
2243,11215,373.833,camera_4,lost_track,4
2244,11220,374.0,camera_3,reacquired,52
2245,11225,374.167,camera_1,lost_track,30
2245,11225,374.167,camera_3,lost_track,52
2246,11230,374.333,camera_1,reacquired,30
2246,11230,374.333,camera_3,removed,48
2247,11235,374.5,camera_2,removed,-1
2248,11240,374.667,camera_1,lost_track,30
2248,11240,374.667,camera_3,removed,-1
2252,11260,375.333,camera_3,removed,46
2253,11265,375.5,camera_2,lost_track,26
2254,11270,375.667,camera_5,removed,-1
2255,11275,375.833,camera_5,new_track,11
2256,11280,376.0,camera_5,lost_track,10
2257,11285,376.167,camera_1,removed,29
2257,11285,376.167,camera_5,removed,-1
2258,11290,376.333,camera_3,new_track,53
2260,11300,376.667,camera_2,removed,25
2262,11310,377.0,camera_3,lost_track,53
2262,11310,377.0,camera_5,lost_track,11
2263,11315,377.167,camera_3,reacquired,53
2263,11315,377.167,camera_3,removed,50
2265,11325,377.5,camera_3,removed,51
2265,11325,377.5,camera_4,removed,-1
2267,11335,377.833,camera_3,lost_track,53
2267,11335,377.833,camera_5,removed,9
2267,11335,377.833,camera_5,removed,-1
2268,11340,378.0,camera_3,reacquired,53
2268,11340,378.0,camera_3,removed,49
2268,11340,378.0,camera_4,new_track,5
2268,11340,378.0,camera_6,new_track,10
2269,11345,378.167,camera_5,removed,-1
2270,11350,378.333,camera_3,lost_track,53
2272,11360,378.667,camera_4,removed,-1
2272,11360,378.667,camera_5,new_track,12
2273,11365,378.833,camera_4,removed,4
2275,11375,379.167,camera_3,removed,52
2275,11375,379.167,camera_4,new_track,6
2275,11375,379.167,camera_4,new_track,7
2276,11380,379.333,camera_4,lost_track,6
2277,11385,379.5,camera_6,new_track,11
2278,11390,379.667,camera_1,removed,30
2279,11395,379.833,camera_6,lost_track,11
2280,11400,380.0,camera_2,removed,-1
2280,11400,380.0,camera_5,new_track,13
2280,11400,380.0,camera_6,new_track,12
2280,11400,380.0,camera_6,removed,-1
2281,11405,380.167,camera_4,lost_track,5
2281,11405,380.167,camera_4,removed,-1
2281,11405,380.167,camera_6,lost_track,10
2282,11410,380.333,camera_5,lost_track,13
2282,11410,380.333,camera_7,removed,-1
2283,11415,380.5,camera_2,removed,26
2283,11415,380.5,camera_5,reacquired,13
2283,11415,380.5,camera_7,new_track,10
2284,11420,380.667,camera_4,reacquired,5
2284,11420,380.667,camera_4,lost_track,7
2284,11420,380.667,camera_5,lost_track,12
2284,11420,380.667,camera_5,removed,-1
2285,11425,380.833,camera_5,reacquired,12
2286,11430,381.0,camera_4,reacquired,6
2286,11430,381.0,camera_4,lost_track,5
2286,11430,381.0,camera_5,new_track,14
2286,11430,381.0,camera_5,lost_track,13
2286,11430,381.0,camera_5,removed,10
2287,11435,381.167,camera_4,lost_track,6
2287,11435,381.167,camera_5,lost_track,12
2288,11440,381.333,camera_6,removed,-1
2289,11445,381.5,camera_6,new_track,13
2290,11450,381.667,camera_2,removed,-1
2291,11455,381.833,camera_5,removed,-1
2291,11455,381.833,camera_6,lost_track,13
2292,11460,382.0,camera_5,removed,11
2292,11460,382.0,camera_6,lost_track,12
2293,11465,382.167,camera_5,lost_track,14
2294,11470,382.333,camera_2,removed,-1
2294,11470,382.333,camera_7,removed,-1
2296,11480,382.667,camera_2,removed,-1
2296,11480,382.667,camera_7,lost_track,10
2296,11480,382.667,camera_7,removed,-1
2297,11485,382.833,camera_2,new_track,27
2297,11485,382.833,camera_7,new_track,11
2297,11485,382.833,camera_7,new_track,12
2298,11490,383.0,camera_7,lost_track,12
2299,11495,383.167,camera_7,removed,-1
2300,11500,383.333,camera_2,lost_track,27
2300,11500,383.333,camera_3,removed,53
2300,11500,383.333,camera_7,new_track,13
2301,11505,383.5,camera_1,removed,-1
2301,11505,383.5,camera_2,removed,-1
2301,11505,383.5,camera_6,new_track,14
2302,11510,383.667,camera_3,removed,-1
2303,11515,383.833,camera_2,removed,-1
2303,11515,383.833,camera_3,new_track,54
2303,11515,383.833,camera_7,lost_track,13
2306,11530,384.333,camera_3,lost_track,54
2309,11545,384.833,camera_6,removed,11
2310,11550,385.0,camera_6,new_track,15
2310,11550,385.0,camera_7,reacquired,12
2310,11550,385.0,camera_7,lost_track,11
2311,11555,385.167,camera_6,lost_track,15
2311,11555,385.167,camera_6,removed,10
2312,11560,385.333,camera_4,removed,-1
2312,11560,385.333,camera_6,lost_track,14
2312,11560,385.333,camera_7,new_track,14
2314,11570,385.667,camera_4,new_track,8
2314,11570,385.667,camera_4,removed,7
2314,11570,385.667,camera_5,removed,-1
2314,11570,385.667,camera_7,lost_track,14
2315,11575,385.833,camera_4,lost_track,8
2316,11580,386.0,camera_4,reacquired,8
2316,11580,386.0,camera_4,removed,5
2316,11580,386.0,camera_5,removed,13
2317,11585,386.167,camera_4,removed,6
2317,11585,386.167,camera_5,removed,12
2317,11585,386.167,camera_5,removed,-1
2321,11605,386.833,camera_4,new_track,9
2321,11605,386.833,camera_6,removed,13
2321,11605,386.833,camera_7,new_track,15
2321,11605,386.833,camera_7,reacquired,11
2321,11605,386.833,camera_7,removed,-1
2322,11610,387.0,camera_6,removed,12
2322,11610,387.0,camera_7,lost_track,11
2323,11615,387.167,camera_5,removed,14
2323,11615,387.167,camera_7,lost_track,12
2323,11615,387.167,camera_7,removed,-1
2324,11620,387.333,camera_4,lost_track,9
2324,11620,387.333,camera_5,new_track,15
2324,11620,387.333,camera_7,new_track,16
2324,11620,387.333,camera_7,reacquired,12
2325,11625,387.5,camera_7,lost_track,16
2325,11625,387.5,camera_7,lost_track,12
2325,11625,387.5,camera_7,lost_track,15
2326,11630,387.667,camera_5,new_track,16
2326,11630,387.667,camera_7,reacquired,15
2326,11630,387.667,camera_7,removed,10
2326,11630,387.667,camera_7,removed,-1
2327,11635,387.833,camera_4,lost_track,8
2328,11640,388.0,camera_7,new_track,17
2330,11650,388.333,camera_2,removed,27
2330,11650,388.333,camera_7,removed,-1
2332,11660,388.667,camera_7,removed,-1
2333,11665,388.833,camera_7,lost_track,17
2333,11665,388.833,camera_7,removed,13
2334,11670,389.0,camera_5,lost_track,15
2335,11675,389.167,camera_6,removed,-1
2335,11675,389.167,camera_7,reacquired,17
2336,11680,389.333,camera_3,removed,54
2336,11680,389.333,camera_6,new_track,16
2336,11680,389.333,camera_6,reacquired,15
2337,11685,389.5,camera_7,lost_track,17
2338,11690,389.667,camera_5,lost_track,16
2338,11690,389.667,camera_7,reacquired,17
2339,11695,389.833,camera_5,reacquired,16
2339,11695,389.833,camera_7,lost_track,17
2340,11700,390.0,camera_5,lost_track,16
2340,11700,390.0,camera_6,lost_track,15
2342,11710,390.333,camera_6,removed,14
2342,11710,390.333,camera_7,removed,-1
2344,11720,390.667,camera_7,removed,14
2346,11730,391.0,camera_6,new_track,17
2346,11730,391.0,camera_6,lost_track,16
2346,11730,391.0,camera_7,removed,-1
2347,11735,391.167,camera_6,removed,-1
2350,11750,391.667,camera_7,new_track,18
2351,11755,391.833,camera_2,removed,-1
2351,11755,391.833,camera_6,reacquired,16
2351,11755,391.833,camera_6,lost_track,17
2352,11760,392.0,camera_7,removed,11
2354,11770,392.333,camera_4,removed,9
2355,11775,392.5,camera_7,removed,16
2355,11775,392.5,camera_7,removed,12
2357,11785,392.833,camera_4,removed,8
2358,11790,393.0,camera_6,reacquired,15
2360,11800,393.333,camera_5,new_track,17
2360,11800,393.333,camera_6,lost_track,15
2362,11810,393.667,camera_6,lost_track,16
2364,11820,394.0,camera_5,removed,15
2365,11825,394.167,camera_7,lost_track,18
2366,11830,394.333,camera_7,new_track,19
2367,11835,394.5,camera_2,new_track,28
2367,11835,394.5,camera_7,lost_track,15
2368,11840,394.667,camera_2,lost_track,28
2368,11840,394.667,camera_7,reacquired,15
2368,11840,394.667,camera_7,lost_track,19
2369,11845,394.833,camera_7,reacquired,19
2369,11845,394.833,camera_7,lost_track,15
2369,11845,394.833,camera_7,removed,17
2370,11850,395.0,camera_5,removed,16
2371,11855,395.167,camera_4,removed,-1
2371,11855,395.167,camera_7,removed,-1
2372,11860,395.333,camera_4,new_track,10
2374,11870,395.667,camera_4,lost_track,10
2374,11870,395.667,camera_7,reacquired,18
2374,11870,395.667,camera_7,lost_track,19
2375,11875,395.833,camera_7,new_track,20
2377,11885,396.167,camera_5,lost_track,17
2378,11890,396.333,camera_5,reacquired,17
2378,11890,396.333,camera_5,removed,-1
2380,11900,396.667,camera_5,lost_track,17
2381,11905,396.833,camera_5,reacquired,17
2381,11905,396.833,camera_6,removed,17
2382,11910,397.0,camera_5,new_track,18
2385,11925,397.5,camera_7,removed,-1
2386,11930,397.667,camera_5,lost_track,17
2387,11935,397.833,camera_5,lost_track,18
2388,11940,398.0,camera_5,reacquired,17
2388,11940,398.0,camera_7,lost_track,18
2389,11945,398.167,camera_5,lost_track,17
2390,11950,398.333,camera_5,reacquired,17
2390,11950,398.333,camera_6,removed,15
2392,11960,398.667,camera_5,reacquired,18
2392,11960,398.667,camera_6,removed,16
2392,11960,398.667,camera_7,reacquired,19
2392,11960,398.667,camera_7,lost_track,20
2393,11965,398.833,camera_5,lost_track,18
2394,11970,399.0,camera_4,new_track,11
2394,11970,399.0,camera_7,reacquired,20
2394,11970,399.0,camera_7,lost_track,19
2395,11975,399.167,camera_7,removed,-1
2396,11980,399.333,camera_4,lost_track,11
2397,11985,399.5,camera_4,new_track,12
2397,11985,399.5,camera_7,reacquired,19
2398,11990,399.667,camera_2,removed,28
2398,11990,399.667,camera_4,lost_track,12
2399,11995,399.833,camera_2,reacquired,28
2399,11995,399.833,camera_7,removed,15
2400,12000,400.0,camera_2,lost_track,28
2401,12005,400.167,camera_2,reacquired,28
2401,12005,400.167,camera_6,new_track,18
2402,12010,400.333,camera_2,lost_track,28
2402,12010,400.333,camera_6,lost_track,18
2403,12015,400.5,camera_6,removed,-1
2404,12020,400.667,camera_4,removed,10
2405,12025,400.833,camera_7,lost_track,19
2405,12025,400.833,camera_7,lost_track,20
2406,12030,401.0,camera_5,new_track,19
2406,12030,401.0,camera_7,removed,-1
2407,12035,401.167,camera_6,new_track,19
2407,12035,401.167,camera_6,reacquired,18
2408,12040,401.333,camera_6,lost_track,18
2408,12040,401.333,camera_6,lost_track,19
2408,12040,401.333,camera_7,new_track,21
2409,12045,401.5,camera_5,lost_track,19
2410,12050,401.667,camera_5,reacquired,19
2410,12050,401.667,camera_6,new_track,20
2410,12050,401.667,camera_7,lost_track,21
2411,12055,401.833,camera_5,lost_track,17
2411,12055,401.833,camera_7,reacquired,21
2412,12060,402.0,camera_6,lost_track,20
2412,12060,402.0,camera_7,lost_track,21
2413,12065,402.167,camera_5,new_track,20
2413,12065,402.167,camera_6,removed,-1
2413,12065,402.167,camera_7,removed,-1
2414,12070,402.333,camera_2,removed,-1
2414,12070,402.333,camera_6,new_track,21
2415,12075,402.5,camera_1,removed,-1
2416,12080,402.667,camera_2,new_track,29
2416,12080,402.667,camera_6,reacquired,20
2417,12085,402.833,camera_6,lost_track,20
2417,12085,402.833,camera_6,lost_track,21
2418,12090,403.0,camera_4,new_track,13
2418,12090,403.0,camera_5,lost_track,20
2418,12090,403.0,camera_6,reacquired,20
2418,12090,403.0,camera_7,removed,18
2419,12095,403.167,camera_6,new_track,22
2421,12105,403.5,camera_1,new_track,31
2421,12105,403.5,camera_5,lost_track,19
2422,12110,403.667,camera_3,new_track,55
2423,12115,403.833,camera_5,removed,18
2423,12115,403.833,camera_6,lost_track,20
2426,12130,404.333,camera_4,removed,11
2427,12135,404.5,camera_2,lost_track,29
2428,12140,404.667,camera_3,removed,-1
2428,12140,404.667,camera_4,removed,12
2428,12140,404.667,camera_6,lost_track,22
2430,12150,405.0,camera_1,lost_track,31
2431,12155,405.167,camera_4,lost_track,13
2432,12160,405.333,camera_2,removed,28
2432,12160,405.333,camera_4,removed,-1
2434,12170,405.667,camera_3,new_track,56
2435,12175,405.833,camera_1,new_track,32
2435,12175,405.833,camera_3,lost_track,55
2435,12175,405.833,camera_7,removed,19
2435,12175,405.833,camera_7,removed,20
2436,12180,406.0,camera_3,new_track,57
2437,12185,406.167,camera_2,new_track,30
2438,12190,406.333,camera_5,new_track,21
2438,12190,406.333,camera_6,removed,18
2438,12190,406.333,camera_6,removed,19
2440,12200,406.667,camera_3,lost_track,56
2441,12205,406.833,camera_5,removed,17
2442,12210,407.0,camera_4,removed,-1
2442,12210,407.0,camera_5,removed,-1
2442,12210,407.0,camera_7,removed,21
2443,12215,407.167,camera_4,reacquired,13
2444,12220,407.333,camera_3,lost_track,57
2444,12220,407.333,camera_5,lost_track,21
2445,12225,407.5,camera_3,reacquired,57
2445,12225,407.5,camera_5,reacquired,21
2445,12225,407.5,camera_5,removed,-1
2446,12230,407.667,camera_5,lost_track,21
2447,12235,407.833,camera_3,lost_track,57
2447,12235,407.833,camera_5,reacquired,21
2447,12235,407.833,camera_5,removed,-1
2447,12235,407.833,camera_6,removed,21
2448,12240,408.0,camera_1,lost_track,32
2448,12240,408.0,camera_3,reacquired,57
2448,12240,408.0,camera_5,new_track,22
2448,12240,408.0,camera_5,lost_track,21
2448,12240,408.0,camera_5,removed,20
2449,12245,408.167,camera_3,lost_track,57
2449,12245,408.167,camera_5,new_track,23
2450,12250,408.333,camera_2,lost_track,30
2451,12255,408.5,camera_5,new_track,24
2451,12255,408.5,camera_5,lost_track,22
2451,12255,408.5,camera_5,removed,19
2452,12260,408.667,camera_3,removed,-1
2453,12265,408.833,camera_6,removed,20
2454,12270,409.0,camera_2,removed,-1
2454,12270,409.0,camera_4,removed,-1
2454,12270,409.0,camera_5,lost_track,24
2456,12280,409.333,camera_2,new_track,31
2456,12280,409.333,camera_5,lost_track,23
2456,12280,409.333,camera_5,removed,-1
2457,12285,409.5,camera_2,removed,29
2457,12285,409.5,camera_4,new_track,14
2458,12290,409.667,camera_2,lost_track,31
2458,12290,409.667,camera_4,lost_track,14
2458,12290,409.667,camera_5,reacquired,24
2458,12290,409.667,camera_6,removed,22
2459,12295,409.833,camera_4,lost_track,13
2460,12300,410.0,camera_1,removed,31
2460,12300,410.0,camera_4,reacquired,13
2460,12300,410.0,camera_4,removed,-1
2462,12310,410.333,camera_4,new_track,15
2465,12325,410.833,camera_3,removed,55
2465,12325,410.833,camera_5,new_track,25
2465,12325,410.833,camera_5,removed,-1
2468,12340,411.333,camera_5,lost_track,25
2470,12350,411.667,camera_3,removed,56
2470,12350,411.667,camera_5,removed,-1
2471,12355,411.833,camera_2,reacquired,31
2471,12355,411.833,camera_2,removed,-1
2473,12365,412.167,camera_1,removed,-1
2473,12365,412.167,camera_4,lost_track,15
2473,12365,412.167,camera_5,removed,-1
2475,12375,412.5,camera_2,lost_track,31
2475,12375,412.5,camera_2,removed,-1
2475,12375,412.5,camera_4,reacquired,15
2475,12375,412.5,camera_4,lost_track,13
2475,12375,412.5,camera_4,removed,-1
2475,12375,412.5,camera_5,lost_track,24
2476,12380,412.667,camera_2,new_track,32
2476,12380,412.667,camera_4,new_track,16
2477,12385,412.833,camera_2,reacquired,31
2477,12385,412.833,camera_2,removed,-1
2478,12390,413.0,camera_1,removed,32
2478,12390,413.0,camera_1,removed,-1
2478,12390,413.0,camera_2,lost_track,32
2478,12390,413.0,camera_4,lost_track,16
2478,12390,413.0,camera_4,lost_track,15
2478,12390,413.0,camera_5,removed,21
2479,12395,413.167,camera_2,reacquired,32
2479,12395,413.167,camera_3,removed,57
2480,12400,413.333,camera_2,removed,30
2481,12405,413.5,camera_1,removed,-1
2481,12405,413.5,camera_3,removed,-1
2481,12405,413.5,camera_5,removed,22
2484,12420,414.0,camera_1,removed,-1
2484,12420,414.0,camera_2,lost_track,32
2485,12425,414.167,camera_2,reacquired,32
2485,12425,414.167,camera_3,removed,-1
2486,12430,414.333,camera_2,lost_track,31
2486,12430,414.333,camera_5,removed,23
2487,12435,414.5,camera_2,lost_track,32
2487,12435,414.5,camera_4,new_track,17
2488,12440,414.667,camera_2,reacquired,32
2488,12440,414.667,camera_4,removed,14
2489,12445,414.833,camera_2,lost_track,32
2489,12445,414.833,camera_3,new_track,58
2490,12450,415.0,camera_2,new_track,33
2490,12450,415.0,camera_2,reacquired,31
2490,12450,415.0,camera_2,reacquired,32
2490,12450,415.0,camera_3,new_track,59
2491,12455,415.167,camera_2,lost_track,31
2491,12455,415.167,camera_3,lost_track,58
2492,12460,415.333,camera_2,lost_track,32
2492,12460,415.333,camera_3,reacquired,58
2492,12460,415.333,camera_3,lost_track,59
2492,12460,415.333,camera_3,removed,-1
2493,12465,415.5,camera_2,reacquired,32
2493,12465,415.5,camera_2,lost_track,33
2493,12465,415.5,camera_3,new_track,60
2493,12465,415.5,camera_4,lost_track,17
2493,12465,415.5,camera_4,removed,-1
2494,12470,415.667,camera_3,lost_track,58
2494,12470,415.667,camera_4,reacquired,13
2495,12475,415.833,camera_1,lost_track,23
2495,12475,415.833,camera_2,reacquired,31
2496,12480,416.0,camera_1,new_track,33
2496,12480,416.0,camera_1,reacquired,23
2496,12480,416.0,camera_4,reacquired,17
2498,12490,416.333,camera_3,reacquired,58
2498,12490,416.333,camera_5,removed,25
2499,12495,416.5,camera_1,lost_track,33
2499,12495,416.5,camera_2,lost_track,31
2499,12495,416.5,camera_4,lost_track,17
2500,12500,416.667,camera_1,removed,-1
2500,12500,416.667,camera_2,reacquired,31
2500,12500,416.667,camera_3,lost_track,58
2500,12500,416.667,camera_4,reacquired,17
2501,12505,416.833,camera_1,lost_track,23
2501,12505,416.833,camera_2,lost_track,31
2501,12505,416.833,camera_3,reacquired,58
2502,12510,417.0,camera_1,removed,-1
2502,12510,417.0,camera_2,reacquired,31
2502,12510,417.0,camera_3,lost_track,60
2503,12515,417.167,camera_3,lost_track,58
2503,12515,417.167,camera_3,removed,-1
2504,12520,417.333,camera_2,lost_track,32
2504,12520,417.333,camera_3,new_track,61
2504,12520,417.333,camera_4,lost_track,17
2505,12525,417.5,camera_3,new_track,62
2505,12525,417.5,camera_5,removed,24
2506,12530,417.667,camera_1,removed,-1
2506,12530,417.667,camera_3,new_track,63
2507,12535,417.833,camera_3,lost_track,61
2507,12535,417.833,camera_3,lost_track,62
2508,12540,418.0,camera_3,reacquired,61
2508,12540,418.0,camera_3,reacquired,62
2508,12540,418.0,camera_4,removed,16
2508,12540,418.0,camera_4,removed,15
2509,12545,418.167,camera_1,new_track,34
2511,12555,418.5,camera_1,new_track,35
2511,12555,418.5,camera_3,lost_track,63
2512,12560,418.667,camera_1,lost_track,35
2512,12560,418.667,camera_3,lost_track,61
2512,12560,418.667,camera_4,lost_track,13
2513,12565,418.833,camera_3,reacquired,61
2514,12570,419.0,camera_2,lost_track,31
2516,12580,419.333,camera_4,removed,-1
2517,12585,419.5,camera_2,removed,-1
2519,12595,419.833,camera_2,new_track,34
2519,12595,419.833,camera_3,lost_track,62
2520,12600,420.0,camera_1,reacquired,23
2520,12600,420.0,camera_3,lost_track,61
2521,12605,420.167,camera_3,reacquired,61
2521,12605,420.167,camera_3,removed,-1
2521,12605,420.167,camera_4,new_track,18
2521,12605,420.167,camera_4,removed,-1
2522,12610,420.333,camera_1,lost_track,23
2522,12610,420.333,camera_3,lost_track,61
2522,12610,420.333,camera_3,removed,59
2522,12610,420.333,camera_4,lost_track,18
2523,12615,420.5,camera_1,lost_track,34
2523,12615,420.5,camera_2,removed,33
2523,12615,420.5,camera_4,reacquired,18
2524,12620,420.667,camera_1,reacquired,23
2524,12620,420.667,camera_3,removed,-1
2524,12620,420.667,camera_4,lost_track,18
2525,12625,420.833,camera_4,reacquired,18
2525,12625,420.833,camera_4,removed,-1
2526,12630,421.0,camera_1,removed,-1
2526,12630,421.0,camera_3,removed,-1
2528,12640,421.333,camera_1,reacquired,34
2528,12640,421.333,camera_1,removed,-1
2529,12645,421.5,camera_1,removed,33
2529,12645,421.5,camera_4,new_track,19
2531,12655,421.833,camera_1,lost_track,34
2532,12660,422.0,camera_3,removed,60
2533,12665,422.167,camera_2,lost_track,34
2533,12665,422.167,camera_3,removed,58
2533,12665,422.167,camera_5,removed,-1
2534,12670,422.333,camera_2,removed,32
2534,12670,422.333,camera_4,lost_track,19
2534,12670,422.333,camera_4,removed,17
2534,12670,422.333,camera_4,removed,-1
2534,12670,422.333,camera_5,new_track,26
2535,12675,422.5,camera_4,reacquired,19
2537,12685,422.833,camera_5,lost_track,26
2538,12690,423.0,camera_4,lost_track,18
2538,12690,423.0,camera_5,reacquired,26
2539,12695,423.167,camera_1,lost_track,23
2539,12695,423.167,camera_5,lost_track,26
2540,12700,423.333,camera_1,reacquired,23
2541,12705,423.5,camera_3,removed,63
2541,12705,423.5,camera_4,removed,-1
2542,12710,423.667,camera_1,removed,35
2542,12710,423.667,camera_4,removed,13
2542,12710,423.667,camera_5,removed,-1
2544,12720,424.0,camera_1,lost_track,23
2544,12720,424.0,camera_2,removed,31
2545,12725,424.167,camera_1,reacquired,23
2545,12725,424.167,camera_4,new_track,20
2547,12735,424.5,camera_1,lost_track,23
2547,12735,424.5,camera_4,lost_track,20
2548,12740,424.667,camera_2,removed,-1
2549,12745,424.833,camera_1,reacquired,23
2549,12745,424.833,camera_3,removed,62
2550,12750,425.0,camera_4,removed,-1
2551,12755,425.167,camera_2,removed,-1
2552,12760,425.333,camera_3,removed,61
2553,12765,425.5,camera_6,new_track,23
2557,12785,426.167,camera_2,removed,-1
2559,12795,426.5,camera_1,lost_track,23
2559,12795,426.5,camera_2,new_track,35
2560,12800,426.667,camera_1,reacquired,23
2560,12800,426.667,camera_1,removed,-1
2560,12800,426.667,camera_2,lost_track,35
2561,12805,426.833,camera_1,lost_track,23
2561,12805,426.833,camera_1,removed,34
2561,12805,426.833,camera_2,removed,-1
2562,12810,427.0,camera_1,reacquired,23
2562,12810,427.0,camera_6,new_track,24
2563,12815,427.167,camera_2,removed,34
2563,12815,427.167,camera_2,removed,-1
2564,12820,427.333,camera_1,lost_track,23
2564,12820,427.333,camera_6,lost_track,23
2565,12825,427.5,camera_6,lost_track,24
2565,12825,427.5,camera_6,removed,-1
2566,12830,427.667,camera_1,reacquired,23
2566,12830,427.667,camera_2,removed,-1
2566,12830,427.667,camera_6,reacquired,23
2567,12835,427.833,camera_1,removed,-1
2567,12835,427.833,camera_4,removed,-1
2567,12835,427.833,camera_6,lost_track,23
2568,12840,428.0,camera_1,lost_track,23
2568,12840,428.0,camera_4,new_track,21
2568,12840,428.0,camera_4,removed,18
2569,12845,428.167,camera_1,reacquired,23
2569,12845,428.167,camera_5,removed,26
2570,12850,428.333,camera_1,lost_track,23
2570,12850,428.333,camera_7,removed,-1
2571,12855,428.5,camera_1,new_track,36
2571,12855,428.5,camera_4,lost_track,19
2572,12860,428.667,camera_1,reacquired,23
2572,12860,428.667,camera_1,lost_track,36
2572,12860,428.667,camera_2,new_track,36
2572,12860,428.667,camera_7,removed,-1
2573,12865,428.833,camera_4,new_track,22
2573,12865,428.833,camera_7,new_track,22
2574,12870,429.0,camera_1,removed,-1
2574,12870,429.0,camera_4,lost_track,22
2575,12875,429.167,camera_1,new_track,37
2575,12875,429.167,camera_4,new_track,23
2576,12880,429.333,camera_1,lost_track,37
2577,12885,429.5,camera_4,removed,20
2578,12890,429.667,camera_1,lost_track,23
2578,12890,429.667,camera_7,lost_track,22
2579,12895,429.833,camera_4,reacquired,19
2579,12895,429.833,camera_4,lost_track,21
2580,12900,430.0,camera_4,reacquired,22
2580,12900,430.0,camera_4,lost_track,19
2580,12900,430.0,camera_7,removed,-1
2581,12905,430.167,camera_5,new_track,27
2582,12910,430.333,camera_2,lost_track,36
2583,12915,430.5,camera_1,reacquired,23
2583,12915,430.5,camera_4,lost_track,22
2583,12915,430.5,camera_5,removed,-1
2584,12920,430.667,camera_2,reacquired,36
2584,12920,430.667,camera_4,new_track,24
2584,12920,430.667,camera_5,new_track,28
2585,12925,430.833,camera_2,lost_track,36
2585,12925,430.833,camera_4,lost_track,23
2586,12930,431.0,camera_4,removed,-1
2588,12940,431.333,camera_1,lost_track,23
2589,12945,431.5,camera_5,new_track,29
2590,12950,431.667,camera_1,reacquired,23
2590,12950,431.667,camera_2,removed,35
2590,12950,431.667,camera_4,reacquired,19
2591,12955,431.833,camera_4,reacquired,21
2591,12955,431.833,camera_4,lost_track,19
2592,12960,432.0,camera_5,lost_track,29
2593,12965,432.167,camera_5,lost_track,28
2594,12970,432.333,camera_4,reacquired,22
2594,12970,432.333,camera_4,lost_track,21
2594,12970,432.333,camera_7,removed,-1
2595,12975,432.5,camera_6,removed,24
2596,12980,432.667,camera_1,lost_track,23
2596,12980,432.667,camera_2,removed,-1
2596,12980,432.667,camera_4,lost_track,24
2596,12980,432.667,camera_5,lost_track,27
2596,12980,432.667,camera_5,removed,-1
2597,12985,432.833,camera_4,removed,-1
2597,12985,432.833,camera_6,removed,23
2599,12995,433.167,camera_4,new_track,25
2600,13000,433.333,camera_1,reacquired,23
2601,13005,433.5,camera_4,lost_track,25
2601,13005,433.5,camera_5,removed,-1
2602,13010,433.667,camera_1,lost_track,23
2602,13010,433.667,camera_1,removed,36
2603,13015,433.833,camera_1,reacquired,23
2603,13015,433.833,camera_7,new_track,23
2604,13020,434.0,camera_1,lost_track,23
2604,13020,434.0,camera_5,removed,-1
2605,13025,434.167,camera_1,reacquired,23
2605,13025,434.167,camera_4,lost_track,22
2606,13030,434.333,camera_1,lost_track,23
2606,13030,434.333,camera_1,removed,37
2607,13035,434.5,camera_1,reacquired,23
2608,13040,434.667,camera_7,removed,22
2613,13065,435.5,camera_7,lost_track,23
2615,13075,435.833,camera_2,removed,36
2615,13075,435.833,camera_4,removed,23
2615,13075,435.833,camera_6,new_track,25
2617,13085,436.167,camera_6,removed,-1
2618,13090,436.333,camera_6,new_track,26
2621,13105,436.833,camera_4,removed,19
2622,13110,437.0,camera_5,removed,29
2622,13110,437.0,camera_6,lost_track,25
2622,13110,437.0,camera_6,lost_track,26
2623,13115,437.167,camera_5,removed,28
2623,13115,437.167,camera_6,reacquired,25
2624,13120,437.333,camera_4,removed,21
2624,13120,437.333,camera_6,lost_track,25
2625,13125,437.5,camera_6,reacquired,25
2626,13130,437.667,camera_4,removed,24
2626,13130,437.667,camera_5,removed,27
2627,13135,437.833,camera_6,lost_track,25
2631,13155,438.5,camera_4,removed,25
2634,13170,439.0,camera_1,lost_track,23
2635,13175,439.167,camera_1,reacquired,23
2635,13175,439.167,camera_4,removed,22
2636,13180,439.333,camera_1,lost_track,23
2637,13185,439.5,camera_1,reacquired,23
2643,13215,440.5,camera_5,new_track,30
2643,13215,440.5,camera_7,removed,23
2644,13220,440.667,camera_1,lost_track,23
2645,13225,440.833,camera_1,reacquired,23
2652,13260,442.0,camera_6,removed,26
2656,13280,442.667,camera_2,new_track,37
2656,13280,442.667,camera_5,removed,-1
2657,13285,442.833,camera_2,lost_track,37
2657,13285,442.833,camera_6,removed,25
2660,13300,443.333,camera_4,new_track,26
2662,13310,443.667,camera_1,lost_track,23
2662,13310,443.667,camera_4,lost_track,26
2662,13310,443.667,camera_4,removed,-1
2665,13325,444.167,camera_5,new_track,31
2665,13325,444.167,camera_5,lost_track,30
2666,13330,444.333,camera_5,reacquired,30
2666,13330,444.333,camera_5,lost_track,31
2667,13335,444.5,camera_1,reacquired,23
2667,13335,444.5,camera_5,reacquired,31
2667,13335,444.5,camera_5,lost_track,30
2670,13350,445.0,camera_5,lost_track,31
2672,13360,445.333,camera_2,removed,-1
2685,13425,447.5,camera_1,lost_track,23
2686,13430,447.667,camera_1,reacquired,23
2687,13435,447.833,camera_2,removed,37
2692,13460,448.667,camera_4,removed,26
2695,13475,449.167,camera_2,removed,-1
2697,13485,449.5,camera_5,removed,30
2700,13500,450.0,camera_5,removed,31
2709,13545,451.5,camera_1,lost_track,23
2710,13550,451.667,camera_1,reacquired,23
2714,13570,452.333,camera_1,lost_track,23
2715,13575,452.5,camera_1,reacquired,23
2728,13640,454.667,camera_4,removed,-1
2729,13645,454.833,camera_4,new_track,27
2730,13650,455.0,camera_5,new_track,32
2731,13655,455.167,camera_4,lost_track,27
2733,13665,455.5,camera_2,removed,-1
2735,13675,455.833,camera_2,removed,-1
2740,13700,456.667,camera_5,lost_track,32
2741,13705,456.833,camera_4,new_track,28
2741,13705,456.833,camera_5,removed,-1
2743,13715,457.167,camera_5,removed,-1
2747,13735,457.833,camera_5,new_track,33
2749,13745,458.167,camera_1,lost_track,23
2750,13750,458.333,camera_1,reacquired,23
2750,13750,458.333,camera_4,new_track,29
2750,13750,458.333,camera_5,removed,-1
2751,13755,458.5,camera_1,lost_track,23
2752,13760,458.667,camera_4,lost_track,29
2752,13760,458.667,camera_5,new_track,34
2754,13770,459.0,camera_1,reacquired,23
2754,13770,459.0,camera_2,removed,-1
2755,13775,459.167,camera_6,new_track,27
2756,13780,459.333,camera_4,lost_track,28
2756,13780,459.333,camera_5,removed,-1
2758,13790,459.667,camera_5,lost_track,34
2760,13800,460.0,camera_2,new_track,38
2761,13805,460.167,camera_3,new_track,64
2761,13805,460.167,camera_4,removed,27
2761,13805,460.167,camera_5,lost_track,33
2763,13815,460.5,camera_1,new_track,38
2763,13815,460.5,camera_1,lost_track,23
2763,13815,460.5,camera_6,removed,-1
2765,13825,460.833,camera_6,lost_track,27
2766,13830,461.0,camera_7,removed,-1
2767,13835,461.167,camera_3,lost_track,64
2768,13840,461.333,camera_3,reacquired,64
2769,13845,461.5,camera_1,reacquired,23
2769,13845,461.5,camera_7,new_track,24
2770,13850,461.667,camera_5,removed,32
2774,13870,462.333,camera_6,removed,-1
2776,13880,462.667,camera_6,new_track,28
2777,13885,462.833,camera_1,lost_track,23
2777,13885,462.833,camera_3,lost_track,64
2777,13885,462.833,camera_6,new_track,29
2780,13900,463.333,camera_1,reacquired,23
2780,13900,463.333,camera_6,lost_track,29
2781,13905,463.5,camera_1,lost_track,23
2781,13905,463.5,camera_6,reacquired,29
2782,13910,463.667,camera_1,reacquired,23
2782,13910,463.667,camera_3,removed,-1
2782,13910,463.667,camera_4,removed,29
2783,13915,463.833,camera_1,lost_track,23
2783,13915,463.833,camera_6,lost_track,28
2784,13920,464.0,camera_1,reacquired,23
2784,13920,464.0,camera_3,removed,-1
2784,13920,464.0,camera_6,removed,-1
2786,13930,464.333,camera_4,removed,28
2786,13930,464.333,camera_6,removed,-1
2786,13930,464.333,camera_7,lost_track,24
2787,13935,464.5,camera_3,new_track,65
2787,13935,464.5,camera_6,lost_track,29
2788,13940,464.667,camera_5,removed,34
2788,13940,464.667,camera_6,new_track,30
2789,13945,464.833,camera_3,lost_track,65
2790,13950,465.0,camera_3,removed,-1
2790,13950,465.0,camera_6,removed,-1
2791,13955,465.167,camera_5,removed,33
2791,13955,465.167,camera_6,reacquired,29
2791,13955,465.167,camera_6,lost_track,30
2792,13960,465.333,camera_1,lost_track,38
2792,13960,465.333,camera_6,lost_track,29
2792,13960,465.333,camera_7,removed,-1
2793,13965,465.5,camera_1,reacquired,38
2793,13965,465.5,camera_6,removed,-1
2794,13970,465.667,camera_1,lost_track,38
2795,13975,465.833,camera_2,lost_track,38
2795,13975,465.833,camera_6,removed,27
2795,13975,465.833,camera_7,new_track,25
2795,13975,465.833,camera_7,removed,-1
2796,13980,466.0,camera_7,new_track,26
2797,13985,466.167,camera_1,lost_track,23
2797,13985,466.167,camera_5,new_track,35
2798,13990,466.333,camera_7,lost_track,26
2800,14000,466.667,camera_7,removed,-1
2801,14005,466.833,camera_1,reacquired,23
2802,14010,467.0,camera_7,removed,-1
2804,14020,467.333,camera_5,lost_track,35
2805,14025,467.5,camera_7,removed,-1
2807,14035,467.833,camera_3,removed,64
2809,14045,468.167,camera_7,lost_track,25
2813,14065,468.833,camera_6,removed,28
2814,14070,469.0,camera_6,new_track,31
2816,14080,469.333,camera_7,removed,24
2819,14095,469.833,camera_3,removed,65
2821,14105,470.167,camera_6,removed,30
2822,14110,470.333,camera_6,new_track,32
2822,14110,470.333,camera_6,removed,29
2823,14115,470.5,camera_6,lost_track,32
2823,14115,470.5,camera_6,lost_track,31
2824,14120,470.667,camera_1,removed,38
2824,14120,470.667,camera_6,removed,-1
2825,14125,470.833,camera_1,lost_track,23
2825,14125,470.833,camera_2,removed,38
2825,14125,470.833,camera_7,removed,-1
2826,14130,471.0,camera_1,reacquired,23
2826,14130,471.0,camera_7,new_track,27
2827,14135,471.167,camera_1,lost_track,23
2828,14140,471.333,camera_7,removed,26
2830,14150,471.667,camera_1,reacquired,23
2834,14170,472.333,camera_5,removed,35
2836,14180,472.667,camera_7,lost_track,27
2837,14185,472.833,camera_7,removed,-1
2838,14190,473.0,camera_1,lost_track,23
2839,14195,473.167,camera_1,reacquired,23
2839,14195,473.167,camera_7,removed,25
2842,14210,473.667,camera_7,new_track,28
2844,14220,474.0,camera_7,lost_track,28
2846,14230,474.333,camera_7,reacquired,28
2847,14235,474.5,camera_7,lost_track,28
2851,14255,475.167,camera_7,reacquired,28
2853,14265,475.5,camera_6,removed,32
2853,14265,475.5,camera_6,removed,31
2857,14285,476.167,camera_7,lost_track,28
2861,14305,476.833,camera_7,reacquired,28
2866,14330,477.667,camera_7,lost_track,28
2866,14330,477.667,camera_7,removed,27
2870,14350,478.333,camera_7,reacquired,28
2871,14355,478.5,camera_7,lost_track,28
2879,14395,479.833,camera_7,reacquired,28
2880,14400,480.0,camera_7,new_track,29
2880,14400,480.0,camera_7,lost_track,28
2881,14405,480.167,camera_1,lost_track,23
2881,14405,480.167,camera_7,lost_track,29
2882,14410,480.333,camera_7,removed,-1
2883,14415,480.5,camera_1,reacquired,23
2883,14415,480.5,camera_7,reacquired,28
2884,14420,480.667,camera_1,lost_track,23
2884,14420,480.667,camera_7,reacquired,29
2885,14425,480.833,camera_1,reacquired,23
2885,14425,480.833,camera_7,lost_track,28
2885,14425,480.833,camera_7,removed,-1
2887,14435,481.167,camera_1,lost_track,23
2888,14440,481.333,camera_1,reacquired,23
2888,14440,481.333,camera_7,lost_track,29
2890,14450,481.667,camera_7,reacquired,28
2890,14450,481.667,camera_7,removed,-1
2894,14470,482.333,camera_7,lost_track,28
2895,14475,482.5,camera_7,new_track,30
2895,14475,482.5,camera_7,removed,-1
2897,14485,482.833,camera_6,new_track,33
2898,14490,483.0,camera_6,new_track,34
2900,14500,483.333,camera_6,lost_track,33
2900,14500,483.333,camera_6,lost_track,34
2901,14505,483.5,camera_6,reacquired,33
2901,14505,483.5,camera_6,removed,-1
2903,14515,483.833,camera_7,removed,-1
2905,14525,484.167,camera_7,new_track,31
2908,14540,484.667,camera_7,reacquired,29
2908,14540,484.667,camera_7,lost_track,31
2909,14545,484.833,camera_7,lost_track,29
2910,14550,485.0,camera_7,reacquired,28
2911,14555,485.167,camera_7,lost_track,28
2913,14565,485.5,camera_6,lost_track,33
2913,14565,485.5,camera_7,reacquired,31
2913,14565,485.5,camera_7,lost_track,30
2914,14570,485.667,camera_6,reacquired,34
2914,14570,485.667,camera_6,removed,-1
2916,14580,486.0,camera_1,lost_track,23
2916,14580,486.0,camera_6,new_track,35
2916,14580,486.0,camera_7,removed,-1
2917,14585,486.167,camera_1,reacquired,23
2917,14585,486.167,camera_6,lost_track,34
2918,14590,486.333,camera_1,lost_track,23
2919,14595,486.5,camera_1,reacquired,23
2919,14595,486.5,camera_7,new_track,32
2919,14595,486.5,camera_7,lost_track,31
2920,14600,486.667,camera_7,reacquired,31
2923,14615,487.167,camera_6,lost_track,35
2923,14615,487.167,camera_7,lost_track,31
2926,14630,487.667,camera_7,reacquired,29
2928,14640,488.0,camera_1,lost_track,23
2928,14640,488.0,camera_5,new_track,36
2928,14640,488.0,camera_7,lost_track,29
2929,14645,488.167,camera_7,reacquired,29
2931,14655,488.5,camera_1,reacquired,23
2931,14655,488.5,camera_7,lost_track,29
2933,14665,488.833,camera_1,lost_track,23
2935,14675,489.167,camera_1,reacquired,23
2935,14675,489.167,camera_7,reacquired,29
2936,14680,489.333,camera_1,lost_track,23
2936,14680,489.333,camera_2,removed,-1
2936,14680,489.333,camera_7,lost_track,32
2937,14685,489.5,camera_1,reacquired,23
2937,14685,489.5,camera_5,lost_track,36
2937,14685,489.5,camera_7,removed,-1
2938,14690,489.667,camera_5,new_track,37
2939,14695,489.833,camera_2,removed,-1
2939,14695,489.833,camera_7,new_track,33
2941,14705,490.167,camera_4,new_track,30
2941,14705,490.167,camera_7,lost_track,29
2941,14705,490.167,camera_7,removed,28
2942,14710,490.333,camera_5,new_track,38
2942,14710,490.333,camera_5,lost_track,37
2943,14715,490.5,camera_5,removed,-1
2943,14715,490.5,camera_6,removed,33
2943,14715,490.5,camera_7,lost_track,33
2943,14715,490.5,camera_7,removed,30
2945,14725,490.833,camera_2,removed,-1
2945,14725,490.833,camera_5,new_track,39
2945,14725,490.833,camera_7,removed,-1
2946,14730,491.0,camera_2,new_track,39
2946,14730,491.0,camera_4,lost_track,30
2946,14730,491.0,camera_5,lost_track,39
2947,14735,491.167,camera_1,removed,-1
2947,14735,491.167,camera_2,lost_track,39
2947,14735,491.167,camera_6,removed,34
2949,14745,491.5,camera_1,new_track,39
2949,14745,491.5,camera_2,removed,-1
2949,14745,491.5,camera_5,reacquired,39
2950,14750,491.667,camera_1,lost_track,39
2950,14750,491.667,camera_2,new_track,40
2950,14750,491.667,camera_5,lost_track,39
2950,14750,491.667,camera_7,reacquired,29
2951,14755,491.833,camera_3,removed,-1
2951,14755,491.833,camera_5,reacquired,39
2952,14760,492.0,camera_1,lost_track,23
2952,14760,492.0,camera_3,new_track,66
2952,14760,492.0,camera_7,new_track,34
2953,14765,492.167,camera_1,reacquired,23
2953,14765,492.167,camera_5,lost_track,39
2953,14765,492.167,camera_6,removed,35
2953,14765,492.167,camera_7,removed,31
2954,14770,492.333,camera_5,reacquired,39
2954,14770,492.333,camera_7,lost_track,29
2955,14775,492.5,camera_1,lost_track,23
2955,14775,492.5,camera_2,lost_track,40
2955,14775,492.5,camera_4,new_track,31
2956,14780,492.667,camera_2,reacquired,40
2956,14780,492.667,camera_7,reacquired,29
2957,14785,492.833,camera_1,reacquired,23
2957,14785,492.833,camera_2,lost_track,40
2957,14785,492.833,camera_5,lost_track,39
2958,14790,493.0,camera_5,reacquired,39
2959,14795,493.167,camera_5,lost_track,38
2959,14795,493.167,camera_5,lost_track,39
2960,14800,493.333,camera_3,lost_track,66
2960,14800,493.333,camera_5,removed,-1
2960,14800,493.333,camera_7,lost_track,29
2963,14815,493.833,camera_4,removed,-1
2964,14820,494.0,camera_4,new_track,32
2964,14820,494.0,camera_4,lost_track,31
2965,14825,494.167,camera_4,removed,-1
2966,14830,494.333,camera_4,lost_track,32
2966,14830,494.333,camera_6,removed,-1
2966,14830,494.333,camera_7,removed,32
2967,14835,494.5,camera_4,removed,-1
2967,14835,494.5,camera_5,removed,36
2968,14840,494.667,camera_6,removed,-1
2969,14845,494.833,camera_4,new_track,33
2970,14850,495.0,camera_3,new_track,67
2970,14850,495.0,camera_4,lost_track,33
2971,14855,495.167,camera_4,new_track,34
2972,14860,495.333,camera_4,lost_track,34
2972,14860,495.333,camera_5,removed,37
2973,14865,495.5,camera_2,new_track,41
2973,14865,495.5,camera_4,removed,-1
2973,14865,495.5,camera_6,removed,-1
2973,14865,495.5,camera_7,removed,33
2974,14870,495.667,camera_1,reacquired,39
2975,14875,495.833,camera_1,lost_track,39
2975,14875,495.833,camera_3,lost_track,67
2976,14880,496.0,camera_3,removed,-1
2976,14880,496.0,camera_4,removed,30
2977,14885,496.167,camera_1,removed,-1
2977,14885,496.167,camera_2,removed,39
2978,14890,496.333,camera_3,new_track,68
2979,14895,496.5,camera_1,new_track,40
2979,14895,496.5,camera_4,reacquired,33
2980,14900,496.667,camera_2,lost_track,41
2980,14900,496.667,camera_4,lost_track,33
2981,14905,496.833,camera_4,removed,-1
2982,14910,497.0,camera_1,lost_track,23
2982,14910,497.0,camera_3,new_track,69
2986,14930,497.667,camera_5,removed,-1
2987,14935,497.833,camera_2,removed,40
2988,14940,498.0,camera_1,reacquired,23
2988,14940,498.0,camera_2,new_track,42
2988,14940,498.0,camera_5,new_track,40
2989,14945,498.167,camera_1,reacquired,39
2989,14945,498.167,camera_3,lost_track,68
2989,14945,498.167,camera_3,lost_track,69
2989,14945,498.167,camera_5,removed,38
2989,14945,498.167,camera_5,removed,39
2990,14950,498.333,camera_1,lost_track,39
2990,14950,498.333,camera_3,removed,66
2990,14950,498.333,camera_3,removed,-1
2990,14950,498.333,camera_7,removed,29
2991,14955,498.5,camera_1,new_track,41
2991,14955,498.5,camera_3,new_track,70
2991,14955,498.5,camera_5,lost_track,40
2992,14960,498.667,camera_5,reacquired,40
2992,14960,498.667,camera_5,removed,-1
2993,14965,498.833,camera_5,lost_track,40
2994,14970,499.0,camera_1,lost_track,40
2994,14970,499.0,camera_1,lost_track,41
2994,14970,499.0,camera_4,removed,31
2996,14980,499.333,camera_1,removed,-1
2996,14980,499.333,camera_4,removed,32
2999,14995,499.833,camera_2,lost_track,42
3001,15005,500.167,camera_2,new_track,43
3001,15005,500.167,camera_3,removed,-1
3002,15010,500.333,camera_2,removed,-1
3002,15010,500.333,camera_4,removed,34
3003,15015,500.5,camera_3,lost_track,70
3004,15020,500.667,camera_3,reacquired,70
3005,15025,500.833,camera_3,lost_track,70
3005,15025,500.833,camera_3,removed,67
3006,15030,501.0,camera_1,new_track,42
3007,15035,501.167,camera_1,lost_track,42
3007,15035,501.167,camera_3,new_track,71
3008,15040,501.333,camera_1,reacquired,42
3009,15045,501.5,camera_2,lost_track,43
3010,15050,501.667,camera_2,removed,41
3010,15050,501.667,camera_3,lost_track,71
3010,15050,501.667,camera_4,removed,33
3011,15055,501.833,camera_3,reacquired,71
3012,15060,502.0,camera_1,lost_track,42
3015,15075,502.5,camera_2,removed,-1
3015,15075,502.5,camera_3,new_track,72
3017,15085,502.833,camera_1,new_track,43
3018,15090,503.0,camera_1,lost_track,43
3018,15090,503.0,camera_7,lost_track,34
3019,15095,503.167,camera_1,new_track,44
3019,15095,503.167,camera_2,removed,-1
3019,15095,503.167,camera_3,removed,68
3019,15095,503.167,camera_3,removed,69
3020,15100,503.333,camera_1,removed,39
3020,15100,503.333,camera_3,lost_track,72
3021,15105,503.5,camera_1,lost_track,23
3021,15105,503.5,camera_6,new_track,36
3022,15110,503.667,camera_1,reacquired,23
3022,15110,503.667,camera_6,new_track,37
3023,15115,503.833,camera_2,new_track,44
3023,15115,503.833,camera_2,removed,-1
3023,15115,503.833,camera_3,removed,-1
3023,15115,503.833,camera_5,removed,40
3024,15120,504.0,camera_1,lost_track,23
3024,15120,504.0,camera_1,removed,40
3024,15120,504.0,camera_1,removed,41
3024,15120,504.0,camera_3,new_track,73
3024,15120,504.0,camera_6,lost_track,37
3026,15130,504.333,camera_3,lost_track,73
3029,15145,504.833,camera_2,removed,42
3029,15145,504.833,camera_3,removed,-1
3032,15160,505.333,camera_6,lost_track,36
3033,15165,505.5,camera_3,removed,-1
3033,15165,505.5,camera_6,removed,-1
3034,15170,505.667,camera_3,lost_track,71
3035,15175,505.833,camera_3,reacquired,71
3035,15175,505.833,camera_3,removed,70
3036,15180,506.0,camera_2,lost_track,44
3036,15180,506.0,camera_3,lost_track,71
3037,15185,506.167,camera_1,reacquired,42
3037,15185,506.167,camera_1,lost_track,44
3037,15185,506.167,camera_3,reacquired,71
3037,15185,506.167,camera_3,removed,-1
3037,15185,506.167,camera_5,new_track,41
3038,15190,506.333,camera_1,new_track,45
3038,15190,506.333,camera_1,reacquired,23
3038,15190,506.333,camera_1,lost_track,42
3039,15195,506.5,camera_1,lost_track,45
3039,15195,506.5,camera_1,lost_track,23
3039,15195,506.5,camera_2,removed,43
3039,15195,506.5,camera_3,new_track,74
3040,15200,506.667,camera_1,reacquired,23
3040,15200,506.667,camera_1,reacquired,45
3040,15200,506.667,camera_3,lost_track,71
3041,15205,506.833,camera_1,lost_track,23
3042,15210,507.0,camera_3,reacquired,71
3042,15210,507.0,camera_3,removed,-1
3043,15215,507.167,camera_5,new_track,42
3044,15220,507.333,camera_1,reacquired,23
3044,15220,507.333,camera_1,reacquired,43
3044,15220,507.333,camera_1,lost_track,45
3044,15220,507.333,camera_3,lost_track,74
3044,15220,507.333,camera_3,lost_track,71
3044,15220,507.333,camera_5,lost_track,41
3045,15225,507.5,camera_1,lost_track,23
3045,15225,507.5,camera_2,removed,-1
3045,15225,507.5,camera_3,removed,-1
3046,15230,507.667,camera_1,lost_track,43
3047,15235,507.833,camera_1,reacquired,23
3047,15235,507.833,camera_1,reacquired,45
3047,15235,507.833,camera_3,new_track,75
3048,15240,508.0,camera_1,lost_track,45
3048,15240,508.0,camera_3,removed,-1
3048,15240,508.0,camera_7,removed,34
3049,15245,508.167,camera_2,new_track,45
3050,15250,508.333,camera_3,removed,72
3051,15255,508.5,camera_1,lost_track,23
3052,15260,508.667,camera_1,reacquired,23
3052,15260,508.667,camera_3,removed,-1
3054,15270,509.0,camera_2,new_track,46
3054,15270,509.0,camera_6,removed,37
3055,15275,509.167,camera_3,new_track,76
3056,15280,509.333,camera_2,lost_track,46
3056,15280,509.333,camera_3,removed,73
3057,15285,509.5,camera_6,new_track,38
3058,15290,509.667,camera_1,removed,-1
3059,15295,509.833,camera_2,new_track,47
3059,15295,509.833,camera_3,lost_track,76
3060,15300,510.0,camera_2,lost_track,47
3062,15310,510.333,camera_1,reacquired,43
3062,15310,510.333,camera_1,removed,-1
3062,15310,510.333,camera_6,removed,36
3065,15325,510.833,camera_1,lost_track,43
3065,15325,510.833,camera_6,new_track,39
3066,15330,511.0,camera_2,removed,44
3066,15330,511.0,camera_3,lost_track,75
3066,15330,511.0,camera_6,lost_track,38
3067,15335,511.167,camera_1,removed,44
3067,15335,511.167,camera_1,removed,-1
3067,15335,511.167,camera_6,lost_track,39
3067,15335,511.167,camera_6,removed,-1
3068,15340,511.333,camera_1,removed,42
3068,15340,511.333,camera_3,reacquired,75
3068,15340,511.333,camera_5,lost_track,42
3069,15345,511.5,camera_1,new_track,46
3069,15345,511.5,camera_7,removed,-1
3070,15350,511.667,camera_3,removed,-1
3070,15350,511.667,camera_7,new_track,35
3073,15365,512.167,camera_1,lost_track,46
3073,15365,512.167,camera_3,lost_track,75
3074,15370,512.333,camera_3,reacquired,75
3074,15370,512.333,camera_3,removed,74
3074,15370,512.333,camera_3,removed,71
3074,15370,512.333,camera_5,removed,41
3078,15390,513.0,camera_1,new_track,47
3078,15390,513.0,camera_1,removed,45
3078,15390,513.0,camera_2,lost_track,45
3078,15390,513.0,camera_3,removed,-1
3079,15395,513.167,camera_1,lost_track,47
3079,15395,513.167,camera_3,reacquired,76
3079,15395,513.167,camera_6,removed,-1
3080,15400,513.333,camera_2,removed,-1
3080,15400,513.333,camera_3,lost_track,75
3080,15400,513.333,camera_3,lost_track,76
3080,15400,513.333,camera_6,new_track,40
3081,15405,513.5,camera_1,lost_track,23
3081,15405,513.5,camera_3,reacquired,75
3082,15410,513.667,camera_1,reacquired,23
3082,15410,513.667,camera_2,removed,-1
3082,15410,513.667,camera_3,removed,-1
3084,15420,514.0,camera_1,reacquired,43
3084,15420,514.0,camera_1,lost_track,23
3084,15420,514.0,camera_3,new_track,77
3085,15425,514.167,camera_3,lost_track,75
3086,15430,514.333,camera_2,removed,46
3087,15435,514.5,camera_1,lost_track,43
3088,15440,514.667,camera_1,reacquired,23
3089,15445,514.833,camera_3,reacquired,75
3089,15445,514.833,camera_3,lost_track,77
3090,15450,515.0,camera_2,removed,47
3091,15455,515.167,camera_6,new_track,41
3095,15475,515.833,camera_3,new_track,78
3095,15475,515.833,camera_3,new_track,79
3096,15480,516.0,camera_3,lost_track,78
3096,15480,516.0,camera_6,removed,38
3097,15485,516.167,camera_6,removed,39
3098,15490,516.333,camera_5,removed,42
3099,15495,516.5,camera_3,lost_track,75
3101,15505,516.833,camera_3,reacquired,75
3103,15515,517.167,camera_1,removed,46
3105,15525,517.5,camera_6,lost_track,41
3108,15540,518.0,camera_2,removed,45
3109,15545,518.167,camera_1,removed,47
3110,15550,518.333,camera_3,removed,76
3111,15555,518.5,camera_3,lost_track,75
3112,15560,518.667,camera_3,reacquired,75
3112,15560,518.667,camera_6,lost_track,40
3113,15565,518.833,camera_3,reacquired,78
3113,15565,518.833,camera_3,lost_track,79
3115,15575,519.167,camera_3,reacquired,79
3116,15580,519.333,camera_3,lost_track,78
3116,15580,519.333,camera_3,lost_track,79
3117,15585,519.5,camera_1,removed,43
3119,15595,519.833,camera_3,lost_track,75
3119,15595,519.833,camera_3,removed,77
3120,15600,520.0,camera_7,lost_track,35
3122,15610,520.333,camera_1,new_track,48
3122,15610,520.333,camera_5,new_track,43
3122,15610,520.333,camera_6,new_track,42
3123,15615,520.5,camera_5,lost_track,43
3124,15620,520.667,camera_6,reacquired,41
3124,15620,520.667,camera_6,removed,-1
3125,15625,520.833,camera_2,new_track,48
3125,15625,520.833,camera_3,reacquired,78
3125,15625,520.833,camera_4,removed,-1
3125,15625,520.833,camera_6,lost_track,41
3126,15630,521.0,camera_1,lost_track,48
3126,15630,521.0,camera_3,removed,-1
3126,15630,521.0,camera_4,new_track,35
3126,15630,521.0,camera_5,new_track,44
3126,15630,521.0,camera_5,new_track,45
3127,15635,521.167,camera_1,reacquired,48
3127,15635,521.167,camera_3,reacquired,79
3127,15635,521.167,camera_3,lost_track,78
3128,15640,521.333,camera_4,lost_track,35
3129,15645,521.5,camera_3,new_track,80
3130,15650,521.667,camera_1,lost_track,23
3131,15655,521.833,camera_2,removed,-1
3131,15655,521.833,camera_3,lost_track,80
3134,15670,522.333,camera_1,reacquired,23
3134,15670,522.333,camera_3,reacquired,78
3134,15670,522.333,camera_5,lost_track,45
3134,15670,522.333,camera_6,lost_track,42
3135,15675,522.5,camera_3,lost_track,78
3135,15675,522.5,camera_6,removed,-1
3136,15680,522.667,camera_2,removed,-1
3136,15680,522.667,camera_5,lost_track,44
3137,15685,522.833,camera_1,lost_track,48
3137,15685,522.833,camera_3,removed,-1
3137,15685,522.833,camera_5,reacquired,44
3137,15685,522.833,camera_5,removed,-1
3139,15695,523.167,camera_1,reacquired,48
3139,15695,523.167,camera_4,new_track,36
3140,15700,523.333,camera_1,lost_track,48
3140,15700,523.333,camera_2,lost_track,48
3141,15705,523.5,camera_5,lost_track,44
3142,15710,523.667,camera_1,lost_track,23
3142,15710,523.667,camera_1,removed,-1
3142,15710,523.667,camera_6,removed,40
3143,15715,523.833,camera_1,reacquired,23
3144,15720,524.0,camera_2,reacquired,48
3145,15725,524.167,camera_2,lost_track,48
3146,15730,524.333,camera_2,new_track,49
3147,15735,524.5,camera_1,removed,-1
3147,15735,524.5,camera_5,removed,-1
3148,15740,524.667,camera_4,lost_track,36
3148,15740,524.667,camera_5,new_track,46
3149,15745,524.833,camera_3,removed,75
3149,15745,524.833,camera_4,removed,-1
3150,15750,525.0,camera_6,removed,-1
3150,15750,525.0,camera_7,removed,35
3151,15755,525.167,camera_6,new_track,43
3153,15765,525.5,camera_2,lost_track,49
3153,15765,525.5,camera_5,removed,43
3154,15770,525.667,camera_1,lost_track,23
3154,15770,525.667,camera_2,reacquired,49
3155,15775,525.833,camera_1,reacquired,23
3155,15775,525.833,camera_2,lost_track,49
3155,15775,525.833,camera_3,removed,-1
3155,15775,525.833,camera_5,new_track,47
3155,15775,525.833,camera_6,removed,41
3156,15780,526.0,camera_2,reacquired,49
3157,15785,526.167,camera_2,lost_track,49
3157,15785,526.167,camera_3,new_track,81
3157,15785,526.167,camera_6,lost_track,43
3158,15790,526.333,camera_4,removed,35
3158,15790,526.333,camera_5,lost_track,46
3158,15790,526.333,camera_6,new_track,44
3159,15795,526.5,camera_3,lost_track,81
3159,15795,526.5,camera_5,new_track,48
3160,15800,526.667,camera_6,new_track,45
3161,15805,526.833,camera_2,new_track,50
3161,15805,526.833,camera_3,removed,80
3162,15810,527.0,camera_4,new_track,37
3162,15810,527.0,camera_6,lost_track,45
3163,15815,527.167,camera_2,lost_track,50
3163,15815,527.167,camera_6,lost_track,44
3164,15820,527.333,camera_2,reacquired,50
3164,15820,527.333,camera_5,removed,45
3164,15820,527.333,camera_6,removed,42
3165,15825,527.5,camera_2,lost_track,50
3165,15825,527.5,camera_3,removed,78
3166,15830,527.667,camera_2,reacquired,50
3166,15830,527.667,camera_5,lost_track,48
3167,15835,527.833,camera_7,removed,-1
3168,15840,528.0,camera_7,new_track,36
3169,15845,528.167,camera_2,lost_track,50
3169,15845,528.167,camera_5,new_track,49
3170,15850,528.333,camera_1,removed,48
3170,15850,528.333,camera_5,lost_track,49
3171,15855,528.5,camera_5,removed,44
3173,15865,528.833,camera_4,new_track,38
3174,15870,529.0,camera_4,lost_track,38
3174,15870,529.0,camera_7,lost_track,36
3175,15875,529.167,camera_2,removed,48
3175,15875,529.167,camera_4,reacquired,38
3178,15890,529.667,camera_4,removed,36
3178,15890,529.667,camera_5,reacquired,49
3178,15890,529.667,camera_7,new_track,37
3180,15900,530.0,camera_3,lost_track,79
3180,15900,530.0,camera_5,lost_track,49
3181,15905,530.167,camera_4,lost_track,37
3181,15905,530.167,camera_5,reacquired,48
3181,15905,530.167,camera_5,removed,-1
3182,15910,530.333,camera_3,reacquired,79
3183,15915,530.5,camera_3,lost_track,79
3183,15915,530.5,camera_4,lost_track,38
3184,15920,530.667,camera_2,removed,-1
3184,15920,530.667,camera_4,removed,-1
3184,15920,530.667,camera_7,lost_track,37
3185,15925,530.833,camera_4,reacquired,38
3185,15925,530.833,camera_7,reacquired,37
3187,15935,531.167,camera_2,removed,49
3187,15935,531.167,camera_4,lost_track,38
3187,15935,531.167,camera_6,removed,43
3188,15940,531.333,camera_5,lost_track,47
3188,15940,531.333,camera_5,removed,46
3189,15945,531.5,camera_3,removed,81
3189,15945,531.5,camera_3,removed,-1
3192,15960,532.0,camera_3,new_track,82
3192,15960,532.0,camera_6,removed,45
3193,15965,532.167,camera_5,lost_track,48
3193,15965,532.167,camera_5,removed,-1
3193,15965,532.167,camera_6,removed,44
3197,15985,532.833,camera_3,lost_track,82
3198,15990,533.0,camera_3,reacquired,82
3199,15995,533.167,camera_2,removed,50
3201,16005,533.5,camera_7,lost_track,37
3204,16020,534.0,camera_7,removed,36
3209,16045,534.833,camera_3,lost_track,82
3210,16050,535.0,camera_5,removed,49
3211,16055,535.167,camera_4,removed,37
3211,16055,535.167,camera_6,removed,-1
3212,16060,535.333,camera_6,new_track,46
3212,16060,535.333,camera_7,removed,-1
3213,16065,535.5,camera_3,removed,79
3213,16065,535.5,camera_6,removed,-1
3215,16075,535.833,camera_3,reacquired,82
3216,16080,536.0,camera_1,lost_track,23
3216,16080,536.0,camera_6,new_track,47
3216,16080,536.0,camera_7,new_track,38
3217,16085,536.167,camera_1,reacquired,23
3217,16085,536.167,camera_4,removed,38
3217,16085,536.167,camera_6,new_track,48
3217,16085,536.167,camera_6,lost_track,46
3218,16090,536.333,camera_5,removed,47
3218,16090,536.333,camera_6,reacquired,46
3218,16090,536.333,camera_6,lost_track,48
3219,16095,536.5,camera_6,reacquired,48
3220,16100,536.667,camera_6,lost_track,48
3220,16100,536.667,camera_6,lost_track,47
3221,16105,536.833,camera_6,reacquired,47
3223,16115,537.167,camera_5,removed,48
3227,16135,537.833,camera_6,lost_track,46
3227,16135,537.833,camera_6,lost_track,47
3228,16140,538.0,camera_6,reacquired,46
3228,16140,538.0,camera_6,removed,-1
3229,16145,538.167,camera_4,removed,-1
3229,16145,538.167,camera_6,new_track,49
3229,16145,538.167,camera_6,lost_track,46
3229,16145,538.167,camera_7,lost_track,38
3230,16150,538.333,camera_6,reacquired,47
3230,16150,538.333,camera_7,reacquired,38
3231,16155,538.5,camera_6,lost_track,49
3231,16155,538.5,camera_7,removed,37
3232,16160,538.667,camera_6,reacquired,49
3232,16160,538.667,camera_6,lost_track,47
3234,16170,539.0,camera_6,lost_track,49
3236,16180,539.333,camera_7,lost_track,38
3238,16190,539.667,camera_7,reacquired,38
3242,16210,540.333,camera_3,lost_track,82
3242,16210,540.333,camera_7,removed,-1
3243,16215,540.5,camera_3,reacquired,82
3246,16230,541.0,camera_6,removed,-1
3246,16230,541.0,camera_7,removed,-1
3248,16240,541.333,camera_6,removed,-1
3249,16245,541.5,camera_6,new_track,50
3249,16245,541.5,camera_6,reacquired,47
3250,16250,541.667,camera_6,removed,48
3251,16255,541.833,camera_6,lost_track,47
3252,16260,542.0,camera_4,new_track,39
3253,16265,542.167,camera_1,lost_track,23
3253,16265,542.167,camera_7,removed,-1
3254,16270,542.333,camera_1,reacquired,23
3255,16275,542.5,camera_3,lost_track,82
3255,16275,542.5,camera_6,lost_track,50
3257,16285,542.833,camera_7,removed,-1
3258,16290,543.0,camera_3,reacquired,82
3259,16295,543.167,camera_3,lost_track,82
3259,16295,543.167,camera_6,reacquired,50
3259,16295,543.167,camera_6,removed,46
3259,16295,543.167,camera_7,new_track,39
3260,16300,543.333,camera_3,reacquired,82
3260,16300,543.333,camera_6,lost_track,50
3261,16305,543.5,camera_3,lost_track,82
3261,16305,543.5,camera_5,new_track,50
3261,16305,543.5,camera_7,lost_track,39
3262,16310,543.667,camera_4,lost_track,39
3263,16315,543.833,camera_4,removed,-1
3263,16315,543.833,camera_7,reacquired,39
3264,16320,544.0,camera_6,removed,49
3266,16330,544.333,camera_2,removed,-1
3266,16330,544.333,camera_7,lost_track,38
3271,16355,545.167,camera_6,reacquired,47
3272,16360,545.333,camera_6,removed,-1
3272,16360,545.333,camera_7,lost_track,39
3273,16365,545.5,camera_5,new_track,51
3273,16365,545.5,camera_6,new_track,51
3273,16365,545.5,camera_6,lost_track,47
3275,16375,545.833,camera_5,lost_track,50
3275,16375,545.833,camera_6,removed,-1
3276,16380,546.0,camera_6,reacquired,47
3277,16385,546.167,camera_6,removed,-1
3278,16390,546.333,camera_6,new_track,52
3278,16390,546.333,camera_6,lost_track,51
3279,16395,546.5,camera_3,reacquired,82
3279,16395,546.5,camera_6,reacquired,51
3279,16395,546.5,camera_6,lost_track,47
3280,16400,546.667,camera_6,lost_track,51
3281,16405,546.833,camera_5,lost_track,51
3282,16410,547.0,camera_1,lost_track,23
3283,16415,547.167,camera_1,reacquired,23
3283,16415,547.167,camera_2,removed,-1
3285,16425,547.5,camera_1,lost_track,23
3286,16430,547.667,camera_2,removed,-1
3286,16430,547.667,camera_6,lost_track,52
3288,16440,548.0,camera_1,reacquired,23
3288,16440,548.0,camera_3,removed,-1
3288,16440,548.0,camera_6,new_track,53
3290,16450,548.333,camera_5,removed,-1
3290,16450,548.333,camera_6,removed,50
3291,16455,548.5,camera_1,lost_track,23
3291,16455,548.5,camera_3,removed,-1
3292,16460,548.667,camera_2,removed,-1
3292,16460,548.667,camera_3,lost_track,82
3292,16460,548.667,camera_4,removed,39
3292,16460,548.667,camera_5,new_track,52
3293,16465,548.833,camera_3,new_track,83
3294,16470,549.0,camera_1,reacquired,23
3294,16470,549.0,camera_3,reacquired,82
3294,16470,549.0,camera_6,reacquired,47
3295,16475,549.167,camera_1,new_track,49
3295,16475,549.167,camera_1,lost_track,23
3296,16480,549.333,camera_1,reacquired,23
3296,16480,549.333,camera_5,lost_track,52
3296,16480,549.333,camera_7,removed,38
3297,16485,549.5,camera_2,removed,-1
3298,16490,549.667,camera_1,lost_track,23
3299,16495,549.833,camera_5,new_track,53
3300,16500,550.0,camera_1,lost_track,49
3300,16500,550.0,camera_2,new_track,51
3300,16500,550.0,camera_6,lost_track,47
3301,16505,550.167,camera_1,reacquired,49
3301,16505,550.167,camera_3,removed,-1
3301,16505,550.167,camera_6,lost_track,53
3302,16510,550.333,camera_1,lost_track,49
3302,16510,550.333,camera_7,removed,39
3303,16515,550.5,camera_1,reacquired,49
3304,16520,550.667,camera_1,removed,-1
3304,16520,550.667,camera_7,removed,-1
3305,16525,550.833,camera_3,lost_track,82
3305,16525,550.833,camera_3,removed,-1
3305,16525,550.833,camera_5,removed,50
3306,16530,551.0,camera_3,reacquired,82
3306,16530,551.0,camera_5,lost_track,53
3306,16530,551.0,camera_7,removed,-1
3307,16535,551.167,camera_3,new_track,84
3307,16535,551.167,camera_5,removed,-1
3308,16540,551.333,camera_2,lost_track,51
3308,16540,551.333,camera_3,lost_track,84
3309,16545,551.5,camera_3,lost_track,83
3309,16545,551.5,camera_3,removed,-1
3309,16545,551.5,camera_6,new_track,54
3310,16550,551.667,camera_6,reacquired,47
3310,16550,551.667,camera_6,removed,51
3311,16555,551.833,camera_1,reacquired,23
3311,16555,551.833,camera_2,removed,-1
3311,16555,551.833,camera_5,removed,51
3312,16560,552.0,camera_2,new_track,52
3312,16560,552.0,camera_6,lost_track,47
3314,16570,552.333,camera_2,lost_track,52
3315,16575,552.5,camera_1,lost_track,49
3315,16575,552.5,camera_2,reacquired,52
3316,16580,552.667,camera_3,removed,-1
3316,16580,552.667,camera_6,removed,52
3317,16585,552.833,camera_1,lost_track,23
3317,16585,552.833,camera_2,lost_track,52
3318,16590,553.0,camera_2,removed,-1
3319,16595,553.167,camera_3,reacquired,84
3320,16600,553.333,camera_2,new_track,53
3320,16600,553.333,camera_6,lost_track,54
3321,16605,553.5,camera_2,lost_track,53
3321,16605,553.5,camera_3,lost_track,82
3321,16605,553.5,camera_3,lost_track,84
3322,16610,553.667,camera_3,removed,-1
3323,16615,553.833,camera_2,removed,-1
3323,16615,553.833,camera_3,new_track,85
3324,16620,554.0,camera_2,reacquired,52
3324,16620,554.0,camera_3,reacquired,82
3324,16620,554.0,camera_3,lost_track,85
3325,16625,554.167,camera_3,removed,-1
3326,16630,554.333,camera_1,removed,-1
3326,16630,554.333,camera_5,removed,52
3328,16640,554.667,camera_1,reacquired,23
3328,16640,554.667,camera_3,new_track,86
3329,16645,554.833,camera_2,lost_track,52
3329,16645,554.833,camera_3,lost_track,86
3331,16655,555.167,camera_5,removed,-1
3331,16655,555.167,camera_6,removed,53
3332,16660,555.333,camera_5,new_track,54
3333,16665,555.5,camera_1,new_track,50
3333,16665,555.5,camera_1,removed,-1
3333,16665,555.5,camera_2,new_track,54
3334,16670,555.667,camera_3,new_track,87
3336,16680,556.0,camera_1,removed,-1
3336,16680,556.0,camera_2,lost_track,54
3336,16680,556.0,camera_3,lost_track,87
3336,16680,556.0,camera_5,removed,53
3337,16685,556.167,camera_1,lost_track,50
3337,16685,556.167,camera_1,lost_track,23
3337,16685,556.167,camera_2,reacquired,54
3337,16685,556.167,camera_3,reacquired,87
3337,16685,556.167,camera_4,removed,-1
3338,16690,556.333,camera_1,reacquired,23
3338,16690,556.333,camera_1,reacquired,50
3338,16690,556.333,camera_1,removed,-1
3338,16690,556.333,camera_2,removed,51
3339,16695,556.5,camera_1,lost_track,50
3339,16695,556.5,camera_1,lost_track,23
3339,16695,556.5,camera_3,removed,83
3339,16695,556.5,camera_4,new_track,40
3339,16695,556.5,camera_5,lost_track,54
3340,16700,556.667,camera_1,reacquired,23
3340,16700,556.667,camera_1,reacquired,50
3340,16700,556.667,camera_1,removed,-1
3340,16700,556.667,camera_2,lost_track,54
3340,16700,556.667,camera_3,lost_track,82
3341,16705,556.833,camera_1,lost_track,23
3341,16705,556.833,camera_2,new_track,55
3342,16710,557.0,camera_1,removed,-1
3342,16710,557.0,camera_3,reacquired,82
3342,16710,557.0,camera_3,removed,-1
3342,16710,557.0,camera_6,removed,47
3343,16715,557.167,camera_3,lost_track,82
3343,16715,557.167,camera_3,lost_track,87
3344,16720,557.333,camera_3,reacquired,82
3345,16725,557.5,camera_1,reacquired,23
3345,16725,557.5,camera_1,lost_track,50
3345,16725,557.5,camera_1,removed,49
3345,16725,557.5,camera_4,removed,-1
3346,16730,557.667,camera_1,new_track,51
3346,16730,557.667,camera_1,lost_track,23
3346,16730,557.667,camera_3,new_track,88
3346,16730,557.667,camera_3,removed,-1
3348,16740,558.0,camera_2,removed,-1
3348,16740,558.0,camera_3,reacquired,86
3348,16740,558.0,camera_3,lost_track,88
3348,16740,558.0,camera_3,removed,-1
3348,16740,558.0,camera_5,new_track,55
3350,16750,558.333,camera_1,removed,-1
3350,16750,558.333,camera_4,removed,-1
3350,16750,558.333,camera_6,removed,54
3351,16755,558.5,camera_1,new_track,52
3351,16755,558.5,camera_1,lost_track,51
3351,16755,558.5,camera_2,lost_track,55
3351,16755,558.5,camera_2,removed,53
3351,16755,558.5,camera_3,removed,84
3351,16755,558.5,camera_4,lost_track,40
3351,16755,558.5,camera_5,removed,-1
3352,16760,558.667,camera_1,reacquired,51
3352,16760,558.667,camera_3,reacquired,84
3352,16760,558.667,camera_3,reacquired,85
3352,16760,558.667,camera_3,lost_track,82
3352,16760,558.667,camera_3,lost_track,86
3352,16760,558.667,camera_3,removed,-1
3352,16760,558.667,camera_4,removed,-1
3353,16765,558.833,camera_3,lost_track,84
3354,16770,559.0,camera_2,new_track,56
3354,16770,559.0,camera_3,removed,-1
3355,16775,559.167,camera_3,lost_track,85
3356,16780,559.333,camera_3,new_track,89
3356,16780,559.333,camera_3,reacquired,84
3356,16780,559.333,camera_3,reacquired,85
3357,16785,559.5,camera_3,reacquired,86
3357,16785,559.5,camera_3,lost_track,85
3358,16790,559.667,camera_1,lost_track,51
3358,16790,559.667,camera_1,lost_track,52
3358,16790,559.667,camera_3,reacquired,82
3358,16790,559.667,camera_3,lost_track,86
3359,16795,559.833,camera_1,reacquired,52
3359,16795,559.833,camera_1,removed,-1
3359,16795,559.833,camera_2,removed,52
3359,16795,559.833,camera_3,lost_track,89
3360,16800,560.0,camera_1,lost_track,52
3361,16805,560.167,camera_1,reacquired,23
3361,16805,560.167,camera_5,lost_track,55
3363,16815,560.5,camera_5,reacquired,55
3365,16825,560.833,camera_1,removed,-1
3365,16825,560.833,camera_2,new_track,57
3365,16825,560.833,camera_3,lost_track,84
3366,16830,561.0,camera_3,new_track,90
3367,16835,561.167,camera_2,lost_track,56
3367,16835,561.167,camera_3,lost_track,82
3368,16840,561.333,camera_2,lost_track,57
3368,16840,561.333,camera_3,reacquired,82
3368,16840,561.333,camera_3,lost_track,90
3369,16845,561.5,camera_5,removed,54
3370,16850,561.667,camera_2,removed,54
3372,16860,562.0,camera_2,reacquired,57
3373,16865,562.167,camera_2,lost_track,57
3373,16865,562.167,camera_3,new_track,91
3373,16865,562.167,camera_3,removed,87
3373,16865,562.167,camera_4,new_track,41
3373,16865,562.167,camera_5,new_track,56
3374,16870,562.333,camera_3,lost_track,91
3375,16875,562.5,camera_1,lost_track,23
3375,16875,562.5,camera_1,removed,50
3376,16880,562.667,camera_1,new_track,53
3376,16880,562.667,camera_3,reacquired,86
3377,16885,562.833,camera_1,reacquired,23
3377,16885,562.833,camera_2,new_track,58
3378,16890,563.0,camera_1,removed,-1
3378,16890,563.0,camera_3,removed,88
3378,16890,563.0,camera_4,lost_track,41
3379,16895,563.167,camera_1,lost_track,23
3380,16900,563.333,camera_1,reacquired,23
3380,16900,563.333,camera_2,new_track,59
3380,16900,563.333,camera_3,reacquired,85
3380,16900,563.333,camera_3,lost_track,86
3381,16905,563.5,camera_1,lost_track,23
3381,16905,563.5,camera_2,lost_track,58
3381,16905,563.5,camera_2,lost_track,59
3381,16905,563.5,camera_2,removed,55
3381,16905,563.5,camera_4,removed,40
3382,16910,563.667,camera_1,reacquired,23
3382,16910,563.667,camera_2,reacquired,58
3383,16915,563.833,camera_1,lost_track,23
3383,16915,563.833,camera_3,lost_track,82
3384,16920,564.0,camera_1,reacquired,23
3384,16920,564.0,camera_2,removed,-1
3385,16925,564.167,camera_1,lost_track,23
3385,16925,564.167,camera_2,reacquired,59
3385,16925,564.167,camera_3,lost_track,85
3386,16930,564.333,camera_2,lost_track,59
3386,16930,564.333,camera_3,reacquired,85
3386,16930,564.333,camera_5,lost_track,55
3387,16935,564.5,camera_1,lost_track,53
3387,16935,564.5,camera_2,lost_track,58
3388,16940,564.667,camera_1,reacquired,23
3388,16940,564.667,camera_1,reacquired,53
3388,16940,564.667,camera_1,removed,51
3389,16945,564.833,camera_2,reacquired,58
3389,16945,564.833,camera_3,removed,89
3390,16950,565.0,camera_1,lost_track,23
3390,16950,565.0,camera_1,removed,52
3390,16950,565.0,camera_5,reacquired,55
3390,16950,565.0,camera_5,lost_track,56
3391,16955,565.167,camera_5,lost_track,55
3392,16960,565.333,camera_1,reacquired,23
3392,16960,565.333,camera_3,reacquired,82
3393,16965,565.5,camera_1,lost_track,53
3393,16965,565.5,camera_1,lost_track,23
3394,16970,565.667,camera_1,reacquired,23
3394,16970,565.667,camera_1,reacquired,53
3395,16975,565.833,camera_2,lost_track,58
3395,16975,565.833,camera_3,removed,84
3396,16980,566.0,camera_1,lost_track,23
3396,16980,566.0,camera_2,removed,-1
3397,16985,566.167,camera_1,removed,-1
3397,16985,566.167,camera_2,reacquired,58
3397,16985,566.167,camera_2,removed,56
3398,16990,566.333,camera_1,lost_track,53
3398,16990,566.333,camera_2,lost_track,58
3398,16990,566.333,camera_3,removed,90
3398,16990,566.333,camera_3,removed,-1
3399,16995,566.5,camera_1,reacquired,23
