loop_i,video_fid,t_sec,camera_id,kind,track_id
0,0,0.0,camera_1,new_track,1
0,0,0.0,camera_1,new_track,2
0,0,0.0,camera_1,new_track,3
0,0,0.0,camera_2,new_track,1
0,0,0.0,camera_3,new_track,1
0,0,0.0,camera_3,new_track,2
0,0,0.0,camera_4,new_track,1
0,0,0.0,camera_5,new_track,1
2,10,0.333,camera_2,removed,-1
2,10,0.333,camera_4,lost_track,1
3,15,0.5,camera_2,new_track,2
3,15,0.5,camera_2,new_track,3
3,15,0.5,camera_3,lost_track,1
7,35,1.167,camera_3,new_track,3
15,75,2.5,camera_1,lost_track,2
16,80,2.667,camera_3,reacquired,1
17,85,2.833,camera_1,reacquired,2
17,85,2.833,camera_2,removed,-1
17,85,2.833,camera_3,lost_track,1
17,85,2.833,camera_3,lost_track,2
19,95,3.167,camera_1,lost_track,3
21,105,3.5,camera_1,reacquired,3
21,105,3.5,camera_1,lost_track,2
22,110,3.667,camera_1,new_track,4
22,110,3.667,camera_1,reacquired,2
22,110,3.667,camera_2,lost_track,3
22,110,3.667,camera_3,new_track,4
23,115,3.833,camera_1,lost_track,2
23,115,3.833,camera_3,lost_track,4
24,120,4.0,camera_3,reacquired,4
24,120,4.0,camera_3,removed,-1
27,135,4.5,camera_2,reacquired,3
28,140,4.667,camera_2,lost_track,3
29,145,4.833,camera_3,removed,-1
30,150,5.0,camera_2,reacquired,3
31,155,5.167,camera_1,removed,-1
32,160,5.333,camera_4,removed,1
33,165,5.5,camera_2,lost_track,3
33,165,5.5,camera_3,lost_track,4
34,170,5.667,camera_2,reacquired,3
34,170,5.667,camera_3,reacquired,4
35,175,5.833,camera_3,lost_track,4
40,200,6.667,camera_3,reacquired,4
46,230,7.667,camera_3,lost_track,4
47,235,7.833,camera_3,reacquired,4
47,235,7.833,camera_3,removed,1
47,235,7.833,camera_3,removed,2
48,240,8.0,camera_3,lost_track,4
52,260,8.667,camera_3,reacquired,4
53,265,8.833,camera_1,removed,2
53,265,8.833,camera_3,lost_track,4
54,270,9.0,camera_3,reacquired,4
60,300,10.0,camera_3,lost_track,4
64,320,10.667,camera_3,lost_track,3
65,325,10.833,camera_3,reacquired,3
65,325,10.833,camera_3,removed,-1
66,330,11.0,camera_2,lost_track,2
66,330,11.0,camera_3,lost_track,3
67,335,11.167,camera_2,reacquired,2
68,340,11.333,camera_3,new_track,5
69,345,11.5,camera_3,lost_track,5
71,355,11.833,camera_3,reacquired,3
73,365,12.167,camera_3,lost_track,3
74,370,12.333,camera_3,reacquired,3
74,370,12.333,camera_3,removed,-1
76,380,12.667,camera_3,new_track,6
77,385,12.833,camera_3,removed,-1
78,390,13.0,camera_2,lost_track,3
78,390,13.0,camera_3,lost_track,3
78,390,13.0,camera_5,lost_track,1
79,395,13.167,camera_3,reacquired,3
79,395,13.167,camera_5,new_track,2
80,400,13.333,camera_2,removed,-1
80,400,13.333,camera_3,lost_track,3
80,400,13.333,camera_5,removed,-1
81,405,13.5,camera_3,reacquired,3
82,410,13.667,camera_3,new_track,7
82,410,13.667,camera_3,lost_track,3
82,410,13.667,camera_5,reacquired,1
83,415,13.833,camera_3,reacquired,3
84,420,14.0,camera_5,lost_track,1
85,425,14.167,camera_3,lost_track,3
85,425,14.167,camera_5,reacquired,1
86,430,14.333,camera_3,reacquired,3
86,430,14.333,camera_5,lost_track,1
88,440,14.667,camera_3,lost_track,6
88,440,14.667,camera_5,lost_track,2
89,445,14.833,camera_3,reacquired,6
90,450,15.0,camera_2,lost_track,2
90,450,15.0,camera_3,removed,4
91,455,15.167,camera_5,reacquired,1
92,460,15.333,camera_3,lost_track,6
92,460,15.333,camera_3,lost_track,7
93,465,15.5,camera_2,reacquired,2
93,465,15.5,camera_3,reacquired,6
93,465,15.5,camera_3,reacquired,7
94,470,15.667,camera_3,lost_track,6
94,470,15.667,camera_3,lost_track,7
99,495,16.5,camera_3,removed,5
100,500,16.667,camera_3,lost_track,3
101,505,16.833,camera_3,reacquired,6
102,510,17.0,camera_3,lost_track,6
104,520,17.333,camera_3,reacquired,3
104,520,17.333,camera_3,reacquired,7
104,520,17.333,camera_6,new_track,1
105,525,17.5,camera_3,reacquired,6
105,525,17.5,camera_3,lost_track,3
106,530,17.667,camera_3,reacquired,3
106,530,17.667,camera_3,lost_track,6
108,540,18.0,camera_2,removed,3
108,540,18.0,camera_3,reacquired,6
110,550,18.333,camera_3,lost_track,6
111,555,18.5,camera_3,reacquired,6
112,560,18.667,camera_3,lost_track,6
112,560,18.667,camera_6,lost_track,1
113,565,18.833,camera_3,reacquired,6
113,565,18.833,camera_6,reacquired,1
113,565,18.833,camera_6,removed,-1
114,570,19.0,camera_1,lost_track,3
114,570,19.0,camera_3,lost_track,6
115,575,19.167,camera_1,reacquired,3
116,580,19.333,camera_3,reacquired,6
117,585,19.5,camera_1,removed,-1
117,585,19.5,camera_6,new_track,2
118,590,19.667,camera_3,lost_track,3
118,590,19.667,camera_3,lost_track,6
118,590,19.667,camera_3,lost_track,7
118,590,19.667,camera_5,removed,2
119,595,19.833,camera_3,reacquired,6
119,595,19.833,camera_6,lost_track,1
119,595,19.833,camera_6,lost_track,2
120,600,20.0,camera_6,removed,-1
120,600,20.0,camera_7,removed,-1
121,605,20.167,camera_1,removed,-1
121,605,20.167,camera_3,lost_track,6
122,610,20.333,camera_3,reacquired,7
123,615,20.5,camera_3,lost_track,7
123,615,20.5,camera_7,removed,-1
125,625,20.833,camera_3,reacquired,3
125,625,20.833,camera_3,reacquired,7
127,635,21.167,camera_7,removed,-1
128,640,21.333,camera_3,lost_track,7
129,645,21.5,camera_7,new_track,1
131,655,21.833,camera_2,lost_track,2
131,655,21.833,camera_3,reacquired,7
132,660,22.0,camera_2,reacquired,2
133,665,22.167,camera_2,lost_track,2
134,670,22.333,camera_2,reacquired,2
134,670,22.333,camera_3,lost_track,7
135,675,22.5,camera_1,removed,-1
135,675,22.5,camera_2,lost_track,2
135,675,22.5,camera_3,reacquired,7
136,680,22.667,camera_2,reacquired,2
148,740,24.667,camera_7,lost_track,1
149,745,24.833,camera_1,new_track,5
149,745,24.833,camera_3,new_track,8
149,745,24.833,camera_6,removed,1
149,745,24.833,camera_6,removed,2
150,750,25.0,camera_1,lost_track,5
151,755,25.167,camera_1,reacquired,5
151,755,25.167,camera_3,lost_track,8
151,755,25.167,camera_3,removed,6
152,760,25.333,camera_1,lost_track,5
153,765,25.5,camera_1,reacquired,5
154,770,25.667,camera_1,lost_track,5
154,770,25.667,camera_3,reacquired,8
154,770,25.667,camera_7,removed,-1
156,780,26.0,camera_1,removed,-1
157,785,26.167,camera_4,removed,-1
158,790,26.333,camera_3,lost_track,8
163,815,27.167,camera_2,lost_track,2
164,820,27.333,camera_2,reacquired,2
167,835,27.833,camera_2,removed,-1
168,840,28.0,camera_3,new_track,9
170,850,28.333,camera_2,lost_track,2
171,855,28.5,camera_2,reacquired,2
171,855,28.5,camera_2,removed,-1
172,860,28.667,camera_3,lost_track,3
173,865,28.833,camera_3,reacquired,3
173,865,28.833,camera_3,lost_track,9
174,870,29.0,camera_2,lost_track,2
174,870,29.0,camera_3,lost_track,3
175,875,29.167,camera_2,reacquired,2
175,875,29.167,camera_3,reacquired,3
175,875,29.167,camera_3,reacquired,9
177,885,29.5,camera_2,lost_track,2
177,885,29.5,camera_2,removed,-1
178,890,29.667,camera_2,reacquired,2
178,890,29.667,camera_7,removed,1
183,915,30.5,camera_2,lost_track,2
184,920,30.667,camera_1,removed,5
188,940,31.333,camera_3,removed,8
189,945,31.5,camera_2,reacquired,2
191,955,31.833,camera_2,lost_track,2
191,955,31.833,camera_3,new_track,10
192,960,32.0,camera_3,lost_track,7
193,965,32.167,camera_2,reacquired,2
194,970,32.333,camera_2,lost_track,2
194,970,32.333,camera_3,reacquired,7
195,975,32.5,camera_3,lost_track,7
196,980,32.667,camera_3,lost_track,10
197,985,32.833,camera_3,reacquired,10
198,990,33.0,camera_1,removed,-1
198,990,33.0,camera_3,lost_track,10
199,995,33.167,camera_3,new_track,11
199,995,33.167,camera_3,reacquired,10
203,1015,33.833,camera_3,lost_track,10
205,1025,34.167,camera_3,reacquired,10
206,1030,34.333,camera_1,removed,-1
209,1045,34.833,camera_3,lost_track,3
210,1050,35.0,camera_3,reacquired,3
210,1050,35.0,camera_7,removed,-1
211,1055,35.167,camera_2,reacquired,2
211,1055,35.167,camera_3,lost_track,3
212,1060,35.333,camera_7,new_track,2
213,1065,35.5,camera_2,lost_track,2
215,1075,35.833,camera_2,reacquired,2
215,1075,35.833,camera_3,reacquired,3
215,1075,35.833,camera_7,lost_track,2
216,1080,36.0,camera_2,lost_track,2
216,1080,36.0,camera_3,lost_track,3
218,1090,36.333,camera_3,lost_track,10
219,1095,36.5,camera_3,reacquired,3
219,1095,36.5,camera_3,reacquired,10
222,1110,37.0,camera_3,lost_track,9
223,1115,37.167,camera_7,reacquired,2
223,1115,37.167,camera_7,removed,-1
224,1120,37.333,camera_3,reacquired,9
224,1120,37.333,camera_7,lost_track,2
225,1125,37.5,camera_3,removed,7
226,1130,37.667,camera_3,lost_track,3
227,1135,37.833,camera_3,reacquired,3
229,1145,38.167,camera_3,lost_track,3
233,1165,38.833,camera_3,reacquired,3
235,1175,39.167,camera_2,reacquired,2
235,1175,39.167,camera_3,lost_track,3
236,1180,39.333,camera_3,reacquired,3
237,1185,39.5,camera_3,lost_track,10
238,1190,39.667,camera_3,lost_track,9
239,1195,39.833,camera_2,lost_track,2
240,1200,40.0,camera_2,reacquired,2
240,1200,40.0,camera_3,reacquired,10
241,1205,40.167,camera_1,removed,-1
241,1205,40.167,camera_3,reacquired,9
242,1210,40.333,camera_2,lost_track,2
242,1210,40.333,camera_3,lost_track,9
242,1210,40.333,camera_3,lost_track,10
243,1215,40.5,camera_3,reacquired,9
244,1220,40.667,camera_3,reacquired,10
247,1235,41.167,camera_2,reacquired,2
247,1235,41.167,camera_3,lost_track,3
249,1245,41.5,camera_3,reacquired,3
250,1250,41.667,camera_3,lost_track,3
252,1260,42.0,camera_2,lost_track,2
253,1265,42.167,camera_2,reacquired,2
254,1270,42.333,camera_2,lost_track,2
254,1270,42.333,camera_3,lost_track,11
254,1270,42.333,camera_7,removed,2
255,1275,42.5,camera_3,reacquired,3
256,1280,42.667,camera_2,reacquired,2
257,1285,42.833,camera_2,lost_track,2
257,1285,42.833,camera_3,lost_track,3
258,1290,43.0,camera_3,reacquired,3
259,1295,43.167,camera_3,reacquired,11
259,1295,43.167,camera_3,lost_track,3
260,1300,43.333,camera_3,reacquired,3
261,1305,43.5,camera_3,lost_track,3
262,1310,43.667,camera_2,reacquired,2
262,1310,43.667,camera_3,reacquired,3
263,1315,43.833,camera_7,new_track,3
268,1340,44.667,camera_2,new_track,4
269,1345,44.833,camera_2,lost_track,2
270,1350,45.0,camera_2,reacquired,2
270,1350,45.0,camera_2,lost_track,4
271,1355,45.167,camera_2,reacquired,4
271,1355,45.167,camera_2,lost_track,2
272,1360,45.333,camera_2,reacquired,2
273,1365,45.5,camera_2,lost_track,4
275,1375,45.833,camera_7,lost_track,3
276,1380,46.0,camera_7,reacquired,3
277,1385,46.167,camera_7,lost_track,3
282,1410,47.0,camera_3,lost_track,9
283,1415,47.167,camera_3,reacquired,9
283,1415,47.167,camera_3,lost_track,3
283,1415,47.167,camera_7,reacquired,3
284,1420,47.333,camera_3,lost_track,9
284,1420,47.333,camera_7,lost_track,3
287,1435,47.833,camera_3,reacquired,9
289,1445,48.167,camera_1,removed,-1
291,1455,48.5,camera_3,reacquired,3
292,1460,48.667,camera_3,lost_track,3
294,1470,49.0,camera_3,lost_track,9
294,1470,49.0,camera_7,reacquired,3
295,1475,49.167,camera_3,reacquired,3
296,1480,49.333,camera_3,lost_track,10
296,1480,49.333,camera_7,lost_track,3
297,1485,49.5,camera_3,reacquired,10
299,1495,49.833,camera_3,lost_track,10
300,1500,50.0,camera_3,reacquired,10
303,1515,50.5,camera_2,removed,4
306,1530,51.0,camera_1,new_track,6
308,1540,51.333,camera_3,lost_track,11
310,1550,51.667,camera_3,reacquired,11
311,1555,51.833,camera_3,reacquired,9
312,1560,52.0,camera_3,lost_track,9
313,1565,52.167,camera_2,new_track,5
313,1565,52.167,camera_3,lost_track,11
314,1570,52.333,camera_2,lost_track,5
314,1570,52.333,camera_7,reacquired,3
315,1575,52.5,camera_3,reacquired,9
315,1575,52.5,camera_3,reacquired,11
316,1580,52.667,camera_2,reacquired,5
317,1585,52.833,camera_2,lost_track,5
317,1585,52.833,camera_3,lost_track,3
318,1590,53.0,camera_3,lost_track,9
321,1605,53.5,camera_1,removed,-1
321,1605,53.5,camera_3,lost_track,10
321,1605,53.5,camera_7,lost_track,3
323,1615,53.833,camera_1,removed,-1
323,1615,53.833,camera_3,reacquired,10
324,1620,54.0,camera_3,lost_track,11
325,1625,54.167,camera_3,reacquired,11
326,1630,54.333,camera_3,lost_track,11
326,1630,54.333,camera_7,reacquired,3
327,1635,54.5,camera_3,reacquired,9
327,1635,54.5,camera_3,lost_track,10
327,1635,54.5,camera_7,lost_track,3
329,1645,54.833,camera_3,reacquired,10
329,1645,54.833,camera_3,lost_track,9
331,1655,55.167,camera_3,reacquired,3
331,1655,55.167,camera_7,removed,-1
332,1660,55.333,camera_3,lost_track,3
333,1665,55.5,camera_3,reacquired,3
334,1670,55.667,camera_3,reacquired,11
335,1675,55.833,camera_3,lost_track,10
336,1680,56.0,camera_3,lost_track,11
336,1680,56.0,camera_7,removed,-1
337,1685,56.167,camera_3,reacquired,10
337,1685,56.167,camera_3,reacquired,11
337,1685,56.167,camera_3,lost_track,3
337,1685,56.167,camera_7,reacquired,3
340,1700,56.667,camera_7,lost_track,3
341,1705,56.833,camera_1,lost_track,3
341,1705,56.833,camera_3,lost_track,11
341,1705,56.833,camera_7,reacquired,3
342,1710,57.0,camera_1,new_track,7
343,1715,57.167,camera_1,reacquired,3
344,1720,57.333,camera_1,lost_track,3
344,1720,57.333,camera_1,lost_track,7
345,1725,57.5,camera_3,lost_track,10
346,1730,57.667,camera_1,reacquired,3
346,1730,57.667,camera_2,new_track,6
346,1730,57.667,camera_3,reacquired,3
347,1735,57.833,camera_2,lost_track,6
347,1735,57.833,camera_2,removed,5
347,1735,57.833,camera_3,reacquired,10
348,1740,58.0,camera_3,reacquired,11
349,1745,58.167,camera_2,reacquired,6
350,1750,58.333,camera_2,lost_track,6
350,1750,58.333,camera_3,lost_track,11
354,1770,59.0,camera_2,reacquired,6
355,1775,59.167,camera_2,lost_track,6
355,1775,59.167,camera_3,reacquired,9
359,1795,59.833,camera_7,lost_track,3
360,1800,60.0,camera_3,reacquired,11
361,1805,60.167,camera_3,lost_track,10
362,1810,60.333,camera_3,reacquired,10
366,1830,61.0,camera_3,lost_track,11
366,1830,61.0,camera_7,reacquired,3
367,1835,61.167,camera_3,reacquired,11
369,1845,61.5,camera_1,reacquired,7
369,1845,61.5,camera_3,lost_track,10
370,1850,61.667,camera_1,lost_track,7
370,1850,61.667,camera_7,lost_track,3
372,1860,62.0,camera_3,reacquired,10
373,1865,62.167,camera_3,lost_track,11
374,1870,62.333,camera_1,reacquired,7
374,1870,62.333,camera_3,reacquired,11
375,1875,62.5,camera_1,lost_track,7
375,1875,62.5,camera_3,lost_track,11
376,1880,62.667,camera_3,reacquired,11
376,1880,62.667,camera_3,lost_track,9
383,1915,63.833,camera_1,reacquired,7
385,1925,64.167,camera_2,removed,6
386,1930,64.333,camera_1,lost_track,7
387,1935,64.5,camera_3,reacquired,9
389,1945,64.833,camera_3,lost_track,9
395,1975,65.833,camera_3,reacquired,9
398,1990,66.333,camera_3,lost_track,10
399,1995,66.5,camera_3,reacquired,10
399,1995,66.5,camera_3,lost_track,9
400,2000,66.667,camera_3,reacquired,9
400,2000,66.667,camera_3,lost_track,10
400,2000,66.667,camera_7,removed,3
403,2015,67.167,camera_3,lost_track,3
405,2025,67.5,camera_3,lost_track,9
406,2030,67.667,camera_3,reacquired,9
407,2035,67.833,camera_3,lost_track,11
408,2040,68.0,camera_1,reacquired,7
408,2040,68.0,camera_3,reacquired,11
409,2045,68.167,camera_1,lost_track,7
409,2045,68.167,camera_3,reacquired,3
410,2050,68.333,camera_1,lost_track,3
410,2050,68.333,camera_3,lost_track,11
411,2055,68.5,camera_1,reacquired,3
413,2065,68.833,camera_3,lost_track,9
414,2070,69.0,camera_3,reacquired,11
414,2070,69.0,camera_7,new_track,4
416,2080,69.333,camera_3,reacquired,9
416,2080,69.333,camera_3,lost_track,11
417,2085,69.5,camera_3,reacquired,11
417,2085,69.5,camera_3,lost_track,9
418,2090,69.667,camera_3,new_track,12
418,2090,69.667,camera_7,lost_track,4
421,2105,70.167,camera_1,lost_track,3
421,2105,70.167,camera_3,reacquired,9
421,2105,70.167,camera_3,lost_track,12
422,2110,70.333,camera_1,reacquired,3
422,2110,70.333,camera_2,lost_track,2
422,2110,70.333,camera_3,reacquired,12
422,2110,70.333,camera_3,lost_track,11
423,2115,70.5,camera_3,lost_track,3
424,2120,70.667,camera_3,lost_track,12
425,2125,70.833,camera_3,reacquired,12
426,2130,71.0,camera_3,reacquired,3
426,2130,71.0,camera_3,reacquired,11
426,2130,71.0,camera_3,lost_track,9
426,2130,71.0,camera_3,lost_track,12
427,2135,71.167,camera_1,lost_track,3
427,2135,71.167,camera_3,lost_track,3
429,2145,71.5,camera_2,new_track,7
430,2150,71.667,camera_3,reacquired,12
430,2150,71.667,camera_3,removed,10
431,2155,71.833,camera_3,lost_track,11
433,2165,72.167,camera_3,new_track,13
433,2165,72.167,camera_5,removed,-1
434,2170,72.333,camera_3,lost_track,12
435,2175,72.5,camera_1,removed,-1
435,2175,72.5,camera_3,reacquired,12
435,2175,72.5,camera_3,lost_track,13
436,2180,72.667,camera_2,lost_track,7
436,2180,72.667,camera_3,lost_track,12
437,2185,72.833,camera_2,reacquired,7
438,2190,73.0,camera_3,reacquired,12
439,2195,73.167,camera_1,removed,7
439,2195,73.167,camera_3,reacquired,11
440,2200,73.333,camera_2,reacquired,2
440,2200,73.333,camera_2,lost_track,7
440,2200,73.333,camera_3,lost_track,12
441,2205,73.5,camera_2,new_track,8
441,2205,73.5,camera_2,reacquired,7
441,2205,73.5,camera_2,lost_track,2
441,2205,73.5,camera_3,reacquired,9
442,2210,73.667,camera_3,reacquired,12
442,2210,73.667,camera_3,lost_track,9
443,2215,73.833,camera_2,reacquired,2
444,2220,74.0,camera_2,lost_track,7
444,2220,74.0,camera_5,lost_track,1
444,2220,74.0,camera_5,removed,-1
445,2225,74.167,camera_2,lost_track,2
445,2225,74.167,camera_3,reacquired,9
446,2230,74.333,camera_2,lost_track,8
446,2230,74.333,camera_3,lost_track,12
446,2230,74.333,camera_5,new_track,3
447,2235,74.5,camera_2,removed,-1
447,2235,74.5,camera_3,reacquired,12
447,2235,74.5,camera_3,lost_track,11
448,2240,74.667,camera_3,lost_track,12
448,2240,74.667,camera_7,removed,4
449,2245,74.833,camera_3,reacquired,12
449,2245,74.833,camera_3,lost_track,9
450,2250,75.0,camera_3,lost_track,12
451,2255,75.167,camera_1,removed,-1
451,2255,75.167,camera_3,reacquired,9
451,2255,75.167,camera_3,reacquired,11
451,2255,75.167,camera_3,reacquired,12
451,2255,75.167,camera_3,removed,-1
452,2260,75.333,camera_2,removed,-1
452,2260,75.333,camera_3,lost_track,11
452,2260,75.333,camera_3,lost_track,12
453,2265,75.5,camera_3,reacquired,12
454,2270,75.667,camera_1,removed,-1
456,2280,76.0,camera_3,lost_track,9
456,2280,76.0,camera_3,removed,-1
457,2285,76.167,camera_1,removed,3
457,2285,76.167,camera_3,reacquired,9
457,2285,76.167,camera_3,removed,3
458,2290,76.333,camera_5,reacquired,1
459,2295,76.5,camera_1,removed,-1
459,2295,76.5,camera_2,reacquired,2
459,2295,76.5,camera_5,lost_track,1
460,2300,76.667,camera_2,lost_track,2
460,2300,76.667,camera_3,removed,-1
460,2300,76.667,camera_5,lost_track,3
461,2305,76.833,camera_3,lost_track,12
461,2305,76.833,camera_5,reacquired,1
463,2315,77.167,camera_3,lost_track,9
464,2320,77.333,camera_3,reacquired,9
465,2325,77.5,camera_2,reacquired,2
465,2325,77.5,camera_3,lost_track,9
465,2325,77.5,camera_3,removed,13
466,2330,77.667,camera_2,lost_track,2
468,2340,78.0,camera_3,reacquired,9
468,2340,78.0,camera_3,removed,-1
469,2345,78.167,camera_3,lost_track,9
469,2345,78.167,camera_4,removed,-1
470,2350,78.333,camera_3,reacquired,9
471,2355,78.5,camera_3,removed,-1
472,2360,78.667,camera_4,removed,-1
473,2365,78.833,camera_2,reacquired,2
473,2365,78.833,camera_3,lost_track,9
473,2365,78.833,camera_3,removed,-1
474,2370,79.0,camera_2,removed,7
474,2370,79.0,camera_3,reacquired,9
474,2370,79.0,camera_4,removed,-1
474,2370,79.0,camera_6,removed,-1
475,2375,79.167,camera_2,lost_track,2
475,2375,79.167,camera_3,lost_track,9
475,2375,79.167,camera_6,new_track,3
476,2380,79.333,camera_2,reacquired,2
476,2380,79.333,camera_2,removed,8
476,2380,79.333,camera_3,reacquired,9
477,2385,79.5,camera_3,lost_track,9
477,2385,79.5,camera_4,new_track,2
478,2390,79.667,camera_3,reacquired,9
479,2395,79.833,camera_3,lost_track,9
480,2400,80.0,camera_3,reacquired,9
480,2400,80.0,camera_6,lost_track,3
481,2405,80.167,camera_1,removed,-1
481,2405,80.167,camera_6,reacquired,3
482,2410,80.333,camera_3,removed,11
483,2415,80.5,camera_1,removed,-1
483,2415,80.5,camera_3,lost_track,9
484,2420,80.667,camera_3,new_track,14
484,2420,80.667,camera_6,lost_track,3
485,2425,80.833,camera_3,new_track,15
485,2425,80.833,camera_6,reacquired,3
487,2435,81.167,camera_3,lost_track,15
487,2435,81.167,camera_4,new_track,3
488,2440,81.333,camera_3,lost_track,14
488,2440,81.333,camera_3,removed,-1
488,2440,81.333,camera_6,new_track,4
489,2445,81.5,camera_3,new_track,16
489,2445,81.5,camera_6,lost_track,3
489,2445,81.5,camera_6,lost_track,4
490,2450,81.667,camera_3,reacquired,14
490,2450,81.667,camera_5,removed,3
491,2455,81.833,camera_3,lost_track,14
491,2455,81.833,camera_3,removed,12
491,2455,81.833,camera_5,removed,-1
491,2455,81.833,camera_6,removed,-1
492,2460,82.0,camera_3,removed,-1
492,2460,82.0,camera_4,lost_track,3
492,2460,82.0,camera_5,lost_track,1
493,2465,82.167,camera_2,new_track,9
493,2465,82.167,camera_3,reacquired,14
493,2465,82.167,camera_3,lost_track,16
493,2465,82.167,camera_4,reacquired,3
493,2465,82.167,camera_5,removed,-1
494,2470,82.333,camera_1,lost_track,4
494,2470,82.333,camera_2,lost_track,2
494,2470,82.333,camera_3,lost_track,14
494,2470,82.333,camera_5,reacquired,1
494,2470,82.333,camera_7,removed,-1
495,2475,82.5,camera_1,removed,-1
495,2475,82.5,camera_2,reacquired,2
495,2475,82.5,camera_4,lost_track,2
495,2475,82.5,camera_5,new_track,4
495,2475,82.5,camera_5,lost_track,1
495,2475,82.5,camera_7,new_track,5
496,2480,82.667,camera_1,new_track,8
496,2480,82.667,camera_3,removed,-1
496,2480,82.667,camera_5,reacquired,1
496,2480,82.667,camera_5,lost_track,4
496,2480,82.667,camera_5,removed,-1
498,2490,83.0,camera_2,lost_track,2
498,2490,83.0,camera_3,new_track,17
498,2490,83.0,camera_5,lost_track,1
499,2495,83.167,camera_3,reacquired,9
499,2495,83.167,camera_3,lost_track,17
500,2500,83.333,camera_3,removed,-1
500,2500,83.333,camera_5,new_track,5
501,2505,83.5,camera_3,new_track,18
501,2505,83.5,camera_3,reacquired,14
501,2505,83.5,camera_3,lost_track,9
501,2505,83.5,camera_5,new_track,6
502,2510,83.667,camera_3,reacquired,9
502,2510,83.667,camera_4,lost_track,3
502,2510,83.667,camera_5,lost_track,5
502,2510,83.667,camera_5,lost_track,6
503,2515,83.833,camera_3,lost_track,9
503,2515,83.833,camera_4,removed,-1
503,2515,83.833,camera_5,reacquired,5
504,2520,84.0,camera_3,reacquired,9
504,2520,84.0,camera_3,lost_track,14
505,2525,84.167,camera_2,removed,-1
505,2525,84.167,camera_3,reacquired,14
505,2525,84.167,camera_3,lost_track,9
506,2530,84.333,camera_5,lost_track,5
506,2530,84.333,camera_5,removed,-1
508,2540,84.667,camera_2,removed,-1
508,2540,84.667,camera_3,reacquired,15
508,2540,84.667,camera_3,lost_track,18
509,2545,84.833,camera_3,lost_track,15
509,2545,84.833,camera_5,new_track,7
509,2545,84.833,camera_5,removed,-1
511,2555,85.167,camera_1,removed,-1
511,2555,85.167,camera_2,new_track,10
511,2555,85.167,camera_2,new_track,11
512,2560,85.333,camera_5,new_track,8
513,2565,85.5,camera_1,new_track,9
513,2565,85.5,camera_2,lost_track,10
513,2565,85.5,camera_5,lost_track,7
514,2570,85.667,camera_1,lost_track,9
514,2570,85.667,camera_5,reacquired,7
515,2575,85.833,camera_5,lost_track,7
515,2575,85.833,camera_5,removed,-1
516,2580,86.0,camera_1,lost_track,8
516,2580,86.0,camera_5,reacquired,7
518,2590,86.333,camera_3,lost_track,14
519,2595,86.5,camera_6,removed,3
519,2595,86.5,camera_6,removed,4
521,2605,86.833,camera_3,new_track,19
521,2605,86.833,camera_5,lost_track,8
523,2615,87.167,camera_3,removed,16
524,2620,87.333,camera_1,removed,4
524,2620,87.333,camera_5,reacquired,6
524,2620,87.333,camera_5,removed,-1
525,2625,87.5,camera_4,removed,2
526,2630,87.667,camera_5,removed,4
527,2635,87.833,camera_4,removed,-1
528,2640,88.0,camera_1,new_track,10
528,2640,88.0,camera_2,lost_track,11
528,2640,88.0,camera_2,removed,2
528,2640,88.0,camera_4,new_track,4
528,2640,88.0,camera_5,removed,1
528,2640,88.0,camera_7,lost_track,5
529,2645,88.167,camera_3,removed,17
529,2645,88.167,camera_5,lost_track,7
530,2650,88.333,camera_2,lost_track,9
531,2655,88.5,camera_2,reacquired,9
531,2655,88.5,camera_2,removed,-1
532,2660,88.667,camera_2,lost_track,9
532,2660,88.667,camera_4,removed,3
533,2665,88.833,camera_4,lost_track,4
533,2665,88.833,camera_6,new_track,5
534,2670,89.0,camera_6,new_track,6
535,2675,89.167,camera_3,lost_track,19
535,2675,89.167,camera_3,removed,9
536,2680,89.333,camera_4,removed,-1
536,2680,89.333,camera_5,removed,5
536,2680,89.333,camera_6,lost_track,6
537,2685,89.5,camera_3,removed,-1
537,2685,89.5,camera_6,new_track,7
537,2685,89.5,camera_6,lost_track,5
537,2685,89.5,camera_6,removed,-1
538,2690,89.667,camera_3,new_track,20
538,2690,89.667,camera_3,removed,18
538,2690,89.667,camera_6,lost_track,7
539,2695,89.833,camera_3,removed,15
539,2695,89.833,camera_4,new_track,5
539,2695,89.833,camera_4,removed,-1
539,2695,89.833,camera_6,reacquired,5
541,2705,90.167,camera_3,lost_track,20
542,2710,90.333,camera_3,reacquired,20
542,2710,90.333,camera_3,removed,-1
542,2710,90.333,camera_4,new_track,6
542,2710,90.333,camera_5,lost_track,6
542,2710,90.333,camera_5,removed,-1
542,2710,90.333,camera_6,reacquired,7
543,2715,90.5,camera_2,removed,10
543,2715,90.5,camera_3,lost_track,20
543,2715,90.5,camera_5,reacquired,6
544,2720,90.667,camera_1,removed,9
544,2720,90.667,camera_3,reacquired,20
544,2720,90.667,camera_3,removed,-1
544,2720,90.667,camera_4,lost_track,5
544,2720,90.667,camera_5,new_track,9
546,2730,91.0,camera_1,removed,8
546,2730,91.0,camera_6,lost_track,5
547,2735,91.167,camera_3,removed,-1
547,2735,91.167,camera_5,lost_track,6
547,2735,91.167,camera_6,new_track,8
547,2735,91.167,camera_6,lost_track,7
548,2740,91.333,camera_3,removed,14
548,2740,91.333,camera_5,reacquired,6
548,2740,91.333,camera_6,removed,-1
549,2745,91.5,camera_1,removed,-1
549,2745,91.5,camera_5,lost_track,6
550,2750,91.667,camera_5,lost_track,9
551,2755,91.833,camera_1,lost_track,10
551,2755,91.833,camera_2,new_track,12
551,2755,91.833,camera_5,removed,8
551,2755,91.833,camera_6,new_track,9
552,2760,92.0,camera_7,reacquired,5
553,2765,92.167,camera_6,lost_track,9
553,2765,92.167,camera_7,lost_track,5
554,2770,92.333,camera_6,reacquired,9
554,2770,92.333,camera_6,lost_track,8
555,2775,92.5,camera_6,reacquired,7
555,2775,92.5,camera_6,reacquired,8
555,2775,92.5,camera_6,removed,-1
555,2775,92.5,camera_7,reacquired,5
555,2775,92.5,camera_7,removed,-1
556,2780,92.667,camera_5,new_track,10
556,2780,92.667,camera_5,reacquired,6
556,2780,92.667,camera_6,lost_track,7
557,2785,92.833,camera_3,lost_track,20
557,2785,92.833,camera_5,lost_track,6
557,2785,92.833,camera_6,reacquired,7
557,2785,92.833,camera_6,removed,-1
558,2790,93.0,camera_2,removed,11
558,2790,93.0,camera_3,new_track,21
558,2790,93.0,camera_4,lost_track,6
559,2795,93.167,camera_1,removed,-1
559,2795,93.167,camera_5,new_track,11
559,2795,93.167,camera_5,removed,7
559,2795,93.167,camera_7,lost_track,5
560,2800,93.333,camera_3,removed,-1
560,2800,93.333,camera_5,lost_track,11
560,2800,93.333,camera_7,reacquired,5
562,2810,93.667,camera_2,removed,9
563,2815,93.833,camera_4,removed,4
563,2815,93.833,camera_5,lost_track,10
563,2815,93.833,camera_5,removed,-1
563,2815,93.833,camera_7,lost_track,5
564,2820,94.0,camera_1,new_track,11
564,2820,94.0,camera_5,reacquired,10
564,2820,94.0,camera_7,reacquired,5
565,2825,94.167,camera_2,lost_track,12
565,2825,94.167,camera_3,removed,19
565,2825,94.167,camera_6,lost_track,7
566,2830,94.333,camera_5,removed,-1
566,2830,94.333,camera_6,removed,6
567,2835,94.5,camera_5,lost_track,10
568,2840,94.667,camera_5,reacquired,10
569,2845,94.833,camera_7,lost_track,5
570,2850,95.0,camera_5,lost_track,10
570,2850,95.0,camera_5,removed,-1
571,2855,95.167,camera_7,reacquired,5
572,2860,95.333,camera_3,removed,-1
572,2860,95.333,camera_7,lost_track,5
573,2865,95.5,camera_3,lost_track,21
573,2865,95.5,camera_5,reacquired,10
573,2865,95.5,camera_7,reacquired,5
574,2870,95.667,camera_3,reacquired,21
574,2870,95.667,camera_4,removed,5
574,2870,95.667,camera_7,lost_track,5
575,2875,95.833,camera_3,removed,-1
576,2880,96.0,camera_3,new_track,22
576,2880,96.0,camera_6,removed,5
577,2885,96.167,camera_1,lost_track,11
577,2885,96.167,camera_6,lost_track,9
578,2890,96.333,camera_3,lost_track,22
578,2890,96.333,camera_6,reacquired,9
579,2895,96.5,camera_2,removed,-1
579,2895,96.5,camera_3,new_track,23
580,2900,96.667,camera_2,new_track,13
580,2900,96.667,camera_5,removed,9
580,2900,96.667,camera_6,removed,-1
581,2905,96.833,camera_1,removed,10
581,2905,96.833,camera_3,lost_track,21
581,2905,96.833,camera_3,lost_track,23
582,2910,97.0,camera_2,lost_track,13
582,2910,97.0,camera_5,lost_track,10
582,2910,97.0,camera_5,removed,-1
582,2910,97.0,camera_6,removed,-1
583,2915,97.167,camera_2,reacquired,13
583,2915,97.167,camera_3,removed,-1
584,2920,97.333,camera_2,new_track,14
585,2925,97.5,camera_6,lost_track,9
587,2935,97.833,camera_2,lost_track,1
587,2935,97.833,camera_3,reacquired,21
587,2935,97.833,camera_3,removed,20
587,2935,97.833,camera_5,removed,6
587,2935,97.833,camera_6,reacquired,9
588,2940,98.0,camera_2,reacquired,1
588,2940,98.0,camera_4,removed,6
588,2940,98.0,camera_6,lost_track,9
589,2945,98.167,camera_5,new_track,12
589,2945,98.167,camera_6,removed,-1
590,2950,98.333,camera_5,removed,11
591,2955,98.5,camera_3,lost_track,21
591,2955,98.5,camera_6,new_track,10
592,2960,98.667,camera_7,removed,-1
593,2965,98.833,camera_2,lost_track,14
594,2970,99.0,camera_2,reacquired,14
594,2970,99.0,camera_7,new_track,6
595,2975,99.167,camera_2,lost_track,14
595,2975,99.167,camera_2,removed,12
595,2975,99.167,camera_3,new_track,24
595,2975,99.167,camera_6,removed,7
596,2980,99.333,camera_6,removed,-1
597,2985,99.5,camera_3,lost_track,24
597,2985,99.5,camera_5,lost_track,12
598,2990,99.667,camera_6,new_track,11
599,2995,99.833,camera_1,removed,-1
599,2995,99.833,camera_5,new_track,13
600,3000,100.0,camera_5,removed,-1
600,3000,100.0,camera_6,lost_track,11
600,3000,100.0,camera_7,lost_track,6
601,3005,100.167,camera_6,lost_track,10
601,3005,100.167,camera_7,reacquired,6
602,3010,100.333,camera_3,reacquired,24
602,3010,100.333,camera_6,lost_track,8
602,3010,100.333,camera_6,removed,-1
602,3010,100.333,camera_7,lost_track,6
602,3010,100.333,camera_7,removed,-1
603,3015,100.5,camera_3,lost_track,24
603,3015,100.5,camera_5,lost_track,13
603,3015,100.5,camera_6,new_track,12
604,3020,100.667,camera_2,lost_track,13
604,3020,100.667,camera_5,new_track,14
604,3020,100.667,camera_7,removed,5
605,3025,100.833,camera_5,reacquired,12
605,3025,100.833,camera_7,reacquired,6
605,3025,100.833,camera_7,removed,-1
606,3030,101.0,camera_5,lost_track,12
606,3030,101.0,camera_5,removed,-1
606,3030,101.0,camera_7,lost_track,6
607,3035,101.167,camera_1,removed,11
607,3035,101.167,camera_7,reacquired,6
608,3040,101.333,camera_3,removed,22
608,3040,101.333,camera_6,reacquired,11
608,3040,101.333,camera_7,new_track,7
609,3045,101.5,camera_5,reacquired,12
610,3050,101.667,camera_5,lost_track,12
611,3055,101.833,camera_3,removed,23
611,3055,101.833,camera_5,reacquired,12
612,3060,102.0,camera_5,removed,10
612,3060,102.0,camera_7,lost_track,7
613,3065,102.167,camera_5,lost_track,12
614,3070,102.333,camera_5,reacquired,12
615,3075,102.5,camera_1,removed,-1
615,3075,102.5,camera_5,lost_track,12
615,3075,102.5,camera_6,lost_track,11
616,3080,102.667,camera_5,lost_track,14
616,3080,102.667,camera_6,lost_track,12
617,3085,102.833,camera_7,new_track,8
618,3090,103.0,camera_6,removed,9
618,3090,103.0,camera_7,lost_track,8
619,3095,103.167,camera_5,reacquired,12
619,3095,103.167,camera_7,reacquired,8
620,3100,103.333,camera_5,new_track,15
620,3100,103.333,camera_7,lost_track,8
621,3105,103.5,camera_3,removed,21
621,3105,103.5,camera_5,lost_track,12
621,3105,103.5,camera_7,removed,-1
623,3115,103.833,camera_7,new_track,9
623,3115,103.833,camera_7,reacquired,8
624,3120,104.0,camera_6,new_track,13
625,3125,104.167,camera_2,removed,14
625,3125,104.167,camera_5,removed,-1
625,3125,104.167,camera_7,lost_track,8
627,3135,104.5,camera_5,removed,-1
629,3145,104.833,camera_3,reacquired,24
630,3150,105.0,camera_5,new_track,16
630,3150,105.0,camera_7,lost_track,6
631,3155,105.167,camera_6,lost_track,13
631,3155,105.167,camera_6,removed,10
631,3155,105.167,camera_7,reacquired,6
631,3155,105.167,camera_7,lost_track,9
631,3155,105.167,camera_7,removed,-1
632,3160,105.333,camera_6,new_track,14
632,3160,105.333,camera_6,new_track,15
632,3160,105.333,camera_6,removed,8
632,3160,105.333,camera_7,lost_track,6
633,3165,105.5,camera_5,new_track,17
633,3165,105.5,camera_5,removed,13
633,3165,105.5,camera_7,reacquired,6
634,3170,105.667,camera_2,removed,13
634,3170,105.667,camera_5,lost_track,17
634,3170,105.667,camera_7,removed,-1
635,3175,105.833,camera_6,new_track,16
636,3180,106.0,camera_5,lost_track,15
636,3180,106.0,camera_6,lost_track,14
636,3180,106.0,camera_7,removed,-1
637,3185,106.167,camera_2,removed,-1
637,3185,106.167,camera_6,reacquired,14
637,3185,106.167,camera_6,lost_track,16
639,3195,106.5,camera_2,new_track,15
639,3195,106.5,camera_6,lost_track,14
639,3195,106.5,camera_7,new_track,10
640,3200,106.667,camera_3,lost_track,24
640,3200,106.667,camera_6,removed,-1
640,3200,106.667,camera_7,lost_track,10
640,3200,106.667,camera_7,lost_track,6
642,3210,107.0,camera_7,removed,7
644,3220,107.333,camera_4,removed,-1
645,3225,107.5,camera_4,new_track,7
645,3225,107.5,camera_5,lost_track,16
645,3225,107.5,camera_6,removed,11
645,3225,107.5,camera_7,reacquired,6
646,3230,107.667,camera_3,new_track,25
646,3230,107.667,camera_5,removed,14
646,3230,107.667,camera_6,removed,12
647,3235,107.833,camera_5,reacquired,16
647,3235,107.833,camera_7,lost_track,6
647,3235,107.833,camera_7,removed,-1
648,3240,108.0,camera_3,lost_track,25
648,3240,108.0,camera_6,lost_track,15
648,3240,108.0,camera_7,reacquired,10
649,3245,108.167,camera_3,new_track,26
649,3245,108.167,camera_4,lost_track,7
649,3245,108.167,camera_6,reacquired,16
649,3245,108.167,camera_6,removed,-1
650,3250,108.333,camera_6,lost_track,16
651,3255,108.5,camera_5,removed,12
651,3255,108.5,camera_6,removed,-1
652,3260,108.667,camera_3,reacquired,24
652,3260,108.667,camera_5,lost_track,16
652,3260,108.667,camera_7,new_track,11
652,3260,108.667,camera_7,reacquired,6
653,3265,108.833,camera_1,new_track,12
653,3265,108.833,camera_2,lost_track,15
653,3265,108.833,camera_3,lost_track,24
653,3265,108.833,camera_7,lost_track,11
653,3265,108.833,camera_7,lost_track,6
654,3270,109.0,camera_5,reacquired,16
654,3270,109.0,camera_7,reacquired,6
654,3270,109.0,camera_7,removed,-1
655,3275,109.167,camera_3,reacquired,24
655,3275,109.167,camera_5,lost_track,16
655,3275,109.167,camera_7,removed,8
656,3280,109.333,camera_5,reacquired,16
657,3285,109.5,camera_3,lost_track,24
657,3285,109.5,camera_5,lost_track,16
658,3290,109.667,camera_5,reacquired,16
659,3295,109.833,camera_7,lost_track,10
660,3300,110.0,camera_7,lost_track,6
661,3305,110.167,camera_6,removed,13
661,3305,110.167,camera_7,removed,9
663,3315,110.5,camera_7,reacquired,11
663,3315,110.5,camera_7,removed,-1
664,3320,110.667,camera_5,removed,17
665,3325,110.833,camera_7,removed,-1
666,3330,111.0,camera_1,removed,-1
666,3330,111.0,camera_5,removed,15
667,3335,111.167,camera_7,removed,-1
669,3345,111.5,camera_6,removed,14
669,3345,111.5,camera_7,reacquired,6
669,3345,111.5,camera_7,lost_track,11
670,3350,111.667,camera_3,reacquired,24
670,3350,111.667,camera_3,lost_track,26
670,3350,111.667,camera_7,lost_track,6
671,3355,111.833,camera_3,lost_track,24
671,3355,111.833,camera_7,new_track,12
672,3360,112.0,camera_6,removed,-1
672,3360,112.0,camera_7,lost_track,12
673,3365,112.167,camera_6,reacquired,16
674,3370,112.333,camera_6,new_track,17
674,3370,112.333,camera_7,new_track,13
675,3375,112.5,camera_6,lost_track,17
676,3380,112.667,camera_5,lost_track,16
676,3380,112.667,camera_6,lost_track,16
676,3380,112.667,camera_7,lost_track,13
677,3385,112.833,camera_6,new_track,18
677,3385,112.833,camera_7,reacquired,13
678,3390,113.0,camera_3,removed,25
678,3390,113.0,camera_6,removed,15
679,3395,113.167,camera_4,removed,7
680,3400,113.333,camera_6,reacquired,16
680,3400,113.333,camera_6,reacquired,17
680,3400,113.333,camera_6,lost_track,18
683,3415,113.833,camera_2,removed,15
684,3420,114.0,camera_3,reacquired,24
685,3425,114.167,camera_6,lost_track,16
685,3425,114.167,camera_6,lost_track,17
685,3425,114.167,camera_7,lost_track,13
688,3440,114.667,camera_7,reacquired,12
689,3445,114.833,camera_3,lost_track,24
689,3445,114.833,camera_7,removed,10
690,3450,115.0,camera_7,lost_track,12
690,3450,115.0,camera_7,removed,-1
691,3455,115.167,camera_6,removed,-1
691,3455,115.167,camera_7,reacquired,6
692,3460,115.333,camera_6,new_track,19
692,3460,115.333,camera_7,lost_track,6
693,3465,115.5,camera_4,removed,-1
695,3475,115.833,camera_1,removed,-1
695,3475,115.833,camera_3,new_track,27
695,3475,115.833,camera_7,reacquired,12
696,3480,116.0,camera_4,removed,-1
696,3480,116.0,camera_7,lost_track,12
696,3480,116.0,camera_7,removed,-1
697,3485,116.167,camera_6,reacquired,18
697,3485,116.167,camera_6,lost_track,19
697,3485,116.167,camera_7,reacquired,12
698,3490,116.333,camera_7,lost_track,12
699,3495,116.5,camera_7,removed,11
699,3495,116.5,camera_7,removed,-1
700,3500,116.667,camera_3,removed,26
704,3520,117.333,camera_5,removed,-1
704,3520,117.333,camera_6,lost_track,18
704,3520,117.333,camera_6,removed,-1
706,3530,117.667,camera_3,new_track,28
706,3530,117.667,camera_5,removed,16
706,3530,117.667,camera_6,reacquired,16
708,3540,118.0,camera_6,new_track,20
708,3540,118.0,camera_6,lost_track,16
709,3545,118.167,camera_5,new_track,18
710,3550,118.333,camera_2,new_track,16
710,3550,118.333,camera_3,lost_track,28
711,3555,118.5,camera_3,reacquired,28
712,3560,118.667,camera_3,lost_track,28
713,3565,118.833,camera_1,lost_track,12
713,3565,118.833,camera_3,reacquired,28
713,3565,118.833,camera_7,reacquired,12
714,3570,119.0,camera_3,lost_track,28
715,3575,119.167,camera_3,reacquired,28
715,3575,119.167,camera_6,lost_track,20
715,3575,119.167,camera_6,removed,17
715,3575,119.167,camera_7,removed,13
716,3580,119.333,camera_3,lost_track,28
716,3580,119.333,camera_7,lost_track,12
717,3585,119.5,camera_2,removed,-1
718,3590,119.667,camera_3,lost_track,27
719,3595,119.833,camera_3,removed,24
719,3595,119.833,camera_5,removed,-1
720,3600,120.0,camera_3,reacquired,28
720,3600,120.0,camera_5,new_track,19
720,3600,120.0,camera_7,reacquired,12
721,3605,120.167,camera_3,lost_track,28
722,3610,120.333,camera_3,reacquired,28
722,3610,120.333,camera_5,removed,-1
722,3610,120.333,camera_7,removed,6
724,3620,120.667,camera_5,removed,-1
724,3620,120.667,camera_7,lost_track,12
725,3625,120.833,camera_3,lost_track,28
725,3625,120.833,camera_4,new_track,8
726,3630,121.0,camera_5,lost_track,18
727,3635,121.167,camera_5,new_track,20
727,3635,121.167,camera_6,removed,19
728,3640,121.333,camera_2,lost_track,16
728,3640,121.333,camera_5,lost_track,19
729,3645,121.5,camera_5,lost_track,20
729,3645,121.5,camera_7,reacquired,12
730,3650,121.667,camera_2,reacquired,16
730,3650,121.667,camera_5,reacquired,20
730,3650,121.667,camera_7,lost_track,12
732,3660,122.0,camera_5,reacquired,19
732,3660,122.0,camera_5,lost_track,20
733,3665,122.167,camera_2,removed,-1
733,3665,122.167,camera_5,reacquired,20
733,3665,122.167,camera_5,removed,-1
734,3670,122.333,camera_6,removed,18
735,3675,122.5,camera_3,new_track,29
735,3675,122.5,camera_4,new_track,9
735,3675,122.5,camera_5,lost_track,20
736,3680,122.667,camera_4,new_track,10
736,3680,122.667,camera_5,new_track,21
736,3680,122.667,camera_5,new_track,22
736,3680,122.667,camera_5,lost_track,19
737,3685,122.833,camera_5,reacquired,19
738,3690,123.0,camera_3,lost_track,29
738,3690,123.0,camera_4,lost_track,10
738,3690,123.0,camera_5,lost_track,19
738,3690,123.0,camera_6,removed,16
739,3695,123.167,camera_4,reacquired,10
739,3695,123.167,camera_4,lost_track,9
739,3695,123.167,camera_5,lost_track,22
740,3700,123.333,camera_2,lost_track,16
740,3700,123.333,camera_4,lost_track,10
740,3700,123.333,camera_5,reacquired,19
740,3700,123.333,camera_5,lost_track,21
741,3705,123.5,camera_5,reacquired,21
742,3710,123.667,camera_2,reacquired,16
742,3710,123.667,camera_4,lost_track,8
743,3715,123.833,camera_1,removed,12
743,3715,123.833,camera_4,reacquired,8
743,3715,123.833,camera_5,lost_track,21
744,3720,124.0,camera_2,lost_track,16
744,3720,124.0,camera_4,removed,-1
744,3720,124.0,camera_5,reacquired,21
744,3720,124.0,camera_5,lost_track,19
744,3720,124.0,camera_5,removed,-1
745,3725,124.167,camera_6,removed,20
746,3730,124.333,camera_4,new_track,11
746,3730,124.333,camera_4,lost_track,8
747,3735,124.5,camera_4,removed,-1
747,3735,124.5,camera_5,new_track,23
748,3740,124.667,camera_3,removed,27
748,3740,124.667,camera_4,new_track,12
748,3740,124.667,camera_5,lost_track,21
749,3745,124.833,camera_4,lost_track,12
749,3745,124.833,camera_5,lost_track,23
750,3750,125.0,camera_4,removed,-1
753,3765,125.5,camera_7,reacquired,12
754,3770,125.667,camera_3,new_track,30
754,3770,125.667,camera_7,lost_track,12
755,3775,125.833,camera_3,removed,28
755,3775,125.833,camera_5,removed,-1
756,3780,126.0,camera_5,removed,18
757,3785,126.167,camera_3,lost_track,30
757,3785,126.167,camera_5,removed,-1
762,3810,127.0,camera_5,removed,-1
763,3815,127.167,camera_6,new_track,21
764,3820,127.333,camera_5,new_track,24
764,3820,127.333,camera_5,removed,-1
765,3825,127.5,camera_5,lost_track,24
765,3825,127.5,camera_5,removed,20
765,3825,127.5,camera_7,reacquired,12
766,3830,127.667,camera_3,reacquired,30
766,3830,127.667,camera_4,lost_track,11
766,3830,127.667,camera_7,lost_track,12
767,3835,127.833,camera_3,lost_track,30
768,3840,128.0,camera_3,removed,29
769,3845,128.167,camera_4,removed,9
769,3845,128.167,camera_5,removed,-1
769,3845,128.167,camera_5,removed,22
770,3850,128.333,camera_4,removed,10
771,3855,128.5,camera_6,new_track,22
774,3870,129.0,camera_2,removed,16
774,3870,129.0,camera_5,removed,19
774,3870,129.0,camera_7,reacquired,12
775,3875,129.167,camera_3,reacquired,30
776,3880,129.333,camera_3,lost_track,30
776,3880,129.333,camera_4,removed,8
776,3880,129.333,camera_6,lost_track,22
777,3885,129.5,camera_6,lost_track,21
778,3890,129.667,camera_1,removed,-1
778,3890,129.667,camera_5,removed,21
778,3890,129.667,camera_6,new_track,23
778,3890,129.667,camera_7,removed,-1
779,3895,129.833,camera_3,reacquired,30
779,3895,129.833,camera_4,removed,12
779,3895,129.833,camera_5,removed,23
779,3895,129.833,camera_6,lost_track,23
784,3920,130.667,camera_3,lost_track,30
784,3920,130.667,camera_7,lost_track,12
784,3920,130.667,camera_7,removed,-1
785,3925,130.833,camera_7,new_track,14
785,3925,130.833,camera_7,reacquired,12
786,3930,131.0,camera_3,reacquired,30
787,3935,131.167,camera_3,lost_track,30
787,3935,131.167,camera_7,lost_track,14
789,3945,131.5,camera_5,reacquired,24
789,3945,131.5,camera_7,reacquired,14
791,3955,131.833,camera_1,removed,-1
791,3955,131.833,camera_5,lost_track,24
792,3960,132.0,camera_5,reacquired,24
795,3975,132.5,camera_3,reacquired,30
796,3980,132.667,camera_3,lost_track,30
796,3980,132.667,camera_4,removed,11
799,3995,133.167,camera_3,reacquired,30
799,3995,133.167,camera_4,new_track,13
799,3995,133.167,camera_5,new_track,25
800,4000,133.333,camera_3,lost_track,30
800,4000,133.333,camera_7,lost_track,14
804,4020,134.0,camera_7,reacquired,14
805,4025,134.167,camera_5,lost_track,24
805,4025,134.167,camera_5,lost_track,25
806,4030,134.333,camera_4,removed,-1
806,4030,134.333,camera_5,reacquired,25
806,4030,134.333,camera_6,removed,22
807,4035,134.5,camera_3,reacquired,30
807,4035,134.5,camera_6,removed,21
808,4040,134.667,camera_4,removed,-1
808,4040,134.667,camera_5,new_track,26
808,4040,134.667,camera_7,lost_track,14
809,4045,134.833,camera_6,removed,23
809,4045,134.833,camera_7,reacquired,14
810,4050,135.0,camera_4,new_track,14
811,4055,135.167,camera_4,lost_track,14
812,4060,135.333,camera_3,lost_track,30
813,4065,135.5,camera_4,removed,-1
813,4065,135.5,camera_7,lost_track,14
814,4070,135.667,camera_3,reacquired,30
814,4070,135.667,camera_7,reacquired,14
815,4075,135.833,camera_7,lost_track,12
816,4080,136.0,camera_7,lost_track,14
816,4080,136.0,camera_7,removed,-1
818,4090,136.333,camera_6,removed,-1
818,4090,136.333,camera_7,removed,-1
819,4095,136.5,camera_4,removed,-1
819,4095,136.5,camera_6,new_track,24
819,4095,136.5,camera_6,new_track,25
819,4095,136.5,camera_7,reacquired,14
820,4100,136.667,camera_7,lost_track,14
821,4105,136.833,camera_6,lost_track,25
821,4105,136.833,camera_7,reacquired,14
824,4120,137.333,camera_4,lost_track,13
824,4120,137.333,camera_6,lost_track,24
824,4120,137.333,camera_7,lost_track,14
825,4125,137.5,camera_2,new_track,17
825,4125,137.5,camera_3,lost_track,30
825,4125,137.5,camera_4,reacquired,13
825,4125,137.5,camera_4,removed,-1
825,4125,137.5,camera_6,reacquired,24
826,4130,137.667,camera_3,reacquired,30
826,4130,137.667,camera_7,reacquired,14
828,4140,138.0,camera_3,lost_track,30
828,4140,138.0,camera_4,removed,-1
828,4140,138.0,camera_6,lost_track,24
829,4145,138.167,camera_7,lost_track,14
830,4150,138.333,camera_2,lost_track,17
830,4150,138.333,camera_3,reacquired,30
831,4155,138.5,camera_4,new_track,15
831,4155,138.5,camera_7,removed,-1
832,4160,138.667,camera_2,removed,-1
832,4160,138.667,camera_4,removed,-1
832,4160,138.667,camera_7,new_track,15
833,4165,138.833,camera_3,lost_track,30
833,4165,138.833,camera_4,lost_track,15
834,4170,139.0,camera_3,new_track,31
835,4175,139.167,camera_2,removed,-1
835,4175,139.167,camera_3,removed,-1
835,4175,139.167,camera_5,removed,24
837,4185,139.5,camera_3,removed,-1
837,4185,139.5,camera_4,removed,-1
838,4190,139.667,camera_2,new_track,18
839,4195,139.833,camera_4,new_track,16
839,4195,139.833,camera_7,lost_track,15
840,4200,140.0,camera_3,removed,-1
840,4200,140.0,camera_4,lost_track,16
840,4200,140.0,camera_7,reacquired,15
841,4205,140.167,camera_4,removed,-1
841,4205,140.167,camera_4,removed,14
842,4210,140.333,camera_2,removed,-1
843,4215,140.5,camera_2,lost_track,18
843,4215,140.5,camera_3,new_track,32
843,4215,140.5,camera_3,lost_track,31
844,4220,140.667,camera_2,new_track,19
844,4220,140.667,camera_4,new_track,17
845,4225,140.833,camera_1,new_track,13
845,4225,140.833,camera_3,removed,-1
845,4225,140.833,camera_4,lost_track,17
845,4225,140.833,camera_5,lost_track,25
845,4225,140.833,camera_7,removed,12
846,4230,141.0,camera_1,lost_track,13
846,4230,141.0,camera_3,reacquired,31
847,4235,141.167,camera_5,lost_track,26
848,4240,141.333,camera_5,reacquired,26
848,4240,141.333,camera_7,lost_track,15
849,4245,141.5,camera_1,reacquired,13
849,4245,141.5,camera_1,removed,-1
849,4245,141.5,camera_7,reacquired,15
850,4250,141.667,camera_1,lost_track,13
850,4250,141.667,camera_5,lost_track,26
850,4250,141.667,camera_5,removed,-1
851,4255,141.833,camera_1,reacquired,13
851,4255,141.833,camera_5,new_track,27
851,4255,141.833,camera_6,removed,25
852,4260,142.0,camera_1,lost_track,13
852,4260,142.0,camera_5,new_track,28
852,4260,142.0,camera_5,lost_track,27
854,4270,142.333,camera_1,reacquired,13
854,4270,142.333,camera_2,removed,-1
854,4270,142.333,camera_4,new_track,18
856,4280,142.667,camera_1,lost_track,13
856,4280,142.667,camera_7,lost_track,15
858,4290,143.0,camera_1,reacquired,13
858,4290,143.0,camera_2,removed,-1
858,4290,143.0,camera_6,removed,24
859,4295,143.167,camera_1,lost_track,13
859,4295,143.167,camera_3,lost_track,31
859,4295,143.167,camera_7,reacquired,15
859,4295,143.167,camera_7,removed,14
860,4300,143.333,camera_2,removed,17
860,4300,143.333,camera_7,lost_track,15
861,4305,143.5,camera_2,new_track,20
863,4315,143.833,camera_3,removed,-1
863,4315,143.833,camera_3,removed,30
863,4315,143.833,camera_4,removed,15
864,4320,144.0,camera_3,lost_track,32
865,4325,144.167,camera_5,removed,-1
866,4330,144.333,camera_3,removed,-1
866,4330,144.333,camera_7,new_track,16
867,4335,144.5,camera_2,removed,-1
868,4340,144.667,camera_7,lost_track,16
869,4345,144.833,camera_2,lost_track,19
869,4345,144.833,camera_3,removed,-1
869,4345,144.833,camera_5,lost_track,28
869,4345,144.833,camera_7,reacquired,16
870,4350,145.0,camera_4,removed,16
870,4350,145.0,camera_5,reacquired,28
871,4355,145.167,camera_4,lost_track,18
871,4355,145.167,camera_5,removed,-1
872,4360,145.333,camera_2,new_track,21
872,4360,145.333,camera_3,removed,-1
873,4365,145.5,camera_2,removed,18
873,4365,145.5,camera_5,lost_track,28
873,4365,145.5,camera_7,lost_track,16
874,4370,145.667,camera_2,new_track,22
874,4370,145.667,camera_2,lost_track,20
874,4370,145.667,camera_7,reacquired,16
875,4375,145.833,camera_2,reacquired,20
875,4375,145.833,camera_2,lost_track,21
875,4375,145.833,camera_3,new_track,33
875,4375,145.833,camera_4,removed,17
875,4375,145.833,camera_5,new_track,29
875,4375,145.833,camera_5,new_track,30
875,4375,145.833,camera_5,reacquired,27
875,4375,145.833,camera_5,removed,25
876,4380,146.0,camera_4,reacquired,18
876,4380,146.0,camera_5,lost_track,27
877,4385,146.167,camera_1,new_track,14
877,4385,146.167,camera_2,removed,-1
877,4385,146.167,camera_5,lost_track,30
877,4385,146.167,camera_5,removed,-1
878,4390,146.333,camera_3,lost_track,33
878,4390,146.333,camera_4,lost_track,18
878,4390,146.333,camera_5,reacquired,28
879,4395,146.5,camera_1,lost_track,14
879,4395,146.5,camera_2,lost_track,20
879,4395,146.5,camera_2,lost_track,22
879,4395,146.5,camera_4,reacquired,18
879,4395,146.5,camera_5,reacquired,30
879,4395,146.5,camera_5,lost_track,29
880,4400,146.667,camera_2,reacquired,22
880,4400,146.667,camera_5,reacquired,27
880,4400,146.667,camera_5,removed,26
880,4400,146.667,camera_5,removed,-1
882,4410,147.0,camera_2,lost_track,22
882,4410,147.0,camera_5,lost_track,27
883,4415,147.167,camera_1,removed,-1
883,4415,147.167,camera_2,reacquired,22
884,4420,147.333,camera_5,lost_track,30
885,4425,147.5,camera_1,removed,-1
885,4425,147.5,camera_5,removed,-1
886,4430,147.667,camera_2,lost_track,22
886,4430,147.667,camera_7,removed,-1
887,4435,147.833,camera_5,removed,-1
887,4435,147.833,camera_6,removed,-1
887,4435,147.833,camera_7,new_track,17
888,4440,148.0,camera_5,reacquired,27
888,4440,148.0,camera_7,lost_track,17
889,4445,148.167,camera_1,removed,13
889,4445,148.167,camera_3,removed,31
889,4445,148.167,camera_7,reacquired,17
890,4450,148.333,camera_7,removed,15
891,4455,148.5,camera_2,removed,-1
891,4455,148.5,camera_5,lost_track,27
892,4460,148.667,camera_5,reacquired,30
892,4460,148.667,camera_6,new_track,26
893,4465,148.833,camera_5,lost_track,30
894,4470,149.0,camera_3,removed,32
894,4470,149.0,camera_5,reacquired,30
894,4470,149.0,camera_6,new_track,27
894,4470,149.0,camera_7,lost_track,16
896,4480,149.333,camera_5,removed,-1
896,4480,149.333,camera_7,reacquired,16
897,4485,149.5,camera_7,lost_track,16
898,4490,149.667,camera_1,reacquired,14
898,4490,149.667,camera_5,removed,-1
899,4495,149.833,camera_2,removed,19
900,4500,150.0,camera_1,lost_track,14
901,4505,150.167,camera_2,removed,-1
901,4505,150.167,camera_6,new_track,28
902,4510,150.333,camera_6,lost_track,28
903,4515,150.5,camera_5,lost_track,30
903,4515,150.5,camera_6,lost_track,27
904,4520,150.667,camera_6,reacquired,27
904,4520,150.667,camera_6,removed,-1
905,4525,150.833,camera_2,removed,21
905,4525,150.833,camera_6,lost_track,27
906,4530,151.0,camera_4,removed,-1
906,4530,151.0,camera_6,new_track,29
906,4530,151.0,camera_6,reacquired,28
907,4535,151.167,camera_5,reacquired,30
907,4535,151.167,camera_6,lost_track,28
908,4540,151.333,camera_3,removed,33
909,4545,151.5,camera_2,removed,20
909,4545,151.5,camera_5,lost_track,30
909,4545,151.5,camera_5,removed,29
909,4545,151.5,camera_6,removed,-1
909,4545,151.5,camera_7,lost_track,17
910,4550,151.667,camera_5,reacquired,30
911,4555,151.833,camera_5,lost_track,30
912,4560,152.0,camera_6,lost_track,29
913,4565,152.167,camera_5,reacquired,30
913,4565,152.167,camera_6,lost_track,26
914,4570,152.333,camera_6,reacquired,28
914,4570,152.333,camera_6,reacquired,29
915,4575,152.5,camera_5,lost_track,28
916,4580,152.667,camera_2,removed,22
916,4580,152.667,camera_6,new_track,30
916,4580,152.667,camera_6,lost_track,29
916,4580,152.667,camera_7,removed,-1
917,4585,152.833,camera_5,new_track,31
918,4590,153.0,camera_5,new_track,32
918,4590,153.0,camera_6,reacquired,29
919,4595,153.167,camera_6,lost_track,28
920,4600,153.333,camera_6,removed,-1
920,4600,153.333,camera_7,new_track,18
921,4605,153.5,camera_5,removed,27
921,4605,153.5,camera_6,lost_track,30
921,4605,153.5,camera_7,removed,-1
922,4610,153.667,camera_5,lost_track,30
922,4610,153.667,camera_6,reacquired,30
923,4615,153.833,camera_5,reacquired,30
923,4615,153.833,camera_6,lost_track,30
924,4620,154.0,camera_7,removed,-1
926,4630,154.333,camera_6,reacquired,30
926,4630,154.333,camera_6,lost_track,29
927,4635,154.5,camera_7,removed,16
927,4635,154.5,camera_7,removed,-1
928,4640,154.667,camera_7,new_track,19
929,4645,154.833,camera_5,lost_track,32
929,4645,154.833,camera_5,lost_track,31
929,4645,154.833,camera_6,lost_track,30
930,4650,155.0,camera_1,removed,14
930,4650,155.0,camera_5,reacquired,31
930,4650,155.0,camera_5,lost_track,30
932,4660,155.333,camera_5,lost_track,31
932,4660,155.333,camera_6,new_track,31
933,4665,155.5,camera_5,reacquired,31
933,4665,155.5,camera_7,lost_track,19
934,4670,155.667,camera_5,lost_track,31
934,4670,155.667,camera_7,reacquired,19
935,4675,155.833,camera_4,lost_track,18
935,4675,155.833,camera_6,removed,27
936,4680,156.0,camera_6,reacquired,30
936,4680,156.0,camera_6,removed,-1
937,4685,156.167,camera_6,lost_track,30
938,4690,156.333,camera_6,reacquired,30
939,4695,156.5,camera_6,lost_track,30
939,4695,156.5,camera_7,removed,17
940,4700,156.667,camera_7,lost_track,19
941,4705,156.833,camera_7,new_track,20
942,4710,157.0,camera_4,reacquired,18
942,4710,157.0,camera_4,lost_track,13
942,4710,157.0,camera_6,new_track,32
942,4710,157.0,camera_6,new_track,33
942,4710,157.0,camera_6,lost_track,31
943,4715,157.167,camera_5,reacquired,30
943,4715,157.167,camera_6,reacquired,31
943,4715,157.167,camera_6,removed,26
945,4725,157.5,camera_5,removed,28
945,4725,157.5,camera_6,lost_track,32
947,4735,157.833,camera_5,lost_track,30
947,4735,157.833,camera_6,lost_track,33
949,4745,158.167,camera_6,new_track,34
949,4745,158.167,camera_6,removed,28
950,4750,158.333,camera_2,new_track,23
950,4750,158.333,camera_4,removed,-1
950,4750,158.333,camera_5,reacquired,30
950,4750,158.333,camera_7,lost_track,20
951,4755,158.5,camera_6,lost_track,34
951,4755,158.5,camera_6,lost_track,31
951,4755,158.5,camera_7,reacquired,20
952,4760,158.667,camera_4,removed,-1
952,4760,158.667,camera_6,removed,-1
953,4765,158.833,camera_5,lost_track,30
953,4765,158.833,camera_5,removed,-1
954,4770,159.0,camera_5,reacquired,30
954,4770,159.0,camera_7,reacquired,19
954,4770,159.0,camera_7,lost_track,20
954,4770,159.0,camera_7,removed,-1
955,4775,159.167,camera_5,lost_track,30
955,4775,159.167,camera_7,new_track,21
956,4780,159.333,camera_1,removed,-1
956,4780,159.333,camera_2,lost_track,23
956,4780,159.333,camera_4,lost_track,18
956,4780,159.333,camera_4,removed,-1
956,4780,159.333,camera_6,removed,29
957,4785,159.5,camera_2,reacquired,23
957,4785,159.5,camera_4,new_track,19
957,4785,159.5,camera_5,removed,-1
957,4785,159.5,camera_7,removed,-1
958,4790,159.667,camera_5,new_track,33
959,4795,159.833,camera_4,lost_track,19
959,4795,159.833,camera_5,removed,32
959,4795,159.833,camera_7,reacquired,20
959,4795,159.833,camera_7,removed,-1
960,4800,160.0,camera_4,reacquired,18
960,4800,160.0,camera_4,removed,-1
960,4800,160.0,camera_5,lost_track,33
961,4805,160.167,camera_5,reacquired,33
961,4805,160.167,camera_7,lost_track,19
962,4810,160.333,camera_5,new_track,34
962,4810,160.333,camera_5,lost_track,33
963,4815,160.5,camera_2,lost_track,23
963,4815,160.5,camera_4,removed,-1
963,4815,160.5,camera_5,lost_track,34
964,4820,160.667,camera_2,reacquired,23
964,4820,160.667,camera_5,removed,31
965,4825,160.833,camera_5,reacquired,34
966,4830,161.0,camera_2,lost_track,23
966,4830,161.0,camera_5,lost_track,34
966,4830,161.0,camera_7,lost_track,20
967,4835,161.167,camera_2,reacquired,23
967,4835,161.167,camera_4,reacquired,19
967,4835,161.167,camera_4,removed,-1
967,4835,161.167,camera_5,reacquired,34
968,4840,161.333,camera_2,removed,-1
969,4845,161.5,camera_5,lost_track,34
969,4845,161.5,camera_6,removed,30
970,4850,161.667,camera_2,lost_track,23
970,4850,161.667,camera_4,new_track,20
970,4850,161.667,camera_4,lost_track,18
970,4850,161.667,camera_5,reacquired,33
971,4855,161.833,camera_2,reacquired,23
971,4855,161.833,camera_4,lost_track,19
972,4860,162.0,camera_4,removed,13
972,4860,162.0,camera_4,removed,-1
972,4860,162.0,camera_5,new_track,35
973,4865,162.167,camera_2,removed,-1
974,4870,162.333,camera_4,removed,-1
974,4870,162.333,camera_5,lost_track,35
975,4875,162.5,camera_2,lost_track,23
975,4875,162.5,camera_4,reacquired,19
975,4875,162.5,camera_5,new_track,36
975,4875,162.5,camera_6,removed,32
976,4880,162.667,camera_2,removed,-1
976,4880,162.667,camera_4,lost_track,19
976,4880,162.667,camera_4,lost_track,20
976,4880,162.667,camera_5,reacquired,35
977,4885,162.833,camera_3,new_track,34
977,4885,162.833,camera_4,reacquired,20
977,4885,162.833,camera_4,removed,-1
977,4885,162.833,camera_5,lost_track,33
977,4885,162.833,camera_6,removed,33
977,4885,162.833,camera_7,new_track,22
978,4890,163.0,camera_2,removed,-1
978,4890,163.0,camera_4,reacquired,18
978,4890,163.0,camera_7,lost_track,22
979,4895,163.167,camera_2,reacquired,23
979,4895,163.167,camera_5,reacquired,33
981,4905,163.5,camera_5,lost_track,33
981,4905,163.5,camera_6,removed,34
981,4905,163.5,camera_6,removed,31
981,4905,163.5,camera_7,reacquired,22
982,4910,163.667,camera_5,lost_track,35
983,4915,163.833,camera_1,new_track,15
983,4915,163.833,camera_2,removed,-1
983,4915,163.833,camera_7,lost_track,22
984,4920,164.0,camera_1,lost_track,15
985,4925,164.167,camera_2,removed,-1
985,4925,164.167,camera_5,reacquired,35
985,4925,164.167,camera_5,removed,30
986,4930,164.333,camera_1,reacquired,15
986,4930,164.333,camera_2,new_track,24
986,4930,164.333,camera_7,reacquired,22
987,4935,164.5,camera_1,lost_track,15
987,4935,164.5,camera_2,lost_track,23
987,4935,164.5,camera_3,lost_track,34
988,4940,164.667,camera_2,reacquired,23
988,4940,164.667,camera_3,reacquired,34
988,4940,164.667,camera_5,lost_track,35
988,4940,164.667,camera_7,lost_track,18
989,4945,164.833,camera_5,removed,-1
990,4950,165.0,camera_3,lost_track,34
990,4950,165.0,camera_4,lost_track,18
990,4950,165.0,camera_7,reacquired,18
990,4950,165.0,camera_7,lost_track,22
991,4955,165.167,camera_7,removed,19
992,4960,165.333,camera_3,new_track,35
992,4960,165.333,camera_7,lost_track,18
993,4965,165.5,camera_2,lost_track,23
993,4965,165.5,camera_7,reacquired,18
994,4970,165.667,camera_3,removed,-1
995,4975,165.833,camera_2,reacquired,23
996,4980,166.0,camera_2,new_track,25
996,4980,166.0,camera_2,lost_track,23
996,4980,166.0,camera_7,removed,20
997,4985,166.167,camera_2,lost_track,24
997,4985,166.167,camera_3,removed,-1
998,4990,166.333,camera_1,new_track,16
998,4990,166.333,camera_2,reacquired,24
998,4990,166.333,camera_2,lost_track,25
998,4990,166.333,camera_3,new_track,36
999,4995,166.5,camera_2,new_track,26
999,4995,166.5,camera_2,lost_track,24
999,4995,166.5,camera_3,lost_track,35
999,4995,166.5,camera_5,removed,34
1000,5000,166.667,camera_5,new_track,37
1000,5000,166.667,camera_7,reacquired,22
1001,5005,166.833,camera_2,removed,-1
1001,5005,166.833,camera_5,lost_track,37
1001,5005,166.833,camera_7,lost_track,22
1002,5010,167.0,camera_2,new_track,27
1002,5010,167.0,camera_3,removed,-1
1003,5015,167.167,camera_2,new_track,28
1003,5015,167.167,camera_2,reacquired,23
1003,5015,167.167,camera_2,lost_track,26
1003,5015,167.167,camera_2,lost_track,27
1003,5015,167.167,camera_7,reacquired,22
1004,5020,167.333,camera_2,removed,-1
1004,5020,167.333,camera_7,lost_track,18
1005,5025,167.5,camera_2,lost_track,23
1005,5025,167.5,camera_3,lost_track,36
1005,5025,167.5,camera_3,removed,-1
1005,5025,167.5,camera_7,reacquired,18
1005,5025,167.5,camera_7,lost_track,22
1006,5030,167.667,camera_3,new_track,37
1006,5030,167.667,camera_4,removed,19
1009,5045,168.167,camera_2,new_track,29
1010,5050,168.333,camera_3,lost_track,37
1011,5055,168.5,camera_3,reacquired,37
1011,5055,168.5,camera_5,removed,33
1013,5065,168.833,camera_5,new_track,38
1014,5070,169.0,camera_5,lost_track,38
1014,5070,169.0,camera_7,lost_track,18
1015,5075,169.167,camera_2,lost_track,29
1015,5075,169.167,camera_3,lost_track,37
1015,5075,169.167,camera_4,lost_track,20
1016,5080,169.333,camera_4,reacquired,20
1016,5080,169.333,camera_7,reacquired,18
1016,5080,169.333,camera_7,reacquired,22
1017,5085,169.5,camera_1,removed,15
1017,5085,169.5,camera_7,lost_track,22
1018,5090,169.667,camera_2,reacquired,27
1018,5090,169.667,camera_2,removed,-1
1018,5090,169.667,camera_5,new_track,39
1018,5090,169.667,camera_5,removed,35
1019,5095,169.833,camera_2,lost_track,27
1019,5095,169.833,camera_2,lost_track,28
1019,5095,169.833,camera_3,removed,-1
1020,5100,170.0,camera_2,removed,-1
1020,5100,170.0,camera_3,new_track,38
1020,5100,170.0,camera_3,removed,34
1020,5100,170.0,camera_4,removed,18
1020,5100,170.0,camera_5,reacquired,38
1020,5100,170.0,camera_5,lost_track,36
1021,5105,170.167,camera_3,lost_track,38
1021,5105,170.167,camera_5,lost_track,38
1023,5115,170.5,camera_3,new_track,39
1024,5120,170.667,camera_2,new_track,30
1024,5120,170.667,camera_4,lost_track,20
1025,5125,170.833,camera_1,removed,-1
1025,5125,170.833,camera_2,removed,-1
1025,5125,170.833,camera_3,new_track,40
1028,5140,171.333,camera_1,removed,-1
1028,5140,171.333,camera_2,removed,25
1029,5145,171.5,camera_2,removed,24
1029,5145,171.5,camera_2,removed,-1
1029,5145,171.5,camera_3,lost_track,40
1029,5145,171.5,camera_3,removed,35
1030,5150,171.667,camera_1,new_track,17
1030,5150,171.667,camera_3,reacquired,40
1031,5155,171.833,camera_1,removed,-1
1031,5155,171.833,camera_2,lost_track,30
1031,5155,171.833,camera_2,removed,-1
1031,5155,171.833,camera_3,lost_track,39
1031,5155,171.833,camera_5,removed,37
1032,5160,172.0,camera_1,lost_track,17
1033,5165,172.167,camera_1,removed,-1
1033,5165,172.167,camera_2,removed,26
1034,5170,172.333,camera_2,removed,-1
1035,5175,172.5,camera_1,removed,-1
1035,5175,172.5,camera_2,removed,23
1035,5175,172.5,camera_3,removed,36
1035,5175,172.5,camera_3,removed,-1
1036,5180,172.667,camera_2,new_track,31
1036,5180,172.667,camera_7,lost_track,18
1037,5185,172.833,camera_3,new_track,41
1037,5185,172.833,camera_3,removed,-1
1038,5190,173.0,camera_5,lost_track,39
1038,5190,173.0,camera_7,new_track,23
1040,5200,173.333,camera_2,new_track,32
1041,5205,173.5,camera_2,removed,-1
1041,5205,173.5,camera_3,new_track,42
1041,5205,173.5,camera_3,lost_track,41
1041,5205,173.5,camera_7,lost_track,23
1042,5210,173.667,camera_2,new_track,33
1042,5210,173.667,camera_7,reacquired,23
1043,5215,173.833,camera_7,lost_track,23
1044,5220,174.0,camera_3,new_track,43
1044,5220,174.0,camera_7,reacquired,23
1045,5225,174.167,camera_2,removed,29
1045,5225,174.167,camera_3,removed,37
1046,5230,174.333,camera_1,removed,-1
1046,5230,174.333,camera_2,lost_track,33
1046,5230,174.333,camera_7,reacquired,22
1046,5230,174.333,camera_7,lost_track,23
1047,5235,174.5,camera_2,lost_track,32
1047,5235,174.5,camera_7,reacquired,23
1048,5240,174.667,camera_2,reacquired,32
1048,5240,174.667,camera_2,reacquired,33
1049,5245,174.833,camera_2,lost_track,33
1049,5245,174.833,camera_2,lost_track,31
1049,5245,174.833,camera_2,removed,27
1049,5245,174.833,camera_2,removed,28
1050,5250,175.0,camera_2,lost_track,32
1050,5250,175.0,camera_5,removed,36
1051,5255,175.167,camera_3,removed,38
1051,5255,175.167,camera_5,removed,38
1052,5260,175.333,camera_1,removed,-1
1052,5260,175.333,camera_2,reacquired,33
1052,5260,175.333,camera_2,removed,-1
1052,5260,175.333,camera_3,lost_track,43
1053,5265,175.5,camera_1,new_track,18
1053,5265,175.5,camera_2,lost_track,33
1054,5270,175.667,camera_2,reacquired,31
1054,5270,175.667,camera_3,reacquired,43
1054,5270,175.667,camera_4,removed,20
1055,5275,175.833,camera_2,reacquired,32
1055,5275,175.833,camera_3,lost_track,43
1056,5280,176.0,camera_1,lost_track,16
1056,5280,176.0,camera_2,lost_track,32
1056,5280,176.0,camera_2,lost_track,31
1056,5280,176.0,camera_3,reacquired,43
1056,5280,176.0,camera_3,lost_track,40
1056,5280,176.0,camera_7,reacquired,18
1056,5280,176.0,camera_7,lost_track,21
1056,5280,176.0,camera_7,lost_track,23
1057,5285,176.167,camera_2,reacquired,31
1057,5285,176.167,camera_2,reacquired,32
1057,5285,176.167,camera_3,new_track,44
1057,5285,176.167,camera_3,reacquired,40
1057,5285,176.167,camera_7,reacquired,21
1058,5290,176.333,camera_1,lost_track,18
1058,5290,176.333,camera_3,lost_track,43
1058,5290,176.333,camera_7,lost_track,22
1059,5295,176.5,camera_2,lost_track,31
1060,5300,176.667,camera_3,lost_track,42
1060,5300,176.667,camera_5,removed,-1
1060,5300,176.667,camera_7,new_track,24
1061,5305,176.833,camera_1,new_track,19
1061,5305,176.833,camera_2,removed,30
1061,5305,176.833,camera_3,reacquired,43
1061,5305,176.833,camera_3,removed,39
1061,5305,176.833,camera_5,new_track,40
1061,5305,176.833,camera_7,new_track,25
1062,5310,177.0,camera_1,removed,17
1062,5310,177.0,camera_3,reacquired,42
1062,5310,177.0,camera_5,lost_track,40
1063,5315,177.167,camera_3,lost_track,40
1063,5315,177.167,camera_3,lost_track,42
1063,5315,177.167,camera_4,new_track,21
1064,5320,177.333,camera_3,reacquired,40
1064,5320,177.333,camera_3,reacquired,42
1064,5320,177.333,camera_5,reacquired,40
1065,5325,177.5,camera_1,lost_track,19
1065,5325,177.5,camera_2,reacquired,31
1065,5325,177.5,camera_3,lost_track,40
1065,5325,177.5,camera_3,lost_track,42
1066,5330,177.667,camera_2,lost_track,32
1066,5330,177.667,camera_3,reacquired,40
1066,5330,177.667,camera_3,lost_track,43
1066,5330,177.667,camera_3,lost_track,44
1067,5335,177.833,camera_1,reacquired,19
1067,5335,177.833,camera_3,lost_track,40
1068,5340,178.0,camera_3,reacquired,40
1068,5340,178.0,camera_3,reacquired,44
1068,5340,178.0,camera_5,new_track,41
1068,5340,178.0,camera_5,removed,39
1068,5340,178.0,camera_7,lost_track,24
1068,5340,178.0,camera_7,lost_track,25
1069,5345,178.167,camera_2,reacquired,32
1069,5345,178.167,camera_2,removed,-1
1069,5345,178.167,camera_3,reacquired,42
1069,5345,178.167,camera_3,lost_track,40
1069,5345,178.167,camera_5,lost_track,41
1070,5350,178.333,camera_5,reacquired,41
1070,5350,178.333,camera_7,reacquired,24
1071,5355,178.5,camera_3,removed,41
1071,5355,178.5,camera_7,reacquired,25
1071,5355,178.5,camera_7,lost_track,24
1072,5360,178.667,camera_2,lost_track,32
1072,5360,178.667,camera_3,reacquired,40
1072,5360,178.667,camera_5,lost_track,41
1073,5365,178.833,camera_5,reacquired,41
1074,5370,179.0,camera_2,lost_track,31
1074,5370,179.0,camera_4,lost_track,21
1074,5370,179.0,camera_6,removed,-1
1075,5375,179.167,camera_1,removed,-1
1075,5375,179.167,camera_2,reacquired,31
1075,5375,179.167,camera_4,reacquired,21
1075,5375,179.167,camera_4,removed,-1
1075,5375,179.167,camera_5,lost_track,40
1075,5375,179.167,camera_6,new_track,35
1076,5380,179.333,camera_2,lost_track,31
1076,5380,179.333,camera_4,new_track,22
1076,5380,179.333,camera_4,lost_track,21
1076,5380,179.333,camera_6,new_track,36
1077,5385,179.5,camera_2,reacquired,31
1077,5385,179.5,camera_4,new_track,23
1077,5385,179.5,camera_6,lost_track,36
1077,5385,179.5,camera_7,lost_track,25
1078,5390,179.667,camera_2,lost_track,31
1078,5390,179.667,camera_2,removed,-1
1078,5390,179.667,camera_3,lost_track,40
1078,5390,179.667,camera_3,lost_track,44
1078,5390,179.667,camera_5,lost_track,41
1078,5390,179.667,camera_7,removed,-1
1079,5395,179.833,camera_2,reacquired,31
1079,5395,179.833,camera_3,reacquired,40
1079,5395,179.833,camera_7,new_track,26
1080,5400,180.0,camera_3,lost_track,42
1080,5400,180.0,camera_4,lost_track,22
1081,5405,180.167,camera_2,removed,-1
1081,5405,180.167,camera_3,reacquired,42
1081,5405,180.167,camera_3,lost_track,40
1081,5405,180.167,camera_4,removed,-1
1081,5405,180.167,camera_6,new_track,37
1082,5410,180.333,camera_3,reacquired,44
1082,5410,180.333,camera_3,removed,-1
1082,5410,180.333,camera_7,lost_track,18
1083,5415,180.5,camera_2,removed,33
1083,5415,180.5,camera_3,lost_track,42
1083,5415,180.5,camera_4,removed,-1
1083,5415,180.5,camera_6,reacquired,36
1083,5415,180.5,camera_7,reacquired,18
1083,5415,180.5,camera_7,lost_track,26
1084,5420,180.667,camera_2,new_track,34
1084,5420,180.667,camera_3,reacquired,42
1084,5420,180.667,camera_3,lost_track,44
1084,5420,180.667,camera_5,removed,-1
1085,5425,180.833,camera_1,lost_track,19
1085,5425,180.833,camera_2,new_track,35
1085,5425,180.833,camera_2,lost_track,34
1085,5425,180.833,camera_2,lost_track,31
1085,5425,180.833,camera_7,lost_track,18
1086,5430,181.0,camera_1,reacquired,19
1086,5430,181.0,camera_1,removed,16
1086,5430,181.0,camera_1,removed,-1
1086,5430,181.0,camera_2,reacquired,34
1086,5430,181.0,camera_2,lost_track,35
1086,5430,181.0,camera_7,removed,23
1087,5435,181.167,camera_1,new_track,20
1087,5435,181.167,camera_3,reacquired,40
1087,5435,181.167,camera_3,removed,-1
1087,5435,181.167,camera_4,lost_track,23
1087,5435,181.167,camera_6,lost_track,35
1087,5435,181.167,camera_6,lost_track,36
1087,5435,181.167,camera_7,reacquired,18
1088,5440,181.333,camera_1,removed,18
1088,5440,181.333,camera_3,lost_track,42
1088,5440,181.333,camera_4,reacquired,23
1088,5440,181.333,camera_6,reacquired,35
1088,5440,181.333,camera_7,lost_track,18
1088,5440,181.333,camera_7,removed,22
1089,5445,181.5,camera_5,removed,-1
1090,5450,181.667,camera_2,lost_track,34
1090,5450,181.667,camera_6,lost_track,35
1090,5450,181.667,camera_6,removed,-1
1091,5455,181.833,camera_2,removed,-1
1091,5455,181.833,camera_3,new_track,45
1091,5455,181.833,camera_3,reacquired,44
1091,5455,181.833,camera_6,reacquired,36
1091,5455,181.833,camera_7,lost_track,21
1092,5460,182.0,camera_3,lost_track,44
1093,5465,182.167,camera_1,removed,-1
1093,5465,182.167,camera_3,lost_track,45
1093,5465,182.167,camera_6,lost_track,36
1094,5470,182.333,camera_3,new_track,46
1094,5470,182.333,camera_3,reacquired,44
1094,5470,182.333,camera_4,lost_track,23
1095,5475,182.5,camera_2,new_track,36
1095,5475,182.5,camera_3,removed,-1
1095,5475,182.5,camera_5,new_track,42
1096,5480,182.667,camera_3,removed,43
1096,5480,182.667,camera_4,new_track,24
1097,5485,182.833,camera_5,new_track,43
1097,5485,182.833,camera_6,lost_track,37
1097,5485,182.833,camera_7,new_track,27
1098,5490,183.0,camera_1,lost_track,19
1098,5490,183.0,camera_3,lost_track,40
1099,5495,183.167,camera_5,lost_track,43
1099,5495,183.167,camera_6,removed,-1
1101,5505,183.5,camera_2,lost_track,36
1101,5505,183.5,camera_6,reacquired,37
1101,5505,183.5,camera_7,removed,24
1102,5510,183.667,camera_2,removed,32
1102,5510,183.667,camera_5,lost_track,42
1102,5510,183.667,camera_7,lost_track,27
1103,5515,183.833,camera_2,reacquired,36
1103,5515,183.833,camera_3,lost_track,46
1103,5515,183.833,camera_5,new_track,44
1104,5520,184.0,camera_3,lost_track,44
1105,5525,184.167,camera_3,reacquired,42
1105,5525,184.167,camera_3,reacquired,44
1105,5525,184.167,camera_5,removed,40
1105,5525,184.167,camera_7,reacquired,27
1106,5530,184.333,camera_1,new_track,21
1106,5530,184.333,camera_2,new_track,37
1106,5530,184.333,camera_3,reacquired,46
1106,5530,184.333,camera_4,removed,21
1106,5530,184.333,camera_5,lost_track,44
1107,5535,184.5,camera_7,removed,25
1108,5540,184.667,camera_3,lost_track,42
1108,5540,184.667,camera_3,lost_track,44
1108,5540,184.667,camera_5,removed,41
1109,5545,184.833,camera_2,lost_track,37
1109,5545,184.833,camera_3,reacquired,42
1109,5545,184.833,camera_3,lost_track,46
1109,5545,184.833,camera_3,removed,-1
1109,5545,184.833,camera_5,reacquired,44
1109,5545,184.833,camera_6,lost_track,37
1110,5550,185.0,camera_4,removed,22
1110,5550,185.0,camera_5,new_track,45
1111,5555,185.167,camera_2,reacquired,37
1111,5555,185.167,camera_5,lost_track,44
1111,5555,185.167,camera_7,lost_track,27
1112,5560,185.333,camera_2,lost_track,36
1112,5560,185.333,camera_3,reacquired,40
1112,5560,185.333,camera_3,reacquired,44
1113,5565,185.5,camera_2,reacquired,36
1113,5565,185.5,camera_3,lost_track,40
1113,5565,185.5,camera_3,lost_track,42
1113,5565,185.5,camera_5,reacquired,44
1113,5565,185.5,camera_7,removed,26
1114,5570,185.667,camera_3,reacquired,42
1114,5570,185.667,camera_3,lost_track,44
1114,5570,185.667,camera_5,lost_track,44
1115,5575,185.833,camera_2,lost_track,36
1115,5575,185.833,camera_2,lost_track,37
1115,5575,185.833,camera_2,removed,31
1115,5575,185.833,camera_4,lost_track,24
1115,5575,185.833,camera_5,removed,-1
1116,5580,186.0,camera_2,reacquired,36
1116,5580,186.0,camera_2,removed,35
1116,5580,186.0,camera_3,reacquired,44
1116,5580,186.0,camera_5,new_track,46
1116,5580,186.0,camera_5,reacquired,44
1117,5585,186.167,camera_3,lost_track,44
1117,5585,186.167,camera_4,removed,-1
1117,5585,186.167,camera_5,lost_track,44
1117,5585,186.167,camera_5,lost_track,46
1118,5590,186.333,camera_3,lost_track,42
1118,5590,186.333,camera_5,removed,-1
1118,5590,186.333,camera_7,removed,18
1119,5595,186.5,camera_2,reacquired,37
1119,5595,186.5,camera_3,reacquired,40
1119,5595,186.5,camera_3,reacquired,42
1120,5600,186.667,camera_2,lost_track,36
1120,5600,186.667,camera_2,lost_track,37
1120,5600,186.667,camera_2,removed,34
1120,5600,186.667,camera_3,lost_track,40
1120,5600,186.667,camera_3,lost_track,42
1120,5600,186.667,camera_5,reacquired,46
1120,5600,186.667,camera_5,lost_track,45
1120,5600,186.667,camera_6,removed,35
1120,5600,186.667,camera_7,new_track,28
1121,5605,186.833,camera_2,reacquired,36
1121,5605,186.833,camera_7,removed,21
1122,5610,187.0,camera_3,removed,-1
1122,5610,187.0,camera_5,reacquired,44
1123,5615,187.167,camera_3,reacquired,40
1123,5615,187.167,camera_3,removed,45
1123,5615,187.167,camera_5,lost_track,44
1123,5615,187.167,camera_5,removed,-1
1123,5615,187.167,camera_6,removed,36
1124,5620,187.333,camera_3,new_track,47
1124,5620,187.333,camera_4,removed,23
1125,5625,187.5,camera_2,reacquired,37
1125,5625,187.5,camera_2,removed,-1
1125,5625,187.5,camera_3,lost_track,40
1125,5625,187.5,camera_4,new_track,25
1125,5625,187.5,camera_5,new_track,47
1126,5630,187.667,camera_1,lost_track,20
1126,5630,187.667,camera_3,lost_track,47
1126,5630,187.667,camera_4,lost_track,25
1127,5635,187.833,camera_1,reacquired,20
1127,5635,187.833,camera_2,new_track,38
1127,5635,187.833,camera_2,lost_track,37
1127,5635,187.833,camera_4,new_track,26
1128,5640,188.0,camera_1,removed,19
1128,5640,188.0,camera_4,lost_track,26
1129,5645,188.167,camera_2,reacquired,37
1129,5645,188.167,camera_2,lost_track,38
1129,5645,188.167,camera_5,removed,43
1131,5655,188.5,camera_2,lost_track,37
1132,5660,188.667,camera_5,removed,42
1133,5665,188.833,camera_2,reacquired,37
1133,5665,188.833,camera_3,removed,-1
1133,5665,188.833,camera_4,reacquired,25
1133,5665,188.833,camera_4,removed,-1
1133,5665,188.833,camera_5,new_track,48
1134,5670,189.0,camera_5,lost_track,48
1135,5675,189.167,camera_2,new_track,39
1135,5675,189.167,camera_3,new_track,48
1136,5680,189.333,camera_2,lost_track,37
1136,5680,189.333,camera_2,removed,-1
1137,5685,189.5,camera_2,lost_track,39
1137,5685,189.5,camera_3,removed,-1
1138,5690,189.667,camera_1,lost_track,21
1138,5690,189.667,camera_2,reacquired,39
1138,5690,189.667,camera_2,removed,-1
1138,5690,189.667,camera_5,lost_track,46
1139,5695,189.833,camera_2,lost_track,39
1139,5695,189.833,camera_3,removed,46
1139,5695,189.833,camera_6,removed,37
1140,5700,190.0,camera_2,lost_track,36
1140,5700,190.0,camera_3,lost_track,48
1141,5705,190.167,camera_1,removed,-1
1141,5705,190.167,camera_3,new_track,49
1141,5705,190.167,camera_3,reacquired,48
1141,5705,190.167,camera_4,reacquired,26
1141,5705,190.167,camera_4,removed,-1
1141,5705,190.167,camera_7,removed,27
1142,5710,190.333,camera_1,reacquired,21
1142,5710,190.333,camera_2,reacquired,36
1142,5710,190.333,camera_2,removed,-1
1142,5710,190.333,camera_3,lost_track,48
1143,5715,190.5,camera_1,removed,-1
1143,5715,190.5,camera_2,lost_track,36
1144,5720,190.667,camera_2,reacquired,37
1144,5720,190.667,camera_4,lost_track,26
1145,5725,190.833,camera_3,new_track,50
1145,5725,190.833,camera_3,removed,-1
1145,5725,190.833,camera_4,removed,24
1146,5730,191.0,camera_2,lost_track,37
1146,5730,191.0,camera_2,removed,-1
1146,5730,191.0,camera_3,reacquired,48
1147,5735,191.167,camera_2,reacquired,37
1147,5735,191.167,camera_2,reacquired,39
1147,5735,191.167,camera_3,removed,44
1148,5740,191.333,camera_1,new_track,22
1148,5740,191.333,camera_3,lost_track,50
1148,5740,191.333,camera_5,reacquired,46
1149,5745,191.5,camera_1,lost_track,22
1149,5745,191.5,camera_5,lost_track,46
1150,5750,191.667,camera_1,reacquired,22
1150,5750,191.667,camera_1,lost_track,21
1150,5750,191.667,camera_3,lost_track,49
1150,5750,191.667,camera_3,removed,42
1150,5750,191.667,camera_5,reacquired,46
1150,5750,191.667,camera_5,removed,45
1153,5765,192.167,camera_2,lost_track,37
1153,5765,192.167,camera_2,lost_track,39
1153,5765,192.167,camera_3,reacquired,49
1153,5765,192.167,camera_3,lost_track,48
1153,5765,192.167,camera_5,lost_track,46
1153,5765,192.167,camera_5,removed,44
1154,5770,192.333,camera_2,reacquired,37
1154,5770,192.333,camera_5,lost_track,47
1155,5775,192.5,camera_2,lost_track,37
1155,5775,192.5,camera_3,reacquired,48
1155,5775,192.5,camera_3,removed,40
1156,5780,192.667,camera_3,removed,47
1157,5785,192.833,camera_3,lost_track,49
1157,5785,192.833,camera_5,new_track,49
1158,5790,193.0,camera_7,lost_track,28
1159,5795,193.167,camera_1,reacquired,21
1159,5795,193.167,camera_2,removed,38
1159,5795,193.167,camera_3,reacquired,49
1160,5800,193.333,camera_1,lost_track,22
1160,5800,193.333,camera_2,new_track,40
1160,5800,193.333,camera_3,lost_track,48
1161,5805,193.5,camera_1,reacquired,22
1161,5805,193.5,camera_2,reacquired,37
1161,5805,193.5,camera_2,removed,-1
1162,5810,193.667,camera_6,new_track,38
1163,5815,193.833,camera_2,lost_track,40
1164,5820,194.0,camera_2,lost_track,37
1164,5820,194.0,camera_5,new_track,50
1164,5820,194.0,camera_5,removed,48
1164,5820,194.0,camera_6,new_track,39
1165,5825,194.167,camera_2,reacquired,40
1165,5825,194.167,camera_3,lost_track,49
1166,5830,194.333,camera_2,lost_track,40
1166,5830,194.333,camera_3,reacquired,49
1166,5830,194.333,camera_6,lost_track,38
1166,5830,194.333,camera_6,lost_track,39
1167,5835,194.5,camera_1,lost_track,22
1167,5835,194.5,camera_4,lost_track,25
1167,5835,194.5,camera_5,lost_track,49
1167,5835,194.5,camera_6,reacquired,38
1168,5840,194.667,camera_2,new_track,41
1168,5840,194.667,camera_5,removed,-1
1168,5840,194.667,camera_6,lost_track,38
1169,5845,194.833,camera_2,lost_track,41
1169,5845,194.833,camera_3,lost_track,49
1169,5845,194.833,camera_6,reacquired,38
1170,5850,195.0,camera_1,lost_track,21
1170,5850,195.0,camera_1,removed,-1
1170,5850,195.0,camera_2,removed,-1
1170,5850,195.0,camera_3,new_track,51
1171,5855,195.167,camera_1,new_track,23
1171,5855,195.167,camera_3,lost_track,51
1171,5855,195.167,camera_6,lost_track,38
1172,5860,195.333,camera_5,new_track,51
1172,5860,195.333,camera_5,lost_track,50
1172,5860,195.333,camera_6,reacquired,38
1173,5865,195.5,camera_2,reacquired,41
1173,5865,195.5,camera_2,removed,36
1173,5865,195.5,camera_4,new_track,27
1174,5870,195.667,camera_2,lost_track,41
1174,5870,195.667,camera_4,removed,26
1174,5870,195.667,camera_5,removed,-1
1174,5870,195.667,camera_6,lost_track,38
1175,5875,195.833,camera_5,lost_track,51
1175,5875,195.833,camera_6,reacquired,38
1176,5880,196.0,camera_1,reacquired,22
1176,5880,196.0,camera_3,new_track,52
1176,5880,196.0,camera_5,reacquired,50
1176,5880,196.0,camera_5,reacquired,51
1176,5880,196.0,camera_5,removed,-1
1176,5880,196.0,camera_6,lost_track,38
1177,5885,196.167,camera_1,lost_track,22
1177,5885,196.167,camera_5,lost_track,50
1178,5890,196.333,camera_3,removed,50
1178,5890,196.333,camera_5,lost_track,51
1178,5890,196.333,camera_5,removed,-1
1180,5900,196.667,camera_1,reacquired,22
1180,5900,196.667,camera_1,lost_track,23
1180,5900,196.667,camera_2,reacquired,41
1180,5900,196.667,camera_5,removed,-1
1181,5905,196.833,camera_1,reacquired,23
1181,5905,196.833,camera_1,lost_track,22
1181,5905,196.833,camera_2,lost_track,41
1182,5910,197.0,camera_1,reacquired,22
1182,5910,197.0,camera_2,reacquired,41
1182,5910,197.0,camera_3,lost_track,52
1183,5915,197.167,camera_1,reacquired,21
1183,5915,197.167,camera_2,removed,39
1183,5915,197.167,camera_5,removed,46
1184,5920,197.333,camera_1,lost_track,21
1184,5920,197.333,camera_5,removed,47
1185,5925,197.5,camera_2,lost_track,41
1186,5930,197.667,camera_1,lost_track,22
1186,5930,197.667,camera_1,removed,-1
1186,5930,197.667,camera_3,removed,-1
1186,5930,197.667,camera_5,removed,-1
1187,5935,197.833,camera_1,reacquired,22
1188,5940,198.0,camera_1,removed,-1
1188,5940,198.0,camera_3,removed,-1
1188,5940,198.0,camera_5,new_track,52
1188,5940,198.0,camera_7,removed,28
1190,5950,198.333,camera_2,removed,-1
1190,5950,198.333,camera_3,new_track,53
1190,5950,198.333,camera_3,removed,48
1190,5950,198.333,camera_5,removed,-1
1191,5955,198.5,camera_1,new_track,24
1192,5960,198.667,camera_1,lost_track,24
1192,5960,198.667,camera_2,new_track,42
1193,5965,198.833,camera_1,lost_track,22
1193,5965,198.833,camera_3,lost_track,53
1193,5965,198.833,camera_4,removed,-1
1193,5965,198.833,camera_5,new_track,53
1193,5965,198.833,camera_5,lost_track,52
1194,5970,199.0,camera_2,lost_track,42
1194,5970,199.0,camera_2,removed,37
1194,5970,199.0,camera_3,reacquired,53
1196,5980,199.333,camera_2,removed,40
1196,5980,199.333,camera_5,removed,-1
1196,5980,199.333,camera_6,removed,39
1197,5985,199.5,camera_4,removed,25
1197,5985,199.5,camera_5,removed,49
1199,5995,199.833,camera_1,reacquired,22
1199,5995,199.833,camera_2,new_track,43
1199,5995,199.833,camera_3,removed,49
1199,5995,199.833,camera_5,lost_track,53
1200,6000,200.0,camera_1,lost_track,22
1200,6000,200.0,camera_2,lost_track,43
1200,6000,200.0,camera_3,new_track,54
1200,6000,200.0,camera_4,new_track,28
1201,6005,200.167,camera_2,reacquired,43
1201,6005,200.167,camera_3,removed,51
1201,6005,200.167,camera_4,lost_track,28
1201,6005,200.167,camera_5,reacquired,53
1202,6010,200.333,camera_4,reacquired,28
1202,6010,200.333,camera_5,new_track,54
1202,6010,200.333,camera_5,lost_track,53
1203,6015,200.5,camera_3,lost_track,54
1204,6020,200.667,camera_1,lost_track,23
1204,6020,200.667,camera_3,reacquired,54
1204,6020,200.667,camera_4,lost_track,27
1205,6025,200.833,camera_5,lost_track,54
1206,6030,201.0,camera_1,reacquired,23
1206,6030,201.0,camera_2,lost_track,43
1206,6030,201.0,camera_6,removed,38
1207,6035,201.167,camera_2,reacquired,43
1207,6035,201.167,camera_5,removed,50
1208,6040,201.333,camera_2,lost_track,43
1208,6040,201.333,camera_5,removed,51
1209,6045,201.5,camera_2,new_track,44
1209,6045,201.5,camera_5,new_track,55
1210,6050,201.667,camera_3,lost_track,54
1211,6055,201.833,camera_3,removed,-1
1211,6055,201.833,camera_6,new_track,40
1212,6060,202.0,camera_1,lost_track,23
1212,6060,202.0,camera_3,removed,52
1212,6060,202.0,camera_4,lost_track,28
1212,6060,202.0,camera_5,lost_track,55
1213,6065,202.167,camera_1,reacquired,23
1213,6065,202.167,camera_1,removed,-1
1213,6065,202.167,camera_4,removed,-1
1213,6065,202.167,camera_5,reacquired,53
1213,6065,202.167,camera_5,removed,-1
1214,6070,202.333,camera_1,lost_track,23
1214,6070,202.333,camera_1,removed,21
1214,6070,202.333,camera_3,removed,-1
1214,6070,202.333,camera_4,new_track,29
1215,6075,202.5,camera_1,reacquired,23
1215,6075,202.5,camera_1,removed,-1
1215,6075,202.5,camera_2,removed,41
1215,6075,202.5,camera_3,new_track,55
1216,6080,202.667,camera_4,lost_track,29
1216,6080,202.667,camera_6,lost_track,40
1217,6085,202.833,camera_1,new_track,25
1217,6085,202.833,camera_4,new_track,30
1217,6085,202.833,camera_6,removed,-1
1218,6090,203.0,camera_1,lost_track,23
1218,6090,203.0,camera_6,reacquired,40
1219,6095,203.167,camera_1,reacquired,23
1219,6095,203.167,camera_6,new_track,41
1220,6100,203.333,camera_1,reacquired,24
1220,6100,203.333,camera_1,lost_track,23
1220,6100,203.333,camera_2,removed,-1
1220,6100,203.333,camera_5,lost_track,53
1220,6100,203.333,camera_6,lost_track,41
1221,6105,203.5,camera_1,reacquired,23
1221,6105,203.5,camera_1,lost_track,24
1221,6105,203.5,camera_2,lost_track,44
1221,6105,203.5,camera_5,new_track,56
1222,6110,203.667,camera_1,reacquired,24
1222,6110,203.667,camera_2,new_track,45
1222,6110,203.667,camera_6,new_track,42
1222,6110,203.667,camera_6,reacquired,41
1223,6115,203.833,camera_1,lost_track,24
1223,6115,203.833,camera_5,removed,52
1223,6115,203.833,camera_6,lost_track,40
1224,6120,204.0,camera_1,lost_track,23
1224,6120,204.0,camera_2,removed,42
1224,6120,204.0,camera_3,lost_track,53
1224,6120,204.0,camera_6,lost_track,42
1224,6120,204.0,camera_6,removed,-1
1225,6125,204.167,camera_1,reacquired,24
1225,6125,204.167,camera_6,lost_track,41
1226,6130,204.333,camera_1,reacquired,23
1226,6130,204.333,camera_1,lost_track,24
1226,6130,204.333,camera_3,new_track,56
1226,6130,204.333,camera_6,reacquired,41
1226,6130,204.333,camera_6,removed,-1
1227,6135,204.5,camera_1,lost_track,23
1228,6140,204.667,camera_1,reacquired,23
1228,6140,204.667,camera_7,removed,-1
1229,6145,204.833,camera_3,reacquired,54
1230,6150,205.0,camera_1,removed,22
1231,6155,205.167,camera_1,lost_track,23
1231,6155,205.167,camera_3,lost_track,56
1231,6155,205.167,camera_4,lost_track,30
1232,6160,205.333,camera_1,removed,-1
1232,6160,205.333,camera_7,new_track,29
1234,6170,205.667,camera_4,removed,27
1234,6170,205.667,camera_7,lost_track,29
1235,6175,205.833,camera_5,removed,54
1235,6175,205.833,camera_6,lost_track,41
1235,6175,205.833,camera_7,new_track,30
1237,6185,206.167,camera_7,lost_track,30
1238,6190,206.333,camera_2,removed,43
1238,6190,206.333,camera_3,lost_track,55
1238,6190,206.333,camera_6,removed,-1
1238,6190,206.333,camera_7,removed,-1
1241,6205,206.833,camera_2,lost_track,45
1241,6205,206.833,camera_6,removed,-1
1242,6210,207.0,camera_3,reacquired,56
1242,6210,207.0,camera_4,removed,28
1242,6210,207.0,camera_5,removed,55
1244,6220,207.333,camera_3,lost_track,56
1244,6220,207.333,camera_6,new_track,43
1245,6225,207.5,camera_1,new_track,26
1245,6225,207.5,camera_3,new_track,57
1245,6225,207.5,camera_3,reacquired,56
1246,6230,207.667,camera_1,removed,-1
1246,6230,207.667,camera_4,removed,29
1246,6230,207.667,camera_6,lost_track,43
1247,6235,207.833,camera_3,lost_track,56
1247,6235,207.833,camera_6,reacquired,41
1248,6240,208.0,camera_3,lost_track,54
1249,6245,208.167,camera_3,reacquired,54
1250,6250,208.333,camera_5,removed,53
1251,6255,208.5,camera_2,removed,44
1251,6255,208.5,camera_6,lost_track,41
1251,6255,208.5,camera_6,removed,-1
1252,6260,208.667,camera_3,lost_track,54
1253,6265,208.833,camera_1,reacquired,23
1253,6265,208.833,camera_3,reacquired,54
1253,6265,208.833,camera_3,lost_track,57
1253,6265,208.833,camera_6,new_track,44
1253,6265,208.833,camera_6,removed,40
1254,6270,209.0,camera_1,lost_track,23
1254,6270,209.0,camera_3,reacquired,57
1254,6270,209.0,camera_3,removed,53
1254,6270,209.0,camera_6,lost_track,44
1254,6270,209.0,camera_6,removed,42
1255,6275,209.167,camera_7,reacquired,30
1255,6275,209.167,camera_7,removed,-1
1256,6280,209.333,camera_1,removed,24
1256,6280,209.333,camera_6,reacquired,44
1257,6285,209.5,camera_6,lost_track,44
1258,6290,209.667,camera_3,lost_track,57
1258,6290,209.667,camera_6,new_track,45
1258,6290,209.667,camera_6,reacquired,44
1258,6290,209.667,camera_7,reacquired,29
1258,6290,209.667,camera_7,lost_track,30
1259,6295,209.833,camera_3,lost_track,54
1260,6300,210.0,camera_3,reacquired,54
1260,6300,210.0,camera_7,lost_track,29
1261,6305,210.167,camera_3,reacquired,57
1261,6305,210.167,camera_3,lost_track,54
1261,6305,210.167,camera_4,removed,30
1261,6305,210.167,camera_7,removed,-1
1262,6310,210.333,camera_3,lost_track,57
1262,6310,210.333,camera_7,new_track,31
1263,6315,210.5,camera_6,removed,-1
1264,6320,210.667,camera_3,reacquired,56
1265,6325,210.833,camera_3,lost_track,56
1265,6325,210.833,camera_6,removed,-1
1265,6325,210.833,camera_7,lost_track,31
1266,6330,211.0,camera_3,new_track,58
1266,6330,211.0,camera_3,new_track,59
1266,6330,211.0,camera_3,reacquired,56
1266,6330,211.0,camera_6,lost_track,45
1266,6330,211.0,camera_7,reacquired,31
1267,6335,211.167,camera_3,lost_track,58
1267,6335,211.167,camera_3,lost_track,59
1267,6335,211.167,camera_6,removed,-1
1267,6335,211.167,camera_7,lost_track,31
1268,6340,211.333,camera_2,new_track,46
1268,6340,211.333,camera_3,new_track,60
1268,6340,211.333,camera_3,reacquired,59
1268,6340,211.333,camera_3,removed,55
1268,6340,211.333,camera_7,reacquired,31
1269,6345,211.5,camera_3,lost_track,56
1269,6345,211.5,camera_6,removed,-1
1269,6345,211.5,camera_7,lost_track,31
1270,6350,211.667,camera_3,lost_track,59
1270,6350,211.667,camera_3,lost_track,60
1270,6350,211.667,camera_3,removed,-1
1270,6350,211.667,camera_6,new_track,46
1270,6350,211.667,camera_6,lost_track,44
1271,6355,211.833,camera_2,removed,45
1271,6355,211.833,camera_3,new_track,61
1271,6355,211.833,camera_3,reacquired,57
1271,6355,211.833,camera_3,reacquired,59
1271,6355,211.833,camera_6,lost_track,46
1272,6360,212.0,camera_6,reacquired,46
1272,6360,212.0,camera_6,removed,-1
1273,6365,212.167,camera_3,lost_track,61
1273,6365,212.167,camera_6,lost_track,46
1275,6375,212.5,camera_3,lost_track,57
1275,6375,212.5,camera_3,lost_track,59
1275,6375,212.5,camera_3,removed,-1
1275,6375,212.5,camera_6,new_track,47
1276,6380,212.667,camera_5,lost_track,56
1276,6380,212.667,camera_6,new_track,48
1276,6380,212.667,camera_6,removed,43
1277,6385,212.833,camera_6,new_track,49
1278,6390,213.0,camera_5,reacquired,56
1279,6395,213.167,camera_3,new_track,62
1279,6395,213.167,camera_3,reacquired,57
1279,6395,213.167,camera_6,lost_track,48
1279,6395,213.167,camera_6,lost_track,49
1280,6400,213.333,camera_3,lost_track,57
1280,6400,213.333,camera_6,reacquired,48
1281,6405,213.5,camera_4,removed,-1
1281,6405,213.5,camera_6,reacquired,44
1281,6405,213.5,camera_6,removed,41
1282,6410,213.667,camera_5,lost_track,56
1283,6415,213.833,camera_5,reacquired,56
1283,6415,213.833,camera_6,lost_track,44
1284,6420,214.0,camera_1,removed,23
1284,6420,214.0,camera_3,reacquired,57
1284,6420,214.0,camera_5,lost_track,56
1284,6420,214.0,camera_6,lost_track,47
1285,6425,214.167,camera_3,lost_track,57
1285,6425,214.167,camera_6,reacquired,44
1285,6425,214.167,camera_6,reacquired,47
1286,6430,214.333,camera_3,reacquired,57
1286,6430,214.333,camera_6,lost_track,44
1287,6435,214.5,camera_6,lost_track,48
1287,6435,214.5,camera_6,lost_track,47
1288,6440,214.667,camera_2,lost_track,46
1288,6440,214.667,camera_2,removed,-1
1288,6440,214.667,camera_6,reacquired,48
1288,6440,214.667,camera_7,removed,30
1289,6445,214.833,camera_3,reacquired,61
1289,6445,214.833,camera_3,lost_track,62
1289,6445,214.833,camera_6,lost_track,48
1290,6450,215.0,camera_2,new_track,47
1290,6450,215.0,camera_3,lost_track,57
1290,6450,215.0,camera_5,new_track,57
1290,6450,215.0,camera_7,removed,29
1291,6455,215.167,camera_3,reacquired,57
1291,6455,215.167,camera_3,removed,54
1291,6455,215.167,camera_5,new_track,58
1291,6455,215.167,camera_5,lost_track,57
1292,6460,215.333,camera_6,new_track,50
1292,6460,215.333,camera_6,reacquired,46
1293,6465,215.5,camera_3,lost_track,57
1293,6465,215.5,camera_3,lost_track,61
1293,6465,215.5,camera_6,lost_track,50
1294,6470,215.667,camera_3,reacquired,57
1294,6470,215.667,camera_5,lost_track,58
1294,6470,215.667,camera_6,lost_track,46
1295,6475,215.833,camera_3,lost_track,57
1295,6475,215.833,camera_5,reacquired,58
1296,6480,216.0,camera_6,reacquired,46
1296,6480,216.0,camera_6,removed,45
1297,6485,216.167,camera_3,removed,58
1297,6485,216.167,camera_6,reacquired,50
1297,6485,216.167,camera_7,removed,-1
1298,6490,216.333,camera_3,reacquired,57
1298,6490,216.333,camera_3,removed,-1
1298,6490,216.333,camera_5,lost_track,58
1298,6490,216.333,camera_6,lost_track,50
1298,6490,216.333,camera_6,lost_track,46
1299,6495,216.5,camera_3,lost_track,57
1299,6495,216.5,camera_3,removed,56
1299,6495,216.5,camera_5,reacquired,58
1299,6495,216.5,camera_6,reacquired,47
1299,6495,216.5,camera_7,removed,-1
1299,6495,216.5,camera_7,removed,31
1300,6500,216.667,camera_3,removed,60
1300,6500,216.667,camera_6,reacquired,50
1301,6505,216.833,camera_1,lost_track,26
1301,6505,216.833,camera_1,removed,-1
1301,6505,216.833,camera_3,reacquired,57
1301,6505,216.833,camera_5,lost_track,58
1301,6505,216.833,camera_6,lost_track,50
1301,6505,216.833,camera_7,new_track,32
1302,6510,217.0,camera_1,reacquired,26
1302,6510,217.0,camera_3,lost_track,57
1303,6515,217.167,camera_1,lost_track,20
1303,6515,217.167,camera_2,lost_track,47
1303,6515,217.167,camera_3,removed,-1
1303,6515,217.167,camera_7,lost_track,32
1304,6520,217.333,camera_1,lost_track,26
1304,6520,217.333,camera_5,new_track,59
1304,6520,217.333,camera_6,lost_track,47
1305,6525,217.5,camera_1,reacquired,20
1305,6525,217.5,camera_3,new_track,64
1305,6525,217.5,camera_3,new_track,63
1305,6525,217.5,camera_3,removed,59
1305,6525,217.5,camera_6,reacquired,47
1306,6530,217.667,camera_1,reacquired,26
1306,6530,217.667,camera_3,new_track,65
1306,6530,217.667,camera_3,removed,-1
1306,6530,217.667,camera_6,removed,-1
1308,6540,218.0,camera_1,new_track,27
1308,6540,218.0,camera_1,lost_track,26
1309,6545,218.167,camera_1,reacquired,26
1309,6545,218.167,camera_1,lost_track,27
1309,6545,218.167,camera_1,lost_track,20
1309,6545,218.167,camera_3,new_track,66
1309,6545,218.167,camera_3,lost_track,65
1309,6545,218.167,camera_6,removed,49
1310,6550,218.333,camera_1,lost_track,26
1310,6550,218.333,camera_3,reacquired,65
1311,6555,218.5,camera_1,reacquired,26
1311,6555,218.5,camera_3,lost_track,64
1311,6555,218.5,camera_3,lost_track,66
1311,6555,218.5,camera_5,removed,-1
1312,6560,218.667,camera_3,new_track,67
1314,6570,219.0,camera_3,reacquired,64
1314,6570,219.0,camera_3,removed,-1
1314,6570,219.0,camera_5,removed,56
1315,6575,219.167,camera_1,lost_track,26
1315,6575,219.167,camera_6,lost_track,47
1316,6580,219.333,camera_1,reacquired,26
1316,6580,219.333,camera_1,removed,-1
1316,6580,219.333,camera_6,removed,44
1316,6580,219.333,camera_7,reacquired,32
1317,6585,219.5,camera_1,lost_track,26
1318,6590,219.667,camera_2,removed,46
1318,6590,219.667,camera_6,removed,-1
1318,6590,219.667,camera_7,lost_track,32
1319,6595,219.833,camera_2,new_track,48
1319,6595,219.833,camera_2,removed,-1
1319,6595,219.833,camera_3,removed,62
1319,6595,219.833,camera_3,removed,-1
1319,6595,219.833,camera_6,removed,48
1320,6600,220.0,camera_2,new_track,49
1321,6605,220.167,camera_3,lost_track,67
1321,6605,220.167,camera_5,removed,57
1321,6605,220.167,camera_6,new_track,51
1321,6605,220.167,camera_6,new_track,52
1322,6610,220.333,camera_1,reacquired,26
1322,6610,220.333,camera_1,removed,-1
1323,6615,220.5,camera_2,lost_track,49
1323,6615,220.5,camera_3,lost_track,65
1323,6615,220.5,camera_3,lost_track,63
1323,6615,220.5,camera_3,removed,61
1323,6615,220.5,camera_6,lost_track,51
1324,6620,220.667,camera_3,new_track,68
1324,6620,220.667,camera_3,reacquired,63
1324,6620,220.667,camera_4,new_track,31
1324,6620,220.667,camera_6,lost_track,52
1324,6620,220.667,camera_7,new_track,33
1326,6630,221.0,camera_3,reacquired,65
1328,6640,221.333,camera_1,reacquired,27
1328,6640,221.333,camera_1,lost_track,25
1328,6640,221.333,camera_1,lost_track,26
1328,6640,221.333,camera_3,lost_track,65
1328,6640,221.333,camera_4,lost_track,31
1328,6640,221.333,camera_6,removed,46
1329,6645,221.5,camera_1,reacquired,26
1329,6645,221.5,camera_4,new_track,32
1329,6645,221.5,camera_5,lost_track,59
1330,6650,221.667,camera_3,lost_track,63
1330,6650,221.667,camera_4,lost_track,32
1331,6655,221.833,camera_1,reacquired,25
1331,6655,221.833,camera_1,lost_track,27
1331,6655,221.833,camera_2,lost_track,48
1331,6655,221.833,camera_3,removed,-1
1331,6655,221.833,camera_4,removed,-1
1331,6655,221.833,camera_5,removed,58
1331,6655,221.833,camera_6,removed,50
1331,6655,221.833,camera_6,removed,-1
1332,6660,222.0,camera_1,lost_track,26
1332,6660,222.0,camera_3,removed,57
1332,6660,222.0,camera_4,new_track,33
1332,6660,222.0,camera_4,new_track,34
1333,6665,222.167,camera_1,reacquired,26
1333,6665,222.167,camera_2,removed,47
1333,6665,222.167,camera_3,lost_track,64
1333,6665,222.167,camera_5,new_track,60
1333,6665,222.167,camera_5,removed,-1
1333,6665,222.167,camera_6,removed,-1
1333,6665,222.167,camera_7,removed,-1
1334,6670,222.333,camera_6,reacquired,47
1335,6675,222.5,camera_1,lost_track,26
1335,6675,222.5,camera_7,new_track,34
1336,6680,222.667,camera_1,reacquired,26
1336,6680,222.667,camera_1,removed,-1
1336,6680,222.667,camera_3,reacquired,64
1336,6680,222.667,camera_4,lost_track,33
1336,6680,222.667,camera_5,new_track,61
1336,6680,222.667,camera_5,removed,-1
1336,6680,222.667,camera_6,removed,-1
1337,6685,222.833,camera_1,lost_track,26
1337,6685,222.833,camera_3,lost_track,64
1337,6685,222.833,camera_4,removed,-1
1337,6685,222.833,camera_6,reacquired,52
1338,6690,223.0,camera_1,reacquired,26
1338,6690,223.0,camera_4,reacquired,32
1338,6690,223.0,camera_4,reacquired,33
1338,6690,223.0,camera_5,lost_track,60
1338,6690,223.0,camera_5,removed,-1
1338,6690,223.0,camera_6,lost_track,52
1338,6690,223.0,camera_7,removed,-1
1339,6695,223.167,camera_1,lost_track,26
1339,6695,223.167,camera_1,removed,20
1339,6695,223.167,camera_4,lost_track,33
1339,6695,223.167,camera_6,removed,-1
1339,6695,223.167,camera_7,lost_track,34
1340,6700,223.333,camera_4,lost_track,32
1340,6700,223.333,camera_6,new_track,53
1340,6700,223.333,camera_6,lost_track,47
1341,6705,223.5,camera_3,new_track,69
1341,6705,223.5,camera_3,removed,66
1341,6705,223.5,camera_4,new_track,35
1341,6705,223.5,camera_6,reacquired,47
1341,6705,223.5,camera_7,removed,-1
1342,6710,223.667,camera_5,lost_track,61
1342,6710,223.667,camera_6,lost_track,47
1342,6710,223.667,camera_6,removed,-1
1342,6710,223.667,camera_7,new_track,35
1344,6720,224.0,camera_6,lost_track,53
1345,6725,224.167,camera_3,lost_track,68
1345,6725,224.167,camera_4,lost_track,35
1346,6730,224.333,camera_1,new_track,28
1346,6730,224.333,camera_3,reacquired,68
1346,6730,224.333,camera_6,removed,-1
1347,6735,224.5,camera_3,reacquired,64
1347,6735,224.5,camera_3,lost_track,68
1348,6740,224.667,camera_3,lost_track,64
1348,6740,224.667,camera_6,new_track,54
1348,6740,224.667,camera_7,removed,32
1350,6750,225.0,camera_7,lost_track,35
1351,6755,225.167,camera_3,removed,67
1351,6755,225.167,camera_7,reacquired,35
1352,6760,225.333,camera_3,reacquired,68
1352,6760,225.333,camera_6,lost_track,54
1352,6760,225.333,camera_7,lost_track,35
1353,6765,225.5,camera_2,removed,49
1353,6765,225.5,camera_3,lost_track,68
1353,6765,225.5,camera_4,removed,-1
1353,6765,225.5,camera_6,reacquired,54
1353,6765,225.5,camera_6,removed,51
1353,6765,225.5,camera_7,removed,-1
1354,6770,225.667,camera_6,new_track,55
1354,6770,225.667,camera_6,lost_track,54
1355,6775,225.833,camera_3,new_track,70
1355,6775,225.833,camera_3,reacquired,68
1355,6775,225.833,camera_4,lost_track,34
1355,6775,225.833,camera_4,removed,-1
1356,6780,226.0,camera_1,removed,-1
1356,6780,226.0,camera_3,lost_track,68
1356,6780,226.0,camera_6,lost_track,55
1357,6785,226.167,camera_2,new_track,50
1357,6785,226.167,camera_3,reacquired,68
1357,6785,226.167,camera_6,reacquired,55
1357,6785,226.167,camera_6,removed,-1
1357,6785,226.167,camera_7,reacquired,35
1358,6790,226.333,camera_3,lost_track,68
1358,6790,226.333,camera_3,removed,65
1358,6790,226.333,camera_4,removed,31
1358,6790,226.333,camera_6,lost_track,55
1359,6795,226.5,camera_2,lost_track,50
1359,6795,226.5,camera_3,reacquired,68
1359,6795,226.5,camera_3,lost_track,70
1359,6795,226.5,camera_5,removed,59
1360,6800,226.667,camera_1,lost_track,25
1360,6800,226.667,camera_3,removed,63
1360,6800,226.667,camera_6,removed,-1
1361,6805,226.833,camera_1,lost_track,28
1361,6805,226.833,camera_1,removed,27
1361,6805,226.833,camera_2,removed,48
1362,6810,227.0,camera_1,reacquired,25
1362,6810,227.0,camera_1,removed,-1
1362,6810,227.0,camera_5,new_track,62
1362,6810,227.0,camera_6,new_track,56
1362,6810,227.0,camera_7,lost_track,33
1363,6815,227.167,camera_1,reacquired,28
1363,6815,227.167,camera_7,reacquired,33
1364,6820,227.333,camera_6,new_track,57
1364,6820,227.333,camera_7,lost_track,33
1364,6820,227.333,camera_7,removed,-1
1365,6825,227.5,camera_1,lost_track,28
1365,6825,227.5,camera_6,lost_track,57
1366,6830,227.667,camera_1,reacquired,26
1366,6830,227.667,camera_2,new_track,51
1366,6830,227.667,camera_3,removed,-1
1367,6835,227.833,camera_1,reacquired,28
1367,6835,227.833,camera_6,lost_track,56
1367,6835,227.833,camera_7,new_track,36
1368,6840,228.0,camera_1,lost_track,26
1368,6840,228.0,camera_5,removed,60
1368,6840,228.0,camera_6,reacquired,57
1368,6840,228.0,camera_6,removed,52
1369,6845,228.167,camera_1,reacquired,26
1369,6845,228.167,camera_1,lost_track,28
1369,6845,228.167,camera_4,removed,33
1369,6845,228.167,camera_7,lost_track,35
1369,6845,228.167,camera_7,removed,34
1370,6850,228.333,camera_1,lost_track,26
1370,6850,228.333,camera_3,lost_track,69
1370,6850,228.333,camera_4,removed,32
1370,6850,228.333,camera_6,lost_track,57
1371,6855,228.5,camera_3,reacquired,70
1372,6860,228.667,camera_5,removed,61
1372,6860,228.667,camera_6,removed,-1
1372,6860,228.667,camera_6,removed,47
1373,6865,228.833,camera_6,new_track,58
1373,6865,228.833,camera_7,removed,-1
1374,6870,229.0,camera_1,reacquired,28
1374,6870,229.0,camera_3,lost_track,70
1374,6870,229.0,camera_6,removed,53
1375,6875,229.167,camera_3,reacquired,70
1375,6875,229.167,camera_3,removed,-1
1375,6875,229.167,camera_4,removed,35
1376,6880,229.333,camera_1,lost_track,28
1376,6880,229.333,camera_4,new_track,36
1377,6885,229.5,camera_1,lost_track,25
1377,6885,229.5,camera_3,reacquired,69
1377,6885,229.5,camera_3,lost_track,70
1377,6885,229.5,camera_3,removed,-1
1377,6885,229.5,camera_4,lost_track,36
1377,6885,229.5,camera_6,lost_track,58
1378,6890,229.667,camera_1,reacquired,25
1378,6890,229.667,camera_3,removed,64
1378,6890,229.667,camera_4,new_track,37
1378,6890,229.667,camera_6,reacquired,58
1378,6890,229.667,camera_7,new_track,37
1379,6895,229.833,camera_2,lost_track,51
1379,6895,229.833,camera_3,removed,-1
1379,6895,229.833,camera_6,lost_track,58
1380,6900,230.0,camera_1,reacquired,26
1380,6900,230.0,camera_1,lost_track,25
1380,6900,230.0,camera_2,reacquired,51
1380,6900,230.0,camera_2,removed,-1
1380,6900,230.0,camera_6,new_track,59
1381,6905,230.167,camera_1,reacquired,25
1381,6905,230.167,camera_1,lost_track,26
1381,6905,230.167,camera_3,removed,-1
1381,6905,230.167,camera_6,new_track,60
1381,6905,230.167,camera_6,lost_track,59
1382,6910,230.333,camera_1,reacquired,26
1382,6910,230.333,camera_6,lost_track,60
1383,6915,230.5,camera_3,new_track,71
1383,6915,230.5,camera_6,reacquired,58
1384,6920,230.667,camera_1,reacquired,28
1384,6920,230.667,camera_1,lost_track,26
1384,6920,230.667,camera_6,removed,54
1384,6920,230.667,camera_7,lost_track,36
1385,6925,230.833,camera_1,lost_track,28
1385,6925,230.833,camera_2,lost_track,51
1385,6925,230.833,camera_4,removed,34
1386,6930,231.0,camera_6,reacquired,60
1387,6935,231.167,camera_2,reacquired,51
1387,6935,231.167,camera_3,removed,-1
1388,6940,231.333,camera_6,reacquired,59
1388,6940,231.333,camera_6,lost_track,58
1388,6940,231.333,camera_6,removed,55
1389,6945,231.5,camera_2,removed,50
1389,6945,231.5,camera_7,new_track,38
1390,6950,231.667,camera_1,reacquired,28
1390,6950,231.667,camera_7,lost_track,38
1391,6955,231.833,camera_1,lost_track,28
1391,6955,231.833,camera_3,removed,-1
1391,6955,231.833,camera_6,lost_track,59
1392,6960,232.0,camera_1,reacquired,26
1392,6960,232.0,camera_2,lost_track,51
1392,6960,232.0,camera_5,new_track,63
1392,6960,232.0,camera_5,lost_track,62
1392,6960,232.0,camera_6,reacquired,58
1392,6960,232.0,camera_6,reacquired,59
1392,6960,232.0,camera_6,lost_track,60
1392,6960,232.0,camera_7,removed,-1
1393,6965,232.167,camera_1,lost_track,26
1393,6965,232.167,camera_2,reacquired,51
1393,6965,232.167,camera_6,lost_track,58
1393,6965,232.167,camera_6,lost_track,59
1394,6970,232.333,camera_5,new_track,64
1394,6970,232.333,camera_7,removed,33
1395,6975,232.5,camera_4,lost_track,37
1396,6980,232.667,camera_1,lost_track,25
1396,6980,232.667,camera_2,lost_track,51
1396,6980,232.667,camera_5,reacquired,62
1397,6985,232.833,camera_1,reacquired,26
1397,6985,232.833,camera_5,lost_track,64
1397,6985,232.833,camera_5,lost_track,62
1397,6985,232.833,camera_6,new_track,61
1397,6985,232.833,camera_6,removed,56
1397,6985,232.833,camera_6,removed,-1
1398,6990,233.0,camera_3,lost_track,71
1399,6995,233.167,camera_3,reacquired,71
1399,6995,233.167,camera_7,removed,35
1400,7000,233.333,camera_1,reacquired,25
1400,7000,233.333,camera_2,new_track,52
1400,7000,233.333,camera_6,removed,57
1401,7005,233.5,camera_6,reacquired,59
1401,7005,233.5,camera_6,lost_track,61
1402,7010,233.667,camera_1,lost_track,26
1402,7010,233.667,camera_2,new_track,53
1402,7010,233.667,camera_2,lost_track,52
1402,7010,233.667,camera_6,reacquired,61
1402,7010,233.667,camera_6,lost_track,59
1403,7015,233.833,camera_2,lost_track,53
1403,7015,233.833,camera_3,lost_track,69
1403,7015,233.833,camera_6,new_track,62
1404,7020,234.0,camera_1,reacquired,26
1404,7020,234.0,camera_4,reacquired,36
1404,7020,234.0,camera_6,reacquired,59
1404,7020,234.0,camera_6,reacquired,60
1404,7020,234.0,camera_6,lost_track,61
1404,7020,234.0,camera_6,lost_track,62
1404,7020,234.0,camera_6,removed,-1
1405,7025,234.167,camera_5,reacquired,62
1405,7025,234.167,camera_6,lost_track,60
1406,7030,234.333,camera_2,reacquired,53
1406,7030,234.333,camera_3,lost_track,71
1406,7030,234.333,camera_4,lost_track,36
1406,7030,234.333,camera_6,reacquired,61
1406,7030,234.333,camera_6,lost_track,59
1407,7035,234.5,camera_1,lost_track,26
1407,7035,234.5,camera_2,lost_track,53
1407,7035,234.5,camera_3,reacquired,71
1407,7035,234.5,camera_3,removed,70
1407,7035,234.5,camera_4,new_track,38
1407,7035,234.5,camera_5,lost_track,62
1408,7040,234.667,camera_1,lost_track,25
1408,7040,234.667,camera_5,reacquired,62
1408,7040,234.667,camera_6,reacquired,62
1408,7040,234.667,camera_6,lost_track,61
1409,7045,234.833,camera_6,removed,-1
1410,7050,235.0,camera_1,reacquired,25
1410,7050,235.0,camera_4,new_track,39
1411,7055,235.167,camera_4,lost_track,38
1411,7055,235.167,camera_6,reacquired,59
1411,7055,235.167,camera_6,lost_track,62
1411,7055,235.167,camera_7,new_track,39
1412,7060,235.333,camera_6,lost_track,59
1413,7065,235.5,camera_1,reacquired,28
1413,7065,235.5,camera_1,lost_track,25
1413,7065,235.5,camera_2,removed,-1
1413,7065,235.5,camera_6,reacquired,59
1413,7065,235.5,camera_6,removed,-1
1414,7070,235.667,camera_1,lost_track,28
1414,7070,235.667,camera_5,lost_track,62
1414,7070,235.667,camera_7,removed,36
1414,7070,235.667,camera_7,removed,-1
1415,7075,235.833,camera_2,reacquired,53
1416,7080,236.0,camera_1,reacquired,26
1416,7080,236.0,camera_2,new_track,54
1418,7090,236.333,camera_2,lost_track,53
1419,7095,236.5,camera_1,lost_track,26
1420,7100,236.667,camera_5,new_track,65
1420,7100,236.667,camera_7,removed,38
1421,7105,236.833,camera_1,reacquired,26
1421,7105,236.833,camera_2,reacquired,53
1422,7110,237.0,camera_4,lost_track,39
1422,7110,237.0,camera_5,lost_track,65
1423,7115,237.167,camera_1,lost_track,26
1423,7115,237.167,camera_5,lost_track,63
1423,7115,237.167,camera_6,removed,58
1423,7115,237.167,camera_7,lost_track,39
1424,7120,237.333,camera_4,reacquired,39
1425,7125,237.5,camera_1,reacquired,26
1425,7125,237.5,camera_4,lost_track,39
1425,7125,237.5,camera_4,removed,37
1426,7130,237.667,camera_2,removed,51
1426,7130,237.667,camera_3,lost_track,68
1426,7130,237.667,camera_7,lost_track,37
1427,7135,237.833,camera_3,reacquired,68
1427,7135,237.833,camera_5,reacquired,62
1427,7135,237.833,camera_5,removed,64
1428,7140,238.0,camera_5,lost_track,62
1428,7140,238.0,camera_6,lost_track,59
1429,7145,238.167,camera_3,new_track,72
1429,7145,238.167,camera_3,lost_track,68
1429,7145,238.167,camera_7,reacquired,37
1429,7145,238.167,camera_7,removed,-1
1430,7150,238.333,camera_3,lost_track,72
1431,7155,238.5,camera_3,reacquired,72
1432,7160,238.667,camera_2,removed,52
1432,7160,238.667,camera_3,reacquired,68
1432,7160,238.667,camera_5,reacquired,62
1433,7165,238.833,camera_3,lost_track,72
1433,7165,238.833,camera_3,removed,69
1433,7165,238.833,camera_4,new_track,40
1433,7165,238.833,camera_4,reacquired,39
1433,7165,238.833,camera_7,lost_track,37
1434,7170,239.0,camera_2,lost_track,53
1434,7170,239.0,camera_3,lost_track,68
1434,7170,239.0,camera_4,lost_track,39
1434,7170,239.0,camera_5,lost_track,62
1434,7170,239.0,camera_7,reacquired,37
1434,7170,239.0,camera_7,removed,-1
1435,7175,239.167,camera_1,reacquired,28
1435,7175,239.167,camera_5,new_track,66
1435,7175,239.167,camera_5,reacquired,62
1435,7175,239.167,camera_6,removed,60
1435,7175,239.167,camera_7,lost_track,37
1436,7180,239.333,camera_1,lost_track,28
1436,7180,239.333,camera_4,removed,36
1437,7185,239.5,camera_4,new_track,41
1437,7185,239.5,camera_7,reacquired,37
1438,7190,239.667,camera_1,lost_track,26
1438,7190,239.667,camera_5,lost_track,62
1438,7190,239.667,camera_6,removed,61
1440,7200,240.0,camera_1,reacquired,26
1440,7200,240.0,camera_3,lost_track,71
1440,7200,240.0,camera_7,removed,-1
1441,7205,240.167,camera_4,removed,38
1441,7205,240.167,camera_6,removed,62
1441,7205,240.167,camera_7,new_track,40
1442,7210,240.333,camera_1,lost_track,26
1442,7210,240.333,camera_7,lost_track,40
1443,7215,240.5,camera_1,reacquired,26
1443,7215,240.5,camera_1,removed,25
1444,7220,240.667,camera_4,lost_track,40
1444,7220,240.667,camera_5,new_track,67
1444,7220,240.667,camera_5,lost_track,66
1444,7220,240.667,camera_7,reacquired,40
1444,7220,240.667,camera_7,removed,-1
1445,7225,240.833,camera_1,lost_track,26
1445,7225,240.833,camera_4,removed,-1
1446,7230,241.0,camera_1,reacquired,26
1446,7230,241.0,camera_5,new_track,68
1447,7235,241.167,camera_2,removed,-1
1447,7235,241.167,camera_5,lost_track,67
1447,7235,241.167,camera_5,removed,-1
1448,7240,241.333,camera_5,reacquired,67
1449,7245,241.5,camera_5,new_track,69
1449,7245,241.5,camera_5,lost_track,67
1449,7245,241.5,camera_5,lost_track,68
1451,7255,241.833,camera_5,lost_track,69
1452,7260,242.0,camera_4,lost_track,41
1452,7260,242.0,camera_5,removed,65
1453,7265,242.167,camera_2,removed,-1
1453,7265,242.167,camera_4,removed,-1
1453,7265,242.167,camera_5,reacquired,62
1453,7265,242.167,camera_5,removed,-1
1453,7265,242.167,camera_5,removed,63
1453,7265,242.167,camera_7,removed,39
1454,7270,242.333,camera_4,reacquired,41
1454,7270,242.333,camera_5,reacquired,69
1454,7270,242.333,camera_5,lost_track,62
1454,7270,242.333,camera_7,lost_track,37
1455,7275,242.5,camera_5,new_track,70
1455,7275,242.5,camera_7,reacquired,37
1456,7280,242.667,camera_5,lost_track,69
1458,7290,243.0,camera_2,removed,-1
1458,7290,243.0,camera_6,removed,59
1460,7300,243.333,camera_1,lost_track,26
1460,7300,243.333,camera_7,lost_track,37
1461,7305,243.5,camera_7,reacquired,37
1461,7305,243.5,camera_7,lost_track,40
1462,7310,243.667,camera_5,removed,-1
1462,7310,243.667,camera_7,reacquired,40
1463,7315,243.833,camera_1,reacquired,26
1463,7315,243.833,camera_3,removed,72
1463,7315,243.833,camera_4,removed,-1
1464,7320,244.0,camera_2,removed,53
1464,7320,244.0,camera_2,removed,-1
1464,7320,244.0,camera_3,removed,68
1464,7320,244.0,camera_4,new_track,42
1464,7320,244.0,camera_4,removed,39
1464,7320,244.0,camera_5,removed,-1
1466,7330,244.333,camera_1,removed,28
1466,7330,244.333,camera_2,lost_track,54
1466,7330,244.333,camera_5,reacquired,68
1467,7335,244.5,camera_4,lost_track,41
1467,7335,244.5,camera_5,new_track,71
1467,7335,244.5,camera_5,lost_track,68
1467,7335,244.5,camera_7,lost_track,40
1468,7340,244.667,camera_4,reacquired,41
1468,7340,244.667,camera_5,reacquired,68
1468,7340,244.667,camera_5,lost_track,70
1468,7340,244.667,camera_5,lost_track,71
1468,7340,244.667,camera_7,lost_track,37
1468,7340,244.667,camera_7,removed,-1
1469,7345,244.833,camera_4,lost_track,41
1469,7345,244.833,camera_7,reacquired,37
1470,7350,245.0,camera_3,removed,71
1470,7350,245.0,camera_4,new_track,43
1470,7350,245.0,camera_4,lost_track,42
1470,7350,245.0,camera_5,lost_track,68
1470,7350,245.0,camera_6,new_track,63
1471,7355,245.167,camera_2,new_track,55
1471,7355,245.167,camera_4,lost_track,43
1471,7355,245.167,camera_6,lost_track,63
1471,7355,245.167,camera_6,removed,-1
1471,7355,245.167,camera_7,removed,-1
1472,7360,245.333,camera_1,lost_track,26
1473,7365,245.5,camera_1,reacquired,26
1473,7365,245.5,camera_2,lost_track,55
1473,7365,245.5,camera_4,reacquired,41
1473,7365,245.5,camera_4,removed,-1
1473,7365,245.5,camera_5,reacquired,68
1473,7365,245.5,camera_6,removed,-1
1474,7370,245.667,camera_4,removed,40
1474,7370,245.667,camera_5,reacquired,69
1474,7370,245.667,camera_5,removed,66
1475,7375,245.833,camera_5,lost_track,69
1475,7375,245.833,camera_5,removed,-1
1476,7380,246.0,camera_6,removed,-1
1477,7385,246.167,camera_5,lost_track,68
1478,7390,246.333,camera_4,removed,-1
1478,7390,246.333,camera_5,reacquired,68
1479,7395,246.5,camera_4,reacquired,43
1479,7395,246.5,camera_4,lost_track,41
1479,7395,246.5,camera_5,removed,67
1479,7395,246.5,camera_7,lost_track,37
1480,7400,246.667,camera_6,reacquired,63
1480,7400,246.667,camera_6,removed,-1
1480,7400,246.667,camera_7,reacquired,37
1481,7405,246.833,camera_4,removed,-1
1481,7405,246.833,camera_7,lost_track,37
1482,7410,247.0,camera_5,reacquired,69
1482,7410,247.0,camera_6,new_track,64
1483,7415,247.167,camera_4,removed,-1
1483,7415,247.167,camera_5,removed,-1
1483,7415,247.167,camera_6,removed,-1
1484,7420,247.333,camera_4,lost_track,43
1484,7420,247.333,camera_5,removed,62
1485,7425,247.5,camera_4,removed,-1
1485,7425,247.5,camera_6,lost_track,64
1486,7430,247.667,camera_5,lost_track,68
1486,7430,247.667,camera_5,lost_track,69
1486,7430,247.667,camera_5,removed,-1
1488,7440,248.0,camera_3,new_track,73
1488,7440,248.0,camera_5,removed,-1
1489,7445,248.167,camera_5,reacquired,68
1490,7450,248.333,camera_5,lost_track,68
1496,7480,249.333,camera_1,lost_track,26
1496,7480,249.333,camera_2,removed,54
1497,7485,249.5,camera_7,removed,40
1498,7490,249.667,camera_1,reacquired,26
1498,7490,249.667,camera_5,removed,70
1498,7490,249.667,camera_5,removed,71
1499,7495,249.833,camera_2,removed,-1
1499,7495,249.833,camera_7,removed,-1
1500,7500,250.0,camera_4,removed,42
1501,7505,250.167,camera_1,lost_track,26
1501,7505,250.167,camera_4,new_track,44
1501,7505,250.167,camera_7,new_track,41
1502,7510,250.333,camera_6,new_track,65
1503,7515,250.5,camera_1,reacquired,26
1503,7515,250.5,camera_2,removed,55
1504,7520,250.667,camera_1,lost_track,26
1504,7520,250.667,camera_3,lost_track,73
1505,7525,250.833,camera_1,reacquired,26
1505,7525,250.833,camera_2,new_track,56
1505,7525,250.833,camera_4,lost_track,44
1506,7530,251.0,camera_3,removed,-1
1506,7530,251.0,camera_4,new_track,45
1506,7530,251.0,camera_6,lost_track,63
1507,7535,251.167,camera_3,new_track,74
1508,7540,251.333,camera_5,new_track,72
1508,7540,251.333,camera_7,lost_track,41
1509,7545,251.5,camera_4,removed,41
1509,7545,251.5,camera_6,new_track,66
1509,7545,251.5,camera_6,removed,-1
1510,7550,251.667,camera_1,removed,-1
1510,7550,251.667,camera_6,new_track,67
1510,7550,251.667,camera_6,lost_track,66
1511,7555,251.833,camera_2,lost_track,56
1511,7555,251.833,camera_6,reacquired,66
1511,7555,251.833,camera_6,lost_track,67
1511,7555,251.833,camera_7,removed,37
1512,7560,252.0,camera_1,new_track,29
1512,7560,252.0,camera_1,lost_track,26
1513,7565,252.167,camera_6,lost_track,66
1514,7570,252.333,camera_4,removed,43
1515,7575,252.5,camera_1,reacquired,26
1515,7575,252.5,camera_2,removed,-1
1515,7575,252.5,camera_6,new_track,68
1515,7575,252.5,camera_6,removed,64
1515,7575,252.5,camera_6,removed,-1
1515,7575,252.5,camera_7,removed,-1
1516,7580,252.667,camera_5,removed,69
1516,7580,252.667,camera_6,lost_track,65
1517,7585,252.833,camera_4,lost_track,45
1517,7585,252.833,camera_6,reacquired,65
1517,7585,252.833,camera_7,removed,-1
1518,7590,253.0,camera_1,lost_track,26
1518,7590,253.0,camera_6,lost_track,68
1519,7595,253.167,camera_6,new_track,69
1520,7600,253.333,camera_2,removed,-1
1520,7600,253.333,camera_3,lost_track,74
1520,7600,253.333,camera_5,removed,68
1520,7600,253.333,camera_6,reacquired,68
1520,7600,253.333,camera_6,lost_track,65
1521,7605,253.5,camera_1,reacquired,26
1521,7605,253.5,camera_6,reacquired,65
1521,7605,253.5,camera_6,lost_track,68
1521,7605,253.5,camera_7,removed,-1
1522,7610,253.667,camera_6,lost_track,65
1523,7615,253.833,camera_1,lost_track,26
1523,7615,253.833,camera_2,new_track,57
1523,7615,253.833,camera_3,removed,-1
1523,7615,253.833,camera_4,new_track,46
1523,7615,253.833,camera_6,lost_track,69
1525,7625,254.167,camera_3,removed,-1
1525,7625,254.167,camera_5,lost_track,72
1525,7625,254.167,camera_7,new_track,42
1526,7630,254.333,camera_2,lost_track,57
1526,7630,254.333,camera_3,new_track,75
1527,7635,254.5,camera_3,lost_track,75
1527,7635,254.5,camera_4,lost_track,46
1527,7635,254.5,camera_6,new_track,70
1527,7635,254.5,camera_6,reacquired,68
1528,7640,254.667,camera_6,lost_track,70
1529,7645,254.833,camera_1,reacquired,26
1530,7650,255.0,camera_1,lost_track,26
1530,7650,255.0,camera_6,reacquired,69
1531,7655,255.167,camera_1,reacquired,26
1531,7655,255.167,camera_5,removed,-1
1531,7655,255.167,camera_6,new_track,71
1532,7660,255.333,camera_3,reacquired,75
1532,7660,255.333,camera_6,new_track,72
1532,7660,255.333,camera_6,lost_track,68
1533,7665,255.5,camera_4,new_track,47
1533,7665,255.5,camera_6,reacquired,68
1534,7670,255.667,camera_3,removed,73
1535,7675,255.833,camera_4,removed,44
1536,7680,256.0,camera_1,lost_track,26
1536,7680,256.0,camera_5,new_track,73
1536,7680,256.0,camera_6,lost_track,71
1536,7680,256.0,camera_6,removed,63
1536,7680,256.0,camera_7,lost_track,42
1537,7685,256.167,camera_1,reacquired,26
1537,7685,256.167,camera_5,lost_track,73
1537,7685,256.167,camera_6,reacquired,71
1537,7685,256.167,camera_6,lost_track,68
1538,7690,256.333,camera_6,reacquired,68
1538,7690,256.333,camera_6,lost_track,72
1538,7690,256.333,camera_6,lost_track,71
1538,7690,256.333,camera_7,reacquired,42
1538,7690,256.333,camera_7,removed,41
1539,7695,256.5,camera_7,lost_track,42
1540,7700,256.667,camera_5,new_track,74
1540,7700,256.667,camera_6,new_track,73
1541,7705,256.833,camera_2,removed,56
1541,7705,256.833,camera_5,lost_track,74
1541,7705,256.833,camera_6,lost_track,69
1541,7705,256.833,camera_6,removed,67
1542,7710,257.0,camera_1,lost_track,26
1542,7710,257.0,camera_5,reacquired,74
1543,7715,257.167,camera_5,reacquired,73
1543,7715,257.167,camera_6,reacquired,69
1543,7715,257.167,camera_6,removed,66
1543,7715,257.167,camera_7,removed,-1
1544,7720,257.333,camera_1,reacquired,26
1544,7720,257.333,camera_5,lost_track,74
1545,7725,257.5,camera_1,removed,-1
1545,7725,257.5,camera_4,lost_track,47
1546,7730,257.667,camera_4,new_track,48
1546,7730,257.667,camera_4,reacquired,47
1546,7730,257.667,camera_6,lost_track,73
1546,7730,257.667,camera_6,lost_track,68
1546,7730,257.667,camera_6,removed,-1
1547,7735,257.833,camera_3,lost_track,75
1547,7735,257.833,camera_4,removed,45
1548,7740,258.0,camera_3,removed,-1
1548,7740,258.0,camera_5,lost_track,73
1549,7745,258.167,camera_3,new_track,76
1549,7745,258.167,camera_6,reacquired,72
1549,7745,258.167,camera_6,lost_track,69
1549,7745,258.167,camera_6,removed,-1
1550,7750,258.333,camera_1,lost_track,29
1550,7750,258.333,camera_3,lost_track,76
1550,7750,258.333,camera_3,removed,74
1550,7750,258.333,camera_6,lost_track,72
1551,7755,258.5,camera_2,new_track,58
1551,7755,258.5,camera_3,removed,-1
1551,7755,258.5,camera_4,lost_track,48
1551,7755,258.5,camera_6,reacquired,68
1551,7755,258.5,camera_6,reacquired,72
1552,7760,258.667,camera_3,new_track,77
1552,7760,258.667,camera_4,reacquired,48
1552,7760,258.667,camera_6,lost_track,68
1552,7760,258.667,camera_6,removed,65
1552,7760,258.667,camera_6,removed,-1
1552,7760,258.667,camera_7,new_track,43
1553,7765,258.833,camera_3,lost_track,77
1553,7765,258.833,camera_4,lost_track,48
1553,7765,258.833,camera_6,reacquired,68
1553,7765,258.833,camera_6,reacquired,73
1553,7765,258.833,camera_6,lost_track,72
1553,7765,258.833,camera_7,removed,-1
1554,7770,259.0,camera_4,reacquired,48
1554,7770,259.0,camera_4,removed,-1
1555,7775,259.167,camera_3,removed,-1
1555,7775,259.167,camera_4,lost_track,48
1555,7775,259.167,camera_5,removed,72
1555,7775,259.167,camera_6,reacquired,72
1555,7775,259.167,camera_7,new_track,44
1556,7780,259.333,camera_2,removed,57
1556,7780,259.333,camera_4,removed,-1
1556,7780,259.333,camera_6,lost_track,68
1557,7785,259.5,camera_3,removed,-1
1557,7785,259.5,camera_4,removed,46
1557,7785,259.5,camera_5,new_track,75
1557,7785,259.5,camera_6,new_track,74
1557,7785,259.5,camera_6,lost_track,72
1557,7785,259.5,camera_7,lost_track,44
1558,7790,259.667,camera_1,lost_track,26
1558,7790,259.667,camera_6,reacquired,68
1558,7790,259.667,camera_6,reacquired,72
1558,7790,259.667,camera_6,removed,70
1559,7795,259.833,camera_3,new_track,78
1559,7795,259.833,camera_5,lost_track,75
1559,7795,259.833,camera_6,lost_track,68
1560,7800,260.0,camera_4,lost_track,47
1560,7800,260.0,camera_5,reacquired,75
1560,7800,260.0,camera_6,lost_track,73
1561,7805,260.167,camera_4,removed,-1
1562,7810,260.333,camera_2,lost_track,58
1562,7810,260.333,camera_6,lost_track,72
1563,7815,260.5,camera_3,removed,-1
1563,7815,260.5,camera_7,removed,-1
1564,7820,260.667,camera_6,reacquired,73
1564,7820,260.667,camera_6,removed,-1
1565,7825,260.833,camera_3,new_track,79
1565,7825,260.833,camera_5,lost_track,75
1565,7825,260.833,camera_7,new_track,45
1566,7830,261.0,camera_1,reacquired,26
1566,7830,261.0,camera_3,lost_track,79
1566,7830,261.0,camera_7,lost_track,43
1566,7830,261.0,camera_7,lost_track,45
1567,7835,261.167,camera_1,lost_track,26
1567,7835,261.167,camera_2,new_track,59
1567,7835,261.167,camera_3,reacquired,79
1567,7835,261.167,camera_6,lost_track,73
1567,7835,261.167,camera_7,new_track,46
1567,7835,261.167,camera_7,reacquired,45
1568,7840,261.333,camera_1,new_track,30
1568,7840,261.333,camera_1,reacquired,26
1568,7840,261.333,camera_5,removed,-1
1568,7840,261.333,camera_6,reacquired,73
1568,7840,261.333,camera_6,removed,-1
1568,7840,261.333,camera_6,removed,71
1568,7840,261.333,camera_7,lost_track,45
1569,7845,261.5,camera_1,lost_track,30
1569,7845,261.5,camera_7,reacquired,43
1569,7845,261.5,camera_7,removed,42
1569,7845,261.5,camera_7,removed,-1
1570,7850,261.667,camera_3,lost_track,79
1570,7850,261.667,camera_5,new_track,76
1570,7850,261.667,camera_7,lost_track,46
1571,7855,261.833,camera_3,reacquired,77
1571,7855,261.833,camera_3,lost_track,78
1571,7855,261.833,camera_7,reacquired,45
1571,7855,261.833,camera_7,lost_track,43
1572,7860,262.0,camera_1,lost_track,26
1572,7860,262.0,camera_1,removed,-1
1572,7860,262.0,camera_6,lost_track,74
1572,7860,262.0,camera_7,lost_track,45
1573,7865,262.167,camera_1,reacquired,26
1573,7865,262.167,camera_6,reacquired,74
1573,7865,262.167,camera_7,reacquired,43
1574,7870,262.333,camera_1,lost_track,26
1574,7870,262.333,camera_5,removed,74
1574,7870,262.333,camera_6,lost_track,73
1574,7870,262.333,camera_7,lost_track,43
1574,7870,262.333,camera_7,removed,-1
1575,7875,262.5,camera_5,lost_track,76
1575,7875,262.5,camera_6,lost_track,74
1575,7875,262.5,camera_7,reacquired,43
1575,7875,262.5,camera_7,reacquired,45
1576,7880,262.667,camera_6,reacquired,74
1577,7885,262.833,camera_1,reacquired,26
1577,7885,262.833,camera_2,lost_track,59
1577,7885,262.833,camera_3,removed,75
1577,7885,262.833,camera_3,removed,-1
1577,7885,262.833,camera_6,new_track,75
1577,7885,262.833,camera_7,lost_track,43
1578,7890,263.0,camera_2,reacquired,59
1578,7890,263.0,camera_5,removed,73
1579,7895,263.167,camera_6,lost_track,74
1579,7895,263.167,camera_6,removed,69
1580,7900,263.333,camera_1,removed,29
1580,7900,263.333,camera_2,removed,-1
1580,7900,263.333,camera_3,removed,76
1580,7900,263.333,camera_6,reacquired,74
1580,7900,263.333,camera_7,reacquired,43
1580,7900,263.333,camera_7,lost_track,45
1582,7910,263.667,camera_3,lost_track,77
1582,7910,263.667,camera_3,removed,-1
1582,7910,263.667,camera_7,reacquired,45
1582,7910,263.667,camera_7,lost_track,43
1583,7915,263.833,camera_7,new_track,47
1584,7920,264.0,camera_2,lost_track,59
1584,7920,264.0,camera_5,new_track,77
1585,7925,264.167,camera_2,reacquired,59
1585,7925,264.167,camera_4,removed,48
1585,7925,264.167,camera_5,new_track,78
1585,7925,264.167,camera_6,lost_track,74
1587,7935,264.5,camera_1,lost_track,26
1587,7935,264.5,camera_3,new_track,80
1587,7935,264.5,camera_7,removed,44
1588,7940,264.667,camera_1,reacquired,26
1588,7940,264.667,camera_3,lost_track,80
1588,7940,264.667,camera_5,lost_track,77
1588,7940,264.667,camera_5,lost_track,78
1589,7945,264.833,camera_2,lost_track,59
1589,7945,264.833,camera_6,removed,68
1590,7950,265.0,camera_2,removed,-1
1590,7950,265.0,camera_4,removed,47
1590,7950,265.0,camera_5,reacquired,77
1590,7950,265.0,camera_6,new_track,76
1591,7955,265.167,camera_7,lost_track,45
1592,7960,265.333,camera_2,removed,58
1592,7960,265.333,camera_2,removed,-1
1592,7960,265.333,camera_3,new_track,81
1592,7960,265.333,camera_6,removed,72
1592,7960,265.333,camera_7,reacquired,45
1593,7965,265.5,camera_4,removed,-1
1593,7965,265.5,camera_5,reacquired,78
1594,7970,265.667,camera_2,removed,-1
1594,7970,265.667,camera_3,lost_track,81
1594,7970,265.667,camera_3,removed,-1
1594,7970,265.667,camera_5,lost_track,77
1594,7970,265.667,camera_6,lost_track,76
1595,7975,265.833,camera_3,new_track,82
1595,7975,265.833,camera_5,removed,75
1595,7975,265.833,camera_6,reacquired,76
1595,7975,265.833,camera_7,lost_track,45
1597,7985,266.167,camera_4,new_track,49
1597,7985,266.167,camera_4,new_track,50
1597,7985,266.167,camera_6,removed,-1
1598,7990,266.333,camera_4,lost_track,49
1598,7990,266.333,camera_6,new_track,77
1598,7990,266.333,camera_6,lost_track,76
1599,7995,266.5,camera_1,removed,30
1600,8000,266.667,camera_3,removed,79
1600,8000,266.667,camera_7,removed,46
1601,8005,266.833,camera_1,removed,-1
1601,8005,266.833,camera_3,removed,78
1601,8005,266.833,camera_7,reacquired,45
1602,8010,267.0,camera_2,removed,-1
1603,8015,267.167,camera_1,new_track,31
1603,8015,267.167,camera_2,new_track,60
1604,8020,267.333,camera_1,new_track,32
1604,8020,267.333,camera_1,lost_track,31
1604,8020,267.333,camera_2,removed,-1
1604,8020,267.333,camera_6,lost_track,77
1604,8020,267.333,camera_6,removed,73
1605,8025,267.5,camera_5,removed,76
1605,8025,267.5,camera_6,reacquired,76
1605,8025,267.5,camera_7,lost_track,45
1606,8030,267.667,camera_1,removed,-1
1606,8030,267.667,camera_2,lost_track,60
1606,8030,267.667,camera_5,removed,-1
1607,8035,267.833,camera_5,lost_track,78
1608,8040,268.0,camera_5,reacquired,78
1608,8040,268.0,camera_6,lost_track,76
1609,8045,268.167,camera_4,reacquired,49
1609,8045,268.167,camera_4,lost_track,50
1609,8045,268.167,camera_5,lost_track,78
1610,8050,268.333,camera_6,removed,-1
1611,8055,268.5,camera_2,removed,-1
1611,8055,268.5,camera_5,removed,-1
1611,8055,268.5,camera_6,reacquired,77
1611,8055,268.5,camera_6,lost_track,75
1612,8060,268.667,camera_2,new_track,61
1612,8060,268.667,camera_3,removed,77
1612,8060,268.667,camera_7,removed,43
1613,8065,268.833,camera_1,lost_track,26
1613,8065,268.833,camera_4,lost_track,49
1613,8065,268.833,camera_6,new_track,78
1613,8065,268.833,camera_7,lost_track,47
1614,8070,269.0,camera_1,reacquired,26
1614,8070,269.0,camera_1,removed,-1
1614,8070,269.0,camera_2,lost_track,61
1614,8070,269.0,camera_5,new_track,79
1614,8070,269.0,camera_6,removed,-1
1614,8070,269.0,camera_7,reacquired,47
1615,8075,269.167,camera_2,reacquired,61
1615,8075,269.167,camera_5,new_track,80
1615,8075,269.167,camera_5,lost_track,79
1615,8075,269.167,camera_6,removed,74
1616,8080,269.333,camera_4,reacquired,49
1616,8080,269.333,camera_4,removed,-1
1617,8085,269.5,camera_5,lost_track,80
1617,8085,269.5,camera_6,reacquired,75
1618,8090,269.667,camera_2,new_track,62
1618,8090,269.667,camera_3,removed,80
1618,8090,269.667,camera_5,reacquired,80
1619,8095,269.833,camera_1,lost_track,26
1619,8095,269.833,camera_1,removed,-1
1619,8095,269.833,camera_2,removed,59
1619,8095,269.833,camera_3,new_track,83
1619,8095,269.833,camera_5,new_track,81
1620,8100,270.0,camera_4,lost_track,49
1621,8105,270.167,camera_1,reacquired,26
1621,8105,270.167,camera_2,lost_track,61
1621,8105,270.167,camera_6,lost_track,75
1621,8105,270.167,camera_6,lost_track,77
1621,8105,270.167,camera_7,lost_track,47
1622,8110,270.333,camera_1,lost_track,26
1622,8110,270.333,camera_2,lost_track,62
1622,8110,270.333,camera_6,reacquired,77
1622,8110,270.333,camera_6,removed,-1
1623,8115,270.5,camera_5,reacquired,79
1624,8120,270.667,camera_3,removed,81
1624,8120,270.667,camera_5,removed,77
1624,8120,270.667,camera_6,lost_track,78
1625,8125,270.833,camera_2,new_track,63
1625,8125,270.833,camera_6,removed,-1
1626,8130,271.0,camera_3,lost_track,83
1626,8130,271.0,camera_5,lost_track,79
1627,8135,271.167,camera_1,reacquired,26
1627,8135,271.167,camera_2,lost_track,63
1627,8135,271.167,camera_6,reacquired,75
1627,8135,271.167,camera_6,removed,-1
1628,8140,271.333,camera_2,removed,-1
1629,8145,271.5,camera_4,removed,-1
1629,8145,271.5,camera_6,reacquired,78
1630,8150,271.667,camera_4,new_track,51
1631,8155,271.833,camera_6,reacquired,76
1631,8155,271.833,camera_6,lost_track,75
1632,8160,272.0,camera_1,lost_track,26
1632,8160,272.0,camera_5,lost_track,80
1632,8160,272.0,camera_6,lost_track,76
1632,8160,272.0,camera_7,removed,-1
1633,8165,272.167,camera_1,reacquired,31
1633,8165,272.167,camera_2,new_track,64
1633,8165,272.167,camera_5,lost_track,81
1633,8165,272.167,camera_6,reacquired,76
1633,8165,272.167,camera_6,lost_track,78
1634,8170,272.333,camera_5,reacquired,81
1634,8170,272.333,camera_5,removed,-1
1634,8170,272.333,camera_6,lost_track,77
1635,8175,272.5,camera_1,reacquired,26
1635,8175,272.5,camera_1,lost_track,32
1635,8175,272.5,camera_6,reacquired,78
1635,8175,272.5,camera_7,removed,45
1636,8180,272.667,camera_1,lost_track,26
1636,8180,272.667,camera_2,removed,60
1636,8180,272.667,camera_5,lost_track,81
1636,8180,272.667,camera_6,reacquired,75
1636,8180,272.667,camera_6,removed,-1
1636,8180,272.667,camera_7,new_track,48
1637,8185,272.833,camera_1,new_track,33
1637,8185,272.833,camera_1,reacquired,26
1637,8185,272.833,camera_6,lost_track,78
1638,8190,273.0,camera_6,lost_track,75
1638,8190,273.0,camera_6,lost_track,76
1638,8190,273.0,camera_7,lost_track,48
1639,8195,273.167,camera_1,lost_track,33
1639,8195,273.167,camera_4,removed,50
1639,8195,273.167,camera_5,removed,78
1639,8195,273.167,camera_6,reacquired,76
1639,8195,273.167,camera_7,reacquired,48
1640,8200,273.333,camera_4,lost_track,51
1640,8200,273.333,camera_5,new_track,82
1640,8200,273.333,camera_6,reacquired,75
1640,8200,273.333,camera_7,removed,-1
1641,8205,273.5,camera_6,lost_track,76
1641,8205,273.5,camera_7,reacquired,47
1642,8210,273.667,camera_5,new_track,83
1642,8210,273.667,camera_6,reacquired,76
1643,8215,273.833,camera_1,lost_track,26
1643,8215,273.833,camera_5,lost_track,83
1643,8215,273.833,camera_7,lost_track,47
1644,8220,274.0,camera_2,removed,-1
1644,8220,274.0,camera_6,lost_track,75
1644,8220,274.0,camera_6,lost_track,76
1644,8220,274.0,camera_7,reacquired,47
1645,8225,274.167,camera_2,lost_track,64
1646,8230,274.333,camera_1,reacquired,26
1646,8230,274.333,camera_2,new_track,65
1646,8230,274.333,camera_6,reacquired,78
1646,8230,274.333,camera_7,lost_track,47
1647,8235,274.5,camera_2,lost_track,65
1648,8240,274.667,camera_6,new_track,79
1649,8245,274.833,camera_7,lost_track,48
1650,8250,275.0,camera_3,lost_track,82
1650,8250,275.0,camera_4,removed,49
1650,8250,275.0,camera_5,lost_track,82
1650,8250,275.0,camera_7,removed,-1
1651,8255,275.167,camera_2,removed,61
1651,8255,275.167,camera_3,removed,-1
1651,8255,275.167,camera_4,removed,-1
1652,8260,275.333,camera_2,removed,62
1652,8260,275.333,camera_6,lost_track,78
1653,8265,275.5,camera_6,removed,-1
1653,8265,275.5,camera_7,new_track,49
1654,8270,275.667,camera_1,lost_track,26
1654,8270,275.667,camera_1,removed,-1
1654,8270,275.667,camera_7,lost_track,49
1655,8275,275.833,camera_1,reacquired,26
1656,8280,276.0,camera_1,lost_track,26
1656,8280,276.0,camera_3,removed,83
1656,8280,276.0,camera_4,new_track,52
1656,8280,276.0,camera_5,removed,-1
1656,8280,276.0,camera_5,removed,79
1656,8280,276.0,camera_6,removed,-1
1656,8280,276.0,camera_7,removed,-1
1657,8285,276.167,camera_2,removed,63
1658,8290,276.333,camera_1,reacquired,26
1658,8290,276.333,camera_4,new_track,53
1658,8290,276.333,camera_5,new_track,84
1658,8290,276.333,camera_5,removed,-1
1658,8290,276.333,camera_6,reacquired,76
1658,8290,276.333,camera_6,lost_track,79
1658,8290,276.333,camera_7,new_track,50
1659,8295,276.5,camera_5,new_track,85
1659,8295,276.5,camera_6,removed,-1
1660,8300,276.667,camera_6,lost_track,76
1661,8305,276.833,camera_4,removed,-1
1661,8305,276.833,camera_6,reacquired,76
1662,8310,277.0,camera_5,lost_track,84
1662,8310,277.0,camera_5,removed,80
1662,8310,277.0,camera_6,lost_track,76
1662,8310,277.0,camera_6,removed,-1
1663,8315,277.167,camera_5,reacquired,83
1663,8315,277.167,camera_7,removed,-1
1664,8320,277.333,camera_5,lost_track,83
1664,8320,277.333,camera_6,removed,77
1665,8325,277.5,camera_1,removed,32
1665,8325,277.5,camera_4,new_track,54
1666,8330,277.667,camera_5,removed,81
1667,8335,277.833,camera_6,removed,-1
1669,8345,278.167,camera_1,removed,33
1669,8345,278.167,camera_5,lost_track,85
1670,8350,278.333,camera_4,removed,51
1671,8355,278.5,camera_6,new_track,80
1671,8355,278.5,camera_7,new_track,51
1673,8365,278.833,camera_6,lost_track,80
1674,8370,279.0,camera_4,lost_track,52
1674,8370,279.0,camera_6,removed,75
1675,8375,279.167,camera_2,removed,64
1676,8380,279.333,camera_4,lost_track,53
1676,8380,279.333,camera_6,new_track,81
1676,8380,279.333,camera_7,lost_track,51
1676,8380,279.333,camera_7,removed,47
1677,8385,279.5,camera_2,removed,65
1677,8385,279.5,camera_4,reacquired,53
1677,8385,279.5,camera_5,removed,-1
1677,8385,279.5,camera_6,lost_track,81
1677,8385,279.5,camera_7,lost_track,50
1678,8390,279.667,camera_4,lost_track,53
1678,8390,279.667,camera_7,reacquired,50
1679,8395,279.833,camera_6,new_track,82
1679,8395,279.833,camera_6,reacquired,81
1679,8395,279.833,camera_7,removed,48
1680,8400,280.0,camera_3,removed,82
1680,8400,280.0,camera_5,new_track,86
1680,8400,280.0,camera_5,removed,82
1680,8400,280.0,camera_6,lost_track,81
1680,8400,280.0,camera_7,lost_track,50
1681,8405,280.167,camera_6,reacquired,81
1682,8410,280.333,camera_6,removed,78
1682,8410,280.333,camera_6,removed,-1
1684,8420,280.667,camera_4,lost_track,54
1684,8420,280.667,camera_6,removed,-1
1684,8420,280.667,camera_7,reacquired,50
1684,8420,280.667,camera_7,removed,49
1685,8425,280.833,camera_4,removed,-1
1685,8425,280.833,camera_6,new_track,83
1685,8425,280.833,camera_7,lost_track,50
1686,8430,281.0,camera_5,lost_track,86
1686,8430,281.0,camera_6,lost_track,81
1686,8430,281.0,camera_7,removed,-1
1687,8435,281.167,camera_2,new_track,66
1687,8435,281.167,camera_5,removed,-1
1687,8435,281.167,camera_6,lost_track,82
1687,8435,281.167,camera_6,lost_track,83
1687,8435,281.167,camera_6,removed,-1
1688,8440,281.333,camera_1,lost_track,26
1688,8440,281.333,camera_6,reacquired,81
1688,8440,281.333,camera_6,removed,79
1689,8445,281.5,camera_3,removed,-1
1689,8445,281.5,camera_7,removed,-1
1691,8455,281.833,camera_3,removed,-1
1691,8455,281.833,camera_7,removed,-1
1692,8460,282.0,camera_4,removed,-1
1692,8460,282.0,camera_5,removed,84
1692,8460,282.0,camera_5,removed,-1
1692,8460,282.0,camera_6,removed,76
1693,8465,282.167,camera_3,removed,-1
1693,8465,282.167,camera_4,new_track,55
1693,8465,282.167,camera_5,reacquired,83
1693,8465,282.167,camera_6,new_track,84
1694,8470,282.333,camera_3,new_track,84
1694,8470,282.333,camera_5,lost_track,83
1694,8470,282.333,camera_6,reacquired,83
1694,8470,282.333,camera_6,lost_track,84
1694,8470,282.333,camera_7,new_track,52
1695,8475,282.5,camera_1,reacquired,26
1695,8475,282.5,camera_1,removed,-1
1695,8475,282.5,camera_7,new_track,53
1695,8475,282.5,camera_7,lost_track,52
1696,8480,282.667,camera_1,new_track,34
1696,8480,282.667,camera_2,lost_track,66
1696,8480,282.667,camera_3,new_track,85
1696,8480,282.667,camera_3,lost_track,84
1696,8480,282.667,camera_5,new_track,87
1696,8480,282.667,camera_5,removed,-1
1696,8480,282.667,camera_6,lost_track,83
1696,8480,282.667,camera_7,reacquired,52
1697,8485,282.833,camera_5,reacquired,83
1697,8485,282.833,camera_6,reacquired,83
1698,8490,283.0,camera_1,lost_track,34
1698,8490,283.0,camera_3,reacquired,84
1698,8490,283.0,camera_5,lost_track,83
1698,8490,283.0,camera_5,lost_track,87
1699,8495,283.167,camera_5,removed,85
1699,8495,283.167,camera_7,lost_track,52
1700,8500,283.333,camera_5,reacquired,83
1701,8505,283.5,camera_3,lost_track,84
1701,8505,283.5,camera_5,new_track,88
1701,8505,283.5,camera_5,new_track,89
1701,8505,283.5,camera_5,lost_track,83
1701,8505,283.5,camera_5,removed,-1
1701,8505,283.5,camera_6,lost_track,83
1701,8505,283.5,camera_7,reacquired,52
1702,8510,283.667,camera_2,removed,-1
1702,8510,283.667,camera_3,lost_track,85
1702,8510,283.667,camera_5,lost_track,89
1702,8510,283.667,camera_6,reacquired,83
1702,8510,283.667,camera_6,lost_track,81
1702,8510,283.667,camera_7,lost_track,52
1703,8515,283.833,camera_3,reacquired,85
1703,8515,283.833,camera_4,new_track,56
1703,8515,283.833,camera_6,removed,80
1703,8515,283.833,camera_7,reacquired,52
1704,8520,284.0,camera_3,lost_track,85
1704,8520,284.0,camera_4,removed,52
1704,8520,284.0,camera_6,lost_track,83
1705,8525,284.167,camera_3,removed,-1
1706,8530,284.333,camera_2,removed,-1
1706,8530,284.333,camera_5,removed,-1
1706,8530,284.333,camera_6,reacquired,83
1706,8530,284.333,camera_7,new_track,54
1706,8530,284.333,camera_7,lost_track,52
1706,8530,284.333,camera_7,removed,51
1707,8535,284.5,camera_1,lost_track,26
1707,8535,284.5,camera_4,lost_track,56
1707,8535,284.5,camera_4,lost_track,55
1707,8535,284.5,camera_5,reacquired,89
1707,8535,284.5,camera_5,lost_track,88
1707,8535,284.5,camera_6,reacquired,81
1708,8540,284.667,camera_1,reacquired,26
1708,8540,284.667,camera_2,removed,-1
1708,8540,284.667,camera_4,reacquired,56
1708,8540,284.667,camera_4,removed,53
1708,8540,284.667,camera_4,removed,-1
1708,8540,284.667,camera_7,lost_track,54
1708,8540,284.667,camera_7,removed,-1
1709,8545,284.833,camera_2,new_track,67
1710,8550,285.0,camera_3,new_track,86
1710,8550,285.0,camera_6,lost_track,81
1710,8550,285.0,camera_7,new_track,55
1712,8560,285.333,camera_2,removed,-1
1713,8565,285.5,camera_1,lost_track,26
1713,8565,285.5,camera_5,removed,-1
1714,8570,285.667,camera_3,lost_track,86
1714,8570,285.667,camera_4,removed,54
1714,8570,285.667,camera_6,lost_track,83
1715,8575,285.833,camera_3,reacquired,86
1715,8575,285.833,camera_4,lost_track,56
1715,8575,285.833,camera_5,reacquired,83
1715,8575,285.833,camera_5,removed,-1
1715,8575,285.833,camera_6,reacquired,83
1715,8575,285.833,camera_7,removed,50
1716,8580,286.0,camera_1,removed,-1
1716,8580,286.0,camera_5,new_track,90
1716,8580,286.0,camera_5,removed,86
1717,8585,286.167,camera_1,reacquired,26
1717,8585,286.167,camera_3,new_track,87
1717,8585,286.167,camera_3,lost_track,86
1717,8585,286.167,camera_4,removed,-1
1717,8585,286.167,camera_6,removed,82
1718,8590,286.333,camera_2,new_track,68
1718,8590,286.333,camera_3,reacquired,86
1718,8590,286.333,camera_4,new_track,57
1718,8590,286.333,camera_5,lost_track,83
1719,8595,286.5,camera_2,lost_track,68
1719,8595,286.5,camera_2,removed,-1
1720,8600,286.667,camera_4,new_track,58
1721,8605,286.833,camera_3,lost_track,86
1721,8605,286.833,camera_4,lost_track,57
1722,8610,287.0,camera_2,new_track,69
1722,8610,287.0,camera_2,lost_track,67
1722,8610,287.0,camera_5,lost_track,89
1723,8615,287.167,camera_1,lost_track,26
1723,8615,287.167,camera_2,reacquired,67
1724,8620,287.333,camera_6,removed,84
1725,8625,287.5,camera_1,new_track,35
1725,8625,287.5,camera_1,reacquired,26
1725,8625,287.5,camera_2,lost_track,67
1725,8625,287.5,camera_2,lost_track,69
1725,8625,287.5,camera_5,new_track,91
1725,8625,287.5,camera_6,lost_track,83
1725,8625,287.5,camera_7,lost_track,53
1726,8630,287.667,camera_1,lost_track,26
1726,8630,287.667,camera_2,reacquired,69
1726,8630,287.667,camera_2,removed,66
1726,8630,287.667,camera_2,removed,-1
1726,8630,287.667,camera_4,removed,-1
1727,8635,287.833,camera_1,reacquired,26
1728,8640,288.0,camera_1,lost_track,26
1728,8640,288.0,camera_1,removed,34
1728,8640,288.0,camera_4,new_track,59
1728,8640,288.0,camera_5,lost_track,90
1728,8640,288.0,camera_5,removed,87
1728,8640,288.0,camera_7,removed,-1
1729,8645,288.167,camera_2,lost_track,69
1730,8650,288.333,camera_6,removed,-1
1731,8655,288.5,camera_3,removed,84
1731,8655,288.5,camera_4,lost_track,58
1731,8655,288.5,camera_5,reacquired,90
1731,8655,288.5,camera_6,new_track,85
1731,8655,288.5,camera_6,reacquired,81
1732,8660,288.667,camera_1,reacquired,26
1732,8660,288.667,camera_1,removed,-1
1732,8660,288.667,camera_4,new_track,60
1733,8665,288.833,camera_5,lost_track,90
1733,8665,288.833,camera_5,lost_track,91
1733,8665,288.833,camera_6,lost_track,81
1733,8665,288.833,camera_7,reacquired,53
1733,8665,288.833,camera_7,lost_track,55
1734,8670,289.0,camera_3,removed,85
1734,8670,289.0,camera_5,reacquired,91
1735,8675,289.167,camera_5,lost_track,91
1736,8680,289.333,camera_2,new_track,70
1736,8680,289.333,camera_7,lost_track,53
1736,8680,289.333,camera_7,removed,52
1737,8685,289.5,camera_4,lost_track,60
1737,8685,289.5,camera_4,removed,55
1737,8685,289.5,camera_5,new_track,92
1737,8685,289.5,camera_5,removed,88
1737,8685,289.5,camera_6,lost_track,85
1738,8690,289.667,camera_3,new_track,88
1738,8690,289.667,camera_5,lost_track,92
1738,8690,289.667,camera_6,removed,-1
1738,8690,289.667,camera_7,removed,54
1739,8695,289.833,camera_4,lost_track,59
1739,8695,289.833,camera_5,new_track,93
1739,8695,289.833,camera_6,reacquired,81
1739,8695,289.833,camera_6,reacquired,85
1740,8700,290.0,camera_1,lost_track,26
1740,8700,290.0,camera_4,reacquired,59
1740,8700,290.0,camera_7,removed,-1
1741,8705,290.167,camera_1,removed,-1
1741,8705,290.167,camera_5,removed,-1
1741,8705,290.167,camera_6,lost_track,85
1742,8710,290.333,camera_4,new_track,61
1742,8710,290.333,camera_5,new_track,94
1742,8710,290.333,camera_6,lost_track,81
1742,8710,290.333,camera_6,removed,-1
1743,8715,290.5,camera_3,lost_track,87
1744,8720,290.667,camera_5,lost_track,94
1744,8720,290.667,camera_6,removed,-1
1745,8725,290.833,camera_2,reacquired,68
1745,8725,290.833,camera_3,lost_track,88
1745,8725,290.833,camera_4,removed,56
1745,8725,290.833,camera_6,new_track,86
1746,8730,291.0,camera_1,reacquired,26
1746,8730,291.0,camera_3,reacquired,88
1746,8730,291.0,camera_7,removed,-1
1747,8735,291.167,camera_2,lost_track,68
1748,8740,291.333,camera_1,lost_track,26
1748,8740,291.333,camera_2,reacquired,68
1748,8740,291.333,camera_2,lost_track,70
1748,8740,291.333,camera_3,lost_track,88
1748,8740,291.333,camera_5,removed,83
1748,8740,291.333,camera_7,new_track,56
1749,8745,291.5,camera_2,new_track,71
1749,8745,291.5,camera_2,reacquired,70
1749,8745,291.5,camera_2,lost_track,68
1750,8750,291.667,camera_1,reacquired,26
1750,8750,291.667,camera_2,lost_track,71
1751,8755,291.833,camera_2,removed,-1
1751,8755,291.833,camera_3,reacquired,88
1751,8755,291.833,camera_3,removed,86
1751,8755,291.833,camera_4,lost_track,59
1751,8755,291.833,camera_4,removed,57
1752,8760,292.0,camera_5,removed,89
1753,8765,292.167,camera_3,new_track,89
1753,8765,292.167,camera_3,removed,-1
1753,8765,292.167,camera_4,lost_track,61
1755,8775,292.5,camera_1,lost_track,26
1755,8775,292.5,camera_1,lost_track,35
1755,8775,292.5,camera_2,removed,67
1755,8775,292.5,camera_3,new_track,90
1755,8775,292.5,camera_4,new_track,62
1755,8775,292.5,camera_5,removed,-1
1755,8775,292.5,camera_6,removed,83
1756,8780,292.667,camera_6,lost_track,86
1757,8785,292.833,camera_1,reacquired,35
1758,8790,293.0,camera_1,new_track,36
1758,8790,293.0,camera_1,lost_track,35
1758,8790,293.0,camera_3,lost_track,88
1758,8790,293.0,camera_4,new_track,63
1759,8795,293.167,camera_1,lost_track,36
1759,8795,293.167,camera_2,removed,69
1759,8795,293.167,camera_4,lost_track,62
1759,8795,293.167,camera_5,reacquired,92
1759,8795,293.167,camera_6,new_track,87
1760,8800,293.333,camera_1,new_track,37
1760,8800,293.333,camera_1,reacquired,26
1760,8800,293.333,camera_4,removed,-1
1760,8800,293.333,camera_5,new_track,95
1761,8805,293.5,camera_3,reacquired,88
1761,8805,293.5,camera_3,lost_track,89
1761,8805,293.5,camera_4,removed,58
1762,8810,293.667,camera_1,new_track,38
1762,8810,293.667,camera_1,lost_track,26
1762,8810,293.667,camera_1,lost_track,37
1762,8810,293.667,camera_3,reacquired,89
1762,8810,293.667,camera_5,lost_track,93
1762,8810,293.667,camera_5,lost_track,95
1763,8815,293.833,camera_2,reacquired,68
1763,8815,293.833,camera_2,lost_track,70
1763,8815,293.833,camera_3,lost_track,89
1763,8815,293.833,camera_3,lost_track,90
1763,8815,293.833,camera_4,removed,-1
1763,8815,293.833,camera_5,reacquired,93
1763,8815,293.833,camera_5,removed,90
1763,8815,293.833,camera_7,removed,55
1764,8820,294.0,camera_2,reacquired,70
1765,8825,294.167,camera_1,reacquired,26
1765,8825,294.167,camera_3,reacquired,89
1765,8825,294.167,camera_5,lost_track,92
1765,8825,294.167,camera_5,removed,91
1765,8825,294.167,camera_6,new_track,88
1766,8830,294.333,camera_3,lost_track,88
1766,8830,294.333,camera_4,removed,-1
1766,8830,294.333,camera_7,removed,53
1767,8835,294.5,camera_3,lost_track,89
1767,8835,294.5,camera_4,removed,60
1767,8835,294.5,camera_5,lost_track,93
1768,8840,294.667,camera_1,lost_track,26
1768,8840,294.667,camera_2,lost_track,70
1768,8840,294.667,camera_5,removed,-1
1769,8845,294.833,camera_1,reacquired,26
1769,8845,294.833,camera_2,reacquired,70
1769,8845,294.833,camera_4,new_track,64
1770,8850,295.0,camera_3,reacquired,90
1770,8850,295.0,camera_5,new_track,96
1770,8850,295.0,camera_5,removed,-1
1771,8855,295.167,camera_2,lost_track,68
1771,8855,295.167,camera_2,lost_track,70
1771,8855,295.167,camera_6,removed,85
1772,8860,295.333,camera_2,reacquired,68
1772,8860,295.333,camera_2,reacquired,70
1772,8860,295.333,camera_3,lost_track,90
1772,8860,295.333,camera_6,lost_track,88
1772,8860,295.333,camera_6,removed,81
1773,8865,295.5,camera_2,lost_track,68
1773,8865,295.5,camera_3,removed,87
1773,8865,295.5,camera_5,removed,-1
1773,8865,295.5,camera_7,removed,-1
1774,8870,295.667,camera_2,reacquired,68
1774,8870,295.667,camera_4,lost_track,63
1774,8870,295.667,camera_5,removed,94
1775,8875,295.833,camera_2,lost_track,68
1775,8875,295.833,camera_2,lost_track,70
1775,8875,295.833,camera_5,new_track,97
1775,8875,295.833,camera_5,new_track,98
1775,8875,295.833,camera_5,reacquired,95
1775,8875,295.833,camera_6,lost_track,87
1775,8875,295.833,camera_7,removed,-1
1776,8880,296.0,camera_1,lost_track,26
1776,8880,296.0,camera_3,new_track,91
1776,8880,296.0,camera_5,lost_track,98
1777,8885,296.167,camera_1,reacquired,26
1777,8885,296.167,camera_3,removed,-1
1778,8890,296.333,camera_2,new_track,72
1778,8890,296.333,camera_2,reacquired,70
1778,8890,296.333,camera_3,new_track,92
1778,8890,296.333,camera_3,lost_track,91
1779,8895,296.5,camera_2,new_track,73
1779,8895,296.5,camera_5,lost_track,96
1779,8895,296.5,camera_7,lost_track,56
1780,8900,296.667,camera_2,removed,-1
1780,8900,296.667,camera_2,removed,71
1780,8900,296.667,camera_3,reacquired,89
1780,8900,296.667,camera_3,reacquired,91
1780,8900,296.667,camera_5,new_track,99
1780,8900,296.667,camera_5,lost_track,95
1781,8905,296.833,camera_1,lost_track,26
1781,8905,296.833,camera_2,reacquired,71
1781,8905,296.833,camera_3,lost_track,89
1781,8905,296.833,camera_4,removed,59
1781,8905,296.833,camera_5,lost_track,99
1782,8910,297.0,camera_2,lost_track,71
1782,8910,297.0,camera_3,reacquired,89
1782,8910,297.0,camera_3,lost_track,91
1783,8915,297.167,camera_1,reacquired,36
1783,8915,297.167,camera_2,lost_track,72
1783,8915,297.167,camera_2,removed,-1
1783,8915,297.167,camera_3,reacquired,91
1783,8915,297.167,camera_4,removed,61
1783,8915,297.167,camera_7,new_track,57
1783,8915,297.167,camera_7,reacquired,56
1785,8925,297.5,camera_1,reacquired,26
1785,8925,297.5,camera_7,lost_track,56
1786,8930,297.667,camera_1,lost_track,26
1786,8930,297.667,camera_4,new_track,65
1786,8930,297.667,camera_6,removed,86
1787,8935,297.833,camera_1,reacquired,26
1787,8935,297.833,camera_2,lost_track,73
1787,8935,297.833,camera_3,reacquired,88
1787,8935,297.833,camera_3,lost_track,89
1787,8935,297.833,camera_3,removed,-1
1787,8935,297.833,camera_4,lost_track,64
1787,8935,297.833,camera_4,lost_track,65
1787,8935,297.833,camera_5,lost_track,97
1788,8940,298.0,camera_1,new_track,39
1788,8940,298.0,camera_1,removed,35
1788,8940,298.0,camera_3,reacquired,89
1788,8940,298.0,camera_4,new_track,66
1789,8945,298.167,camera_1,lost_track,39
1789,8945,298.167,camera_2,new_track,74
1789,8945,298.167,camera_4,removed,62
1790,8950,298.333,camera_1,reacquired,39
1790,8950,298.333,camera_5,reacquired,99
1791,8955,298.5,camera_1,lost_track,26
1791,8955,298.5,camera_5,new_track,100
1791,8955,298.5,camera_5,lost_track,99
1792,8960,298.667,camera_1,lost_track,39
1792,8960,298.667,camera_1,removed,37
1792,8960,298.667,camera_2,lost_track,74
1792,8960,298.667,camera_5,lost_track,100
1793,8965,298.833,camera_1,reacquired,26
1793,8965,298.833,camera_1,lost_track,38
1793,8965,298.833,camera_5,reacquired,100
1794,8970,299.0,camera_2,lost_track,70
1794,8970,299.0,camera_5,lost_track,100
1795,8975,299.167,camera_3,lost_track,89
1795,8975,299.167,camera_3,lost_track,91
1795,8975,299.167,camera_4,lost_track,66
1795,8975,299.167,camera_5,reacquired,100
1795,8975,299.167,camera_5,removed,92
1796,8980,299.333,camera_1,lost_track,26
1796,8980,299.333,camera_4,reacquired,66
1796,8980,299.333,camera_4,removed,-1
1797,8985,299.5,camera_2,removed,-1
1797,8985,299.5,camera_3,lost_track,88
1797,8985,299.5,camera_3,lost_track,92
1797,8985,299.5,camera_5,lost_track,100
1797,8985,299.5,camera_5,removed,93
1798,8990,299.667,camera_1,reacquired,26
1798,8990,299.667,camera_3,reacquired,88
1798,8990,299.667,camera_3,removed,-1
1799,8995,299.833,camera_3,reacquired,92
1799,8995,299.833,camera_3,lost_track,88
1800,9000,300.0,camera_1,lost_track,26
1800,9000,300.0,camera_4,reacquired,64
1800,9000,300.0,camera_4,lost_track,66
1801,9005,300.167,camera_1,reacquired,26
1801,9005,300.167,camera_3,reacquired,91
1801,9005,300.167,camera_3,lost_track,92
1802,9010,300.333,camera_1,lost_track,26
1802,9010,300.333,camera_2,removed,-1
1802,9010,300.333,camera_3,new_track,93
1802,9010,300.333,camera_3,reacquired,92
1802,9010,300.333,camera_3,removed,90
1802,9010,300.333,camera_6,removed,88
1803,9015,300.5,camera_1,reacquired,39
1804,9020,300.667,camera_1,lost_track,39
1804,9020,300.667,camera_2,new_track,75
1804,9020,300.667,camera_3,removed,-1
1804,9020,300.667,camera_4,removed,63
1805,9025,300.833,camera_1,reacquired,26
1805,9025,300.833,camera_2,new_track,76
1805,9025,300.833,camera_2,removed,68
1805,9025,300.833,camera_2,removed,-1
1805,9025,300.833,camera_3,new_track,94
1805,9025,300.833,camera_3,reacquired,88
1805,9025,300.833,camera_3,lost_track,93
1805,9025,300.833,camera_6,removed,87
1806,9030,301.0,camera_1,new_track,40
1806,9030,301.0,camera_2,lost_track,76
1806,9030,301.0,camera_5,removed,98
1807,9035,301.167,camera_5,reacquired,98
1808,9040,301.333,camera_3,lost_track,92
1809,9045,301.5,camera_1,reacquired,39
1809,9045,301.5,camera_3,reacquired,92
1809,9045,301.5,camera_4,lost_track,64
1809,9045,301.5,camera_5,lost_track,98
1809,9045,301.5,camera_5,removed,96
1809,9045,301.5,camera_7,new_track,58
1810,9050,301.667,camera_1,lost_track,26
1810,9050,301.667,camera_2,lost_track,75
1810,9050,301.667,camera_5,new_track,101
1810,9050,301.667,camera_5,removed,95
1811,9055,301.833,camera_1,reacquired,26
1811,9055,301.833,camera_1,lost_track,39
1811,9055,301.833,camera_1,removed,-1
1812,9060,302.0,camera_1,lost_track,26
1812,9060,302.0,camera_2,removed,71
1812,9060,302.0,camera_3,lost_track,92
1813,9065,302.167,camera_2,removed,72
1813,9065,302.167,camera_3,reacquired,92
1814,9070,302.333,camera_1,lost_track,36
1814,9070,302.333,camera_2,reacquired,75
1814,9070,302.333,camera_2,removed,-1
1814,9070,302.333,camera_7,lost_track,58
1815,9075,302.5,camera_1,reacquired,26
1815,9075,302.5,camera_2,reacquired,74
1815,9075,302.5,camera_2,lost_track,75
1815,9075,302.5,camera_5,reacquired,98
1815,9075,302.5,camera_7,removed,56
1816,9080,302.667,camera_1,lost_track,26
1816,9080,302.667,camera_2,reacquired,75
1816,9080,302.667,camera_3,lost_track,92
1816,9080,302.667,camera_6,new_track,89
1816,9080,302.667,camera_7,reacquired,58
1816,9080,302.667,camera_7,removed,-1
1817,9085,302.833,camera_2,lost_track,74
1817,9085,302.833,camera_2,removed,73
1817,9085,302.833,camera_3,lost_track,88
1817,9085,302.833,camera_4,removed,65
1817,9085,302.833,camera_5,removed,97
1818,9090,303.0,camera_2,lost_track,75
1819,9095,303.167,camera_2,reacquired,75
1819,9095,303.167,camera_3,removed,-1
1820,9100,303.333,camera_1,reacquired,26
1820,9100,303.333,camera_2,lost_track,75
1820,9100,303.333,camera_3,reacquired,88
1821,9105,303.5,camera_1,lost_track,26
1821,9105,303.5,camera_2,reacquired,75
1821,9105,303.5,camera_3,new_track,95
1821,9105,303.5,camera_3,lost_track,94
1821,9105,303.5,camera_5,removed,99
1822,9110,303.667,camera_2,lost_track,75
1822,9110,303.667,camera_4,new_track,67
1822,9110,303.667,camera_5,lost_track,98
1822,9110,303.667,camera_7,lost_track,58
1823,9115,303.833,camera_1,removed,38
1824,9120,304.0,camera_2,removed,70
1824,9120,304.0,camera_5,removed,-1
1825,9125,304.167,camera_3,removed,89
1825,9125,304.167,camera_5,lost_track,101
1825,9125,304.167,camera_7,new_track,59
1826,9130,304.333,camera_2,reacquired,75
1826,9130,304.333,camera_5,new_track,102
1826,9130,304.333,camera_7,lost_track,59
1827,9135,304.5,camera_2,lost_track,75
1827,9135,304.5,camera_3,lost_track,95
1827,9135,304.5,camera_5,removed,100
1828,9140,304.667,camera_1,new_track,41
1828,9140,304.667,camera_1,reacquired,39
1828,9140,304.667,camera_2,reacquired,75
1828,9140,304.667,camera_6,removed,-1
1829,9145,304.833,camera_1,lost_track,39
1829,9145,304.833,camera_3,reacquired,95
1829,9145,304.833,camera_5,lost_track,102
1830,9150,305.0,camera_3,lost_track,95
1830,9150,305.0,camera_4,removed,66
1830,9150,305.0,camera_6,removed,-1
1830,9150,305.0,camera_7,new_track,60
1831,9155,305.167,camera_1,lost_track,41
1831,9155,305.167,camera_3,reacquired,95
1831,9155,305.167,camera_3,lost_track,88
1831,9155,305.167,camera_6,lost_track,89
1832,9160,305.333,camera_1,reacquired,41
1832,9160,305.333,camera_6,removed,-1
1833,9165,305.5,camera_1,reacquired,39
1833,9165,305.5,camera_1,removed,-1
1833,9165,305.5,camera_2,lost_track,75
1833,9165,305.5,camera_7,lost_track,60
1833,9165,305.5,camera_7,removed,-1
1834,9170,305.667,camera_1,lost_track,39
1834,9170,305.667,camera_2,reacquired,75
1834,9170,305.667,camera_3,new_track,96
1834,9170,305.667,camera_5,new_track,103
1834,9170,305.667,camera_7,reacquired,60
1835,9175,305.833,camera_2,lost_track,75
1835,9175,305.833,camera_3,lost_track,96
1835,9175,305.833,camera_3,lost_track,91
1835,9175,305.833,camera_3,removed,93
1835,9175,305.833,camera_7,lost_track,60
1836,9180,306.0,camera_2,removed,76
1836,9180,306.0,camera_7,reacquired,60
1836,9180,306.0,camera_7,removed,-1
1837,9185,306.167,camera_2,reacquired,75
1837,9185,306.167,camera_7,lost_track,60
1838,9190,306.333,camera_3,lost_track,95
1839,9195,306.5,camera_2,lost_track,75
1839,9195,306.5,camera_4,removed,64
1840,9200,306.667,camera_1,lost_track,41
1840,9200,306.667,camera_2,reacquired,75
1840,9200,306.667,camera_3,reacquired,96
1842,9210,307.0,camera_1,reacquired,26
1842,9210,307.0,camera_4,lost_track,67
1842,9210,307.0,camera_7,removed,-1
1843,9215,307.167,camera_1,lost_track,26
1843,9215,307.167,camera_4,removed,-1
1844,9220,307.333,camera_1,removed,36
1844,9220,307.333,camera_3,reacquired,95
1846,9230,307.667,camera_2,lost_track,75
1846,9230,307.667,camera_3,removed,92
1847,9235,307.833,camera_2,removed,74
1847,9235,307.833,camera_3,lost_track,96
1847,9235,307.833,camera_3,lost_track,95
1849,9245,308.167,camera_2,new_track,77
1849,9245,308.167,camera_7,removed,-1
1850,9250,308.333,camera_2,new_track,78
1850,9250,308.333,camera_3,removed,-1
1851,9255,308.5,camera_1,reacquired,26
1851,9255,308.5,camera_3,new_track,97
1851,9255,308.5,camera_3,removed,94
1851,9255,308.5,camera_7,lost_track,57
1852,9260,308.667,camera_1,lost_track,26
1852,9260,308.667,camera_5,removed,98
1852,9260,308.667,camera_7,removed,58
1853,9265,308.833,camera_1,reacquired,26
1853,9265,308.833,camera_4,new_track,68
1854,9270,309.0,camera_2,lost_track,77
1854,9270,309.0,camera_2,lost_track,78
1854,9270,309.0,camera_3,reacquired,95
1854,9270,309.0,camera_3,reacquired,96
1854,9270,309.0,camera_3,lost_track,97
1854,9270,309.0,camera_3,removed,-1
1854,9270,309.0,camera_7,removed,-1
1855,9275,309.167,camera_3,reacquired,97
1855,9275,309.167,camera_3,lost_track,95
1855,9275,309.167,camera_5,removed,101
1856,9280,309.333,camera_1,reacquired,41
1856,9280,309.333,camera_1,lost_track,26
1856,9280,309.333,camera_2,reacquired,77
1856,9280,309.333,camera_2,reacquired,78
1856,9280,309.333,camera_3,removed,-1
1856,9280,309.333,camera_7,removed,59
1857,9285,309.5,camera_1,reacquired,26
1857,9285,309.5,camera_3,reacquired,91
1857,9285,309.5,camera_7,new_track,61
1858,9290,309.667,camera_1,reacquired,39
1858,9290,309.667,camera_2,lost_track,77
1858,9290,309.667,camera_2,lost_track,78
1858,9290,309.667,camera_3,lost_track,91
1858,9290,309.667,camera_7,lost_track,61
1858,9290,309.667,camera_7,removed,-1
1859,9295,309.833,camera_1,lost_track,39
1859,9295,309.833,camera_2,reacquired,78
1859,9295,309.833,camera_3,reacquired,95
1859,9295,309.833,camera_5,removed,102
1860,9300,310.0,camera_1,lost_track,26
1860,9300,310.0,camera_2,new_track,79
1860,9300,310.0,camera_3,lost_track,97
1861,9305,310.167,camera_1,reacquired,26
1861,9305,310.167,camera_3,reacquired,97
1861,9305,310.167,camera_3,removed,88
1861,9305,310.167,camera_6,removed,89
1861,9305,310.167,camera_7,new_track,62
1861,9305,310.167,camera_7,new_track,63
1862,9310,310.333,camera_1,lost_track,40
1862,9310,310.333,camera_1,lost_track,26
1862,9310,310.333,camera_2,lost_track,78
1862,9310,310.333,camera_3,lost_track,96
1862,9310,310.333,camera_3,removed,-1
1862,9310,310.333,camera_7,lost_track,63
1863,9315,310.5,camera_1,reacquired,26
1863,9315,310.5,camera_3,reacquired,91
1863,9315,310.5,camera_3,reacquired,96
1863,9315,310.5,camera_3,lost_track,97
1863,9315,310.5,camera_3,lost_track,95
1863,9315,310.5,camera_6,new_track,90
1864,9320,310.667,camera_1,reacquired,39
1865,9325,310.833,camera_1,lost_track,26
1865,9325,310.833,camera_1,lost_track,39
1865,9325,310.833,camera_6,lost_track,90
1865,9325,310.833,camera_7,removed,-1
1866,9330,311.0,camera_2,reacquired,78
1866,9330,311.0,camera_3,reacquired,97
1866,9330,311.0,camera_6,new_track,91
1866,9330,311.0,camera_6,new_track,92
1867,9335,311.167,camera_2,lost_track,79
1867,9335,311.167,camera_7,removed,60
1868,9340,311.333,camera_1,reacquired,26
1868,9340,311.333,camera_3,lost_track,97
1869,9345,311.5,camera_1,removed,-1
1869,9345,311.5,camera_2,reacquired,79
1869,9345,311.5,camera_2,removed,-1
1869,9345,311.5,camera_3,reacquired,97
1869,9345,311.5,camera_3,lost_track,91
1869,9345,311.5,camera_4,new_track,69
1869,9345,311.5,camera_7,new_track,64
1871,9355,311.833,camera_3,reacquired,91
1871,9355,311.833,camera_7,lost_track,64
1872,9360,312.0,camera_2,lost_track,79
1872,9360,312.0,camera_3,lost_track,96
1872,9360,312.0,camera_4,removed,67
1872,9360,312.0,camera_7,lost_track,62
1873,9365,312.167,camera_2,reacquired,79
1873,9365,312.167,camera_3,reacquired,96
1874,9370,312.333,camera_7,reacquired,64
1875,9375,312.5,camera_1,reacquired,39
1875,9375,312.5,camera_2,lost_track,79
1875,9375,312.5,camera_6,lost_track,91
1876,9380,312.667,camera_1,lost_track,26
1876,9380,312.667,camera_1,lost_track,39
1876,9380,312.667,camera_2,removed,75
1876,9380,312.667,camera_6,reacquired,91
1876,9380,312.667,camera_7,lost_track,64
1877,9385,312.833,camera_1,reacquired,26
1877,9385,312.833,camera_7,reacquired,64
1878,9390,313.0,camera_1,lost_track,41
1878,9390,313.0,camera_3,lost_track,96
1878,9390,313.0,camera_6,lost_track,91
1879,9395,313.167,camera_3,lost_track,91
1880,9400,313.333,camera_3,reacquired,91
1880,9400,313.333,camera_3,removed,-1
1881,9405,313.5,camera_1,reacquired,41
1881,9405,313.5,camera_2,reacquired,77
1881,9405,313.5,camera_3,reacquired,96
1881,9405,313.5,camera_7,removed,57
1882,9410,313.667,camera_1,lost_track,26
1882,9410,313.667,camera_3,lost_track,91
1883,9415,313.833,camera_1,reacquired,26
1883,9415,313.833,camera_6,lost_track,92
1884,9420,314.0,camera_1,lost_track,26
1884,9420,314.0,camera_2,lost_track,78
1885,9425,314.167,camera_1,reacquired,26
1885,9425,314.167,camera_2,lost_track,77
1886,9430,314.333,camera_1,lost_track,26
1886,9430,314.333,camera_7,lost_track,64
1887,9435,314.5,camera_2,reacquired,77
1887,9435,314.5,camera_3,reacquired,91
1887,9435,314.5,camera_7,reacquired,64
1888,9440,314.667,camera_1,reacquired,26
1888,9440,314.667,camera_2,reacquired,78
1888,9440,314.667,camera_2,lost_track,77
1888,9440,314.667,camera_3,lost_track,91
1888,9440,314.667,camera_7,removed,61
1889,9445,314.833,camera_2,lost_track,78
1889,9445,314.833,camera_3,reacquired,91
1890,9450,315.0,camera_2,reacquired,78
1891,9455,315.167,camera_2,lost_track,78
1892,9460,315.333,camera_1,removed,40
1892,9460,315.333,camera_3,new_track,98
1892,9460,315.333,camera_7,removed,63
1893,9465,315.5,camera_3,lost_track,98
1893,9465,315.5,camera_3,removed,95
1894,9470,315.667,camera_1,reacquired,39
1894,9470,315.667,camera_1,lost_track,26
1894,9470,315.667,camera_2,new_track,80
1894,9470,315.667,camera_2,reacquired,78
1895,9475,315.833,camera_1,reacquired,26
1895,9475,315.833,camera_6,removed,90
1895,9475,315.833,camera_7,lost_track,64
1896,9480,316.0,camera_1,lost_track,26
1896,9480,316.0,camera_2,lost_track,78
1896,9480,316.0,camera_7,reacquired,64
1896,9480,316.0,camera_7,removed,-1
1897,9485,316.167,camera_1,reacquired,26
1897,9485,316.167,camera_1,lost_track,39
1897,9485,316.167,camera_2,reacquired,78
1898,9490,316.333,camera_1,reacquired,39
1898,9490,316.333,camera_1,lost_track,26
1898,9490,316.333,camera_3,reacquired,98
1898,9490,316.333,camera_4,lost_track,68
1899,9495,316.5,camera_3,lost_track,98
1899,9495,316.5,camera_5,lost_track,103
1900,9500,316.667,camera_1,lost_track,39
1901,9505,316.833,camera_2,lost_track,80
1901,9505,316.833,camera_2,lost_track,78
1901,9505,316.833,camera_7,lost_track,64
1902,9510,317.0,camera_3,lost_track,91
1902,9510,317.0,camera_7,removed,62
1903,9515,317.167,camera_1,reacquired,39
1904,9520,317.333,camera_1,reacquired,26
1904,9520,317.333,camera_5,new_track,104
1904,9520,317.333,camera_7,reacquired,64
1905,9525,317.5,camera_1,lost_track,39
1905,9525,317.5,camera_2,reacquired,80
1905,9525,317.5,camera_2,removed,79
1905,9525,317.5,camera_3,reacquired,91
1905,9525,317.5,camera_7,lost_track,64
1906,9530,317.667,camera_1,reacquired,39
1906,9530,317.667,camera_3,reacquired,98
1907,9535,317.833,camera_1,lost_track,26
1907,9535,317.833,camera_1,lost_track,39
1907,9535,317.833,camera_2,lost_track,80
1908,9540,318.0,camera_1,reacquired,26
1908,9540,318.0,camera_3,lost_track,96
1908,9540,318.0,camera_3,lost_track,98
1908,9540,318.0,camera_3,lost_track,91
1908,9540,318.0,camera_6,removed,91
1909,9545,318.167,camera_3,reacquired,96
1910,9550,318.333,camera_7,removed,-1
1912,9560,318.667,camera_7,new_track,65
1913,9565,318.833,camera_6,removed,92
1915,9575,319.167,camera_3,lost_track,96
1915,9575,319.167,camera_7,new_track,66
1916,9580,319.333,camera_3,reacquired,96
1917,9585,319.5,camera_2,reacquired,78
1917,9585,319.5,camera_5,new_track,105
1918,9590,319.667,camera_1,lost_track,26
1918,9590,319.667,camera_2,removed,77
1918,9590,319.667,camera_3,reacquired,98
1919,9595,319.833,camera_3,lost_track,98
1919,9595,319.833,camera_4,lost_track,69
1920,9600,320.0,camera_1,reacquired,26
1920,9600,320.0,camera_3,removed,-1
1920,9600,320.0,camera_7,lost_track,65
1921,9605,320.167,camera_1,reacquired,39
1921,9605,320.167,camera_3,lost_track,96
1922,9610,320.333,camera_2,lost_track,78
1922,9610,320.333,camera_4,reacquired,69
1922,9610,320.333,camera_5,lost_track,105
1922,9610,320.333,camera_7,new_track,67
1923,9615,320.5,camera_1,lost_track,39
1923,9615,320.5,camera_3,reacquired,98
1924,9620,320.667,camera_2,reacquired,78
1924,9620,320.667,camera_4,new_track,70
1925,9625,320.833,camera_1,reacquired,39
1925,9625,320.833,camera_1,lost_track,26
1925,9625,320.833,camera_3,lost_track,98
1925,9625,320.833,camera_4,lost_track,69
1925,9625,320.833,camera_5,lost_track,104
1926,9630,321.0,camera_1,lost_track,39
1926,9630,321.0,camera_2,lost_track,78
1926,9630,321.0,camera_4,new_track,71
1927,9635,321.167,camera_1,reacquired,39
1927,9635,321.167,camera_3,reacquired,91
1927,9635,321.167,camera_7,lost_track,67
1928,9640,321.333,camera_1,lost_track,39
1928,9640,321.333,camera_3,lost_track,91
1928,9640,321.333,camera_4,removed,68
1929,9645,321.5,camera_3,reacquired,96
1929,9645,321.5,camera_5,removed,103
1930,9650,321.667,camera_2,reacquired,78
1931,9655,321.833,camera_2,lost_track,78
1931,9655,321.833,camera_3,lost_track,97
1931,9655,321.833,camera_4,lost_track,70
1932,9660,322.0,camera_1,removed,-1
1932,9660,322.0,camera_2,removed,-1
1932,9660,322.0,camera_3,reacquired,97
1932,9660,322.0,camera_3,lost_track,96
1933,9665,322.167,camera_1,reacquired,39
1933,9665,322.167,camera_3,lost_track,97
1933,9665,322.167,camera_4,removed,-1
1934,9670,322.333,camera_1,new_track,42
1934,9670,322.333,camera_1,lost_track,39
1935,9675,322.5,camera_1,reacquired,39
1935,9675,322.5,camera_4,removed,-1
1935,9675,322.5,camera_7,removed,64
1936,9680,322.667,camera_1,reacquired,26
1936,9680,322.667,camera_3,reacquired,96
1936,9680,322.667,camera_4,new_track,72
1936,9680,322.667,camera_7,lost_track,66
1937,9685,322.833,camera_1,lost_track,39
1937,9685,322.833,camera_2,removed,80
1937,9685,322.833,camera_3,new_track,99
1937,9685,322.833,camera_3,reacquired,97
1937,9685,322.833,camera_4,removed,-1
1938,9690,323.0,camera_3,reacquired,91
1939,9695,323.167,camera_1,reacquired,39
1939,9695,323.167,camera_3,lost_track,96
1939,9695,323.167,camera_4,lost_track,72
1940,9700,323.333,camera_2,new_track,81
1941,9705,323.5,camera_1,lost_track,39
1941,9705,323.5,camera_7,reacquired,66
1942,9710,323.667,camera_1,lost_track,26
1942,9710,323.667,camera_3,reacquired,96
1942,9710,323.667,camera_3,lost_track,91
1942,9710,323.667,camera_3,removed,-1
1942,9710,323.667,camera_4,new_track,73
1943,9715,323.833,camera_1,lost_track,41
1943,9715,323.833,camera_7,lost_track,66
1944,9720,324.0,camera_1,reacquired,26
1944,9720,324.0,camera_1,reacquired,41
1944,9720,324.0,camera_3,reacquired,98
1944,9720,324.0,camera_4,lost_track,71
1945,9725,324.167,camera_1,lost_track,41
1946,9730,324.333,camera_3,lost_track,96
1946,9730,324.333,camera_3,lost_track,97
1947,9735,324.5,camera_1,lost_track,26
1947,9735,324.5,camera_3,reacquired,96
1947,9735,324.5,camera_3,reacquired,97
1947,9735,324.5,camera_3,lost_track,98
1947,9735,324.5,camera_4,new_track,74
1947,9735,324.5,camera_5,removed,-1
1948,9740,324.667,camera_2,lost_track,81
1948,9740,324.667,camera_5,new_track,106
1949,9745,324.833,camera_1,reacquired,26
1949,9745,324.833,camera_2,reacquired,81
1949,9745,324.833,camera_3,lost_track,96
1949,9745,324.833,camera_3,lost_track,97
1949,9745,324.833,camera_4,lost_track,74
1949,9745,324.833,camera_5,new_track,107
1950,9750,325.0,camera_2,lost_track,81
1950,9750,325.0,camera_3,new_track,100
1950,9750,325.0,camera_3,reacquired,96
1950,9750,325.0,camera_3,reacquired,97
1950,9750,325.0,camera_4,removed,-1
1950,9750,325.0,camera_7,new_track,68
1950,9750,325.0,camera_7,removed,65
1951,9755,325.167,camera_1,lost_track,26
1951,9755,325.167,camera_4,reacquired,74
1951,9755,325.167,camera_4,lost_track,73
1951,9755,325.167,camera_5,lost_track,106
1951,9755,325.167,camera_7,lost_track,68
1952,9760,325.333,camera_3,lost_track,96
1952,9760,325.333,camera_3,lost_track,97
1952,9760,325.333,camera_4,new_track,75
1952,9760,325.333,camera_4,lost_track,74
1952,9760,325.333,camera_4,removed,-1
1952,9760,325.333,camera_5,reacquired,106
1952,9760,325.333,camera_5,removed,105
1952,9760,325.333,camera_7,reacquired,68
1953,9765,325.5,camera_3,reacquired,96
1953,9765,325.5,camera_3,reacquired,97
1953,9765,325.5,camera_3,lost_track,100
1953,9765,325.5,camera_5,new_track,108
1954,9770,325.667,camera_3,new_track,101
1954,9770,325.667,camera_5,lost_track,106
1955,9775,325.833,camera_3,lost_track,97
1955,9775,325.833,camera_3,lost_track,99
1955,9775,325.833,camera_4,lost_track,75
1955,9775,325.833,camera_4,removed,69
1955,9775,325.833,camera_5,reacquired,106
1955,9775,325.833,camera_5,removed,104
1956,9780,326.0,camera_4,removed,-1
1956,9780,326.0,camera_7,lost_track,68
1957,9785,326.167,camera_3,new_track,102
1957,9785,326.167,camera_3,reacquired,97
1957,9785,326.167,camera_7,removed,67
1958,9790,326.333,camera_3,lost_track,97
1958,9790,326.333,camera_5,lost_track,108
1959,9795,326.5,camera_1,new_track,43
1959,9795,326.5,camera_2,removed,-1
1959,9795,326.5,camera_3,reacquired,97
1959,9795,326.5,camera_5,reacquired,108
1960,9800,326.667,camera_3,lost_track,102
1961,9805,326.833,camera_2,removed,78
1961,9805,326.833,camera_2,removed,-1
1961,9805,326.833,camera_4,removed,70
1961,9805,326.833,camera_5,lost_track,108
1961,9805,326.833,camera_7,removed,-1
1962,9810,327.0,camera_1,reacquired,26
1962,9810,327.0,camera_1,reacquired,41
1962,9810,327.0,camera_5,reacquired,108
1962,9810,327.0,camera_5,lost_track,106
1963,9815,327.167,camera_1,lost_track,42
1963,9815,327.167,camera_1,lost_track,26
1963,9815,327.167,camera_1,removed,-1
1963,9815,327.167,camera_2,removed,-1
1963,9815,327.167,camera_6,new_track,93
1964,9820,327.333,camera_1,reacquired,26
1964,9820,327.333,camera_3,reacquired,91
1964,9820,327.333,camera_3,lost_track,96
1965,9825,327.5,camera_1,lost_track,43
1965,9825,327.5,camera_3,reacquired,102
1965,9825,327.5,camera_5,lost_track,107
1965,9825,327.5,camera_5,lost_track,108
1965,9825,327.5,camera_6,new_track,94
1966,9830,327.667,camera_1,reacquired,43
1966,9830,327.667,camera_1,lost_track,26
1966,9830,327.667,camera_3,lost_track,102
1966,9830,327.667,camera_5,reacquired,108
1966,9830,327.667,camera_7,removed,-1
1967,9835,327.833,camera_3,lost_track,97
1967,9835,327.833,camera_3,lost_track,101
1968,9840,328.0,camera_1,reacquired,26
1968,9840,328.0,camera_1,lost_track,41
1968,9840,328.0,camera_2,removed,-1
1968,9840,328.0,camera_3,new_track,104
1968,9840,328.0,camera_3,new_track,103
1968,9840,328.0,camera_3,reacquired,97
1968,9840,328.0,camera_7,new_track,69
1969,9845,328.167,camera_1,reacquired,41
1969,9845,328.167,camera_3,lost_track,104
1969,9845,328.167,camera_3,lost_track,97
1969,9845,328.167,camera_3,lost_track,91
1969,9845,328.167,camera_3,lost_track,103
1969,9845,328.167,camera_4,removed,72
1969,9845,328.167,camera_6,lost_track,94
1970,9850,328.333,camera_1,lost_track,41
1970,9850,328.333,camera_3,reacquired,97
1970,9850,328.333,camera_6,lost_track,93
1970,9850,328.333,camera_7,lost_track,69
1971,9855,328.5,camera_1,reacquired,41
1971,9855,328.5,camera_1,removed,39
1971,9855,328.5,camera_3,new_track,105
1971,9855,328.5,camera_3,reacquired,104
1971,9855,328.5,camera_3,lost_track,97
1971,9855,328.5,camera_6,reacquired,93
1971,9855,328.5,camera_6,removed,-1
1972,9860,328.667,camera_3,reacquired,97
1972,9860,328.667,camera_3,reacquired,103
1973,9865,328.833,camera_2,new_track,82
1973,9865,328.833,camera_3,lost_track,97
1973,9865,328.833,camera_6,lost_track,93
1973,9865,328.833,camera_7,removed,66
1974,9870,329.0,camera_3,reacquired,97
1974,9870,329.0,camera_3,lost_track,103
1974,9870,329.0,camera_3,removed,-1
1974,9870,329.0,camera_4,removed,71
1974,9870,329.0,camera_5,lost_track,108
1974,9870,329.0,camera_6,reacquired,93
1975,9875,329.167,camera_1,lost_track,41
1976,9880,329.333,camera_1,reacquired,41
1976,9880,329.333,camera_3,reacquired,96
1976,9880,329.333,camera_3,lost_track,104
1976,9880,329.333,camera_3,lost_track,97
1977,9885,329.5,camera_1,removed,-1
1977,9885,329.5,camera_3,removed,98
1978,9890,329.667,camera_2,removed,-1
1978,9890,329.667,camera_3,reacquired,97
1978,9890,329.667,camera_5,removed,-1
1979,9895,329.833,camera_1,removed,-1
1979,9895,329.833,camera_3,lost_track,96
1979,9895,329.833,camera_7,new_track,70
1980,9900,330.0,camera_2,removed,81
1980,9900,330.0,camera_2,removed,-1
1980,9900,330.0,camera_3,lost_track,97
1980,9900,330.0,camera_5,new_track,109
1980,9900,330.0,camera_6,lost_track,93
1981,9905,330.167,camera_1,lost_track,41
1981,9905,330.167,camera_3,reacquired,96
1981,9905,330.167,camera_3,reacquired,97
1981,9905,330.167,camera_3,lost_track,105
1981,9905,330.167,camera_4,removed,73
1982,9910,330.333,camera_4,removed,74
1983,9915,330.5,camera_2,new_track,83
1983,9915,330.5,camera_3,lost_track,96
1983,9915,330.5,camera_3,lost_track,97
1983,9915,330.5,camera_3,removed,100
1984,9920,330.667,camera_1,new_track,44
1984,9920,330.667,camera_3,new_track,106
1985,9925,330.833,camera_3,removed,99
1985,9925,330.833,camera_3,removed,-1
1985,9925,330.833,camera_4,new_track,76
1985,9925,330.833,camera_4,removed,75
1986,9930,331.0,camera_7,removed,68
1987,9935,331.167,camera_4,lost_track,76
1987,9935,331.167,camera_6,new_track,95
1988,9940,331.333,camera_1,lost_track,44
1988,9940,331.333,camera_3,removed,-1
1989,9945,331.5,camera_3,new_track,107
1989,9945,331.5,camera_4,reacquired,76
1989,9945,331.5,camera_4,removed,-1
1990,9950,331.667,camera_1,removed,-1
1990,9950,331.667,camera_3,lost_track,107
1991,9955,331.833,camera_2,lost_track,83
1991,9955,331.833,camera_3,lost_track,106
1991,9955,331.833,camera_4,lost_track,76
1992,9960,332.0,camera_1,lost_track,43
1992,9960,332.0,camera_3,reacquired,107
1992,9960,332.0,camera_5,removed,106
1993,9965,332.167,camera_1,reacquired,43
1993,9965,332.167,camera_1,removed,42
1993,9965,332.167,camera_3,reacquired,106
1994,9970,332.333,camera_1,lost_track,43
1994,9970,332.333,camera_5,lost_track,109
1995,9975,332.5,camera_1,reacquired,43
1995,9975,332.5,camera_3,lost_track,107
1995,9975,332.5,camera_4,new_track,77
1995,9975,332.5,camera_5,removed,107
1995,9975,332.5,camera_7,lost_track,70
1996,9980,332.667,camera_3,new_track,108
1996,9980,332.667,camera_3,removed,102
1997,9985,332.833,camera_1,reacquired,44
1997,9985,332.833,camera_2,lost_track,82
1997,9985,332.833,camera_3,removed,101
1997,9985,332.833,camera_5,reacquired,109
1997,9985,332.833,camera_6,lost_track,95
1997,9985,332.833,camera_7,removed,-1
1998,9990,333.0,camera_2,reacquired,82
1998,9990,333.0,camera_3,lost_track,108
1998,9990,333.0,camera_5,new_track,110
1998,9990,333.0,camera_5,lost_track,109
1998,9990,333.0,camera_6,new_track,96
1998,9990,333.0,camera_6,reacquired,95
1998,9990,333.0,camera_6,removed,-1
1999,9995,333.167,camera_3,lost_track,106
1999,9995,333.167,camera_3,removed,91
1999,9995,333.167,camera_6,lost_track,95
1999,9995,333.167,camera_6,removed,94
2000,10000,333.333,camera_6,removed,-1
2000,10000,333.333,camera_7,removed,69
2002,10010,333.667,camera_3,new_track,109
2003,10015,333.833,camera_3,reacquired,106
2003,10015,333.833,camera_5,removed,-1
2004,10020,334.0,camera_3,removed,103
2004,10020,334.0,camera_4,lost_track,77
2004,10020,334.0,camera_5,removed,108
2005,10025,334.167,camera_4,reacquired,77
2005,10025,334.167,camera_4,removed,-1
2005,10025,334.167,camera_6,new_track,97
2006,10030,334.333,camera_3,lost_track,109
2006,10030,334.333,camera_3,removed,104
2006,10030,334.333,camera_4,reacquired,76
2006,10030,334.333,camera_4,lost_track,77
2006,10030,334.333,camera_6,lost_track,96
2006,10030,334.333,camera_6,lost_track,97
2007,10035,334.5,camera_4,lost_track,76
2007,10035,334.5,camera_5,new_track,111
2007,10035,334.5,camera_6,new_track,98
2007,10035,334.5,camera_6,reacquired,96
2007,10035,334.5,camera_6,removed,-1
2008,10040,334.667,camera_4,reacquired,76
2008,10040,334.667,camera_4,removed,-1
2008,10040,334.667,camera_5,lost_track,111
2008,10040,334.667,camera_6,reacquired,97
2008,10040,334.667,camera_6,lost_track,98
2008,10040,334.667,camera_7,removed,-1
2009,10045,334.833,camera_2,removed,-1
2009,10045,334.833,camera_3,lost_track,106
2009,10045,334.833,camera_5,lost_track,110
2009,10045,334.833,camera_6,lost_track,97
2010,10050,335.0,camera_3,reacquired,106
2010,10050,335.0,camera_5,reacquired,111
2010,10050,335.0,camera_5,removed,-1
2010,10050,335.0,camera_6,reacquired,97
2010,10050,335.0,camera_6,removed,93
2010,10050,335.0,camera_6,removed,-1
2010,10050,335.0,camera_7,removed,-1
2011,10055,335.167,camera_1,removed,41
2011,10055,335.167,camera_3,lost_track,106
2011,10055,335.167,camera_3,removed,105
2011,10055,335.167,camera_5,new_track,112
2012,10060,335.333,camera_3,reacquired,106
2012,10060,335.333,camera_4,lost_track,76
2012,10060,335.333,camera_5,lost_track,111
2012,10060,335.333,camera_6,reacquired,98
2012,10060,335.333,camera_6,lost_track,96
2012,10060,335.333,camera_6,lost_track,97
2013,10065,335.5,camera_2,lost_track,82
2013,10065,335.5,camera_3,lost_track,106
2013,10065,335.5,camera_3,removed,96
2013,10065,335.5,camera_3,removed,97
2013,10065,335.5,camera_4,reacquired,76
2013,10065,335.5,camera_7,new_track,71
2014,10070,335.667,camera_2,reacquired,82
2014,10070,335.667,camera_3,reacquired,106
2014,10070,335.667,camera_4,lost_track,76
2014,10070,335.667,camera_5,lost_track,112
2015,10075,335.833,camera_1,removed,-1
2015,10075,335.833,camera_3,reacquired,108
2015,10075,335.833,camera_5,reacquired,112
2015,10075,335.833,camera_6,lost_track,98
2016,10080,336.0,camera_2,removed,-1
2017,10085,336.167,camera_2,lost_track,82
2018,10090,336.333,camera_5,lost_track,112
2019,10095,336.5,camera_2,removed,-1
2019,10095,336.5,camera_3,removed,-1
2020,10100,336.667,camera_3,reacquired,109
2020,10100,336.667,camera_7,removed,-1
2021,10105,336.833,camera_2,removed,83
2021,10105,336.833,camera_3,lost_track,106
2021,10105,336.833,camera_5,removed,-1
2022,10110,337.0,camera_2,new_track,84
2022,10110,337.0,camera_3,reacquired,106
2022,10110,337.0,camera_5,new_track,113
2023,10115,337.167,camera_5,lost_track,113
2024,10120,337.333,camera_2,lost_track,84
2024,10120,337.333,camera_3,lost_track,106
2024,10120,337.333,camera_4,removed,-1
2024,10120,337.333,camera_7,new_track,72
2025,10125,337.5,camera_3,lost_track,108
2025,10125,337.5,camera_3,removed,107
2025,10125,337.5,camera_7,removed,70
2026,10130,337.667,camera_1,removed,-1
2026,10130,337.667,camera_3,reacquired,106
2026,10130,337.667,camera_3,reacquired,108
2026,10130,337.667,camera_4,new_track,78
2027,10135,337.833,camera_3,lost_track,106
2027,10135,337.833,camera_3,lost_track,109
2027,10135,337.833,camera_7,lost_track,71
2028,10140,338.0,camera_1,lost_track,26
2028,10140,338.0,camera_1,removed,-1
2028,10140,338.0,camera_3,reacquired,106
2028,10140,338.0,camera_3,lost_track,108
2028,10140,338.0,camera_5,removed,109
2029,10145,338.167,camera_2,reacquired,84
2029,10145,338.167,camera_3,removed,-1
2029,10145,338.167,camera_5,reacquired,109
2029,10145,338.167,camera_5,removed,-1
2029,10145,338.167,camera_6,removed,95
2030,10150,338.333,camera_1,lost_track,43
2030,10150,338.333,camera_2,lost_track,84
2030,10150,338.333,camera_3,reacquired,108
2030,10150,338.333,camera_5,lost_track,109
2031,10155,338.5,camera_2,reacquired,84
2031,10155,338.5,camera_3,removed,-1
2032,10160,338.667,camera_3,lost_track,108
2032,10160,338.667,camera_4,lost_track,78
2032,10160,338.667,camera_5,new_track,114
2033,10165,338.833,camera_3,new_track,110
2033,10165,338.833,camera_3,reacquired,108
2033,10165,338.833,camera_4,removed,-1
2033,10165,338.833,camera_5,new_track,115
2035,10175,339.167,camera_5,reacquired,109
2035,10175,339.167,camera_5,lost_track,115
2036,10180,339.333,camera_1,new_track,45
2036,10180,339.333,camera_2,lost_track,84
2036,10180,339.333,camera_4,removed,77
2037,10185,339.5,camera_1,lost_track,45
2037,10185,339.5,camera_2,new_track,85
2037,10185,339.5,camera_3,lost_track,108
2037,10185,339.5,camera_3,removed,-1
2037,10185,339.5,camera_5,lost_track,109
2038,10190,339.667,camera_5,reacquired,109
2039,10195,339.833,camera_1,reacquired,26
2039,10195,339.833,camera_5,removed,110
2040,10200,340.0,camera_1,lost_track,26
2040,10200,340.0,camera_1,removed,-1
2040,10200,340.0,camera_2,lost_track,85
2040,10200,340.0,camera_5,lost_track,109
2041,10205,340.167,camera_3,lost_track,106
2041,10205,340.167,camera_3,removed,-1
2042,10210,340.333,camera_1,removed,-1
2042,10210,340.333,camera_3,new_track,111
2042,10210,340.333,camera_3,reacquired,106
2042,10210,340.333,camera_3,lost_track,110
2042,10210,340.333,camera_5,removed,111
2042,10210,340.333,camera_6,removed,96
2042,10210,340.333,camera_6,removed,97
2043,10215,340.5,camera_3,lost_track,111
2043,10215,340.5,camera_5,removed,-1
2044,10220,340.667,camera_3,reacquired,110
2044,10220,340.667,camera_3,lost_track,106
2044,10220,340.667,camera_4,removed,76
2045,10225,340.833,camera_1,reacquired,26
2045,10225,340.833,camera_3,lost_track,110
2045,10225,340.833,camera_3,removed,-1
2045,10225,340.833,camera_5,reacquired,109
2045,10225,340.833,camera_5,lost_track,114
2045,10225,340.833,camera_6,new_track,99
2045,10225,340.833,camera_6,removed,98
2046,10230,341.0,camera_3,reacquired,106
2047,10235,341.167,camera_1,reacquired,45
2047,10235,341.167,camera_2,new_track,86
2047,10235,341.167,camera_2,removed,82
2047,10235,341.167,camera_2,removed,-1
2047,10235,341.167,camera_6,lost_track,99
2048,10240,341.333,camera_1,lost_track,26
2048,10240,341.333,camera_1,lost_track,45
2048,10240,341.333,camera_1,removed,-1
2048,10240,341.333,camera_3,new_track,112
2048,10240,341.333,camera_3,reacquired,108
2048,10240,341.333,camera_5,removed,112
2048,10240,341.333,camera_6,reacquired,99
2048,10240,341.333,camera_7,removed,-1
2049,10245,341.5,camera_1,reacquired,43
2049,10245,341.5,camera_1,lost_track,44
2049,10245,341.5,camera_3,reacquired,111
2049,10245,341.5,camera_3,lost_track,108
2050,10250,341.667,camera_3,new_track,113
2050,10250,341.667,camera_3,lost_track,106
2051,10255,341.833,camera_3,lost_track,111
2052,10260,342.0,camera_2,removed,-1
2052,10260,342.0,camera_3,reacquired,106
2052,10260,342.0,camera_3,lost_track,112
2053,10265,342.167,camera_1,removed,-1
2053,10265,342.167,camera_2,lost_track,86
2053,10265,342.167,camera_3,lost_track,113
2053,10265,342.167,camera_3,removed,-1
2053,10265,342.167,camera_5,removed,113
2053,10265,342.167,camera_6,lost_track,99
2054,10270,342.333,camera_3,new_track,114
2054,10270,342.333,camera_3,reacquired,113
2054,10270,342.333,camera_6,removed,-1
2055,10275,342.5,camera_3,reacquired,112
2055,10275,342.5,camera_3,lost_track,113
2055,10275,342.5,camera_6,new_track,100
2055,10275,342.5,camera_6,reacquired,99
2057,10285,342.833,camera_3,lost_track,112
2057,10285,342.833,camera_3,lost_track,114
2057,10285,342.833,camera_3,removed,109
2057,10285,342.833,camera_3,removed,-1
2057,10285,342.833,camera_7,removed,71
2058,10290,343.0,camera_2,reacquired,86
2058,10290,343.0,camera_2,removed,-1
2058,10290,343.0,camera_3,reacquired,114
2058,10290,343.0,camera_6,lost_track,100
2059,10295,343.167,camera_2,lost_track,86
2059,10295,343.167,camera_6,lost_track,99
2060,10300,343.333,camera_1,reacquired,26
2060,10300,343.333,camera_6,removed,-1
2061,10305,343.5,camera_1,lost_track,26
2061,10305,343.5,camera_3,reacquired,112
2061,10305,343.5,camera_3,lost_track,114
2061,10305,343.5,camera_3,removed,-1
2062,10310,343.667,camera_4,removed,78
2063,10315,343.833,camera_3,new_track,115
2064,10320,344.0,camera_1,lost_track,43
2064,10320,344.0,camera_3,lost_track,112
2064,10320,344.0,camera_7,removed,-1
2065,10325,344.167,camera_5,removed,115
2066,10330,344.333,camera_2,new_track,87
2066,10330,344.333,camera_2,removed,84
2066,10330,344.333,camera_7,new_track,73
2067,10335,344.5,camera_3,new_track,116
2070,10350,345.0,camera_1,reacquired,26
2070,10350,345.0,camera_2,new_track,88
2070,10350,345.0,camera_2,new_track,89
2070,10350,345.0,camera_2,removed,85
2071,10355,345.167,camera_2,lost_track,88
2071,10355,345.167,camera_3,lost_track,116
2072,10360,345.333,camera_1,lost_track,26
2072,10360,345.333,camera_7,lost_track,73
2073,10365,345.5,camera_2,lost_track,89
2074,10370,345.667,camera_2,reacquired,88
2074,10370,345.667,camera_2,reacquired,89
2074,10370,345.667,camera_7,removed,-1
2075,10375,345.833,camera_3,removed,110
2075,10375,345.833,camera_5,removed,114
2076,10380,346.0,camera_1,reacquired,26
2076,10380,346.0,camera_2,lost_track,89
2076,10380,346.0,camera_2,lost_track,87
2076,10380,346.0,camera_3,removed,-1
2076,10380,346.0,camera_7,removed,-1
2077,10385,346.167,camera_1,lost_track,26
2077,10385,346.167,camera_2,reacquired,87
2077,10385,346.167,camera_2,lost_track,88
2078,10390,346.333,camera_1,removed,45
2078,10390,346.333,camera_7,new_track,74
2079,10395,346.5,camera_1,new_track,46
2079,10395,346.5,camera_1,removed,44
2079,10395,346.5,camera_3,removed,108
2081,10405,346.833,camera_1,reacquired,26
2081,10405,346.833,camera_3,lost_track,115
2081,10405,346.833,camera_3,removed,111
2081,10405,346.833,camera_7,lost_track,74
2082,10410,347.0,camera_2,reacquired,88
2082,10410,347.0,camera_2,removed,-1
2082,10410,347.0,camera_3,reacquired,115
2083,10415,347.167,camera_2,lost_track,88
2083,10415,347.167,camera_2,lost_track,87
2083,10415,347.167,camera_5,lost_track,109
2084,10420,347.333,camera_2,reacquired,87
2084,10420,347.333,camera_3,lost_track,106
2084,10420,347.333,camera_5,new_track,116
2084,10420,347.333,camera_7,new_track,75
2085,10425,347.5,camera_3,removed,113
2085,10425,347.5,camera_7,reacquired,74
2085,10425,347.5,camera_7,lost_track,75
2086,10430,347.667,camera_2,removed,-1
2086,10430,347.667,camera_3,reacquired,106
2086,10430,347.667,camera_3,lost_track,115
2086,10430,347.667,camera_7,lost_track,74
2087,10435,347.833,camera_1,lost_track,26
2087,10435,347.833,camera_2,new_track,90
2087,10435,347.833,camera_7,reacquired,74
2087,10435,347.833,camera_7,removed,-1
2088,10440,348.0,camera_5,removed,-1
2088,10440,348.0,camera_6,removed,100
2088,10440,348.0,camera_7,new_track,76
2088,10440,348.0,camera_7,lost_track,72
2089,10445,348.167,camera_1,reacquired,26
2089,10445,348.167,camera_2,lost_track,90
2089,10445,348.167,camera_2,removed,86
2089,10445,348.167,camera_6,removed,99
2089,10445,348.167,camera_7,reacquired,72
2089,10445,348.167,camera_7,lost_track,74
2090,10450,348.333,camera_1,lost_track,26
2090,10450,348.333,camera_2,reacquired,90
2090,10450,348.333,camera_3,reacquired,115
2091,10455,348.5,camera_1,removed,-1
2091,10455,348.5,camera_3,lost_track,115
2091,10455,348.5,camera_3,removed,114
2091,10455,348.5,camera_3,removed,-1
2091,10455,348.5,camera_5,removed,-1
2092,10460,348.667,camera_2,lost_track,90
2092,10460,348.667,camera_2,lost_track,87
2093,10465,348.833,camera_2,reacquired,87
2093,10465,348.833,camera_2,reacquired,90
2093,10465,348.833,camera_2,removed,-1
2093,10465,348.833,camera_3,lost_track,106
2093,10465,348.833,camera_7,removed,-1
2094,10470,349.0,camera_1,removed,43
2094,10470,349.0,camera_2,lost_track,90
2094,10470,349.0,camera_3,removed,112
2094,10470,349.0,camera_7,reacquired,75
2095,10475,349.167,camera_3,removed,-1
2097,10485,349.5,camera_3,reacquired,106
2097,10485,349.5,camera_5,new_track,117
2098,10490,349.667,camera_2,reacquired,89
2098,10490,349.667,camera_2,lost_track,87
2098,10490,349.667,camera_7,lost_track,75
2098,10490,349.667,camera_7,lost_track,76
2099,10495,349.833,camera_3,removed,-1
2099,10495,349.833,camera_6,new_track,101
2099,10495,349.833,camera_7,reacquired,75
2100,10500,350.0,camera_1,reacquired,26
2100,10500,350.0,camera_7,removed,-1
2101,10505,350.167,camera_3,removed,116
2101,10505,350.167,camera_6,new_track,102
2102,10510,350.333,camera_3,new_track,117
2102,10510,350.333,camera_7,removed,73
2103,10515,350.5,camera_2,new_track,91
2103,10515,350.5,camera_2,lost_track,89
2103,10515,350.5,camera_2,removed,-1
2103,10515,350.5,camera_3,lost_track,117
2103,10515,350.5,camera_7,lost_track,72
2103,10515,350.5,camera_7,removed,-1
2104,10520,350.667,camera_1,lost_track,46
2104,10520,350.667,camera_2,reacquired,89
2104,10520,350.667,camera_3,lost_track,106
2105,10525,350.833,camera_1,lost_track,26
2105,10525,350.833,camera_3,reacquired,106
2105,10525,350.833,camera_7,reacquired,72
2106,10530,351.0,camera_3,removed,-1
2106,10530,351.0,camera_5,lost_track,116
2106,10530,351.0,camera_7,lost_track,72
2107,10535,351.167,camera_1,reacquired,26
2107,10535,351.167,camera_6,lost_track,101
2107,10535,351.167,camera_6,removed,-1
2108,10540,351.333,camera_1,lost_track,26
2108,10540,351.333,camera_6,reacquired,101
2109,10545,351.5,camera_1,reacquired,26
2109,10545,351.5,camera_3,removed,-1
2109,10545,351.5,camera_6,removed,-1
2109,10545,351.5,camera_7,new_track,77
2110,10550,351.667,camera_1,lost_track,26
2110,10550,351.667,camera_6,lost_track,101
2110,10550,351.667,camera_7,lost_track,75
2111,10555,351.833,camera_1,reacquired,26
2111,10555,351.833,camera_2,lost_track,91
2111,10555,351.833,camera_3,lost_track,106
2111,10555,351.833,camera_7,reacquired,75
2111,10555,351.833,camera_7,lost_track,77
2112,10560,352.0,camera_3,reacquired,106
2113,10565,352.167,camera_2,removed,88
2113,10565,352.167,camera_3,lost_track,106
2113,10565,352.167,camera_5,removed,109
2113,10565,352.167,camera_6,lost_track,102
2114,10570,352.333,camera_5,lost_track,117
2114,10570,352.333,camera_6,reacquired,101
2114,10570,352.333,camera_6,reacquired,102
2114,10570,352.333,camera_7,lost_track,75
2115,10575,352.5,camera_5,reacquired,117
2115,10575,352.5,camera_6,new_track,103
2115,10575,352.5,camera_6,lost_track,101
2115,10575,352.5,camera_6,lost_track,102
2115,10575,352.5,camera_7,reacquired,75
2116,10580,352.667,camera_7,lost_track,75
2117,10585,352.833,camera_7,reacquired,75
2118,10590,353.0,camera_2,lost_track,89
2119,10595,353.167,camera_1,lost_track,26
2119,10595,353.167,camera_2,removed,-1
2119,10595,353.167,camera_3,reacquired,106
2119,10595,353.167,camera_5,removed,-1
2119,10595,353.167,camera_6,new_track,104
2119,10595,353.167,camera_7,removed,74
2120,10600,353.333,camera_1,reacquired,26
2120,10600,353.333,camera_6,lost_track,104
2121,10605,353.5,camera_3,removed,115
2122,10610,353.667,camera_3,lost_track,106
2122,10610,353.667,camera_5,removed,-1
2122,10610,353.667,camera_7,lost_track,75
2123,10615,353.833,camera_2,new_track,92
2123,10615,353.833,camera_3,reacquired,106
2123,10615,353.833,camera_5,lost_track,117
2123,10615,353.833,camera_6,lost_track,103
2124,10620,354.0,camera_2,removed,90
2124,10620,354.0,camera_3,lost_track,106
2124,10620,354.0,camera_5,new_track,118
2124,10620,354.0,camera_5,reacquired,117
2124,10620,354.0,camera_7,removed,-1
2125,10625,354.167,camera_1,lost_track,26
2125,10625,354.167,camera_3,reacquired,106
2125,10625,354.167,camera_5,new_track,119
2125,10625,354.167,camera_5,lost_track,118
2125,10625,354.167,camera_6,reacquired,103
2125,10625,354.167,camera_6,reacquired,104
2126,10630,354.333,camera_1,removed,-1
2126,10630,354.333,camera_2,lost_track,92
2126,10630,354.333,camera_5,lost_track,119
2127,10635,354.5,camera_1,reacquired,26
2127,10635,354.5,camera_3,lost_track,106
2127,10635,354.5,camera_5,reacquired,119
2127,10635,354.5,camera_5,lost_track,117
2127,10635,354.5,camera_6,lost_track,104
2128,10640,354.667,camera_1,removed,-1
2128,10640,354.667,camera_2,removed,87
2128,10640,354.667,camera_5,reacquired,117
2128,10640,354.667,camera_7,removed,76
2128,10640,354.667,camera_7,removed,-1
2129,10645,354.833,camera_2,new_track,93
2129,10645,354.833,camera_5,lost_track,119
2129,10645,354.833,camera_5,removed,-1
2129,10645,354.833,camera_6,lost_track,103
2131,10655,355.167,camera_3,reacquired,106
2131,10655,355.167,camera_5,reacquired,119
2131,10655,355.167,camera_5,lost_track,117
2131,10655,355.167,camera_5,removed,-1
2132,10660,355.333,camera_1,lost_track,26
2132,10660,355.333,camera_5,lost_track,119
2133,10665,355.5,camera_2,lost_track,93
2133,10665,355.5,camera_3,removed,117
2133,10665,355.5,camera_5,new_track,120
2133,10665,355.5,camera_5,reacquired,117
2134,10670,355.667,camera_1,reacquired,26
2134,10670,355.667,camera_1,removed,46
2134,10670,355.667,camera_5,lost_track,117
2134,10670,355.667,camera_6,removed,-1
2135,10675,355.833,camera_2,reacquired,93
2135,10675,355.833,camera_2,removed,-1
2135,10675,355.833,camera_5,lost_track,120
2136,10680,356.0,camera_5,reacquired,116
2136,10680,356.0,camera_7,removed,72
2137,10685,356.167,camera_5,removed,-1
2137,10685,356.167,camera_6,new_track,105
2138,10690,356.333,camera_3,lost_track,106
2139,10695,356.5,camera_3,reacquired,106
2139,10695,356.5,camera_5,reacquired,120
2139,10695,356.5,camera_7,removed,-1
2140,10700,356.667,camera_3,lost_track,106
2140,10700,356.667,camera_5,removed,-1
2141,10705,356.833,camera_2,removed,91
2141,10705,356.833,camera_3,reacquired,106
2141,10705,356.833,camera_5,lost_track,120
2141,10705,356.833,camera_7,removed,77
2142,10710,357.0,camera_2,lost_track,93
2142,10710,357.0,camera_3,lost_track,106
2142,10710,357.0,camera_5,reacquired,120
2142,10710,357.0,camera_6,lost_track,105
2144,10720,357.333,camera_5,lost_track,116
2145,10725,357.5,camera_5,lost_track,120
2145,10725,357.5,camera_5,removed,-1
2145,10725,357.5,camera_6,reacquired,105
2145,10725,357.5,camera_6,removed,101
2145,10725,357.5,camera_6,removed,102
2146,10730,357.667,camera_3,reacquired,106
2146,10730,357.667,camera_5,reacquired,116
2146,10730,357.667,camera_6,reacquired,103
2147,10735,357.833,camera_6,lost_track,105
2147,10735,357.833,camera_6,lost_track,103
2148,10740,358.0,camera_2,removed,89
2148,10740,358.0,camera_6,reacquired,103
2149,10745,358.167,camera_1,removed,-1
2150,10750,358.333,camera_3,lost_track,106
2151,10755,358.5,camera_1,lost_track,26
2151,10755,358.5,camera_6,lost_track,103
2151,10755,358.5,camera_7,reacquired,75
2151,10755,358.5,camera_7,removed,-1
2152,10760,358.667,camera_6,reacquired,105
2153,10765,358.833,camera_1,reacquired,26
2153,10765,358.833,camera_7,lost_track,75
2154,10770,359.0,camera_3,reacquired,106
2154,10770,359.0,camera_5,lost_track,116
2154,10770,359.0,camera_5,removed,-1
2154,10770,359.0,camera_6,reacquired,104
2154,10770,359.0,camera_7,reacquired,75
2155,10775,359.167,camera_3,lost_track,106
2155,10775,359.167,camera_5,removed,118
2155,10775,359.167,camera_7,lost_track,75
2156,10780,359.333,camera_2,removed,92
2156,10780,359.333,camera_6,new_track,106
2156,10780,359.333,camera_6,lost_track,105
2158,10790,359.667,camera_1,lost_track,26
2158,10790,359.667,camera_1,removed,-1
2158,10790,359.667,camera_6,lost_track,104
2159,10795,359.833,camera_6,new_track,107
2160,10800,360.0,camera_3,removed,-1
2160,10800,360.0,camera_5,new_track,121
2161,10805,360.167,camera_3,reacquired,106
2162,10810,360.333,camera_1,reacquired,26
2162,10810,360.333,camera_3,lost_track,106
2162,10810,360.333,camera_5,removed,119
2162,10810,360.333,camera_6,reacquired,105
2162,10810,360.333,camera_6,removed,-1
2163,10815,360.5,camera_1,lost_track,26
2163,10815,360.5,camera_6,lost_track,105
2163,10815,360.5,camera_6,lost_track,106
2163,10815,360.5,camera_6,lost_track,107
2164,10820,360.667,camera_1,removed,-1
2164,10820,360.667,camera_5,removed,117
2164,10820,360.667,camera_6,removed,-1
2165,10825,360.833,camera_6,reacquired,107
2166,10830,361.0,camera_3,reacquired,106
2168,10840,361.333,camera_1,removed,-1
2168,10840,361.333,camera_3,lost_track,106
2169,10845,361.5,camera_1,reacquired,26
2169,10845,361.5,camera_6,lost_track,107
2169,10845,361.5,camera_6,removed,-1
2170,10850,361.667,camera_7,new_track,78
2171,10855,361.833,camera_1,removed,-1
2171,10855,361.833,camera_6,new_track,108
2171,10855,361.833,camera_7,lost_track,78
2172,10860,362.0,camera_1,lost_track,26
2172,10860,362.0,camera_2,removed,93
2173,10865,362.167,camera_6,lost_track,108
2174,10870,362.333,camera_1,reacquired,26
2174,10870,362.333,camera_3,removed,-1
2174,10870,362.333,camera_6,reacquired,105
2175,10875,362.5,camera_1,lost_track,26
2175,10875,362.5,camera_5,removed,120
2175,10875,362.5,camera_6,lost_track,105
2176,10880,362.667,camera_3,reacquired,106
2176,10880,362.667,camera_6,reacquired,108
2176,10880,362.667,camera_6,removed,-1
2178,10890,363.0,camera_1,reacquired,26
2178,10890,363.0,camera_6,new_track,109
2178,10890,363.0,camera_6,reacquired,104
2178,10890,363.0,camera_6,removed,-1
2178,10890,363.0,camera_7,new_track,79
2179,10895,363.167,camera_6,lost_track,104
2179,10895,363.167,camera_6,lost_track,108
2179,10895,363.167,camera_6,lost_track,109
2181,10905,363.5,camera_1,lost_track,26
2181,10905,363.5,camera_3,lost_track,106
2181,10905,363.5,camera_6,reacquired,105
2181,10905,363.5,camera_6,reacquired,108
2181,10905,363.5,camera_6,removed,103
2182,10910,363.667,camera_1,new_track,47
2183,10915,363.833,camera_1,reacquired,26
2183,10915,363.833,camera_1,lost_track,47
2183,10915,363.833,camera_3,new_track,118
2183,10915,363.833,camera_6,lost_track,105
2183,10915,363.833,camera_6,lost_track,108
2183,10915,363.833,camera_6,removed,-1
2184,10920,364.0,camera_1,lost_track,26
2184,10920,364.0,camera_2,new_track,94
2184,10920,364.0,camera_5,removed,116
2184,10920,364.0,camera_6,reacquired,105
2185,10925,364.167,camera_3,lost_track,118
2185,10925,364.167,camera_6,reacquired,104
2185,10925,364.167,camera_6,reacquired,109
2185,10925,364.167,camera_7,removed,75
2186,10930,364.333,camera_3,removed,-1
2186,10930,364.333,camera_6,lost_track,104
2186,10930,364.333,camera_6,lost_track,109
2186,10930,364.333,camera_6,removed,-1
2188,10940,364.667,camera_6,reacquired,104
2189,10945,364.833,camera_6,new_track,110
2189,10945,364.833,camera_6,reacquired,109
2189,10945,364.833,camera_6,lost_track,105
2189,10945,364.833,camera_6,removed,-1
2191,10955,365.167,camera_3,removed,-1
2192,10960,365.333,camera_1,new_track,48
2193,10965,365.5,camera_3,removed,-1
2193,10965,365.5,camera_6,lost_track,109
2193,10965,365.5,camera_6,lost_track,110
2193,10965,365.5,camera_6,removed,106
2194,10970,365.667,camera_7,new_track,80
2195,10975,365.833,camera_1,reacquired,26
2195,10975,365.833,camera_7,lost_track,80
2198,10990,366.333,camera_1,new_track,49
2198,10990,366.333,camera_1,lost_track,26
2199,10995,366.5,camera_1,reacquired,26
2199,10995,366.5,camera_6,removed,107
2199,10995,366.5,camera_7,lost_track,79
2200,11000,366.667,camera_1,lost_track,26
2200,11000,366.667,camera_5,lost_track,121
2201,11005,366.833,camera_1,reacquired,26
2201,11005,366.833,camera_5,new_track,122
2201,11005,366.833,camera_7,removed,78
2202,11010,367.0,camera_1,removed,-1
2202,11010,367.0,camera_2,lost_track,94
2203,11015,367.167,camera_5,removed,-1
2203,11015,367.167,camera_6,lost_track,104
2204,11020,367.333,camera_2,reacquired,94
2205,11025,367.5,camera_5,reacquired,121
2205,11025,367.5,camera_7,reacquired,79
2206,11030,367.667,camera_2,lost_track,94
2206,11030,367.667,camera_5,lost_track,121
2208,11040,368.0,camera_2,removed,-1
2211,11055,368.5,camera_3,removed,106
2211,11055,368.5,camera_5,new_track,123
2213,11065,368.833,camera_1,removed,47
2213,11065,368.833,camera_4,new_track,79
2213,11065,368.833,camera_6,removed,108
2215,11075,369.167,camera_1,lost_track,49
2215,11075,369.167,camera_1,removed,-1
2215,11075,369.167,camera_3,removed,118
2216,11080,369.333,camera_1,reacquired,49
2216,11080,369.333,camera_4,lost_track,79
2216,11080,369.333,camera_5,new_track,124
2216,11080,369.333,camera_5,removed,-1
2218,11090,369.667,camera_3,removed,-1
2218,11090,369.667,camera_5,lost_track,122
2218,11090,369.667,camera_7,new_track,81
2218,11090,369.667,camera_7,new_track,82
2219,11095,369.833,camera_1,lost_track,26
2219,11095,369.833,camera_2,removed,-1
2219,11095,369.833,camera_5,new_track,125
2219,11095,369.833,camera_5,lost_track,123
2219,11095,369.833,camera_6,removed,105
2219,11095,369.833,camera_7,lost_track,81
2219,11095,369.833,camera_7,lost_track,82
2219,11095,369.833,camera_7,lost_track,79
2220,11100,370.0,camera_1,reacquired,26
2220,11100,370.0,camera_7,reacquired,82
2221,11105,370.167,camera_5,lost_track,125
2221,11105,370.167,camera_7,reacquired,79
2222,11110,370.333,camera_2,new_track,95
2222,11110,370.333,camera_5,reacquired,122
2222,11110,370.333,camera_7,reacquired,81
2223,11115,370.5,camera_1,lost_track,49
2223,11115,370.5,camera_2,lost_track,95
2223,11115,370.5,camera_5,lost_track,122
2223,11115,370.5,camera_6,removed,109
2223,11115,370.5,camera_6,removed,110
2224,11120,370.667,camera_1,reacquired,49
2224,11120,370.667,camera_7,lost_track,79
2225,11125,370.833,camera_2,reacquired,95
2225,11125,370.833,camera_5,lost_track,124
2225,11125,370.833,camera_7,removed,80
2226,11130,371.0,camera_3,new_track,119
2226,11130,371.0,camera_5,new_track,126
2226,11130,371.0,camera_7,reacquired,79
2226,11130,371.0,camera_7,lost_track,81
2227,11135,371.167,camera_2,lost_track,95
2228,11140,371.333,camera_1,removed,-1
2228,11140,371.333,camera_4,removed,-1
2229,11145,371.5,camera_3,lost_track,119
2229,11145,371.5,camera_4,new_track,80
2230,11150,371.667,camera_1,lost_track,26
2230,11150,371.667,camera_3,reacquired,119
2230,11150,371.667,camera_7,lost_track,82
2230,11150,371.667,camera_7,lost_track,79
2231,11155,371.833,camera_1,reacquired,26
2231,11155,371.833,camera_5,removed,-1
2231,11155,371.833,camera_7,reacquired,82
2232,11160,372.0,camera_1,lost_track,49
2232,11160,372.0,camera_1,lost_track,26
2232,11160,372.0,camera_3,lost_track,119
2232,11160,372.0,camera_4,new_track,81
2232,11160,372.0,camera_7,lost_track,82
2233,11165,372.167,camera_1,removed,-1
2233,11165,372.167,camera_6,removed,104
2233,11165,372.167,camera_7,reacquired,82
2234,11170,372.333,camera_1,reacquired,26
2234,11170,372.333,camera_1,reacquired,49
2235,11175,372.5,camera_5,lost_track,126
2235,11175,372.5,camera_7,reacquired,79
2236,11180,372.667,camera_1,lost_track,49
2236,11180,372.667,camera_2,removed,94
2236,11180,372.667,camera_5,removed,121
2236,11180,372.667,camera_7,removed,-1
2237,11185,372.833,camera_1,reacquired,49
2237,11185,372.833,camera_7,lost_track,82
2238,11190,373.0,camera_4,lost_track,80
2238,11190,373.0,camera_7,reacquired,81
2238,11190,373.0,camera_7,removed,-1
2239,11195,373.167,camera_4,removed,-1
2239,11195,373.167,camera_7,reacquired,82
2240,11200,373.333,camera_4,lost_track,81
2240,11200,373.333,camera_7,new_track,83
2240,11200,373.333,camera_7,lost_track,82
2241,11205,373.5,camera_4,reacquired,81
2242,11210,373.667,camera_3,new_track,120
2243,11215,373.833,camera_1,removed,-1
2243,11215,373.833,camera_4,lost_track,81
2243,11215,373.833,camera_7,lost_track,81
2244,11220,374.0,camera_3,lost_track,120
2244,11220,374.0,camera_4,reacquired,81
2244,11220,374.0,camera_4,removed,-1
2245,11225,374.167,camera_3,reacquired,120
2245,11225,374.167,camera_7,reacquired,81
2246,11230,374.333,camera_3,lost_track,120
2246,11230,374.333,camera_4,lost_track,81
2246,11230,374.333,camera_4,removed,79
2246,11230,374.333,camera_7,lost_track,81
2247,11235,374.5,camera_3,reacquired,120
2247,11235,374.5,camera_4,removed,-1
2249,11245,374.833,camera_3,lost_track,120
2249,11245,374.833,camera_5,removed,123
2249,11245,374.833,camera_7,lost_track,79
2250,11250,375.0,camera_3,reacquired,120
2251,11255,375.167,camera_5,removed,125
2251,11255,375.167,camera_7,lost_track,83
2253,11265,375.5,camera_5,removed,122
2254,11270,375.667,camera_3,lost_track,120
2255,11275,375.833,camera_3,reacquired,120
2255,11275,375.833,camera_5,new_track,128
2255,11275,375.833,camera_5,new_track,127
2255,11275,375.833,camera_5,removed,124
2255,11275,375.833,camera_7,reacquired,79
2256,11280,376.0,camera_3,lost_track,120
2256,11280,376.0,camera_7,lost_track,79
2257,11285,376.167,camera_1,removed,-1
2257,11285,376.167,camera_2,removed,95
2257,11285,376.167,camera_3,reacquired,120
2257,11285,376.167,camera_4,new_track,82
2258,11290,376.333,camera_4,lost_track,82
2259,11295,376.5,camera_1,lost_track,26
2260,11300,376.667,camera_4,removed,-1
2261,11305,376.833,camera_1,reacquired,26
2261,11305,376.833,camera_4,new_track,83
2262,11310,377.0,camera_3,removed,119
2262,11310,377.0,camera_4,lost_track,83
2262,11310,377.0,camera_7,reacquired,83
2263,11315,377.167,camera_3,lost_track,120
2263,11315,377.167,camera_4,removed,-1
2264,11320,377.333,camera_1,lost_track,26
2265,11325,377.5,camera_5,removed,126
2267,11335,377.833,camera_2,new_track,96
2268,11340,378.0,camera_4,removed,80
2269,11345,378.167,camera_2,lost_track,96
2269,11345,378.167,camera_5,lost_track,127
2269,11345,378.167,camera_7,reacquired,79
2269,11345,378.167,camera_7,reacquired,81
2269,11345,378.167,camera_7,lost_track,83
2270,11350,378.333,camera_5,lost_track,128
2270,11350,378.333,camera_7,lost_track,81
2270,11350,378.333,camera_7,lost_track,79
2270,11350,378.333,camera_7,removed,82
2271,11355,378.5,camera_1,reacquired,26
2271,11355,378.5,camera_7,reacquired,79
2272,11360,378.667,camera_1,lost_track,26
2272,11360,378.667,camera_2,removed,-1
2272,11360,378.667,camera_5,new_track,129
2272,11360,378.667,camera_7,lost_track,79
2273,11365,378.833,camera_1,lost_track,49
2273,11365,378.833,camera_7,reacquired,81
2275,11375,379.167,camera_2,new_track,97
2276,11380,379.333,camera_1,reacquired,26
2276,11380,379.333,camera_1,removed,-1
2276,11380,379.333,camera_4,removed,81
2276,11380,379.333,camera_7,reacquired,83
2276,11380,379.333,camera_7,lost_track,81
2278,11390,379.667,camera_1,lost_track,26
2278,11390,379.667,camera_3,new_track,121
2278,11390,379.667,camera_7,reacquired,81
2279,11395,379.833,camera_1,reacquired,26
2280,11400,380.0,camera_7,lost_track,81
2281,11405,380.167,camera_1,lost_track,26
2282,11410,380.333,camera_1,reacquired,26
2282,11410,380.333,camera_2,lost_track,97
2282,11410,380.333,camera_7,removed,-1
2284,11420,380.667,camera_1,reacquired,49
2284,11420,380.667,camera_1,removed,-1
2285,11425,380.833,camera_1,lost_track,49
2286,11430,381.0,camera_1,reacquired,49
2286,11430,381.0,camera_4,reacquired,82
2286,11430,381.0,camera_4,removed,-1
2287,11435,381.167,camera_7,lost_track,83
2288,11440,381.333,camera_1,lost_track,49
2288,11440,381.333,camera_1,lost_track,26
2288,11440,381.333,camera_7,reacquired,83
2289,11445,381.5,camera_1,reacquired,49
2289,11445,381.5,camera_3,new_track,122
2289,11445,381.5,camera_3,lost_track,121
2289,11445,381.5,camera_4,lost_track,82
2290,11450,381.667,camera_7,lost_track,83
2291,11455,381.833,camera_1,reacquired,26
2292,11460,382.0,camera_1,lost_track,26
2292,11460,382.0,camera_3,new_track,123
2292,11460,382.0,camera_3,lost_track,122
2292,11460,382.0,camera_4,reacquired,82
2292,11460,382.0,camera_4,removed,83
2292,11460,382.0,camera_7,reacquired,83
2293,11465,382.167,camera_1,lost_track,49
2293,11465,382.167,camera_3,reacquired,122
2293,11465,382.167,camera_3,lost_track,123
2293,11465,382.167,camera_3,removed,120
2294,11470,382.333,camera_3,lost_track,122
2295,11475,382.5,camera_1,reacquired,49
2296,11480,382.667,camera_1,reacquired,26
2296,11480,382.667,camera_4,lost_track,82
2297,11485,382.833,camera_1,lost_track,49
2297,11485,382.833,camera_1,lost_track,26
2297,11485,382.833,camera_3,reacquired,122
2297,11485,382.833,camera_4,reacquired,82
2297,11485,382.833,camera_7,new_track,84
2297,11485,382.833,camera_7,reacquired,79
2298,11490,383.0,camera_1,reacquired,26
2298,11490,383.0,camera_3,lost_track,122
2298,11490,383.0,camera_7,lost_track,83
2299,11495,383.167,camera_1,lost_track,26
2299,11495,383.167,camera_2,removed,96
2299,11495,383.167,camera_3,new_track,124
2299,11495,383.167,camera_5,removed,127
2300,11500,383.333,camera_5,removed,128
2300,11500,383.333,camera_7,lost_track,84
2300,11500,383.333,camera_7,lost_track,79
2301,11505,383.5,camera_3,lost_track,124
2302,11510,383.667,camera_1,reacquired,26
2302,11510,383.667,camera_7,reacquired,84
2303,11515,383.833,camera_1,lost_track,26
2303,11515,383.833,camera_7,reacquired,79
2303,11515,383.833,camera_7,lost_track,84
2304,11520,384.0,camera_7,reacquired,84
2305,11525,384.167,camera_7,lost_track,84
2305,11525,384.167,camera_7,lost_track,79
2306,11530,384.333,camera_7,reacquired,79
2307,11535,384.5,camera_1,reacquired,26
2308,11540,384.667,camera_1,new_track,50
2309,11545,384.833,camera_1,lost_track,50
2310,11550,385.0,camera_3,reacquired,124
2310,11550,385.0,camera_7,lost_track,79
2310,11550,385.0,camera_7,removed,81
2311,11555,385.167,camera_7,reacquired,79
2311,11555,385.167,camera_7,removed,-1
2312,11560,385.333,camera_2,removed,97
2312,11560,385.333,camera_3,lost_track,124
2312,11560,385.333,camera_7,lost_track,79
2313,11565,385.5,camera_3,reacquired,124
2315,11575,385.833,camera_7,reacquired,79
2317,11585,386.167,camera_3,lost_track,124
2318,11590,386.333,camera_3,reacquired,124
2318,11590,386.333,camera_7,lost_track,79
2319,11595,386.5,camera_3,lost_track,124
2319,11595,386.5,camera_3,removed,121
2319,11595,386.5,camera_7,reacquired,79
2320,11600,386.667,camera_3,reacquired,124
2320,11600,386.667,camera_7,new_track,85
2322,11610,387.0,camera_7,lost_track,85
2323,11615,387.167,camera_3,removed,123
2323,11615,387.167,camera_7,lost_track,79
2325,11625,387.5,camera_1,removed,-1
2325,11625,387.5,camera_7,reacquired,85
2326,11630,387.667,camera_7,lost_track,85
2327,11635,387.833,camera_1,removed,49
2327,11635,387.833,camera_7,reacquired,79
2327,11635,387.833,camera_7,reacquired,85
2328,11640,388.0,camera_3,removed,122
2328,11640,388.0,camera_7,removed,83
2329,11645,388.167,camera_7,lost_track,85
2330,11650,388.333,camera_7,reacquired,85
2332,11660,388.667,camera_7,lost_track,85
2334,11670,389.0,camera_7,lost_track,79
2335,11675,389.167,camera_7,removed,84
2336,11680,389.333,camera_7,reacquired,79
2336,11680,389.333,camera_7,removed,-1
2337,11685,389.5,camera_7,lost_track,79
2341,11705,390.167,camera_3,lost_track,124
2342,11710,390.333,camera_3,reacquired,124
2346,11730,391.0,camera_1,lost_track,26
2347,11735,391.167,camera_1,reacquired,26
2349,11745,391.5,camera_7,removed,-1
2354,11770,392.333,camera_7,removed,-1
2355,11775,392.5,camera_7,new_track,86
2356,11780,392.667,camera_1,lost_track,26
2356,11780,392.667,camera_7,lost_track,86
2357,11785,392.833,camera_1,reacquired,26
2357,11785,392.833,camera_7,reacquired,79
2357,11785,392.833,camera_7,reacquired,86
2358,11790,393.0,camera_7,lost_track,79
2362,11810,393.667,camera_2,removed,-1
2362,11810,393.667,camera_7,removed,85
2363,11815,393.833,camera_3,lost_track,124
2363,11815,393.833,camera_7,new_track,87
2364,11820,394.0,camera_3,reacquired,124
2365,11825,394.167,camera_2,removed,-1
2366,11830,394.333,camera_3,lost_track,124
2366,11830,394.333,camera_7,lost_track,86
2368,11840,394.667,camera_7,reacquired,86
2369,11845,394.833,camera_3,reacquired,124
2369,11845,394.833,camera_7,reacquired,79
2370,11850,395.0,camera_7,lost_track,87
2371,11855,395.167,camera_7,lost_track,79
2372,11860,395.333,camera_3,lost_track,124
2375,11875,395.833,camera_7,reacquired,79
2376,11880,396.0,camera_1,removed,-1
2377,11885,396.167,camera_7,lost_track,79
2378,11890,396.333,camera_3,reacquired,124
2378,11890,396.333,camera_4,lost_track,82
2379,11895,396.5,camera_4,reacquired,82
2380,11900,396.667,camera_3,lost_track,124
2381,11905,396.833,camera_3,reacquired,124
2382,11910,397.0,camera_3,lost_track,124
2383,11915,397.167,camera_3,reacquired,124
2389,11945,398.167,camera_3,lost_track,124
2391,11955,398.5,camera_3,reacquired,124
2395,11975,399.167,camera_3,lost_track,124
2396,11980,399.333,camera_3,reacquired,124
2398,11990,399.667,camera_3,lost_track,124
2400,12000,400.0,camera_3,reacquired,124
2400,12000,400.0,camera_7,removed,87
2407,12035,401.167,camera_7,removed,79
2412,12060,402.0,camera_7,removed,-1
2419,12095,403.167,camera_3,lost_track,124
2420,12100,403.333,camera_3,reacquired,124
2420,12100,403.333,camera_4,lost_track,82
2423,12115,403.833,camera_3,lost_track,124
2424,12120,404.0,camera_3,reacquired,124
2424,12120,404.0,camera_4,reacquired,82
2424,12120,404.0,camera_7,removed,-1
2427,12135,404.5,camera_4,lost_track,82
2430,12150,405.0,camera_7,lost_track,86
2432,12160,405.333,camera_7,reacquired,86
2434,12170,405.667,camera_3,lost_track,124
2438,12190,406.333,camera_3,new_track,125
2441,12205,406.833,camera_3,lost_track,125
2442,12210,407.0,camera_3,reacquired,125
2445,12225,407.5,camera_3,lost_track,125
2448,12240,408.0,camera_3,reacquired,124
2451,12255,408.5,camera_3,lost_track,124
2452,12260,408.667,camera_3,reacquired,124
2453,12265,408.833,camera_3,lost_track,124
2455,12275,409.167,camera_7,new_track,88
2456,12280,409.333,camera_3,reacquired,124
2457,12285,409.5,camera_4,removed,82
2457,12285,409.5,camera_7,lost_track,88
2458,12290,409.667,camera_3,lost_track,124
2458,12290,409.667,camera_7,reacquired,88
2459,12295,409.833,camera_3,reacquired,124
2461,12305,410.167,camera_7,lost_track,88
2464,12320,410.667,camera_7,reacquired,88
2464,12320,410.667,camera_7,lost_track,86
2467,12335,411.167,camera_7,new_track,89
2467,12335,411.167,camera_7,lost_track,88
2468,12340,411.333,camera_1,removed,-1
2469,12345,411.5,camera_7,reacquired,88
2469,12345,411.5,camera_7,lost_track,89
2470,12350,411.667,camera_7,reacquired,89
2471,12355,411.833,camera_7,lost_track,89
2475,12375,412.5,camera_3,removed,125
2475,12375,412.5,camera_7,lost_track,88
2475,12375,412.5,camera_7,removed,-1
2476,12380,412.667,camera_7,reacquired,88
2483,12415,413.833,camera_7,new_track,90
2484,12420,414.0,camera_7,lost_track,90
2487,12435,414.5,camera_7,lost_track,88
2489,12445,414.833,camera_7,reacquired,88
2490,12450,415.0,camera_3,new_track,126
2490,12450,415.0,camera_7,lost_track,88
2492,12460,415.333,camera_3,lost_track,126
2493,12465,415.5,camera_3,reacquired,126
2493,12465,415.5,camera_7,reacquired,90
2494,12470,415.667,camera_7,reacquired,88
2494,12470,415.667,camera_7,removed,86
2495,12475,415.833,camera_7,lost_track,90
2496,12480,416.0,camera_1,removed,-1
2496,12480,416.0,camera_3,lost_track,126
2497,12485,416.167,camera_3,reacquired,126
2497,12485,416.167,camera_7,new_track,91
2498,12490,416.333,camera_7,removed,-1
2499,12495,416.5,camera_3,lost_track,126
2499,12495,416.5,camera_7,lost_track,91
2500,12500,416.667,camera_3,reacquired,126
2500,12500,416.667,camera_7,lost_track,88
2500,12500,416.667,camera_7,removed,-1
2501,12505,416.833,camera_7,reacquired,88
2501,12505,416.833,camera_7,removed,89
2502,12510,417.0,camera_7,reacquired,90
2503,12515,417.167,camera_7,new_track,92
2505,12525,417.5,camera_7,new_track,93
2506,12530,417.667,camera_3,lost_track,126
2506,12530,417.667,camera_7,lost_track,88
2506,12530,417.667,camera_7,lost_track,93
2507,12535,417.833,camera_7,reacquired,88
2507,12535,417.833,camera_7,reacquired,91
2507,12535,417.833,camera_7,lost_track,90
2508,12540,418.0,camera_7,lost_track,88
2509,12545,418.167,camera_7,reacquired,88
2509,12545,418.167,camera_7,lost_track,92
2510,12550,418.333,camera_3,reacquired,126
2510,12550,418.333,camera_7,lost_track,91
2511,12555,418.5,camera_7,reacquired,91
2512,12560,418.667,camera_7,lost_track,91
2512,12560,418.667,camera_7,removed,-1
2516,12580,419.333,camera_3,lost_track,126
2518,12590,419.667,camera_7,reacquired,90
2518,12590,419.667,camera_7,lost_track,88
2519,12595,419.833,camera_3,reacquired,126
2520,12600,420.0,camera_3,lost_track,126
2520,12600,420.0,camera_7,lost_track,90
2521,12605,420.167,camera_7,removed,-1
2523,12615,420.5,camera_3,reacquired,126
2523,12615,420.5,camera_7,new_track,94
2524,12620,420.667,camera_7,reacquired,90
2524,12620,420.667,camera_7,removed,-1
2528,12640,421.333,camera_7,reacquired,88
2529,12645,421.5,camera_3,lost_track,124
2529,12645,421.5,camera_7,lost_track,88
2530,12650,421.667,camera_3,reacquired,124
2531,12655,421.833,camera_3,lost_track,124
2534,12670,422.333,camera_7,lost_track,90
2535,12675,422.5,camera_7,reacquired,90
2536,12680,422.667,camera_7,removed,93
2539,12695,423.167,camera_7,removed,92
2542,12710,423.667,camera_7,lost_track,94
2542,12710,423.667,camera_7,removed,91
2543,12715,423.833,camera_7,lost_track,90
2544,12720,424.0,camera_3,lost_track,126
2544,12720,424.0,camera_7,reacquired,90
2545,12725,424.167,camera_3,reacquired,126
2547,12735,424.5,camera_3,lost_track,126
2548,12740,424.667,camera_7,new_track,95
2548,12740,424.667,camera_7,lost_track,90
2549,12745,424.833,camera_3,reacquired,126
2550,12750,425.0,camera_3,lost_track,126
2550,12750,425.0,camera_7,reacquired,90
2551,12755,425.167,camera_3,reacquired,126
2551,12755,425.167,camera_7,lost_track,90
2551,12755,425.167,camera_7,lost_track,95
2552,12760,425.333,camera_7,new_track,96
2553,12765,425.5,camera_7,reacquired,90
2554,12770,425.667,camera_7,lost_track,96
2554,12770,425.667,camera_7,lost_track,90
2557,12785,426.167,camera_3,reacquired,124
2557,12785,426.167,camera_3,lost_track,126
2557,12785,426.167,camera_7,reacquired,96
2558,12790,426.333,camera_3,lost_track,124
2558,12790,426.333,camera_7,lost_track,96
2559,12795,426.5,camera_7,removed,88
2559,12795,426.5,camera_7,removed,-1
2560,12800,426.667,camera_3,reacquired,124
2561,12805,426.833,camera_3,lost_track,124
2561,12805,426.833,camera_7,reacquired,90
2561,12805,426.833,camera_7,removed,-1
2563,12815,427.167,camera_1,removed,-1
2564,12820,427.333,camera_7,lost_track,90
2564,12820,427.333,camera_7,removed,-1
2566,12830,427.667,camera_3,reacquired,124
2566,12830,427.667,camera_7,removed,-1
2567,12835,427.833,camera_4,new_track,84
2568,12840,428.0,camera_1,lost_track,26
2568,12840,428.0,camera_3,lost_track,124
2568,12840,428.0,camera_4,lost_track,84
2568,12840,428.0,camera_7,removed,-1
2569,12845,428.167,camera_1,reacquired,26
2569,12845,428.167,camera_2,removed,-1
2570,12850,428.333,camera_7,new_track,97
2570,12850,428.333,camera_7,reacquired,95
2572,12860,428.667,camera_3,reacquired,124
2572,12860,428.667,camera_7,lost_track,95
2572,12860,428.667,camera_7,removed,94
2573,12865,428.833,camera_3,lost_track,124
2574,12870,429.0,camera_7,reacquired,95
2576,12880,429.333,camera_3,reacquired,124
2576,12880,429.333,camera_7,lost_track,97
2577,12885,429.5,camera_3,lost_track,124
2577,12885,429.5,camera_7,removed,-1
2578,12890,429.667,camera_3,reacquired,124
2578,12890,429.667,camera_7,reacquired,96
2579,12895,429.833,camera_7,new_track,98
2580,12900,430.0,camera_3,lost_track,124
2584,12920,430.667,camera_4,reacquired,84
2584,12920,430.667,camera_7,lost_track,96
2585,12925,430.833,camera_4,lost_track,84
2586,12930,431.0,camera_7,lost_track,98
2587,12935,431.167,camera_3,removed,126
2587,12935,431.167,camera_7,reacquired,96
2587,12935,431.167,camera_7,reacquired,98
2589,12945,431.5,camera_7,lost_track,96
2589,12945,431.5,camera_7,lost_track,98
2589,12945,431.5,camera_7,lost_track,95
2590,12950,431.667,camera_3,reacquired,124
2593,12965,432.167,camera_3,lost_track,124
2593,12965,432.167,camera_7,reacquired,96
2594,12970,432.333,camera_7,lost_track,96
2594,12970,432.333,camera_7,removed,90
2595,12975,432.5,camera_3,reacquired,124
2595,12975,432.5,camera_3,removed,-1
2595,12975,432.5,camera_7,reacquired,96
2596,12980,432.667,camera_3,lost_track,124
2596,12980,432.667,camera_7,lost_track,96
2599,12995,433.167,camera_3,new_track,127
2599,12995,433.167,camera_7,reacquired,96
2600,13000,433.333,camera_3,lost_track,127
2601,13005,433.5,camera_7,lost_track,96
2602,13010,433.667,camera_3,reacquired,127
2602,13010,433.667,camera_7,reacquired,96
2602,13010,433.667,camera_7,reacquired,97
2603,13015,433.833,camera_3,lost_track,127
2604,13020,434.0,camera_7,lost_track,96
2605,13025,434.167,camera_7,reacquired,96
2607,13035,434.5,camera_7,lost_track,96
2607,13035,434.5,camera_7,lost_track,97
2608,13040,434.667,camera_7,reacquired,96
2608,13040,434.667,camera_7,reacquired,97
2609,13045,434.833,camera_3,new_track,128
2609,13045,434.833,camera_7,lost_track,96
2609,13045,434.833,camera_7,lost_track,97
2610,13050,435.0,camera_3,lost_track,128
2610,13050,435.0,camera_7,reacquired,97
2611,13055,435.167,camera_3,reacquired,128
2613,13065,435.5,camera_7,removed,-1
2615,13075,435.833,camera_3,reacquired,124
2615,13075,435.833,camera_3,lost_track,128
2615,13075,435.833,camera_4,removed,84
2616,13080,436.0,camera_7,reacquired,98
2616,13080,436.0,camera_7,removed,-1
2618,13090,436.333,camera_7,removed,-1
2619,13095,436.5,camera_7,removed,95
2620,13100,436.667,camera_7,new_track,99
2621,13105,436.833,camera_7,lost_track,98
2621,13105,436.833,camera_7,lost_track,99
2622,13110,437.0,camera_7,new_track,100
2622,13110,437.0,camera_7,reacquired,99
2623,13115,437.167,camera_3,reacquired,128
2625,13125,437.5,camera_3,lost_track,128
2626,13130,437.667,camera_1,lost_track,26
2631,13155,438.5,camera_3,reacquired,128
2633,13165,438.833,camera_1,reacquired,26
2633,13165,438.833,camera_3,removed,127
2633,13165,438.833,camera_4,removed,-1
2633,13165,438.833,camera_7,lost_track,100
2634,13170,439.0,camera_1,lost_track,26
2634,13170,439.0,camera_7,lost_track,99
2635,13175,439.167,camera_1,reacquired,26
2635,13175,439.167,camera_3,lost_track,128
2635,13175,439.167,camera_4,new_track,85
2636,13180,439.333,camera_3,reacquired,128
2636,13180,439.333,camera_7,reacquired,99
2637,13185,439.5,camera_7,reacquired,100
2637,13185,439.5,camera_7,lost_track,99
2638,13190,439.667,camera_7,lost_track,100
2639,13195,439.833,camera_7,reacquired,99
2639,13195,439.833,camera_7,reacquired,100
2639,13195,439.833,camera_7,removed,96
2640,13200,440.0,camera_1,removed,-1
2640,13200,440.0,camera_4,lost_track,85
2640,13200,440.0,camera_7,lost_track,99
2642,13210,440.333,camera_3,lost_track,128
2642,13210,440.333,camera_4,removed,-1
2642,13210,440.333,camera_7,lost_track,97
2644,13220,440.667,camera_7,reacquired,97
2646,13230,441.0,camera_3,reacquired,128
2649,13245,441.5,camera_3,lost_track,128
2650,13250,441.667,camera_3,reacquired,128
2650,13250,441.667,camera_6,new_track,111
2651,13255,441.833,camera_3,lost_track,128
2651,13255,441.833,camera_7,removed,98
2652,13260,442.0,camera_3,reacquired,128
2653,13265,442.167,camera_7,lost_track,100
2654,13270,442.333,camera_7,new_track,101
2655,13275,442.5,camera_6,new_track,112
2655,13275,442.5,camera_7,lost_track,101
2657,13285,442.833,camera_6,lost_track,112
2659,13295,443.167,camera_7,new_track,102
2662,13310,443.667,camera_7,lost_track,102
2663,13315,443.833,camera_7,removed,-1
2664,13320,444.0,camera_6,new_track,113
2664,13320,444.0,camera_7,reacquired,102
2665,13325,444.167,camera_6,lost_track,113
2665,13325,444.167,camera_6,lost_track,111
2665,13325,444.167,camera_7,lost_track,102
2665,13325,444.167,camera_7,removed,-1
2666,13330,444.333,camera_6,reacquired,111
2667,13335,444.5,camera_7,reacquired,101
2668,13340,444.667,camera_7,lost_track,97
2669,13345,444.833,camera_7,lost_track,101
2670,13350,445.0,camera_4,removed,85
2670,13350,445.0,camera_7,removed,99
2671,13355,445.167,camera_4,new_track,86
2673,13365,445.5,camera_4,lost_track,86
2673,13365,445.5,camera_7,new_track,103
2676,13380,446.0,camera_4,removed,-1
2676,13380,446.0,camera_6,removed,-1
2676,13380,446.0,camera_7,new_track,104
2677,13385,446.167,camera_4,new_track,87
2679,13395,446.5,camera_6,new_track,114
2680,13400,446.667,camera_6,lost_track,114
2680,13400,446.667,camera_6,removed,-1
2681,13405,446.833,camera_6,lost_track,111
2681,13405,446.833,camera_7,lost_track,104
2682,13410,447.0,camera_6,reacquired,111
2682,13410,447.0,camera_6,reacquired,114
2682,13410,447.0,camera_7,reacquired,104
2683,13415,447.167,camera_7,removed,100
2684,13420,447.333,camera_1,removed,-1
2684,13420,447.333,camera_7,lost_track,104
2686,13430,447.667,camera_7,lost_track,103
2687,13435,447.833,camera_6,new_track,115
2687,13435,447.833,camera_6,removed,112
2688,13440,448.0,camera_6,lost_track,114
2689,13445,448.167,camera_1,removed,-1
2689,13445,448.167,camera_7,removed,-1
2690,13450,448.333,camera_6,reacquired,114
2691,13455,448.5,camera_3,lost_track,128
2691,13455,448.5,camera_6,lost_track,115
2691,13455,448.5,camera_6,lost_track,111
2692,13460,448.667,camera_6,reacquired,111
2692,13460,448.667,camera_6,reacquired,115
2693,13465,448.833,camera_3,reacquired,128
2693,13465,448.833,camera_6,lost_track,115
2694,13470,449.0,camera_6,reacquired,115
2695,13475,449.167,camera_4,lost_track,87
2695,13475,449.167,camera_6,lost_track,115
2695,13475,449.167,camera_6,lost_track,111
2695,13475,449.167,camera_6,removed,113
2695,13475,449.167,camera_7,removed,102
2696,13480,449.333,camera_6,reacquired,111
2696,13480,449.333,camera_6,reacquired,115
2697,13485,449.5,camera_6,lost_track,114
2697,13485,449.5,camera_6,lost_track,111
2698,13490,449.667,camera_6,reacquired,111
2698,13490,449.667,camera_7,removed,97
2699,13495,449.833,camera_6,lost_track,115
2699,13495,449.833,camera_6,lost_track,111
2699,13495,449.833,camera_6,removed,-1
2699,13495,449.833,camera_7,removed,101
2700,13500,450.0,camera_3,lost_track,128
2700,13500,450.0,camera_7,removed,-1
2701,13505,450.167,camera_3,reacquired,128
2702,13510,450.333,camera_1,lost_track,26
2702,13510,450.333,camera_7,removed,-1
2703,13515,450.5,camera_1,reacquired,26
2703,13515,450.5,camera_4,removed,86
2703,13515,450.5,camera_4,removed,-1
2704,13520,450.667,camera_1,lost_track,26
2704,13520,450.667,camera_4,new_track,88
2705,13525,450.833,camera_1,reacquired,26
2706,13530,451.0,camera_4,lost_track,88
2706,13530,451.0,camera_6,new_track,116
2706,13530,451.0,camera_6,reacquired,114
2706,13530,451.0,camera_6,removed,-1
2707,13535,451.167,camera_4,reacquired,88
2711,13555,451.833,camera_6,lost_track,114
2713,13565,452.167,camera_6,reacquired,114
2714,13570,452.333,camera_5,lost_track,129
2714,13570,452.333,camera_6,lost_track,114
2714,13570,452.333,camera_7,removed,104
2715,13575,452.5,camera_1,lost_track,26
2715,13575,452.5,camera_5,reacquired,129
2716,13580,452.667,camera_1,reacquired,26
2716,13580,452.667,camera_4,lost_track,88
2716,13580,452.667,camera_5,lost_track,129
2716,13580,452.667,camera_6,lost_track,116
2716,13580,452.667,camera_7,removed,103
2717,13585,452.833,camera_4,reacquired,88
2717,13585,452.833,camera_5,removed,-1
2719,13595,453.167,camera_5,new_track,130
2722,13610,453.667,camera_1,lost_track,26
2722,13610,453.667,camera_5,new_track,131
2724,13620,454.0,camera_1,reacquired,26
2724,13620,454.0,camera_4,lost_track,88
2725,13625,454.167,camera_4,reacquired,88
2725,13625,454.167,camera_4,removed,87
2725,13625,454.167,camera_5,lost_track,130
2725,13625,454.167,camera_5,removed,-1
2726,13630,454.333,camera_2,removed,-1
2727,13635,454.5,camera_4,lost_track,88
2727,13635,454.5,camera_5,lost_track,131
2729,13645,454.833,camera_4,reacquired,88
2729,13645,454.833,camera_5,new_track,132
2729,13645,454.833,camera_5,new_track,133
2729,13645,454.833,camera_6,removed,115
2729,13645,454.833,camera_6,removed,111
2730,13650,455.0,camera_2,lost_track,1
2730,13650,455.0,camera_2,removed,-1
2730,13650,455.0,camera_5,reacquired,129
2731,13655,455.167,camera_2,reacquired,1
2731,13655,455.167,camera_5,lost_track,129
2732,13660,455.333,camera_3,lost_track,128
2732,13660,455.333,camera_5,removed,-1
2733,13665,455.5,camera_2,removed,-1
2733,13665,455.5,camera_5,lost_track,133
2734,13670,455.667,camera_3,reacquired,128
2734,13670,455.667,camera_3,removed,-1
2734,13670,455.667,camera_4,new_track,89
2735,13675,455.833,camera_5,lost_track,132
2736,13680,456.0,camera_5,reacquired,132
2736,13680,456.0,camera_5,removed,-1
2737,13685,456.167,camera_1,new_track,51
2737,13685,456.167,camera_2,removed,-1
2737,13685,456.167,camera_3,new_track,129
2738,13690,456.333,camera_1,lost_track,26
2738,13690,456.333,camera_3,lost_track,129
2738,13690,456.333,camera_5,lost_track,132
2739,13695,456.5,camera_2,removed,-1
2739,13695,456.5,camera_3,new_track,130
2741,13705,456.833,camera_1,reacquired,26
2742,13710,457.0,camera_2,removed,-1
2742,13710,457.0,camera_3,lost_track,124
2743,13715,457.167,camera_1,lost_track,26
2743,13715,457.167,camera_2,new_track,98
2743,13715,457.167,camera_3,reacquired,124
2743,13715,457.167,camera_4,new_track,90
2743,13715,457.167,camera_4,lost_track,89
2743,13715,457.167,camera_5,removed,-1
2744,13720,457.333,camera_1,new_track,52
2744,13720,457.333,camera_5,new_track,134
2744,13720,457.333,camera_6,removed,114
2745,13725,457.5,camera_1,reacquired,26
2745,13725,457.5,camera_1,lost_track,51
2745,13725,457.5,camera_1,lost_track,52
2745,13725,457.5,camera_3,lost_track,130
2745,13725,457.5,camera_4,lost_track,88
2745,13725,457.5,camera_5,lost_track,134
2746,13730,457.667,camera_2,removed,-1
2746,13730,457.667,camera_4,reacquired,88
2746,13730,457.667,camera_5,reacquired,129
2746,13730,457.667,camera_6,removed,116
2747,13735,457.833,camera_2,lost_track,98
2747,13735,457.833,camera_3,lost_track,124
2748,13740,458.0,camera_2,reacquired,98
2748,13740,458.0,camera_3,new_track,131
2749,13745,458.167,camera_4,lost_track,90
2750,13750,458.333,camera_2,new_track,99
2750,13750,458.333,camera_3,lost_track,128
2750,13750,458.333,camera_3,lost_track,131
2750,13750,458.333,camera_4,new_track,91
2751,13755,458.5,camera_3,reacquired,128
2752,13760,458.667,camera_3,new_track,132
2753,13765,458.833,camera_2,lost_track,98
2753,13765,458.833,camera_3,reacquired,131
2753,13765,458.833,camera_3,lost_track,128
2753,13765,458.833,camera_4,removed,-1
2754,13770,459.0,camera_2,reacquired,98
2754,13770,459.0,camera_2,removed,-1
2754,13770,459.0,camera_3,reacquired,128
2755,13775,459.167,camera_1,new_track,53
2755,13775,459.167,camera_2,lost_track,98
2755,13775,459.167,camera_3,lost_track,132
2755,13775,459.167,camera_3,removed,-1
2755,13775,459.167,camera_5,removed,130
2756,13780,459.333,camera_2,new_track,100
2756,13780,459.333,camera_2,new_track,101
2756,13780,459.333,camera_3,reacquired,129
2756,13780,459.333,camera_4,lost_track,91
2757,13785,459.5,camera_2,lost_track,101
2757,13785,459.5,camera_3,lost_track,128
2757,13785,459.5,camera_3,lost_track,129
2757,13785,459.5,camera_4,lost_track,88
2757,13785,459.5,camera_4,removed,-1
2757,13785,459.5,camera_5,removed,131
2758,13790,459.667,camera_3,reacquired,128
2758,13790,459.667,camera_3,reacquired,129
2758,13790,459.667,camera_3,lost_track,131
2758,13790,459.667,camera_3,removed,-1
2758,13790,459.667,camera_7,removed,-1
2759,13795,459.833,camera_1,new_track,54
2759,13795,459.833,camera_1,new_track,55
2759,13795,459.833,camera_2,lost_track,99
2759,13795,459.833,camera_2,lost_track,100
2759,13795,459.833,camera_3,reacquired,131
2760,13800,460.0,camera_1,lost_track,55
2760,13800,460.0,camera_2,reacquired,99
2760,13800,460.0,camera_4,reacquired,88
2761,13805,460.167,camera_1,reacquired,52
2761,13805,460.167,camera_1,lost_track,53
2761,13805,460.167,camera_2,lost_track,99
2761,13805,460.167,camera_4,lost_track,88
2762,13810,460.333,camera_1,reacquired,53
2762,13810,460.333,camera_1,lost_track,52
2762,13810,460.333,camera_3,new_track,133
2762,13810,460.333,camera_3,lost_track,131
2762,13810,460.333,camera_4,reacquired,88
2762,13810,460.333,camera_7,removed,-1
2763,13815,460.5,camera_2,new_track,102
2763,13815,460.5,camera_3,lost_track,128
2763,13815,460.5,camera_3,lost_track,133
2763,13815,460.5,camera_5,removed,133
2764,13820,460.667,camera_1,lost_track,53
2764,13820,460.667,camera_3,lost_track,129
2765,13825,460.833,camera_1,lost_track,26
2765,13825,460.833,camera_2,lost_track,102
2765,13825,460.833,camera_3,reacquired,129
2766,13830,461.0,camera_1,reacquired,26
2766,13830,461.0,camera_2,reacquired,102
2766,13830,461.0,camera_3,lost_track,129
2767,13835,461.167,camera_4,lost_track,88
2768,13840,461.333,camera_2,lost_track,102
2768,13840,461.333,camera_3,reacquired,129
2768,13840,461.333,camera_4,reacquired,88
2768,13840,461.333,camera_5,removed,132
2769,13845,461.5,camera_3,reacquired,128
2769,13845,461.5,camera_3,lost_track,129
2769,13845,461.5,camera_3,removed,-1
2770,13850,461.667,camera_3,new_track,134
2770,13850,461.667,camera_3,new_track,135
2771,13855,461.833,camera_1,removed,-1
2772,13860,462.0,camera_1,reacquired,53
2772,13860,462.0,camera_2,new_track,103
2772,13860,462.0,camera_3,lost_track,134
2773,13865,462.167,camera_1,reacquired,55
2773,13865,462.167,camera_1,lost_track,53
2773,13865,462.167,camera_3,reacquired,134
2773,13865,462.167,camera_3,lost_track,128
2773,13865,462.167,camera_4,removed,89
2774,13870,462.333,camera_1,reacquired,52
2774,13870,462.333,camera_1,lost_track,55
2774,13870,462.333,camera_3,lost_track,134
2775,13875,462.5,camera_1,reacquired,55
2775,13875,462.5,camera_1,lost_track,52
2775,13875,462.5,camera_1,removed,51
2775,13875,462.5,camera_1,removed,-1
2775,13875,462.5,camera_2,lost_track,103
2775,13875,462.5,camera_2,removed,-1
2775,13875,462.5,camera_3,removed,130
2775,13875,462.5,camera_3,removed,-1
2775,13875,462.5,camera_5,removed,134
2776,13880,462.667,camera_1,reacquired,52
2776,13880,462.667,camera_1,lost_track,55
2776,13880,462.667,camera_2,reacquired,101
2776,13880,462.667,camera_3,reacquired,124
2777,13885,462.833,camera_1,new_track,56
2777,13885,462.833,camera_1,lost_track,54
2777,13885,462.833,camera_2,lost_track,101
2777,13885,462.833,camera_3,reacquired,133
2777,13885,462.833,camera_3,lost_track,124
2778,13890,463.0,camera_1,reacquired,54
2778,13890,463.0,camera_2,reacquired,101
2778,13890,463.0,camera_3,reacquired,134
2779,13895,463.167,camera_1,lost_track,54
2779,13895,463.167,camera_2,lost_track,101
2779,13895,463.167,camera_2,removed,-1
2779,13895,463.167,camera_4,removed,90
2780,13900,463.333,camera_2,reacquired,103
2781,13905,463.5,camera_3,lost_track,133
