seq,fid,cam,tid,layer,gt_id,want,chef,matched,actual_top,n_pending,want_pending,want_score,want_dt,new_choice
seq_004,0,camera_1,0,L0_first,1,,1,False,,0,False,,,
seq_004,0,camera_1,1,L0_first,2,,2,False,,0,False,,,
seq_004,0,camera_2,0,L0_first,5,,3,False,,0,False,,,
seq_004,0,camera_2,1,L0_first,4,,4,False,,0,False,,,
seq_004,0,camera_3,0,L3_not_top1,5,3,4,True,3.1131,0,False,,,
seq_004,0,camera_3,1,L0_first,3,,4,True,3.1131,0,False,,,
seq_004,0,camera_3,2,L1_ghost,,,4,True,,0,False,,,
seq_004,0,camera_3,3,L0_first,7,,4,True,3.1131,0,False,,,
seq_004,0,camera_3,4,L0_first,6,,4,True,3.1131,0,False,,,
seq_004,0,camera_3,5,L1_ghost,,,4,True,,0,False,,,
seq_004,0,camera_4,0,L0_first,8,,4,True,3.1131,0,False,,,
seq_004,35,camera_3,6,OK,4,4,4,True,3.8063,1,True,-2.35,1.0,
seq_004,85,camera_3,7,L2_not_in_candidates,2,2,4,True,3.8063,2,False,,,
seq_004,100,camera_1,2,L2_not_in_candidates,3,4,5,False,,0,False,,,
seq_004,145,camera_3,8,L1_ghost,,,4,True,,1,False,,,
seq_004,205,camera_3,9,L1_ghost,,,4,True,,2,False,,,
seq_004,255,camera_2,2,OK,2,4,4,True,3.8063,0,False,,,
seq_004,275,camera_3,10,OK,7,4,4,True,3.8063,4,True,-0.269,3.833,
seq_004,345,camera_3,11,L1_ghost,,,4,True,,3,False,,,
seq_004,455,camera_1,3,L4_below_threshold,3,5,6,False,-3.7591,0,False,,,
seq_004,465,camera_3,12,L1_ghost,,,4,True,,2,False,,,
seq_004,485,camera_2,3,L2_not_in_candidates,3,6,4,True,3.8063,0,False,,,
seq_004,495,camera_5,0,OK,3,4,4,True,3.8063,0,False,,,
seq_004,510,camera_3,13,OK,6,4,4,True,3.8063,1,True,-1.691,1.333,
seq_004,560,camera_1,4,L2_not_in_candidates,5,4,7,False,-5.5286,1,False,,,
seq_004,565,camera_2,4,OK,6,4,4,True,3.8063,0,False,,,
seq_004,570,camera_1,5,L1_ghost,,,8,False,,1,False,,,
seq_004,570,camera_1,6,L1_ghost,,,9,False,,1,False,,,
seq_004,575,camera_5,1,OK,2,4,4,True,3.8063,0,False,,,
seq_004,580,camera_3,14,OK,2,4,4,True,3.8063,3,True,0.55,2.333,
seq_004,600,camera_5,2,L2_not_in_candidates,5,7,4,True,3.8063,0,False,,,
seq_004,615,camera_3,15,OK,6,4,4,True,3.8063,5,True,0.097,3.333,
seq_004,620,camera_2,5,OK,3,4,4,True,3.8063,3,True,2.164,1.167,
seq_004,635,camera_5,3,OK,4,4,4,True,3.8063,0,False,,,
seq_004,640,camera_1,7,L1_ghost,,,10,False,,2,False,,,7
seq_004,640,camera_2,6,OK,5,4,4,True,3.8063,3,True,1.686,1.667,
seq_004,645,camera_1,8,L2_not_in_candidates,6,4,11,False,-1.0837,2,False,,,
seq_004,645,camera_2,7,L2_not_in_candidates,6,11,4,True,3.8063,3,False,,,
seq_004,660,camera_2,8,OK,3,4,4,True,3.8063,4,True,0.724,2.5,
seq_004,670,camera_2,9,OK,7,4,4,True,3.8063,6,True,0.51,2.667,
seq_004,720,camera_2,10,OK,7,4,4,True,3.8063,8,True,0.775,1.333,
seq_004,735,camera_3,16,L1_ghost,,,4,True,,5,False,,,4
seq_004,740,camera_1,9,L1_ghost,,,12,False,,4,False,,,
seq_004,770,camera_1,10,L1_ghost,,,13,False,,2,False,,,
seq_004,780,camera_2,11,L1_ghost,,,4,True,,5,False,,,
seq_004,790,camera_5,4,OK,6,4,4,True,3.8063,1,True,0.017,3.5,
seq_004,800,camera_2,12,OK,2,4,4,True,3.8063,7,True,3.16,0.5,
seq_004,825,camera_1,11,L2_not_in_candidates,2,4,14,False,-1.026,2,False,,,8
seq_004,835,camera_5,5,OK,7,4,4,True,3.8063,1,True,-0.733,5.0,
seq_004,860,camera_2,13,OK,5,4,4,True,3.8063,3,True,0.412,2.5,
seq_004,875,camera_2,14,OK,5,4,4,True,3.8063,1,True,0.238,3.0,
seq_004,885,camera_5,6,L1_ghost,,,4,True,,2,False,,,
seq_004,890,camera_5,7,OK,4,4,4,True,3.8063,2,True,-2.017,0.333,
seq_004,960,camera_2,15,L2_not_in_candidates,2,14,4,True,3.8063,5,False,,,
seq_004,960,camera_2,16,OK,4,4,4,True,3.8063,5,True,3.036,0.667,
seq_004,965,camera_6,0,OK,6,4,4,True,1.8603,0,False,,,
seq_004,970,camera_2,17,L1_ghost,,,4,True,,5,False,,,
seq_004,995,camera_6,1,OK,5,4,4,True,1.8603,0,False,,,
seq_004,1030,camera_1,12,L2_not_in_candidates,7,4,15,False,-1.5864,1,False,,,
seq_004,1040,camera_6,2,L1_ghost,,,4,True,,0,False,,,
seq_004,1055,camera_6,3,L1_ghost,,,4,True,,0,False,,,
seq_004,1075,camera_4,1,OK,2,4,4,True,3.8063,0,False,,,
seq_004,1080,camera_2,18,OK,3,4,4,True,3.8063,3,True,1.671,1.333,
seq_004,1100,camera_3,17,OK,3,4,4,True,3.1131,1,True,2.922,0.5,
seq_004,1105,camera_2,19,OK,4,4,4,True,3.1131,2,True,0.798,2.167,
seq_004,1115,camera_1,13,L2_not_in_candidates,3,4,16,False,-2.9838,2,False,,,15
seq_004,1125,camera_2,20,OK,4,4,4,True,3.1131,3,True,3.547,0.5,4
seq_004,1145,camera_6,4,L1_ghost,,,4,True,,1,False,,,4
seq_004,1155,camera_1,14,L1_ghost,,,17,False,,2,False,,,
seq_004,1160,camera_1,15,L2_not_in_candidates,4,4,18,False,-3.7523,3,False,,,
seq_004,1165,camera_4,2,L2_not_in_candidates,7,15,4,True,3.1131,0,False,,,
seq_004,1175,camera_3,18,L1_ghost,,,4,True,,1,False,,,
seq_004,1185,camera_3,19,OK,7,4,4,True,2.7076,1,True,0.096,3.333,
seq_004,1220,camera_3,20,L2_not_in_candidates,4,18,4,True,2.7076,3,False,,,
seq_004,1220,camera_4,3,OK,8,4,4,True,2.7076,1,True,3.173,0.5,4
seq_004,1225,camera_1,16,L1_ghost,,,19,False,,5,False,,,14
seq_004,1280,camera_1,17,L1_ghost,,,20,False,,6,False,,,
seq_004,1280,camera_3,21,OK,7,4,4,True,2.42,2,True,-0.032,3.167,
seq_004,1285,camera_5,8,L2_not_in_candidates,3,16,4,True,2.42,0,False,,,
seq_004,1295,camera_1,18,L1_ghost,,,21,False,,7,False,,,
seq_004,1300,camera_4,4,OK,4,4,4,True,3.8063,2,True,-0.807,3.167,
seq_004,1300,camera_5,9,OK,6,4,4,True,2.7076,0,False,,,
seq_004,1305,camera_7,0,L2_not_in_candidates,5,4,22,False,-2.9145,0,False,,,
seq_004,1315,camera_3,22,L1_ghost,,,4,True,,2,False,,,
seq_004,1330,camera_5,10,L1_ghost,,,4,True,,0,False,,,
seq_004,1335,camera_4,5,OK,8,4,4,True,2.7076,2,True,0.329,2.167,
seq_004,1375,camera_3,23,OK,4,4,4,True,2.7076,2,True,2.43,0.333,
seq_004,1400,camera_3,24,L2_not_in_candidates,1,1,4,True,2.7076,4,False,,,
seq_004,1440,camera_2,21,OK,1,4,4,True,2.7076,1,True,-0.659,1.5,
seq_004,1505,camera_5,11,OK,3,4,4,True,2.7076,0,False,,,
seq_004,1505,camera_5,12,L1_ghost,,,4,True,,0,False,,,
seq_004,1510,camera_1,19,L1_ghost,,,23,False,,0,False,,,
seq_004,1510,camera_4,6,L1_ghost,,,4,True,,1,False,,,
seq_004,1515,camera_2,22,OK,7,4,4,True,2.1968,1,True,1.535,1.5,
seq_004,1565,camera_5,13,OK,2,4,4,True,2.42,2,True,4.098,0.167,4
seq_004,1605,camera_4,7,OK,3,4,4,True,2.42,1,True,-1.392,2.5,
seq_004,1625,camera_3,25,L1_ghost,,,4,True,,2,False,,,4
seq_004,1655,camera_2,23,OK,3,4,4,True,2.1968,1,True,1.214,2.0,
seq_004,1670,camera_5,14,OK,4,4,4,True,2.42,4,True,1.08,2.167,
seq_004,1670,camera_6,5,OK,7,4,4,True,1.8603,0,False,,,
seq_004,1680,camera_6,6,L2_not_in_candidates,5,22,4,True,1.8603,0,False,,,
seq_004,1685,camera_6,7,L1_ghost,,,4,True,,0,False,,,
seq_004,1695,camera_1,20,L2_not_in_candidates,3,4,24,False,-4.0268,1,False,,,
seq_004,1720,camera_6,8,L1_ghost,,,4,True,,0,False,,,
seq_004,1730,camera_5,15,L1_ghost,,,4,True,,1,False,,,
seq_004,1735,camera_5,16,L1_ghost,,,4,True,,1,False,,,
seq_004,1760,camera_6,9,L1_ghost,,,4,True,,1,False,,,4
seq_004,1795,camera_4,8,L1_ghost,,,4,True,,1,False,,,
seq_004,1800,camera_5,17,OK,6,4,4,True,2.7076,0,False,,,
seq_004,1810,camera_4,9,OK,2,4,4,True,2.7076,2,True,3.698,0.5,4
seq_004,1820,camera_3,26,OK,1,4,4,True,2.7076,2,True,-0.149,3.833,
seq_004,1835,camera_5,18,OK,8,4,4,True,2.7076,0,False,,,
seq_004,1840,camera_7,1,L2_not_in_candidates,7,4,25,False,-3.052,1,False,,,22
seq_004,1845,camera_5,19,L1_ghost,,,4,True,,0,False,,,
seq_004,1850,camera_1,21,L2_not_in_candidates,1,4,26,False,-2.6715,1,False,,,
seq_004,1865,camera_1,22,L2_not_in_candidates,1,26,27,False,-2.9584,0,False,,,
seq_004,1880,camera_5,20,OK,4,4,4,True,3.1131,1,True,3.022,0.5,
seq_004,1900,camera_1,23,L1_ghost,,,28,False,,2,False,,,26
seq_004,1935,camera_5,21,OK,2,4,4,True,3.1131,3,True,0.86,2.333,
seq_004,1940,camera_3,27,L2_not_in_candidates,3,24,4,True,3.1131,2,False,,,
seq_004,1940,camera_5,22,L1_ghost,,,4,True,,5,False,,,
seq_004,1950,camera_7,2,L2_not_in_candidates,5,4,29,False,-3.6596,1,False,,,
seq_004,1955,camera_5,23,OK,4,4,4,True,3.1131,6,True,2.193,0.667,
seq_004,1960,camera_5,24,OK,3,4,4,True,3.1131,7,True,2.36,0.5,
seq_004,1965,camera_2,24,OK,3,4,4,True,2.7076,1,True,-1.901,0.5,
seq_004,1965,camera_5,25,L1_ghost,,,4,True,,7,False,,,4
seq_004,1975,camera_5,26,L2_not_in_candidates,5,29,4,True,3.1131,7,False,,,
seq_004,1975,camera_5,27,L1_ghost,,,4,True,,7,False,,,4
seq_004,1995,camera_5,28,L1_ghost,,,4,True,,8,False,,,4
seq_004,1995,camera_5,29,OK,4,4,4,True,3.1131,8,True,2.258,1.167,
seq_004,2025,camera_6,10,L2_not_in_candidates,1,27,30,False,0.9159,2,False,,,
seq_004,2035,camera_5,30,L1_ghost,,,4,True,,11,False,,,4
seq_004,2105,camera_5,31,L1_ghost,,,4,True,,9,False,,,
seq_004,2115,camera_5,32,L1_ghost,,,4,True,,9,False,,,4
seq_004,2115,camera_6,11,L1_ghost,,,31,False,,1,False,,,
seq_004,2150,camera_5,33,L1_ghost,,,4,True,,7,False,,,
seq_004,2165,camera_2,25,OK,3,4,4,True,3.8063,1,True,2.76,1.0,
seq_004,2175,camera_4,10,OK,6,4,4,True,3.8063,1,True,1.318,2.0,
seq_004,2195,camera_4,11,OK,3,4,4,True,3.8063,1,True,0.529,2.667,
seq_004,2195,camera_6,12,L2_not_in_candidates,7,25,32,False,1.3213,1,False,,,31
seq_004,2225,camera_7,3,L2_not_in_candidates,1,30,33,False,-2.401,0,False,,,
seq_004,2230,camera_2,26,OK,6,4,4,True,2.7076,2,True,1.599,1.5,
seq_004,2235,camera_3,28,OK,6,4,4,True,2.7076,0,False,,,
seq_004,2245,camera_5,34,OK,3,4,4,True,3.8063,8,True,0.605,2.333,
seq_004,2250,camera_4,12,OK,5,4,4,True,3.8063,1,True,-0.491,4.5,
seq_004,2275,camera_5,35,L3_not_top1,7,32,4,True,3.8063,6,False,,,
seq_004,2280,camera_3,29,OK,3,4,4,True,2.7076,0,False,,,
seq_004,2280,camera_6,13,L1_ghost,,,34,False,,1,False,,,
seq_004,2305,camera_1,24,L2_not_in_candidates,7,4,35,False,-2.4112,1,False,,,
seq_004,2310,camera_5,36,L1_ghost,,,4,True,,5,False,,,
seq_004,2310,camera_5,37,OK,4,4,4,True,3.1131,5,True,0.014,3.167,
seq_004,2320,camera_1,25,L2_not_in_candidates,3,4,36,False,-2.4274,1,False,,,
seq_004,2365,camera_5,38,L1_ghost,,,4,True,,2,False,,,4
seq_004,2385,camera_5,39,OK,2,4,4,True,3.1131,4,True,0.655,2.0,
seq_004,2390,camera_7,4,L2_not_in_candidates,1,33,37,False,-2.6119,2,True,-0.565,4.667,
seq_004,2395,camera_1,26,L2_not_in_candidates,6,4,38,False,-2.6305,2,False,,,36
seq_004,2395,camera_1,27,L1_ghost,,,39,False,,2,False,,,36
seq_004,2425,camera_1,28,L1_ghost,,,40,False,,2,False,,,39
seq_004,2435,camera_1,29,L1_ghost,,,41,False,,2,False,,,39
seq_004,2455,camera_2,27,L2_not_in_candidates,7,35,4,True,3.8063,1,False,,,
seq_004,2470,camera_5,40,L2_not_in_candidates,6,38,34,True,3.1131,4,False,,,
seq_004,2490,camera_4,13,L2_not_in_candidates,3,36,4,True,3.1131,0,False,,,
seq_004,2490,camera_5,41,L1_ghost,,,30,True,,3,False,,,
seq_004,2515,camera_3,30,OK,7,4,4,True,3.8063,2,True,1.301,2.0,
seq_004,2555,camera_5,42,L1_ghost,,,4,True,,2,False,,,4
seq_004,2560,camera_4,14,OK,7,4,4,True,3.1131,0,False,,,
seq_004,2585,camera_4,15,L3_not_top1,6,34,4,True,3.1131,0,False,,,
seq_004,2620,camera_5,43,OK,8,4,4,True,3.8063,2,True,2.992,0.167,
seq_004,2640,camera_2,28,OK,7,4,4,True,3.8063,1,True,-0.571,4.667,
seq_004,2665,camera_3,31,L1_ghost,,,4,True,,0,False,,,
seq_004,2665,camera_5,44,L1_ghost,,,4,True,,1,False,,,
seq_004,2700,camera_5,45,OK,6,4,4,True,3.1131,2,True,1.782,0.667,
seq_004,2735,camera_5,46,L1_ghost,,,4,True,,2,False,,,
seq_004,2740,camera_5,47,L1_ghost,,,4,True,,2,False,,,4
seq_004,2795,camera_5,48,L1_ghost,,,4,True,,5,False,,,4
seq_004,2795,camera_5,49,OK,5,4,4,True,3.1131,5,True,3.959,0.167,4
seq_004,2810,camera_7,5,L4_below_threshold,1,37,42,False,-1.0727,0,False,,,
seq_004,2855,camera_2,29,OK,3,4,4,True,3.8063,1,True,-0.641,4.667,
seq_004,2880,camera_1,30,L1_ghost,,,43,False,,1,False,,,
seq_004,2880,camera_3,32,OK,3,4,4,True,3.1131,1,True,-1.697,1.667,
seq_004,2885,camera_2,30,OK,6,4,4,True,3.1131,0,False,,,
seq_004,2910,camera_1,31,L1_ghost,,,44,False,,1,False,,,
seq_004,2925,camera_5,50,OK,3,4,4,True,3.1131,5,True,3.01,0.833,
seq_004,2925,camera_5,51,L1_ghost,,,4,True,,5,False,,,
seq_004,2930,camera_6,14,L2_not_in_candidates,1,42,45,False,1.3213,0,False,,,
seq_004,2935,camera_1,32,L1_ghost,,,46,False,,1,False,,,
seq_004,2935,camera_5,52,L1_ghost,,,45,True,,5,False,,,
seq_004,2945,camera_1,33,L1_ghost,,,47,False,,1,False,,,
seq_004,2945,camera_6,15,L1_ghost,,,48,False,,0,False,,,
seq_004,2960,camera_5,53,L1_ghost,,,48,True,,3,False,,,
seq_004,2965,camera_1,34,L2_not_in_candidates,7,4,49,False,-3.441,1,False,,,
seq_004,2965,camera_6,16,L3_not_top1,6,4,50,False,1.3213,0,False,,,
seq_004,3005,camera_6,17,L1_ghost,,,51,False,,1,False,,,48
seq_004,3010,camera_5,54,L1_ghost,,,4,True,,4,False,,,4
seq_004,3015,camera_6,18,L1_ghost,,,52,False,,1,False,,,48
seq_004,3020,camera_5,55,L3_not_top1,1,45,4,True,3.8063,6,False,,,
seq_004,3030,camera_2,31,OK,2,4,4,True,3.8063,1,True,-0.316,4.167,
seq_004,3040,camera_5,56,L1_ghost,,,4,True,,6,False,,,4
seq_004,3065,camera_2,32,OK,8,4,4,True,3.8063,1,True,2.72,1.0,
seq_004,3070,camera_4,16,OK,2,4,4,True,3.8063,1,True,-0.247,4.0,
seq_004,3080,camera_2,33,L2_not_in_candidates,7,49,4,True,3.8063,2,False,,,
seq_004,3080,camera_5,57,L1_ghost,,,4,True,,8,False,,,45
seq_004,3090,camera_3,33,OK,7,4,4,True,3.1131,1,True,-1.874,4.5,
seq_004,3115,camera_2,34,L1_ghost,,,4,True,,1,False,,,
seq_004,3150,camera_4,17,OK,8,4,4,True,3.8063,1,True,3.254,0.667,
seq_004,3155,camera_7,6,L2_not_in_candidates,6,50,53,False,-3.2746,1,False,,,
seq_004,3195,camera_5,58,OK,3,4,4,True,3.8063,4,True,3.927,0.333,4
seq_004,3200,camera_6,19,L3_not_top1,2,4,48,True,1.7268,3,False,,,
seq_004,3220,camera_5,59,L1_ghost,,,4,True,,5,False,,,4
seq_004,3225,camera_5,60,L3_not_top1,7,4,48,True,3.8063,4,True,2.829,0.333,
seq_004,3230,camera_6,20,L3_not_top1,4,4,54,False,1.609,0,False,,,
seq_004,3240,camera_4,18,OK,5,4,4,True,3.8063,2,True,1.33,2.0,
seq_004,3265,camera_7,7,L2_not_in_candidates,6,53,55,False,-2.7098,1,True,1.727,0.833,53
seq_004,3280,camera_2,35,OK,1,4,4,True,3.8063,1,True,2.192,1.333,
seq_004,3300,camera_6,21,L3_not_top1,8,4,48,True,1.8603,0,False,,,
seq_004,3310,camera_5,61,OK,3,4,4,True,3.8063,4,True,0.688,2.5,
seq_004,3315,camera_7,8,L2_not_in_candidates,6,55,56,False,-2.9057,2,True,1.902,0.167,55
seq_004,3325,camera_6,22,L1_ghost,,,48,True,,0,False,,,
seq_004,3330,camera_3,34,OK,5,4,4,True,3.1131,1,True,-0.235,3.833,
seq_004,3360,camera_4,19,L3_not_top1,7,48,4,True,3.1131,0,False,,,
seq_004,3395,camera_2,36,OK,5,4,4,True,3.8063,1,True,0.328,2.667,
seq_004,3415,camera_6,23,L1_ghost,,,48,True,,3,False,,,48
seq_004,3435,camera_7,9,L2_not_in_candidates,2,48,57,False,-1.7569,1,False,,,
seq_004,3440,camera_5,62,L1_ghost,,,4,True,,2,False,,,
seq_004,3445,camera_1,35,L2_not_in_candidates,5,4,58,False,-2.443,0,False,,,
seq_004,3455,camera_4,20,OK,1,4,4,True,3.8063,2,True,0.713,2.5,
seq_004,3460,camera_4,21,L2_not_in_candidates,5,58,4,True,3.8063,2,False,,,
seq_004,3480,camera_5,63,OK,7,4,4,True,3.8063,2,True,0.168,3.167,
seq_004,3480,camera_7,10,L2_not_in_candidates,4,54,59,False,-1.6252,1,False,,,
seq_004,3500,camera_5,64,L1_ghost,,,4,True,,3,False,,,4
seq_004,3500,camera_7,11,L2_not_in_candidates,6,56,60,False,-3.2746,1,True,1.54,1.833,
seq_004,3530,camera_3,35,OK,1,4,4,True,2.7076,0,False,,,
seq_004,3550,camera_3,36,L1_ghost,,,4,True,,0,False,,,
seq_004,3560,camera_7,12,L2_not_in_candidates,8,48,61,False,-2.5335,1,False,,,
seq_004,3575,camera_7,13,L2_not_in_candidates,2,57,62,False,-2.5923,2,True,0.2,0.167,
seq_004,3590,camera_3,37,OK,1,4,4,True,3.1131,1,True,1.903,1.333,
seq_004,3600,camera_5,65,L1_ghost,,,48,True,,1,False,,,
seq_004,3625,camera_2,37,OK,1,4,4,True,3.1131,0,False,,,
seq_004,3640,camera_5,66,L1_ghost,,,48,True,,1,False,,,
seq_004,3695,camera_1,36,L2_not_in_candidates,1,4,63,False,-1.9269,0,False,,,
seq_004,3710,camera_4,22,L2_not_in_candidates,1,63,4,True,2.7076,1,False,,,
seq_004,3710,camera_5,67,L1_ghost,,,48,True,,2,False,,,
seq_004,3720,camera_1,37,L1_ghost,,,64,False,,0,False,,,
seq_004,3730,camera_6,24,L1_ghost,,,48,True,,1,False,,,
seq_004,3740,camera_7,14,L2_not_in_candidates,8,61,65,False,-1.2873,2,True,-0.648,4.833,
seq_004,3780,camera_2,38,OK,3,4,4,True,3.8063,1,True,-1.919,0.333,
seq_004,3845,camera_7,15,L2_not_in_candidates,8,65,66,False,-2.3249,2,True,1.33,2.0,
seq_004,3865,camera_4,23,OK,3,4,4,True,3.1131,1,True,-0.76,4.833,
seq_004,3885,camera_6,25,L3_not_top1,3,4,48,True,2.1968,2,False,,,
seq_004,3900,camera_7,16,L4_below_threshold,2,62,67,False,-2.827,3,False,,,
seq_004,3910,camera_7,17,L2_not_in_candidates,4,59,68,False,-2.866,3,True,-0.002,3.333,60
seq_004,3925,camera_7,18,L2_not_in_candidates,6,60,69,False,-3.0771,3,True,1.449,1.167,
seq_004,3945,camera_2,39,OK,7,4,4,True,3.8063,1,True,-0.663,4.833,
seq_004,3965,camera_6,26,L2_not_in_candidates,4,68,48,True,3.1131,0,False,,,
seq_004,3970,camera_7,19,L2_not_in_candidates,3,48,70,False,-0.8151,2,False,,,
seq_004,3975,camera_5,68,OK,1,4,4,True,3.8063,1,True,-0.898,3.833,
seq_004,4000,camera_6,27,L1_ghost,,,48,True,,0,False,,,
seq_004,4010,camera_2,40,OK,1,4,4,True,3.8063,0,False,,,
seq_004,4010,camera_3,38,OK,1,4,4,True,3.8063,1,True,0.735,2.5,
seq_004,4020,camera_6,28,L2_not_in_candidates,2,67,48,True,3.1131,0,False,,,
seq_004,4040,camera_6,29,L1_ghost,,,48,True,,0,False,,,
seq_004,4050,camera_4,24,L3_not_top1,7,4,48,True,3.1131,0,False,,,
seq_004,4060,camera_1,38,L2_not_in_candidates,7,48,71,False,-2.4476,0,False,,,
seq_004,4060,camera_6,30,L2_not_in_candidates,6,69,48,True,3.1131,1,False,,,
seq_004,4060,camera_6,31,L1_ghost,,,48,True,,1,False,,,48
seq_004,4075,camera_5,69,OK,2,48,48,True,3.8063,0,False,,,
seq_004,4080,camera_5,70,L1_ghost,,,48,True,,0,False,,,
seq_004,4095,camera_3,39,L2_not_in_candidates,7,71,48,True,3.8063,0,False,,,
seq_004,4105,camera_1,39,L1_ghost,,,72,False,,0,False,,,
seq_004,4105,camera_5,71,OK,6,48,48,True,3.8063,0,False,,,
seq_004,4115,camera_5,72,OK,4,48,48,True,3.8063,0,False,,,
seq_004,4140,camera_5,73,OK,2,48,48,True,3.8063,0,False,,,
seq_004,4145,camera_2,41,OK,7,48,48,True,3.8063,1,False,,,
seq_004,4170,camera_1,40,L1_ghost,,,73,False,,1,False,,,
seq_004,4170,camera_2,42,L1_ghost,,,48,True,,1,False,,,
seq_004,4270,camera_5,74,L1_ghost,,,48,True,,4,False,,,48
seq_004,4310,camera_5,75,L1_ghost,,,48,True,,4,False,,,48
seq_004,4315,camera_3,40,L1_ghost,,,48,True,,1,False,,,
seq_004,4325,camera_2,43,OK,2,48,48,True,2.42,3,True,-0.265,1.5,
seq_004,4340,camera_5,76,L2_not_in_candidates,3,70,48,True,3.8063,3,False,,,
seq_004,4345,camera_2,44,OK,7,48,48,True,2.42,2,True,-0.65,4.833,
seq_004,4355,camera_4,25,L3_not_top1,1,4,48,True,2.7076,0,False,,,
seq_004,4360,camera_6,32,OK,3,48,48,True,1.8603,1,True,-0.758,4.5,
seq_004,4370,camera_2,45,OK,4,48,48,True,3.8063,1,True,-0.543,3.0,
seq_004,4370,camera_4,26,OK,7,48,48,True,2.7076,0,False,,,
seq_004,4370,camera_6,33,L1_ghost,,,48,True,,1,False,,,
seq_004,4400,camera_2,46,OK,6,48,48,True,3.1131,1,True,-0.873,4.0,
seq_004,4405,camera_6,34,L2_not_in_candidates,8,66,48,True,2.0145,1,False,,,48
seq_004,4420,camera_1,41,L2_not_in_candidates,2,48,74,False,-1.5738,0,False,,,
seq_004,4420,camera_6,35,L1_ghost,,,48,True,,1,False,,,48
seq_004,4425,camera_1,42,L1_ghost,,,75,False,,0,False,,,
seq_004,4425,camera_1,43,L1_ghost,,,76,False,,0,False,,,
seq_004,4440,camera_1,44,L2_not_in_candidates,2,74,77,False,-1.8351,0,False,,,
seq_004,4445,camera_4,27,OK,7,48,48,True,2.7076,2,True,2.247,1.333,
seq_004,4445,camera_5,77,OK,8,48,48,True,2.7076,4,True,1.254,1.0,
seq_004,4480,camera_1,45,L2_not_in_candidates,4,48,78,False,-2.573,1,False,,,74
seq_004,4480,camera_4,28,OK,7,48,48,True,2.7076,3,True,-0.073,3.5,
seq_004,4535,camera_3,41,L2_not_in_candidates,4,78,48,True,2.7076,1,False,,,
seq_004,4570,camera_2,47,OK,3,48,48,True,3.1131,2,True,0.443,1.0,
seq_004,4570,camera_5,78,L1_ghost,,,48,True,,1,False,,,
seq_004,4595,camera_4,29,OK,6,48,48,True,2.7076,2,True,-0.009,3.5,
seq_004,4595,camera_6,36,OK,7,48,48,True,2.7076,2,True,0.345,1.5,
seq_004,4630,camera_5,79,OK,6,48,48,True,3.1131,2,True,2.835,0.833,
seq_004,4635,camera_3,42,OK,6,48,48,True,3.1131,0,False,,,
seq_004,4640,camera_1,46,L2_not_in_candidates,4,48,79,False,-1.3242,3,False,,,
seq_004,4650,camera_6,37,L1_ghost,,,48,True,,1,False,,,
seq_004,4690,camera_2,48,OK,8,48,48,True,3.8063,3,True,-0.883,3.667,
seq_004,4695,camera_3,43,L2_not_in_candidates,2,77,48,True,3.8063,2,False,,,
seq_004,4695,camera_3,44,OK,2,48,48,True,3.8063,2,True,3.346,0.667,
seq_004,4715,camera_2,49,OK,6,48,48,True,3.8063,2,True,-0.619,4.5,
seq_004,4715,camera_5,80,OK,3,48,48,True,3.8063,2,True,-0.065,3.667,
seq_004,4720,camera_3,45,OK,6,48,48,True,3.8063,3,True,2.433,1.167,
seq_004,4720,camera_3,46,OK,3,48,48,True,3.8063,3,True,-0.718,1.167,
seq_004,4730,camera_1,47,L2_not_in_candidates,3,48,80,False,-1.5405,1,False,,,
seq_004,4735,camera_5,81,L1_ghost,,,48,True,,2,False,,,
seq_004,4755,camera_1,48,L1_ghost,,,81,False,,0,False,,,
seq_004,4780,camera_7,20,L2_not_in_candidates,7,48,82,False,-2.5676,0,False,,,
seq_004,4785,camera_5,82,L1_ghost,,,48,True,,2,False,,,
seq_004,4805,camera_5,83,L1_ghost,,,48,True,,2,False,,,
seq_004,4825,camera_5,84,L1_ghost,,,48,True,,2,False,,,
seq_004,4835,camera_4,30,OK,6,48,48,True,2.42,1,True,-0.471,4.333,
seq_004,4845,camera_1,49,L1_ghost,,,83,False,,2,False,,,
seq_004,4850,camera_7,21,L2_not_in_candidates,7,82,84,False,-3.1076,1,True,-0.244,0.167,
seq_004,4860,camera_5,85,L1_ghost,,,48,True,,3,False,,,
seq_004,4880,camera_2,50,OK,6,48,48,True,3.8063,3,True,0.895,2.333,
seq_004,4905,camera_2,51,L2_not_in_candidates,4,79,48,True,3.8063,3,False,,,
seq_004,4905,camera_4,31,OK,8,48,48,True,2.42,1,True,2.171,1.333,
seq_004,4905,camera_5,86,OK,2,48,48,True,3.1131,1,True,0.754,2.333,
seq_004,4925,camera_5,87,OK,4,48,48,True,3.1131,2,True,-0.034,3.0,
seq_004,4930,camera_2,52,OK,4,48,48,True,3.1131,2,True,-0.672,4.5,
seq_004,4940,camera_3,47,OK,4,48,48,True,3.1131,2,True,-1.066,3.0,
seq_004,4940,camera_5,88,L1_ghost,,,48,True,,2,False,,,48
seq_004,4955,camera_3,48,OK,2,48,48,True,3.1131,2,True,-1.767,3.5,
seq_004,4970,camera_1,50,L2_not_in_candidates,4,48,85,False,-0.8775,2,False,,,79
seq_004,4970,camera_4,32,L3_not_top1,3,80,48,True,2.42,1,False,,,
seq_004,4980,camera_5,89,L2_not_in_candidates,7,84,48,True,2.7076,3,False,,,
seq_004,4980,camera_6,38,L4_below_threshold,7,48,86,False,1.5037,0,False,,,
seq_004,4980,camera_7,22,L2_not_in_candidates,7,86,87,False,-2.5846,2,False,,,
seq_004,4990,camera_6,39,L1_ghost,,,88,False,,0,False,,,
seq_004,5005,camera_3,49,L1_ghost,,,48,True,,1,False,,,
seq_004,5020,camera_7,23,L2_not_in_candidates,7,87,89,False,-1.0696,2,True,2.037,0.333,87
seq_004,5050,camera_5,90,L1_ghost,,,88,True,,4,False,,,
seq_004,5050,camera_5,91,L3_not_top1,6,48,88,True,3.1131,4,True,0.759,1.667,
seq_004,5055,camera_3,50,L3_not_top1,6,88,48,True,3.1131,2,False,,,
seq_004,5080,camera_1,51,L1_ghost,,,90,False,,2,False,,,
seq_004,5085,camera_5,92,L3_not_top1,3,48,88,True,3.1131,3,True,0.359,2.833,
seq_004,5105,camera_5,93,L1_ghost,,,88,True,,3,False,,,
seq_004,5110,camera_1,52,L2_not_in_candidates,4,85,91,False,-1.4441,2,True,2.457,1.167,77
seq_004,5130,camera_1,53,L1_ghost,,,92,False,,2,False,,,
seq_004,5140,camera_5,94,L1_ghost,,,88,True,,5,False,,,88
seq_004,5150,camera_3,51,L2_not_in_candidates,4,91,48,True,3.1131,3,False,,,48
seq_004,5150,camera_4,33,OK,6,48,48,True,2.7076,1,True,0.769,2.333,
seq_004,5160,camera_5,95,L1_ghost,,,86,True,,3,False,,,88
seq_004,5185,camera_5,96,L1_ghost,,,86,True,,3,False,,,
seq_004,5215,camera_5,97,L1_ghost,,,86,True,,3,False,,,
seq_004,5255,camera_4,34,OK,2,48,48,True,3.1131,0,False,,,
seq_004,5260,camera_5,98,L2_not_in_candidates,3,88,48,True,3.1131,5,True,2.076,1.167,
seq_004,5345,camera_5,99,L3_not_top1,7,89,48,True,3.1131,5,False,,,48
seq_004,5360,camera_5,100,OK,4,48,48,True,3.1131,6,True,1.902,0.333,
seq_004,5395,camera_5,101,L1_ghost,,,4,True,,5,False,,,48
seq_004,5400,camera_4,35,L1_ghost,,,4,True,,0,False,,,
seq_004,5405,camera_4,36,L3_not_top1,7,48,4,True,3.8063,0,False,,,
seq_004,5405,camera_5,102,L1_ghost,,,4,True,,5,False,,,
seq_004,5670,camera_2,53,L3_not_top1,3,48,4,True,3.8063,0,False,,,
seq_004,5705,camera_5,103,L3_not_top1,2,48,4,True,3.8063,0,False,,,
seq_004,5715,camera_5,104,OK,7,4,4,True,3.8063,0,False,,,
seq_004,5725,camera_5,105,L3_not_top1,4,48,4,True,3.8063,0,False,,,
seq_004,5755,camera_5,106,L1_ghost,,,4,True,,0,False,,,
seq_004,5765,camera_5,107,L1_ghost,,,4,True,,1,False,,,4
seq_004,5770,camera_5,108,L1_ghost,,,4,True,,1,False,,,4
seq_004,5805,camera_1,54,L2_not_in_candidates,3,4,93,False,-3.052,0,False,,,
seq_004,5810,camera_5,109,L2_not_in_candidates,3,93,4,True,3.8063,2,False,,,
seq_004,5810,camera_5,110,L1_ghost,,,4,True,,2,False,,,
seq_004,5825,camera_5,111,L1_ghost,,,4,True,,2,False,,,4
seq_004,5825,camera_5,112,L1_ghost,,,4,True,,2,False,,,
seq_004,5850,camera_4,37,OK,3,4,4,True,3.8063,0,False,,,
seq_004,5860,camera_1,55,L1_ghost,,,94,False,,0,False,,,
seq_004,5880,camera_3,52,OK,3,4,4,True,3.1131,0,False,,,
seq_004,5885,camera_5,113,L1_ghost,,,4,True,,4,False,,,4
seq_004,5890,camera_5,114,L1_ghost,,,4,True,,3,False,,,
seq_004,5930,camera_5,115,L1_ghost,,,4,True,,4,False,,,
seq_004,5945,camera_5,116,OK,4,4,4,True,3.1131,4,True,1.708,1.167,
seq_004,5990,camera_5,117,OK,3,4,4,True,3.1131,5,True,3.045,0.333,
seq_004,6000,camera_5,118,L1_ghost,,,4,True,,9,False,,,4
seq_004,6005,camera_5,119,L1_ghost,,,4,True,,9,False,,,4
seq_004,6010,camera_5,120,L1_ghost,,,4,True,,10,False,,,4
seq_004,6010,camera_5,121,L1_ghost,,,4,True,,10,False,,,4
seq_004,6060,camera_1,56,L1_ghost,,,95,False,,0,False,,,
seq_004,6060,camera_5,122,L1_ghost,,,48,True,,10,False,,,4
seq_004,6070,camera_1,57,L2_not_in_candidates,3,4,96,False,-1.2025,0,False,,,
seq_004,6130,camera_5,123,OK,6,48,48,True,3.1131,11,False,,,
seq_004,6160,camera_5,124,L2_not_in_candidates,3,96,48,True,3.1131,5,False,,,
seq_004,6205,camera_2,54,L3_not_top1,7,4,48,True,3.1131,1,True,-0.484,4.5,
seq_004,6225,camera_5,125,L1_ghost,,,48,True,,3,False,,,
seq_004,6280,camera_5,126,OK,8,48,48,True,3.1131,1,False,,,
seq_004,6300,camera_4,38,L3_not_top1,3,48,4,True,3.8063,0,False,,,
seq_004,6320,camera_5,127,L1_ghost,,,4,True,,1,False,,,48
seq_004,6335,camera_2,55,OK,2,4,4,True,3.8063,0,False,,,
seq_004,6345,camera_1,58,L2_not_in_candidates,7,48,97,False,-2.2893,0,False,,,
seq_004,6360,camera_5,128,OK,3,4,4,True,3.8063,3,True,0.758,1.333,
seq_004,6400,camera_4,39,L2_not_in_candidates,7,97,4,True,3.8063,1,False,,,
seq_004,6405,camera_5,129,L1_ghost,,,4,True,,3,False,,,
seq_004,6425,camera_3,53,L3_not_top1,7,4,48,True,2.7076,0,False,,,
seq_004,6430,camera_5,130,OK,6,48,48,True,3.1131,4,True,2.146,0.833,
seq_004,6470,camera_5,131,L1_ghost,,,48,True,,5,False,,,
seq_004,6490,camera_5,132,OK,6,48,48,True,3.1131,3,True,2.99,0.833,
seq_004,6510,camera_1,59,L2_not_in_candidates,2,4,98,False,-5.0075,1,False,,,81
seq_004,6510,camera_1,60,L1_ghost,,,99,False,,1,False,,,
seq_004,6525,camera_4,40,L3_not_top1,4,4,48,True,3.1131,1,True,-0.236,4.0,
seq_004,6550,camera_5,133,OK,6,48,48,True,3.1131,7,True,2.264,1.0,
seq_004,6560,camera_5,134,L1_ghost,,,48,True,,6,False,,,
seq_004,6575,camera_2,56,OK,4,48,48,True,3.1131,0,False,,,
seq_004,6580,camera_3,54,OK,4,48,48,True,2.7076,1,True,-2.233,1.167,
seq_004,6590,camera_3,55,L2_not_in_candidates,2,98,48,True,2.7076,1,False,,,
seq_004,6610,camera_1,61,L1_ghost,,,100,False,,4,False,,,97
seq_004,6625,camera_2,57,OK,2,48,48,True,2.7076,1,False,,,
seq_004,6650,camera_2,58,L1_ghost,,,48,True,,1,False,,,
seq_004,6665,camera_1,62,L2_not_in_candidates,7,48,101,False,-6.8385,3,False,,,100
seq_004,6675,camera_3,56,L1_ghost,,,48,True,,1,False,,,
seq_004,6710,camera_1,63,L2_not_in_candidates,4,48,102,False,-6.9869,3,False,,,
seq_004,6710,camera_5,135,OK,6,48,48,True,2.7076,2,True,2.946,0.667,48
seq_004,6740,camera_4,41,L2_not_in_candidates,4,102,48,True,2.42,2,False,,,
seq_004,6750,camera_2,59,L2_not_in_candidates,7,101,48,True,2.42,2,False,,,48
seq_004,6760,camera_5,136,L1_ghost,,,48,True,,1,False,,,
seq_004,6780,camera_4,42,OK,4,48,48,True,2.42,3,True,1.566,1.5,
seq_004,6795,camera_5,137,L1_ghost,,,48,True,,1,False,,,
seq_004,6820,camera_3,57,OK,2,48,48,True,2.42,1,True,-2.099,3.667,
seq_004,6825,camera_3,58,L1_ghost,,,48,True,,1,False,,,
seq_004,6855,camera_5,138,L3_not_top1,3,4,48,True,2.42,2,False,,,
seq_004,6875,camera_5,139,L1_ghost,,,48,True,,3,False,,,
seq_004,6875,camera_5,140,OK,8,48,48,True,2.42,3,True,2.556,0.5,48
seq_004,6880,camera_3,59,OK,7,48,48,True,2.42,2,True,3.447,0.5,48
seq_004,6885,camera_5,141,OK,7,48,48,True,2.42,3,True,1.56,0.833,
seq_004,6900,camera_3,60,OK,2,48,48,True,2.7076,2,True,2.358,1.167,
seq_004,6910,camera_5,142,L1_ghost,,,48,True,,4,False,,,4
seq_004,6915,camera_5,143,L1_ghost,,,48,True,,4,False,,,4
seq_004,6920,camera_5,144,OK,3,48,48,True,3.1131,4,True,1.283,2.0,
seq_004,6925,camera_1,64,L2_not_in_candidates,2,48,103,False,-1.3391,2,False,,,
seq_004,6970,camera_2,60,OK,4,48,48,True,3.8063,1,True,-0.398,4.333,
seq_004,6970,camera_4,43,OK,3,48,48,True,2.7076,1,True,-0.733,5.0,
seq_004,6985,camera_1,65,L1_ghost,,,104,False,,1,False,,,
seq_004,6985,camera_5,145,L1_ghost,,,48,True,,5,False,,,48
seq_004,6995,camera_3,61,OK,3,48,48,True,3.8063,4,True,-0.305,1.833,
seq_004,7030,camera_3,62,L1_ghost,,,48,True,,2,False,,,
seq_004,7040,camera_5,146,L1_ghost,,,48,True,,4,False,,,48
seq_004,7065,camera_5,147,OK,6,48,48,True,3.8063,6,True,1.37,1.667,
seq_004,7070,camera_5,148,L1_ghost,,,48,True,,7,False,,,4
seq_004,7075,camera_4,44,OK,7,48,48,True,3.1131,1,True,-2.017,0.333,
seq_004,7080,camera_5,149,L1_ghost,,,48,True,,6,False,,,48
seq_004,7090,camera_2,61,L2_not_in_candidates,2,103,48,True,3.1131,0,False,,,
seq_004,7090,camera_5,150,OK,2,48,48,True,3.1131,7,True,1.815,1.0,
seq_004,7105,camera_5,151,OK,4,48,48,True,3.1131,7,True,2.318,1.0,
seq_004,7110,camera_5,152,L1_ghost,,,48,True,,8,False,,,48
seq_004,7120,camera_5,153,L1_ghost,,,48,True,,8,False,,,4
seq_004,7140,camera_4,45,L1_ghost,,,48,True,,2,False,,,48
seq_004,7145,camera_5,154,L1_ghost,,,48,True,,8,False,,,
seq_004,7150,camera_2,62,L1_ghost,,,48,True,,0,False,,,
seq_004,7155,camera_1,66,L2_not_in_candidates,2,48,105,False,-3.1742,2,False,,,103
seq_004,7165,camera_3,63,OK,4,48,48,True,2.7076,3,True,0.732,2.5,
seq_004,7175,camera_5,155,L1_ghost,,,48,True,,9,False,,,4
seq_004,7240,camera_2,63,OK,4,48,48,True,3.1131,1,True,0.515,1.0,
seq_004,7245,camera_4,46,OK,7,48,48,True,2.1968,1,True,0.413,2.667,
seq_004,7250,camera_5,156,L1_ghost,,,48,True,,5,False,,,48
seq_004,7255,camera_4,47,OK,3,48,48,True,2.1968,1,True,0.185,3.0,
seq_004,7275,camera_1,67,L2_not_in_candidates,4,48,106,False,-1.5824,2,False,,,102
seq_004,7280,camera_5,157,L1_ghost,,,48,True,,5,False,,,
seq_004,7290,camera_5,158,L1_ghost,,,48,True,,5,False,,,
seq_004,7310,camera_2,64,L2_not_in_candidates,4,106,48,True,2.7076,1,False,,,
seq_004,7325,camera_5,159,OK,3,48,48,True,3.1131,5,True,2.697,1.0,
seq_004,7355,camera_4,48,OK,3,48,48,True,2.7076,0,False,,,
seq_004,7365,camera_5,160,L2_not_in_candidates,2,105,48,True,2.7076,7,False,,,48
seq_004,7370,camera_4,49,OK,3,48,48,True,2.7076,2,True,3.745,0.5,48
seq_004,7380,camera_5,161,OK,2,48,48,True,2.7076,7,True,3.339,0.667,48
seq_004,7385,camera_5,162,L1_ghost,,,48,True,,7,False,,,48
seq_004,7390,camera_1,68,L1_ghost,,,107,False,,2,False,,,
seq_004,7390,camera_2,65,OK,6,48,48,True,2.7076,3,True,3.359,0.5,48
seq_004,7400,camera_5,163,OK,4,48,48,True,2.7076,6,True,2.21,1.333,
seq_004,7495,camera_5,164,L1_ghost,,,48,True,,6,False,,,48
seq_004,7535,camera_4,50,OK,8,48,48,True,2.7076,1,True,0.017,3.5,
seq_004,7585,camera_5,165,OK,7,48,48,True,3.8063,3,True,0.544,2.667,
seq_004,7590,camera_6,40,L4_below_threshold,6,48,108,False,1.5037,0,False,,,
seq_004,7625,camera_4,51,L3_not_top1,4,48,4,True,3.8063,1,True,2.493,1.167,
seq_004,7625,camera_5,166,OK,6,108,108,True,3.8063,4,False,,,
seq_004,7665,camera_6,41,L4_below_threshold,6,108,109,False,1.609,0,False,,,
seq_004,7670,camera_5,167,L1_ghost,,,4,True,,3,False,,,
seq_004,7680,camera_2,66,L3_not_top1,8,48,4,True,3.8063,0,False,,,
seq_004,7685,camera_4,52,L3_not_top1,2,48,4,True,3.8063,2,True,0.183,3.167,
seq_004,7725,camera_5,168,L1_ghost,,,4,True,,3,False,,,
seq_004,7780,camera_6,42,L1_ghost,,,110,False,,1,False,,,
seq_004,7805,camera_5,169,L1_ghost,,,4,True,,4,False,,,
seq_004,7820,camera_6,43,L1_ghost,,,111,False,,1,False,,,
seq_004,7835,camera_7,24,L2_not_in_candidates,6,109,112,False,-3.441,0,False,,,
seq_004,7840,camera_6,44,L3_not_top1,8,4,113,False,1.5037,3,False,,,
seq_004,7885,camera_4,53,L2_not_in_candidates,8,113,4,True,3.8063,0,False,,,
seq_004,7910,camera_5,170,L1_ghost,,,4,True,,4,False,,,48
seq_004,7925,camera_5,171,L2_not_in_candidates,1,48,4,True,3.8063,5,True,1.342,1.5,
seq_004,7940,camera_6,45,L1_ghost,,,114,False,,3,False,,,
seq_004,8000,camera_5,172,L1_ghost,,,4,True,,4,False,,,
seq_004,8000,camera_5,173,L1_ghost,,,4,True,,4,False,,,
seq_004,8005,camera_5,174,L1_ghost,,,4,True,,4,False,,,
seq_004,8010,camera_2,67,L2_not_in_candidates,6,112,4,True,3.8063,0,False,,,
seq_004,8020,camera_5,175,L1_ghost,,,4,True,,4,False,,,
seq_004,8085,camera_5,176,OK,6,4,4,True,3.8063,2,False,,,
seq_004,8110,camera_5,177,OK,2,4,4,True,3.8063,4,True,-2.017,0.333,
seq_004,8120,camera_5,178,L3_not_top1,4,4,113,True,3.8063,5,True,-2.184,0.667,
seq_004,8120,camera_7,25,L2_not_in_candidates,8,4,115,False,-1.565,0,False,,,
seq_004,8145,camera_2,68,OK,6,4,4,True,3.8063,1,True,-0.5,4.0,
seq_004,8160,camera_2,69,L3_not_top1,3,48,4,True,3.8063,1,False,,,
seq_004,8175,camera_5,179,L1_ghost,,,4,True,,8,False,,,
seq_004,8255,camera_5,180,OK,6,4,4,True,3.8063,7,True,3.192,0.667,
seq_004,8275,camera_1,69,L2_not_in_candidates,6,4,116,False,-3.358,0,False,,,
seq_004,8285,camera_1,70,L1_ghost,,,117,False,,0,False,,,
seq_004,8285,camera_5,181,L1_ghost,,,4,True,,5,False,,,
seq_004,8285,camera_5,182,L1_ghost,,,4,True,,5,False,,,
seq_004,8295,camera_2,70,L3_not_top1,4,113,4,True,3.8063,2,False,,,
seq_004,8300,camera_3,64,OK,3,4,4,True,2.1968,0,False,,,
seq_004,8305,camera_1,71,L2_not_in_candidates,3,4,118,False,-2.5628,0,False,,,
seq_004,8310,camera_4,54,L2_not_in_candidates,6,116,4,True,3.1131,0,False,,,
seq_004,8330,camera_6,46,L2_not_in_candidates,8,115,4,True,1.7268,0,False,,,
seq_004,8340,camera_6,47,L1_ghost,,,4,True,,0,False,,,
seq_004,8370,camera_2,71,OK,2,4,4,True,3.8063,3,True,2.752,1.0,
seq_004,8395,camera_4,55,L2_not_in_candidates,3,118,4,True,3.1131,0,False,,,
seq_004,8410,camera_2,72,L3_not_top1,7,48,4,True,3.1131,3,False,,,
seq_004,8510,camera_4,56,OK,4,4,4,True,3.1131,2,True,0.007,3.5,
seq_004,8515,camera_5,183,OK,8,4,4,True,3.1131,3,True,0.828,2.333,
seq_004,8520,camera_1,72,L2_not_in_candidates,7,4,119,False,-1.3076,1,False,,,
seq_004,8545,camera_4,57,L2_not_in_candidates,7,119,4,True,3.1131,2,False,,,
seq_004,8550,camera_3,65,OK,7,4,4,True,2.7076,0,False,,,
seq_004,8565,camera_4,58,L1_ghost,,,4,True,,0,False,,,
seq_006,0,camera_1,0,L0_first,4,,1,False,,0,False,,,
seq_006,0,camera_1,1,L0_first,9,,2,False,,0,False,,,
seq_006,0,camera_1,2,L0_first,3,,3,False,,0,False,,,
seq_006,0,camera_1,3,L0_first,2,,4,False,,0,False,,,
seq_006,0,camera_1,4,L0_first,1,,5,False,,0,False,,,
seq_006,0,camera_1,5,L1_ghost,,,6,False,,0,False,,,
seq_006,0,camera_1,6,L1_ghost,,,7,False,,0,False,,,
seq_006,0,camera_3,0,L2_not_in_candidates,9,2,8,False,,0,False,,,
seq_006,0,camera_3,1,L1_ghost,,,9,False,,0,False,,,
seq_006,30,camera_3,2,L2_not_in_candidates,3,3,10,False,,0,False,,,
seq_006,90,camera_5,0,L0_first,24,,10,True,2.7076,0,False,,,
seq_006,105,camera_5,1,L1_ghost,,,10,True,,0,False,,,
seq_006,110,camera_5,2,L1_ghost,,,10,True,,0,False,,,
seq_006,150,camera_3,3,L2_not_in_candidates,9,8,10,True,2.7076,0,False,,,
seq_006,350,camera_1,7,L1_ghost,,,11,False,,2,False,,,
seq_006,400,camera_3,4,L1_ghost,,,12,False,,0,False,,,
seq_006,445,camera_3,5,L1_ghost,,,13,False,,0,False,,,
seq_006,450,camera_1,8,L1_ghost,,,14,False,,0,False,,,
seq_006,450,camera_1,9,L1_ghost,,,15,False,,0,False,,,
seq_006,480,camera_1,10,L3_not_top1,2,4,16,False,-1.9033,0,False,,,
seq_006,590,camera_3,6,L1_ghost,,,17,False,,0,False,,,
seq_006,620,camera_1,11,L1_ghost,,,18,False,,1,False,,,
seq_006,720,camera_3,7,L2_not_in_candidates,4,1,19,False,-2.807,1,False,,,13
seq_006,1090,camera_3,8,L2_not_in_candidates,4,19,20,False,-2.491,1,True,1.679,1.667,19
seq_006,1110,camera_1,12,L1_ghost,,,21,False,,1,False,,,11
seq_006,1210,camera_1,13,L1_ghost,,,22,False,,1,False,,,21
seq_006,1250,camera_3,9,L1_ghost,,,23,False,,1,False,,,
seq_006,1725,camera_5,3,L1_ghost,,,23,True,,0,False,,,
seq_006,1740,camera_3,10,L1_ghost,,,23,True,,3,False,,,8
seq_006,1750,camera_5,4,L3_not_top1,24,10,23,True,1.7268,1,False,,,23
seq_006,1755,camera_5,5,L0_first,5,,23,True,1.7268,1,False,,,23
seq_006,1820,camera_5,6,L1_ghost,,,23,True,,2,False,,,23
seq_006,1900,camera_5,7,OK,5,23,23,True,2.0145,1,True,1.128,1.833,
seq_006,1930,camera_5,8,L1_ghost,,,23,True,,2,False,,,23
seq_006,1965,camera_2,0,L3_not_top1,5,23,20,True,2.1968,0,False,,,
seq_006,1970,camera_4,0,L1_ghost,,,20,True,,0,False,,,
seq_006,1990,camera_3,11,L1_ghost,,,20,True,,0,False,,,
seq_006,1990,camera_4,1,L1_ghost,,,20,True,,1,False,,,20
seq_006,2015,camera_2,1,L3_not_top1,24,23,20,True,3.1131,0,False,,,
seq_006,2055,camera_3,12,OK,5,20,20,True,3.1131,1,True,-0.07,2.0,
seq_006,2100,camera_2,2,OK,24,20,20,True,3.1131,1,True,1.381,1.5,
seq_006,2110,camera_3,13,L1_ghost,,,20,True,,2,False,,,9
seq_006,2115,camera_3,14,OK,24,20,20,True,3.1131,2,True,-0.992,4.0,
seq_006,2135,camera_1,14,L2_not_in_candidates,3,10,24,False,-3.8733,0,False,,,
seq_006,2190,camera_1,15,L1_ghost,,,25,False,,1,False,,,
seq_006,2250,camera_1,16,L2_not_in_candidates,1,5,26,False,-2.5846,3,False,,,21
seq_006,2300,camera_3,15,L2_not_in_candidates,3,24,20,True,3.1131,1,False,,,
seq_006,2455,camera_1,17,L1_ghost,,,27,False,,0,False,,,
seq_006,2555,camera_1,18,L2_not_in_candidates,1,26,28,False,-2.6788,0,False,,,
seq_006,2750,camera_1,19,L2_not_in_candidates,2,16,29,False,-1.0378,1,False,,,
seq_006,2790,camera_1,20,L1_ghost,,,30,False,,2,False,,,
seq_006,2815,camera_3,16,L1_ghost,,,20,True,,2,False,,,10
seq_006,2850,camera_1,21,L3_not_top1,1,28,31,False,-1.4052,1,False,,,
seq_006,2870,camera_1,22,L2_not_in_candidates,3,20,32,False,-1.2004,1,False,,,
seq_006,2880,camera_1,23,L1_ghost,,,33,False,,1,False,,,
seq_006,2885,camera_3,17,OK,5,20,20,True,3.1131,1,False,,,
seq_006,2915,camera_1,24,L1_ghost,,,34,False,,2,False,,,31
seq_006,3000,camera_1,25,L1_ghost,,,35,False,,3,False,,,30
seq_006,3030,camera_3,18,L2_not_in_candidates,3,32,20,True,3.1131,1,False,,,
seq_006,3035,camera_1,26,L2_not_in_candidates,1,31,36,False,-2.8672,3,False,,,
seq_006,3040,camera_3,19,L1_ghost,,,20,True,,1,False,,,
seq_006,3060,camera_1,27,L2_not_in_candidates,3,20,37,False,-3.2012,6,False,,,24
seq_006,3115,camera_1,28,L1_ghost,,,38,False,,6,False,,,32
seq_006,3155,camera_1,29,L2_not_in_candidates,3,37,39,False,-0.9851,5,False,,,
seq_006,3200,camera_1,30,L1_ghost,,,40,False,,3,False,,,36
seq_006,3355,camera_2,3,OK,5,20,20,True,2.1968,0,False,,,
seq_006,3390,camera_1,31,L1_ghost,,,41,False,,0,False,,,
seq_006,3410,camera_3,20,L1_ghost,,,20,True,,0,False,,,
seq_006,3610,camera_3,21,L1_ghost,,,20,True,,2,False,,,20
seq_006,3655,camera_1,32,L1_ghost,,,42,False,,2,False,,,31
seq_006,3775,camera_1,33,L1_ghost,,,43,False,,3,False,,,
seq_006,3885,camera_1,34,L1_ghost,,,44,False,,2,False,,,
seq_006,3905,camera_1,35,L1_ghost,,,45,False,,2,False,,,
seq_006,3985,camera_1,36,L1_ghost,,,46,False,,1,False,,,
seq_006,4040,camera_3,22,L1_ghost,,,20,True,,0,False,,,
seq_006,4090,camera_1,37,L2_not_in_candidates,2,29,47,False,-1.1944,1,False,,,
seq_006,4230,camera_1,38,L1_ghost,,,48,False,,1,False,,,
seq_006,4295,camera_3,23,OK,24,20,20,True,3.1131,2,True,-1.13,2.167,
seq_006,4505,camera_3,24,L1_ghost,,,20,True,,2,False,,,20
seq_006,4515,camera_1,39,L2_not_in_candidates,3,39,49,False,-4.4984,1,False,,,
seq_006,4545,camera_3,25,L1_ghost,,,20,True,,2,False,,,20
seq_006,4625,camera_3,26,L1_ghost,,,50,False,,4,False,,,
seq_006,4650,camera_1,40,L2_not_in_candidates,9,10,51,False,-1.4188,0,False,,,
seq_006,4670,camera_1,41,L2_not_in_candidates,3,49,52,False,-1.792,0,False,,,
seq_006,4745,camera_3,27,L1_ghost,,,53,False,,0,False,,,
seq_006,4755,camera_3,28,L1_ghost,,,54,False,,1,False,,,
seq_006,4765,camera_1,42,L2_not_in_candidates,4,20,55,False,-3.2852,3,False,,,31
seq_006,4820,camera_3,29,L2_not_in_candidates,24,20,56,False,-3.6053,4,True,1.037,1.667,54
seq_006,4860,camera_3,30,L1_ghost,,,57,False,,3,False,,,
seq_006,4895,camera_1,43,L1_ghost,,,58,False,,1,False,,,
seq_006,4975,camera_1,44,L3_not_top1,3,52,59,False,-2.5418,3,False,,,1
seq_006,5030,camera_3,31,L2_not_in_candidates,3,59,60,False,-2.3265,1,False,,,
seq_006,5045,camera_3,32,L1_ghost,,,61,False,,1,False,,,
seq_006,5165,camera_3,33,L2_not_in_candidates,5,20,62,False,-1.9849,1,False,,,
seq_006,5180,camera_1,45,L1_ghost,,,63,False,,1,False,,,51
seq_006,5185,camera_1,46,L1_ghost,,,64,False,,1,False,,,
seq_006,5215,camera_1,47,L2_not_in_candidates,2,47,65,False,-2.6238,3,False,,,51
seq_006,5275,camera_1,48,L4_below_threshold,3,60,66,False,-2.5628,3,False,,,
seq_006,5450,camera_3,34,L2_not_in_candidates,3,66,67,False,-2.3373,3,False,,,
seq_006,5590,camera_3,35,L1_ghost,,,68,False,,2,False,,,
seq_006,5590,camera_3,36,L1_ghost,,,69,False,,2,False,,,
seq_006,5630,camera_3,37,L3_not_top1,5,62,70,False,-2.729,2,False,,,
seq_006,5645,camera_3,38,L2_not_in_candidates,5,70,71,False,-2.5418,2,False,,,
seq_006,5660,camera_3,39,L2_not_in_candidates,9,51,72,False,-0.8697,2,False,,,
seq_006,5740,camera_1,49,L2_not_in_candidates,2,65,73,False,-1.5782,2,True,3.352,0.5,65
seq_006,5835,camera_1,50,L2_not_in_candidates,9,72,74,False,-2.3324,1,False,,,
seq_006,5835,camera_3,40,L1_ghost,,,75,False,,1,False,,,
seq_006,5840,camera_1,51,L1_ghost,,,76,False,,0,False,,,
seq_006,5845,camera_1,52,L1_ghost,,,77,False,,0,False,,,
seq_006,5850,camera_1,53,L3_not_top1,3,67,78,False,-2.4926,1,False,,,74
seq_006,5950,camera_3,41,L1_ghost,,,79,False,,0,False,,,
seq_006,5955,camera_3,42,L1_ghost,,,80,False,,0,False,,,
seq_006,5985,camera_1,54,L1_ghost,,,81,False,,2,False,,,
seq_006,6080,camera_3,43,L2_not_in_candidates,4,55,82,False,-2.8873,1,False,,,
seq_006,6125,camera_3,44,L2_not_in_candidates,24,56,83,False,-3.1354,0,False,,,
seq_006,6170,camera_2,4,L3_not_top1,3,78,83,True,1.8603,0,False,,,
seq_006,6215,camera_2,5,L3_not_top1,5,71,83,True,1.8603,0,False,,,
seq_007,0,camera_1,0,L0_first,3,,1,False,,0,False,,,
seq_007,0,camera_1,1,L0_first,1,,2,False,,0,False,,,
seq_007,0,camera_1,2,L0_first,9,,3,False,,0,False,,,
seq_007,0,camera_2,0,L0_first,5,,4,False,,0,False,,,
seq_007,0,camera_3,0,OK,5,4,4,True,3.8063,0,False,,,
seq_007,0,camera_3,1,L0_first,4,,4,True,3.8063,0,False,,,
seq_007,0,camera_3,2,L2_not_in_candidates,9,3,4,True,3.8063,0,False,,,
seq_007,25,camera_1,3,L1_ghost,,,5,False,,0,False,,,
seq_007,70,camera_1,4,L0_first,2,,6,False,,0,False,,,
seq_007,190,camera_1,5,L1_ghost,,,7,False,,2,False,,,
seq_007,215,camera_1,6,L1_ghost,,,8,False,,2,False,,,6
seq_007,260,camera_1,7,L2_not_in_candidates,2,6,9,False,,1,True,0.252,3.0,
seq_007,735,camera_1,8,L1_ghost,,,10,False,,0,False,,,
seq_007,1015,camera_1,9,L1_ghost,,,11,False,,0,False,,,
seq_007,1070,camera_1,10,L1_ghost,,,12,False,,0,False,,,
seq_007,1085,camera_1,11,L2_not_in_candidates,3,1,13,False,,0,False,,,
seq_007,1300,camera_3,3,L1_ghost,,,4,True,,0,False,,,
seq_007,1350,camera_1,12,L2_not_in_candidates,2,9,14,False,-0.8645,1,False,,,
seq_007,1530,camera_3,4,L1_ghost,,,4,True,,0,False,,,
seq_007,1730,camera_1,13,L2_not_in_candidates,4,4,15,False,-2.1964,0,False,,,
seq_007,1745,camera_3,5,OK,9,4,4,True,3.8063,0,False,,,
seq_007,1825,camera_1,14,L1_ghost,,,16,False,,0,False,,,
seq_007,1895,camera_3,6,L1_ghost,,,4,True,,0,False,,,
seq_007,1910,camera_3,7,L1_ghost,,,4,True,,0,False,,,
seq_007,1990,camera_1,15,L1_ghost,,,17,False,,2,False,,,
seq_007,2015,camera_1,16,L2_not_in_candidates,1,2,18,False,-1.0864,1,False,,,
seq_007,2050,camera_1,17,L1_ghost,,,19,False,,3,False,,,17
seq_007,2055,camera_1,18,L2_not_in_candidates,4,15,20,False,-1.7477,2,True,3.215,0.667,15
seq_007,2320,camera_3,8,L1_ghost,,,4,True,,0,False,,,
seq_007,2390,camera_1,19,L2_not_in_candidates,1,18,21,False,-1.8886,0,False,,,
seq_007,2455,camera_1,20,L1_ghost,,,22,False,,1,False,,,13
seq_007,2625,camera_1,21,L2_not_in_candidates,3,13,23,False,-5.6783,4,True,0.704,2.5,
seq_007,2725,camera_3,9,L3_not_top1,4,20,4,True,3.8063,1,False,,,
seq_007,3000,camera_1,22,L4_below_threshold,3,23,24,False,-3.905,0,False,,,
seq_007,3130,camera_1,23,L2_not_in_candidates,3,24,25,False,,1,True,-0.309,4.0,
seq_007,3130,camera_3,10,L1_ghost,,,4,True,,0,False,,,
seq_007,3135,camera_3,11,OK,4,4,4,True,3.8063,1,True,4.359,0.167,4
seq_007,3230,camera_3,12,L1_ghost,,,4,True,,4,False,,,4
seq_007,3235,camera_3,13,L1_ghost,,,4,True,,4,False,,,4
seq_007,3240,camera_1,24,L2_not_in_candidates,3,25,26,False,-2.087,0,False,,,
seq_007,3575,camera_1,25,L2_not_in_candidates,3,26,27,False,,1,False,,,
seq_007,3640,camera_1,26,L1_ghost,,,28,False,,1,False,,,
seq_007,3840,camera_3,14,L2_not_in_candidates,3,27,4,True,3.8063,0,False,,,
seq_007,3860,camera_1,27,L2_not_in_candidates,4,4,29,False,-2.7832,1,False,,,2
seq_007,3895,camera_1,28,L1_ghost,,,30,False,,2,False,,,29
seq_007,4160,camera_1,29,L2_not_in_candidates,1,21,31,False,-1.6341,1,False,,,18
seq_007,4230,camera_1,30,L1_ghost,,,32,False,,1,False,,,
seq_007,4345,camera_1,31,L1_ghost,,,33,False,,0,False,,,
seq_007,4600,camera_1,32,L1_ghost,,,34,False,,0,False,,,
seq_007,4635,camera_3,15,L3_not_top1,4,29,4,True,3.8063,0,False,,,
seq_007,4750,camera_1,33,L1_ghost,,,35,False,,1,False,,,
seq_007,4805,camera_1,34,L2_not_in_candidates,2,14,36,False,-5.6491,2,False,,,35
seq_007,4855,camera_3,16,OK,4,4,4,True,3.8063,0,False,,,
seq_007,4885,camera_1,35,L2_not_in_candidates,2,36,37,False,-1.9409,2,True,1.432,1.833,35
seq_007,4900,camera_3,17,OK,9,4,4,True,3.8063,0,False,,,
seq_007,4985,camera_1,36,L2_not_in_candidates,9,4,38,False,-3.9098,1,False,,,37
seq_007,4985,camera_1,37,L2_not_in_candidates,9,38,39,False,-3.6149,1,False,,,37
seq_007,5025,camera_3,18,OK,3,4,4,True,3.8063,1,True,3.815,0.167,4
seq_007,5170,camera_3,19,L1_ghost,,,4,True,,3,False,,,4
seq_007,5185,camera_3,20,L1_ghost,,,4,True,,2,False,,,
seq_007,5280,camera_3,21,L1_ghost,,,4,True,,1,False,,,
seq_007,5325,camera_3,22,OK,4,4,4,True,3.8063,0,False,,,
seq_007,5745,camera_1,38,L2_not_in_candidates,4,4,40,False,,0,False,,,
seq_007,5805,camera_1,39,L2_not_in_candidates,2,37,41,False,,1,False,,,
seq_007,5955,camera_1,40,L2_not_in_candidates,1,31,42,False,,2,False,,,
seq_007,6240,camera_1,41,L1_ghost,,,43,False,,0,False,,,
seq_007,6510,camera_1,42,L1_ghost,,,44,False,,2,False,,,
seq_007,6570,camera_1,43,L2_not_in_candidates,2,41,45,False,-0.8165,1,False,,,
seq_007,7040,camera_1,44,L2_not_in_candidates,2,45,46,False,-4.6716,0,False,,,
seq_007,7230,camera_3,23,L1_ghost,,,4,True,,0,False,,,
seq_007,7375,camera_3,24,L1_ghost,,,4,True,,0,False,,,
seq_007,7495,camera_3,25,L1_ghost,,,4,True,,1,False,,,
seq_020,0,camera_1,0,L0_first,9,,1,False,,0,False,,,
seq_020,0,camera_1,1,L0_first,2,,2,False,,0,False,,,
seq_020,0,camera_1,2,L1_ghost,,,3,False,,0,False,,,
seq_020,0,camera_2,0,L0_first,10,,4,False,,0,False,,,
seq_020,0,camera_2,1,L0_first,1,,5,False,,0,False,,,
seq_020,0,camera_2,2,L0_first,4,,6,False,,0,False,,,
seq_020,0,camera_2,3,L2_not_in_candidates,4,6,7,False,,0,False,,,
seq_020,0,camera_3,0,L3_not_top1,1,5,7,True,2.42,0,False,,,
seq_020,0,camera_3,1,L3_not_top1,10,4,7,True,2.42,0,False,,,
seq_020,0,camera_3,2,L2_not_in_candidates,2,2,7,True,2.42,0,False,,,
seq_020,0,camera_3,3,L0_first,3,,7,True,2.42,0,False,,,
seq_020,0,camera_3,4,L0_first,6,,7,True,2.42,0,False,,,
seq_020,0,camera_3,5,L0_first,16,,7,True,2.42,0,False,,,
seq_020,0,camera_3,6,L2_not_in_candidates,9,1,7,True,2.42,0,False,,,
seq_020,0,camera_3,7,OK,9,7,7,True,2.42,0,False,,,
seq_020,0,camera_4,0,L0_first,15,,7,True,2.42,0,False,,,
seq_020,0,camera_4,1,L0_first,12,,7,True,2.42,0,False,,,
seq_020,0,camera_4,2,L0_first,11,,7,True,2.42,0,False,,,
seq_020,0,camera_4,3,L1_ghost,,,7,True,,0,False,,,
seq_020,25,camera_4,4,L1_ghost,,,7,True,,1,False,,,7
seq_020,30,camera_3,8,OK,6,7,7,True,2.42,0,False,,,
seq_020,45,camera_3,9,OK,4,7,7,True,2.42,1,True,-1.934,0.167,
seq_020,130,camera_3,10,OK,2,7,7,True,2.42,2,True,2.537,0.167,7
seq_020,165,camera_2,4,OK,2,7,7,True,2.1968,1,True,-2.438,4.667,
seq_020,365,camera_1,3,L2_not_in_candidates,1,7,8,False,-1.8161,0,False,,,
seq_020,395,camera_5,0,OK,10,7,7,True,2.7076,0,False,,,
seq_020,400,camera_5,1,L1_ghost,,,7,True,,0,False,,,
seq_020,445,camera_4,5,L1_ghost,,,7,True,,0,False,,,
seq_020,450,camera_2,5,OK,2,7,7,True,3.1131,1,False,,,
seq_020,480,camera_3,11,L1_ghost,,,7,True,,1,False,,,
seq_020,490,camera_3,12,L1_ghost,,,7,True,,1,False,,,
seq_020,495,camera_6,0,OK,10,7,7,True,3.1131,0,False,,,
seq_020,515,camera_2,6,OK,4,7,7,True,3.1131,2,False,,,
seq_020,585,camera_6,1,L1_ghost,,,7,True,,0,False,,,
seq_020,595,camera_7,0,L2_not_in_candidates,10,7,9,False,-2.7036,0,False,,,
seq_020,685,camera_3,13,OK,4,7,7,True,3.1131,1,True,-0.974,5.0,
seq_020,730,camera_3,14,L1_ghost,,,7,True,,0,False,,,
seq_020,775,camera_3,15,OK,4,7,7,True,3.1131,2,True,2.45,1.167,
seq_020,785,camera_3,16,OK,11,7,7,True,3.1131,2,True,-0.928,1.333,
seq_020,800,camera_4,6,L1_ghost,,,7,True,,2,False,,,7
seq_020,810,camera_2,7,L1_ghost,,,7,True,,0,False,,,
seq_020,825,camera_2,8,OK,11,7,7,True,2.1968,1,True,3.644,0.5,7
seq_020,835,camera_3,17,OK,16,7,7,True,2.42,2,True,-0.859,3.0,
seq_020,910,camera_3,18,OK,6,7,7,True,2.42,1,True,1.571,1.667,
seq_020,920,camera_3,19,L1_ghost,,,7,True,,1,False,,,
seq_020,1000,camera_1,4,L2_not_in_candidates,1,8,10,False,-4.5287,0,False,,,
seq_020,1050,camera_3,20,L1_ghost,,,7,True,,1,False,,,
seq_020,1160,camera_3,21,L0_first,7,,7,True,3.1131,0,False,,,
seq_020,1470,camera_3,22,L1_ghost,,,7,True,,0,False,,,
seq_020,1560,camera_3,23,L1_ghost,,,7,True,,1,False,,,7
seq_020,1855,camera_1,5,L2_not_in_candidates,1,10,11,False,-7.6963,0,False,,,
seq_020,1900,camera_3,24,L1_ghost,,,7,True,,0,False,,,
seq_020,1995,camera_3,25,OK,4,7,7,True,3.1131,1,True,1.684,1.5,
seq_020,2055,camera_3,26,L1_ghost,,,7,True,,1,False,,,
seq_020,2075,camera_3,27,L1_ghost,,,7,True,,1,False,,,
seq_020,2100,camera_2,9,OK,2,7,7,True,3.1131,1,True,-1.082,3.667,
seq_020,2150,camera_3,28,L1_ghost,,,7,True,,1,False,,,
seq_020,2180,camera_3,29,L1_ghost,,,7,True,,3,False,,,7
seq_020,2205,camera_3,30,L1_ghost,,,7,True,,6,False,,,7
seq_020,2210,camera_1,6,L4_below_threshold,1,11,12,False,-1.4283,1,False,,,2
seq_020,2210,camera_1,7,L2_not_in_candidates,1,12,13,False,-1.3398,1,False,,,2
seq_020,2220,camera_5,2,OK,2,7,7,True,3.1131,0,False,,,
seq_020,2245,camera_1,8,L1_ghost,,,14,False,,2,False,,,12
seq_020,2245,camera_3,31,OK,3,7,7,True,3.8063,6,True,2.934,0.667,
seq_020,2260,camera_3,32,L1_ghost,,,7,True,,8,False,,,7
seq_020,2265,camera_3,33,OK,7,7,7,True,3.8063,8,True,2.13,1.333,
seq_020,2285,camera_3,34,L1_ghost,,,7,True,,8,False,,,7
seq_020,2305,camera_3,35,L1_ghost,,,7,True,,8,False,,,
seq_020,2305,camera_4,7,OK,11,7,7,True,3.8063,0,False,,,
seq_020,2315,camera_1,9,L1_ghost,,,15,False,,3,False,,,
seq_020,2360,camera_2,10,L1_ghost,,,7,True,,2,False,,,
seq_020,2365,camera_6,2,OK,2,7,7,True,3.8063,0,False,,,
seq_020,2420,camera_2,11,OK,9,7,7,True,3.8063,1,True,-0.441,4.167,
seq_020,2430,camera_1,10,L4_below_threshold,1,13,16,False,-0.8829,2,False,,,12
seq_020,2435,camera_6,3,L1_ghost,,,7,True,,0,False,,,
seq_020,2445,camera_3,36,OK,4,7,7,True,3.8063,2,True,-1.932,3.667,
seq_020,2445,camera_5,3,OK,11,7,7,True,3.1131,1,True,-1.189,4.5,
seq_020,2450,camera_7,1,L2_not_in_candidates,2,7,17,False,-2.6305,0,False,,,
seq_020,2460,camera_1,11,L1_ghost,,,18,False,,2,False,,,
seq_020,2460,camera_5,4,L1_ghost,,,7,True,,1,False,,,
seq_020,2475,camera_2,12,L1_ghost,,,7,True,,1,False,,,
seq_020,2480,camera_1,12,L2_not_in_candidates,7,7,19,False,-1.6925,4,False,,,1
seq_020,2485,camera_2,13,OK,3,7,7,True,3.1131,1,True,-2.35,1.0,
seq_020,2485,camera_3,37,L1_ghost,,,7,True,,3,False,,,
seq_020,2495,camera_2,14,OK,11,7,7,True,3.1131,3,True,-1.934,0.167,
seq_020,2495,camera_5,5,OK,12,7,7,True,3.1131,1,True,3.475,0.5,7
seq_020,2515,camera_5,6,L1_ghost,,,7,True,,1,False,,,7
seq_020,2530,camera_1,13,L2_not_in_candidates,9,7,20,False,-0.9526,4,False,,,1
seq_020,2535,camera_5,7,L2_not_in_candidates,1,16,7,True,3.1131,2,False,,,7
seq_020,2540,camera_2,15,L1_ghost,,,7,True,,3,False,,,7
seq_020,2545,camera_1,14,L2_not_in_candidates,3,7,21,False,-1.3654,4,False,,,
seq_020,2600,camera_2,16,OK,4,7,7,True,2.7076,4,True,-0.653,4.833,
seq_020,2615,camera_5,8,L2_not_in_candidates,9,20,7,True,2.7076,3,False,,,
seq_020,2625,camera_1,15,L2_not_in_candidates,7,19,22,False,-5.0986,4,True,2.51,1.167,19
seq_020,2635,camera_4,8,OK,1,7,7,True,2.0145,1,True,-0.4,4.333,
seq_020,2635,camera_6,4,OK,11,7,7,True,2.1968,0,False,,,
seq_020,2670,camera_6,5,L2_not_in_candidates,2,17,7,True,2.1968,0,False,,,
seq_020,2675,camera_4,9,L2_not_in_candidates,3,21,7,True,2.1968,1,False,,,
seq_020,2685,camera_6,6,L1_ghost,,,7,True,,0,False,,,
seq_020,2690,camera_5,9,L1_ghost,,,7,True,,3,False,,,
seq_020,2695,camera_4,10,OK,9,7,7,True,2.1968,1,True,2.698,1.0,7
seq_020,2700,camera_3,38,OK,3,7,7,True,2.42,1,True,-0.649,4.333,
seq_020,2705,camera_6,7,OK,12,7,7,True,2.0145,1,True,-1.923,0.5,
seq_020,2730,camera_3,39,L1_ghost,,,7,True,,2,False,,,
seq_020,2740,camera_2,17,L2_not_in_candidates,7,22,7,True,2.42,3,False,,,
seq_020,2740,camera_5,10,L1_ghost,,,7,True,,2,False,,,
seq_020,2740,camera_7,2,L2_not_in_candidates,11,7,23,False,-2.7036,1,False,,,
seq_020,2760,camera_5,11,L1_ghost,,,7,True,,1,False,,,
seq_020,2760,camera_5,12,L1_ghost,,,7,True,,1,False,,,
seq_020,2770,camera_2,18,OK,6,7,7,True,2.42,2,True,-0.426,3.833,
seq_020,2770,camera_5,13,L1_ghost,,,7,True,,1,False,,,
seq_020,2775,camera_5,14,OK,3,7,7,True,2.42,2,True,-0.856,4.333,
seq_020,2775,camera_6,8,L1_ghost,,,24,False,,2,False,,,7
seq_020,2790,camera_5,15,L1_ghost,,,7,True,,3,False,,,7
seq_020,2800,camera_1,16,L1_ghost,,,25,False,,0,False,,,
seq_020,2820,camera_2,19,OK,6,7,7,True,2.42,1,True,2.495,1.167,7
seq_020,2825,camera_1,17,L2_not_in_candidates,6,7,26,False,-1.4976,1,False,,,
seq_020,2825,camera_2,20,OK,3,7,7,True,2.7076,1,True,-1.343,1.333,
seq_020,2830,camera_5,16,OK,7,7,7,True,2.7076,3,True,2.525,1.0,
seq_020,2870,camera_6,9,L1_ghost,,,27,False,,3,False,,,24
seq_020,2905,camera_1,18,L2_not_in_candidates,4,7,28,False,-2.8873,2,False,,,
seq_020,2930,camera_6,10,L4_below_threshold,7,7,29,False,1.5037,2,False,,,
seq_020,2955,camera_1,19,L1_ghost,,,30,False,,2,False,,,28
seq_020,2985,camera_6,11,OK,3,7,7,True,1.8603,0,False,,,
seq_020,2990,camera_5,17,L2_not_in_candidates,4,28,7,True,3.8063,4,False,,,
seq_020,2995,camera_5,18,L1_ghost,,,7,True,,5,False,,,
seq_020,2995,camera_5,19,L1_ghost,,,7,True,,5,False,,,7
seq_020,3010,camera_7,3,L2_not_in_candidates,7,29,31,False,-2.6315,0,False,,,
seq_020,3020,camera_5,20,L2_not_in_candidates,6,26,7,True,3.8063,6,False,,,
seq_020,3075,camera_5,21,OK,12,7,7,True,3.8063,6,True,0.569,1.5,
seq_020,3080,camera_7,4,L2_not_in_candidates,3,7,32,False,-2.9057,0,False,,,
seq_020,3100,camera_5,22,OK,2,7,7,True,3.8063,7,True,3.007,0.167,
seq_020,3115,camera_6,12,L4_below_threshold,4,7,33,False,1.609,5,True,1.84,1.0,7
seq_020,3145,camera_6,13,OK,6,7,7,True,1.7268,5,True,0.404,2.0,
seq_020,3160,camera_2,21,OK,12,7,7,True,3.8063,1,True,-0.482,4.5,
seq_020,3170,camera_6,14,L1_ghost,,,7,True,,3,False,,,
seq_020,3195,camera_7,5,L2_not_in_candidates,4,33,34,False,-2.6511,0,False,,,
seq_020,3220,camera_3,40,OK,12,7,7,True,3.8063,0,False,,,
seq_020,3220,camera_4,11,OK,2,7,7,True,3.8063,0,False,,,
seq_020,3225,camera_1,20,L2_not_in_candidates,12,7,35,False,-2.1332,0,False,,,
seq_020,3240,camera_6,15,L2_not_in_candidates,3,32,7,True,2.1968,2,False,,,
seq_020,3255,camera_7,6,L2_not_in_candidates,6,7,36,False,-2.6511,0,False,,,
seq_020,3280,camera_7,7,L2_not_in_candidates,4,34,37,False,-2.749,1,True,1.99,0.333,34
seq_020,3325,camera_7,8,L2_not_in_candidates,3,7,38,False,-2.9252,3,False,,,
seq_020,3340,camera_7,9,L2_not_in_candidates,3,38,39,False,-2.984,4,True,2.147,0.333,32
seq_020,3350,camera_5,23,OK,1,7,7,True,3.8063,0,False,,,
seq_020,3380,camera_7,10,L2_not_in_candidates,11,23,40,False,-2.6511,6,True,3.299,0.5,39
seq_020,3390,camera_6,16,L2_not_in_candidates,11,40,7,True,3.1131,2,False,,,7
seq_020,3400,camera_6,17,L1_ghost,,,7,True,,2,False,,,7
seq_020,3405,camera_7,11,L2_not_in_candidates,4,37,41,False,-2.749,7,True,0.161,3.167,
seq_020,3415,camera_5,24,L1_ghost,,,7,True,,0,False,,,
seq_020,3420,camera_5,25,OK,1,7,7,True,3.8063,0,False,,,
seq_020,3420,camera_5,26,L1_ghost,,,7,True,,0,False,,,
seq_020,3430,camera_6,18,L2_not_in_candidates,6,36,7,True,2.1968,1,False,,,
seq_020,3435,camera_5,27,L1_ghost,,,7,True,,2,False,,,7
seq_020,3445,camera_7,12,L2_not_in_candidates,4,41,42,False,-1.0683,8,True,2.298,0.333,41
seq_020,3455,camera_4,12,OK,16,7,7,True,3.1131,0,False,,,
seq_020,3460,camera_5,28,L1_ghost,,,7,True,,2,False,,,7
seq_020,3470,camera_3,41,L2_not_in_candidates,12,35,7,True,3.1131,1,False,,,
seq_020,3515,camera_5,29,L1_ghost,,,7,True,,3,False,,,7
seq_020,3520,camera_5,30,L2_not_in_candidates,3,39,7,True,3.1131,3,False,,,
seq_020,3520,camera_6,19,L2_not_in_candidates,4,42,43,False,1.609,4,False,,,
seq_020,3525,camera_2,22,OK,12,7,7,True,3.1131,0,False,,,
seq_020,3525,camera_5,31,L1_ghost,,,7,True,,3,False,,,
seq_020,3560,camera_5,32,OK,11,7,7,True,3.8063,5,True,-1.934,0.167,
seq_020,3570,camera_5,33,L1_ghost,,,7,True,,4,False,,,
seq_020,3580,camera_2,23,OK,3,7,7,True,3.1131,0,False,,,
seq_020,3610,camera_5,34,OK,6,7,7,True,3.1131,5,True,-1.574,2.833,
seq_020,3610,camera_5,35,L1_ghost,,,7,True,,5,False,,,
seq_020,3620,camera_5,36,L1_ghost,,,7,True,,4,False,,,7
seq_020,3625,camera_2,24,L2_not_in_candidates,4,43,7,True,3.1131,1,False,,,
seq_020,3625,camera_4,13,OK,3,7,7,True,3.1131,1,True,-0.662,3.5,
seq_020,3655,camera_5,37,OK,4,7,7,True,3.1131,4,True,-1.735,2.333,
seq_020,3670,camera_4,14,OK,11,7,7,True,3.1131,1,True,-1.509,5.0,
seq_020,3710,camera_5,38,L1_ghost,,,43,True,,8,False,,,7
seq_020,3710,camera_5,39,L1_ghost,,,43,True,,8,False,,,7
seq_020,3740,camera_4,15,OK,4,7,7,True,3.1131,0,False,,,
seq_020,3765,camera_5,40,L1_ghost,,,7,True,,5,False,,,7
seq_020,3780,camera_3,42,OK,16,7,7,True,3.1131,0,False,,,
seq_020,3780,camera_3,43,L1_ghost,,,7,True,,0,False,,,
seq_020,3780,camera_5,41,OK,1,7,7,True,3.1131,5,True,1.228,2.0,
seq_020,3795,camera_5,42,OK,3,7,7,True,3.1131,6,True,3.017,0.333,
seq_020,3800,camera_5,43,L1_ghost,,,7,True,,6,False,,,7
seq_020,3805,camera_6,20,L3_not_top1,12,7,44,False,1.0982,0,False,,,
seq_020,3820,camera_5,44,L1_ghost,,,44,True,,8,False,,,7
seq_020,3830,camera_7,13,L2_not_in_candidates,7,31,45,False,-2.7807,0,False,,,
seq_020,3840,camera_5,45,L3_not_top1,9,7,44,True,3.8063,9,True,2.847,0.667,
seq_020,3855,camera_6,21,L1_ghost,,,46,False,,0,False,,,
seq_020,3860,camera_5,46,L1_ghost,,,7,True,,8,False,,,7
seq_020,3880,camera_5,47,L1_ghost,,,46,True,,8,False,,,7
seq_020,3885,camera_7,14,L2_not_in_candidates,12,44,47,False,-3.0798,1,False,,,
seq_020,3890,camera_5,48,L1_ghost,,,46,True,,8,False,,,7
seq_020,3920,camera_5,49,L3_not_top1,2,7,46,True,3.1131,8,True,2.86,0.333,
seq_020,3935,camera_4,16,L0_first,13,,7,True,2.7076,2,False,,,
seq_020,3945,camera_5,50,L1_ghost,,,46,True,,11,False,,,46
seq_020,3950,camera_5,51,L3_not_top1,3,7,46,True,3.1131,9,True,2.428,0.667,
seq_020,3990,camera_5,52,L1_ghost,,,46,True,,9,False,,,46
seq_020,3995,camera_4,17,OK,1,7,7,True,2.7076,1,True,-2.147,0.667,
seq_020,3995,camera_5,53,L1_ghost,,,46,True,,9,False,,,
seq_020,4000,camera_5,54,L1_ghost,,,46,True,,9,False,,,46
seq_020,4030,camera_5,55,L1_ghost,,,46,True,,9,False,,,46
seq_020,4050,camera_4,18,L3_not_top1,9,44,7,True,3.1131,1,False,,,
seq_020,4060,camera_3,44,OK,13,7,7,True,2.42,1,True,-0.632,4.667,
seq_020,4065,camera_3,45,L1_ghost,,,7,True,,1,False,,,
seq_020,4085,camera_5,56,L1_ghost,,,7,True,,8,False,,,7
seq_020,4085,camera_6,22,L3_not_top1,7,45,48,False,1.0337,0,False,,,
seq_020,4095,camera_6,23,L1_ghost,,,49,False,,0,False,,,
seq_020,4100,camera_5,57,L1_ghost,,,49,True,,7,False,,,7
seq_020,4105,camera_5,58,L3_not_top1,4,7,49,True,3.1131,7,True,0.257,1.5,
seq_020,4115,camera_5,59,L1_ghost,,,49,True,,7,False,,,
seq_020,4120,camera_2,25,OK,9,7,7,True,2.7076,0,False,,,
seq_020,4125,camera_5,60,L1_ghost,,,7,True,,6,False,,,
seq_020,4135,camera_3,46,OK,11,7,7,True,3.8063,0,False,,,
seq_020,4135,camera_4,19,OK,16,7,7,True,3.8063,1,True,0.367,2.333,
seq_020,4155,camera_2,26,OK,11,7,7,True,2.42,0,False,,,
seq_020,4185,camera_1,21,L2_not_in_candidates,11,7,50,False,-3.358,0,False,,,
seq_020,4190,camera_4,20,OK,15,7,7,True,3.1131,3,True,-0.969,1.833,
seq_020,4190,camera_5,61,L1_ghost,,,49,True,,6,False,,,49
seq_020,4200,camera_2,27,OK,13,7,7,True,2.42,1,True,0.698,0.833,
seq_020,4200,camera_5,62,L3_not_top1,6,7,49,True,3.1131,7,True,-0.271,3.5,
seq_020,4215,camera_1,22,L2_not_in_candidates,16,7,51,False,-3.5234,0,False,,,
seq_020,4225,camera_3,47,L2_not_in_candidates,16,51,7,True,2.7076,2,False,,,
seq_020,4225,camera_5,63,L3_not_top1,7,48,49,True,3.1131,6,False,,,
seq_020,4240,camera_2,28,OK,16,7,7,True,2.1968,1,True,0.523,2.167,
seq_020,4270,camera_4,21,L3_not_top1,2,46,7,True,2.42,3,False,,,
seq_020,4275,camera_2,29,L3_not_top1,7,49,7,True,2.1968,2,False,,,
seq_020,4280,camera_5,64,L1_ghost,,,48,True,,4,False,,,
seq_020,4285,camera_5,65,L3_not_top1,13,7,48,True,3.8063,4,True,0.224,2.833,
seq_020,4285,camera_5,66,L1_ghost,,,48,True,,4,False,,,
seq_020,4310,camera_3,48,OK,15,7,7,True,2.1968,3,True,1.229,0.5,
seq_020,4315,camera_1,23,L2_not_in_candidates,11,50,52,False,-2.5628,0,False,,,
seq_020,4320,camera_4,22,OK,15,7,7,True,2.1968,2,True,-0.091,3.333,
seq_020,4320,camera_5,67,L3_not_top1,2,7,48,True,3.8063,4,True,-0.537,4.0,
seq_020,4325,camera_3,49,L1_ghost,,,7,True,,2,False,,,
seq_020,4350,camera_2,30,OK,15,7,7,True,2.1968,2,True,1.338,0.667,
seq_020,4350,camera_2,31,OK,16,7,7,True,2.1968,2,True,2.927,0.667,7
seq_020,4360,camera_4,23,L3_not_top1,4,49,7,True,2.1968,3,False,,,
seq_020,4365,camera_5,68,L1_ghost,,,7,True,,6,False,,,48
seq_020,4385,camera_1,24,L2_not_in_candidates,15,7,53,False,-2.9145,2,False,,,51
seq_020,4385,camera_5,69,OK,16,7,7,True,2.1968,7,True,-1.843,0.167,
seq_020,4405,camera_1,25,L2_not_in_candidates,15,53,54,False,-3.0243,3,True,2.785,0.167,53
seq_020,4410,camera_6,24,L2_not_in_candidates,10,9,55,False,1.0337,0,False,,,
seq_020,4415,camera_5,70,L2_not_in_candidates,11,52,55,True,3.8063,8,False,,,
seq_020,4445,camera_5,71,L2_not_in_candidates,15,54,55,True,3.8063,8,False,,,7
seq_020,4450,camera_5,72,L2_not_in_candidates,2,48,55,True,3.8063,8,True,0.794,1.333,
seq_020,4455,camera_6,25,L3_not_top1,13,48,56,False,0.9159,0,False,,,
seq_020,4475,camera_2,32,L3_not_top1,11,55,7,True,2.42,5,False,,,7
seq_020,4485,camera_6,26,L1_ghost,,,57,False,,0,False,,,
seq_020,4485,camera_6,27,L1_ghost,,,58,False,,0,False,,,
seq_020,4505,camera_5,73,L1_ghost,,,7,True,,8,False,,,46
seq_020,4510,camera_5,74,L3_not_top1,2,55,7,True,2.7076,8,True,1.687,1.0,48
seq_020,4510,camera_6,28,L2_not_in_candidates,12,47,59,False,0.9159,0,False,,,
seq_020,4525,camera_5,75,L1_ghost,,,7,True,,7,False,,,
seq_020,4540,camera_5,76,L2_not_in_candidates,6,49,7,True,3.8063,6,True,-0.77,5.0,
seq_020,4545,camera_6,29,L1_ghost,,,60,False,,1,False,,,58
seq_020,4550,camera_7,15,L2_not_in_candidates,9,7,61,False,-2.7036,1,False,,,47
seq_020,4555,camera_5,77,L1_ghost,,,7,True,,7,False,,,7
seq_020,4595,camera_5,78,L1_ghost,,,7,True,,7,False,,,49
seq_020,4600,camera_5,79,L1_ghost,,,7,True,,6,False,,,7
seq_020,4635,camera_6,30,L2_not_in_candidates,13,56,62,False,0.8618,4,True,4.669,0.167,56
seq_020,4645,camera_5,80,L1_ghost,,,7,True,,9,False,,,7
seq_020,4650,camera_4,24,L3_not_top1,3,46,7,True,3.8063,1,False,,,
seq_020,4650,camera_6,31,L4_below_threshold,15,55,63,False,0.8618,5,False,,,56
seq_020,4655,camera_6,32,L3_not_top1,16,7,64,False,0.8618,5,False,,,
seq_020,4670,camera_5,81,OK,3,7,7,True,3.8063,9,True,2.636,0.5,
seq_020,4680,camera_4,25,L1_ghost,,,65,False,,3,False,,,7
seq_020,4690,camera_5,82,L3_not_top1,1,7,65,True,2.42,10,True,1.698,0.5,48
seq_020,4700,camera_6,33,L1_ghost,,,66,False,,6,False,,,63
seq_020,4705,camera_6,34,L2_not_in_candidates,15,63,67,False,0.8105,5,True,3.268,0.667,63
seq_020,4730,camera_7,16,L2_not_in_candidates,15,67,68,False,-1.8169,0,False,,,
seq_020,4735,camera_5,83,L3_not_top1,6,7,65,True,2.42,6,True,0.463,1.667,49
seq_020,4745,camera_5,84,L3_not_top1,11,7,65,True,2.42,8,True,0.999,2.0,
seq_020,4750,camera_2,33,OK,1,65,65,True,2.42,0,False,,,
seq_020,4760,camera_5,85,L1_ghost,,,65,True,,9,False,,,7
seq_020,4760,camera_5,86,OK,11,65,65,True,3.8063,9,False,,,
seq_020,4760,camera_7,17,L2_not_in_candidates,16,64,69,False,-2.3184,0,False,,,
seq_020,4765,camera_4,26,OK,6,65,65,True,3.8063,2,True,0.895,2.333,
seq_020,4770,camera_5,87,L3_not_top1,12,59,65,True,3.8063,10,False,,,
seq_020,4785,camera_5,88,L3_not_top1,10,55,65,True,3.8063,9,True,-1.968,1.5,
seq_020,4810,camera_4,27,OK,6,65,65,True,3.8063,2,True,-0.37,3.833,
seq_020,4810,camera_5,89,L1_ghost,,,65,True,,11,False,,,
seq_020,4815,camera_5,90,L3_not_top1,2,7,65,True,3.8063,9,True,0.537,0.5,
seq_020,4835,camera_4,28,OK,2,65,65,True,3.8063,3,True,3.137,0.5,
seq_020,4835,camera_5,91,L1_ghost,,,65,True,,14,False,,,7
seq_020,4845,camera_4,29,OK,2,65,65,True,3.8063,4,True,2.392,0.833,
seq_020,4850,camera_2,34,OK,10,65,65,True,1.7268,0,False,,,
seq_020,4870,camera_3,50,L3_not_top1,3,7,65,True,3.1131,0,False,,,
seq_020,4870,camera_5,92,L1_ghost,,,65,True,,13,False,,,
seq_020,4885,camera_4,30,OK,2,65,65,True,3.8063,2,True,1.363,1.5,
seq_020,4890,camera_5,93,L1_ghost,,,65,True,,14,False,,,
seq_020,4910,camera_2,35,OK,3,65,65,True,3.8063,1,True,1.809,1.167,
seq_020,4915,camera_3,51,OK,6,65,65,True,2.7076,0,False,,,
seq_020,4930,camera_1,26,L2_not_in_candidates,3,65,70,False,-2.5628,0,False,,,
seq_020,4930,camera_2,36,L3_not_top1,4,7,65,True,3.1131,1,False,,,
seq_020,4955,camera_1,27,L2_not_in_candidates,4,65,71,False,-2.6788,0,False,,,
seq_020,4955,camera_5,94,L3_not_top1,7,7,65,True,3.1131,9,True,-1.045,4.667,
seq_020,4955,camera_7,18,L2_not_in_candidates,15,68,72,False,-2.6706,1,True,-0.315,4.167,
seq_020,4960,camera_3,52,L2_not_in_candidates,4,71,65,True,2.42,0,False,,,
seq_020,4970,camera_2,37,OK,1,65,65,True,2.7076,1,True,-0.01,3.167,
seq_020,4975,camera_3,53,L1_ghost,,,65,True,,0,False,,,
seq_020,4990,camera_1,28,L2_not_in_candidates,6,65,73,False,-2.5418,1,False,,,
seq_020,4995,camera_5,95,L1_ghost,,,65,True,,6,False,,,55
seq_020,5025,camera_5,96,L1_ghost,,,65,True,,4,False,,,65
seq_020,5040,camera_5,97,L1_ghost,,,65,True,,6,False,,,65
seq_020,5045,camera_5,98,OK,11,65,65,True,2.42,6,True,2.824,0.5,65
seq_020,5060,camera_5,99,L2_not_in_candidates,6,73,65,True,2.42,6,False,,,65
seq_020,5080,camera_3,54,L2_not_in_candidates,3,70,65,True,3.1131,4,False,,,65
seq_020,5080,camera_5,100,OK,7,65,65,True,3.1131,8,True,3.316,0.333,65
seq_020,5085,camera_7,19,L2_not_in_candidates,15,72,74,False,-2.3995,1,True,0.183,3.167,
seq_020,5100,camera_3,55,OK,2,65,65,True,3.1131,4,True,0.26,3.0,
seq_020,5130,camera_2,38,OK,2,65,65,True,3.8063,2,True,-0.348,4.0,
seq_020,5140,camera_1,29,L2_not_in_candidates,2,65,75,False,-0.9147,0,False,,,
seq_020,5145,camera_5,101,OK,10,65,65,True,3.8063,6,True,0.733,2.5,
seq_020,5160,camera_3,56,OK,1,65,65,True,3.8063,3,True,-0.733,5.0,
seq_020,5170,camera_1,30,L2_not_in_candidates,1,65,76,False,-1.4528,1,False,,,73
seq_020,5175,camera_5,102,L1_ghost,,,65,True,,4,False,,,65
seq_020,5185,camera_2,39,OK,6,65,65,True,3.8063,2,True,-0.679,4.833,
seq_020,5215,camera_3,57,OK,4,65,65,True,3.8063,2,True,-0.567,4.667,
seq_020,5245,camera_7,20,L2_not_in_candidates,16,69,77,False,-2.4001,1,False,,,
seq_020,5250,camera_3,58,OK,7,65,65,True,3.8063,0,False,,,
seq_020,5255,camera_1,31,L1_ghost,,,78,False,,3,False,,,75
seq_020,5265,camera_3,59,L1_ghost,,,65,True,,0,False,,,
seq_020,5270,camera_3,60,L1_ghost,,,65,True,,0,False,,,
seq_020,5275,camera_1,32,L2_not_in_candidates,2,75,79,False,-3.1641,3,True,1.997,1.5,75
seq_020,5280,camera_2,40,OK,4,65,65,True,1.8603,1,True,0.017,3.5,
seq_020,5280,camera_5,103,L1_ghost,,,65,True,,6,False,,,
seq_020,5315,camera_4,31,OK,11,65,65,True,2.1968,0,False,,,
seq_020,5335,camera_1,33,L2_not_in_candidates,6,65,80,False,-1.4629,3,False,,,
seq_020,5355,camera_2,41,L2_not_in_candidates,1,76,65,True,3.8063,0,False,,,
seq_020,5365,camera_6,35,L3_not_top1,15,74,65,True,2.0145,0,False,,,
seq_020,5370,camera_5,104,L1_ghost,,,65,True,,2,False,,,
seq_020,5375,camera_6,36,L1_ghost,,,65,True,,0,False,,,
seq_020,5380,camera_4,32,OK,7,65,65,True,2.1968,0,False,,,
seq_020,5405,camera_6,37,L2_not_in_candidates,13,62,65,True,2.0145,1,False,,,65
seq_020,5410,camera_3,61,L1_ghost,,,65,True,,2,False,,,
seq_020,5420,camera_3,62,OK,3,65,65,True,3.1131,2,True,3.741,0.5,65
seq_020,5425,camera_3,63,OK,11,65,65,True,3.1131,2,True,1.283,0.667,
seq_020,5430,camera_2,42,OK,11,65,65,True,3.1131,1,True,1.155,1.333,
seq_020,5450,camera_6,38,L1_ghost,,,65,True,,0,False,,,
seq_020,5475,camera_6,39,L2_not_in_candidates,16,77,65,True,2.0145,1,False,,,65
seq_020,5480,camera_4,33,OK,10,65,65,True,2.0145,2,True,3.035,0.5,65
seq_020,5505,camera_2,43,OK,7,65,65,True,2.7076,2,True,1.793,1.333,
seq_020,5515,camera_1,34,L2_not_in_candidates,11,65,81,False,-1.9931,2,False,,,78
seq_020,5535,camera_3,64,OK,10,65,65,True,2.7076,3,True,-0.645,3.333,
seq_020,5535,camera_5,105,OK,15,65,65,True,2.7076,5,True,1.085,1.0,
seq_020,5560,camera_1,35,L1_ghost,,,82,False,,2,False,,,
seq_020,5560,camera_5,106,OK,13,65,65,True,2.7076,4,True,0.849,1.833,
seq_020,5595,camera_2,44,L2_not_in_candidates,9,61,65,True,3.1131,2,False,,,
seq_020,5605,camera_5,107,OK,16,65,65,True,3.1131,2,True,-0.503,3.333,
seq_020,5625,camera_4,34,OK,15,65,65,True,2.1968,1,True,-2.146,1.0,
seq_020,5640,camera_2,45,OK,3,65,65,True,3.1131,1,True,-0.151,3.833,
seq_020,5665,camera_4,35,OK,13,65,65,True,2.42,2,True,2.758,1.0,65
seq_020,5670,camera_2,46,OK,16,65,65,True,2.7076,3,True,2.763,1.0,65
seq_020,5695,camera_5,108,OK,12,65,65,True,3.8063,2,True,0.912,0.833,
seq_020,5695,camera_5,109,L1_ghost,,,65,True,,2,False,,,
seq_020,5700,camera_3,65,L2_not_in_candidates,11,81,65,True,2.7076,2,False,,,
seq_020,5700,camera_3,66,L1_ghost,,,65,True,,2,False,,,
seq_020,5700,camera_4,36,OK,16,65,65,True,2.0145,2,True,1.12,2.167,
seq_020,5745,camera_5,110,OK,15,65,65,True,2.42,2,True,1.947,0.5,
seq_020,5750,camera_5,111,L1_ghost,,,65,True,,2,False,,,65
seq_020,5785,camera_5,112,OK,7,65,65,True,2.7076,2,True,0.346,1.833,
seq_020,5790,camera_3,67,L1_ghost,,,65,True,,2,False,,,
seq_020,5805,camera_6,40,L4_below_threshold,9,65,83,False,1.609,0,False,,,
seq_020,5815,camera_6,41,L1_ghost,,,84,False,,0,False,,,
seq_020,5820,camera_5,113,L3_not_top1,6,80,84,True,3.1131,4,False,,,
seq_020,5825,camera_2,47,OK,7,65,65,True,3.1131,4,True,2.629,1.0,
seq_020,5830,camera_5,114,L1_ghost,,,84,True,,4,False,,,
seq_020,5845,camera_1,36,L2_not_in_candidates,1,65,85,False,-2.9177,1,False,,,78
seq_020,5845,camera_2,48,OK,7,65,65,True,3.1131,5,True,4.109,0.167,65
seq_020,5860,camera_5,115,L3_not_top1,4,65,84,True,3.1131,7,True,3.639,0.5,65
seq_020,5865,camera_2,49,L1_ghost,,,65,True,,6,False,,,65
seq_020,5870,camera_5,116,OK,7,65,65,True,3.8063,6,True,2.859,0.833,
seq_020,5900,camera_5,117,OK,3,65,65,True,3.8063,4,True,-0.1,2.833,
seq_020,5925,camera_3,68,L1_ghost,,,65,True,,6,False,,,
seq_020,5930,camera_5,118,L2_not_in_candidates,1,85,65,True,3.8063,4,False,,,
seq_020,5945,camera_4,37,OK,10,65,65,True,1.7268,0,False,,,
seq_020,5955,camera_5,119,L1_ghost,,,84,True,,4,False,,,
seq_020,5955,camera_5,120,L1_ghost,,,84,True,,4,False,,,65
seq_020,5960,camera_5,121,L3_not_top1,16,65,84,True,3.1131,4,True,2.869,0.667,
seq_020,5970,camera_5,122,L1_ghost,,,84,True,,6,False,,,65
seq_020,5980,camera_2,50,OK,10,65,65,True,3.1131,5,True,0.203,2.833,
seq_020,5995,camera_3,69,OK,13,65,65,True,3.1131,5,True,3.251,0.167,65
seq_020,5995,camera_4,38,OK,12,65,65,True,1.8603,1,True,2.795,0.833,65
seq_020,6005,camera_1,37,L2_not_in_candidates,10,65,86,False,-1.6713,1,False,,,
seq_020,6010,camera_5,123,OK,9,83,83,True,3.8063,10,False,,,
seq_020,6040,camera_2,51,OK,13,65,65,True,2.7076,4,True,1.169,1.667,
seq_020,6040,camera_6,42,L4_below_threshold,4,84,87,False,0.973,1,False,,,
seq_020,6065,camera_6,43,L4_below_threshold,6,84,88,False,1.0337,0,False,,,
seq_020,6090,camera_6,44,L3_not_top1,1,65,89,False,1.1672,0,False,,,
seq_020,6095,camera_3,70,L1_ghost,,,65,True,,0,False,,,
seq_020,6105,camera_6,45,L2_not_in_candidates,6,88,90,False,1.2413,0,False,,,
seq_020,6110,camera_6,46,L3_not_top1,3,65,91,False,1.2413,0,False,,,
seq_020,6115,camera_1,38,L1_ghost,,,92,False,,0,False,,,
seq_020,6125,camera_7,21,L2_not_in_candidates,4,87,93,False,-2.729,0,False,,,
seq_020,6130,camera_1,39,L2_not_in_candidates,13,65,94,False,-1.8819,0,False,,,
seq_020,6145,camera_3,71,L3_not_top1,9,83,65,True,3.1131,1,False,,,
seq_020,6145,camera_6,47,L2_not_in_candidates,4,93,95,False,1.4084,2,False,,,
seq_020,6160,camera_1,40,L1_ghost,,,96,False,,1,False,,,
seq_020,6170,camera_7,22,L1_ghost,,,97,False,,0,False,,,
seq_020,6210,camera_6,48,L1_ghost,,,84,True,,2,False,,,
seq_020,6215,camera_7,23,L2_not_in_candidates,4,95,98,False,-3.219,2,False,,,93
seq_020,6240,camera_7,24,L2_not_in_candidates,6,90,99,False,-3.358,2,False,,,
seq_020,6275,camera_7,25,L2_not_in_candidates,4,98,100,False,-2.6543,3,True,0.841,0.167,
seq_020,6275,camera_7,26,L1_ghost,,,101,False,,3,False,,,
seq_020,6275,camera_7,27,L1_ghost,,,102,False,,3,False,,,
seq_020,6280,camera_3,72,L1_ghost,,,84,True,,0,False,,,
seq_020,6285,camera_6,49,L2_not_in_candidates,4,100,84,True,3.8063,1,False,,,
seq_020,6290,camera_3,73,L2_not_in_candidates,10,86,84,True,3.8063,0,False,,,
seq_020,6290,camera_3,74,L3_not_top1,12,65,84,True,3.8063,0,False,,,
seq_020,6310,camera_2,52,L3_not_top1,11,65,84,True,3.8063,1,True,0.099,3.333,
seq_020,6325,camera_1,41,L2_not_in_candidates,9,65,103,False,-1.4371,3,False,,,
seq_020,6340,camera_3,75,L2_not_in_candidates,13,94,84,True,3.8063,1,False,,,
seq_020,6345,camera_5,124,L3_not_top1,15,65,84,True,3.1131,0,False,,,
seq_020,6345,camera_5,125,OK,16,84,84,True,3.1131,0,False,,,
seq_020,6355,camera_1,42,L1_ghost,,,104,False,,2,False,,,
seq_020,6355,camera_7,28,L2_not_in_candidates,1,89,105,False,-2.807,3,False,,,
seq_020,6365,camera_6,50,L1_ghost,,,84,True,,2,False,,,
seq_020,6370,camera_6,51,L2_not_in_candidates,3,91,84,True,2.7076,2,False,,,
seq_020,6375,camera_5,126,L1_ghost,,,84,True,,0,False,,,
seq_020,6380,camera_1,43,L2_not_in_candidates,9,103,106,False,-2.2374,4,True,3.049,0.667,103
seq_020,6380,camera_1,44,L1_ghost,,,107,False,,4,False,,,103
seq_020,6380,camera_4,39,OK,12,84,84,True,3.8063,0,False,,,
seq_020,6380,camera_6,52,L2_not_in_candidates,7,65,84,True,2.42,2,False,,,
seq_020,6400,camera_6,53,L1_ghost,,,84,True,,3,False,,,84
seq_020,6415,camera_5,127,L1_ghost,,,84,True,,0,False,,,
seq_020,6430,camera_2,53,OK,12,84,84,True,3.8063,0,False,,,
seq_020,6435,camera_5,128,OK,11,84,84,True,3.8063,0,False,,,
seq_020,6450,camera_5,129,L1_ghost,,,84,True,,0,False,,,
seq_020,6465,camera_3,76,L1_ghost,,,84,True,,3,False,,,
seq_020,6475,camera_3,77,L2_not_in_candidates,2,79,84,True,3.8063,4,False,,,
seq_020,6490,camera_6,54,L1_ghost,,,84,True,,3,False,,,
seq_020,6500,camera_5,130,L1_ghost,,,84,True,,2,False,,,84
seq_020,6515,camera_2,54,L2_not_in_candidates,9,106,84,True,3.8063,1,False,,,
seq_020,6515,camera_5,131,OK,12,84,84,True,3.8063,2,True,1.51,1.833,
seq_020,6525,camera_5,132,L1_ghost,,,84,True,,2,False,,,84
seq_020,6545,camera_3,78,L1_ghost,,,84,True,,4,False,,,84
seq_020,6545,camera_6,55,L4_below_threshold,7,84,108,False,1.5037,7,True,1.118,1.667,95
seq_020,6555,camera_2,55,OK,10,84,84,True,3.8063,2,True,-0.068,1.167,
seq_020,6575,camera_2,56,OK,13,84,84,True,1.7268,2,True,0.868,1.833,
seq_020,6575,camera_2,57,OK,12,84,84,True,1.7268,2,True,1.544,1.833,
seq_020,6590,camera_5,133,L1_ghost,,,84,True,,6,False,,,84
seq_020,6595,camera_5,134,L1_ghost,,,84,True,,6,False,,,84
seq_020,6595,camera_7,29,L2_not_in_candidates,7,108,109,False,-1.8415,1,False,,,99
seq_020,6600,camera_7,30,L2_not_in_candidates,6,99,110,False,-1.8429,1,True,3.584,0.333,99
seq_020,6605,camera_6,56,L4_below_threshold,11,84,111,False,1.3213,3,True,0.267,2.5,
seq_020,6605,camera_6,57,L1_ghost,,,112,False,,3,False,,,
seq_020,6610,camera_5,135,L1_ghost,,,84,True,,6,False,,,84
seq_020,6610,camera_6,58,L1_ghost,,,113,False,,3,False,,,
seq_020,6615,camera_6,59,L1_ghost,,,114,False,,3,False,,,
seq_020,6615,camera_6,60,L1_ghost,,,115,False,,3,False,,,
seq_020,6620,camera_4,40,OK,15,84,84,True,2.1968,0,False,,,
seq_020,6640,camera_4,41,OK,15,84,84,True,2.1968,1,True,2.804,0.167,84
seq_020,6660,camera_6,61,L2_not_in_candidates,7,109,116,False,1.4084,9,False,,,84
seq_020,6665,camera_5,136,L1_ghost,,,84,True,,6,False,,,84
seq_020,6680,camera_2,58,OK,2,84,84,True,3.1131,3,True,1.505,1.667,
seq_020,6680,camera_3,79,OK,15,84,84,True,3.1131,3,True,3.09,0.833,
seq_020,6695,camera_4,42,OK,16,84,84,True,2.1968,0,False,,,
seq_020,6700,camera_6,62,L1_ghost,,,117,False,,8,False,,,
seq_020,6720,camera_2,59,OK,13,84,84,True,2.7076,3,True,0.639,2.0,
seq_020,6725,camera_5,137,L1_ghost,,,84,True,,8,False,,,84
seq_020,6730,camera_1,45,L2_not_in_candidates,13,84,118,False,-1.9222,1,False,,,
seq_020,6730,camera_5,138,L1_ghost,,,84,True,,9,False,,,84
seq_020,6730,camera_7,31,L2_not_in_candidates,11,111,119,False,-2.5727,1,False,,,
seq_020,6745,camera_3,80,OK,15,84,84,True,2.7076,2,True,0.265,3.0,
seq_020,6755,camera_2,60,L1_ghost,,,84,True,,2,False,,,
seq_020,6760,camera_6,63,L4_below_threshold,10,84,120,False,1.3213,10,True,0.475,2.667,111
seq_020,6775,camera_7,32,L2_not_in_candidates,3,84,121,False,-1.235,1,False,,,109
seq_020,6785,camera_1,46,L2_not_in_candidates,13,118,122,False,-1.5852,0,False,,,
seq_020,6785,camera_2,61,OK,15,84,84,True,2.7076,1,True,-0.754,4.167,
seq_020,6795,camera_6,64,L2_not_in_candidates,7,116,123,False,1.5037,7,True,-0.498,4.333,117
seq_020,6805,camera_3,81,OK,16,84,84,True,2.7076,1,True,-0.845,5.0,
seq_020,6830,camera_1,47,L2_not_in_candidates,15,84,124,False,-2.3956,2,False,,,118
seq_020,6835,camera_6,65,L2_not_in_candidates,7,123,125,False,1.609,4,True,1.872,0.833,123
seq_020,6840,camera_7,33,L2_not_in_candidates,10,120,126,False,-2.3225,2,False,,,109
seq_020,6850,camera_7,34,L2_not_in_candidates,1,105,127,False,-2.5727,3,False,,,
seq_020,6855,camera_3,82,L1_ghost,,,84,True,,1,False,,,84
seq_020,6875,camera_4,43,L2_not_in_candidates,13,122,84,True,2.1968,2,False,,,
seq_020,6905,camera_1,48,L1_ghost,,,128,False,,3,False,,,
seq_020,6955,camera_5,139,OK,13,84,84,True,3.8063,1,True,0.974,1.667,
seq_020,6965,camera_3,83,L1_ghost,,,84,True,,2,False,,,
seq_020,6965,camera_5,140,L1_ghost,,,84,True,,1,False,,,
seq_020,6965,camera_6,66,L2_not_in_candidates,6,110,84,True,2.42,2,False,,,
seq_020,6980,camera_6,67,L1_ghost,,,84,True,,2,False,,,
seq_020,6990,camera_6,68,L2_not_in_candidates,7,125,84,True,2.42,2,False,,,
seq_020,6995,camera_4,44,L3_not_top1,3,121,84,True,2.42,1,False,,,
seq_020,7000,camera_2,62,OK,13,84,84,True,3.1131,3,True,1.096,0.167,
seq_020,7000,camera_7,35,L1_ghost,,,129,False,,1,False,,,
seq_020,7010,camera_6,69,L1_ghost,,,84,True,,1,False,,,
seq_020,7015,camera_6,70,L1_ghost,,,84,True,,1,False,,,
seq_020,7020,camera_4,45,L3_not_top1,15,124,84,True,2.42,1,False,,,
seq_020,7020,camera_7,36,L1_ghost,,,130,False,,2,False,,,
seq_020,7025,camera_3,84,L1_ghost,,,84,True,,2,False,,,84
seq_020,7025,camera_6,71,L1_ghost,,,84,True,,1,False,,,
seq_020,7035,camera_4,46,OK,13,84,84,True,2.42,1,True,1.121,2.167,
seq_020,7045,camera_7,37,L4_below_threshold,11,119,131,False,-1.4858,3,False,,,
seq_020,7085,camera_5,141,L1_ghost,,,84,True,,2,False,,,
seq_020,7115,camera_5,142,L1_ghost,,,84,True,,2,False,,,
seq_020,7120,camera_5,143,L1_ghost,,,84,True,,2,False,,,
seq_020,7135,camera_1,49,L1_ghost,,,132,False,,0,False,,,
seq_020,7135,camera_3,85,L1_ghost,,,84,True,,3,False,,,
seq_020,7145,camera_5,144,OK,3,84,84,True,2.7076,1,True,-2.1,0.5,
seq_020,7150,camera_1,50,L2_not_in_candidates,9,84,133,False,-2.2138,0,False,,,
seq_020,7150,camera_4,47,OK,15,84,84,True,2.7076,2,True,0.262,3.0,
seq_020,7165,camera_7,38,L2_not_in_candidates,10,126,134,False,-2.0688,3,False,,,
seq_020,7195,camera_5,145,OK,4,84,84,True,3.1131,2,True,-2.017,0.333,
seq_020,7200,camera_5,146,OK,7,84,84,True,3.1131,2,True,-2.014,2.333,
seq_020,7220,camera_2,63,OK,3,84,84,True,3.1131,1,True,2.746,0.167,
seq_020,7220,camera_5,147,OK,16,84,84,True,3.1131,2,True,0.219,1.167,
seq_020,7230,camera_5,148,OK,6,84,84,True,3.1131,2,True,-1.882,3.333,
seq_020,7235,camera_5,149,L1_ghost,,,84,True,,2,False,,,
seq_020,7245,camera_5,150,OK,2,84,84,True,3.1131,2,True,-0.169,2.0,
seq_020,7250,camera_2,64,L1_ghost,,,84,True,,2,False,,,84
seq_020,7265,camera_2,65,OK,2,84,84,True,3.1131,2,True,2.563,0.833,
seq_020,7280,camera_7,39,L2_not_in_candidates,10,134,135,False,-2.0106,2,True,1.89,0.333,127
seq_020,7305,camera_5,151,L1_ghost,,,125,True,,2,False,,,84
seq_020,7315,camera_4,48,OK,4,84,84,True,2.7076,1,True,1.524,1.833,
seq_020,7320,camera_3,86,L1_ghost,,,84,True,,2,False,,,
seq_020,7330,camera_5,152,L1_ghost,,,84,True,,2,False,,,84
seq_020,7335,camera_5,153,OK,12,84,84,True,2.7076,3,True,2.586,0.5,
seq_020,7345,camera_4,49,OK,7,84,84,True,3.1131,1,True,0.361,2.833,
seq_020,7350,camera_6,72,L2_not_in_candidates,11,131,136,False,1.3213,0,False,,,
seq_020,7355,camera_6,73,L1_ghost,,,137,False,,0,False,,,
seq_020,7365,camera_5,154,L1_ghost,,,84,True,,3,False,,,84
seq_020,7370,camera_5,155,L1_ghost,,,84,True,,4,False,,,84
seq_020,7370,camera_5,156,L1_ghost,,,84,True,,4,False,,,84
seq_020,7395,camera_4,50,OK,6,84,84,True,3.8063,2,True,2.761,1.0,
seq_020,7400,camera_6,74,L2_not_in_candidates,1,127,138,False,1.0982,1,False,,,137
seq_020,7405,camera_5,157,L1_ghost,,,84,True,,7,False,,,84
seq_020,7420,camera_5,158,L1_ghost,,,84,True,,8,False,,,84
seq_020,7420,camera_5,159,L1_ghost,,,84,True,,8,False,,,84
seq_020,7430,camera_3,87,OK,12,84,84,True,2.7076,1,True,1.826,1.333,
seq_020,7450,camera_5,160,OK,15,84,84,True,3.1131,10,True,3.017,0.5,
seq_020,7455,camera_4,51,OK,4,84,84,True,3.1131,3,True,1.826,1.333,
seq_020,7470,camera_5,161,L1_ghost,,,84,True,,10,False,,,84
seq_020,7485,camera_2,66,OK,4,84,84,True,3.1131,2,True,-0.393,4.0,
seq_020,7485,camera_6,75,L3_not_top1,9,133,139,False,0.8618,2,False,,,
seq_020,7490,camera_5,162,L1_ghost,,,84,True,,12,False,,,84
seq_020,7505,camera_1,51,L2_not_in_candidates,4,84,140,False,-2.6072,0,False,,,
seq_020,7510,camera_5,163,L3_not_top1,11,136,84,True,3.1131,12,False,,,
seq_020,7510,camera_7,40,L2_not_in_candidates,1,138,141,False,-0.8153,1,False,,,
seq_020,7530,camera_6,76,L4_below_threshold,2,84,142,False,0.9159,1,False,,,
seq_020,7545,camera_5,164,L2_not_in_candidates,4,140,84,True,3.8063,9,False,,,84
seq_020,7550,camera_5,165,L1_ghost,,,84,True,,9,False,,,84
seq_020,7555,camera_5,166,L1_ghost,,,84,True,,9,False,,,84
seq_020,7565,camera_7,41,L2_not_in_candidates,9,139,143,False,-0.8987,1,False,,,141
seq_020,7570,camera_5,167,OK,3,84,84,True,3.8063,9,True,1.848,1.0,
seq_020,7570,camera_6,77,L1_ghost,,,144,False,,1,False,,,
seq_020,7575,camera_2,67,OK,3,84,84,True,3.1131,0,False,,,
seq_020,7590,camera_5,168,L1_ghost,,,84,True,,8,False,,,
seq_020,7595,camera_5,169,OK,13,84,84,True,3.1131,8,True,3.143,0.333,84
seq_020,7605,camera_6,78,L1_ghost,,,145,False,,4,False,,,139
seq_020,7610,camera_5,170,L1_ghost,,,84,True,,9,False,,,84
seq_020,7610,camera_6,79,L2_not_in_candidates,1,141,146,False,0.8618,4,False,,,139
seq_020,7615,camera_4,52,OK,11,84,84,True,3.1131,1,True,2.745,1.0,
seq_020,7640,camera_5,171,L1_ghost,,,84,True,,8,False,,,84
seq_020,7650,camera_6,80,L1_ghost,,,147,False,,5,False,,,145
seq_020,7655,camera_6,81,L1_ghost,,,148,False,,5,False,,,
seq_020,7660,camera_6,82,L1_ghost,,,149,False,,5,False,,,
seq_020,7665,camera_4,53,OK,12,84,84,True,3.1131,2,True,2.485,1.167,
seq_020,7665,camera_6,83,L1_ghost,,,150,False,,5,False,,,
seq_020,7695,camera_7,42,L1_ghost,,,151,False,,1,False,,,
seq_020,7700,camera_5,172,OK,7,84,84,True,3.1131,10,True,3.027,0.833,
seq_020,7725,camera_4,54,OK,13,84,84,True,3.1131,2,True,0.176,3.167,
seq_020,7725,camera_5,173,L1_ghost,,,84,True,,9,False,,,84
seq_020,7725,camera_7,43,L2_not_in_candidates,2,142,152,False,-2.984,2,False,,,
seq_020,7735,camera_2,68,OK,4,84,84,True,3.1131,1,True,-0.452,3.167,
seq_020,7745,camera_6,84,L1_ghost,,,153,False,,6,False,,,
seq_020,7755,camera_1,52,L2_not_in_candidates,4,84,154,False,-2.5846,0,False,,,
seq_020,7760,camera_6,85,L4_below_threshold,3,84,155,False,1.0982,6,False,,,148
seq_020,7770,camera_5,174,L1_ghost,,,84,True,,10,False,,,
seq_020,7770,camera_5,175,L1_ghost,,,84,True,,10,False,,,
seq_020,7770,camera_6,86,L1_ghost,,,156,False,,5,False,,,153
seq_020,7775,camera_3,88,OK,13,84,84,True,3.1131,1,True,0.466,2.5,
seq_020,7800,camera_2,69,OK,12,84,84,True,3.1131,0,False,,,
seq_020,7830,camera_1,53,L2_not_in_candidates,12,84,157,False,-2.8335,2,False,,,
seq_020,7835,camera_5,176,OK,6,84,84,True,3.1131,5,True,2.598,0.167,
seq_020,7880,camera_6,87,L3_not_top1,1,146,158,False,1.5037,7,False,,,
seq_020,7895,camera_5,177,OK,11,84,84,True,3.1131,5,True,3.424,0.5,84
seq_020,7905,camera_3,89,OK,13,84,84,True,3.1131,1,True,1.95,1.5,
seq_020,7915,camera_7,44,L1_ghost,,,159,False,,0,False,,,
seq_020,7935,camera_5,178,L1_ghost,,,84,True,,6,False,,,84
seq_020,7945,camera_6,88,L2_not_in_candidates,4,154,160,False,1.3213,3,False,,,
seq_020,7945,camera_6,89,L1_ghost,,,161,False,,3,False,,,
seq_020,7950,camera_5,179,OK,15,84,84,True,3.8063,6,True,2.763,0.333,
seq_020,7955,camera_3,90,L1_ghost,,,84,True,,1,False,,,
seq_020,7960,camera_4,55,OK,13,84,84,True,3.1131,1,True,-0.732,5.0,
seq_020,7975,camera_4,56,OK,7,84,84,True,3.1131,0,False,,,
seq_020,7990,camera_5,180,L1_ghost,,,84,True,,8,False,,,84
seq_020,7990,camera_5,181,L1_ghost,,,84,True,,8,False,,,84
seq_020,8000,camera_7,45,L1_ghost,,,162,False,,1,False,,,
seq_020,8005,camera_5,182,L1_ghost,,,84,True,,7,False,,,84
seq_020,8010,camera_2,70,OK,7,84,84,True,3.1131,0,False,,,
seq_020,8015,camera_1,54,L2_not_in_candidates,12,157,163,False,-1.9315,1,True,-0.77,5.0,
seq_020,8015,camera_6,90,L1_ghost,,,164,False,,1,False,,,
seq_020,8020,camera_5,183,OK,16,84,84,True,3.1131,7,True,1.678,1.667,
seq_020,8045,camera_5,184,L1_ghost,,,84,True,,6,False,,,
seq_020,8050,camera_7,46,L1_ghost,,,165,False,,3,False,,,
seq_020,8080,camera_4,57,OK,6,84,84,True,3.1131,2,True,3.395,0.667,84
seq_020,8085,camera_2,71,OK,13,84,84,True,2.7076,1,True,0.481,1.333,
seq_020,8090,camera_3,91,OK,7,84,84,True,2.7076,1,True,-0.183,3.833,
seq_020,8100,camera_7,47,L2_not_in_candidates,4,160,166,False,-1.2353,1,False,,,
seq_020,8105,camera_5,185,L1_ghost,,,84,True,,3,False,,,
seq_020,8105,camera_6,91,L2_not_in_candidates,3,155,167,False,1.3213,1,True,1.942,1.5,155
seq_020,8115,camera_6,92,L2_not_in_candidates,1,158,168,False,1.3213,1,False,,,
seq_020,8120,camera_2,72,OK,6,84,84,True,2.7076,3,True,3.603,0.5,84
seq_020,8125,camera_6,93,L2_not_in_candidates,2,152,169,False,1.4084,4,False,,,160
seq_020,8130,camera_4,58,OK,7,84,84,True,2.7076,3,True,2.284,1.167,
seq_020,8140,camera_2,73,L2_not_in_candidates,12,163,84,True,2.7076,4,False,,,
seq_020,8170,camera_5,186,OK,11,84,84,True,2.7076,3,True,-0.471,4.167,
seq_020,8170,camera_6,94,L1_ghost,,,170,False,,5,False,,,158
seq_020,8180,camera_6,95,L1_ghost,,,171,False,,6,False,,,158
seq_020,8185,camera_7,48,L2_not_in_candidates,7,84,172,False,-2.6834,1,False,,,166
seq_020,8210,camera_5,187,OK,15,84,84,True,2.7076,3,True,-1.268,0.667,
seq_020,8215,camera_6,96,L4_below_threshold,13,84,173,False,1.4084,5,False,,,
seq_020,8220,camera_2,74,L2_not_in_candidates,7,172,84,True,3.1131,3,False,,,
seq_020,8240,camera_7,49,L1_ghost,,,174,False,,2,False,,,
seq_020,8250,camera_4,59,OK,12,84,84,True,2.7076,1,True,1.717,1.667,
seq_020,8255,camera_6,97,L4_below_threshold,6,84,175,False,1.4084,5,False,,,
seq_020,8265,camera_6,98,L1_ghost,,,176,False,,5,False,,,167
seq_020,8265,camera_7,50,L1_ghost,,,177,False,,3,False,,,
seq_020,8275,camera_5,188,L1_ghost,,,84,True,,8,False,,,84
seq_020,8285,camera_6,99,L1_ghost,,,178,False,,4,False,,,176
seq_020,8285,camera_7,51,L2_not_in_candidates,10,135,179,False,-2.5335,6,False,,,
seq_020,8285,camera_7,52,L1_ghost,,,180,False,,6,False,,,
seq_020,8290,camera_4,60,OK,15,84,84,True,3.1131,1,True,0.264,3.0,
seq_020,8305,camera_4,61,OK,16,84,84,True,3.1131,1,True,0.015,3.5,
seq_020,8305,camera_6,100,L2_not_in_candidates,3,167,181,False,1.3213,5,True,1.556,1.667,
seq_020,8305,camera_6,101,L1_ghost,,,182,False,,5,False,,,
seq_020,8310,camera_5,189,OK,11,84,84,True,3.1131,9,True,2.571,1.0,
seq_020,8310,camera_6,102,L2_not_in_candidates,1,168,183,False,1.2413,6,True,3.952,0.333,168
seq_020,8325,camera_6,103,L4_below_threshold,7,84,184,False,1.2413,5,False,,,
seq_020,8375,camera_6,104,L1_ghost,,,185,False,,5,False,,,
seq_020,8380,camera_6,105,L2_not_in_candidates,13,173,186,False,1.609,5,False,,,
seq_020,8380,camera_6,106,L1_ghost,,,187,False,,5,False,,,
seq_020,8385,camera_5,190,L2_not_in_candidates,9,143,84,True,3.8063,8,False,,,
seq_020,8410,camera_3,92,OK,9,84,84,True,2.7076,0,False,,,
seq_020,8420,camera_3,93,L1_ghost,,,84,True,,0,False,,,
seq_020,8425,camera_2,75,OK,9,84,84,True,3.1131,0,False,,,
seq_020,8435,camera_3,94,OK,16,84,84,True,3.8063,0,False,,,
seq_020,8435,camera_7,53,L2_not_in_candidates,7,184,188,False,-1.1772,3,False,,,172
seq_020,8440,camera_5,191,L1_ghost,,,84,True,,4,False,,,
seq_020,8450,camera_1,55,L2_not_in_candidates,9,84,189,False,-2.2967,0,False,,,
seq_020,8450,camera_5,192,L3_not_top1,3,181,84,True,3.8063,4,False,,,
seq_020,8465,camera_3,95,OK,16,84,84,True,3.8063,0,False,,,
seq_020,8475,camera_5,193,L3_not_top1,1,183,84,True,3.8063,3,False,,,
seq_020,8480,camera_1,56,L1_ghost,,,190,False,,0,False,,,
seq_020,8510,camera_2,76,OK,3,84,84,True,2.7076,1,True,0.026,1.0,
seq_020,8510,camera_4,62,OK,11,84,84,True,3.1131,2,True,-0.415,2.833,
seq_020,8535,camera_3,96,OK,3,84,84,True,3.1131,2,True,0.25,0.333,
seq_020,8535,camera_3,97,OK,15,84,84,True,3.1131,2,True,3.578,0.333,84
seq_020,8535,camera_5,194,L3_not_top1,2,169,84,True,3.1131,4,False,,,
seq_020,8545,camera_2,77,OK,1,84,84,True,2.42,1,True,0.314,2.167,
seq_020,8565,camera_2,78,OK,12,84,84,True,2.42,1,True,0.306,2.833,
seq_020,8570,camera_1,57,L2_not_in_candidates,3,84,191,False,-2.6072,2,False,,,
seq_020,8570,camera_3,98,OK,2,84,84,True,2.42,4,True,1.101,0.333,
seq_020,8585,camera_1,58,L2_not_in_candidates,12,84,192,False,-2.5846,2,False,,,
seq_020,8595,camera_4,63,OK,1,84,84,True,2.42,2,True,1.693,1.667,
seq_020,8610,camera_3,99,OK,16,84,84,True,2.42,4,True,1.307,2.0,
seq_020,8610,camera_5,195,L3_not_top1,4,166,84,True,2.42,4,False,,,
seq_020,8625,camera_2,79,OK,2,84,84,True,2.7076,2,True,1.483,1.833,
seq_020,8640,camera_7,54,L4_below_threshold,7,188,193,False,-1.4102,2,False,,,172
seq_020,8645,camera_6,107,L2_not_in_candidates,7,193,84,True,1.8603,3,False,,,
seq_020,8650,camera_5,196,L2_not_in_candidates,12,192,84,True,2.7076,5,False,,,
seq_020,8655,camera_3,100,OK,4,84,84,True,2.7076,5,True,3.666,0.333,84
seq_020,8655,camera_5,197,L1_ghost,,,84,True,,5,False,,,84
seq_020,8675,camera_3,101,OK,1,84,84,True,2.7076,4,True,1.95,1.0,
seq_020,8680,camera_5,198,L3_not_top1,13,186,84,True,2.7076,6,False,,,
seq_020,8690,camera_6,108,L3_not_top1,6,175,84,True,1.8603,3,False,,,171
seq_020,8700,camera_2,80,OK,1,84,84,True,2.7076,3,True,1.341,1.833,
seq_020,8700,camera_5,199,OK,16,84,84,True,3.1131,4,True,3.064,0.667,
seq_020,8710,camera_4,64,OK,4,84,84,True,2.1968,1,True,2.654,1.0,84
seq_020,8715,camera_1,59,L2_not_in_candidates,2,84,194,False,-2.2109,1,False,,,
seq_020,8720,camera_7,55,L2_not_in_candidates,10,179,195,False,-1.4734,3,False,,,
seq_020,8745,camera_2,81,OK,13,84,84,True,2.7076,2,True,0.925,2.333,
seq_020,8755,camera_3,102,OK,7,84,84,True,2.7076,2,True,1.955,1.333,
seq_020,8760,camera_4,65,OK,16,84,84,True,2.1968,1,True,-0.921,2.667,
seq_020,8770,camera_6,109,OK,12,84,84,True,2.0145,3,True,-0.156,1.5,
seq_020,8775,camera_4,66,OK,13,84,84,True,2.1968,1,True,0.119,3.167,
seq_020,8775,camera_5,200,L3_not_top1,7,84,186,True,2.1968,5,True,1.321,2.0,
seq_020,8795,camera_1,60,L3_not_top1,9,189,196,False,-1.2349,0,False,,,
seq_020,8800,camera_2,82,OK,6,84,84,True,2.1968,2,True,0.184,1.5,
seq_020,8800,camera_4,67,L1_ghost,,,84,True,,2,False,,,
seq_020,8800,camera_5,201,L1_ghost,,,171,True,,5,False,,,
seq_020,8815,camera_2,83,L2_not_in_candidates,3,191,84,True,2.0145,2,False,,,
seq_020,8815,camera_4,68,OK,15,84,84,True,2.0145,4,True,0.186,0.833,
seq_020,8845,camera_4,69,OK,4,84,84,True,2.1968,2,True,-0.296,1.833,
seq_020,8845,camera_5,202,L3_not_top1,6,84,171,True,2.42,3,True,-0.421,4.333,
seq_020,8860,camera_4,70,OK,1,84,84,True,2.1968,3,True,0.592,2.333,
seq_020,8865,camera_5,203,L1_ghost,,,171,True,,3,False,,,186
seq_020,8865,camera_7,56,L2_not_in_candidates,12,84,197,False,-0.9817,1,False,,,
seq_020,8870,camera_3,103,OK,4,84,84,True,2.1968,4,True,4.239,0.167,84
seq_020,8885,camera_3,104,OK,3,84,84,True,2.1968,3,True,-1.545,3.833,
seq_020,8895,camera_5,204,L3_not_top1,15,84,171,True,2.7076,2,False,,,
seq_020,8895,camera_5,205,L1_ghost,,,171,True,,2,False,,,
seq_020,8900,camera_2,84,L3_not_top1,1,84,186,True,1.7268,2,True,-0.672,4.833,
seq_020,8900,camera_7,57,L1_ghost,,,198,False,,0,False,,,
seq_020,8905,camera_5,206,L1_ghost,,,171,True,,2,False,,,
seq_020,8920,camera_2,85,L3_not_top1,6,171,84,True,1.7268,1,False,,,
seq_020,8930,camera_5,207,L3_not_top1,16,84,171,True,2.7076,4,True,3.07,0.333,84
seq_020,8930,camera_5,208,OK,16,171,171,True,2.7076,4,True,1.625,0.667,84
seq_020,8940,camera_5,209,L1_ghost,,,171,True,,5,False,,,
seq_020,8945,camera_3,105,L3_not_top1,4,84,186,True,2.0145,2,True,2.769,1.0,84
seq_020,8950,camera_1,61,L1_ghost,,,199,False,,1,False,,,
seq_020,8955,camera_2,86,OK,11,84,84,True,1.8603,3,True,0.733,2.5,
seq_020,8955,camera_5,210,L3_not_top1,6,84,171,True,3.1131,5,True,1.384,1.167,
seq_020,8955,camera_5,211,L1_ghost,,,171,True,,5,False,,,
seq_020,8965,camera_2,87,L3_not_top1,4,186,84,True,2.0145,3,True,-1.277,0.667,
seq_020,8965,camera_5,212,L1_ghost,,,171,True,,7,False,,,
seq_020,8970,camera_5,213,L1_ghost,,,171,True,,8,False,,,171
seq_020,8980,camera_5,214,L1_ghost,,,171,True,,9,False,,,171
seq_020,8985,camera_1,62,L2_not_in_candidates,11,84,200,False,-3.0798,2,False,,,191
seq_020,9005,camera_5,215,L3_not_top1,1,186,171,True,3.1131,10,False,,,
seq_020,9015,camera_4,71,L3_not_top1,4,84,186,True,1.7268,4,True,0.213,2.833,
seq_020,9025,camera_5,216,OK,13,84,84,True,3.8063,9,True,2.408,1.167,
seq_020,9045,camera_7,58,L2_not_in_candidates,10,195,201,False,-2.7036,2,True,2.211,0.333,195
seq_020,9050,camera_3,106,OK,4,186,186,True,2.42,3,True,0.123,3.167,
seq_020,9050,camera_5,217,L1_ghost,,,186,True,,10,False,,,171
seq_020,9055,camera_6,110,L3_not_top1,9,196,202,False,0.9159,0,False,,,
seq_020,9065,camera_5,218,L1_ghost,,,202,True,,9,False,,,
seq_020,9070,camera_5,219,L2_not_in_candidates,16,171,202,True,3.8063,10,True,4.171,0.167,171
seq_020,9080,camera_1,63,L2_not_in_candidates,3,84,203,False,-2.2967,2,False,,,194
seq_020,9095,camera_2,88,OK,4,186,186,True,3.1131,0,False,,,
seq_020,9095,camera_3,107,L3_not_top1,6,171,186,True,3.1131,3,False,,,
seq_020,9110,camera_4,72,L3_not_top1,13,84,186,True,1.8603,2,True,0.917,2.333,
seq_020,9115,camera_1,64,L2_not_in_candidates,2,194,204,False,-2.6538,3,True,1.293,2.0,
seq_020,9125,camera_1,65,L2_not_in_candidates,7,186,205,False,-2.8087,3,False,,,
seq_020,9140,camera_6,111,L1_ghost,,,206,False,,0,False,,,
seq_020,9150,camera_7,59,L2_not_in_candidates,9,202,207,False,-2.6072,2,False,,,
seq_020,9180,camera_2,89,L1_ghost,,,186,True,,1,False,,,84
seq_020,9185,camera_1,66,L1_ghost,,,208,False,,4,False,,,204
seq_020,9195,camera_2,90,L1_ghost,,,186,True,,2,False,,,186
seq_020,9205,camera_2,91,L2_not_in_candidates,2,204,186,True,3.8063,4,False,,,
seq_020,9205,camera_3,108,L2_not_in_candidates,3,203,186,True,3.8063,2,False,,,
seq_020,9205,camera_3,109,L3_not_top1,1,171,186,True,3.8063,2,False,,,
seq_020,9215,camera_3,110,OK,13,186,186,True,3.8063,2,False,,,
seq_020,9255,camera_3,111,L2_not_in_candidates,11,200,186,True,3.8063,2,False,,,
seq_020,9260,camera_4,73,L3_not_top1,6,186,202,True,2.0145,1,True,-0.377,1.333,
seq_020,9275,camera_3,112,L1_ghost,,,202,True,,2,False,,,186
seq_020,9290,camera_3,113,L3_not_top1,13,186,202,True,3.1131,3,True,2.483,0.833,
seq_020,9310,camera_6,112,L2_not_in_candidates,12,197,202,True,2.7076,1,False,,,
seq_020,9325,camera_6,113,L1_ghost,,,202,True,,0,False,,,
seq_020,9340,camera_4,74,OK,13,202,202,True,2.7076,1,False,,,
seq_020,9355,camera_2,92,L3_not_top1,3,186,202,True,2.7076,2,True,-0.418,3.833,
seq_020,9385,camera_7,60,L1_ghost,,,209,False,,1,False,,,
seq_020,9480,camera_5,220,OK,16,202,202,True,3.1131,0,False,,,
seq_020,9485,camera_5,221,L2_not_in_candidates,15,171,202,True,3.1131,0,False,,,
seq_020,9500,camera_5,222,OK,12,202,202,True,3.1131,0,False,,,
seq_020,9505,camera_5,223,L1_ghost,,,202,True,,0,False,,,
seq_020,9520,camera_2,93,L3_not_top1,7,205,202,True,3.1131,0,False,,,
seq_020,9560,camera_4,75,L1_ghost,,,202,True,,1,False,,,202
seq_020,9565,camera_2,94,OK,12,202,202,True,2.7076,0,False,,,
seq_020,9565,camera_5,224,L1_ghost,,,202,True,,1,False,,,
seq_020,9580,camera_5,225,L1_ghost,,,202,True,,0,False,,,
seq_020,9585,camera_1,67,L2_not_in_candidates,11,186,210,False,-2.5846,0,False,,,
seq_020,9585,camera_3,114,OK,7,202,202,True,2.7076,0,False,,,
seq_020,9585,camera_5,226,L1_ghost,,,202,True,,0,False,,,
seq_020,9605,camera_5,227,L1_ghost,,,202,True,,1,False,,,
seq_020,9615,camera_3,115,OK,13,202,202,True,2.7076,0,False,,,
seq_020,9615,camera_4,76,OK,12,202,202,True,1.8603,2,True,2.244,1.167,202
seq_020,9620,camera_2,95,L1_ghost,,,202,True,,1,False,,,
seq_020,9635,camera_1,68,L2_not_in_candidates,1,186,211,False,-2.8335,1,False,,,210
seq_020,9640,camera_5,228,L1_ghost,,,202,True,,4,False,,,202
seq_020,9650,camera_4,77,OK,6,202,202,True,1.8603,2,True,0.926,2.333,
seq_020,9660,camera_2,96,L1_ghost,,,202,True,,3,False,,,
seq_020,9660,camera_2,97,L3_not_top1,2,186,202,True,2.1968,3,False,,,
seq_020,9680,camera_3,116,OK,6,202,202,True,2.1968,1,True,1.855,1.5,
seq_020,9680,camera_3,117,OK,13,202,202,True,2.1968,1,True,1.235,1.5,
seq_020,9730,camera_5,229,L1_ghost,,,202,True,,7,False,,,202
seq_020,9735,camera_4,78,L4_below_threshold,16,202,212,False,1.609,1,True,-1.706,0.667,
seq_020,9755,camera_4,79,L4_below_threshold,15,202,213,False,1.609,1,True,0.065,1.333,
seq_020,9770,camera_1,69,L1_ghost,,,214,False,,1,False,,,
seq_020,9775,camera_3,118,L3_not_top1,6,202,213,True,2.1968,2,True,0.517,2.667,
seq_020,9780,camera_1,70,L1_ghost,,,215,False,,1,False,,,
seq_020,9790,camera_1,71,L2_not_in_candidates,3,202,216,False,-1.0928,2,False,,,214
seq_020,9790,camera_2,98,L3_not_top1,2,202,213,True,2.1968,3,True,-0.233,4.0,
seq_020,9800,camera_1,72,L1_ghost,,,217,False,,2,False,,,214
seq_020,9810,camera_2,99,OK,15,213,213,True,2.1968,5,False,,,186
seq_020,9815,camera_5,230,L1_ghost,,,213,True,,3,False,,,
seq_020,9815,camera_6,114,L2_not_in_candidates,10,201,213,True,1.8603,0,False,,,
seq_020,9820,camera_3,119,L1_ghost,,,213,True,,4,False,,,213
seq_020,9825,camera_6,115,L1_ghost,,,213,True,,0,False,,,
seq_020,9830,camera_2,100,L1_ghost,,,213,True,,5,False,,,213
seq_020,9880,camera_3,120,L1_ghost,,,213,True,,4,False,,,84
seq_020,9890,camera_3,121,L1_ghost,,,213,True,,4,False,,,
seq_020,9890,camera_3,122,OK,10,213,213,True,2.42,4,True,0.683,2.5,
seq_020,9890,camera_4,80,L3_not_top1,4,186,213,True,2.1968,3,False,,,
seq_020,9925,camera_3,123,L2_not_in_candidates,1,211,213,True,2.7076,8,False,,,
seq_020,9925,camera_6,116,L3_not_top1,16,212,213,True,2.42,2,False,,,
seq_020,9930,camera_1,73,L2_not_in_candidates,7,202,218,False,-2.5846,3,False,,,217
seq_020,9935,camera_3,124,L1_ghost,,,213,True,,7,False,,,186
seq_020,9945,camera_4,81,L3_not_top1,11,210,213,True,2.42,0,False,,,
seq_020,9950,camera_1,74,L2_not_in_candidates,3,216,219,False,-1.0561,2,False,,,
seq_020,9955,camera_3,125,L2_not_in_candidates,3,219,213,True,2.7076,8,False,,,
seq_020,9960,camera_6,117,OK,15,213,213,True,2.42,2,True,-0.444,1.667,
seq_020,9970,camera_5,231,OK,10,213,213,True,2.7076,3,False,,,
seq_020,10000,camera_4,82,L1_ghost,,,213,True,,0,False,,,
seq_020,10005,camera_3,126,OK,6,213,213,True,2.7076,8,True,-0.268,3.833,
seq_020,10015,camera_4,83,L2_not_in_candidates,7,218,213,True,2.7076,1,False,,,
seq_020,10015,camera_5,232,OK,4,213,213,True,2.7076,2,False,,,
seq_020,10015,camera_6,118,L1_ghost,,,213,True,,1,False,,,
seq_020,10030,camera_2,101,OK,4,213,213,True,2.7076,4,False,,,
seq_020,10030,camera_5,233,L1_ghost,,,213,True,,1,False,,,
seq_020,10030,camera_7,61,L2_not_in_candidates,16,213,220,False,-1.6485,1,False,,,
seq_020,10035,camera_3,127,L1_ghost,,,213,True,,6,False,,,
seq_020,10040,camera_3,128,L1_ghost,,,213,True,,5,False,,,
seq_020,10065,camera_2,102,OK,2,213,213,True,2.7076,1,False,,,
seq_020,10065,camera_7,62,L2_not_in_candidates,15,213,221,False,-2.2316,1,False,,,
seq_020,10105,camera_4,84,L1_ghost,,,213,True,,2,False,,,
seq_020,10105,camera_5,234,L1_ghost,,,213,True,,2,False,,,213
seq_020,10115,camera_3,129,OK,6,213,213,True,2.42,5,True,3.804,0.167,213
seq_020,10125,camera_4,85,OK,10,213,213,True,2.42,2,True,0.071,3.333,
seq_020,10140,camera_3,130,OK,4,213,213,True,2.42,5,True,-0.8,1.0,
seq_020,10145,camera_7,63,L2_not_in_candidates,16,220,222,False,-2.7546,2,True,2.136,0.333,220
seq_020,10155,camera_4,86,OK,11,213,213,True,2.42,3,True,0.553,0.667,
seq_020,10155,camera_5,235,OK,7,213,213,True,2.7076,4,True,1.567,1.667,
seq_020,10160,camera_1,75,L2_not_in_candidates,4,213,223,False,-1.9908,1,False,,,
seq_020,10185,camera_2,103,OK,7,213,213,True,2.1968,2,True,0.405,2.5,
seq_020,10200,camera_6,119,OK,2,213,213,True,2.42,2,True,-1.036,4.167,
seq_020,10205,camera_2,104,OK,3,213,213,True,2.42,2,True,0.099,3.167,
seq_020,10210,camera_5,236,L1_ghost,,,213,True,,3,False,,,213
seq_020,10210,camera_7,64,L4_below_threshold,9,207,224,False,-1.7451,1,False,,,
seq_020,10245,camera_2,105,OK,1,213,213,True,2.42,3,True,2.748,1.0,213
seq_020,10265,camera_6,120,L1_ghost,,,213,True,,0,False,,,
seq_020,10270,camera_3,131,OK,7,213,213,True,2.42,0,False,,,
seq_020,10290,camera_1,76,L2_not_in_candidates,7,213,225,False,-1.8695,2,False,,,
seq_020,10295,camera_7,65,L2_not_in_candidates,2,213,226,False,-1.2189,0,False,,,
seq_020,10365,camera_1,77,L2_not_in_candidates,7,225,227,False,-1.4817,3,True,2.231,1.333,225
seq_020,10375,camera_1,78,L2_not_in_candidates,3,213,228,False,-2.027,3,False,,,
seq_020,10375,camera_3,132,L2_not_in_candidates,4,223,213,True,3.8063,4,False,,,
seq_020,10390,camera_1,79,L2_not_in_candidates,4,213,229,False,-3.0243,4,False,,,
seq_020,10395,camera_2,106,L2_not_in_candidates,3,228,213,True,2.7076,1,False,,,
seq_020,10405,camera_5,237,OK,1,213,213,True,3.1131,0,False,,,
seq_020,10405,camera_7,66,L2_not_in_candidates,16,222,230,False,-2.5418,0,False,,,
seq_020,10425,camera_4,87,L1_ghost,,,213,True,,0,False,,,
seq_020,10440,camera_5,238,L1_ghost,,,213,True,,0,False,,,
seq_020,10470,camera_3,133,OK,6,213,213,True,3.1131,3,True,-0.215,3.833,
seq_020,10485,camera_5,239,OK,3,213,213,True,2.42,1,True,3.013,0.833,213
seq_020,10490,camera_2,107,L2_not_in_candidates,4,229,213,True,2.7076,2,False,,,
seq_020,10490,camera_6,121,L2_not_in_candidates,16,230,213,True,2.7076,0,False,,,
seq_020,10495,camera_5,240,L1_ghost,,,213,True,,1,False,,,213
seq_020,10505,camera_6,122,L1_ghost,,,213,True,,0,False,,,
seq_020,10515,camera_2,108,OK,1,213,213,True,2.42,3,True,3.085,0.833,213
seq_020,10525,camera_6,123,L2_not_in_candidates,15,221,213,True,2.42,0,False,,,
seq_020,10535,camera_7,67,L1_ghost,,,231,False,,2,False,,,230
seq_020,10560,camera_5,241,OK,4,213,213,True,2.7076,1,True,0.067,3.333,
seq_020,10575,camera_5,242,L2_not_in_candidates,7,227,213,True,2.7076,1,False,,,
seq_020,10600,camera_2,109,OK,1,213,213,True,2.42,3,True,2.426,1.167,213
seq_020,10625,camera_6,124,L1_ghost,,,213,True,,0,False,,,
seq_020,10650,camera_5,243,L1_ghost,,,213,True,,0,False,,,
seq_020,10755,camera_6,125,OK,3,213,213,True,2.0145,0,False,,,
seq_020,10765,camera_6,126,OK,7,213,213,True,2.0145,0,False,,,
seq_020,10770,camera_6,127,L1_ghost,,,213,True,,0,False,,,
seq_020,10780,camera_6,128,L1_ghost,,,213,True,,0,False,,,
seq_020,10795,camera_1,80,L1_ghost,,,232,False,,0,False,,,
seq_020,10815,camera_6,129,OK,4,213,213,True,2.1968,3,True,-1.907,0.167,
seq_020,10825,camera_7,68,L2_not_in_candidates,7,213,233,False,-2.3159,0,False,,,
seq_020,10825,camera_7,69,L2_not_in_candidates,4,213,234,False,-2.3353,0,False,,,
seq_020,10850,camera_6,130,OK,1,213,213,True,2.42,3,True,-2.1,0.5,
seq_020,10850,camera_7,70,L2_not_in_candidates,2,226,235,False,-3.052,2,False,,,224
seq_020,10875,camera_2,110,OK,6,213,213,True,3.1131,0,False,,,
seq_020,10890,camera_3,134,L1_ghost,,,213,True,,0,False,,,
seq_020,10900,camera_6,131,L2_not_in_candidates,4,234,213,True,3.1131,6,False,,,213
seq_020,10905,camera_1,81,L2_not_in_candidates,6,213,236,False,-3.441,1,False,,,
seq_020,10920,camera_7,71,L2_not_in_candidates,4,213,237,False,-3.441,1,False,,,
seq_020,10945,camera_7,72,L2_not_in_candidates,1,213,238,False,-3.5781,1,False,,,
seq_020,10995,camera_7,73,L2_not_in_candidates,3,213,239,False,-2.2582,1,False,,,
seq_020,11000,camera_5,244,L2_not_in_candidates,6,236,213,True,3.8063,0,False,,,
seq_020,11010,camera_5,245,L1_ghost,,,213,True,,0,False,,,
seq_020,11035,camera_5,246,OK,15,213,213,True,3.8063,1,True,0.119,0.667,
seq_020,11060,camera_4,88,OK,6,213,213,True,3.8063,0,False,,,
seq_020,11075,camera_5,247,OK,16,213,213,True,3.8063,1,True,1.052,2.0,
seq_020,11075,camera_5,248,L1_ghost,,,213,True,,1,False,,,
seq_020,11115,camera_2,111,OK,16,213,213,True,2.7076,1,True,4.315,0.167,213
seq_020,11130,camera_5,249,L1_ghost,,,213,True,,1,False,,,
seq_020,11135,camera_4,89,L2_not_in_candidates,12,202,213,True,3.1131,1,False,,,
seq_020,11160,camera_4,90,OK,16,213,213,True,3.1131,1,True,0.361,2.833,
seq_020,11220,camera_3,135,L1_ghost,,,213,True,,0,False,,,
seq_020,11250,camera_4,91,OK,11,213,213,True,3.1131,1,True,2.697,0.333,
seq_020,11260,camera_3,136,OK,10,213,213,True,3.1131,0,False,,,
seq_020,11275,camera_7,74,L1_ghost,,,240,False,,0,False,,,
seq_020,11300,camera_4,92,OK,6,213,213,True,2.42,3,True,0.805,1.5,
seq_020,11300,camera_4,93,OK,11,213,213,True,2.42,3,True,2.193,1.333,
seq_020,11300,camera_4,94,L1_ghost,,,213,True,,3,False,,,213
seq_020,11305,camera_3,137,L1_ghost,,,213,True,,0,False,,,
seq_020,11310,camera_4,95,L1_ghost,,,213,True,,3,False,,,
seq_020,11315,camera_4,96,L1_ghost,,,213,True,,4,False,,,
seq_020,11315,camera_7,75,L2_not_in_candidates,3,239,241,False,-2.9021,0,False,,,
seq_020,11335,camera_2,112,OK,6,213,213,True,3.1131,0,False,,,
seq_020,11345,camera_3,138,L1_ghost,,,213,True,,0,False,,,
seq_020,11365,camera_1,82,L2_not_in_candidates,6,213,242,False,-3.4685,0,False,,,
seq_020,11385,camera_3,139,L2_not_in_candidates,6,242,213,True,3.8063,2,False,,,
seq_020,11410,camera_3,140,OK,16,213,213,True,3.8063,2,True,3.472,0.167,
seq_020,11495,camera_3,141,OK,16,213,213,True,3.8063,5,True,3.649,0.5,
seq_020,11510,camera_3,142,L1_ghost,,,213,True,,5,False,,,
seq_020,11520,camera_4,97,L1_ghost,,,213,True,,3,False,,,
seq_020,11595,camera_7,76,L4_below_threshold,3,241,243,False,-0.91,1,False,,,239
seq_020,11635,camera_4,98,L1_ghost,,,213,True,,2,False,,,213
seq_020,11635,camera_4,99,L1_ghost,,,213,True,,2,False,,,
seq_020,11645,camera_7,77,L1_ghost,,,244,False,,1,False,,,
seq_020,11690,camera_3,143,OK,6,213,213,True,2.1968,0,False,,,
seq_020,11735,camera_3,144,OK,6,213,213,True,2.1968,1,True,3.379,0.5,213
seq_020,11735,camera_7,78,L2_not_in_candidates,3,243,245,False,-1.064,1,True,0.549,2.667,
seq_020,11885,camera_4,100,OK,11,213,213,True,2.1968,0,False,,,
seq_020,11885,camera_7,79,L2_not_in_candidates,1,238,246,False,-2.0964,1,False,,,245
seq_020,11895,camera_4,101,L1_ghost,,,213,True,,0,False,,,
seq_020,11905,camera_4,102,L1_ghost,,,213,True,,2,False,,,
seq_020,11945,camera_4,103,L1_ghost,,,213,True,,2,False,,,213
seq_020,11965,camera_3,145,L1_ghost,,,213,True,,1,False,,,
seq_020,12045,camera_4,104,OK,12,213,213,True,2.0145,2,True,0.199,3.0,
seq_020,12055,camera_4,105,L1_ghost,,,213,True,,1,False,,,
seq_020,12090,camera_3,146,OK,15,213,213,True,1.7268,1,True,-0.52,4.333,
seq_020,12100,camera_4,106,L1_ghost,,,213,True,,3,False,,,213
seq_020,12140,camera_4,107,L1_ghost,,,213,True,,3,False,,,
seq_020,12175,camera_3,147,L4_below_threshold,6,213,247,False,1.609,0,False,,,
seq_020,12195,camera_7,80,L1_ghost,,,248,False,,1,False,,,245
seq_020,12325,camera_3,148,L1_ghost,,,213,True,,2,False,,,
seq_020,12345,camera_7,81,L2_not_in_candidates,4,237,249,False,-6.1524,1,False,,,248
seq_020,12505,camera_4,108,L1_ghost,,,247,True,,2,False,,,213
seq_020,12525,camera_4,109,L1_ghost,,,247,True,,2,False,,,
seq_020,12595,camera_4,110,L1_ghost,,,247,True,,1,False,,,
seq_020,12795,camera_3,149,L3_not_top1,15,213,247,True,2.0145,0,False,,,
seq_020,12805,camera_4,111,L1_ghost,,,247,True,,4,False,,,
seq_020,12810,camera_7,82,L4_below_threshold,3,245,250,False,-4.2103,1,False,,,246
seq_020,12840,camera_3,150,OK,15,247,247,True,1.8603,1,True,2.002,1.5,247
seq_020,12905,camera_7,83,L2_not_in_candidates,9,224,251,False,-6.6103,2,False,,,235
seq_020,12920,camera_4,112,L1_ghost,,,247,True,,2,False,,,
seq_020,12940,camera_3,151,L3_not_top1,10,213,247,True,2.1968,1,False,,,
seq_020,12990,camera_7,84,L2_not_in_candidates,9,251,252,False,-8.1892,3,True,1.513,1.833,
seq_020,13065,camera_7,85,L2_not_in_candidates,7,233,253,False,-1.6025,1,False,,,
seq_020,13080,camera_3,152,L1_ghost,,,247,True,,0,False,,,
seq_020,13210,camera_3,153,L3_not_top1,16,213,247,True,2.42,4,True,1.509,1.833,
seq_020,13230,camera_4,113,L4_below_threshold,10,247,254,False,1.609,1,True,-1.945,1.667,
seq_020,13245,camera_6,132,L3_not_top1,1,246,255,False,-3.3302,0,False,,,
seq_020,13270,camera_6,133,L1_ghost,,,256,False,,0,False,,,
seq_020,13280,camera_4,114,L3_not_top1,11,213,257,False,1.609,1,False,,,
seq_020,13325,camera_4,115,L3_not_top1,12,213,247,True,2.1968,2,False,,,
seq_020,13375,camera_6,134,L2_not_in_candidates,3,250,258,False,-4.03,1,False,,,256
seq_020,13390,camera_6,135,L1_ghost,,,259,False,,1,False,,,
seq_020,13400,camera_6,136,L2_not_in_candidates,3,258,260,False,-2.5628,1,False,,,
seq_020,13420,camera_6,137,L1_ghost,,,261,False,,2,False,,,260
seq_020,13455,camera_6,138,L2_not_in_candidates,4,249,262,False,-2.5846,2,False,,,260
seq_020,13475,camera_4,116,L1_ghost,,,247,True,,3,False,,,
seq_020,13475,camera_7,86,L2_not_in_candidates,7,253,263,False,-1.5275,2,True,-1.26,0.167,
seq_020,13490,camera_4,117,L1_ghost,,,247,True,,4,False,,,247
seq_020,13490,camera_4,118,L1_ghost,,,247,True,,4,False,,,247
seq_020,13495,camera_6,139,L2_not_in_candidates,7,263,264,False,-1.0921,2,False,,,261
seq_020,13520,camera_6,140,L3_not_top1,2,235,265,False,-1.4654,3,False,,,259
seq_020,13540,camera_4,119,OK,12,247,247,True,2.42,3,True,2.718,1.0,247
seq_020,13570,camera_5,250,L3_not_top1,1,255,247,True,2.42,0,False,,,
seq_020,13575,camera_5,251,L3_not_top1,3,260,247,True,2.42,1,False,,,
seq_020,13590,camera_5,252,OK,1,247,247,True,2.42,1,True,3.404,0.667,247
seq_020,13620,camera_5,253,L3_not_top1,4,262,247,True,2.42,1,False,,,
seq_020,13630,camera_2,113,OK,1,247,247,True,2.42,0,False,,,
seq_020,13650,camera_1,83,L2_not_in_candidates,1,247,266,False,-2.6072,0,False,,,
seq_020,13650,camera_5,254,L3_not_top1,7,264,247,True,3.8063,2,False,,,
seq_020,13655,camera_5,255,L3_not_top1,2,265,247,True,3.8063,2,False,,,
seq_020,13660,camera_3,154,L2_not_in_candidates,1,266,247,True,3.8063,0,False,,,
seq_020,13670,camera_2,114,OK,7,247,247,True,2.1968,0,False,,,
seq_020,13670,camera_4,120,OK,3,247,247,True,3.1131,3,True,0.218,2.833,
seq_020,13700,camera_2,115,OK,7,247,247,True,2.1968,1,True,4.044,0.333,247
seq_020,13705,camera_5,256,L1_ghost,,,247,True,,3,False,,,247
seq_020,13715,camera_4,121,OK,4,247,247,True,2.7076,1,True,-0.527,4.333,
seq_020,13715,camera_4,122,L1_ghost,,,247,True,,1,False,,,
seq_020,13720,camera_2,116,OK,2,247,247,True,2.1968,1,True,3.341,0.167,247
seq_020,13720,camera_5,257,L1_ghost,,,265,True,,5,False,,,247
seq_020,13735,camera_1,84,L2_not_in_candidates,7,247,267,False,-2.5846,1,False,,,
seq_020,13750,camera_1,85,L2_not_in_candidates,2,247,268,False,-2.5418,1,False,,,266
seq_020,13750,camera_3,155,L2_not_in_candidates,2,268,247,True,2.42,0,False,,,
seq_020,13765,camera_3,156,L2_not_in_candidates,7,267,247,True,2.42,1,False,,,
seq_020,13790,camera_3,157,OK,4,247,247,True,2.42,2,True,-2.1,0.5,
seq_020,13795,camera_3,158,L3_not_top1,10,254,247,True,2.42,2,False,,,
seq_020,13845,camera_2,117,L3_not_top1,4,247,265,True,2.1968,2,True,3.702,0.5,247
seq_020,13855,camera_1,86,L2_not_in_candidates,3,247,269,False,-3.0243,2,False,,,
seq_020,13865,camera_1,87,L2_not_in_candidates,4,265,270,False,-3.0798,2,False,,,
seq_020,13880,camera_3,159,L2_not_in_candidates,3,269,247,True,3.8063,3,False,,,
seq_024,0,camera_1,0,L0_first,6,,1,False,,0,False,,,
seq_024,0,camera_2,0,L2_not_in_candidates,6,1,2,False,,0,False,,,
seq_024,0,camera_2,1,L0_first,2,,3,False,,0,False,,,
seq_024,0,camera_3,0,L3_not_top1,6,2,3,True,3.1131,0,False,,,
seq_024,0,camera_3,1,L0_first,5,,3,True,3.1131,0,False,,,
seq_024,0,camera_3,2,OK,2,3,3,True,3.1131,0,False,,,
seq_024,0,camera_7,0,L0_first,11,,4,False,,0,False,,,
seq_024,0,camera_7,1,L0_first,14,,5,False,,0,False,,,
seq_024,0,camera_7,2,L0_first,10,,6,False,,0,False,,,
seq_024,15,camera_3,3,L0_first,7,,3,True,3.1131,0,False,,,
seq_024,25,camera_2,2,OK,2,3,3,True,2.42,0,False,,,
seq_024,45,camera_3,4,OK,7,3,3,True,2.7076,0,False,,,
seq_024,80,camera_3,5,L1_ghost,,,3,True,,2,False,,,3
seq_024,85,camera_3,6,L0_first,9,,3,True,2.7076,2,False,,,
seq_024,120,camera_3,7,L1_ghost,,,3,True,,0,False,,,
seq_024,125,camera_1,1,L1_ghost,,,7,False,,1,False,,,
seq_024,155,camera_1,2,L2_not_in_candidates,2,3,8,False,,1,False,,,
seq_024,165,camera_1,3,L2_not_in_candidates,9,3,9,False,,1,False,,,
seq_024,175,camera_1,4,L2_not_in_candidates,6,3,10,False,,2,False,,,9
seq_024,180,camera_2,3,L2_not_in_candidates,6,10,3,True,1.7268,2,False,,,
seq_024,215,camera_3,8,L1_ghost,,,3,True,,2,False,,,
seq_024,285,camera_7,3,L2_not_in_candidates,14,5,11,False,-2.6788,0,False,,,
seq_024,335,camera_2,4,OK,7,3,3,True,1.8603,0,False,,,
seq_024,340,camera_1,5,L1_ghost,,,12,False,,1,False,,,
seq_024,355,camera_3,9,L2_not_in_candidates,2,8,3,True,2.7076,1,False,,,
seq_024,365,camera_1,6,L2_not_in_candidates,6,3,13,False,-1.4313,0,False,,,
seq_024,375,camera_6,0,L2_not_in_candidates,14,11,14,False,-2.6171,0,False,,,
seq_024,385,camera_6,1,L1_ghost,,,15,False,,0,False,,,
seq_024,410,camera_6,2,L2_not_in_candidates,11,4,16,False,-2.8372,1,False,,,15
seq_024,420,camera_6,3,L1_ghost,,,17,False,,1,False,,,15
seq_024,500,camera_2,5,OK,7,3,3,True,1.7268,0,False,,,
seq_024,505,camera_5,0,L3_not_top1,14,14,17,True,2.42,0,False,,,
seq_024,535,camera_5,1,L3_not_top1,11,16,17,True,2.42,0,False,,,
seq_024,555,camera_1,7,L2_not_in_candidates,14,17,18,False,-2.5418,3,False,,,
seq_024,560,camera_2,6,L2_not_in_candidates,14,18,17,True,3.1131,0,False,,,
seq_024,580,camera_2,7,L3_not_top1,2,3,17,True,3.1131,0,False,,,
seq_024,595,camera_3,10,L1_ghost,,,17,True,,2,False,,,3
seq_024,620,camera_1,8,L2_not_in_candidates,11,17,19,False,-1.6647,1,False,,,
seq_024,625,camera_3,11,L2_not_in_candidates,11,19,17,True,3.1131,1,False,,,
seq_024,630,camera_6,4,L2_not_in_candidates,10,6,17,True,3.1131,0,False,,,
seq_024,635,camera_6,5,L1_ghost,,,17,True,,0,False,,,
seq_024,645,camera_3,12,OK,14,17,17,True,3.1131,2,True,3.283,0.333,17
seq_024,680,camera_3,13,OK,2,17,17,True,3.1131,1,False,,,
seq_024,695,camera_1,9,L2_not_in_candidates,2,17,20,False,-1.6497,1,False,,,
seq_024,725,camera_5,2,OK,10,17,17,True,3.1131,1,True,-0.72,4.667,
seq_024,770,camera_1,10,L2_not_in_candidates,11,17,21,False,-2.7641,2,False,,,19
seq_024,770,camera_2,8,OK,10,17,17,True,3.8063,1,False,,,
seq_024,815,camera_2,9,L1_ghost,,,17,True,,1,False,,,
seq_024,820,camera_3,14,OK,10,17,17,True,3.8063,1,True,3.289,0.167,
seq_024,845,camera_3,15,L3_not_top1,5,3,17,True,3.8063,4,True,3.872,0.167,3
seq_024,855,camera_1,11,L1_ghost,,,22,False,,1,False,,,
seq_024,860,camera_2,10,L1_ghost,,,17,True,,1,False,,,
seq_024,895,camera_2,11,L2_not_in_candidates,11,21,17,True,3.8063,4,False,,,
seq_024,930,camera_1,12,L1_ghost,,,23,False,,1,False,,,12
seq_024,930,camera_3,16,L4_below_threshold,10,17,24,False,1.609,5,True,-1.475,3.833,3
seq_024,965,camera_1,13,L1_ghost,,,25,False,,2,False,,,12
seq_024,1100,camera_3,17,L1_ghost,,,17,True,,3,False,,,
seq_024,1145,camera_2,12,L3_not_top1,7,3,26,False,1.4084,0,False,,,
seq_024,1185,camera_1,14,L4_below_threshold,6,13,27,False,-2.2341,0,False,,,
seq_024,1215,camera_1,15,L2_not_in_candidates,11,17,28,False,-3.2535,0,False,,,
seq_024,1245,camera_3,18,L2_not_in_candidates,11,28,26,True,2.0145,1,False,,,
seq_024,1250,camera_1,16,L1_ghost,,,29,False,,1,False,,,21
seq_024,1470,camera_1,17,L1_ghost,,,30,False,,0,False,,,
seq_024,1535,camera_3,19,L1_ghost,,,26,True,,0,False,,,
seq_024,1540,camera_3,20,OK,11,26,26,True,2.0145,0,False,,,
seq_024,1575,camera_1,18,L2_not_in_candidates,2,20,31,False,-4.0848,3,False,,,22
seq_024,1635,camera_3,21,OK,7,26,26,True,2.0145,1,True,2.604,0.667,26
seq_024,1690,camera_1,19,L2_not_in_candidates,11,26,32,False,-1.4451,4,False,,,
seq_024,1690,camera_3,22,L2_not_in_candidates,6,27,17,True,2.1968,1,False,,,
seq_024,1705,camera_1,20,L2_not_in_candidates,14,17,33,False,-1.549,4,False,,,23
seq_024,1785,camera_3,23,L1_ghost,,,17,True,,1,False,,,
seq_024,2110,camera_1,21,L1_ghost,,,34,False,,1,False,,,
seq_024,2120,camera_1,22,L2_not_in_candidates,6,17,35,False,-4.856,1,False,,,
seq_024,2135,camera_3,24,L2_not_in_candidates,6,35,17,True,2.1968,2,False,,,17
seq_024,2165,camera_3,25,L1_ghost,,,17,True,,1,False,,,17
seq_024,2215,camera_2,13,L2_not_in_candidates,11,32,36,False,1.1672,0,False,,,
seq_024,2250,camera_1,23,L1_ghost,,,37,False,,3,False,,,
seq_024,2285,camera_1,24,L1_ghost,,,38,False,,1,False,,,
seq_024,2290,camera_3,26,L1_ghost,,,36,True,,3,False,,,17
seq_024,2300,camera_1,25,L1_ghost,,,39,False,,1,False,,,
seq_024,2475,camera_3,27,OK,6,17,17,True,2.1968,2,True,1.568,1.5,
seq_024,2865,camera_1,26,L1_ghost,,,40,False,,0,False,,,
seq_024,2895,camera_2,14,L1_ghost,,,41,False,,0,False,,,
seq_024,3035,camera_2,15,L3_not_top1,7,26,42,False,1.2413,0,False,,,
seq_024,3070,camera_1,27,L1_ghost,,,43,False,,3,False,,,38
seq_024,3110,camera_3,28,L1_ghost,,,42,True,,0,False,,,
seq_024,3225,camera_3,29,L2_not_in_candidates,11,36,42,True,2.0145,0,False,,,
seq_024,3340,camera_2,16,L1_ghost,,,44,False,,1,False,,,
seq_024,3430,camera_1,28,L2_not_in_candidates,11,42,45,False,-2.4419,1,False,,,
seq_024,3440,camera_3,30,L1_ghost,,,44,True,,2,False,,,
seq_024,3620,camera_1,29,L2_not_in_candidates,2,31,46,False,-1.0006,2,False,,,27
seq_024,3640,camera_3,31,L2_not_in_candidates,2,46,44,True,2.0145,2,False,,,
seq_024,4100,camera_1,30,L1_ghost,,,47,False,,0,False,,,
seq_024,4120,camera_1,31,L1_ghost,,,48,False,,0,False,,,
seq_024,4220,camera_3,32,L1_ghost,,,44,True,,1,False,,,
seq_024,4460,camera_2,17,L1_ghost,,,49,False,,1,False,,,
seq_024,4495,camera_3,33,L1_ghost,,,49,True,,1,False,,,
seq_024,4500,camera_3,34,L1_ghost,,,49,True,,1,False,,,
seq_024,4540,camera_1,32,L1_ghost,,,50,False,,1,False,,,45
seq_024,4545,camera_3,35,L2_not_in_candidates,11,45,49,True,2.0145,3,False,,,
seq_024,4570,camera_1,33,L1_ghost,,,51,False,,3,False,,,46
seq_024,4580,camera_3,36,L1_ghost,,,49,True,,4,False,,,
seq_024,4700,camera_3,37,L3_not_top1,6,17,49,True,2.0145,1,False,,,
seq_024,4760,camera_1,34,L1_ghost,,,52,False,,0,False,,,
seq_024,5025,camera_1,35,L2_not_in_candidates,9,9,53,False,-4.2087,0,False,,,
seq_024,5140,camera_1,36,L2_not_in_candidates,11,49,54,False,-4.7647,1,False,,,51
seq_024,5145,camera_2,18,L1_ghost,,,55,False,,0,False,,,
seq_024,5220,camera_2,19,L1_ghost,,,56,False,,0,False,,,
seq_024,5235,camera_1,37,L1_ghost,,,57,False,,1,False,,,
seq_024,5255,camera_1,38,L1_ghost,,,58,False,,1,False,,,
seq_024,5365,camera_1,39,L1_ghost,,,59,False,,1,False,,,
seq_024,5520,camera_1,40,L1_ghost,,,60,False,,1,False,,,58
seq_024,5655,camera_2,20,L1_ghost,,,61,False,,0,False,,,
seq_024,5810,camera_1,41,L1_ghost,,,62,False,,1,False,,,
seq_024,5840,camera_1,42,L1_ghost,,,63,False,,1,False,,,
seq_024,5940,camera_3,38,L1_ghost,,,61,True,,0,False,,,
seq_024,5955,camera_1,43,L1_ghost,,,64,False,,2,False,,,
seq_024,6090,camera_3,39,L1_ghost,,,61,True,,1,False,,,
seq_024,6150,camera_1,44,L2_not_in_candidates,11,54,65,False,-2.4865,1,True,3.731,0.5,54
seq_024,6185,camera_1,45,L1_ghost,,,66,False,,2,False,,,
seq_024,6205,camera_1,46,L2_not_in_candidates,11,65,67,False,-3.4232,2,True,3.052,0.833,65
seq_024,6360,camera_1,47,L2_not_in_candidates,2,44,68,False,-1.2274,2,False,,,54
seq_024,6440,camera_1,48,L1_ghost,,,69,False,,2,False,,,
seq_024,6500,camera_3,40,L1_ghost,,,61,True,,0,False,,,
seq_024,6665,camera_1,49,L1_ghost,,,70,False,,1,False,,,69
seq_024,6785,camera_1,50,L1_ghost,,,71,False,,4,False,,,
seq_024,6820,camera_3,41,L1_ghost,,,61,True,,0,False,,,
seq_024,6835,camera_2,21,L2_not_in_candidates,7,42,72,False,1.4084,0,False,,,
seq_024,6845,camera_1,51,L1_ghost,,,73,False,,2,False,,,
seq_024,6910,camera_3,42,L1_ghost,,,72,True,,2,False,,,61
seq_024,6960,camera_1,52,L1_ghost,,,74,False,,0,False,,,
seq_024,7020,camera_1,53,L2_not_in_candidates,2,68,75,False,-2.7132,0,False,,,
seq_024,7025,camera_2,22,L1_ghost,,,76,False,,0,False,,,
seq_024,7120,camera_1,54,L1_ghost,,,77,False,,2,False,,,
seq_024,7140,camera_1,55,L1_ghost,,,78,False,,2,False,,,
seq_024,7165,camera_1,56,L2_not_in_candidates,2,75,79,False,-5.1853,5,True,4.192,0.333,75
seq_024,7230,camera_3,43,L1_ghost,,,76,True,,2,False,,,
seq_024,7280,camera_1,57,L1_ghost,,,80,False,,3,False,,,73
seq_024,7290,camera_1,58,L1_ghost,,,81,False,,5,False,,,79
seq_024,7315,camera_2,23,L1_ghost,,,82,False,,1,False,,,
seq_024,7350,camera_1,59,L1_ghost,,,83,False,,5,False,,,80
seq_024,7385,camera_1,60,L1_ghost,,,84,False,,5,False,,,80
seq_024,7395,camera_1,61,L2_not_in_candidates,9,53,85,False,-2.4041,6,False,,,79
seq_024,7395,camera_3,44,L1_ghost,,,86,False,,0,False,,,
seq_024,7460,camera_1,62,L1_ghost,,,87,False,,3,False,,,83
seq_024,7560,camera_1,63,L1_ghost,,,88,False,,6,False,,,
seq_024,7560,camera_1,64,L1_ghost,,,89,False,,6,False,,,81
seq_024,7585,camera_1,65,L2_not_in_candidates,6,49,90,False,-2.4126,7,False,,,
seq_024,7615,camera_3,45,L2_not_in_candidates,2,79,91,False,1.609,1,False,,,
seq_024,7645,camera_1,66,L3_not_top1,9,85,92,False,-1.065,5,False,,,
seq_024,7670,camera_1,67,L1_ghost,,,93,False,,3,False,,,
seq_024,7670,camera_2,24,L1_ghost,,,94,False,,2,False,,,42
seq_024,7670,camera_3,46,L1_ghost,,,95,False,,1,False,,,
seq_024,7695,camera_1,68,L1_ghost,,,96,False,,3,False,,,50
seq_024,7705,camera_1,69,L1_ghost,,,97,False,,3,False,,,50
seq_024,7720,camera_1,70,L1_ghost,,,98,False,,4,False,,,96
seq_024,7865,camera_2,25,L1_ghost,,,99,False,,0,False,,,
seq_024,7865,camera_3,47,L1_ghost,,,100,False,,1,False,,,
seq_024,7885,camera_1,71,L2_not_in_candidates,2,91,101,False,-1.8477,2,False,,,
seq_024,7915,camera_1,72,L1_ghost,,,102,False,,2,False,,,
seq_024,7925,camera_1,73,L2_not_in_candidates,2,101,103,False,-2.6072,2,False,,,
seq_024,7955,camera_1,74,L1_ghost,,,104,False,,1,False,,,96
seq_024,7995,camera_3,48,L3_not_top1,5,17,105,False,1.609,1,False,,,
seq_024,8030,camera_1,75,L2_not_in_candidates,14,33,106,False,-2.1291,3,False,,,102
seq_024,8030,camera_1,76,L1_ghost,,,107,False,,3,False,,,102
seq_024,8065,camera_3,49,L2_not_in_candidates,6,90,82,True,1.7268,2,False,,,
seq_024,8365,camera_3,50,L3_not_top1,11,67,82,True,1.7268,2,False,,,
seq_024,8395,camera_3,51,L2_not_in_candidates,2,103,82,True,1.7268,2,False,,,
seq_024,8405,camera_1,77,L2_not_in_candidates,11,82,108,False,-2.9339,0,False,,,
seq_024,8410,camera_1,78,L1_ghost,,,109,False,,0,False,,,
seq_024,8425,camera_1,79,L1_ghost,,,110,False,,0,False,,,
seq_024,8475,camera_1,80,L2_not_in_candidates,2,82,111,False,-4.1101,0,False,,,
seq_024,8555,camera_1,81,L1_ghost,,,112,False,,2,False,,,109
seq_024,8690,camera_3,52,L1_ghost,,,82,True,,3,False,,,
seq_024,8710,camera_1,82,L2_not_in_candidates,11,108,113,False,-2.0561,10,True,1.51,1.833,
seq_024,8820,camera_1,83,L2_not_in_candidates,11,113,114,False,-1.0829,4,True,0.579,2.5,33
seq_024,8860,camera_1,84,L2_not_in_candidates,7,72,115,False,-1.5674,5,False,,,111
seq_024,8875,camera_1,85,L1_ghost,,,116,False,,5,False,,,111
seq_024,8875,camera_3,53,L2_not_in_candidates,11,114,72,True,1.8603,2,False,,,3
seq_024,8965,camera_1,86,L1_ghost,,,117,False,,4,False,,,
seq_024,8980,camera_3,54,L2_not_in_candidates,6,82,61,True,2.1968,3,True,-2.096,0.5,17
seq_024,8985,camera_3,55,L2_not_in_candidates,7,115,61,True,2.1968,3,False,,,82
seq_024,8990,camera_1,87,L1_ghost,,,118,False,,4,False,,,116
seq_024,9035,camera_2,26,L3_not_top1,11,72,119,False,1.609,0,False,,,
seq_024,9100,camera_2,27,L1_ghost,,,120,False,,0,False,,,
seq_024,9100,camera_3,56,L2_not_in_candidates,14,106,120,True,2.0145,3,False,,,
seq_024,9110,camera_2,28,L3_not_top1,7,61,121,False,1.5037,1,False,,,120
seq_024,9130,camera_1,88,L1_ghost,,,122,False,,3,False,,,
seq_024,9175,camera_2,29,L2_not_in_candidates,7,121,120,True,1.8603,2,True,2.501,1.167,120
seq_024,9220,camera_2,30,L1_ghost,,,120,True,,3,False,,,
seq_024,9255,camera_3,57,L2_not_in_candidates,5,105,123,False,1.609,1,False,,,
seq_024,9285,camera_1,89,L1_ghost,,,124,False,,2,False,,,
seq_024,9340,camera_1,90,L1_ghost,,,125,False,,0,False,,,
seq_024,9395,camera_1,91,L3_not_top1,2,111,126,False,-2.0688,1,False,,,125
seq_024,9415,camera_3,58,L3_not_top1,11,119,120,True,2.42,3,False,,,
seq_024,9440,camera_1,92,L2_not_in_candidates,14,120,127,False,-2.5418,1,False,,,
seq_024,9460,camera_3,59,L1_ghost,,,120,True,,1,False,,,82
seq_024,9575,camera_2,31,L1_ghost,,,123,True,,1,False,,,
seq_024,9650,camera_2,32,L1_ghost,,,123,True,,2,False,,,
seq_024,9670,camera_3,60,L1_ghost,,,123,True,,4,False,,,61
seq_024,9675,camera_2,33,L3_not_top1,7,120,128,False,1.609,1,False,,,
seq_024,9710,camera_5,3,L3_not_top1,5,123,128,True,2.0145,0,False,,,
seq_024,9730,camera_3,61,L2_not_in_candidates,14,127,128,True,3.8063,4,False,,,
seq_024,9735,camera_4,0,OK,5,128,128,True,3.8063,0,False,,,
seq_024,9745,camera_2,34,L3_not_top1,11,120,128,True,3.8063,3,True,0.578,0.667,
seq_024,9750,camera_5,4,L1_ghost,,,128,True,,0,False,,,
seq_024,9760,camera_5,5,L1_ghost,,,128,True,,0,False,,,
seq_024,9765,camera_5,6,L1_ghost,,,128,True,,0,False,,,
seq_024,9790,camera_1,93,L1_ghost,,,129,False,,3,False,,,
seq_024,9790,camera_5,7,L1_ghost,,,128,True,,2,False,,,128
seq_024,9815,camera_1,94,L2_not_in_candidates,14,128,130,False,-2.9692,4,False,,,129
seq_024,9820,camera_2,35,L1_ghost,,,128,True,,3,False,,,
seq_024,9915,camera_2,36,L3_not_top1,6,61,128,True,2.1968,1,False,,,
seq_024,9915,camera_2,37,L2_not_in_candidates,14,130,128,True,2.1968,1,False,,,
seq_024,9940,camera_1,95,L2_not_in_candidates,6,128,131,False,-1.9774,3,False,,,106
seq_024,9990,camera_3,62,OK,11,128,128,True,3.1131,0,False,,,
seq_024,9995,camera_2,38,OK,7,128,128,True,3.1131,1,True,-1.861,5.0,
seq_024,10005,camera_1,96,L2_not_in_candidates,6,131,132,False,-1.6074,1,False,,,
seq_024,10025,camera_1,97,L2_not_in_candidates,2,126,133,False,-1.9099,1,False,,,
seq_024,10050,camera_3,63,OK,7,128,128,True,3.8063,2,True,-2.424,1.167,
seq_024,10055,camera_3,64,L2_not_in_candidates,6,132,128,True,3.8063,2,False,,,
seq_024,10080,camera_4,1,OK,6,128,128,True,2.0145,0,False,,,
seq_024,10120,camera_3,65,OK,6,128,128,True,3.8063,4,True,1.199,2.0,
seq_024,10125,camera_1,98,L2_not_in_candidates,7,128,134,False,-1.4792,2,False,,,132
seq_024,10145,camera_2,39,OK,6,128,128,True,3.8063,3,True,3.207,0.5,
seq_024,10155,camera_3,66,OK,11,128,128,True,3.8063,6,True,-0.566,4.667,
seq_024,10170,camera_1,99,L1_ghost,,,135,False,,2,False,,,
seq_024,10175,camera_5,8,L2_not_in_candidates,7,134,128,True,3.8063,0,False,,,
seq_024,10195,camera_2,40,L1_ghost,,,128,True,,4,False,,,
seq_024,10215,camera_1,100,L2_not_in_candidates,2,133,136,False,-1.2432,3,True,0.251,0.167,
seq_024,10215,camera_5,9,OK,6,128,128,True,3.8063,1,True,1.671,0.167,
seq_024,10225,camera_3,67,L2_not_in_candidates,2,136,128,True,3.8063,6,False,,,
seq_024,10240,camera_3,68,L1_ghost,,,128,True,,4,False,,,
seq_024,10260,camera_4,2,OK,6,128,128,True,3.1131,1,True,-0.468,4.333,
seq_024,10260,camera_6,6,OK,7,128,128,True,3.1131,0,False,,,
seq_024,10265,camera_2,41,OK,14,128,128,True,3.1131,4,True,0.778,0.667,
seq_024,10300,camera_6,7,L1_ghost,,,128,True,,0,False,,,
seq_024,10310,camera_5,10,L1_ghost,,,128,True,,1,False,,,
seq_024,10320,camera_7,4,L2_not_in_candidates,7,128,137,False,-2.6305,0,False,,,
seq_024,10330,camera_4,3,OK,14,128,128,True,2.7076,1,True,1.382,1.833,
seq_024,10405,camera_2,42,OK,2,128,128,True,3.1131,3,True,0.252,3.0,
seq_024,10440,camera_2,43,L1_ghost,,,128,True,,2,False,,,
seq_024,10480,camera_2,44,OK,11,128,128,True,3.8063,0,False,,,
seq_024,10505,camera_3,69,OK,14,128,128,True,3.8063,1,True,1.534,1.833,
seq_024,10555,camera_6,8,L2_not_in_candidates,7,137,128,True,3.8063,0,False,,,
seq_024,10560,camera_6,9,L1_ghost,,,128,True,,0,False,,,
seq_024,10605,camera_4,4,OK,14,128,128,True,3.8063,0,False,,,
seq_024,10635,camera_1,101,L2_not_in_candidates,7,128,138,False,-3.7625,1,False,,,
seq_024,10640,camera_2,45,OK,14,128,128,True,3.8063,0,False,,,
seq_024,10655,camera_1,102,L2_not_in_candidates,14,128,139,False,-4.0673,1,False,,,
seq_024,10660,camera_5,11,L2_not_in_candidates,7,138,128,True,3.8063,0,False,,,
seq_024,10690,camera_5,12,OK,2,128,128,True,3.8063,0,False,,,
seq_024,10700,camera_5,13,L1_ghost,,,128,True,,0,False,,,
seq_024,10720,camera_1,103,L2_not_in_candidates,14,139,140,False,-1.1564,1,True,1.958,1.5,139
seq_024,10730,camera_4,5,OK,2,128,128,True,2.7076,1,True,-0.118,3.667,
seq_024,10760,camera_5,14,L1_ghost,,,128,True,,2,False,,,128
seq_024,10765,camera_3,70,L2_not_in_candidates,14,140,128,True,3.1131,1,False,,,
seq_024,10835,camera_1,104,L1_ghost,,,141,False,,0,False,,,
seq_024,10860,camera_2,46,L1_ghost,,,128,True,,2,False,,,
seq_024,10880,camera_2,47,OK,11,128,128,True,3.8063,1,True,-0.834,2.167,
seq_024,10880,camera_5,15,L1_ghost,,,128,True,,2,False,,,
seq_024,10905,camera_3,71,L1_ghost,,,128,True,,1,False,,,
seq_024,10955,camera_2,48,OK,14,128,128,True,2.7076,1,True,-0.568,4.667,
seq_024,10955,camera_2,49,L1_ghost,,,128,True,,1,False,,,
seq_024,10995,camera_1,105,L2_not_in_candidates,7,128,142,False,-4.0815,2,False,,,
seq_024,10995,camera_5,16,OK,6,128,128,True,2.7076,2,True,2.469,1.167,
seq_024,11020,camera_4,6,OK,14,128,128,True,2.7076,0,False,,,
seq_024,11045,camera_3,72,L2_not_in_candidates,7,142,128,True,3.8063,1,False,,,
seq_024,11065,camera_5,17,OK,2,128,128,True,3.8063,1,True,-0.072,3.5,
seq_024,11080,camera_1,106,L2_not_in_candidates,10,24,143,False,-1.5702,2,False,,,
seq_024,11095,camera_2,50,OK,7,128,128,True,3.8063,1,True,0.151,3.167,
seq_024,11100,camera_5,18,L1_ghost,,,128,True,,1,False,,,
seq_024,11130,camera_5,19,OK,2,128,128,True,3.8063,1,True,2.963,0.333,
seq_024,11145,camera_5,20,L1_ghost,,,128,True,,1,False,,,128
seq_024,11175,camera_5,21,L1_ghost,,,128,True,,1,False,,,
seq_024,11200,camera_4,7,OK,6,128,128,True,2.7076,0,False,,,
seq_024,11225,camera_3,73,L1_ghost,,,128,True,,1,False,,,
seq_024,11230,camera_2,51,OK,6,128,128,True,3.8063,1,True,0.559,2.333,
seq_024,11245,camera_3,74,OK,14,128,128,True,3.8063,3,True,2.114,0.167,
seq_024,11265,camera_5,22,L2_not_in_candidates,10,143,128,True,3.8063,2,False,,,
seq_024,11270,camera_5,23,L1_ghost,,,128,True,,2,False,,,128
seq_024,11275,camera_5,24,L1_ghost,,,128,True,,2,False,,,
seq_024,11280,camera_5,25,L1_ghost,,,128,True,,3,False,,,
seq_024,11320,camera_2,52,OK,11,128,128,True,3.8063,3,True,2.302,1.167,
seq_024,11320,camera_4,8,OK,14,128,128,True,2.42,1,True,-0.377,3.5,
seq_024,11330,camera_6,10,L4_below_threshold,6,128,144,False,1.5037,0,False,,,
seq_024,11350,camera_4,9,OK,7,128,128,True,2.42,1,True,-0.485,4.5,
seq_024,11365,camera_4,10,OK,2,128,128,True,2.42,1,True,-0.768,5.0,
seq_024,11375,camera_6,11,L4_below_threshold,10,128,145,False,1.609,0,False,,,
seq_024,11385,camera_6,12,L1_ghost,,,128,True,,0,False,,,
seq_024,11390,camera_2,53,OK,2,128,128,True,2.7076,4,True,-0.478,3.5,
seq_024,11390,camera_5,26,L3_not_top1,14,128,145,True,2.7076,6,True,1.83,1.5,
seq_024,11400,camera_1,107,L2_not_in_candidates,2,128,146,False,-2.5807,1,False,,,
seq_024,11400,camera_7,5,L2_not_in_candidates,6,144,147,False,-2.6072,0,False,,,
seq_024,11420,camera_5,27,OK,7,128,128,True,3.1131,6,True,0.646,2.5,
seq_024,11440,camera_6,13,L1_ghost,,,148,False,,2,False,,,144
seq_024,11450,camera_2,54,OK,7,128,128,True,3.1131,1,True,1.748,1.667,
seq_024,11455,camera_1,108,L2_not_in_candidates,7,128,149,False,-1.237,1,False,,,
seq_024,11460,camera_7,6,L2_not_in_candidates,10,145,150,False,-2.6543,0,False,,,
seq_024,11465,camera_5,28,L2_not_in_candidates,7,149,128,True,3.8063,7,False,,,128
seq_024,11490,camera_5,29,L1_ghost,,,128,True,,7,False,,,128
seq_024,11490,camera_6,14,L2_not_in_candidates,2,146,151,False,1.609,4,False,,,
seq_024,11505,camera_3,75,OK,7,128,128,True,2.7076,1,True,-0.663,4.833,
seq_024,11530,camera_5,30,L1_ghost,,,128,True,,5,False,,,
seq_024,11545,camera_4,11,OK,7,128,128,True,3.8063,2,True,-0.212,3.833,
seq_024,11545,camera_6,15,L1_ghost,,,145,True,,4,False,,,
seq_024,11555,camera_7,7,L2_not_in_candidates,2,151,152,False,-2.5218,0,False,,,
seq_024,11575,camera_7,8,L2_not_in_candidates,10,150,153,False,-2.6072,1,True,3.748,0.167,150
seq_024,11605,camera_4,12,L3_not_top1,14,145,128,True,3.8063,0,False,,,
seq_024,11630,camera_1,109,L2_not_in_candidates,14,128,154,False,-1.9843,1,False,,,
seq_024,11630,camera_2,55,L2_not_in_candidates,14,154,128,True,3.8063,1,False,,,
seq_024,11675,camera_6,16,L2_not_in_candidates,10,153,145,True,2.42,2,False,,,
seq_024,11680,camera_6,17,L1_ghost,,,145,True,,2,False,,,
seq_024,11715,camera_6,18,L3_not_top1,14,128,145,True,2.42,2,False,,,
seq_024,11735,camera_5,31,L1_ghost,,,128,True,,2,False,,,
seq_024,11765,camera_2,56,OK,11,128,128,True,3.1131,3,True,-0.095,3.667,
seq_024,11790,camera_5,32,OK,10,145,145,True,2.7076,2,True,-0.185,3.833,
seq_024,11790,camera_6,19,L1_ghost,,,145,True,,2,False,,,
seq_024,11800,camera_7,9,L2_not_in_candidates,14,145,155,False,-2.5628,1,False,,,
seq_024,11825,camera_7,10,L2_not_in_candidates,14,155,156,False,-2.6788,2,True,1.652,0.333,155
seq_024,11830,camera_1,110,L2_not_in_candidates,10,145,157,False,-1.4007,0,False,,,
seq_024,11830,camera_2,57,L2_not_in_candidates,10,157,145,True,2.42,0,False,,,
seq_024,11850,camera_4,13,OK,10,145,145,True,2.7076,0,False,,,
seq_024,11870,camera_5,33,L1_ghost,,,145,True,,2,False,,,
seq_024,11890,camera_5,34,L1_ghost,,,145,True,,2,False,,,
seq_024,11900,camera_5,35,L3_not_top1,7,128,145,True,3.8063,2,True,0.536,2.667,
seq_024,11950,camera_5,36,L1_ghost,,,145,True,,2,False,,,
seq_024,11965,camera_7,11,L2_not_in_candidates,6,147,158,False,-3.2907,2,True,2.784,1.0,147
seq_024,11970,camera_4,14,OK,10,145,145,True,2.7076,1,True,0.018,3.5,
seq_024,11975,camera_5,37,L1_ghost,,,145,True,,0,False,,,
seq_024,12000,camera_2,58,OK,10,145,145,True,3.1131,1,False,,,
seq_024,12005,camera_6,20,L2_not_in_candidates,2,152,145,True,2.0145,0,False,,,
seq_024,12010,camera_1,111,L2_not_in_candidates,10,145,159,False,-1.0711,0,False,,,
seq_024,12015,camera_6,21,L1_ghost,,,145,True,,0,False,,,
seq_024,12035,camera_6,22,L2_not_in_candidates,14,156,145,True,2.0145,0,False,,,
seq_024,12055,camera_1,112,L2_not_in_candidates,10,159,160,False,-1.831,1,True,2.499,1.167,159
seq_024,12055,camera_2,59,L2_not_in_candidates,10,160,145,True,3.8063,2,False,,,
seq_024,12070,camera_6,23,L2_not_in_candidates,6,158,145,True,2.0145,0,False,,,
seq_024,12090,camera_4,15,OK,10,145,145,True,2.42,1,True,0.008,3.5,
seq_024,12095,camera_3,76,OK,10,145,145,True,3.1131,0,False,,,
seq_024,12160,camera_2,60,L2_not_in_candidates,11,128,145,True,3.8063,1,False,,,
seq_024,12160,camera_3,77,OK,7,145,145,True,3.8063,0,False,,,
seq_024,12180,camera_5,38,OK,14,145,145,True,3.8063,3,True,0.161,2.667,
seq_024,12210,camera_5,39,OK,2,145,145,True,3.8063,3,True,-1.057,3.667,
seq_024,12220,camera_5,40,OK,6,145,145,True,3.8063,2,True,-1.083,4.0,
seq_024,12265,camera_1,113,L2_not_in_candidates,14,145,161,False,-2.2322,1,False,,,160
seq_024,12265,camera_2,61,L2_not_in_candidates,14,161,145,True,3.8063,1,False,,,
seq_024,12275,camera_4,16,OK,6,145,145,True,3.1131,0,False,,,
seq_024,12275,camera_5,41,OK,7,145,145,True,3.1131,0,False,,,
seq_024,12295,camera_2,62,OK,2,145,145,True,3.1131,2,True,4.369,0.167,145
seq_024,12310,camera_5,42,L1_ghost,,,145,True,,0,False,,,
seq_024,12315,camera_1,114,L2_not_in_candidates,7,145,162,False,-3.0243,2,False,,,161
seq_024,12330,camera_2,63,OK,6,145,145,True,3.1131,2,True,2.183,1.333,
seq_024,12345,camera_3,78,OK,2,145,145,True,3.1131,2,True,1.059,2.167,
seq_024,12355,camera_1,115,L2_not_in_candidates,2,145,163,False,-3.2468,2,False,,,
seq_024,12355,camera_2,64,L2_not_in_candidates,7,162,145,True,3.1131,2,False,,,
seq_024,12370,camera_1,116,L2_not_in_candidates,6,145,164,False,-3.3302,2,False,,,
seq_024,12385,camera_3,79,OK,14,145,145,True,3.1131,1,True,0.013,3.5,
seq_024,12390,camera_1,117,L2_not_in_candidates,14,145,165,False,-3.441,2,False,,,
seq_024,12395,camera_3,80,L2_not_in_candidates,14,165,145,True,3.1131,1,False,,,
seq_024,12410,camera_3,81,L2_not_in_candidates,6,164,145,True,3.1131,1,False,,,
seq_024,12420,camera_2,65,OK,14,145,145,True,3.1131,1,True,-0.524,4.333,
seq_024,12435,camera_3,82,OK,7,145,145,True,3.1131,1,True,3.499,0.167,145
seq_024,12480,camera_1,118,L1_ghost,,,166,False,,0,False,,,
seq_024,12540,camera_3,83,L1_ghost,,,145,True,,2,False,,,
seq_024,12565,camera_2,66,OK,14,145,145,True,3.1131,4,True,2.129,1.167,
seq_024,12565,camera_4,17,L2_not_in_candidates,2,163,145,True,2.0145,2,False,,,
seq_024,12580,camera_2,67,L1_ghost,,,145,True,,5,False,,,145
seq_024,12600,camera_4,18,OK,2,145,145,True,2.1968,2,True,-1.381,1.333,
seq_024,12615,camera_4,19,OK,6,145,145,True,2.1968,2,True,1.495,1.833,
seq_024,12665,camera_4,20,OK,10,145,145,True,2.42,3,True,3.788,0.5,145
seq_024,12665,camera_5,43,OK,14,145,145,True,2.42,0,False,,,
seq_024,12750,camera_6,24,OK,14,145,145,True,3.8063,0,False,,,
seq_024,12760,camera_3,84,OK,2,145,145,True,3.8063,2,True,-0.425,4.333,
seq_024,12770,camera_2,68,OK,2,145,145,True,3.8063,2,True,-0.262,3.5,
seq_024,12790,camera_1,119,L2_not_in_candidates,2,145,167,False,-1.8237,1,False,,,
seq_024,12810,camera_6,25,L1_ghost,,,145,True,,0,False,,,
seq_024,12825,camera_7,12,L2_not_in_candidates,14,145,168,False,-2.5418,0,False,,,
seq_024,12835,camera_2,69,OK,11,145,145,True,3.8063,0,False,,,
seq_024,12850,camera_1,120,L1_ghost,,,169,False,,0,False,,,
seq_024,12900,camera_5,44,OK,10,145,145,True,3.8063,0,False,,,
seq_024,12915,camera_5,45,OK,6,145,145,True,3.8063,0,False,,,
seq_024,12925,camera_4,21,OK,7,145,145,True,3.8063,0,False,,,
seq_024,12925,camera_5,46,L1_ghost,,,145,True,,0,False,,,
seq_024,12950,camera_4,22,L2_not_in_candidates,2,167,145,True,3.8063,1,False,,,
seq_024,12960,camera_5,47,OK,10,145,145,True,3.8063,0,False,,,
seq_024,12970,camera_4,23,OK,2,145,145,True,3.8063,2,True,1.042,1.5,
seq_024,13000,camera_5,48,OK,7,145,145,True,2.42,1,True,-0.398,0.333,
seq_024,13005,camera_5,49,L1_ghost,,,145,True,,1,False,,,145
seq_024,13010,camera_5,50,OK,6,145,145,True,2.42,1,True,3.322,0.667,145
seq_024,13025,camera_2,70,L1_ghost,,,145,True,,3,False,,,
seq_024,13065,camera_5,51,OK,6,145,145,True,2.1968,4,True,2.86,0.833,145
seq_024,13075,camera_6,26,L2_not_in_candidates,14,168,145,True,1.7268,0,False,,,
seq_024,13080,camera_6,27,L1_ghost,,,145,True,,0,False,,,
seq_024,13160,camera_5,52,OK,7,145,145,True,3.8063,5,True,1.916,1.167,
seq_024,13170,camera_5,53,L1_ghost,,,145,True,,4,False,,,145
seq_024,13200,camera_5,54,OK,14,145,145,True,3.1131,3,True,-1.483,2.5,
seq_024,13245,camera_1,121,L2_not_in_candidates,14,145,170,False,-2.5628,0,False,,,
seq_024,13250,camera_2,71,L2_not_in_candidates,14,170,145,True,1.8603,0,False,,,
seq_024,13275,camera_5,55,L1_ghost,,,145,True,,4,False,,,
seq_024,13300,camera_4,24,OK,14,145,145,True,2.42,0,False,,,
seq_024,13315,camera_5,56,L1_ghost,,,145,True,,4,False,,,145
seq_024,13335,camera_5,57,L1_ghost,,,145,True,,3,False,,,
seq_024,13415,camera_5,58,L1_ghost,,,145,True,,4,False,,,
seq_024,13420,camera_5,59,L1_ghost,,,145,True,,3,False,,,
seq_024,13440,camera_5,60,L1_ghost,,,145,True,,2,False,,,
seq_024,13480,camera_5,61,OK,2,145,145,True,2.7076,2,True,-0.303,3.5,
seq_024,13565,camera_5,62,L1_ghost,,,145,True,,3,False,,,
seq_024,13570,camera_5,63,OK,6,145,145,True,2.7076,3,True,1.707,1.167,
seq_024,13580,camera_5,64,OK,10,145,145,True,2.7076,3,True,0.782,1.5,
seq_024,13605,camera_5,65,L1_ghost,,,145,True,,4,False,,,
seq_024,13635,camera_5,66,L1_ghost,,,145,True,,5,False,,,145
seq_024,13645,camera_4,25,OK,7,145,145,True,2.7076,0,False,,,
seq_024,13665,camera_2,72,OK,7,145,145,True,3.8063,0,False,,,
seq_024,13670,camera_1,122,L2_not_in_candidates,6,145,171,False,-4.5665,0,False,,,
seq_024,13690,camera_5,67,L1_ghost,,,145,True,,5,False,,,145
seq_024,13700,camera_4,26,L2_not_in_candidates,6,171,145,True,2.42,1,False,,,
seq_024,13750,camera_4,27,OK,2,145,145,True,2.42,1,True,0.17,3.167,
seq_024,13755,camera_6,28,L4_below_threshold,7,145,172,False,1.609,0,False,,,
seq_024,13760,camera_2,73,OK,10,145,145,True,2.7076,1,True,0.364,2.833,
seq_024,13775,camera_3,85,OK,6,145,145,True,2.7076,0,False,,,
seq_024,13800,camera_2,74,OK,6,145,145,True,3.8063,3,True,2.204,0.667,
seq_024,13815,camera_6,29,L1_ghost,,,145,True,,0,False,,,
seq_024,13830,camera_7,13,L2_not_in_candidates,7,172,173,False,-4.5527,0,False,,,
seq_024,13850,camera_6,30,OK,10,145,145,True,1.8603,2,True,-1.967,0.833,
seq_024,13865,camera_6,31,OK,2,145,145,True,2.1968,2,True,1.673,1.333,
seq_024,13900,camera_6,32,L1_ghost,,,145,True,,2,False,,,
seq_024,13935,camera_7,14,L2_not_in_candidates,10,145,174,False,-5.0369,0,False,,,
seq_024,13950,camera_7,15,L2_not_in_candidates,2,145,175,False,-5.1031,1,False,,,
seq_024,13980,camera_5,68,OK,6,145,145,True,3.8063,0,False,,,
seq_024,14015,camera_7,16,L2_not_in_candidates,10,174,176,False,-2.6305,1,True,3.195,0.5,174
seq_024,14065,camera_6,33,OK,6,145,145,True,3.8063,3,True,-0.151,3.5,
seq_024,14110,camera_6,34,L1_ghost,,,145,True,,1,False,,,
seq_024,14115,camera_7,17,L2_not_in_candidates,6,145,177,False,-3.0623,4,False,,,
seq_024,14125,camera_7,18,L2_not_in_candidates,6,177,178,False,-3.1015,5,True,1.908,0.333,177
seq_024,14185,camera_7,19,L2_not_in_candidates,2,175,179,False,-2.7036,5,True,-0.428,4.167,
seq_024,14350,camera_7,20,L3_not_top1,7,173,180,False,-2.8469,1,False,,,
seq_024,14415,camera_7,21,L2_not_in_candidates,7,180,181,False,-1.6853,0,False,,,
seq_024,14425,camera_7,22,L3_not_top1,10,176,182,False,-1.9662,1,False,,,180
seq_024,14440,camera_7,23,L1_ghost,,,183,False,,1,False,,,180
seq_024,14440,camera_7,24,L4_below_threshold,6,178,184,False,-2.1123,1,False,,,180
seq_024,14445,camera_2,75,L1_ghost,,,185,False,,0,False,,,
seq_024,14485,camera_6,35,L2_not_in_candidates,10,182,186,False,-3.1632,0,False,,,
seq_024,14490,camera_6,36,L1_ghost,,,187,False,,0,False,,,
seq_024,14560,camera_7,25,L2_not_in_candidates,7,181,188,False,-3.6695,4,True,0.986,0.5,
seq_024,14570,camera_6,37,L2_not_in_candidates,7,188,189,False,-3.6325,1,False,,,
seq_024,14575,camera_2,76,L3_not_top1,11,145,190,False,-2.5418,1,False,,,
seq_024,14575,camera_6,38,L1_ghost,,,191,False,,1,False,,,
seq_024,14615,camera_2,77,L2_not_in_candidates,11,190,192,False,-2.729,2,True,3.09,0.833,190
seq_024,14625,camera_5,69,L3_not_top1,10,186,192,True,2.7076,0,False,,,
seq_024,14675,camera_1,123,L2_not_in_candidates,7,189,193,False,-2.5628,0,False,,,
seq_024,14675,camera_2,78,L2_not_in_candidates,7,193,192,True,3.8063,1,False,,,
seq_024,14675,camera_5,70,OK,7,192,192,True,2.7076,0,False,,,
seq_024,14705,camera_4,28,OK,10,192,192,True,3.1131,0,False,,,
seq_024,14725,camera_5,71,L1_ghost,,,192,True,,1,False,,,192
seq_024,14755,camera_3,86,OK,7,192,192,True,3.8063,0,False,,,
seq_024,14775,camera_4,29,OK,7,192,192,True,3.8063,1,True,1.767,1.667,
seq_024,14810,camera_4,30,OK,10,192,192,True,3.8063,1,True,0.368,2.833,
seq_024,14825,camera_7,26,L2_not_in_candidates,2,179,194,False,-2.4831,1,True,1.798,0.333,179
seq_024,14830,camera_6,39,L2_not_in_candidates,2,194,192,True,2.7076,0,False,,,
seq_024,14835,camera_6,40,L1_ghost,,,192,True,,0,False,,,
seq_024,14840,camera_3,87,OK,7,192,192,True,3.1131,1,True,2.783,1.0,
seq_024,14865,camera_2,79,OK,7,192,192,True,3.1131,1,True,0.73,2.5,
seq_024,14870,camera_1,124,L2_not_in_candidates,7,192,195,False,-2.9418,1,False,,,
seq_024,14895,camera_3,88,OK,10,192,192,True,3.1131,1,True,0.368,2.833,
seq_024,14925,camera_5,72,OK,2,192,192,True,3.1131,2,True,-0.689,4.333,
seq_024,14930,camera_2,80,OK,10,192,192,True,3.1131,2,True,2.576,1.0,
seq_024,14935,camera_2,81,L1_ghost,,,192,True,,2,False,,,
seq_024,14945,camera_1,125,L2_not_in_candidates,10,192,196,False,-1.081,0,False,,,
seq_024,14960,camera_1,126,L2_not_in_candidates,2,192,197,False,-1.6376,0,False,,,
seq_024,14960,camera_2,82,L2_not_in_candidates,2,197,192,True,3.8063,1,False,,,
seq_024,14995,camera_3,89,OK,2,192,192,True,3.8063,1,True,-1.04,1.667,
seq_024,15035,camera_3,90,L1_ghost,,,192,True,,1,False,,,
seq_024,15045,camera_2,83,L1_ghost,,,192,True,,2,False,,,
seq_024,15080,camera_1,127,L2_not_in_candidates,7,195,198,False,-3.0243,2,True,0.183,3.167,
seq_024,15100,camera_6,41,L2_not_in_candidates,6,184,192,True,3.8063,0,False,,,
seq_024,15110,camera_6,42,L1_ghost,,,192,True,,0,False,,,
seq_024,15120,camera_3,91,L2_not_in_candidates,7,198,192,True,2.1968,1,False,,,
seq_024,15125,camera_2,84,OK,11,192,192,True,2.42,3,True,1.744,0.333,
seq_024,15130,camera_1,128,L2_not_in_candidates,10,196,199,False,-3.3024,1,False,,,
seq_024,15160,camera_1,129,L2_not_in_candidates,2,192,200,False,-1.2346,2,False,,,197
seq_024,15170,camera_1,130,L2_not_in_candidates,10,199,201,False,-1.451,2,True,2.597,0.5,197
seq_024,15185,camera_5,73,L2_not_in_candidates,10,201,192,True,3.1131,0,False,,,
seq_024,15205,camera_5,74,OK,6,192,192,True,3.1131,0,False,,,
seq_024,15255,camera_2,85,OK,6,192,192,True,3.1131,2,True,0.926,2.333,
seq_024,15260,camera_1,131,L2_not_in_candidates,6,192,202,False,-2.5418,4,False,,,
seq_024,15260,camera_3,92,L1_ghost,,,192,True,,1,False,,,
seq_024,15275,camera_6,43,OK,10,192,192,True,3.1131,1,True,-0.079,3.667,
seq_024,15325,camera_6,44,L1_ghost,,,192,True,,0,False,,,
seq_024,15340,camera_7,27,L2_not_in_candidates,10,192,203,False,-2.2727,0,False,,,
seq_024,15370,camera_2,86,OK,11,192,192,True,3.1131,1,True,0.417,2.5,
seq_024,15385,camera_6,45,L2_not_in_candidates,6,202,192,True,3.8063,2,False,,,
seq_024,15395,camera_5,75,L3_not_top1,14,145,192,True,2.7076,1,False,,,
seq_024,15450,camera_6,46,L1_ghost,,,192,True,,2,False,,,
seq_024,15460,camera_5,76,L1_ghost,,,192,True,,1,False,,,
seq_024,15465,camera_7,28,L2_not_in_candidates,6,192,204,False,-2.5846,0,False,,,
seq_024,15495,camera_3,93,L1_ghost,,,192,True,,0,False,,,
seq_024,15535,camera_5,77,L1_ghost,,,192,True,,0,False,,,
seq_024,15540,camera_5,78,L1_ghost,,,192,True,,0,False,,,
seq_024,15570,camera_5,79,L1_ghost,,,192,True,,1,False,,,192
seq_024,15605,camera_1,132,L4_below_threshold,2,200,205,False,-0.8985,0,False,,,
seq_024,15605,camera_2,87,L2_not_in_candidates,2,205,192,True,2.7076,0,False,,,
seq_024,15610,camera_6,47,L2_not_in_candidates,10,203,192,True,2.1968,2,False,,,
seq_024,15620,camera_3,94,OK,7,192,192,True,2.42,1,True,2.681,0.333,192
seq_024,15620,camera_5,80,L2_not_in_candidates,6,204,192,True,2.7076,3,False,,,
seq_024,15620,camera_6,48,L1_ghost,,,192,True,,2,False,,,
seq_024,15625,camera_4,31,OK,14,192,192,True,2.42,0,False,,,
seq_024,15655,camera_2,88,OK,6,192,192,True,3.8063,0,False,,,
seq_024,15660,camera_5,81,L1_ghost,,,192,True,,4,False,,,192
seq_024,15690,camera_4,32,OK,6,192,192,True,2.42,1,True,1.543,1.833,
seq_024,15745,camera_6,49,OK,14,192,192,True,2.1968,2,True,0.943,2.0,
seq_024,15760,camera_5,82,OK,2,192,192,True,3.1131,4,True,1.255,2.0,
seq_024,15765,camera_3,95,OK,6,192,192,True,3.1131,1,True,1.592,1.333,
seq_024,15795,camera_6,50,L1_ghost,,,192,True,,1,False,,,
seq_024,15805,camera_4,33,OK,10,192,192,True,2.42,1,True,-0.976,1.5,
seq_024,15810,camera_7,29,L2_not_in_candidates,14,192,206,False,-1.5738,0,False,,,
seq_024,15830,camera_3,96,L1_ghost,,,192,True,,1,False,,,
seq_024,15855,camera_4,34,OK,6,192,192,True,2.42,1,True,0.182,3.167,
seq_024,15885,camera_5,83,OK,10,192,192,True,3.1131,2,True,2.247,1.333,
seq_024,15920,camera_2,89,OK,10,192,192,True,3.1131,1,True,3.322,0.667,192
seq_024,16035,camera_6,51,OK,10,192,192,True,2.7076,0,False,,,
seq_024,16035,camera_6,52,OK,2,192,192,True,2.7076,0,False,,,
seq_024,16080,camera_6,53,L1_ghost,,,192,True,,0,False,,,
seq_024,16135,camera_7,30,L2_not_in_candidates,10,192,207,False,-2.729,0,False,,,
seq_024,16160,camera_7,31,L2_not_in_candidates,2,192,208,False,-2.8603,0,False,,,
seq_024,16215,camera_3,97,L1_ghost,,,192,True,,0,False,,,
seq_024,16220,camera_7,32,L2_not_in_candidates,14,206,209,False,-3.1911,1,True,3.114,0.667,206
seq_024,16230,camera_2,90,L1_ghost,,,192,True,,1,False,,,192
seq_024,16235,camera_6,54,L2_not_in_candidates,14,209,210,False,-3.2746,3,False,,,
seq_024,16245,camera_6,55,L1_ghost,,,211,False,,3,False,,,
seq_024,16300,camera_5,84,OK,6,192,192,True,3.8063,0,False,,,
seq_024,16310,camera_5,85,L1_ghost,,,192,True,,0,False,,,
seq_024,16330,camera_2,91,OK,6,192,192,True,3.8063,0,False,,,
seq_024,16335,camera_1,133,L2_not_in_candidates,6,192,212,False,-4.8159,0,False,,,
seq_024,16355,camera_5,86,L3_not_top1,14,210,192,True,3.8063,1,False,,,
seq_024,16355,camera_6,56,L2_not_in_candidates,10,207,192,True,2.7076,2,False,,,
seq_024,16360,camera_6,57,L1_ghost,,,192,True,,2,False,,,
seq_024,16375,camera_6,58,L2_not_in_candidates,2,208,192,True,2.7076,3,False,,,192
seq_024,16390,camera_3,98,L1_ghost,,,192,True,,0,False,,,
seq_024,16400,camera_1,134,L2_not_in_candidates,14,192,213,False,-2.5628,1,False,,,
seq_024,16405,camera_2,92,L2_not_in_candidates,14,213,192,True,3.8063,2,False,,,
seq_024,16430,camera_6,59,L2_not_in_candidates,6,212,192,True,2.7076,3,False,,,
seq_024,16440,camera_3,99,OK,14,192,192,True,3.8063,2,True,1.802,1.0,
seq_024,16440,camera_5,87,OK,10,192,192,True,3.8063,3,True,1.913,1.333,
seq_024,16480,camera_2,93,OK,10,192,192,True,2.7076,2,True,1.64,0.667,
seq_024,16480,camera_2,94,L1_ghost,,,192,True,,2,False,,,192
seq_024,16490,camera_5,88,OK,2,192,192,True,2.42,3,True,2.928,0.5,192
seq_024,16495,camera_1,135,L2_not_in_candidates,10,192,214,False,-2.6543,0,False,,,
seq_024,16500,camera_7,33,L2_not_in_candidates,6,192,215,False,-2.5418,2,False,,,
seq_024,16510,camera_3,100,L2_not_in_candidates,10,214,192,True,2.42,2,False,,,
seq_024,16530,camera_2,95,OK,2,192,192,True,2.42,3,True,-0.087,2.333,
seq_024,16540,camera_1,136,L2_not_in_candidates,2,192,216,False,-1.4894,1,False,,,214
seq_024,16540,camera_6,60,L2_not_in_candidates,6,215,192,True,2.7076,4,False,,,
seq_024,16615,camera_1,137,L2_not_in_candidates,10,192,217,False,-2.7824,2,False,,,
seq_024,16630,camera_3,101,L2_not_in_candidates,2,216,192,True,3.1131,2,False,,,
seq_024,16640,camera_1,138,L2_not_in_candidates,14,192,218,False,-3.1076,2,False,,,213
seq_024,16645,camera_2,96,L1_ghost,,,192,True,,0,False,,,
seq_024,16650,camera_5,89,OK,6,192,192,True,2.7076,1,True,-0.277,3.833,
seq_024,16675,camera_4,35,L2_not_in_candidates,10,217,192,True,3.1131,0,False,,,
seq_024,16690,camera_1,139,L2_not_in_candidates,6,192,219,False,-0.9198,3,False,,,216
seq_024,16690,camera_2,97,L2_not_in_candidates,6,219,192,True,3.8063,3,False,,,
seq_024,16705,camera_3,102,L2_not_in_candidates,14,218,192,True,3.8063,1,False,,,
seq_024,16715,camera_3,103,L1_ghost,,,192,True,,2,False,,,
seq_024,16720,camera_3,104,OK,6,192,192,True,3.8063,2,True,0.815,1.833,
seq_024,16720,camera_4,36,OK,2,192,192,True,3.8063,0,False,,,
seq_024,16730,camera_2,98,L1_ghost,,,192,True,,4,False,,,192
seq_024,16740,camera_5,90,OK,10,192,192,True,3.8063,1,True,1.65,1.667,
seq_024,16745,camera_5,91,L1_ghost,,,192,True,,1,False,,,
seq_024,16750,camera_2,99,OK,14,192,192,True,3.1131,4,True,1.842,1.5,
seq_024,16775,camera_2,100,OK,11,192,192,True,3.1131,4,True,0.243,3.0,
seq_024,16785,camera_2,101,OK,2,192,192,True,3.1131,4,True,0.549,2.667,
seq_024,16805,camera_1,140,L2_not_in_candidates,2,192,220,False,-0.8156,1,False,,,
seq_024,16845,camera_2,102,L1_ghost,,,192,True,,2,False,,,192
seq_024,16855,camera_5,92,OK,14,192,192,True,3.1131,1,True,2.356,0.5,
seq_024,16865,camera_1,141,L2_not_in_candidates,6,192,221,False,-1.2839,2,False,,,219
seq_024,16865,camera_4,37,OK,10,192,192,True,2.7076,2,True,-0.02,3.333,
seq_024,16895,camera_2,103,OK,10,192,192,True,2.7076,2,True,2.396,1.0,
seq_024,16940,camera_1,142,L2_not_in_candidates,10,192,222,False,-2.5,3,False,,,
seq_024,16940,camera_2,104,OK,14,192,192,True,3.8063,2,True,0.68,2.5,
seq_024,16955,camera_2,105,L1_ghost,,,192,True,,2,False,,,
seq_024,16970,camera_3,105,L2_not_in_candidates,10,222,192,True,3.8063,2,False,,,
seq_024,16995,camera_1,143,L2_not_in_candidates,14,192,223,False,-1.254,2,False,,,
seq_025,0,camera_1,0,L0_first,14,,1,False,,0,False,,,
seq_025,0,camera_2,0,L0_first,10,,2,False,,0,False,,,
seq_025,0,camera_2,1,L1_ghost,,,3,False,,0,False,,,
seq_025,0,camera_2,2,L0_first,2,,4,False,,0,False,,,
seq_025,0,camera_3,0,OK,2,4,4,True,2.7076,0,False,,,
seq_025,0,camera_3,1,L3_not_top1,10,2,4,True,2.7076,0,False,,,
seq_025,0,camera_3,2,L0_first,12,,4,True,2.7076,0,False,,,
seq_025,0,camera_3,3,L0_first,6,,4,True,2.7076,0,False,,,
seq_025,0,camera_3,4,L0_first,7,,4,True,2.7076,0,False,,,
seq_025,10,camera_4,0,OK,12,4,4,True,2.7076,0,False,,,
seq_025,50,camera_3,5,OK,7,4,4,True,3.8063,0,False,,,
seq_025,65,camera_1,1,L2_not_in_candidates,2,4,5,False,,0,False,,,
seq_025,65,camera_2,3,OK,12,4,4,True,3.8063,1,False,,,
seq_025,75,camera_3,6,L1_ghost,,,4,True,,0,False,,,
seq_025,100,camera_3,7,L1_ghost,,,4,True,,0,False,,,
seq_025,200,camera_3,8,L2_not_in_candidates,14,1,4,True,3.8063,3,False,,,
seq_025,285,camera_2,4,OK,6,4,4,True,3.8063,1,True,-1.066,4.333,
seq_025,290,camera_1,2,L2_not_in_candidates,10,4,6,False,-3.1911,1,False,,,5
seq_025,315,camera_3,9,L1_ghost,,,4,True,,1,False,,,
seq_025,370,camera_1,3,L2_not_in_candidates,2,5,7,False,-3.6325,1,True,0.18,3.167,
seq_025,395,camera_2,5,OK,14,4,4,True,3.8063,1,True,2.137,0.833,
seq_025,395,camera_3,10,L0_first,9,,4,True,3.8063,1,False,,,
seq_025,395,camera_3,11,OK,9,4,4,True,3.8063,1,True,0.361,2.167,
seq_025,405,camera_3,12,OK,12,4,4,True,3.8063,2,True,-0.968,2.5,
seq_025,420,camera_2,6,OK,6,4,4,True,3.8063,1,True,1.492,1.667,
seq_025,440,camera_3,13,L2_not_in_candidates,2,7,4,True,3.8063,3,False,,,
seq_025,465,camera_3,14,OK,2,4,4,True,3.8063,3,True,2.441,1.167,
seq_025,485,camera_2,7,OK,12,4,4,True,3.8063,1,True,-0.319,3.833,
seq_025,515,camera_3,15,L1_ghost,,,4,True,,5,False,,,4
seq_025,535,camera_1,4,L2_not_in_candidates,14,4,8,False,-0.9628,1,False,,,
seq_025,535,camera_2,8,OK,7,4,4,True,3.8063,0,False,,,
seq_025,580,camera_1,5,L2_not_in_candidates,12,4,9,False,-1.6699,0,False,,,
seq_025,620,camera_1,6,L2_not_in_candidates,12,9,10,False,-2.4926,1,True,2.305,0.5,9
seq_025,620,camera_3,16,OK,7,4,4,True,3.8063,5,True,3.103,0.667,
seq_025,640,camera_2,9,OK,6,4,4,True,3.8063,0,False,,,
seq_025,645,camera_1,7,L1_ghost,,,11,False,,0,False,,,
seq_025,655,camera_3,17,OK,9,4,4,True,2.0145,5,True,1.049,1.833,
seq_025,660,camera_5,0,OK,7,4,4,True,2.0145,0,False,,,
seq_025,680,camera_3,18,L2_not_in_candidates,14,8,4,True,3.8063,5,False,,,
seq_025,690,camera_4,1,OK,9,4,4,True,3.8063,0,False,,,
seq_025,720,camera_3,19,L1_ghost,,,4,True,,5,False,,,4
seq_025,760,camera_5,1,L2_not_in_candidates,12,10,4,True,3.8063,0,False,,,
seq_025,775,camera_5,2,L1_ghost,,,4,True,,0,False,,,
seq_025,805,camera_2,10,L1_ghost,,,4,True,,3,False,,,
seq_025,810,camera_5,3,OK,6,4,4,True,3.8063,1,True,2.459,1.167,
seq_025,820,camera_2,11,L1_ghost,,,4,True,,4,False,,,4
seq_025,825,camera_1,8,L1_ghost,,,12,False,,3,False,,,10
seq_025,825,camera_5,4,L1_ghost,,,4,True,,1,False,,,4
seq_025,840,camera_5,5,OK,12,4,4,True,3.8063,2,True,1.656,0.333,
seq_025,845,camera_5,6,OK,14,4,4,True,3.8063,2,True,2.938,0.5,
seq_025,850,camera_3,20,OK,2,4,4,True,3.8063,6,True,0.322,2.0,
seq_025,860,camera_5,7,L1_ghost,,,4,True,,2,False,,,4
seq_025,910,camera_2,12,OK,2,4,4,True,3.8063,5,True,0.002,3.0,
seq_025,935,camera_6,0,OK,6,4,4,True,1.8603,0,False,,,
seq_025,955,camera_5,8,L1_ghost,,,4,True,,4,False,,,
seq_025,960,camera_4,2,OK,14,4,4,True,2.7076,0,False,,,
seq_025,975,camera_6,1,OK,7,4,4,True,1.7268,0,False,,,
seq_025,980,camera_6,2,L3_not_top1,10,6,4,True,1.7268,0,False,,,
seq_025,995,camera_6,3,L1_ghost,,,4,True,,0,False,,,
seq_025,1000,camera_5,9,OK,9,4,4,True,3.1131,5,True,2.271,0.833,
seq_025,1005,camera_5,10,L1_ghost,,,4,True,,5,False,,,
seq_025,1015,camera_4,3,OK,2,4,4,True,3.1131,1,True,1.782,1.5,
seq_025,1020,camera_7,0,L2_not_in_candidates,6,4,13,False,-2.5628,0,False,,,
seq_025,1030,camera_6,4,L1_ghost,,,14,False,,2,False,,,4
seq_025,1035,camera_5,11,OK,14,4,4,True,3.1131,5,True,2.539,0.833,
seq_025,1055,camera_7,1,L2_not_in_candidates,7,4,15,False,-2.5628,0,False,,,
seq_025,1085,camera_5,12,L1_ghost,,,4,True,,3,False,,,4
seq_025,1090,camera_7,2,L2_not_in_candidates,10,4,16,False,-2.729,0,False,,,
seq_025,1105,camera_5,13,OK,2,4,4,True,3.8063,6,True,1.499,1.333,
seq_025,1130,camera_5,14,L1_ghost,,,4,True,,5,False,,,
seq_025,1190,camera_5,15,L1_ghost,,,4,True,,5,False,,,
seq_025,1205,camera_7,3,L2_not_in_candidates,6,13,17,False,-2.8873,1,False,,,15
seq_025,1215,camera_5,16,OK,14,4,4,True,3.8063,6,True,2.71,0.833,
seq_025,1295,camera_6,5,L2_not_in_candidates,6,17,4,True,1.8603,0,False,,,
seq_025,1315,camera_5,17,L1_ghost,,,4,True,,5,False,,,
seq_025,1410,camera_5,18,L1_ghost,,,4,True,,1,False,,,4
seq_025,1410,camera_7,4,L2_not_in_candidates,10,16,18,False,-3.1994,2,True,1.94,1.5,16
seq_025,1555,camera_5,19,OK,14,4,4,True,3.8063,2,True,0.543,2.667,
seq_025,1565,camera_5,20,L1_ghost,,,4,True,,2,False,,,
seq_025,1595,camera_5,21,OK,12,4,4,True,3.8063,2,True,2.825,0.5,
seq_025,1600,camera_5,22,L1_ghost,,,4,True,,2,False,,,4
seq_025,1630,camera_6,6,L2_not_in_candidates,7,15,4,True,2.0145,0,False,,,
seq_025,1635,camera_6,7,L1_ghost,,,4,True,,0,False,,,
seq_025,1740,camera_5,23,OK,7,4,4,True,3.8063,2,True,-2.2,1.667,
seq_025,1740,camera_7,5,L2_not_in_candidates,10,18,19,False,-4.492,2,True,2.872,0.333,18
seq_025,1745,camera_5,24,L1_ghost,,,4,True,,2,False,,,
seq_025,1750,camera_5,25,L1_ghost,,,4,True,,1,False,,,
seq_025,1780,camera_5,26,L1_ghost,,,4,True,,3,False,,,
seq_025,1780,camera_6,8,L2_not_in_candidates,10,19,20,False,1.609,2,False,,,
seq_025,1785,camera_1,9,L2_not_in_candidates,7,4,21,False,-2.5418,0,False,,,
seq_025,1785,camera_2,13,L2_not_in_candidates,7,21,4,True,3.8063,0,False,,,
seq_025,1790,camera_6,9,L1_ghost,,,22,False,,2,False,,,
seq_025,1810,camera_4,4,OK,14,4,4,True,3.8063,0,False,,,
seq_025,1810,camera_5,27,L1_ghost,,,4,True,,4,False,,,4
seq_025,1810,camera_6,10,L4_below_threshold,6,4,23,False,1.5037,3,True,-0.355,3.833,22
seq_025,1815,camera_6,11,L1_ghost,,,24,False,,3,False,,,22
seq_025,1825,camera_3,21,OK,14,4,4,True,3.8063,0,False,,,
seq_025,1835,camera_5,28,L1_ghost,,,4,True,,6,False,,,4
seq_025,1845,camera_5,29,OK,9,4,4,True,3.8063,5,True,1.115,1.0,
seq_025,1855,camera_5,30,OK,2,4,4,True,3.8063,6,True,4.632,0.167,4
seq_025,1880,camera_5,31,OK,7,4,4,True,3.8063,7,True,2.948,0.333,
seq_025,1895,camera_4,5,OK,7,4,4,True,3.8063,0,False,,,
seq_025,1910,camera_4,6,OK,12,4,4,True,3.8063,0,False,,,
seq_025,1910,camera_5,32,L1_ghost,,,4,True,,9,False,,,4
seq_025,1925,camera_5,33,L3_not_top1,10,20,4,True,3.8063,7,False,,,
seq_025,1945,camera_2,14,OK,12,4,4,True,3.1131,1,True,0.899,2.167,
seq_025,1945,camera_2,15,OK,10,4,4,True,3.1131,1,True,1.123,2.167,
seq_025,1950,camera_5,34,L3_not_top1,6,23,4,True,3.1131,5,False,,,
seq_025,1970,camera_1,10,L2_not_in_candidates,10,4,25,False,-2.5418,1,False,,,
seq_025,1975,camera_5,35,OK,7,4,4,True,3.1131,4,True,3.407,0.667,4
seq_025,1985,camera_1,11,L2_not_in_candidates,14,4,26,False,-2.5418,1,False,,,
seq_025,1990,camera_2,16,L2_not_in_candidates,14,26,4,True,3.1131,2,False,,,
seq_025,2030,camera_1,12,L1_ghost,,,27,False,,0,False,,,
seq_025,2035,camera_3,22,L2_not_in_candidates,10,25,4,True,2.7076,1,False,,,
seq_025,2050,camera_4,7,OK,6,4,4,True,2.7076,3,True,0.356,2.833,
seq_025,2075,camera_6,12,L4_below_threshold,12,4,28,False,1.4084,0,False,,,
seq_025,2080,camera_5,36,L1_ghost,,,28,True,,5,False,,,4
seq_025,2085,camera_4,8,OK,9,4,4,True,2.7076,1,True,-0.245,4.0,
seq_025,2085,camera_5,37,L1_ghost,,,28,True,,5,False,,,4
seq_025,2090,camera_5,38,L1_ghost,,,28,True,,6,False,,,
seq_025,2095,camera_5,39,L1_ghost,,,28,True,,5,False,,,4
seq_025,2110,camera_2,17,OK,9,4,4,True,2.7076,2,True,1.523,1.833,
seq_025,2110,camera_3,23,OK,6,4,4,True,2.7076,1,True,-0.198,3.833,
seq_025,2120,camera_1,13,L2_not_in_candidates,6,4,29,False,-2.6123,3,False,,,25
seq_025,2120,camera_2,18,L2_not_in_candidates,6,29,4,True,2.7076,1,False,,,
seq_025,2130,camera_6,13,L1_ghost,,,30,False,,0,False,,,
seq_025,2140,camera_1,14,L2_not_in_candidates,6,4,31,False,-2.8994,4,False,,,29
seq_025,2160,camera_4,9,OK,2,4,4,True,2.7076,2,True,1.641,1.667,
seq_025,2165,camera_6,14,L3_not_top1,14,4,32,False,1.2413,0,False,,,
seq_025,2165,camera_7,6,L2_not_in_candidates,12,28,33,False,-2.9644,0,False,,,
seq_025,2175,camera_1,15,L1_ghost,,,34,False,,4,False,,,26
seq_025,2195,camera_2,19,OK,2,4,4,True,2.7076,2,True,0.917,2.333,
seq_025,2195,camera_5,40,L1_ghost,,,32,True,,9,False,,,4
seq_025,2225,camera_5,41,L3_not_top1,7,4,32,True,2.7076,9,True,1.531,1.833,
seq_025,2230,camera_6,15,L3_not_top1,9,4,35,False,1.2413,2,False,,,
seq_025,2270,camera_5,42,L2_not_in_candidates,6,31,4,True,3.8063,6,False,,,
seq_025,2270,camera_6,16,L1_ghost,,,36,False,,2,False,,,
seq_025,2285,camera_7,7,L2_not_in_candidates,14,32,37,False,-2.729,0,False,,,
seq_025,2290,camera_4,10,OK,10,4,4,True,2.7076,1,True,-0.269,4.0,
seq_025,2305,camera_2,20,OK,6,4,4,True,3.1131,3,True,2.362,1.167,
seq_025,2305,camera_5,43,L1_ghost,,,4,True,,5,False,,,
seq_025,2315,camera_2,21,L1_ghost,,,4,True,,3,False,,,4
seq_025,2320,camera_6,17,L3_not_top1,2,4,38,False,1.609,1,False,,,
seq_025,2335,camera_5,44,L1_ghost,,,4,True,,3,False,,,4
seq_025,2335,camera_7,8,L2_not_in_candidates,9,35,39,False,-2.5418,0,False,,,
seq_025,2355,camera_5,45,L1_ghost,,,4,True,,2,False,,,
seq_025,2390,camera_5,46,OK,6,4,4,True,3.8063,3,True,0.787,0.667,
seq_025,2400,camera_6,18,L1_ghost,,,40,False,,3,False,,,35
seq_025,2420,camera_7,9,L2_not_in_candidates,2,38,41,False,-2.5846,0,False,,,
seq_025,2425,camera_5,47,OK,10,4,4,True,3.8063,2,True,1.114,1.833,
seq_025,2440,camera_4,11,L3_not_top1,7,32,4,True,3.1131,0,False,,,
seq_025,2455,camera_7,10,L2_not_in_candidates,9,39,42,False,-2.5923,1,True,3.397,0.333,39
seq_025,2465,camera_2,22,OK,10,4,4,True,3.1131,2,True,1.991,1.5,
seq_025,2470,camera_1,16,L2_not_in_candidates,10,4,43,False,-0.9544,1,False,,,
seq_025,2475,camera_7,11,L2_not_in_candidates,14,37,44,False,-2.5846,1,False,,,39
seq_025,2490,camera_7,12,L2_not_in_candidates,9,42,45,False,-2.6543,3,True,2.026,0.333,44
seq_025,2525,camera_3,24,OK,7,4,4,True,3.1131,0,False,,,
seq_025,2535,camera_4,12,OK,7,4,4,True,3.1131,2,True,0.794,0.333,
seq_025,2555,camera_5,48,L1_ghost,,,40,True,,6,False,,,
seq_025,2560,camera_2,23,OK,7,4,4,True,3.1131,2,True,0.211,2.667,
seq_025,2595,camera_6,19,L2_not_in_candidates,10,43,46,False,1.609,0,False,,,
seq_025,2620,camera_5,49,L1_ghost,,,46,True,,2,False,,,
seq_025,2640,camera_1,17,L2_not_in_candidates,7,4,47,False,-0.901,0,False,,,
seq_025,2695,camera_3,25,L2_not_in_candidates,7,47,4,True,3.8063,0,False,,,
seq_025,2700,camera_6,20,L1_ghost,,,46,True,,0,False,,,
seq_025,2705,camera_3,26,L1_ghost,,,4,True,,0,False,,,
seq_025,2710,camera_7,13,L2_not_in_candidates,2,41,48,False,-2.5961,1,False,,,
seq_025,2720,camera_7,14,L4_below_threshold,9,45,49,False,-0.8194,0,False,,,
seq_025,2740,camera_6,21,L3_not_top1,14,44,46,True,2.42,0,False,,,
seq_025,2795,camera_5,50,OK,6,4,4,True,3.8063,4,True,3.562,0.167,
seq_025,2820,camera_5,51,L1_ghost,,,4,True,,2,False,,,
seq_025,2830,camera_7,15,L2_not_in_candidates,10,46,50,False,-2.6484,2,False,,,
seq_025,2875,camera_5,52,L3_not_top1,14,46,4,True,3.8063,1,False,,,
seq_025,2885,camera_5,53,L1_ghost,,,4,True,,1,False,,,
seq_025,2895,camera_5,54,L1_ghost,,,4,True,,1,False,,,
seq_025,2910,camera_7,16,L4_below_threshold,9,49,51,False,-1.7557,2,False,,,41
seq_025,2920,camera_2,24,OK,14,4,4,True,3.1131,0,False,,,
seq_025,2925,camera_1,18,L2_not_in_candidates,14,4,52,False,-2.5628,0,False,,,
seq_025,2940,camera_5,55,L1_ghost,,,46,True,,3,False,,,4
seq_025,2940,camera_7,17,L2_not_in_candidates,9,51,53,False,-0.9259,2,True,2.061,0.5,51
seq_025,2945,camera_6,22,L2_not_in_candidates,9,53,46,True,1.8603,1,False,,,
seq_025,2950,camera_6,23,L2_not_in_candidates,2,48,46,True,1.8603,1,False,,,
seq_025,2980,camera_5,56,OK,7,4,4,True,3.1131,4,True,1.33,2.0,
seq_025,2985,camera_6,24,L1_ghost,,,46,True,,0,False,,,
seq_025,3005,camera_4,13,OK,6,4,4,True,3.1131,0,False,,,
seq_025,3015,camera_4,14,OK,7,4,4,True,3.1131,0,False,,,
seq_025,3045,camera_6,25,L2_not_in_candidates,12,33,46,True,1.7268,2,False,,,
seq_025,3055,camera_5,57,L3_not_top1,9,46,4,True,3.1131,5,True,0.143,1.5,
seq_025,3070,camera_3,27,OK,9,4,4,True,3.1131,1,True,-1.934,0.167,
seq_025,3070,camera_6,26,L2_not_in_candidates,10,50,46,True,1.7268,2,False,,,
seq_025,3090,camera_1,19,L2_not_in_candidates,14,52,54,False,-2.5628,1,False,,,
seq_025,3095,camera_2,25,OK,9,4,4,True,3.1131,2,True,0.249,3.0,
seq_025,3095,camera_3,28,L2_not_in_candidates,14,54,4,True,3.1131,1,False,,,
seq_025,3100,camera_2,26,OK,6,4,4,True,3.1131,2,True,0.059,3.333,
seq_025,3110,camera_1,20,L2_not_in_candidates,9,4,55,False,-2.6543,2,False,,,
seq_025,3120,camera_5,58,L3_not_top1,2,46,4,True,3.1131,3,True,-0.544,3.667,
seq_025,3125,camera_1,21,L2_not_in_candidates,9,55,56,False,-2.729,2,False,,,52
seq_025,3140,camera_2,27,OK,14,4,4,True,3.1131,2,True,-0.565,4.667,
seq_025,3155,camera_2,28,OK,6,4,4,True,3.1131,1,True,-0.793,5.0,
seq_025,3165,camera_2,29,OK,2,4,4,True,3.1131,1,True,2.874,0.167,
seq_025,3180,camera_3,29,L2_not_in_candidates,9,56,4,True,3.8063,1,False,,,
seq_025,3190,camera_1,22,L2_not_in_candidates,2,4,57,False,-1.4145,1,False,,,
seq_025,3200,camera_1,23,L1_ghost,,,58,False,,1,False,,,
seq_025,3200,camera_5,59,L3_not_top1,12,46,4,True,3.8063,3,False,,,
seq_025,3225,camera_5,60,OK,14,4,4,True,3.8063,4,True,1.448,1.667,
seq_025,3230,camera_5,61,L3_not_top1,6,4,46,True,2.7076,5,True,1.543,1.833,
seq_025,3250,camera_5,62,L1_ghost,,,46,True,,3,False,,,
seq_025,3255,camera_2,30,L2_not_in_candidates,2,57,4,True,2.42,4,False,,,4
seq_025,3285,camera_1,24,L2_not_in_candidates,2,4,59,False,-1.7363,3,False,,,57
seq_025,3305,camera_4,15,OK,12,4,4,True,2.42,0,False,,,
seq_025,3335,camera_2,31,OK,9,4,4,True,3.8063,4,True,-0.063,0.333,
seq_025,3335,camera_2,32,L1_ghost,,,4,True,,4,False,,,
seq_025,3335,camera_4,16,L3_not_top1,10,46,4,True,2.7076,0,False,,,
seq_025,3340,camera_5,63,L2_not_in_candidates,2,59,4,True,3.1131,6,False,,,
seq_025,3345,camera_6,27,OK,6,46,46,True,1.7268,0,False,,,
seq_025,3355,camera_5,64,L3_not_top1,7,4,46,True,3.8063,6,True,0.361,2.667,
seq_025,3355,camera_5,65,L3_not_top1,10,4,46,True,3.8063,6,True,3.049,0.5,
seq_025,3370,camera_5,66,L1_ghost,,,46,True,,6,False,,,
seq_025,3415,camera_6,28,L1_ghost,,,60,False,,0,False,,,
seq_025,3430,camera_7,18,L2_not_in_candidates,6,46,61,False,-2.5218,0,False,,,
seq_025,3450,camera_5,67,L1_ghost,,,60,True,,3,False,,,
seq_025,3475,camera_2,33,OK,12,4,4,True,3.1131,5,True,1.734,1.667,
seq_025,3525,camera_5,68,L1_ghost,,,4,True,,2,False,,,
seq_025,3530,camera_3,30,OK,12,4,4,True,3.8063,1,True,-1.237,1.333,
seq_025,3540,camera_6,29,L3_not_top1,14,4,60,True,1.7268,2,False,,,
seq_025,3565,camera_5,69,L1_ghost,,,4,True,,3,False,,,46
seq_025,3570,camera_5,70,L1_ghost,,,4,True,,3,False,,,46
seq_025,3570,camera_5,71,L1_ghost,,,4,True,,3,False,,,46
seq_025,3585,camera_4,17,OK,2,4,4,True,3.8063,1,True,-1.417,4.333,
seq_025,3595,camera_3,31,OK,9,4,4,True,3.8063,1,True,0.018,3.5,
seq_025,3610,camera_4,18,OK,2,4,4,True,3.8063,0,False,,,
seq_025,3625,camera_7,19,L2_not_in_candidates,14,60,62,False,-2.6543,0,False,,,
seq_025,3630,camera_2,34,OK,9,4,4,True,3.1131,1,True,1.322,2.0,
seq_025,3640,camera_1,25,L2_not_in_candidates,7,46,63,False,-1.6888,1,False,,,
seq_025,3645,camera_1,26,L2_not_in_candidates,9,4,64,False,-1.572,1,False,,,
seq_025,3650,camera_2,35,L2_not_in_candidates,9,64,4,True,3.1131,1,False,,,
seq_025,3675,camera_4,19,OK,12,4,4,True,2.7076,1,True,-1.834,0.5,
seq_025,3710,camera_5,72,L1_ghost,,,60,True,,5,False,,,
seq_025,3715,camera_5,73,L1_ghost,,,60,True,,5,False,,,
seq_025,3755,camera_1,27,L2_not_in_candidates,12,4,65,False,-1.5372,1,False,,,64
seq_025,3775,camera_4,20,OK,9,4,4,True,2.7076,2,True,1.247,2.0,
seq_025,3830,camera_6,30,L2_not_in_candidates,14,62,60,True,2.0145,0,False,,,
seq_025,3835,camera_6,31,L1_ghost,,,60,True,,0,False,,,
seq_025,3840,camera_3,32,OK,2,4,4,True,2.7076,1,True,-0.487,2.333,
seq_025,3870,camera_2,36,OK,2,4,4,True,2.7076,1,True,-0.329,3.833,
seq_025,3875,camera_5,74,L1_ghost,,,60,True,,2,False,,,
seq_025,3890,camera_4,21,L3_not_top1,10,46,4,True,2.7076,2,False,,,
seq_025,3895,camera_1,28,L2_not_in_candidates,2,4,66,False,-3.8665,3,False,,,
seq_025,3930,camera_2,37,L1_ghost,,,4,True,,0,False,,,
seq_025,3955,camera_5,75,OK,14,60,60,True,3.1131,2,True,0.868,1.167,
seq_025,3995,camera_3,33,OK,10,4,4,True,3.1131,1,True,-1.127,1.0,
seq_025,4000,camera_2,38,L3_not_top1,14,60,4,True,3.1131,2,False,,,
seq_025,4000,camera_3,34,L2_not_in_candidates,2,66,4,True,3.1131,1,False,,,
seq_025,4010,camera_1,29,L3_not_top1,12,65,67,False,-1.7372,0,False,,,
seq_025,4015,camera_5,76,L1_ghost,,,60,True,,5,False,,,4
seq_025,4020,camera_2,39,OK,10,4,4,True,3.8063,3,True,3.148,0.667,
seq_025,4025,camera_1,30,L2_not_in_candidates,14,4,68,False,-2.0639,0,False,,,
seq_025,4035,camera_3,35,L2_not_in_candidates,14,68,4,True,3.8063,2,False,,,
seq_025,4035,camera_6,32,L2_not_in_candidates,6,61,60,True,1.7268,1,False,,,
seq_025,4040,camera_6,33,L1_ghost,,,60,True,,1,False,,,
seq_025,4050,camera_1,31,L2_not_in_candidates,10,4,69,False,-2.4657,0,False,,,
seq_025,4105,camera_1,32,L4_below_threshold,7,63,70,False,-2.8432,2,False,,,
seq_025,4110,camera_1,33,L2_not_in_candidates,10,69,71,False,-3.1911,2,True,1.757,1.667,69
seq_025,4150,camera_3,36,L1_ghost,,,4,True,,2,False,,,
seq_025,4150,camera_5,77,L3_not_top1,6,60,4,True,3.8063,3,True,-0.801,4.833,
seq_025,4150,camera_5,78,OK,14,4,4,True,3.8063,3,False,,,
seq_025,4165,camera_5,79,L1_ghost,,,4,True,,2,False,,,
seq_025,4185,camera_2,40,L2_not_in_candidates,12,67,4,True,3.8063,1,False,,,
seq_025,4190,camera_2,41,OK,6,4,4,True,3.8063,1,True,-0.581,4.0,
seq_025,4215,camera_1,34,L2_not_in_candidates,6,4,72,False,-0.9046,1,False,,,
seq_025,4255,camera_5,80,L2_not_in_candidates,10,71,60,True,3.8063,4,False,,,
seq_025,4255,camera_5,81,L1_ghost,,,60,True,,4,False,,,60
seq_025,4260,camera_4,22,L2_not_in_candidates,6,72,4,True,2.7076,1,False,,,
seq_025,4265,camera_5,82,L1_ghost,,,4,True,,3,False,,,
seq_025,4310,camera_5,83,OK,12,4,4,True,3.1131,3,True,-0.148,3.833,
seq_025,4315,camera_5,84,L1_ghost,,,4,True,,4,False,,,
seq_025,4325,camera_5,85,OK,6,4,4,True,3.8063,4,True,-0.436,4.333,
seq_025,4365,camera_6,34,OK,10,60,60,True,1.8603,0,False,,,
seq_025,4385,camera_5,86,L1_ghost,,,60,True,,3,False,,,4
seq_025,4400,camera_3,37,OK,6,4,4,True,3.8063,2,True,-0.315,4.167,
seq_025,4415,camera_5,87,L1_ghost,,,60,True,,4,False,,,
seq_025,4415,camera_6,35,L1_ghost,,,73,False,,0,False,,,
seq_025,4435,camera_5,88,OK,9,4,4,True,3.8063,5,True,3.08,0.833,
seq_025,4440,camera_7,20,L2_not_in_candidates,10,60,74,False,-2.7807,0,False,,,
seq_025,4450,camera_4,23,OK,6,4,4,True,3.8063,1,True,0.847,2.333,
seq_025,4505,camera_5,89,OK,6,4,4,True,3.8063,5,True,-0.206,3.167,
seq_025,4545,camera_3,38,L2_not_in_candidates,7,70,4,True,3.8063,1,False,,,
seq_025,4595,camera_2,42,OK,7,4,4,True,3.8063,0,False,,,
seq_025,4605,camera_1,35,L2_not_in_candidates,2,4,75,False,-2.5628,0,False,,,
seq_025,4645,camera_5,90,L1_ghost,,,4,True,,2,False,,,
seq_025,4645,camera_6,36,L2_not_in_candidates,10,74,60,True,2.0145,0,False,,,
seq_025,4655,camera_6,37,L1_ghost,,,60,True,,0,False,,,
seq_025,4665,camera_4,24,OK,7,4,4,True,3.8063,1,True,-0.772,5.0,
seq_025,4675,camera_3,39,L2_not_in_candidates,2,75,4,True,3.8063,1,False,,,
seq_025,4680,camera_5,91,L1_ghost,,,4,True,,1,False,,,
seq_025,4715,camera_5,92,OK,7,4,4,True,3.8063,1,True,-0.957,0.5,
seq_025,4720,camera_2,43,OK,2,4,4,True,3.8063,1,True,0.693,2.5,
seq_025,4735,camera_2,44,OK,7,4,4,True,3.8063,1,True,-0.027,3.0,
seq_025,4745,camera_4,25,OK,6,4,4,True,2.7076,1,True,3.045,0.833,4
seq_025,4775,camera_2,45,OK,6,4,4,True,3.1131,2,True,2.504,1.167,
seq_025,4775,camera_5,93,L3_not_top1,14,4,60,True,3.1131,2,True,1.218,1.167,
seq_025,4785,camera_5,94,OK,10,60,60,True,3.1131,3,False,,,
seq_025,4810,camera_5,95,L3_not_top1,2,4,60,True,3.1131,3,True,2.107,1.167,
seq_025,4815,camera_5,96,L1_ghost,,,60,True,,3,False,,,
seq_025,4820,camera_6,38,L3_not_top1,7,4,76,False,1.5037,2,False,,,
seq_025,4860,camera_4,26,L3_not_top1,2,60,4,True,3.1131,2,False,,,
seq_025,4860,camera_6,39,L2_not_in_candidates,7,76,77,False,1.609,1,False,,,
seq_025,4870,camera_5,97,L1_ghost,,,4,True,,4,False,,,
seq_025,4870,camera_6,40,L3_not_top1,6,4,78,False,1.5037,1,False,,,
seq_025,4885,camera_7,21,L2_not_in_candidates,7,77,79,False,-2.1909,0,False,,,
seq_025,4940,camera_7,22,L2_not_in_candidates,7,79,80,False,-3.3024,1,True,2.026,0.5,79
seq_025,4950,camera_7,23,L2_not_in_candidates,6,78,81,False,-3.1915,1,False,,,79
seq_025,4990,camera_5,98,OK,12,4,4,True,3.8063,4,True,2.228,0.833,
seq_025,5010,camera_5,99,L1_ghost,,,4,True,,5,False,,,60
seq_025,5025,camera_4,27,L3_not_top1,14,60,4,True,3.8063,1,False,,,
seq_025,5050,camera_2,46,OK,14,4,4,True,3.8063,0,False,,,
seq_025,5050,camera_5,100,L1_ghost,,,4,True,,4,False,,,
seq_025,5055,camera_1,36,L2_not_in_candidates,14,4,82,False,-1.4002,0,False,,,
seq_025,5060,camera_6,41,L1_ghost,,,83,False,,1,False,,,
seq_025,5070,camera_5,101,L1_ghost,,,4,True,,4,False,,,
seq_025,5070,camera_5,102,L1_ghost,,,4,True,,4,False,,,4
seq_025,5080,camera_5,103,L1_ghost,,,4,True,,4,False,,,4
seq_025,5085,camera_7,24,L2_not_in_candidates,6,81,84,False,-1.0334,2,True,-1.48,1.333,
seq_025,5145,camera_6,42,L2_not_in_candidates,14,82,85,False,1.609,2,False,,,
seq_025,5155,camera_5,104,L2_not_in_candidates,7,80,4,True,3.8063,4,False,,,
seq_025,5190,camera_2,47,OK,7,4,4,True,3.8063,1,True,-0.401,4.333,
seq_025,5190,camera_5,105,L1_ghost,,,4,True,,5,False,,,4
seq_025,5195,camera_1,37,L2_not_in_candidates,7,4,86,False,-2.5418,1,False,,,
seq_025,5195,camera_6,43,L2_not_in_candidates,6,84,87,False,1.5037,2,False,,,
seq_025,5215,camera_6,44,L1_ghost,,,88,False,,2,False,,,
seq_025,5220,camera_3,40,L2_not_in_candidates,7,86,4,True,3.8063,0,False,,,
seq_025,5230,camera_7,25,L2_not_in_candidates,14,85,89,False,-1.2778,1,False,,,84
seq_025,5235,camera_5,106,OK,2,4,4,True,3.8063,5,True,1.601,1.667,
seq_025,5245,camera_5,107,L1_ghost,,,4,True,,5,False,,,
seq_025,5250,camera_5,108,L1_ghost,,,4,True,,5,False,,,
seq_025,5270,camera_4,28,OK,7,4,4,True,3.8063,0,False,,,
seq_025,5290,camera_4,29,OK,12,4,4,True,3.8063,1,True,2.959,0.5,
seq_025,5295,camera_2,48,OK,7,4,4,True,3.1131,1,True,1.33,2.0,
seq_025,5310,camera_1,38,L2_not_in_candidates,7,4,90,False,-2.2975,1,False,,,
seq_025,5325,camera_2,49,OK,12,4,4,True,3.1131,1,True,0.04,3.0,
seq_025,5335,camera_1,39,L2_not_in_candidates,12,4,91,False,-2.6601,1,False,,,
seq_025,5335,camera_5,109,L2_not_in_candidates,10,60,4,True,3.1131,5,True,0.402,2.667,4
seq_025,5340,camera_4,30,OK,9,4,4,True,3.1131,2,True,2.476,1.167,
seq_025,5345,camera_5,110,L1_ghost,,,4,True,,3,False,,,
seq_025,5365,camera_5,111,L3_not_top1,6,87,4,True,3.1131,7,False,,,
seq_025,5380,camera_3,41,L2_not_in_candidates,12,91,4,True,2.7076,1,False,,,
seq_025,5410,camera_1,40,L2_not_in_candidates,6,4,92,False,-1.2865,2,False,,,91
seq_025,5410,camera_3,42,L1_ghost,,,4,True,,1,False,,,
seq_025,5410,camera_5,112,L3_not_top1,10,4,87,True,3.8063,5,True,2.101,0.667,
seq_025,5415,camera_2,50,L2_not_in_candidates,6,92,4,True,2.7076,0,False,,,
seq_025,5425,camera_5,113,L1_ghost,,,87,True,,6,False,,,4
seq_025,5440,camera_4,31,OK,12,4,4,True,2.7076,1,True,-0.508,4.5,
seq_025,5440,camera_4,32,OK,6,4,4,True,2.7076,1,True,-0.53,4.5,
seq_025,5440,camera_5,114,L1_ghost,,,87,True,,6,False,,,4
seq_025,5450,camera_1,41,L2_not_in_candidates,7,90,93,False,-1.9435,3,True,-0.065,3.667,92
seq_025,5450,camera_2,51,OK,9,4,4,True,2.42,2,True,3.319,0.667,4
seq_025,5470,camera_2,52,L1_ghost,,,4,True,,2,False,,,4
seq_025,5480,camera_6,45,L2_not_in_candidates,14,89,94,False,1.3213,0,False,,,
seq_025,5485,camera_6,46,L1_ghost,,,95,False,,0,False,,,
seq_025,5515,camera_1,42,L2_not_in_candidates,9,4,96,False,-1.1062,3,False,,,93
seq_025,5515,camera_1,43,L2_not_in_candidates,7,93,97,False,-1.075,3,True,2.494,1.167,93
seq_025,5535,camera_5,115,L2_not_in_candidates,10,87,95,True,3.1131,3,True,2.303,1.167,4
seq_025,5540,camera_3,43,L2_not_in_candidates,9,96,4,True,2.7076,1,False,,,
seq_025,5545,camera_3,44,OK,9,4,4,True,2.7076,1,True,-0.476,4.333,
seq_025,5545,camera_4,33,OK,2,4,4,True,2.1968,2,True,0.889,2.333,
seq_025,5550,camera_5,116,L1_ghost,,,95,True,,2,False,,,4
seq_025,5610,camera_5,117,L3_not_top1,14,94,95,True,3.1131,4,False,,,
seq_025,5620,camera_5,118,L1_ghost,,,95,True,,4,False,,,
seq_025,5630,camera_4,34,OK,2,4,4,True,3.1131,0,False,,,
seq_025,5675,camera_5,119,L3_not_top1,12,4,94,True,3.8063,3,True,1.887,0.167,
seq_025,5700,camera_4,35,OK,6,4,4,True,3.1131,0,False,,,
seq_025,5720,camera_3,45,OK,2,4,4,True,3.8063,3,True,-0.034,3.5,
seq_025,5720,camera_5,120,L2_not_in_candidates,7,97,94,True,3.8063,3,False,,,
seq_025,5735,camera_2,53,OK,2,4,4,True,2.42,0,False,,,
seq_025,5745,camera_1,44,L2_not_in_candidates,2,4,98,False,-1.1798,1,False,,,97
seq_025,5755,camera_5,121,L2_not_in_candidates,2,98,4,True,3.1131,5,False,,,4
seq_025,5770,camera_4,36,L3_not_top1,7,94,4,True,3.1131,3,False,,,4
seq_025,5800,camera_5,122,L1_ghost,,,4,True,,6,False,,,
seq_025,5810,camera_6,47,L4_below_threshold,10,95,99,False,1.3213,0,False,,,
seq_025,5840,camera_2,54,OK,7,4,4,True,3.1131,1,True,4.599,0.167,4
seq_025,5870,camera_3,46,OK,2,4,4,True,2.7076,2,True,1.236,2.0,
seq_025,5890,camera_2,55,OK,7,4,4,True,2.7076,2,True,1.194,1.333,
seq_025,5890,camera_6,48,L1_ghost,,,100,False,,0,False,,,
seq_025,5900,camera_5,123,L1_ghost,,,100,True,,6,False,,,
seq_025,5900,camera_7,26,L2_not_in_candidates,10,99,101,False,-2.5846,0,False,,,
seq_025,5905,camera_1,45,L2_not_in_candidates,7,4,102,False,-1.1046,0,False,,,
seq_025,5910,camera_3,47,L3_not_top1,14,95,4,True,2.7076,2,False,,,
seq_025,5945,camera_1,46,L1_ghost,,,103,False,,0,False,,,
seq_025,5945,camera_4,37,OK,6,4,4,True,2.42,1,True,0.318,2.833,
seq_025,5955,camera_6,49,L3_not_top1,12,94,104,False,1.609,2,False,,,
seq_025,5960,camera_5,124,L1_ghost,,,4,True,,5,False,,,
seq_025,5970,camera_5,125,L2_not_in_candidates,7,102,4,True,3.1131,5,False,,,
seq_025,5995,camera_1,47,L2_not_in_candidates,2,4,105,False,-2.6543,2,False,,,102
seq_025,5995,camera_5,126,OK,14,4,4,True,3.1131,6,True,1.076,0.667,
seq_025,5995,camera_5,127,L1_ghost,,,4,True,,6,False,,,4
seq_025,5995,camera_6,50,L1_ghost,,,106,False,,2,False,,,
seq_025,6020,camera_4,38,OK,6,4,4,True,3.1131,1,True,1.544,1.833,
seq_025,6030,camera_7,27,L2_not_in_candidates,12,104,107,False,-2.6305,0,False,,,
seq_025,6060,camera_5,128,L1_ghost,,,4,True,,6,False,,,4
seq_025,6065,camera_1,48,L2_not_in_candidates,6,4,108,False,-2.5418,3,False,,,
seq_025,6075,camera_3,48,OK,9,4,4,True,3.1131,0,False,,,
seq_025,6090,camera_2,56,L2_not_in_candidates,2,105,4,True,3.1131,3,False,,,4
seq_025,6125,camera_5,129,L1_ghost,,,4,True,,5,False,,,
seq_025,6135,camera_1,49,L2_not_in_candidates,9,4,109,False,-0.8686,2,False,,,98
seq_025,6160,camera_6,51,L2_not_in_candidates,6,108,110,False,1.609,2,False,,,
seq_025,6165,camera_3,49,OK,7,4,4,True,3.8063,1,True,0.309,0.667,
seq_025,6170,camera_1,50,L2_not_in_candidates,7,4,111,False,-1.4504,3,False,,,
seq_025,6185,camera_3,50,L2_not_in_candidates,9,109,4,True,3.8063,1,False,,,
seq_025,6190,camera_5,130,L1_ghost,,,4,True,,4,False,,,4
seq_025,6215,camera_1,51,L2_not_in_candidates,14,4,112,False,-2.1853,4,False,,,
seq_025,6215,camera_1,52,L2_not_in_candidates,9,4,113,False,-2.2268,4,False,,,
seq_025,6245,camera_4,39,L2_not_in_candidates,14,112,4,True,2.7076,0,False,,,
seq_025,6260,camera_7,28,L1_ghost,,,114,False,,0,False,,,
seq_025,6265,camera_6,52,L1_ghost,,,4,True,,0,False,,,
seq_025,6275,camera_2,57,OK,14,4,4,True,3.8063,1,True,-1.092,5.0,
seq_025,6290,camera_6,53,L2_not_in_candidates,12,107,4,True,2.1968,0,False,,,
seq_025,6325,camera_1,53,L2_not_in_candidates,7,111,115,False,-1.1621,1,True,-0.769,5.0,
seq_025,6335,camera_2,58,L2_not_in_candidates,9,113,4,True,3.8063,0,False,,,
seq_025,6340,camera_1,54,L1_ghost,,,116,False,,1,False,,,
seq_025,6395,camera_1,55,L1_ghost,,,117,False,,2,False,,,
seq_025,6400,camera_5,131,OK,2,4,4,True,3.8063,1,True,0.184,3.167,
seq_025,6420,camera_5,132,L3_not_top1,9,4,110,True,2.7076,1,True,-0.149,3.833,
seq_025,6440,camera_5,133,L3_not_top1,12,4,110,True,2.7076,1,True,-0.639,4.5,
seq_025,6455,camera_4,40,L2_not_in_candidates,7,115,4,True,2.7076,0,False,,,
seq_025,6455,camera_5,134,L1_ghost,,,4,True,,1,False,,,
seq_025,6465,camera_5,135,OK,7,4,4,True,3.8063,0,False,,,
seq_025,6490,camera_6,54,OK,6,110,110,True,2.1968,1,False,,,
seq_025,6500,camera_6,55,L1_ghost,,,110,True,,1,False,,,
seq_025,6505,camera_2,59,OK,2,4,4,True,3.8063,3,True,2.915,0.5,
seq_025,6505,camera_5,136,L1_ghost,,,4,True,,0,False,,,
seq_025,6520,camera_4,41,OK,2,4,4,True,2.7076,1,True,1.53,1.833,
seq_025,6560,camera_4,42,L3_not_top1,12,110,4,True,3.1131,1,False,,,
seq_025,6595,camera_5,137,L3_not_top1,6,110,4,True,3.8063,2,True,1.933,1.333,
seq_025,6600,camera_6,56,OK,9,110,110,True,1.8603,2,True,1.384,1.333,
seq_025,6605,camera_3,51,OK,2,4,4,True,2.7076,0,False,,,
seq_025,6605,camera_5,138,L1_ghost,,,4,True,,2,False,,,
seq_025,6610,camera_5,139,L1_ghost,,,4,True,,2,False,,,
seq_025,6610,camera_5,140,L1_ghost,,,4,True,,2,False,,,
seq_025,6620,camera_2,60,OK,2,4,4,True,3.1131,3,True,0.352,2.667,
seq_025,6625,camera_6,57,L1_ghost,,,118,False,,2,False,,,
seq_025,6635,camera_1,56,L2_not_in_candidates,6,4,119,False,-1.569,2,False,,,
seq_025,6640,camera_1,57,L2_not_in_candidates,2,4,120,False,-1.6686,2,False,,,
seq_025,6640,camera_6,58,L1_ghost,,,121,False,,1,False,,,
seq_025,6660,camera_5,141,L1_ghost,,,4,True,,7,False,,,4
seq_025,6660,camera_7,29,L2_not_in_candidates,10,101,122,False,-1.0006,0,False,,,
seq_025,6665,camera_1,58,L2_not_in_candidates,14,4,123,False,-2.0799,3,False,,,119
seq_025,6680,camera_2,61,L2_not_in_candidates,14,123,4,True,3.1131,1,False,,,
seq_025,6685,camera_3,52,L1_ghost,,,4,True,,0,False,,,
seq_025,6685,camera_5,142,OK,7,4,4,True,3.1131,6,True,2.24,1.333,
seq_025,6685,camera_5,143,L1_ghost,,,4,True,,6,False,,,4
seq_025,6705,camera_4,43,L2_not_in_candidates,6,119,4,True,2.7076,2,False,,,
seq_025,6720,camera_5,144,L2_not_in_candidates,2,120,4,True,2.7076,6,False,,,
seq_025,6740,camera_5,145,L1_ghost,,,4,True,,7,False,,,
seq_025,6770,camera_5,146,L1_ghost,,,4,True,,10,False,,,110
seq_025,6780,camera_5,147,OK,14,4,4,True,3.8063,10,True,2.555,0.667,
seq_025,6815,camera_6,59,L3_not_top1,2,4,124,False,1.4084,0,False,,,
seq_025,6830,camera_4,44,OK,14,4,4,True,2.7076,1,True,-0.014,2.0,
seq_025,6845,camera_3,53,OK,6,4,4,True,3.1131,2,True,-0.373,3.167,
seq_025,6855,camera_6,60,L1_ghost,,,125,False,,0,False,,,
seq_025,6860,camera_5,148,L1_ghost,,,125,True,,6,False,,,
seq_025,6880,camera_7,30,L2_not_in_candidates,2,124,126,False,-2.5846,1,False,,,
seq_025,6895,camera_2,62,OK,7,4,4,True,3.1131,1,True,0.548,2.667,
seq_025,6900,camera_1,59,L2_not_in_candidates,6,4,127,False,-1.3188,1,False,,,
seq_025,6915,camera_4,45,L2_not_in_candidates,6,127,4,True,3.8063,2,False,,,
seq_025,6925,camera_7,31,L1_ghost,,,128,False,,1,False,,,
seq_025,6950,camera_2,63,OK,6,4,4,True,3.8063,1,True,-0.66,4.5,
seq_025,6950,camera_3,54,OK,7,4,4,True,3.1131,0,False,,,
seq_025,6955,camera_5,149,L1_ghost,,,125,True,,4,False,,,
seq_025,6975,camera_6,61,L2_not_in_candidates,2,126,125,True,2.0145,2,False,,,
seq_025,6980,camera_1,60,L2_not_in_candidates,7,4,129,False,-1.0892,0,False,,,
seq_025,6985,camera_2,64,L2_not_in_candidates,7,129,4,True,3.1131,0,False,,,
seq_025,7005,camera_5,150,L1_ghost,,,4,True,,3,False,,,
seq_025,7005,camera_7,32,L2_not_in_candidates,2,125,130,False,-2.6072,2,False,,,
seq_025,7010,camera_5,151,OK,12,4,4,True,3.1131,3,True,-0.497,3.667,
seq_025,7025,camera_5,152,L1_ghost,,,4,True,,3,False,,,
seq_025,7060,camera_2,65,OK,7,4,4,True,3.1131,1,True,2.217,0.667,
seq_025,7060,camera_3,55,L1_ghost,,,4,True,,0,False,,,
seq_025,7090,camera_5,153,L1_ghost,,,125,True,,1,False,,,
seq_025,7110,camera_5,154,L1_ghost,,,125,True,,1,False,,,4
seq_025,7140,camera_3,56,OK,7,4,4,True,2.42,2,True,2.3,0.833,
seq_025,7140,camera_5,155,L3_not_top1,6,4,125,True,3.8063,1,True,0.442,2.0,
seq_025,7155,camera_5,156,L3_not_top1,14,4,125,True,3.8063,3,True,2.733,0.167,
seq_025,7180,camera_5,157,L1_ghost,,,125,True,,2,False,,,
seq_025,7185,camera_4,46,L3_not_top1,6,125,4,True,2.42,0,False,,,
seq_025,7255,camera_5,158,L1_ghost,,,4,True,,3,False,,,
seq_025,7265,camera_4,47,OK,12,4,4,True,3.1131,1,True,0.915,2.333,
seq_025,7275,camera_7,33,L3_not_top1,9,110,131,False,-2.7086,0,False,,,
seq_025,7295,camera_2,66,OK,12,4,4,True,3.1131,2,True,0.032,1.0,
seq_025,7300,camera_1,61,L2_not_in_candidates,14,125,132,False,-3.0798,1,False,,,
seq_025,7330,camera_6,62,L2_not_in_candidates,9,131,133,False,1.609,0,False,,,
seq_025,7335,camera_6,63,L1_ghost,,,134,False,,0,False,,,
seq_025,7340,camera_4,48,L2_not_in_candidates,14,132,4,True,3.1131,2,False,,,
seq_025,7370,camera_2,67,OK,14,4,4,True,3.1131,2,True,0.924,2.333,
seq_025,7370,camera_6,64,L2_not_in_candidates,2,130,125,True,1.7268,0,False,,,
seq_025,7385,camera_5,159,L1_ghost,,,4,True,,5,False,,,4
seq_025,7400,camera_1,62,L2_not_in_candidates,7,4,135,False,-3.6325,2,False,,,
seq_025,7405,camera_6,65,L3_not_top1,12,4,136,False,1.609,1,False,,,134
seq_025,7455,camera_3,57,L2_not_in_candidates,7,135,4,True,3.8063,0,False,,,
seq_025,7455,camera_6,66,L2_not_in_candidates,10,122,125,True,1.7268,2,False,,,
seq_025,7460,camera_5,160,L3_not_top1,9,133,4,True,3.8063,6,False,,,
seq_025,7465,camera_6,67,L3_not_top1,14,4,125,True,1.7268,2,False,,,
seq_025,7485,camera_5,161,L3_not_top1,2,125,4,True,3.8063,5,True,1.322,2.0,
seq_025,7495,camera_7,34,L2_not_in_candidates,12,136,137,False,-0.9857,2,False,,,122
seq_025,7505,camera_2,68,OK,7,4,4,True,3.8063,1,True,-0.729,4.167,
seq_025,7505,camera_2,69,OK,2,4,4,True,3.8063,1,True,-0.318,4.167,
seq_025,7525,camera_1,63,L2_not_in_candidates,2,4,138,False,-2.5628,1,False,,,
seq_025,7530,camera_4,49,OK,9,4,4,True,3.8063,0,False,,,
seq_025,7555,camera_5,162,OK,6,4,4,True,3.8063,3,True,-1.166,1.0,
seq_025,7555,camera_7,35,L2_not_in_candidates,14,125,139,False,-1.462,2,False,,,137
seq_025,7560,camera_1,64,L1_ghost,,,140,False,,0,False,,,
seq_025,7570,camera_3,58,L2_not_in_candidates,2,138,4,True,3.8063,1,False,,,
seq_025,7575,camera_2,70,OK,7,4,4,True,3.8063,1,True,3.5,0.5,
seq_025,7605,camera_5,163,L3_not_top1,10,125,4,True,3.8063,1,False,,,
seq_025,7610,camera_2,71,OK,2,4,4,True,3.8063,3,True,4.182,0.333,4
seq_025,7610,camera_6,68,L1_ghost,,,4,True,,3,False,,,125
seq_025,7650,camera_3,59,OK,10,4,4,True,3.8063,1,True,0.231,3.0,
seq_025,7650,camera_7,36,L1_ghost,,,141,False,,1,False,,,
seq_025,7655,camera_7,37,L2_not_in_candidates,12,137,142,False,-1.3189,1,True,-0.63,4.667,
seq_025,7660,camera_2,72,OK,10,4,4,True,3.8063,4,True,0.925,2.333,
seq_025,7665,camera_1,65,L2_not_in_candidates,10,4,143,False,-2.729,2,False,,,
seq_025,7675,camera_5,164,L1_ghost,,,4,True,,3,False,,,
seq_025,7675,camera_6,69,OK,7,4,4,True,1.8603,4,True,1.116,0.667,
seq_025,7680,camera_2,73,OK,9,4,4,True,3.8063,4,True,1.065,2.167,
seq_025,7695,camera_3,60,OK,9,4,4,True,3.8063,2,True,-0.493,4.5,
seq_025,7715,camera_1,66,L2_not_in_candidates,9,4,144,False,-2.5628,2,False,,,
seq_025,7720,camera_5,165,L1_ghost,,,4,True,,3,False,,,4
seq_025,7735,camera_7,38,L2_not_in_candidates,7,4,145,False,-1.815,2,False,,,
seq_025,7775,camera_4,50,OK,6,4,4,True,3.1131,1,True,-0.143,3.667,
seq_025,7795,camera_5,166,L2_not_in_candidates,12,142,4,True,3.1131,3,False,,,
seq_025,7800,camera_2,74,OK,6,4,4,True,3.1131,0,False,,,
seq_025,7810,camera_3,61,OK,2,4,4,True,3.1131,1,True,-0.537,4.5,
seq_025,7825,camera_1,67,L2_not_in_candidates,2,4,146,False,-2.3432,1,False,,,
seq_025,7845,camera_6,70,L1_ghost,,,4,True,,2,False,,,
seq_025,7860,camera_2,75,OK,6,4,4,True,3.8063,1,True,2.342,1.167,
seq_025,7865,camera_5,167,L1_ghost,,,4,True,,1,False,,,
seq_025,7865,camera_7,39,L2_not_in_candidates,7,145,147,False,-3.1015,2,True,2.342,1.167,145
seq_025,7870,camera_1,68,L2_not_in_candidates,12,4,148,False,-2.7807,3,False,,,144
seq_025,7900,camera_2,76,L2_not_in_candidates,2,146,4,True,3.8063,1,False,,,
seq_025,7900,camera_4,51,L2_not_in_candidates,12,148,4,True,2.7076,1,False,,,
seq_025,7910,camera_1,69,L4_below_threshold,10,143,149,False,-0.9023,3,False,,,138
seq_025,7965,camera_5,168,L2_not_in_candidates,14,139,4,True,3.8063,2,False,,,
seq_025,7980,camera_3,62,OK,12,4,4,True,3.8063,0,False,,,
seq_025,8005,camera_2,77,OK,12,4,4,True,3.8063,2,True,1.452,1.667,
seq_025,8005,camera_6,71,L2_not_in_candidates,7,147,4,True,2.0145,2,False,,,
seq_025,8010,camera_6,72,L1_ghost,,,4,True,,2,False,,,
seq_025,8020,camera_1,70,L2_not_in_candidates,14,4,150,False,-1.2091,2,False,,,
seq_025,8025,camera_2,78,L2_not_in_candidates,14,150,4,True,3.8063,2,False,,,
seq_025,8040,camera_5,169,L1_ghost,,,4,True,,3,False,,,
seq_025,8045,camera_6,73,OK,6,4,4,True,1.8603,2,True,1.514,1.0,
seq_025,8060,camera_2,79,L1_ghost,,,4,True,,2,False,,,
seq_025,8065,camera_6,74,L1_ghost,,,4,True,,2,False,,,4
seq_025,8070,camera_2,80,L1_ghost,,,4,True,,3,False,,,4
seq_025,8070,camera_2,81,OK,14,4,4,True,3.8063,3,True,0.499,0.333,
seq_025,8070,camera_5,170,L2_not_in_candidates,10,149,4,True,3.8063,1,False,,,
seq_025,8080,camera_1,71,L3_not_top1,9,144,151,False,-1.5458,0,False,,,
seq_026,0,camera_1,0,L0_first,14,,1,False,,0,False,,,
seq_026,0,camera_1,1,L1_ghost,,,2,False,,0,False,,,
seq_026,0,camera_2,0,L0_first,6,,3,False,,0,False,,,
seq_026,0,camera_2,1,L0_first,10,,4,False,,0,False,,,
seq_026,0,camera_2,2,L0_first,5,,5,False,,0,False,,,
seq_026,0,camera_2,3,L1_ghost,,,6,False,,0,False,,,
seq_026,0,camera_2,4,L1_ghost,,,7,False,,0,False,,,
seq_026,0,camera_3,0,L3_not_top1,6,3,7,True,2.1968,0,False,,,
seq_026,0,camera_3,1,L3_not_top1,5,5,7,True,2.1968,0,False,,,
seq_026,0,camera_3,2,L0_first,3,,7,True,2.1968,0,False,,,
seq_026,0,camera_3,3,L0_first,2,,7,True,2.1968,0,False,,,
seq_026,15,camera_3,4,L3_not_top1,10,4,7,True,2.1968,0,False,,,
seq_026,20,camera_3,5,L1_ghost,,,7,True,,0,False,,,
seq_026,20,camera_3,6,OK,2,7,7,True,2.1968,0,False,,,
seq_026,45,camera_2,5,OK,2,7,7,True,1.8603,0,False,,,
seq_026,75,camera_1,2,L2_not_in_candidates,2,7,8,False,,0,False,,,
seq_026,90,camera_2,6,L1_ghost,,,7,True,,1,False,,,
seq_026,90,camera_2,7,L0_first,11,,7,True,1.8603,1,False,,,
seq_026,125,camera_1,3,L1_ghost,,,9,False,,0,False,,,
seq_026,190,camera_3,7,OK,10,7,7,True,1.7268,2,True,4.147,0.333,7
seq_026,195,camera_1,4,L0_first,1,,10,False,,1,False,,,
seq_026,195,camera_2,8,OK,11,7,7,True,1.7268,3,True,0.876,2.167,
seq_026,200,camera_2,9,OK,11,7,7,True,1.7268,3,True,0.807,2.333,
seq_026,275,camera_3,8,L2_not_in_candidates,2,8,7,True,1.7268,2,False,,,7
seq_026,300,camera_3,9,L1_ghost,,,7,True,,2,False,,,
seq_026,310,camera_1,5,L2_not_in_candidates,10,7,11,False,-2.9418,0,False,,,
seq_026,415,camera_5,0,L2_not_in_candidates,10,11,7,True,2.0145,0,False,,,
seq_026,430,camera_2,10,L1_ghost,,,7,True,,2,False,,,7
seq_026,455,camera_3,10,OK,2,7,7,True,3.8063,2,True,0.735,2.5,
seq_026,515,camera_1,6,L2_not_in_candidates,2,7,12,False,-1.254,2,False,,,
seq_026,515,camera_2,11,L2_not_in_candidates,2,12,7,True,3.8063,2,False,,,
seq_026,545,camera_2,12,L1_ghost,,,7,True,,2,False,,,
seq_026,555,camera_6,0,OK,10,7,7,True,3.8063,0,False,,,
seq_026,580,camera_1,7,L2_not_in_candidates,11,7,13,False,-2.3692,1,False,,,
seq_026,665,camera_6,1,L1_ghost,,,14,False,,0,False,,,
seq_026,685,camera_5,1,L2_not_in_candidates,11,13,14,True,3.1131,0,False,,,
seq_026,695,camera_5,2,L1_ghost,,,14,True,,0,False,,,
seq_026,730,camera_6,2,L1_ghost,,,14,True,,1,False,,,14
seq_026,745,camera_4,0,L3_not_top1,2,7,14,True,3.1131,0,False,,,
seq_026,835,camera_6,3,OK,11,14,14,True,3.1131,1,True,-1.917,5.0,
seq_026,900,camera_3,11,L2_not_in_candidates,14,1,14,True,3.8063,0,False,,,
seq_026,940,camera_2,13,OK,14,14,14,True,3.8063,1,False,,,
seq_026,945,camera_2,14,OK,2,14,14,True,3.8063,1,False,,,
seq_026,945,camera_3,12,OK,2,14,14,True,3.8063,1,False,,,
seq_026,990,camera_1,8,L2_not_in_candidates,2,14,15,False,-2.2615,0,False,,,
seq_026,990,camera_5,3,L3_not_top1,10,7,14,True,3.8063,0,False,,,
seq_026,1000,camera_3,13,L1_ghost,,,14,True,,1,False,,,
seq_026,1020,camera_2,15,L2_not_in_candidates,2,15,14,True,3.8063,0,False,,,
seq_026,1030,camera_3,14,L0_first,9,,14,True,3.8063,2,False,,,
seq_026,1050,camera_5,4,OK,11,14,14,True,3.8063,0,False,,,
seq_026,1060,camera_5,5,OK,14,14,14,True,3.8063,0,False,,,
seq_026,1065,camera_5,6,L1_ghost,,,14,True,,0,False,,,
seq_026,1080,camera_3,15,L1_ghost,,,14,True,,2,False,,,
seq_026,1090,camera_1,9,L2_not_in_candidates,9,14,16,False,-3.7157,1,False,,,1
seq_026,1090,camera_2,16,L2_not_in_candidates,9,16,14,True,3.8063,2,False,,,
seq_026,1095,camera_5,7,L1_ghost,,,14,True,,1,False,,,14
seq_026,1100,camera_4,1,OK,10,14,14,True,2.1968,0,False,,,
seq_026,1130,camera_5,8,OK,2,14,14,True,3.8063,4,True,3.257,0.5,
seq_026,1155,camera_4,2,OK,11,14,14,True,2.0145,0,False,,,
seq_026,1160,camera_5,9,L1_ghost,,,14,True,,4,False,,,
seq_026,1160,camera_6,4,OK,14,14,14,True,1.8603,0,False,,,
seq_026,1190,camera_4,3,OK,2,14,14,True,2.0145,1,True,3.709,0.5,14
seq_026,1200,camera_5,10,L1_ghost,,,14,True,,4,False,,,
seq_026,1220,camera_5,11,OK,9,14,14,True,3.8063,6,True,2.165,0.167,
seq_026,1230,camera_6,5,L1_ghost,,,17,False,,0,False,,,
seq_026,1265,camera_5,12,L1_ghost,,,17,True,,5,False,,,14
seq_026,1330,camera_5,13,L1_ghost,,,17,True,,3,False,,,
seq_026,1345,camera_6,6,L3_not_top1,9,14,17,True,1.7268,0,False,,,
seq_026,1395,camera_6,7,L1_ghost,,,17,True,,2,False,,,17
seq_026,1415,camera_5,14,L1_ghost,,,14,True,,3,False,,,
seq_026,1425,camera_5,15,OK,14,14,14,True,3.8063,3,True,-0.483,4.5,
seq_026,1435,camera_1,10,L2_not_in_candidates,3,7,18,False,-1.74,0,False,,,
seq_026,1435,camera_2,17,L2_not_in_candidates,3,18,14,True,3.8063,0,False,,,
seq_026,1450,camera_5,16,OK,3,14,14,True,3.8063,2,True,-0.307,3.667,
seq_026,1470,camera_5,17,L1_ghost,,,14,True,,3,False,,,
seq_026,1485,camera_2,18,OK,14,14,14,True,3.8063,0,False,,,
seq_026,1500,camera_5,18,L3_not_top1,9,17,14,True,3.8063,3,True,-1.7,4.833,
seq_026,1515,camera_4,4,OK,14,14,14,True,2.42,0,False,,,
seq_026,1530,camera_4,5,OK,14,14,14,True,2.42,1,True,3.66,0.5,14
seq_026,1565,camera_2,19,OK,10,14,14,True,2.7076,1,True,1.124,2.167,
seq_026,1565,camera_3,16,L2_not_in_candidates,5,7,14,True,2.7076,2,True,2.089,0.333,
seq_026,1565,camera_5,19,L3_not_top1,14,14,17,True,3.1131,4,True,4.013,0.333,14
seq_026,1565,camera_5,20,L1_ghost,,,17,True,,4,False,,,
seq_026,1565,camera_5,21,L3_not_top1,10,14,17,True,3.1131,4,True,0.863,1.5,
seq_026,1575,camera_2,20,L1_ghost,,,14,True,,1,False,,,
seq_026,1585,camera_2,21,L3_not_top1,10,17,14,True,2.7076,2,False,,,
seq_026,1615,camera_3,17,OK,9,14,14,True,2.7076,2,True,-0.254,4.0,
seq_026,1650,camera_4,6,OK,3,14,14,True,2.42,3,True,-0.149,3.833,
seq_026,1660,camera_3,18,L1_ghost,,,14,True,,2,False,,,14
seq_026,1660,camera_5,22,L1_ghost,,,14,True,,6,False,,,17
seq_026,1675,camera_5,23,L1_ghost,,,14,True,,5,False,,,
seq_026,1685,camera_5,24,L1_ghost,,,14,True,,5,False,,,
seq_026,1710,camera_5,25,L1_ghost,,,14,True,,4,False,,,
seq_026,1725,camera_3,19,L1_ghost,,,14,True,,3,False,,,
seq_026,1735,camera_3,20,L1_ghost,,,14,True,,3,False,,,14
seq_026,1735,camera_5,26,L1_ghost,,,14,True,,3,False,,,14
seq_026,1745,camera_1,11,L2_not_in_candidates,3,14,19,False,-7.443,1,False,,,
seq_026,1770,camera_3,21,OK,9,14,14,True,3.8063,5,True,2.074,1.167,
seq_026,1795,camera_5,27,OK,11,14,14,True,3.8063,3,True,0.449,2.667,
seq_026,1805,camera_1,12,L2_not_in_candidates,9,14,20,False,-0.9178,1,False,,,
seq_026,1805,camera_2,22,L2_not_in_candidates,9,20,14,True,3.8063,1,False,,,
seq_026,1860,camera_5,28,OK,9,14,14,True,2.42,4,True,1.626,1.667,
seq_026,1865,camera_6,8,L2_not_in_candidates,3,19,21,False,1.3213,0,False,,,
seq_026,1870,camera_5,29,L1_ghost,,,21,True,,3,False,,,17
seq_026,1890,camera_5,30,L1_ghost,,,21,True,,5,False,,,14
seq_026,1895,camera_4,7,OK,10,14,14,True,2.42,0,False,,,
seq_026,1895,camera_5,31,L1_ghost,,,21,True,,5,False,,,
seq_026,1940,camera_2,23,OK,5,14,14,True,3.8063,1,True,0.487,2.333,
seq_026,1945,camera_6,9,L3_not_top1,9,14,22,False,1.2413,0,False,,,
seq_026,1950,camera_5,32,OK,2,14,14,True,3.8063,8,True,1.113,1.667,
seq_026,1955,camera_5,33,L1_ghost,,,14,True,,8,False,,,14
seq_026,1980,camera_6,10,L1_ghost,,,23,False,,0,False,,,
seq_026,1990,camera_6,11,L1_ghost,,,24,False,,0,False,,,
seq_026,1995,camera_5,34,L2_not_in_candidates,14,17,14,True,3.8063,10,True,1.994,0.667,
seq_026,2010,camera_4,8,OK,11,14,14,True,2.42,1,True,0.1,3.333,
seq_026,2050,camera_6,12,L1_ghost,,,25,False,,0,False,,,
seq_026,2065,camera_3,22,L1_ghost,,,14,True,,1,False,,,
seq_026,2110,camera_7,0,L2_not_in_candidates,9,22,26,False,-2.9692,0,False,,,
seq_026,2115,camera_5,35,L1_ghost,,,14,True,,2,False,,,
seq_026,2135,camera_2,24,L1_ghost,,,14,True,,0,False,,,
seq_026,2175,camera_5,36,L1_ghost,,,14,True,,1,False,,,
seq_026,2200,camera_5,37,L1_ghost,,,14,True,,2,False,,,
seq_026,2215,camera_2,25,L1_ghost,,,14,True,,0,False,,,
seq_026,2250,camera_5,38,L1_ghost,,,14,True,,3,False,,,14
seq_026,2260,camera_5,39,L3_not_top1,3,21,14,True,3.8063,3,True,-2.765,1.833,
seq_026,2300,camera_4,9,OK,2,14,14,True,2.7076,0,False,,,
seq_026,2305,camera_5,40,L3_not_top1,10,14,21,True,3.8063,6,True,2.501,0.667,
seq_026,2310,camera_3,23,OK,5,14,14,True,3.1131,1,True,-0.391,3.667,
seq_026,2345,camera_2,26,OK,3,14,14,True,3.1131,0,False,,,
seq_026,2350,camera_1,13,L2_not_in_candidates,3,14,27,False,-2.9145,0,False,,,
seq_026,2365,camera_4,10,OK,14,14,14,True,2.7076,0,False,,,
seq_026,2375,camera_5,41,L1_ghost,,,14,True,,6,False,,,14
seq_026,2405,camera_3,24,L2_not_in_candidates,3,27,14,True,2.7076,1,False,,,
seq_026,2410,camera_4,11,OK,2,14,14,True,2.42,1,True,-1.934,0.167,
seq_026,2435,camera_1,14,L1_ghost,,,28,False,,0,False,,,
seq_026,2440,camera_2,27,OK,14,14,14,True,2.42,2,True,0.052,1.167,
seq_026,2480,camera_7,1,L4_below_threshold,9,26,29,False,-1.6531,0,False,,,
seq_026,2485,camera_5,42,OK,3,14,14,True,2.7076,3,True,-0.41,3.5,
seq_026,2510,camera_3,25,OK,14,14,14,True,2.42,0,False,,,
seq_026,2540,camera_5,43,L2_not_in_candidates,10,21,14,True,2.42,1,False,,,
seq_026,2565,camera_5,44,L1_ghost,,,14,True,,2,False,,,14
seq_026,2575,camera_5,45,OK,10,14,14,True,2.7076,1,True,2.691,0.667,
seq_026,2595,camera_3,26,OK,11,14,14,True,2.7076,0,False,,,
seq_026,2630,camera_4,12,OK,2,14,14,True,2.42,1,True,-1.206,4.333,
seq_026,2650,camera_1,15,L2_not_in_candidates,3,14,30,False,-2.9692,2,False,,,
seq_026,2655,camera_2,28,OK,10,14,14,True,2.7076,1,True,-0.306,3.333,
seq_026,2660,camera_1,16,L2_not_in_candidates,10,14,31,False,-3.0243,2,False,,,
seq_026,2660,camera_5,46,L1_ghost,,,14,True,,2,False,,,
seq_026,2710,camera_2,29,L2_not_in_candidates,10,31,14,True,3.1131,0,False,,,
seq_026,2710,camera_3,27,OK,14,14,14,True,3.1131,1,True,0.549,2.667,
seq_026,2735,camera_4,13,OK,11,14,14,True,2.1968,2,True,-0.714,3.5,
seq_026,2760,camera_4,14,OK,14,14,14,True,2.1968,2,True,-0.974,3.667,
seq_026,2780,camera_3,28,L1_ghost,,,14,True,,4,False,,,
seq_026,2780,camera_4,15,OK,2,14,14,True,2.1968,2,True,-0.446,4.333,
seq_026,2795,camera_2,30,L1_ghost,,,14,True,,2,False,,,
seq_026,2795,camera_3,29,L1_ghost,,,14,True,,3,False,,,14
seq_026,2815,camera_1,17,L2_not_in_candidates,11,14,32,False,-2.3011,0,False,,,
seq_026,2820,camera_4,16,L0_first,7,,21,True,2.0145,1,False,,,14
seq_026,2830,camera_2,31,L1_ghost,,,21,True,,1,False,,,
seq_026,2840,camera_2,32,L3_not_top1,14,14,21,True,2.42,2,True,-0.161,2.667,
seq_026,2855,camera_6,13,L2_not_in_candidates,9,29,21,True,2.1968,0,False,,,
seq_026,2865,camera_5,47,L1_ghost,,,21,True,,1,False,,,
seq_026,2870,camera_6,14,L1_ghost,,,21,True,,0,False,,,
seq_026,2890,camera_5,48,OK,14,21,21,True,3.1131,3,True,3.019,0.667,
seq_026,2935,camera_1,18,L2_not_in_candidates,14,21,33,False,-4.4271,2,False,,,
seq_026,2935,camera_6,15,L3_not_top1,10,14,21,True,2.0145,1,False,,,
seq_026,3005,camera_5,49,L1_ghost,,,21,True,,3,False,,,
seq_026,3010,camera_6,16,L1_ghost,,,21,True,,1,False,,,
seq_026,3020,camera_6,17,L1_ghost,,,21,True,,1,False,,,
seq_026,3025,camera_5,50,L3_not_top1,2,14,21,True,2.7076,3,False,,,
seq_026,3030,camera_2,33,OK,7,21,21,True,2.7076,2,True,-1.502,5.0,
seq_026,3035,camera_1,19,L2_not_in_candidates,2,21,34,False,-1.2432,1,False,,,
seq_026,3035,camera_5,51,L1_ghost,,,21,True,,3,False,,,
seq_026,3035,camera_6,18,L2_not_in_candidates,14,33,21,True,1.7268,2,False,,,
seq_026,3035,camera_7,2,L2_not_in_candidates,10,21,35,False,-1.0789,0,False,,,
seq_026,3055,camera_2,34,L2_not_in_candidates,2,34,21,True,2.7076,2,False,,,21
seq_026,3080,camera_5,52,L1_ghost,,,21,True,,4,False,,,
seq_026,3115,camera_3,30,L2_not_in_candidates,11,32,21,True,3.1131,1,False,,,
seq_026,3125,camera_6,19,OK,7,21,21,True,1.7268,3,True,1.232,1.333,
seq_026,3135,camera_2,35,OK,2,21,21,True,3.1131,3,True,0.927,2.333,
seq_026,3135,camera_5,53,OK,9,21,21,True,3.1131,5,True,-0.667,4.833,
seq_026,3135,camera_5,54,L1_ghost,,,21,True,,5,False,,,
seq_026,3135,camera_7,3,L2_not_in_candidates,14,21,36,False,-2.729,0,False,,,
seq_026,3175,camera_3,31,L3_not_top1,2,21,14,True,3.8063,1,True,-0.729,1.667,
seq_026,3180,camera_6,20,L1_ghost,,,21,True,,5,False,,,21
seq_026,3185,camera_3,32,OK,5,14,14,True,3.8063,2,True,3.518,0.167,
seq_026,3190,camera_2,36,L3_not_top1,9,21,14,True,3.8063,2,True,-0.315,4.167,
seq_026,3195,camera_1,20,L2_not_in_candidates,9,14,37,False,-2.4964,0,False,,,
seq_026,3195,camera_7,4,L1_ghost,,,38,False,,0,False,,,
seq_026,3205,camera_7,5,L2_not_in_candidates,7,21,39,False,-3.1076,1,False,,,38
seq_026,3215,camera_5,55,L1_ghost,,,21,True,,5,False,,,
seq_026,3220,camera_1,21,L1_ghost,,,40,False,,0,False,,,
seq_026,3235,camera_3,33,L2_not_in_candidates,9,37,21,True,2.1968,1,False,,,
seq_026,3275,camera_4,17,OK,9,21,21,True,2.1968,0,False,,,
seq_026,3280,camera_7,6,L2_not_in_candidates,7,39,41,False,-3.5234,1,False,,,
seq_026,3335,camera_3,34,L1_ghost,,,21,True,,3,False,,,14
seq_026,3385,camera_5,56,L3_not_top1,2,14,21,True,3.8063,1,True,0.209,1.833,
seq_026,3415,camera_3,35,L2_not_in_candidates,6,7,21,True,3.8063,3,False,,,
seq_026,3425,camera_6,21,L2_not_in_candidates,14,36,21,True,2.42,0,False,,,
seq_026,3430,camera_6,22,L1_ghost,,,21,True,,0,False,,,
seq_026,3485,camera_3,36,OK,9,21,21,True,3.8063,3,True,-2.35,1.0,
seq_026,3490,camera_2,37,OK,9,21,21,True,3.8063,1,True,-0.506,3.333,
seq_026,3495,camera_2,38,L1_ghost,,,21,True,,1,False,,,
seq_026,3500,camera_6,23,OK,2,21,21,True,2.7076,1,True,1.13,1.833,
seq_026,3520,camera_1,22,L2_not_in_candidates,9,21,42,False,-2.294,1,False,,,
seq_026,3525,camera_3,37,L3_not_top1,5,14,21,True,3.8063,2,True,0.917,2.167,
seq_026,3540,camera_6,24,L1_ghost,,,21,True,,2,False,,,
seq_026,3555,camera_5,57,OK,14,21,21,True,3.8063,2,True,-0.069,3.667,
seq_026,3555,camera_7,7,L2_not_in_candidates,7,41,43,False,-2.0118,2,True,2.316,0.333,41
seq_026,3565,camera_7,8,L2_not_in_candidates,2,21,44,False,-2.4798,2,False,,,
seq_026,3580,camera_7,9,L2_not_in_candidates,2,44,45,False,-2.3356,2,True,2.216,0.333,44
seq_026,3610,camera_5,58,L1_ghost,,,21,True,,0,False,,,
seq_026,3615,camera_1,23,L2_not_in_candidates,14,21,46,False,-1.9011,1,False,,,
seq_026,3615,camera_2,39,L2_not_in_candidates,9,42,21,True,3.8063,2,False,,,
seq_026,3625,camera_3,38,L1_ghost,,,21,True,,3,False,,,
seq_026,3655,camera_3,39,L2_not_in_candidates,14,46,21,True,2.7076,3,False,,,
seq_026,3690,camera_5,59,L3_not_top1,3,30,21,True,3.1131,2,False,,,
seq_026,3695,camera_3,40,OK,9,21,21,True,2.42,3,True,0.039,2.667,
seq_026,3700,camera_7,10,L2_not_in_candidates,7,43,47,False,-2.5218,2,True,2.174,0.667,43
seq_026,3735,camera_1,24,L2_not_in_candidates,9,21,48,False,-1.3165,0,False,,,
seq_026,3790,camera_3,41,OK,5,21,21,True,3.1131,2,True,0.878,0.167,
seq_026,3795,camera_3,42,OK,6,21,21,True,3.1131,2,True,3.696,0.333,21
seq_026,3805,camera_3,43,L1_ghost,,,21,True,,2,False,,,
seq_026,3815,camera_5,60,L2_not_in_candidates,9,48,21,True,2.7076,0,False,,,
seq_026,3840,camera_2,40,OK,11,21,21,True,2.7076,0,False,,,
seq_026,3910,camera_6,25,L2_not_in_candidates,7,47,21,True,2.7076,0,False,,,
seq_026,3910,camera_7,11,L2_not_in_candidates,2,45,49,False,-2.0427,0,False,,,
seq_026,3920,camera_6,26,L1_ghost,,,21,True,,0,False,,,
seq_026,3930,camera_6,27,L2_not_in_candidates,2,49,21,True,2.7076,1,False,,,21
seq_026,3935,camera_2,41,OK,9,21,21,True,2.7076,0,False,,,
seq_026,3945,camera_5,61,OK,11,21,21,True,2.7076,0,False,,,
seq_026,3955,camera_5,62,L1_ghost,,,21,True,,0,False,,,
seq_026,3960,camera_4,18,OK,9,21,21,True,2.1968,0,False,,,
seq_026,3960,camera_6,28,L2_not_in_candidates,10,35,21,True,2.1968,0,False,,,
seq_026,3985,camera_3,44,OK,14,21,21,True,3.8063,3,True,-0.46,4.333,
seq_026,4010,camera_5,63,L1_ghost,,,21,True,,2,False,,,
seq_026,4030,camera_2,42,OK,14,21,21,True,3.8063,3,True,-0.133,2.833,
seq_026,4030,camera_5,64,OK,7,21,21,True,3.8063,2,True,2.783,1.0,
seq_026,4040,camera_5,65,L1_ghost,,,21,True,,2,False,,,
seq_026,4055,camera_6,29,OK,11,21,21,True,1.7268,3,True,0.841,2.167,
seq_026,4060,camera_4,19,OK,3,21,21,True,2.42,1,True,0.263,3.0,
seq_026,4065,camera_1,25,L2_not_in_candidates,7,21,50,False,-1.9091,1,False,,,
seq_026,4065,camera_2,43,L2_not_in_candidates,7,50,21,True,3.1131,3,False,,,
seq_026,4070,camera_5,66,OK,2,21,21,True,3.1131,4,True,1.448,0.167,
seq_026,4090,camera_6,30,L1_ghost,,,51,False,,2,False,,,
seq_026,4105,camera_1,26,L2_not_in_candidates,7,21,52,False,-1.0043,1,False,,,50
seq_026,4105,camera_3,45,OK,2,21,21,True,3.1131,0,False,,,
seq_026,4110,camera_2,44,OK,2,21,21,True,3.1131,1,True,-1.282,0.667,
seq_026,4125,camera_1,27,L2_not_in_candidates,2,21,53,False,-1.3172,0,False,,,
seq_026,4130,camera_7,12,L2_not_in_candidates,11,21,54,False,-1.0034,0,False,,,
seq_026,4155,camera_3,46,L2_not_in_candidates,7,52,21,True,3.8063,1,False,,,
seq_026,4160,camera_5,67,OK,10,21,21,True,3.8063,4,True,1.799,1.0,
seq_026,4170,camera_5,68,L1_ghost,,,21,True,,5,False,,,21
seq_026,4215,camera_2,45,L1_ghost,,,21,True,,1,False,,,
seq_026,4225,camera_2,46,OK,10,21,21,True,3.8063,2,True,-1.284,4.5,
seq_026,4235,camera_1,28,L2_not_in_candidates,10,21,55,False,-3.1354,1,False,,,
seq_026,4265,camera_6,31,OK,3,21,21,True,1.8603,2,True,-0.626,4.333,
seq_026,4305,camera_3,47,L2_not_in_candidates,10,55,21,True,2.1968,1,False,,,
seq_026,4320,camera_1,29,L2_not_in_candidates,10,21,56,False,-1.4185,1,False,,,55
seq_026,4330,camera_1,30,L1_ghost,,,57,False,,1,False,,,55
seq_026,4340,camera_6,32,L1_ghost,,,21,True,,0,False,,,
seq_026,4360,camera_1,31,L2_not_in_candidates,2,53,58,False,-2.9418,4,True,3.081,0.833,53
seq_026,4360,camera_6,33,L2_not_in_candidates,11,54,21,True,3.1131,0,False,,,
seq_026,4370,camera_3,48,L1_ghost,,,21,True,,2,False,,,
seq_026,4370,camera_4,20,L2_not_in_candidates,10,56,21,True,3.1131,0,False,,,
seq_026,4380,camera_6,34,L1_ghost,,,21,True,,0,False,,,
seq_026,4425,camera_5,69,OK,9,21,21,True,3.8063,0,False,,,
seq_026,4465,camera_3,49,OK,5,21,21,True,3.8063,4,True,1.394,0.333,
seq_026,4475,camera_6,35,OK,3,21,21,True,3.1131,4,True,0.925,2.333,
seq_026,4485,camera_1,32,L2_not_in_candidates,2,58,59,False,-2.564,5,True,0.322,2.833,
seq_026,4525,camera_5,70,OK,11,21,21,True,3.8063,0,False,,,
seq_026,4560,camera_5,71,L1_ghost,,,21,True,,0,False,,,
seq_026,4565,camera_1,33,L2_not_in_candidates,7,21,60,False,-0.9048,1,False,,,
seq_026,4570,camera_2,47,OK,10,21,21,True,3.8063,0,False,,,
seq_026,4600,camera_3,50,L2_not_in_candidates,2,59,21,True,3.8063,1,False,,,
seq_026,4615,camera_3,51,OK,2,21,21,True,3.8063,0,False,,,
seq_026,4620,camera_5,72,OK,3,21,21,True,3.8063,0,False,,,
seq_026,4650,camera_2,48,OK,2,21,21,True,3.8063,1,True,1.397,1.5,
seq_026,4650,camera_2,49,OK,11,21,21,True,3.8063,1,True,1.152,1.5,
seq_026,4670,camera_2,50,L2_not_in_candidates,7,60,21,True,3.8063,1,False,,,
seq_026,4675,camera_4,21,OK,9,21,21,True,2.42,0,False,,,
seq_026,4685,camera_2,51,OK,3,21,21,True,3.1131,2,True,3.715,0.5,21
seq_026,4690,camera_4,22,OK,7,21,21,True,2.42,1,True,3.77,0.333,21
seq_026,4695,camera_4,23,L1_ghost,,,21,True,,1,False,,,21
seq_026,4730,camera_2,52,L1_ghost,,,21,True,,3,False,,,21
seq_026,4730,camera_3,52,L1_ghost,,,21,True,,0,False,,,
seq_026,4735,camera_4,24,OK,3,21,21,True,2.1968,2,True,2.383,1.167,21
seq_026,4740,camera_1,34,L1_ghost,,,61,False,,1,False,,,
seq_026,4750,camera_5,73,L1_ghost,,,21,True,,1,False,,,
seq_026,4810,camera_2,53,OK,9,21,21,True,2.1968,5,True,2.787,1.0,21
seq_026,4810,camera_5,74,OK,11,21,21,True,2.1968,3,True,2.89,0.833,21
seq_026,4820,camera_5,75,L1_ghost,,,21,True,,3,False,,,21
seq_026,4835,camera_2,54,L1_ghost,,,21,True,,4,False,,,
seq_026,4835,camera_3,53,OK,9,21,21,True,2.1968,2,True,1.328,2.0,
seq_026,4840,camera_5,76,OK,7,21,21,True,2.1968,3,True,1.098,1.833,
seq_026,4855,camera_1,35,L2_not_in_candidates,2,21,62,False,-3.7404,3,False,,,59
seq_026,4855,camera_5,77,L1_ghost,,,21,True,,4,False,,,21
seq_026,4910,camera_5,78,OK,11,21,21,True,2.7076,4,True,1.327,1.333,
seq_026,4940,camera_2,55,OK,5,21,21,True,2.7076,1,True,-2.55,1.833,
seq_026,5000,camera_1,36,L2_not_in_candidates,9,21,63,False,-1.3726,0,False,,,
seq_026,5005,camera_5,79,L1_ghost,,,21,True,,5,False,,,
seq_026,5010,camera_3,54,L1_ghost,,,21,True,,1,False,,,
seq_026,5095,camera_1,37,L2_not_in_candidates,9,63,64,False,-2.9553,1,False,,,
seq_026,5130,camera_1,38,L2_not_in_candidates,2,62,65,False,-3.5971,1,True,0.047,3.167,
seq_026,5195,camera_4,25,L2_not_in_candidates,2,65,21,True,3.1131,0,False,,,
seq_026,5210,camera_2,56,L2_not_in_candidates,9,64,21,True,3.1131,3,False,,,
seq_026,5310,camera_2,57,OK,5,21,21,True,3.1131,0,False,,,
seq_026,5350,camera_5,80,OK,7,21,21,True,3.1131,1,True,1.399,1.833,
seq_026,5360,camera_4,26,OK,9,21,21,True,2.7076,0,False,,,
seq_026,5360,camera_5,81,L1_ghost,,,21,True,,1,False,,,
seq_026,5375,camera_5,82,OK,7,21,21,True,2.7076,1,True,0.384,2.667,
seq_026,5390,camera_5,83,OK,10,21,21,True,2.7076,2,True,3.74,0.333,21
seq_026,5470,camera_5,84,OK,3,21,21,True,2.7076,2,True,2.234,1.167,
seq_026,5475,camera_5,85,L1_ghost,,,21,True,,2,False,,,
seq_026,5485,camera_5,86,L1_ghost,,,21,True,,2,False,,,
seq_026,5530,camera_4,27,OK,7,21,21,True,2.7076,0,False,,,
seq_026,5535,camera_2,58,L1_ghost,,,21,True,,0,False,,,
seq_026,5550,camera_5,87,L1_ghost,,,21,True,,1,False,,,
seq_026,5555,camera_2,59,OK,7,21,21,True,2.42,0,False,,,
seq_026,5555,camera_5,88,L1_ghost,,,21,True,,1,False,,,
seq_026,5560,camera_1,39,L2_not_in_candidates,7,21,66,False,-2.3715,0,False,,,
seq_026,5600,camera_3,55,L2_not_in_candidates,7,66,21,True,2.42,1,False,,,
seq_026,5605,camera_5,89,OK,2,21,21,True,2.42,4,True,2.297,1.167,
seq_026,5640,camera_5,90,L1_ghost,,,21,True,,5,False,,,21
seq_026,5655,camera_2,60,OK,2,21,21,True,2.42,0,False,,,
seq_026,5655,camera_3,56,OK,2,21,21,True,2.42,2,True,4.132,0.333,21
seq_026,5705,camera_1,40,L2_not_in_candidates,9,21,67,False,-4.8862,0,False,,,
seq_026,5710,camera_4,28,OK,11,21,21,True,2.1968,1,True,0.721,2.5,
seq_026,5735,camera_5,91,OK,11,21,21,True,2.42,4,True,3.073,0.833,21
seq_026,5740,camera_1,41,L2_not_in_candidates,2,21,68,False,-5.059,1,False,,,67
seq_026,5740,camera_2,61,OK,3,21,21,True,2.42,0,False,,,
seq_026,5760,camera_1,42,L1_ghost,,,69,False,,1,False,,,
seq_026,5785,camera_2,62,L2_not_in_candidates,9,67,21,True,2.42,2,False,,,21
seq_026,5795,camera_2,63,L1_ghost,,,21,True,,2,False,,,21
seq_026,5825,camera_2,64,OK,11,21,21,True,2.7076,3,True,1.97,1.5,
seq_026,5835,camera_3,57,OK,10,21,21,True,2.7076,1,True,3.49,0.5,21
seq_026,5840,camera_3,58,OK,7,21,21,True,2.7076,0,False,,,
seq_026,5855,camera_1,43,L1_ghost,,,70,False,,1,False,,,
seq_026,5870,camera_2,65,OK,10,21,21,True,2.7076,4,True,0.7,1.167,
seq_026,5875,camera_3,59,OK,7,21,21,True,2.7076,0,False,,,
seq_026,5890,camera_5,92,L1_ghost,,,21,True,,3,False,,,
seq_026,5895,camera_6,36,OK,3,21,21,True,2.0145,0,False,,,
seq_026,5905,camera_1,44,L2_not_in_candidates,9,21,71,False,-5.7496,2,False,,,70
seq_026,5965,camera_6,37,L1_ghost,,,21,True,,0,False,,,
seq_026,5985,camera_1,45,L1_ghost,,,72,False,,2,False,,,68
seq_026,6010,camera_2,66,OK,10,21,21,True,3.8063,2,True,1.438,1.333,
seq_026,6010,camera_2,67,L1_ghost,,,21,True,,2,False,,,
seq_026,6010,camera_7,13,L2_not_in_candidates,3,21,73,False,-2.9145,0,False,,,
seq_026,6020,camera_4,29,OK,10,21,21,True,2.7076,0,False,,,
seq_026,6035,camera_1,46,L2_not_in_candidates,7,21,74,False,-0.9353,3,False,,,67
seq_026,6080,camera_3,60,L1_ghost,,,21,True,,2,False,,,21
seq_026,6100,camera_5,93,L1_ghost,,,21,True,,1,False,,,21
seq_026,6110,camera_5,94,OK,11,21,21,True,3.8063,1,True,1.037,2.0,
seq_026,6135,camera_7,14,L2_not_in_candidates,3,73,75,False,-2.6072,1,True,-0.065,3.667,
seq_026,6170,camera_2,68,L2_not_in_candidates,7,74,21,True,3.8063,3,False,,,
seq_026,6210,camera_5,95,L1_ghost,,,21,True,,1,False,,,21
seq_026,6255,camera_1,47,L3_not_top1,2,68,76,False,-2.5002,2,False,,,
seq_026,6260,camera_3,61,L2_not_in_candidates,9,71,21,True,3.8063,1,False,,,
seq_026,6280,camera_6,38,OK,11,21,21,True,2.1968,2,True,-0.074,3.167,
seq_026,6340,camera_6,39,L1_ghost,,,21,True,,0,False,,,
seq_026,6345,camera_4,30,OK,7,21,21,True,2.42,0,False,,,
seq_026,6370,camera_3,62,L1_ghost,,,21,True,,2,False,,,21
seq_026,6375,camera_7,15,L2_not_in_candidates,11,21,77,False,-2.6072,0,False,,,
seq_026,6380,camera_2,69,OK,7,21,21,True,3.8063,2,True,2.084,1.167,
seq_026,6405,camera_1,48,L2_not_in_candidates,2,76,78,False,-3.6437,2,True,1.758,1.0,76
seq_026,6415,camera_5,96,OK,7,21,21,True,3.8063,0,False,,,
seq_026,6425,camera_5,97,L1_ghost,,,21,True,,0,False,,,
seq_026,6455,camera_2,70,OK,5,21,21,True,3.8063,3,True,-1.817,2.5,
seq_026,6460,camera_5,98,L1_ghost,,,21,True,,0,False,,,
seq_026,6470,camera_3,63,L2_not_in_candidates,2,78,21,True,3.8063,2,False,,,
seq_026,6480,camera_2,71,OK,7,21,21,True,3.8063,4,True,0.634,0.5,
seq_026,6490,camera_1,49,L2_not_in_candidates,7,21,79,False,-1.2251,2,False,,,67
seq_026,6535,camera_2,72,OK,2,21,21,True,3.8063,2,True,0.669,1.5,
seq_026,6565,camera_5,99,L1_ghost,,,21,True,,3,False,,,
seq_026,6575,camera_6,40,L2_not_in_candidates,7,79,21,True,2.0145,0,False,,,
seq_026,6590,camera_3,64,L1_ghost,,,21,True,,1,False,,,
seq_026,6615,camera_6,41,L1_ghost,,,21,True,,0,False,,,
seq_026,6640,camera_7,16,L2_not_in_candidates,7,21,80,False,-2.5846,0,False,,,
seq_026,6655,camera_3,65,L1_ghost,,,21,True,,2,False,,,
seq_026,6665,camera_4,31,OK,10,21,21,True,2.42,0,False,,,
seq_026,6675,camera_1,50,L2_not_in_candidates,2,21,81,False,-1.3132,1,False,,,
seq_026,6695,camera_7,17,L2_not_in_candidates,7,80,82,False,-2.7546,1,True,1.141,1.167,
seq_026,6700,camera_2,73,OK,10,21,21,True,3.8063,1,True,-0.467,3.167,
seq_026,6710,camera_1,51,L2_not_in_candidates,2,81,83,False,-1.8866,0,False,,,
seq_026,6735,camera_3,66,OK,9,21,21,True,3.8063,1,True,-0.238,1.0,
seq_026,6750,camera_3,67,OK,6,21,21,True,3.8063,1,True,1.244,1.5,
seq_026,6765,camera_7,18,L1_ghost,,,84,False,,2,False,,,82
seq_026,6785,camera_1,52,L2_not_in_candidates,9,21,85,False,-2.0251,2,False,,,
seq_026,6795,camera_2,74,L2_not_in_candidates,9,85,21,True,3.8063,1,False,,,
seq_026,6815,camera_6,42,OK,10,21,21,True,2.7076,0,False,,,
seq_026,6820,camera_7,19,L2_not_in_candidates,7,82,86,False,-1.192,2,True,0.18,3.167,84
seq_026,6845,camera_3,68,L1_ghost,,,21,True,,2,False,,,21
seq_026,6895,camera_2,75,OK,5,21,21,True,3.1131,0,False,,,
seq_026,6900,camera_6,43,L1_ghost,,,21,True,,0,False,,,
seq_026,6920,camera_7,20,L2_not_in_candidates,10,21,87,False,-2.1172,1,False,,,
seq_026,6940,camera_3,69,L1_ghost,,,21,True,,3,False,,,21
seq_026,6955,camera_3,70,L1_ghost,,,21,True,,4,False,,,
seq_026,6965,camera_3,71,L1_ghost,,,21,True,,5,False,,,21
seq_026,7000,camera_6,44,L2_not_in_candidates,7,86,21,True,3.8063,2,False,,,
seq_026,7015,camera_3,72,L1_ghost,,,21,True,,6,False,,,
seq_026,7020,camera_1,53,L2_not_in_candidates,7,21,88,False,-2.8335,0,False,,,
seq_026,7050,camera_5,100,OK,9,21,21,True,2.7076,0,False,,,
seq_026,7060,camera_5,101,L1_ghost,,,21,True,,0,False,,,
seq_026,7090,camera_5,102,L3_not_top1,2,83,21,True,3.8063,1,False,,,
seq_026,7105,camera_5,103,L1_ghost,,,21,True,,1,False,,,21
seq_026,7110,camera_5,104,L2_not_in_candidates,7,88,21,True,3.8063,1,False,,,
seq_026,7120,camera_5,105,L1_ghost,,,21,True,,1,False,,,
seq_026,7130,camera_5,106,L1_ghost,,,21,True,,1,False,,,
seq_026,7135,camera_3,73,OK,5,21,21,True,2.42,3,True,-0.61,2.333,
seq_026,7145,camera_1,54,L2_not_in_candidates,2,21,89,False,-3.5234,1,False,,,
seq_026,7145,camera_7,21,L2_not_in_candidates,10,87,90,False,-3.9259,2,True,0.735,2.5,
seq_026,7150,camera_2,76,OK,7,21,21,True,1.7268,1,True,0.533,2.667,
seq_026,7160,camera_7,22,L2_not_in_candidates,10,90,91,False,-1.8332,1,False,,,
seq_026,7175,camera_2,77,L2_not_in_candidates,2,89,21,True,1.7268,2,False,,,21
seq_026,7195,camera_6,45,OK,9,21,21,True,1.7268,1,True,-0.929,4.5,
seq_026,7205,camera_3,74,OK,7,21,21,True,2.0145,3,True,0.569,1.333,
seq_026,7285,camera_6,46,L1_ghost,,,21,True,,0,False,,,
seq_026,7295,camera_5,107,L1_ghost,,,21,True,,4,False,,,21
seq_026,7305,camera_7,23,L2_not_in_candidates,9,21,92,False,-2.8335,1,False,,,
seq_026,7365,camera_4,32,OK,7,21,21,True,2.42,0,False,,,
seq_026,7430,camera_2,78,OK,7,21,21,True,3.8063,1,True,2.451,1.167,
seq_026,7435,camera_6,47,L3_not_top1,10,91,21,True,2.7076,2,False,,,
seq_026,7450,camera_6,48,L1_ghost,,,21,True,,1,False,,,
seq_026,7470,camera_6,49,L1_ghost,,,21,True,,0,False,,,
seq_026,7480,camera_5,108,L1_ghost,,,21,True,,0,False,,,
seq_026,7485,camera_3,75,OK,2,21,21,True,3.8063,1,True,0.716,2.5,
seq_026,7490,camera_7,24,L1_ghost,,,93,False,,1,False,,,
seq_026,7500,camera_2,79,OK,7,21,21,True,3.8063,2,True,0.498,2.333,
seq_026,7505,camera_3,76,L1_ghost,,,21,True,,1,False,,,
seq_026,7515,camera_1,55,L1_ghost,,,94,False,,1,False,,,
seq_026,7565,camera_3,77,OK,5,21,21,True,3.8063,3,True,1.904,0.833,
seq_026,7580,camera_2,80,OK,7,21,21,True,3.8063,2,True,1.261,2.0,
seq_026,7590,camera_1,56,L2_not_in_candidates,7,21,95,False,-1.8524,1,False,,,
seq_026,7595,camera_6,50,L2_not_in_candidates,9,92,21,True,2.7076,3,False,,,
seq_026,7605,camera_6,51,L1_ghost,,,21,True,,3,False,,,
seq_026,7610,camera_5,109,OK,10,21,21,True,3.8063,2,True,1.14,0.667,
seq_026,7625,camera_2,81,L2_not_in_candidates,7,95,21,True,3.8063,1,False,,,
seq_026,7675,camera_2,82,OK,10,21,21,True,2.7076,1,True,2.92,0.667,21
seq_026,7700,camera_3,78,OK,2,21,21,True,2.7076,1,True,-0.693,4.833,
seq_026,7710,camera_4,33,OK,10,21,21,True,2.7076,0,False,,,
seq_026,7710,camera_5,110,L1_ghost,,,21,True,,1,False,,,
seq_026,7720,camera_4,34,OK,7,21,21,True,2.42,0,False,,,
seq_026,7740,camera_2,83,OK,5,21,21,True,3.1131,3,True,-0.227,2.833,
