seq,fid,cam,tid,layer,want,actual,actual_outcome,E1_choice,E1_outcome,E1_want_score,E2_choice,E2_outcome,E2_want_score,E3_choice,E3_outcome,E3_want_score
seq_004,0,camera_1,0,L0_first,,,開新,,開新,,,開新,,,開新,
seq_004,0,camera_1,1,L0_first,,,開新,,開新,,,開新,,,開新,
seq_004,0,camera_2,0,L0_first,,,開新,,開新,,,開新,,,開新,
seq_004,0,camera_2,1,L0_first,,,開新,,開新,,,開新,,,開新,
seq_004,0,camera_3,0,L3_not_top1,3,4,錯,4,錯,,4,錯,,4,錯,
seq_004,0,camera_3,1,L0_first,,4,錯,4,錯,,4,錯,,4,錯,
seq_004,0,camera_3,2,L1_ghost,,4,錯,,開新,,,開新,,,開新,
seq_004,0,camera_3,3,L0_first,,4,錯,4,錯,,4,錯,,4,錯,
seq_004,0,camera_3,4,L0_first,,4,錯,4,錯,,4,錯,,4,錯,
seq_004,0,camera_3,5,L1_ghost,,4,錯,,開新,,,開新,,,開新,
seq_004,0,camera_4,0,L0_first,,4,錯,4,錯,,4,錯,,4,錯,
seq_004,35,camera_3,6,OK,4,4,對,4,對,5.0,4,對,3.806,4,對,5.0
seq_004,85,camera_3,7,L2_not_in_candidates,2,4,錯,4,錯,,4,錯,,4,錯,
seq_004,100,camera_1,2,L2_not_in_candidates,4,,開新,,開新,,,開新,-2.418,,開新,-1.224
seq_004,145,camera_3,8,L1_ghost,,4,錯,,開新,,,開新,,,開新,
seq_004,205,camera_3,9,L1_ghost,,4,錯,,開新,,,開新,,,開新,
seq_004,255,camera_2,2,OK,4,4,對,4,對,5.0,4,對,3.806,4,對,5.0
seq_004,275,camera_3,10,OK,4,4,對,4,對,5.0,4,對,3.806,4,對,5.0
seq_004,345,camera_3,11,L1_ghost,,4,錯,,開新,,,開新,,4,錯,
seq_004,455,camera_1,3,L4_below_threshold,5,,開新,,開新,-2.565,,開新,-3.759,,開新,-2.565
seq_004,465,camera_3,12,L1_ghost,,4,錯,,開新,,,開新,,,開新,
seq_004,485,camera_2,3,L2_not_in_candidates,6,4,錯,4,錯,,4,錯,,4,錯,
seq_004,495,camera_5,0,OK,4,4,對,4,對,5.0,4,對,3.806,4,對,5.0
seq_004,510,camera_3,13,OK,4,4,對,4,對,5.0,4,對,3.806,4,對,5.0
seq_004,560,camera_1,4,L2_not_in_candidates,4,,開新,,開新,,,開新,-2.427,,開新,-1.233
seq_004,565,camera_2,4,OK,4,4,對,4,對,5.0,4,對,3.806,4,對,5.0
seq_004,570,camera_1,5,L1_ghost,,,開新,,開新,,,開新,,,開新,
seq_004,570,camera_1,6,L1_ghost,,,開新,,開新,,,開新,,,開新,
seq_004,575,camera_5,1,OK,4,4,對,4,對,5.0,4,對,3.806,4,對,5.0
seq_004,580,camera_3,14,OK,4,4,對,4,對,5.0,4,對,3.806,4,對,5.0
seq_004,600,camera_5,2,L2_not_in_candidates,7,4,錯,4,錯,,4,錯,,4,錯,
seq_004,615,camera_3,15,OK,4,4,對,4,對,5.0,4,對,3.806,4,對,5.0
seq_004,620,camera_2,5,OK,4,4,對,4,對,5.0,4,對,3.806,4,對,5.0
seq_004,635,camera_5,3,OK,4,4,對,4,對,5.0,4,對,3.806,4,對,5.0
seq_004,640,camera_1,7,L1_ghost,,,開新,,開新,,7,錯,,7,錯,
seq_004,640,camera_2,6,OK,4,4,對,4,對,5.0,4,對,3.806,4,對,5.0
seq_004,645,camera_1,8,L2_not_in_candidates,4,,開新,,開新,,,開新,-2.454,7,錯,-1.26
seq_004,645,camera_2,7,L2_not_in_candidates,11,4,錯,4,錯,,4,錯,,4,錯,
seq_004,660,camera_2,8,OK,4,4,對,4,對,5.0,4,對,3.806,4,對,5.0
seq_004,670,camera_2,9,OK,4,4,對,4,對,5.0,4,對,3.806,4,對,5.0
seq_004,720,camera_2,10,OK,4,4,對,4,對,5.0,4,對,3.806,4,對,5.0
seq_004,735,camera_3,16,L1_ghost,,4,錯,,開新,,4,錯,,4,錯,
seq_004,740,camera_1,9,L1_ghost,,,開新,,開新,,,開新,,,開新,
seq_004,770,camera_1,10,L1_ghost,,,開新,,開新,,,開新,,,開新,
seq_004,780,camera_2,11,L1_ghost,,4,錯,,開新,,,開新,,4,錯,
seq_004,790,camera_5,4,OK,4,4,對,4,對,5.0,4,對,3.806,4,對,5.0
seq_004,800,camera_2,12,OK,4,4,對,4,對,5.0,4,對,3.806,4,對,5.0
seq_004,825,camera_1,11,L2_not_in_candidates,4,,開新,,開新,,8,錯,-2.422,8,錯,-1.228
seq_004,835,camera_5,5,OK,4,4,對,4,對,5.0,4,對,3.806,4,對,5.0
seq_004,860,camera_2,13,OK,4,4,對,4,對,5.0,4,對,3.806,4,對,5.0
seq_004,875,camera_2,14,OK,4,4,對,4,對,5.0,4,對,3.806,4,對,5.0
seq_004,885,camera_5,6,L1_ghost,,4,錯,,開新,,,開新,,,開新,
seq_004,890,camera_5,7,OK,4,4,對,4,對,5.0,4,對,3.806,4,對,5.0
seq_004,960,camera_2,15,L2_not_in_candidates,14,4,錯,4,錯,,4,錯,,4,錯,
seq_004,960,camera_2,16,OK,4,4,對,4,對,5.0,4,對,3.806,4,對,5.0
seq_004,965,camera_6,0,OK,4,4,對,4,對,3.054,4,對,1.86,4,對,3.054
seq_004,970,camera_2,17,L1_ghost,,4,錯,,開新,,,開新,,,開新,
seq_004,995,camera_6,1,OK,4,4,對,4,對,3.054,4,對,1.86,4,對,3.054
seq_004,1030,camera_1,12,L2_not_in_candidates,4,,開新,,開新,,,開新,-2.427,,開新,-1.233
seq_004,1040,camera_6,2,L1_ghost,,4,錯,,開新,,,開新,,,開新,
seq_004,1055,camera_6,3,L1_ghost,,4,錯,,開新,,,開新,,,開新,
seq_004,1075,camera_4,1,OK,4,4,對,4,對,5.0,4,對,3.806,4,對,5.0
seq_004,1080,camera_2,18,OK,4,4,對,4,對,5.0,4,對,3.806,4,對,5.0
seq_004,1100,camera_3,17,OK,4,4,對,4,對,4.307,4,對,3.113,4,對,4.307
seq_004,1105,camera_2,19,OK,4,4,對,4,對,4.307,4,對,3.113,4,對,4.307
seq_004,1115,camera_1,13,L2_not_in_candidates,4,,開新,,開新,,15,錯,-2.418,15,錯,-1.224
seq_004,1125,camera_2,20,OK,4,4,對,4,對,4.307,4,對,3.547,4,對,4.74
seq_004,1145,camera_6,4,L1_ghost,,4,錯,,開新,,4,錯,,4,錯,
seq_004,1155,camera_1,14,L1_ghost,,,開新,,開新,,,開新,,,開新,
seq_004,1160,camera_1,15,L2_not_in_candidates,4,,開新,,開新,,,開新,-2.418,,開新,-1.224
seq_004,1165,camera_4,2,L2_not_in_candidates,15,4,錯,4,錯,,4,錯,-2.418,4,錯,-1.224
seq_004,1175,camera_3,18,L1_ghost,,4,錯,,開新,,,開新,,,開新,
seq_004,1185,camera_3,19,OK,4,4,對,4,對,3.901,4,對,2.708,4,對,3.901
seq_004,1220,camera_3,20,L2_not_in_candidates,18,4,錯,4,錯,,4,錯,,4,錯,
seq_004,1220,camera_4,3,OK,4,4,對,4,對,3.901,4,對,3.173,4,對,4.366
seq_004,1225,camera_1,16,L1_ghost,,,開新,,開新,,14,錯,,14,錯,
seq_004,1280,camera_1,17,L1_ghost,,,開新,,開新,,,開新,,19,錯,
seq_004,1280,camera_3,21,OK,4,4,對,4,對,3.614,4,對,2.42,4,對,3.614
seq_004,1285,camera_5,8,L2_not_in_candidates,16,4,錯,4,錯,,4,錯,,4,錯,
seq_004,1295,camera_1,18,L1_ghost,,,開新,,開新,,,開新,,19,錯,
seq_004,1300,camera_4,4,OK,4,4,對,4,對,5.0,4,對,3.806,4,對,5.0
seq_004,1300,camera_5,9,OK,4,4,對,4,對,3.901,4,對,2.708,4,對,3.901
seq_004,1305,camera_7,0,L2_not_in_candidates,4,,開新,,開新,,,開新,1.279,4,對,2.473
seq_004,1315,camera_3,22,L1_ghost,,4,錯,,開新,,,開新,,,開新,
seq_004,1330,camera_5,10,L1_ghost,,4,錯,,開新,,,開新,,,開新,
seq_004,1335,camera_4,5,OK,4,4,對,4,對,3.901,4,對,2.708,4,對,3.901
seq_004,1375,camera_3,23,OK,4,4,對,4,對,3.901,4,對,2.708,4,對,3.901
seq_004,1400,camera_3,24,L2_not_in_candidates,1,4,錯,4,錯,,4,錯,,4,錯,
seq_004,1440,camera_2,21,OK,4,4,對,4,對,3.901,4,對,2.708,4,對,3.901
seq_004,1505,camera_5,11,OK,4,4,對,4,對,3.901,4,對,2.708,4,對,3.901
seq_004,1505,camera_5,12,L1_ghost,,4,錯,,開新,,,開新,,,開新,
seq_004,1510,camera_1,19,L1_ghost,,,開新,,開新,,,開新,,,開新,
seq_004,1510,camera_4,6,L1_ghost,,4,錯,,開新,,,開新,,,開新,
seq_004,1515,camera_2,22,OK,4,4,對,4,對,3.391,4,對,2.197,4,對,3.391
seq_004,1565,camera_5,13,OK,4,4,對,4,對,3.614,4,對,4.098,4,對,5.291
seq_004,1605,camera_4,7,OK,4,4,對,4,對,3.614,4,對,2.42,4,對,3.614
seq_004,1625,camera_3,25,L1_ghost,,4,錯,,開新,,4,錯,,4,錯,
seq_004,1655,camera_2,23,OK,4,4,對,4,對,3.391,4,對,2.197,4,對,3.391
seq_004,1670,camera_5,14,OK,4,4,對,4,對,3.614,4,對,2.42,4,對,3.614
seq_004,1670,camera_6,5,OK,4,4,對,4,對,3.054,4,對,1.86,4,對,3.054
seq_004,1680,camera_6,6,L2_not_in_candidates,22,4,錯,4,錯,,4,錯,,4,錯,
seq_004,1685,camera_6,7,L1_ghost,,4,錯,,開新,,,開新,,,開新,
seq_004,1695,camera_1,20,L2_not_in_candidates,4,,開新,,開新,,,開新,-2.413,,開新,-1.219
seq_004,1720,camera_6,8,L1_ghost,,4,錯,,開新,,,開新,,,開新,
seq_004,1730,camera_5,15,L1_ghost,,4,錯,,開新,,,開新,,,開新,
seq_004,1735,camera_5,16,L1_ghost,,4,錯,,開新,,,開新,,,開新,
seq_004,1760,camera_6,9,L1_ghost,,4,錯,,開新,,4,錯,,4,錯,
seq_004,1795,camera_4,8,L1_ghost,,4,錯,,開新,,,開新,,,開新,
seq_004,1800,camera_5,17,OK,4,4,對,4,對,3.901,4,對,2.708,4,對,3.901
seq_004,1810,camera_4,9,OK,4,4,對,4,對,3.901,4,對,3.698,4,對,4.892
seq_004,1820,camera_3,26,OK,4,4,對,4,對,3.901,4,對,2.708,4,對,3.901
seq_004,1835,camera_5,18,OK,4,4,對,4,對,3.901,4,對,2.708,4,對,3.901
seq_004,1840,camera_7,1,L2_not_in_candidates,4,,開新,,開新,,22,錯,-2.006,22,錯,-0.812
seq_004,1845,camera_5,19,L1_ghost,,4,錯,,開新,,,開新,,,開新,
seq_004,1850,camera_1,21,L2_not_in_candidates,4,,開新,,開新,,,開新,-2.422,23,錯,-1.228
seq_004,1865,camera_1,22,L2_not_in_candidates,26,,開新,,開新,,,開新,,,開新,
seq_004,1880,camera_5,20,OK,4,4,對,4,對,4.307,4,對,3.113,4,對,4.307
seq_004,1900,camera_1,23,L1_ghost,,,開新,,開新,,26,錯,,26,錯,
seq_004,1935,camera_5,21,OK,4,4,對,4,對,4.307,4,對,3.113,4,對,4.307
seq_004,1940,camera_3,27,L2_not_in_candidates,24,4,錯,4,錯,,4,錯,,4,錯,
seq_004,1940,camera_5,22,L1_ghost,,4,錯,,開新,,,開新,,4,錯,
seq_004,1950,camera_7,2,L2_not_in_candidates,4,,開新,,開新,,,開新,-2.155,,開新,-0.961
seq_004,1955,camera_5,23,OK,4,4,對,4,對,4.307,4,對,3.113,4,對,4.307
seq_004,1960,camera_5,24,OK,4,4,對,4,對,4.307,4,對,3.113,4,對,4.307
seq_004,1965,camera_2,24,OK,4,4,對,4,對,3.901,4,對,2.708,4,對,3.901
seq_004,1965,camera_5,25,L1_ghost,,4,錯,,開新,,4,錯,,4,錯,
seq_004,1975,camera_5,26,L2_not_in_candidates,29,4,錯,4,錯,,4,錯,,4,錯,
seq_004,1975,camera_5,27,L1_ghost,,4,錯,,開新,,4,錯,,4,錯,
seq_004,1995,camera_5,28,L1_ghost,,4,錯,,開新,,4,錯,,4,錯,
seq_004,1995,camera_5,29,OK,4,4,對,4,對,4.307,4,對,3.113,4,對,4.307
seq_004,2025,camera_6,10,L2_not_in_candidates,27,,開新,4,錯,,,開新,-2.416,4,錯,-1.222
seq_004,2035,camera_5,30,L1_ghost,,4,錯,,開新,,4,錯,,4,錯,
seq_004,2105,camera_5,31,L1_ghost,,4,錯,,開新,,,開新,,4,錯,
seq_004,2115,camera_5,32,L1_ghost,,4,錯,,開新,,4,錯,,4,錯,
seq_004,2115,camera_6,11,L1_ghost,,,開新,,開新,,,開新,,,開新,
seq_004,2150,camera_5,33,L1_ghost,,4,錯,,開新,,,開新,,4,錯,
seq_004,2165,camera_2,25,OK,4,4,對,4,對,5.0,4,對,3.806,4,對,5.0
seq_004,2175,camera_4,10,OK,4,4,對,4,對,5.0,4,對,3.806,4,對,5.0
seq_004,2195,camera_4,11,OK,4,4,對,4,對,5.0,4,對,3.806,4,對,5.0
seq_004,2195,camera_6,12,L2_not_in_candidates,25,,開新,4,錯,,31,錯,,31,錯,
seq_004,2225,camera_7,3,L2_not_in_candidates,30,,開新,,開新,,,開新,,31,錯,
seq_004,2230,camera_2,26,OK,4,4,對,4,對,3.901,4,對,2.708,4,對,3.901
seq_004,2235,camera_3,28,OK,4,4,對,4,對,3.901,4,對,2.708,4,對,3.901
seq_004,2245,camera_5,34,OK,4,4,對,4,對,5.0,4,對,3.806,4,對,5.0
seq_004,2250,camera_4,12,OK,4,4,對,4,對,5.0,4,對,3.806,4,對,5.0
seq_004,2275,camera_5,35,L3_not_top1,32,4,錯,4,錯,,4,錯,,4,錯,
seq_004,2280,camera_3,29,OK,4,4,對,4,對,3.901,4,對,2.708,4,對,3.901
seq_004,2280,camera_6,13,L1_ghost,,,開新,,開新,,,開新,,31,錯,
seq_004,2305,camera_1,24,L2_not_in_candidates,4,,開新,,開新,,,開新,-2.413,23,錯,-1.219
seq_004,2310,camera_5,36,L1_ghost,,4,錯,,開新,,,開新,,,開新,
seq_004,2310,camera_5,37,OK,4,4,對,4,對,4.307,4,對,3.113,4,對,4.307
seq_004,2320,camera_1,25,L2_not_in_candidates,4,,開新,,開新,,,開新,-2.413,23,錯,-1.219
seq_004,2365,camera_5,38,L1_ghost,,4,錯,,開新,,4,錯,,4,錯,
seq_004,2385,camera_5,39,OK,4,4,對,4,對,4.307,4,對,3.113,4,對,4.307
seq_004,2390,camera_7,4,L2_not_in_candidates,33,,開新,,開新,,,開新,-0.565,,開新,0.629
seq_004,2395,camera_1,26,L2_not_in_candidates,4,,開新,,開新,,36,錯,-2.441,36,錯,-1.247
seq_004,2395,camera_1,27,L1_ghost,,,開新,,開新,,36,錯,,36,錯,
seq_004,2425,camera_1,28,L1_ghost,,,開新,,開新,,39,錯,,39,錯,
seq_004,2435,camera_1,29,L1_ghost,,,開新,,開新,,39,錯,,39,錯,
seq_004,2455,camera_2,27,L2_not_in_candidates,35,4,錯,4,錯,,4,錯,,4,錯,
seq_004,2470,camera_5,40,L2_not_in_candidates,38,34,錯,34,錯,,34,錯,,34,錯,
seq_004,2490,camera_4,13,L2_not_in_candidates,36,4,錯,4,錯,,4,錯,-2.441,4,錯,-1.247
seq_004,2490,camera_5,41,L1_ghost,,30,錯,,開新,,,開新,,,開新,
seq_004,2515,camera_3,30,OK,4,4,對,4,對,5.0,4,對,3.806,4,對,5.0
seq_004,2555,camera_5,42,L1_ghost,,4,錯,,開新,,4,錯,,4,錯,
seq_004,2560,camera_4,14,OK,4,4,對,4,對,4.307,4,對,3.113,4,對,4.307
seq_004,2585,camera_4,15,L3_not_top1,34,4,錯,4,錯,,4,錯,-2.442,4,錯,-1.248
seq_004,2620,camera_5,43,OK,4,4,對,4,對,5.0,4,對,3.806,4,對,5.0
seq_004,2640,camera_2,28,OK,4,4,對,4,對,5.0,4,對,3.806,4,對,5.0
seq_004,2665,camera_3,31,L1_ghost,,4,錯,,開新,,,開新,,,開新,
seq_004,2665,camera_5,44,L1_ghost,,4,錯,,開新,,,開新,,4,錯,
seq_004,2700,camera_5,45,OK,4,4,對,4,對,4.307,4,對,3.113,4,對,4.307
seq_004,2735,camera_5,46,L1_ghost,,4,錯,,開新,,,開新,,,開新,
seq_004,2740,camera_5,47,L1_ghost,,4,錯,,開新,,4,錯,,4,錯,
seq_004,2795,camera_5,48,L1_ghost,,4,錯,,開新,,4,錯,,4,錯,
seq_004,2795,camera_5,49,OK,4,4,對,4,對,4.307,4,對,3.959,4,對,5.153
seq_004,2810,camera_7,5,L4_below_threshold,37,,開新,,開新,0.121,,開新,-1.073,,開新,0.121
seq_004,2855,camera_2,29,OK,4,4,對,4,對,5.0,4,對,3.806,4,對,5.0
seq_004,2880,camera_1,30,L1_ghost,,,開新,,開新,,,開新,,,開新,
seq_004,2880,camera_3,32,OK,4,4,對,4,對,4.307,4,對,3.113,4,對,4.307
seq_004,2885,camera_2,30,OK,4,4,對,4,對,4.307,4,對,3.113,4,對,4.307
seq_004,2910,camera_1,31,L1_ghost,,,開新,,開新,,,開新,,,開新,
seq_004,2925,camera_5,50,OK,4,4,對,4,對,4.307,4,對,3.113,4,對,4.307
seq_004,2925,camera_5,51,L1_ghost,,4,錯,,開新,,,開新,,30,錯,
seq_004,2930,camera_6,14,L2_not_in_candidates,42,,開新,30,錯,,,開新,,30,錯,
seq_004,2935,camera_1,32,L1_ghost,,,開新,,開新,,,開新,,,開新,
seq_004,2935,camera_5,52,L1_ghost,,45,錯,,開新,,,開新,,30,錯,
seq_004,2945,camera_1,33,L1_ghost,,,開新,,開新,,,開新,,,開新,
seq_004,2945,camera_6,15,L1_ghost,,,開新,,開新,,,開新,,,開新,
seq_004,2960,camera_5,53,L1_ghost,,48,錯,,開新,,,開新,,4,錯,
seq_004,2965,camera_1,34,L2_not_in_candidates,4,,開新,,開新,,,開新,-2.469,,開新,-1.275
seq_004,2965,camera_6,16,L3_not_top1,4,,開新,48,錯,,,開新,-0.125,48,錯,1.069
seq_004,3005,camera_6,17,L1_ghost,,,開新,,開新,,48,錯,,48,錯,
seq_004,3010,camera_5,54,L1_ghost,,4,錯,,開新,,4,錯,,4,錯,
seq_004,3015,camera_6,18,L1_ghost,,,開新,,開新,,48,錯,,48,錯,
seq_004,3020,camera_5,55,L3_not_top1,45,4,錯,4,錯,,4,錯,,4,錯,
seq_004,3030,camera_2,31,OK,4,4,對,4,對,5.0,4,對,3.806,4,對,5.0
seq_004,3040,camera_5,56,L1_ghost,,4,錯,,開新,,4,錯,,4,錯,
seq_004,3065,camera_2,32,OK,4,4,對,4,對,5.0,4,對,3.806,4,對,5.0
seq_004,3070,camera_4,16,OK,4,4,對,4,對,5.0,4,對,3.806,4,對,5.0
seq_004,3080,camera_2,33,L2_not_in_candidates,49,4,錯,4,錯,,4,錯,,4,錯,
seq_004,3080,camera_5,57,L1_ghost,,4,錯,,開新,,45,錯,,45,錯,
seq_004,3090,camera_3,33,OK,4,4,對,4,對,4.307,4,對,3.113,4,對,4.307
seq_004,3115,camera_2,34,L1_ghost,,4,錯,,開新,,,開新,,,開新,
seq_004,3150,camera_4,17,OK,4,4,對,4,對,5.0,4,對,3.806,4,對,5.0
seq_004,3155,camera_7,6,L2_not_in_candidates,50,,開新,,開新,,,開新,-2.298,,開新,-1.105
seq_004,3195,camera_5,58,OK,4,4,對,4,對,5.0,4,對,3.927,4,對,5.121
seq_004,3200,camera_6,19,L3_not_top1,4,48,錯,48,錯,,48,錯,0.057,48,錯,1.251
seq_004,3220,camera_5,59,L1_ghost,,4,錯,,開新,,4,錯,,4,錯,
seq_004,3225,camera_5,60,L3_not_top1,4,48,錯,48,錯,,48,錯,2.829,48,錯,4.023
seq_004,3230,camera_6,20,L3_not_top1,4,,開新,48,錯,,,開新,0.195,48,錯,1.389
seq_004,3240,camera_4,18,OK,4,4,對,4,對,5.0,4,對,3.806,4,對,5.0
seq_004,3265,camera_7,7,L2_not_in_candidates,53,,開新,,開新,,53,對,1.727,53,對,2.921
seq_004,3280,camera_2,35,OK,4,4,對,4,對,5.0,4,對,3.806,4,對,5.0
seq_004,3300,camera_6,21,L3_not_top1,4,48,錯,48,錯,,48,錯,-0.125,48,錯,1.069
seq_004,3310,camera_5,61,OK,4,4,對,4,對,5.0,4,對,3.806,4,對,5.0
seq_004,3315,camera_7,8,L2_not_in_candidates,55,,開新,,開新,,55,對,1.902,55,對,3.096
seq_004,3325,camera_6,22,L1_ghost,,48,錯,,開新,,,開新,,,開新,
seq_004,3330,camera_3,34,OK,4,4,對,4,對,4.307,4,對,3.113,4,對,4.307
seq_004,3360,camera_4,19,L3_not_top1,48,4,錯,4,錯,,4,錯,-3.247,4,錯,-2.053
seq_004,3395,camera_2,36,OK,4,4,對,4,對,5.0,4,對,3.806,4,對,5.0
seq_004,3415,camera_6,23,L1_ghost,,48,錯,,開新,,48,錯,,48,錯,
seq_004,3435,camera_7,9,L2_not_in_candidates,48,,開新,,開新,,,開新,-0.091,54,錯,1.103
seq_004,3440,camera_5,62,L1_ghost,,4,錯,,開新,,,開新,,4,錯,
seq_004,3445,camera_1,35,L2_not_in_candidates,4,,開新,,開新,,,開新,-2.454,,開新,-1.26
seq_004,3455,camera_4,20,OK,4,4,對,4,對,5.0,4,對,3.806,4,對,5.0
seq_004,3460,camera_4,21,L2_not_in_candidates,58,4,錯,4,錯,,4,錯,,4,錯,
seq_004,3480,camera_5,63,OK,4,4,對,4,對,5.0,4,對,3.806,4,對,5.0
seq_004,3480,camera_7,10,L2_not_in_candidates,54,,開新,,開新,,,開新,-2.221,,開新,-1.027
seq_004,3500,camera_5,64,L1_ghost,,4,錯,,開新,,4,錯,,4,錯,
seq_004,3500,camera_7,11,L2_not_in_candidates,56,,開新,,開新,,,開新,1.54,56,對,2.734
seq_004,3530,camera_3,35,OK,4,4,對,4,對,3.901,4,對,2.708,4,對,3.901
seq_004,3550,camera_3,36,L1_ghost,,4,錯,,開新,,,開新,,,開新,
seq_004,3560,camera_7,12,L2_not_in_candidates,48,,開新,,開新,,,開新,-2.612,,開新,-1.418
seq_004,3575,camera_7,13,L2_not_in_candidates,57,,開新,,開新,,,開新,0.2,,開新,1.394
seq_004,3590,camera_3,37,OK,4,4,對,4,對,4.307,4,對,3.113,4,對,4.307
seq_004,3600,camera_5,65,L1_ghost,,48,錯,,開新,,,開新,,,開新,
seq_004,3625,camera_2,37,OK,4,4,對,4,對,4.307,4,對,3.113,4,對,4.307
seq_004,3640,camera_5,66,L1_ghost,,48,錯,,開新,,,開新,,4,錯,
seq_004,3695,camera_1,36,L2_not_in_candidates,4,,開新,,開新,,,開新,-2.418,,開新,-1.224
seq_004,3710,camera_4,22,L2_not_in_candidates,63,4,錯,4,錯,,4,錯,,4,錯,
seq_004,3710,camera_5,67,L1_ghost,,48,錯,,開新,,,開新,,,開新,
seq_004,3720,camera_1,37,L1_ghost,,,開新,,開新,,,開新,,,開新,
seq_004,3730,camera_6,24,L1_ghost,,48,錯,,開新,,,開新,,48,錯,
seq_004,3740,camera_7,14,L2_not_in_candidates,61,,開新,,開新,,,開新,-0.648,,開新,0.545
seq_004,3780,camera_2,38,OK,4,4,對,4,對,5.0,4,對,3.806,4,對,5.0
seq_004,3845,camera_7,15,L2_not_in_candidates,65,,開新,,開新,,,開新,1.33,65,對,2.524
seq_004,3865,camera_4,23,OK,4,4,對,4,對,4.307,4,對,3.113,4,對,4.307
seq_004,3885,camera_6,25,L3_not_top1,4,48,錯,48,錯,,48,錯,0.171,48,錯,1.365
seq_004,3900,camera_7,16,L4_below_threshold,62,,開新,,開新,-1.633,,開新,-2.827,60,錯,-1.633
seq_004,3910,camera_7,17,L2_not_in_candidates,59,,開新,,開新,,60,錯,-0.002,60,錯,1.192
seq_004,3925,camera_7,18,L2_not_in_candidates,60,,開新,,開新,,,開新,1.449,60,對,2.642
seq_004,3945,camera_2,39,OK,4,4,對,4,對,5.0,4,對,3.806,4,對,5.0
seq_004,3965,camera_6,26,L2_not_in_candidates,68,48,錯,48,錯,,48,錯,,48,錯,
seq_004,3970,camera_7,19,L2_not_in_candidates,48,,開新,,開新,,,開新,-2.585,68,錯,-1.391
seq_004,3975,camera_5,68,OK,4,4,對,4,對,5.0,4,對,3.806,4,對,5.0
seq_004,4000,camera_6,27,L1_ghost,,48,錯,,開新,,,開新,,,開新,
seq_004,4010,camera_2,40,OK,4,4,對,4,對,5.0,4,對,3.806,4,對,5.0
seq_004,4010,camera_3,38,OK,4,4,對,4,對,5.0,4,對,3.806,4,對,5.0
seq_004,4020,camera_6,28,L2_not_in_candidates,67,48,錯,48,錯,,48,錯,,48,錯,
seq_004,4040,camera_6,29,L1_ghost,,48,錯,,開新,,,開新,,,開新,
seq_004,4050,camera_4,24,L3_not_top1,4,48,錯,48,錯,,48,錯,-0.994,48,錯,0.199
seq_004,4060,camera_1,38,L2_not_in_candidates,48,,開新,,開新,,,開新,-3.052,,開新,-1.858
seq_004,4060,camera_6,30,L2_not_in_candidates,69,48,錯,48,錯,,48,錯,,48,錯,
seq_004,4060,camera_6,31,L1_ghost,,48,錯,,開新,,48,錯,,48,錯,
seq_004,4075,camera_5,69,OK,48,48,對,48,對,5.0,48,對,3.806,48,對,5.0
seq_004,4080,camera_5,70,L1_ghost,,48,錯,,開新,,,開新,,,開新,
seq_004,4095,camera_3,39,L2_not_in_candidates,71,48,錯,48,錯,,48,錯,,48,錯,
seq_004,4105,camera_1,39,L1_ghost,,,開新,,開新,,,開新,,,開新,
seq_004,4105,camera_5,71,OK,48,48,對,48,對,5.0,48,對,3.806,48,對,5.0
seq_004,4115,camera_5,72,OK,48,48,對,48,對,5.0,48,對,3.806,48,對,5.0
seq_004,4140,camera_5,73,OK,48,48,對,48,對,5.0,48,對,3.806,48,對,5.0
seq_004,4145,camera_2,41,OK,48,48,對,48,對,5.0,48,對,3.806,48,對,5.0
seq_004,4170,camera_1,40,L1_ghost,,,開新,,開新,,,開新,,,開新,
seq_004,4170,camera_2,42,L1_ghost,,48,錯,,開新,,,開新,,,開新,
seq_004,4270,camera_5,74,L1_ghost,,48,錯,,開新,,48,錯,,48,錯,
seq_004,4310,camera_5,75,L1_ghost,,48,錯,,開新,,48,錯,,48,錯,
seq_004,4315,camera_3,40,L1_ghost,,48,錯,,開新,,,開新,,,開新,
seq_004,4325,camera_2,43,OK,48,48,對,48,對,3.614,48,對,2.42,48,對,3.614
seq_004,4340,camera_5,76,L2_not_in_candidates,70,48,錯,48,錯,,48,錯,,48,錯,
seq_004,4345,camera_2,44,OK,48,48,對,48,對,3.614,48,對,2.42,48,對,3.614
seq_004,4355,camera_4,25,L3_not_top1,4,48,錯,48,錯,,48,錯,-2.585,48,錯,-1.391
seq_004,4360,camera_6,32,OK,48,48,對,48,對,3.054,48,對,1.86,48,對,3.054
seq_004,4370,camera_2,45,OK,48,48,對,48,對,5.0,48,對,3.806,48,對,5.0
seq_004,4370,camera_4,26,OK,48,48,對,48,對,3.901,48,對,2.708,48,對,3.901
seq_004,4370,camera_6,33,L1_ghost,,48,錯,,開新,,,開新,,,開新,
seq_004,4400,camera_2,46,OK,48,48,對,48,對,4.307,48,對,3.113,48,對,4.307
seq_004,4405,camera_6,34,L2_not_in_candidates,66,48,錯,48,錯,,48,錯,,48,錯,
seq_004,4420,camera_1,41,L2_not_in_candidates,48,,開新,,開新,,,開新,-2.413,,開新,-1.219
seq_004,4420,camera_6,35,L1_ghost,,48,錯,,開新,,48,錯,,48,錯,
seq_004,4425,camera_1,42,L1_ghost,,,開新,,開新,,,開新,,,開新,
seq_004,4425,camera_1,43,L1_ghost,,,開新,,開新,,,開新,,,開新,
seq_004,4440,camera_1,44,L2_not_in_candidates,74,,開新,,開新,,,開新,,,開新,
seq_004,4445,camera_4,27,OK,48,48,對,48,對,3.901,48,對,2.708,48,對,3.901
seq_004,4445,camera_5,77,OK,48,48,對,48,對,3.901,48,對,2.708,48,對,3.901
seq_004,4480,camera_1,45,L2_not_in_candidates,48,,開新,,開新,,74,錯,-2.413,74,錯,-1.219
seq_004,4480,camera_4,28,OK,48,48,對,48,對,3.901,48,對,2.708,48,對,3.901
seq_004,4535,camera_3,41,L2_not_in_candidates,78,48,錯,48,錯,,48,錯,,48,錯,
seq_004,4570,camera_2,47,OK,48,48,對,48,對,4.307,48,對,3.113,48,對,4.307
seq_004,4570,camera_5,78,L1_ghost,,48,錯,,開新,,,開新,,,開新,
seq_004,4595,camera_4,29,OK,48,48,對,48,對,3.901,48,對,2.708,48,對,3.901
seq_004,4595,camera_6,36,OK,48,48,對,48,對,3.901,48,對,2.708,48,對,3.901
seq_004,4630,camera_5,79,OK,48,48,對,48,對,4.307,48,對,3.113,48,對,4.307
seq_004,4635,camera_3,42,OK,48,48,對,48,對,4.307,48,對,3.113,48,對,4.307
seq_004,4640,camera_1,46,L2_not_in_candidates,48,,開新,,開新,,,開新,-2.413,78,錯,-1.219
seq_004,4650,camera_6,37,L1_ghost,,48,錯,,開新,,,開新,,,開新,
seq_004,4690,camera_2,48,OK,48,48,對,48,對,5.0,48,對,3.806,48,對,5.0
seq_004,4695,camera_3,43,L2_not_in_candidates,77,48,錯,48,錯,,48,錯,,48,錯,
seq_004,4695,camera_3,44,OK,48,48,對,48,對,5.0,48,對,3.806,48,對,5.0
seq_004,4715,camera_2,49,OK,48,48,對,48,對,5.0,48,對,3.806,48,對,5.0
seq_004,4715,camera_5,80,OK,48,48,對,48,對,5.0,48,對,3.806,48,對,5.0
seq_004,4720,camera_3,45,OK,48,48,對,48,對,5.0,48,對,3.806,48,對,5.0
seq_004,4720,camera_3,46,OK,48,48,對,48,對,5.0,48,對,3.806,48,對,5.0
seq_004,4730,camera_1,47,L2_not_in_candidates,48,,開新,,開新,,,開新,-2.441,,開新,-1.247
seq_004,4735,camera_5,81,L1_ghost,,48,錯,,開新,,,開新,,,開新,
seq_004,4755,camera_1,48,L1_ghost,,,開新,,開新,,,開新,,,開新,
seq_004,4780,camera_7,20,L2_not_in_candidates,48,,開新,,開新,,,開新,-2.377,,開新,-1.183
seq_004,4785,camera_5,82,L1_ghost,,48,錯,,開新,,,開新,,48,錯,
seq_004,4805,camera_5,83,L1_ghost,,48,錯,,開新,,,開新,,48,錯,
seq_004,4825,camera_5,84,L1_ghost,,48,錯,,開新,,,開新,,,開新,
seq_004,4835,camera_4,30,OK,48,48,對,48,對,3.614,48,對,2.42,48,對,3.614
seq_004,4845,camera_1,49,L1_ghost,,,開新,,開新,,,開新,,80,錯,
seq_004,4850,camera_7,21,L2_not_in_candidates,82,,開新,,開新,,,開新,-0.244,,開新,0.95
seq_004,4860,camera_5,85,L1_ghost,,48,錯,,開新,,,開新,,,開新,
seq_004,4880,camera_2,50,OK,48,48,對,48,對,5.0,48,對,3.806,48,對,5.0
seq_004,4905,camera_2,51,L2_not_in_candidates,79,48,錯,48,錯,,48,錯,,48,錯,
seq_004,4905,camera_4,31,OK,48,48,對,48,對,3.614,48,對,2.42,48,對,3.614
seq_004,4905,camera_5,86,OK,48,48,對,48,對,4.307,48,對,3.113,48,對,4.307
seq_004,4925,camera_5,87,OK,48,48,對,48,對,4.307,48,對,3.113,48,對,4.307
seq_004,4930,camera_2,52,OK,48,48,對,48,對,4.307,48,對,3.113,48,對,4.307
seq_004,4940,camera_3,47,OK,48,48,對,48,對,4.307,48,對,3.113,48,對,4.307
seq_004,4940,camera_5,88,L1_ghost,,48,錯,,開新,,48,錯,,48,錯,
seq_004,4955,camera_3,48,OK,48,48,對,48,對,4.307,48,對,3.113,48,對,4.307
seq_004,4970,camera_1,50,L2_not_in_candidates,48,,開新,,開新,,79,錯,-2.413,79,錯,-1.219
seq_004,4970,camera_4,32,L3_not_top1,80,48,錯,48,錯,,48,錯,-2.563,48,錯,-1.369
seq_004,4980,camera_5,89,L2_not_in_candidates,84,48,錯,48,錯,,48,錯,-2.218,48,錯,-1.024
seq_004,4980,camera_6,38,L4_below_threshold,48,,開新,48,對,2.697,,開新,1.504,48,對,2.697
seq_004,4980,camera_7,22,L2_not_in_candidates,86,,開新,,開新,,,開新,,,開新,
seq_004,4990,camera_6,39,L1_ghost,,,開新,,開新,,,開新,,,開新,
seq_004,5005,camera_3,49,L1_ghost,,48,錯,,開新,,,開新,,,開新,
seq_004,5020,camera_7,23,L2_not_in_candidates,87,,開新,,開新,,87,對,2.037,87,對,3.231
seq_004,5050,camera_5,90,L1_ghost,,88,錯,,開新,,,開新,,48,錯,
seq_004,5050,camera_5,91,L3_not_top1,48,88,錯,88,錯,,88,錯,0.759,88,錯,1.952
seq_004,5055,camera_3,50,L3_not_top1,88,48,錯,48,錯,,48,錯,,48,錯,
seq_004,5080,camera_1,51,L1_ghost,,,開新,,開新,,,開新,,,開新,
seq_004,5085,camera_5,92,L3_not_top1,48,88,錯,88,錯,,88,錯,0.359,88,錯,1.552
seq_004,5105,camera_5,93,L1_ghost,,88,錯,,開新,,,開新,,,開新,
seq_004,5110,camera_1,52,L2_not_in_candidates,85,,開新,,開新,,77,錯,2.457,77,錯,3.651
seq_004,5130,camera_1,53,L1_ghost,,,開新,,開新,,,開新,,77,錯,
seq_004,5140,camera_5,94,L1_ghost,,88,錯,,開新,,88,錯,,88,錯,
seq_004,5150,camera_3,51,L2_not_in_candidates,91,48,錯,48,錯,,48,錯,,48,錯,
seq_004,5150,camera_4,33,OK,48,48,對,48,對,3.901,48,對,2.708,48,對,3.901
seq_004,5160,camera_5,95,L1_ghost,,86,錯,,開新,,88,錯,,88,錯,
seq_004,5185,camera_5,96,L1_ghost,,86,錯,,開新,,,開新,,88,錯,
seq_004,5215,camera_5,97,L1_ghost,,86,錯,,開新,,,開新,,,開新,
seq_004,5255,camera_4,34,OK,48,48,對,48,對,4.307,48,對,3.113,48,對,4.307
seq_004,5260,camera_5,98,L2_not_in_candidates,88,48,錯,48,錯,,48,錯,2.076,48,錯,3.27
seq_004,5345,camera_5,99,L3_not_top1,89,48,錯,48,錯,,48,錯,-0.846,48,錯,0.348
seq_004,5360,camera_5,100,OK,48,48,對,48,對,4.307,48,對,3.113,48,對,4.307
seq_004,5395,camera_5,101,L1_ghost,,4,錯,,開新,,48,錯,,48,錯,
seq_004,5400,camera_4,35,L1_ghost,,4,錯,,開新,,,開新,,,開新,
seq_004,5405,camera_4,36,L3_not_top1,48,4,錯,4,錯,,4,錯,-2.463,4,錯,-1.269
seq_004,5405,camera_5,102,L1_ghost,,4,錯,,開新,,,開新,,48,錯,
seq_004,5670,camera_2,53,L3_not_top1,48,4,錯,4,錯,,4,錯,-2.454,4,錯,-1.26
seq_004,5705,camera_5,103,L3_not_top1,48,4,錯,4,錯,,4,錯,-1.109,4,錯,0.085
seq_004,5715,camera_5,104,OK,4,4,對,4,對,5.0,4,對,3.806,4,對,5.0
seq_004,5725,camera_5,105,L3_not_top1,48,4,錯,4,錯,,4,錯,-1.331,4,錯,-0.137
seq_004,5755,camera_5,106,L1_ghost,,4,錯,,開新,,,開新,,,開新,
seq_004,5765,camera_5,107,L1_ghost,,4,錯,,開新,,4,錯,,4,錯,
seq_004,5770,camera_5,108,L1_ghost,,4,錯,,開新,,4,錯,,4,錯,
seq_004,5805,camera_1,54,L2_not_in_candidates,4,,開新,,開新,,,開新,-3.108,,開新,-1.914
seq_004,5810,camera_5,109,L2_not_in_candidates,93,4,錯,4,錯,,4,錯,,4,錯,
seq_004,5810,camera_5,110,L1_ghost,,4,錯,,開新,,,開新,,4,錯,
seq_004,5825,camera_5,111,L1_ghost,,4,錯,,開新,,4,錯,,4,錯,
seq_004,5825,camera_5,112,L1_ghost,,4,錯,,開新,,,開新,,4,錯,
seq_004,5850,camera_4,37,OK,4,4,對,4,對,5.0,4,對,3.806,4,對,5.0
seq_004,5860,camera_1,55,L1_ghost,,,開新,,開新,,,開新,,,開新,
seq_004,5880,camera_3,52,OK,4,4,對,4,對,4.307,4,對,3.113,4,對,4.307
seq_004,5885,camera_5,113,L1_ghost,,4,錯,,開新,,4,錯,,4,錯,
seq_004,5890,camera_5,114,L1_ghost,,4,錯,,開新,,,開新,,,開新,
seq_004,5930,camera_5,115,L1_ghost,,4,錯,,開新,,,開新,,4,錯,
seq_004,5945,camera_5,116,OK,4,4,對,4,對,4.307,4,對,3.113,4,對,4.307
seq_004,5990,camera_5,117,OK,4,4,對,4,對,4.307,4,對,3.113,4,對,4.307
seq_004,6000,camera_5,118,L1_ghost,,4,錯,,開新,,4,錯,,4,錯,
seq_004,6005,camera_5,119,L1_ghost,,4,錯,,開新,,4,錯,,4,錯,
seq_004,6010,camera_5,120,L1_ghost,,4,錯,,開新,,4,錯,,4,錯,
seq_004,6010,camera_5,121,L1_ghost,,4,錯,,開新,,4,錯,,4,錯,
seq_004,6060,camera_1,56,L1_ghost,,,開新,,開新,,,開新,,,開新,
seq_004,6060,camera_5,122,L1_ghost,,48,錯,,開新,,4,錯,,4,錯,
seq_004,6070,camera_1,57,L2_not_in_candidates,4,,開新,,開新,,,開新,-2.427,,開新,-1.233
seq_004,6130,camera_5,123,OK,48,48,對,48,對,4.307,48,對,3.113,48,對,4.307
seq_004,6160,camera_5,124,L2_not_in_candidates,96,48,錯,48,錯,,48,錯,-2.642,48,錯,-1.448
seq_004,6205,camera_2,54,L3_not_top1,4,48,錯,48,錯,,48,錯,-0.484,48,錯,0.71
seq_004,6225,camera_5,125,L1_ghost,,48,錯,,開新,,,開新,,4,錯,
seq_004,6280,camera_5,126,OK,48,48,對,48,對,4.307,48,對,3.113,48,對,4.307
seq_004,6300,camera_4,38,L3_not_top1,48,4,錯,4,錯,,4,錯,-5.528,4,錯,-4.334
seq_004,6320,camera_5,127,L1_ghost,,4,錯,,開新,,48,錯,,48,錯,
seq_004,6335,camera_2,55,OK,4,4,對,4,對,5.0,4,對,3.806,4,對,5.0
seq_004,6345,camera_1,58,L2_not_in_candidates,48,,開新,,開新,,,開新,-5.71,,開新,-4.516
seq_004,6360,camera_5,128,OK,4,4,對,4,對,5.0,4,對,3.806,4,對,5.0
seq_004,6400,camera_4,39,L2_not_in_candidates,97,4,錯,4,錯,,4,錯,,4,錯,
seq_004,6405,camera_5,129,L1_ghost,,4,錯,,開新,,,開新,,48,錯,
seq_004,6425,camera_3,53,L3_not_top1,4,48,錯,48,錯,,48,錯,-2.413,48,錯,-1.219
seq_004,6430,camera_5,130,OK,48,48,對,48,對,4.307,48,對,3.113,48,對,4.307
seq_004,6470,camera_5,131,L1_ghost,,48,錯,,開新,,,開新,,4,錯,
seq_004,6490,camera_5,132,OK,48,48,對,48,對,4.307,48,對,3.113,48,對,4.307
seq_004,6510,camera_1,59,L2_not_in_candidates,4,,開新,,開新,,81,錯,-2.413,81,錯,-1.219
seq_004,6510,camera_1,60,L1_ghost,,,開新,,開新,,,開新,,,開新,
seq_004,6525,camera_4,40,L3_not_top1,4,48,錯,48,錯,,48,錯,-0.236,48,錯,0.958
seq_004,6550,camera_5,133,OK,48,48,對,48,對,4.307,48,對,3.113,48,對,4.307
seq_004,6560,camera_5,134,L1_ghost,,48,錯,,開新,,,開新,,48,錯,
seq_004,6575,camera_2,56,OK,48,48,對,48,對,4.307,48,對,3.113,48,對,4.307
seq_004,6580,camera_3,54,OK,48,48,對,48,對,3.901,48,對,2.708,48,對,3.901
seq_004,6590,camera_3,55,L2_not_in_candidates,98,48,錯,48,錯,,48,錯,,48,錯,
seq_004,6610,camera_1,61,L1_ghost,,,開新,,開新,,97,錯,,97,錯,
seq_004,6625,camera_2,57,OK,48,48,對,48,對,3.901,48,對,2.708,48,對,3.901
seq_004,6650,camera_2,58,L1_ghost,,48,錯,,開新,,,開新,,,開新,
seq_004,6665,camera_1,62,L2_not_in_candidates,48,,開新,,開新,,100,錯,-2.43,100,錯,-1.236
seq_004,6675,camera_3,56,L1_ghost,,48,錯,,開新,,,開新,,,開新,
seq_004,6710,camera_1,63,L2_not_in_candidates,48,,開新,,開新,,,開新,-2.422,99,錯,-1.228
seq_004,6710,camera_5,135,OK,48,48,對,48,對,3.901,48,對,2.946,48,對,4.14
seq_004,6740,camera_4,41,L2_not_in_candidates,102,48,錯,48,錯,,48,錯,,48,錯,
seq_004,6750,camera_2,59,L2_not_in_candidates,101,48,錯,48,錯,,48,錯,,48,錯,
seq_004,6760,camera_5,136,L1_ghost,,48,錯,,開新,,,開新,,48,錯,
seq_004,6780,camera_4,42,OK,48,48,對,48,對,3.614,48,對,2.42,48,對,3.614
seq_004,6795,camera_5,137,L1_ghost,,48,錯,,開新,,,開新,,,開新,
seq_004,6820,camera_3,57,OK,48,48,對,48,對,3.614,48,對,2.42,48,對,3.614
seq_004,6825,camera_3,58,L1_ghost,,48,錯,,開新,,,開新,,,開新,
seq_004,6855,camera_5,138,L3_not_top1,4,48,錯,48,錯,,48,錯,-3.191,48,錯,-1.997
seq_004,6875,camera_5,139,L1_ghost,,48,錯,,開新,,,開新,,48,錯,
seq_004,6875,camera_5,140,OK,48,48,對,48,對,3.614,48,對,2.556,48,對,3.75
seq_004,6880,camera_3,59,OK,48,48,對,48,對,3.614,48,對,3.447,48,對,4.64
seq_004,6885,camera_5,141,OK,48,48,對,48,對,3.614,48,對,2.42,48,對,3.614
seq_004,6900,camera_3,60,OK,48,48,對,48,對,3.901,48,對,2.708,48,對,3.901
seq_004,6910,camera_5,142,L1_ghost,,48,錯,,開新,,4,錯,,4,錯,
seq_004,6915,camera_5,143,L1_ghost,,48,錯,,開新,,4,錯,,4,錯,
seq_004,6920,camera_5,144,OK,48,48,對,48,對,4.307,48,對,3.113,48,對,4.307
seq_004,6925,camera_1,64,L2_not_in_candidates,48,,開新,,開新,,,開新,-2.413,101,錯,-1.219
seq_004,6970,camera_2,60,OK,48,48,對,48,對,5.0,48,對,3.806,48,對,5.0
seq_004,6970,camera_4,43,OK,48,48,對,48,對,3.901,48,對,2.708,48,對,3.901
seq_004,6985,camera_1,65,L1_ghost,,,開新,,開新,,,開新,,,開新,
seq_004,6985,camera_5,145,L1_ghost,,48,錯,,開新,,48,錯,,48,錯,
seq_004,6995,camera_3,61,OK,48,48,對,48,對,5.0,48,對,3.806,48,對,5.0
seq_004,7030,camera_3,62,L1_ghost,,48,錯,,開新,,,開新,,,開新,
seq_004,7040,camera_5,146,L1_ghost,,48,錯,,開新,,48,錯,,48,錯,
seq_004,7065,camera_5,147,OK,48,48,對,48,對,5.0,48,對,3.806,48,對,5.0
seq_004,7070,camera_5,148,L1_ghost,,48,錯,,開新,,4,錯,,4,錯,
seq_004,7075,camera_4,44,OK,48,48,對,48,對,4.307,48,對,3.113,48,對,4.307
seq_004,7080,camera_5,149,L1_ghost,,48,錯,,開新,,48,錯,,48,錯,
seq_004,7090,camera_2,61,L2_not_in_candidates,103,48,錯,48,錯,,48,錯,,48,錯,
seq_004,7090,camera_5,150,OK,48,48,對,48,對,4.307,48,對,3.113,48,對,4.307
seq_004,7105,camera_5,151,OK,48,48,對,48,對,4.307,48,對,3.113,48,對,4.307
seq_004,7110,camera_5,152,L1_ghost,,48,錯,,開新,,48,錯,,48,錯,
seq_004,7120,camera_5,153,L1_ghost,,48,錯,,開新,,4,錯,,4,錯,
seq_004,7140,camera_4,45,L1_ghost,,48,錯,,開新,,48,錯,,48,錯,
seq_004,7145,camera_5,154,L1_ghost,,48,錯,,開新,,,開新,,4,錯,
seq_004,7150,camera_2,62,L1_ghost,,48,錯,,開新,,,開新,,,開新,
seq_004,7155,camera_1,66,L2_not_in_candidates,48,,開新,,開新,,103,錯,-2.413,103,錯,-1.219
seq_004,7165,camera_3,63,OK,48,48,對,48,對,3.901,48,對,2.708,48,對,3.901
seq_004,7175,camera_5,155,L1_ghost,,48,錯,,開新,,4,錯,,4,錯,
seq_004,7240,camera_2,63,OK,48,48,對,48,對,4.307,48,對,3.113,48,對,4.307
seq_004,7245,camera_4,46,OK,48,48,對,48,對,3.391,48,對,2.197,48,對,3.391
seq_004,7250,camera_5,156,L1_ghost,,48,錯,,開新,,48,錯,,48,錯,
seq_004,7255,camera_4,47,OK,48,48,對,48,對,3.391,48,對,2.197,48,對,3.391
seq_004,7275,camera_1,67,L2_not_in_candidates,48,,開新,,開新,,102,錯,-2.416,102,錯,-1.222
seq_004,7280,camera_5,157,L1_ghost,,48,錯,,開新,,,開新,,48,錯,
seq_004,7290,camera_5,158,L1_ghost,,48,錯,,開新,,,開新,,,開新,
seq_004,7310,camera_2,64,L2_not_in_candidates,106,48,錯,48,錯,,48,錯,,48,錯,
seq_004,7325,camera_5,159,OK,48,48,對,48,對,4.307,48,對,3.113,48,對,4.307
seq_004,7355,camera_4,48,OK,48,48,對,48,對,3.901,48,對,2.708,48,對,3.901
seq_004,7365,camera_5,160,L2_not_in_candidates,105,48,錯,48,錯,,48,錯,,48,錯,
seq_004,7370,camera_4,49,OK,48,48,對,48,對,3.901,48,對,3.745,48,對,4.939
seq_004,7380,camera_5,161,OK,48,48,對,48,對,3.901,48,對,3.339,48,對,4.533
seq_004,7385,camera_5,162,L1_ghost,,48,錯,,開新,,48,錯,,48,錯,
seq_004,7390,camera_1,68,L1_ghost,,,開新,,開新,,,開新,,,開新,
seq_004,7390,camera_2,65,OK,48,48,對,48,對,3.901,48,對,3.359,48,對,4.553
seq_004,7400,camera_5,163,OK,48,48,對,48,對,3.901,48,對,2.708,48,對,3.901
seq_004,7495,camera_5,164,L1_ghost,,48,錯,,開新,,48,錯,,48,錯,
seq_004,7535,camera_4,50,OK,48,48,對,48,對,3.901,48,對,2.708,48,對,3.901
seq_004,7585,camera_5,165,OK,48,48,對,48,對,5.0,48,對,3.806,48,對,5.0
seq_004,7590,camera_6,40,L4_below_threshold,48,,開新,48,對,2.697,,開新,1.504,48,對,2.697
seq_004,7625,camera_4,51,L3_not_top1,48,4,錯,4,錯,,4,錯,2.493,4,錯,3.686
seq_004,7625,camera_5,166,OK,108,108,對,108,對,5.0,108,對,3.806,108,對,5.0
seq_004,7665,camera_6,41,L4_below_threshold,108,,開新,108,對,2.803,,開新,1.609,108,對,2.803
seq_004,7670,camera_5,167,L1_ghost,,4,錯,,開新,,,開新,,48,錯,
seq_004,7680,camera_2,66,L3_not_top1,48,4,錯,4,錯,,4,錯,-2.427,4,錯,-1.233
seq_004,7685,camera_4,52,L3_not_top1,48,4,錯,4,錯,,4,錯,0.183,4,錯,1.377
seq_004,7725,camera_5,168,L1_ghost,,4,錯,,開新,,,開新,,48,錯,
seq_004,7780,camera_6,42,L1_ghost,,,開新,,開新,,,開新,,,開新,
seq_004,7805,camera_5,169,L1_ghost,,4,錯,,開新,,,開新,,108,錯,
seq_004,7820,camera_6,43,L1_ghost,,,開新,,開新,,,開新,,,開新,
seq_004,7835,camera_7,24,L2_not_in_candidates,109,,開新,,開新,,,開新,,,開新,
seq_004,7840,camera_6,44,L3_not_top1,4,,開新,108,錯,,,開新,-0.055,108,錯,1.139
seq_004,7885,camera_4,53,L2_not_in_candidates,113,4,錯,4,錯,,4,錯,,4,錯,
seq_004,7910,camera_5,170,L1_ghost,,4,錯,,開新,,48,錯,,48,錯,
seq_004,7925,camera_5,171,L2_not_in_candidates,48,4,錯,4,錯,,4,錯,1.342,4,錯,2.536
seq_004,7940,camera_6,45,L1_ghost,,,開新,,開新,,,開新,,,開新,
seq_004,8000,camera_5,172,L1_ghost,,4,錯,,開新,,,開新,,48,錯,
seq_004,8000,camera_5,173,L1_ghost,,4,錯,,開新,,,開新,,48,錯,
seq_004,8005,camera_5,174,L1_ghost,,4,錯,,開新,,,開新,,48,錯,
seq_004,8010,camera_2,67,L2_not_in_candidates,112,4,錯,4,錯,,4,錯,-2.418,4,錯,-1.224
seq_004,8020,camera_5,175,L1_ghost,,4,錯,,開新,,,開新,,,開新,
seq_004,8085,camera_5,176,OK,4,4,對,4,對,5.0,4,對,3.806,4,對,5.0
seq_004,8110,camera_5,177,OK,4,4,對,4,對,5.0,4,對,3.806,4,對,5.0
seq_004,8120,camera_5,178,L3_not_top1,4,113,錯,113,錯,,113,錯,-2.184,113,錯,-0.99
seq_004,8120,camera_7,25,L2_not_in_candidates,4,,開新,,開新,,,開新,-2.418,,開新,-1.224
seq_004,8145,camera_2,68,OK,4,4,對,4,對,5.0,4,對,3.806,4,對,5.0
seq_004,8160,camera_2,69,L3_not_top1,48,4,錯,4,錯,,4,錯,-2.416,4,錯,-1.222
seq_004,8175,camera_5,179,L1_ghost,,4,錯,,開新,,,開新,,,開新,
seq_004,8255,camera_5,180,OK,4,4,對,4,對,5.0,4,對,3.806,4,對,5.0
seq_004,8275,camera_1,69,L2_not_in_candidates,4,,開新,,開新,,,開新,-2.413,,開新,-1.219
seq_004,8285,camera_1,70,L1_ghost,,,開新,,開新,,,開新,,,開新,
seq_004,8285,camera_5,181,L1_ghost,,4,錯,,開新,,,開新,,4,錯,
seq_004,8285,camera_5,182,L1_ghost,,4,錯,,開新,,,開新,,4,錯,
seq_004,8295,camera_2,70,L3_not_top1,113,4,錯,4,錯,,4,錯,-2.563,4,錯,-1.369
seq_004,8300,camera_3,64,OK,4,4,對,4,對,3.391,4,對,2.197,4,對,3.391
seq_004,8305,camera_1,71,L2_not_in_candidates,4,,開新,,開新,,,開新,-2.469,,開新,-1.275
seq_004,8310,camera_4,54,L2_not_in_candidates,116,4,錯,4,錯,,4,錯,,4,錯,
seq_004,8330,camera_6,46,L2_not_in_candidates,115,4,錯,4,錯,,4,錯,,4,錯,
seq_004,8340,camera_6,47,L1_ghost,,4,錯,,開新,,,開新,,,開新,
seq_004,8370,camera_2,71,OK,4,4,對,4,對,5.0,4,對,3.806,4,對,5.0
seq_004,8395,camera_4,55,L2_not_in_candidates,118,4,錯,4,錯,,4,錯,,4,錯,
seq_004,8410,camera_2,72,L3_not_top1,48,4,錯,4,錯,,4,錯,-3.135,4,錯,-1.942
seq_004,8510,camera_4,56,OK,4,4,對,4,對,4.307,4,對,3.113,4,對,4.307
seq_004,8515,camera_5,183,OK,4,4,對,4,對,4.307,4,對,3.113,4,對,4.307
seq_004,8520,camera_1,72,L2_not_in_candidates,4,,開新,,開新,,,開新,-2.422,,開新,-1.228
seq_004,8545,camera_4,57,L2_not_in_candidates,119,4,錯,4,錯,,4,錯,,4,錯,
seq_004,8550,camera_3,65,OK,4,4,對,4,對,3.901,4,對,2.708,4,對,3.901
seq_004,8565,camera_4,58,L1_ghost,,4,錯,,開新,,,開新,,,開新,
seq_006,0,camera_1,0,L0_first,,,開新,,開新,,,開新,,,開新,
seq_006,0,camera_1,1,L0_first,,,開新,,開新,,,開新,,,開新,
seq_006,0,camera_1,2,L0_first,,,開新,,開新,,,開新,,,開新,
seq_006,0,camera_1,3,L0_first,,,開新,,開新,,,開新,,,開新,
seq_006,0,camera_1,4,L0_first,,,開新,,開新,,,開新,,,開新,
seq_006,0,camera_1,5,L1_ghost,,,開新,,開新,,,開新,,,開新,
seq_006,0,camera_1,6,L1_ghost,,,開新,,開新,,,開新,,,開新,
seq_006,0,camera_3,0,L2_not_in_candidates,2,,開新,,開新,,,開新,,,開新,
seq_006,0,camera_3,1,L1_ghost,,,開新,,開新,,,開新,,,開新,
seq_006,30,camera_3,2,L2_not_in_candidates,3,,開新,,開新,,,開新,,,開新,
seq_006,90,camera_5,0,L0_first,,10,錯,10,錯,,10,錯,,10,錯,
seq_006,105,camera_5,1,L1_ghost,,10,錯,,開新,,,開新,,,開新,
seq_006,110,camera_5,2,L1_ghost,,10,錯,,開新,,,開新,,,開新,
seq_006,150,camera_3,3,L2_not_in_candidates,8,10,錯,10,錯,,10,錯,,10,錯,
seq_006,350,camera_1,7,L1_ghost,,,開新,,開新,,,開新,,,開新,
seq_006,400,camera_3,4,L1_ghost,,,開新,,開新,,,開新,,,開新,
seq_006,445,camera_3,5,L1_ghost,,,開新,,開新,,,開新,,,開新,
seq_006,450,camera_1,8,L1_ghost,,,開新,,開新,,,開新,,,開新,
seq_006,450,camera_1,9,L1_ghost,,,開新,,開新,,,開新,,,開新,
seq_006,480,camera_1,10,L3_not_top1,4,,開新,,開新,,,開新,-3.737,,開新,-2.543
seq_006,590,camera_3,6,L1_ghost,,,開新,,開新,,,開新,,,開新,
seq_006,620,camera_1,11,L1_ghost,,,開新,,開新,,,開新,,,開新,
seq_006,720,camera_3,7,L2_not_in_candidates,1,,開新,,開新,,13,錯,,13,錯,
seq_006,1090,camera_3,8,L2_not_in_candidates,19,,開新,,開新,,19,對,1.679,19,對,2.873
seq_006,1110,camera_1,12,L1_ghost,,,開新,,開新,,11,錯,,11,錯,
seq_006,1210,camera_1,13,L1_ghost,,,開新,,開新,,21,錯,,21,錯,
seq_006,1250,camera_3,9,L1_ghost,,,開新,,開新,,,開新,,,開新,
seq_006,1725,camera_5,3,L1_ghost,,23,錯,,開新,,,開新,,,開新,
seq_006,1740,camera_3,10,L1_ghost,,23,錯,,開新,,8,錯,,8,錯,
seq_006,1750,camera_5,4,L3_not_top1,10,23,錯,23,錯,,23,錯,,23,錯,
seq_006,1755,camera_5,5,L0_first,,23,錯,23,錯,,23,錯,,23,錯,
seq_006,1820,camera_5,6,L1_ghost,,23,錯,,開新,,23,錯,,23,錯,
seq_006,1900,camera_5,7,OK,23,23,對,23,對,3.208,23,對,2.014,23,對,3.208
seq_006,1930,camera_5,8,L1_ghost,,23,錯,,開新,,23,錯,,23,錯,
seq_006,1965,camera_2,0,L3_not_top1,23,20,錯,20,錯,,20,錯,-2.43,20,錯,-1.236
seq_006,1970,camera_4,0,L1_ghost,,20,錯,,開新,,,開新,,,開新,
seq_006,1990,camera_3,11,L1_ghost,,20,錯,,開新,,,開新,,,開新,
seq_006,1990,camera_4,1,L1_ghost,,20,錯,,開新,,20,錯,,20,錯,
seq_006,2015,camera_2,1,L3_not_top1,23,20,錯,20,錯,,20,錯,-2.416,20,錯,-1.222
seq_006,2055,camera_3,12,OK,20,20,對,20,對,4.307,20,對,3.113,20,對,4.307
seq_006,2100,camera_2,2,OK,20,20,對,20,對,4.307,20,對,3.113,20,對,4.307
seq_006,2110,camera_3,13,L1_ghost,,20,錯,,開新,,9,錯,,9,錯,
seq_006,2115,camera_3,14,OK,20,20,對,20,對,4.307,20,對,3.113,20,對,4.307
seq_006,2135,camera_1,14,L2_not_in_candidates,10,,開新,,開新,,,開新,-9.243,,開新,-8.05
seq_006,2190,camera_1,15,L1_ghost,,,開新,,開新,,,開新,,3,錯,
seq_006,2250,camera_1,16,L2_not_in_candidates,5,,開新,,開新,,21,錯,,21,錯,
seq_006,2300,camera_3,15,L2_not_in_candidates,24,20,錯,20,錯,,20,錯,,20,錯,
seq_006,2455,camera_1,17,L1_ghost,,,開新,,開新,,,開新,,,開新,
seq_006,2555,camera_1,18,L2_not_in_candidates,26,,開新,,開新,,,開新,,,開新,
seq_006,2750,camera_1,19,L2_not_in_candidates,16,,開新,,開新,,,開新,,,開新,
seq_006,2790,camera_1,20,L1_ghost,,,開新,,開新,,,開新,,,開新,
seq_006,2815,camera_3,16,L1_ghost,,20,錯,,開新,,10,錯,,10,錯,
seq_006,2850,camera_1,21,L3_not_top1,28,,開新,,開新,,,開新,-2.652,,開新,-1.458
seq_006,2870,camera_1,22,L2_not_in_candidates,20,,開新,,開新,,,開新,-2.563,,開新,-1.369
seq_006,2880,camera_1,23,L1_ghost,,,開新,,開新,,,開新,,,開新,
seq_006,2885,camera_3,17,OK,20,20,對,20,對,4.307,20,對,3.113,20,對,4.307
seq_006,2915,camera_1,24,L1_ghost,,,開新,,開新,,31,錯,,31,錯,
seq_006,3000,camera_1,25,L1_ghost,,,開新,,開新,,30,錯,,30,錯,
seq_006,3030,camera_3,18,L2_not_in_candidates,32,20,錯,20,錯,,20,錯,,20,錯,
seq_006,3035,camera_1,26,L2_not_in_candidates,31,,開新,,開新,,,開新,,26,錯,
seq_006,3040,camera_3,19,L1_ghost,,20,錯,,開新,,,開新,,10,錯,
seq_006,3060,camera_1,27,L2_not_in_candidates,20,,開新,,開新,,24,錯,-2.503,24,錯,-1.309
seq_006,3115,camera_1,28,L1_ghost,,,開新,,開新,,32,錯,,32,錯,
seq_006,3155,camera_1,29,L2_not_in_candidates,37,,開新,,開新,,,開新,,32,錯,
seq_006,3200,camera_1,30,L1_ghost,,,開新,,開新,,36,錯,,36,錯,
seq_006,3355,camera_2,3,OK,20,20,對,20,對,3.391,20,對,2.197,20,對,3.391
seq_006,3390,camera_1,31,L1_ghost,,,開新,,開新,,,開新,,,開新,
seq_006,3410,camera_3,20,L1_ghost,,20,錯,,開新,,,開新,,,開新,
seq_006,3610,camera_3,21,L1_ghost,,20,錯,,開新,,20,錯,,20,錯,
seq_006,3655,camera_1,32,L1_ghost,,,開新,,開新,,31,錯,,31,錯,
seq_006,3775,camera_1,33,L1_ghost,,,開新,,開新,,,開新,,,開新,
seq_006,3885,camera_1,34,L1_ghost,,,開新,,開新,,,開新,,43,錯,
seq_006,3905,camera_1,35,L1_ghost,,,開新,,開新,,,開新,,43,錯,
seq_006,3985,camera_1,36,L1_ghost,,,開新,,開新,,,開新,,44,錯,
seq_006,4040,camera_3,22,L1_ghost,,20,錯,,開新,,,開新,,,開新,
seq_006,4090,camera_1,37,L2_not_in_candidates,29,,開新,,開新,,,開新,,,開新,
seq_006,4230,camera_1,38,L1_ghost,,,開新,,開新,,,開新,,29,錯,
seq_006,4295,camera_3,23,OK,20,20,對,20,對,4.307,20,對,3.113,20,對,4.307
seq_006,4505,camera_3,24,L1_ghost,,20,錯,,開新,,20,錯,,20,錯,
seq_006,4515,camera_1,39,L2_not_in_candidates,39,,開新,,開新,,,開新,,37,錯,
seq_006,4545,camera_3,25,L1_ghost,,20,錯,,開新,,20,錯,,20,錯,
seq_006,4625,camera_3,26,L1_ghost,,,開新,,開新,,,開新,,20,錯,
seq_006,4650,camera_1,40,L2_not_in_candidates,10,,開新,,開新,,,開新,-8.494,,開新,-7.301
seq_006,4670,camera_1,41,L2_not_in_candidates,49,,開新,,開新,,,開新,,,開新,
seq_006,4745,camera_3,27,L1_ghost,,,開新,,開新,,,開新,,,開新,
seq_006,4755,camera_3,28,L1_ghost,,,開新,,開新,,,開新,,,開新,
seq_006,4765,camera_1,42,L2_not_in_candidates,20,,開新,,開新,,31,錯,-2.729,31,錯,-1.535
seq_006,4820,camera_3,29,L2_not_in_candidates,20,,開新,,開新,,54,錯,1.037,54,錯,2.231
seq_006,4860,camera_3,30,L1_ghost,,,開新,,開新,,,開新,,,開新,
seq_006,4895,camera_1,43,L1_ghost,,,開新,,開新,,,開新,,1,錯,
seq_006,4975,camera_1,44,L3_not_top1,52,,開新,,開新,,1,錯,-2.963,1,錯,-1.769
seq_006,5030,camera_3,31,L2_not_in_candidates,59,,開新,,開新,,,開新,,,開新,
seq_006,5045,camera_3,32,L1_ghost,,,開新,,開新,,,開新,,,開新,
seq_006,5165,camera_3,33,L2_not_in_candidates,20,,開新,,開新,,,開新,-5.445,60,錯,-4.251
seq_006,5180,camera_1,45,L1_ghost,,,開新,,開新,,51,錯,,51,錯,
seq_006,5185,camera_1,46,L1_ghost,,,開新,,開新,,,開新,,,開新,
seq_006,5215,camera_1,47,L2_not_in_candidates,47,,開新,,開新,,51,錯,,51,錯,
seq_006,5275,camera_1,48,L4_below_threshold,60,,開新,,開新,-1.369,,開新,-2.563,51,錯,-1.369
seq_006,5450,camera_3,34,L2_not_in_candidates,66,,開新,,開新,,,開新,,,開新,
seq_006,5590,camera_3,35,L1_ghost,,,開新,,開新,,,開新,,,開新,
seq_006,5590,camera_3,36,L1_ghost,,,開新,,開新,,,開新,,,開新,
seq_006,5630,camera_3,37,L3_not_top1,62,,開新,,開新,,,開新,-2.815,,開新,-1.621
seq_006,5645,camera_3,38,L2_not_in_candidates,70,,開新,,開新,,,開新,,,開新,
seq_006,5660,camera_3,39,L2_not_in_candidates,51,,開新,,開新,,,開新,,,開新,
seq_006,5740,camera_1,49,L2_not_in_candidates,65,,開新,,開新,,65,對,3.352,65,對,4.545
seq_006,5835,camera_1,50,L2_not_in_candidates,72,,開新,,開新,,,開新,,,開新,
seq_006,5835,camera_3,40,L1_ghost,,,開新,,開新,,,開新,,70,錯,
seq_006,5840,camera_1,51,L1_ghost,,,開新,,開新,,,開新,,,開新,
seq_006,5845,camera_1,52,L1_ghost,,,開新,,開新,,,開新,,,開新,
seq_006,5850,camera_1,53,L3_not_top1,67,,開新,,開新,,74,錯,-3.551,74,錯,-2.357
seq_006,5950,camera_3,41,L1_ghost,,,開新,,開新,,,開新,,,開新,
seq_006,5955,camera_3,42,L1_ghost,,,開新,,開新,,,開新,,,開新,
seq_006,5985,camera_1,54,L1_ghost,,,開新,,開新,,,開新,,,開新,
seq_006,6080,camera_3,43,L2_not_in_candidates,55,,開新,,開新,,,開新,,,開新,
seq_006,6125,camera_3,44,L2_not_in_candidates,56,,開新,,開新,,,開新,,,開新,
seq_006,6170,camera_2,4,L3_not_top1,78,83,錯,83,錯,,83,錯,-2.679,83,錯,-1.485
seq_006,6215,camera_2,5,L3_not_top1,71,83,錯,83,錯,,83,錯,,83,錯,
seq_007,0,camera_1,0,L0_first,,,開新,,開新,,,開新,,,開新,
seq_007,0,camera_1,1,L0_first,,,開新,,開新,,,開新,,,開新,
seq_007,0,camera_1,2,L0_first,,,開新,,開新,,,開新,,,開新,
seq_007,0,camera_2,0,L0_first,,,開新,,開新,,,開新,,,開新,
seq_007,0,camera_3,0,OK,4,4,對,4,對,5.0,4,對,3.806,4,對,5.0
seq_007,0,camera_3,1,L0_first,,4,錯,4,錯,,4,錯,,4,錯,
seq_007,0,camera_3,2,L2_not_in_candidates,3,4,錯,4,錯,,4,錯,,4,錯,
seq_007,25,camera_1,3,L1_ghost,,,開新,,開新,,,開新,,,開新,
seq_007,70,camera_1,4,L0_first,,,開新,,開新,,,開新,,,開新,
seq_007,190,camera_1,5,L1_ghost,,,開新,,開新,,,開新,,5,錯,
seq_007,215,camera_1,6,L1_ghost,,,開新,,開新,,6,錯,,6,錯,
seq_007,260,camera_1,7,L2_not_in_candidates,6,,開新,,開新,,,開新,0.252,,開新,1.446
seq_007,735,camera_1,8,L1_ghost,,,開新,,開新,,,開新,,,開新,
seq_007,1015,camera_1,9,L1_ghost,,,開新,,開新,,,開新,,,開新,
seq_007,1070,camera_1,10,L1_ghost,,,開新,,開新,,,開新,,,開新,
seq_007,1085,camera_1,11,L2_not_in_candidates,1,,開新,,開新,,,開新,,,開新,
seq_007,1300,camera_3,3,L1_ghost,,4,錯,,開新,,,開新,,,開新,
seq_007,1350,camera_1,12,L2_not_in_candidates,9,,開新,,開新,,,開新,,,開新,
seq_007,1530,camera_3,4,L1_ghost,,4,錯,,開新,,,開新,,,開新,
seq_007,1730,camera_1,13,L2_not_in_candidates,4,,開新,,開新,,,開新,-3.687,,開新,-2.493
seq_007,1745,camera_3,5,OK,4,4,對,4,對,5.0,4,對,3.806,4,對,5.0
seq_007,1825,camera_1,14,L1_ghost,,,開新,,開新,,,開新,,,開新,
seq_007,1895,camera_3,6,L1_ghost,,4,錯,,開新,,,開新,,,開新,
seq_007,1910,camera_3,7,L1_ghost,,4,錯,,開新,,,開新,,,開新,
seq_007,1990,camera_1,15,L1_ghost,,,開新,,開新,,,開新,,,開新,
seq_007,2015,camera_1,16,L2_not_in_candidates,2,,開新,,開新,,,開新,,,開新,
seq_007,2050,camera_1,17,L1_ghost,,,開新,,開新,,17,錯,,17,錯,
seq_007,2055,camera_1,18,L2_not_in_candidates,15,,開新,,開新,,15,對,3.215,15,對,4.409
seq_007,2320,camera_3,8,L1_ghost,,4,錯,,開新,,,開新,,,開新,
seq_007,2390,camera_1,19,L2_not_in_candidates,18,,開新,,開新,,,開新,,,開新,
seq_007,2455,camera_1,20,L1_ghost,,,開新,,開新,,13,錯,,13,錯,
seq_007,2625,camera_1,21,L2_not_in_candidates,13,,開新,,開新,,,開新,0.704,13,對,1.898
seq_007,2725,camera_3,9,L3_not_top1,20,4,錯,4,錯,,4,錯,-4.811,4,錯,-3.617
seq_007,3000,camera_1,22,L4_below_threshold,23,,開新,,開新,-2.711,,開新,-3.905,,開新,-2.711
seq_007,3130,camera_1,23,L2_not_in_candidates,24,,開新,,開新,,,開新,-0.309,,開新,0.884
seq_007,3130,camera_3,10,L1_ghost,,4,錯,,開新,,,開新,,,開新,
seq_007,3135,camera_3,11,OK,4,4,對,4,對,5.0,4,對,4.359,4,對,5.553
seq_007,3230,camera_3,12,L1_ghost,,4,錯,,開新,,4,錯,,4,錯,
seq_007,3235,camera_3,13,L1_ghost,,4,錯,,開新,,4,錯,,4,錯,
seq_007,3240,camera_1,24,L2_not_in_candidates,25,,開新,,開新,,,開新,,,開新,
seq_007,3575,camera_1,25,L2_not_in_candidates,26,,開新,,開新,,,開新,,,開新,
seq_007,3640,camera_1,26,L1_ghost,,,開新,,開新,,,開新,,26,錯,
seq_007,3840,camera_3,14,L2_not_in_candidates,27,4,錯,4,錯,,4,錯,,4,錯,
seq_007,3860,camera_1,27,L2_not_in_candidates,4,,開新,,開新,,2,錯,-4.648,2,錯,-3.454
seq_007,3895,camera_1,28,L1_ghost,,,開新,,開新,,29,錯,,29,錯,
seq_007,4160,camera_1,29,L2_not_in_candidates,21,,開新,,開新,,18,錯,,18,錯,
seq_007,4230,camera_1,30,L1_ghost,,,開新,,開新,,,開新,,18,錯,
seq_007,4345,camera_1,31,L1_ghost,,,開新,,開新,,,開新,,,開新,
seq_007,4600,camera_1,32,L1_ghost,,,開新,,開新,,,開新,,,開新,
seq_007,4635,camera_3,15,L3_not_top1,29,4,錯,4,錯,,4,錯,-5.487,4,錯,-4.293
seq_007,4750,camera_1,33,L1_ghost,,,開新,,開新,,,開新,,,開新,
seq_007,4805,camera_1,34,L2_not_in_candidates,14,,開新,,開新,,35,錯,,35,錯,
seq_007,4855,camera_3,16,OK,4,4,對,4,對,5.0,4,對,3.806,4,對,5.0
seq_007,4885,camera_1,35,L2_not_in_candidates,36,,開新,,開新,,35,錯,1.432,35,錯,2.625
seq_007,4900,camera_3,17,OK,4,4,對,4,對,5.0,4,對,3.806,4,對,5.0
seq_007,4985,camera_1,36,L2_not_in_candidates,4,,開新,,開新,,37,錯,-4.48,37,錯,-3.287
seq_007,4985,camera_1,37,L2_not_in_candidates,38,,開新,,開新,,37,錯,,37,錯,
seq_007,5025,camera_3,18,OK,4,4,對,4,對,5.0,4,對,3.815,4,對,5.008
seq_007,5170,camera_3,19,L1_ghost,,4,錯,,開新,,4,錯,,4,錯,
seq_007,5185,camera_3,20,L1_ghost,,4,錯,,開新,,,開新,,4,錯,
seq_007,5280,camera_3,21,L1_ghost,,4,錯,,開新,,,開新,,,開新,
seq_007,5325,camera_3,22,OK,4,4,對,4,對,5.0,4,對,3.806,4,對,5.0
seq_007,5745,camera_1,38,L2_not_in_candidates,4,,開新,,開新,,,開新,-3.413,,開新,-2.22
seq_007,5805,camera_1,39,L2_not_in_candidates,37,,開新,,開新,,,開新,,40,錯,
seq_007,5955,camera_1,40,L2_not_in_candidates,31,,開新,,開新,,,開新,,,開新,
seq_007,6240,camera_1,41,L1_ghost,,,開新,,開新,,,開新,,,開新,
seq_007,6510,camera_1,42,L1_ghost,,,開新,,開新,,,開新,,32,錯,
seq_007,6570,camera_1,43,L2_not_in_candidates,41,,開新,,開新,,,開新,,,開新,
seq_007,7040,camera_1,44,L2_not_in_candidates,45,,開新,,開新,,,開新,,,開新,
seq_007,7230,camera_3,23,L1_ghost,,4,錯,,開新,,,開新,,,開新,
seq_007,7375,camera_3,24,L1_ghost,,4,錯,,開新,,,開新,,,開新,
seq_007,7495,camera_3,25,L1_ghost,,4,錯,,開新,,,開新,,,開新,
seq_020,0,camera_1,0,L0_first,,,開新,,開新,,,開新,,,開新,
seq_020,0,camera_1,1,L0_first,,,開新,,開新,,,開新,,,開新,
seq_020,0,camera_1,2,L1_ghost,,,開新,,開新,,,開新,,,開新,
seq_020,0,camera_2,0,L0_first,,,開新,,開新,,,開新,,,開新,
seq_020,0,camera_2,1,L0_first,,,開新,,開新,,,開新,,,開新,
seq_020,0,camera_2,2,L0_first,,,開新,,開新,,,開新,,,開新,
seq_020,0,camera_2,3,L2_not_in_candidates,6,,開新,,開新,,,開新,,,開新,
seq_020,0,camera_3,0,L3_not_top1,5,7,錯,7,錯,,7,錯,,7,錯,
seq_020,0,camera_3,1,L3_not_top1,4,7,錯,7,錯,,7,錯,,7,錯,
seq_020,0,camera_3,2,L2_not_in_candidates,2,7,錯,7,錯,,7,錯,,7,錯,
seq_020,0,camera_3,3,L0_first,,7,錯,7,錯,,7,錯,,7,錯,
seq_020,0,camera_3,4,L0_first,,7,錯,7,錯,,7,錯,,7,錯,
seq_020,0,camera_3,5,L0_first,,7,錯,7,錯,,7,錯,,7,錯,
seq_020,0,camera_3,6,L2_not_in_candidates,1,7,錯,7,錯,,7,錯,,7,錯,
seq_020,0,camera_3,7,OK,7,7,對,7,對,3.614,7,對,2.42,7,對,3.614
seq_020,0,camera_4,0,L0_first,,7,錯,7,錯,,7,錯,,7,錯,
seq_020,0,camera_4,1,L0_first,,7,錯,7,錯,,7,錯,,7,錯,
seq_020,0,camera_4,2,L0_first,,7,錯,7,錯,,7,錯,,7,錯,
seq_020,0,camera_4,3,L1_ghost,,7,錯,,開新,,,開新,,,開新,
seq_020,25,camera_4,4,L1_ghost,,7,錯,,開新,,7,錯,,7,錯,
seq_020,30,camera_3,8,OK,7,7,對,7,對,3.614,7,對,2.42,7,對,3.614
seq_020,45,camera_3,9,OK,7,7,對,7,對,3.614,7,對,2.42,7,對,3.614
seq_020,130,camera_3,10,OK,7,7,對,7,對,3.614,7,對,2.537,7,對,3.731
seq_020,165,camera_2,4,OK,7,7,對,7,對,3.391,7,對,2.197,7,對,3.391
seq_020,365,camera_1,3,L2_not_in_candidates,7,,開新,,開新,,,開新,-2.463,,開新,-1.269
seq_020,395,camera_5,0,OK,7,7,對,7,對,3.901,7,對,2.708,7,對,3.901
seq_020,400,camera_5,1,L1_ghost,,7,錯,,開新,,,開新,,,開新,
seq_020,445,camera_4,5,L1_ghost,,7,錯,,開新,,,開新,,,開新,
seq_020,450,camera_2,5,OK,7,7,對,7,對,4.307,7,對,3.113,7,對,4.307
seq_020,480,camera_3,11,L1_ghost,,7,錯,,開新,,,開新,,,開新,
seq_020,490,camera_3,12,L1_ghost,,7,錯,,開新,,,開新,,,開新,
seq_020,495,camera_6,0,OK,7,7,對,7,對,4.307,7,對,3.113,7,對,4.307
seq_020,515,camera_2,6,OK,7,7,對,7,對,4.307,7,對,3.113,7,對,4.307
seq_020,585,camera_6,1,L1_ghost,,7,錯,,開新,,,開新,,,開新,
seq_020,595,camera_7,0,L2_not_in_candidates,7,,開新,,開新,,,開新,-2.492,,開新,-1.298
seq_020,685,camera_3,13,OK,7,7,對,7,對,4.307,7,對,3.113,7,對,4.307
seq_020,730,camera_3,14,L1_ghost,,7,錯,,開新,,,開新,,,開新,
seq_020,775,camera_3,15,OK,7,7,對,7,對,4.307,7,對,3.113,7,對,4.307
seq_020,785,camera_3,16,OK,7,7,對,7,對,4.307,7,對,3.113,7,對,4.307
seq_020,800,camera_4,6,L1_ghost,,7,錯,,開新,,7,錯,,7,錯,
seq_020,810,camera_2,7,L1_ghost,,7,錯,,開新,,,開新,,,開新,
seq_020,825,camera_2,8,OK,7,7,對,7,對,3.391,7,對,3.644,7,對,4.838
seq_020,835,camera_3,17,OK,7,7,對,7,對,3.614,7,對,2.42,7,對,3.614
seq_020,910,camera_3,18,OK,7,7,對,7,對,3.614,7,對,2.42,7,對,3.614
seq_020,920,camera_3,19,L1_ghost,,7,錯,,開新,,,開新,,7,錯,
seq_020,1000,camera_1,4,L2_not_in_candidates,8,,開新,,開新,,,開新,,,開新,
seq_020,1050,camera_3,20,L1_ghost,,7,錯,,開新,,,開新,,,開新,
seq_020,1160,camera_3,21,L0_first,,7,錯,7,錯,,7,錯,,7,錯,
seq_020,1470,camera_3,22,L1_ghost,,7,錯,,開新,,,開新,,,開新,
seq_020,1560,camera_3,23,L1_ghost,,7,錯,,開新,,7,錯,,7,錯,
seq_020,1855,camera_1,5,L2_not_in_candidates,10,,開新,,開新,,,開新,,,開新,
seq_020,1900,camera_3,24,L1_ghost,,7,錯,,開新,,,開新,,,開新,
seq_020,1995,camera_3,25,OK,7,7,對,7,對,4.307,7,對,3.113,7,對,4.307
seq_020,2055,camera_3,26,L1_ghost,,7,錯,,開新,,,開新,,,開新,
seq_020,2075,camera_3,27,L1_ghost,,7,錯,,開新,,,開新,,,開新,
seq_020,2100,camera_2,9,OK,7,7,對,7,對,4.307,7,對,3.113,7,對,4.307
seq_020,2150,camera_3,28,L1_ghost,,7,錯,,開新,,,開新,,,開新,
seq_020,2180,camera_3,29,L1_ghost,,7,錯,,開新,,7,錯,,7,錯,
seq_020,2205,camera_3,30,L1_ghost,,7,錯,,開新,,7,錯,,7,錯,
seq_020,2210,camera_1,6,L4_below_threshold,11,,開新,,開新,-0.235,2,錯,-1.428,2,錯,-0.235
seq_020,2210,camera_1,7,L2_not_in_candidates,12,,開新,,開新,,2,錯,,2,錯,
seq_020,2220,camera_5,2,OK,7,7,對,7,對,4.307,7,對,3.113,7,對,4.307
seq_020,2245,camera_1,8,L1_ghost,,,開新,,開新,,12,錯,,12,錯,
seq_020,2245,camera_3,31,OK,7,7,對,7,對,5.0,7,對,3.806,7,對,5.0
seq_020,2260,camera_3,32,L1_ghost,,7,錯,,開新,,7,錯,,7,錯,
seq_020,2265,camera_3,33,OK,7,7,對,7,對,5.0,7,對,3.806,7,對,5.0
seq_020,2285,camera_3,34,L1_ghost,,7,錯,,開新,,7,錯,,7,錯,
seq_020,2305,camera_3,35,L1_ghost,,7,錯,,開新,,,開新,,7,錯,
seq_020,2305,camera_4,7,OK,7,7,對,7,對,5.0,7,對,3.806,7,對,5.0
seq_020,2315,camera_1,9,L1_ghost,,,開新,,開新,,,開新,,13,錯,
seq_020,2360,camera_2,10,L1_ghost,,7,錯,,開新,,,開新,,,開新,
seq_020,2365,camera_6,2,OK,7,7,對,7,對,5.0,7,對,3.806,7,對,5.0
seq_020,2420,camera_2,11,OK,7,7,對,7,對,5.0,7,對,3.806,7,對,5.0
seq_020,2430,camera_1,10,L4_below_threshold,13,,開新,,開新,0.311,12,錯,-0.883,12,錯,0.311
seq_020,2435,camera_6,3,L1_ghost,,7,錯,,開新,,,開新,,,開新,
seq_020,2445,camera_3,36,OK,7,7,對,7,對,5.0,7,對,3.806,7,對,5.0
seq_020,2445,camera_5,3,OK,7,7,對,7,對,4.307,7,對,3.113,7,對,4.307
seq_020,2450,camera_7,1,L2_not_in_candidates,7,,開新,,開新,,,開新,-2.422,,開新,-1.228
seq_020,2460,camera_1,11,L1_ghost,,,開新,,開新,,,開新,,12,錯,
seq_020,2460,camera_5,4,L1_ghost,,7,錯,,開新,,,開新,,,開新,
seq_020,2475,camera_2,12,L1_ghost,,7,錯,,開新,,,開新,,,開新,
seq_020,2480,camera_1,12,L2_not_in_candidates,7,,開新,,開新,,1,錯,-2.503,1,錯,-1.309
seq_020,2485,camera_2,13,OK,7,7,對,7,對,4.307,7,對,3.113,7,對,4.307
seq_020,2485,camera_3,37,L1_ghost,,7,錯,,開新,,,開新,,,開新,
seq_020,2495,camera_2,14,OK,7,7,對,7,對,4.307,7,對,3.113,7,對,4.307
seq_020,2495,camera_5,5,OK,7,7,對,7,對,4.307,7,對,3.475,7,對,4.669
seq_020,2515,camera_5,6,L1_ghost,,7,錯,,開新,,7,錯,,7,錯,
seq_020,2530,camera_1,13,L2_not_in_candidates,7,,開新,,開新,,1,錯,-2.413,1,錯,-1.219
seq_020,2535,camera_5,7,L2_not_in_candidates,16,7,錯,7,錯,,7,錯,-2.579,7,錯,-1.385
seq_020,2540,camera_2,15,L1_ghost,,7,錯,,開新,,7,錯,,7,錯,
seq_020,2545,camera_1,14,L2_not_in_candidates,7,,開新,,開新,,,開新,-2.413,1,錯,-1.219
seq_020,2600,camera_2,16,OK,7,7,對,7,對,3.901,7,對,2.708,7,對,3.901
seq_020,2615,camera_5,8,L2_not_in_candidates,20,7,錯,7,錯,,7,錯,-2.53,7,錯,-1.336
seq_020,2625,camera_1,15,L2_not_in_candidates,19,,開新,,開新,,19,對,2.51,19,對,3.704
seq_020,2635,camera_4,8,OK,7,7,對,7,對,3.208,7,對,2.014,7,對,3.208
seq_020,2635,camera_6,4,OK,7,7,對,7,對,3.391,7,對,2.197,7,對,3.391
seq_020,2670,camera_6,5,L2_not_in_candidates,17,7,錯,7,錯,,7,錯,,7,錯,
seq_020,2675,camera_4,9,L2_not_in_candidates,21,7,錯,7,錯,,7,錯,,7,錯,
seq_020,2685,camera_6,6,L1_ghost,,7,錯,,開新,,,開新,,,開新,
seq_020,2690,camera_5,9,L1_ghost,,7,錯,,開新,,,開新,,,開新,
seq_020,2695,camera_4,10,OK,7,7,對,7,對,3.391,7,對,2.698,7,對,3.891
seq_020,2700,camera_3,38,OK,7,7,對,7,對,3.614,7,對,2.42,7,對,3.614
seq_020,2705,camera_6,7,OK,7,7,對,7,對,3.208,7,對,2.014,7,對,3.208
seq_020,2730,camera_3,39,L1_ghost,,7,錯,,開新,,,開新,,,開新,
seq_020,2740,camera_2,17,L2_not_in_candidates,22,7,錯,7,錯,,7,錯,,7,錯,
seq_020,2740,camera_5,10,L1_ghost,,7,錯,,開新,,,開新,,7,錯,
seq_020,2740,camera_7,2,L2_not_in_candidates,7,,開新,,開新,,,開新,-2.418,17,錯,-1.224
seq_020,2760,camera_5,11,L1_ghost,,7,錯,,開新,,,開新,,,開新,
seq_020,2760,camera_5,12,L1_ghost,,7,錯,,開新,,,開新,,,開新,
seq_020,2770,camera_2,18,OK,7,7,對,7,對,3.614,7,對,2.42,7,對,3.614
seq_020,2770,camera_5,13,L1_ghost,,7,錯,,開新,,,開新,,,開新,
seq_020,2775,camera_5,14,OK,7,7,對,7,對,3.614,7,對,2.42,7,對,3.614
seq_020,2775,camera_6,8,L1_ghost,,,開新,,開新,,7,錯,,7,錯,
seq_020,2790,camera_5,15,L1_ghost,,7,錯,,開新,,7,錯,,7,錯,
seq_020,2800,camera_1,16,L1_ghost,,,開新,,開新,,,開新,,,開新,
seq_020,2820,camera_2,19,OK,7,7,對,7,對,3.614,7,對,2.495,7,對,3.688
seq_020,2825,camera_1,17,L2_not_in_candidates,7,,開新,,開新,,,開新,-2.416,22,錯,-1.222
seq_020,2825,camera_2,20,OK,7,7,對,7,對,3.901,7,對,2.708,7,對,3.901
seq_020,2830,camera_5,16,OK,7,7,對,7,對,3.901,7,對,2.708,7,對,3.901
seq_020,2870,camera_6,9,L1_ghost,,,開新,,開新,,24,錯,,24,錯,
seq_020,2905,camera_1,18,L2_not_in_candidates,7,,開新,,開新,,,開新,-2.413,,開新,-1.219
seq_020,2930,camera_6,10,L4_below_threshold,7,,開新,7,對,2.697,,開新,1.504,7,對,2.697
seq_020,2955,camera_1,19,L1_ghost,,,開新,,開新,,28,錯,,28,錯,
seq_020,2985,camera_6,11,OK,7,7,對,7,對,3.054,7,對,1.86,7,對,3.054
seq_020,2990,camera_5,17,L2_not_in_candidates,28,7,錯,7,錯,,7,錯,-2.642,7,錯,-1.448
seq_020,2995,camera_5,18,L1_ghost,,7,錯,,開新,,,開新,,7,錯,
seq_020,2995,camera_5,19,L1_ghost,,7,錯,,開新,,7,錯,,7,錯,
seq_020,3010,camera_7,3,L2_not_in_candidates,29,,開新,,開新,,,開新,,,開新,
seq_020,3020,camera_5,20,L2_not_in_candidates,26,7,錯,7,錯,,7,錯,,7,錯,
seq_020,3075,camera_5,21,OK,7,7,對,7,對,5.0,7,對,3.806,7,對,5.0
seq_020,3080,camera_7,4,L2_not_in_candidates,7,,開新,,開新,,,開新,0.427,27,錯,1.621
seq_020,3100,camera_5,22,OK,7,7,對,7,對,5.0,7,對,3.806,7,對,5.0
seq_020,3115,camera_6,12,L4_below_threshold,7,,開新,7,對,2.803,7,對,1.84,7,對,3.033
seq_020,3145,camera_6,13,OK,7,7,對,7,對,2.921,7,對,1.727,7,對,2.921
seq_020,3160,camera_2,21,OK,7,7,對,7,對,5.0,7,對,3.806,7,對,5.0
seq_020,3170,camera_6,14,L1_ghost,,7,錯,,開新,,,開新,,,開新,
seq_020,3195,camera_7,5,L2_not_in_candidates,33,,開新,,開新,,,開新,,7,錯,
seq_020,3220,camera_3,40,OK,7,7,對,7,對,5.0,7,對,3.806,7,對,5.0
seq_020,3220,camera_4,11,OK,7,7,對,7,對,5.0,7,對,3.806,7,對,5.0
seq_020,3225,camera_1,20,L2_not_in_candidates,7,,開新,,開新,,,開新,-2.454,,開新,-1.26
seq_020,3240,camera_6,15,L2_not_in_candidates,32,7,錯,7,錯,,7,錯,,7,錯,
seq_020,3255,camera_7,6,L2_not_in_candidates,7,,開新,,開新,,,開新,1.279,7,對,2.473
seq_020,3280,camera_7,7,L2_not_in_candidates,34,,開新,,開新,,34,對,1.99,34,對,3.184
seq_020,3325,camera_7,8,L2_not_in_candidates,7,,開新,,開新,,,開新,-2.155,32,錯,-0.961
seq_020,3340,camera_7,9,L2_not_in_candidates,38,,開新,,開新,,32,錯,2.147,32,錯,3.341
seq_020,3350,camera_5,23,OK,7,7,對,7,對,5.0,7,對,3.806,7,對,5.0
seq_020,3380,camera_7,10,L2_not_in_candidates,23,,開新,,開新,,39,錯,3.299,39,錯,4.493
seq_020,3390,camera_6,16,L2_not_in_candidates,40,7,錯,7,錯,,7,錯,,7,錯,
seq_020,3400,camera_6,17,L1_ghost,,7,錯,,開新,,7,錯,,7,錯,
seq_020,3405,camera_7,11,L2_not_in_candidates,37,,開新,,開新,,,開新,0.161,7,錯,1.355
seq_020,3415,camera_5,24,L1_ghost,,7,錯,,開新,,,開新,,,開新,
seq_020,3420,camera_5,25,OK,7,7,對,7,對,5.0,7,對,3.806,7,對,5.0
seq_020,3420,camera_5,26,L1_ghost,,7,錯,,開新,,,開新,,,開新,
seq_020,3430,camera_6,18,L2_not_in_candidates,36,7,錯,7,錯,,7,錯,,7,錯,
seq_020,3435,camera_5,27,L1_ghost,,7,錯,,開新,,7,錯,,7,錯,
seq_020,3445,camera_7,12,L2_not_in_candidates,41,,開新,,開新,,41,對,2.298,41,對,3.492
seq_020,3455,camera_4,12,OK,7,7,對,7,對,4.307,7,對,3.113,7,對,4.307
seq_020,3460,camera_5,28,L1_ghost,,7,錯,,開新,,7,錯,,7,錯,
seq_020,3470,camera_3,41,L2_not_in_candidates,35,7,錯,7,錯,,7,錯,,7,錯,
seq_020,3515,camera_5,29,L1_ghost,,7,錯,,開新,,7,錯,,7,錯,
seq_020,3520,camera_5,30,L2_not_in_candidates,39,7,錯,7,錯,,7,錯,-1.521,7,錯,-0.328
seq_020,3520,camera_6,19,L2_not_in_candidates,42,,開新,7,錯,,,開新,,7,錯,
seq_020,3525,camera_2,22,OK,7,7,對,7,對,4.307,7,對,3.113,7,對,4.307
seq_020,3525,camera_5,31,L1_ghost,,7,錯,,開新,,,開新,,7,錯,
seq_020,3560,camera_5,32,OK,7,7,對,7,對,5.0,7,對,3.806,7,對,5.0
seq_020,3570,camera_5,33,L1_ghost,,7,錯,,開新,,,開新,,7,錯,
seq_020,3580,camera_2,23,OK,7,7,對,7,對,4.307,7,對,3.113,7,對,4.307
seq_020,3610,camera_5,34,OK,7,7,對,7,對,4.307,7,對,3.113,7,對,4.307
seq_020,3610,camera_5,35,L1_ghost,,7,錯,,開新,,,開新,,7,錯,
seq_020,3620,camera_5,36,L1_ghost,,7,錯,,開新,,7,錯,,7,錯,
seq_020,3625,camera_2,24,L2_not_in_candidates,43,7,錯,7,錯,,7,錯,,7,錯,
seq_020,3625,camera_4,13,OK,7,7,對,7,對,4.307,7,對,3.113,7,對,4.307
seq_020,3655,camera_5,37,OK,7,7,對,7,對,4.307,7,對,3.113,7,對,4.307
seq_020,3670,camera_4,14,OK,7,7,對,7,對,4.307,7,對,3.113,7,對,4.307
seq_020,3710,camera_5,38,L1_ghost,,43,錯,,開新,,7,錯,,7,錯,
seq_020,3710,camera_5,39,L1_ghost,,43,錯,,開新,,7,錯,,7,錯,
seq_020,3740,camera_4,15,OK,7,7,對,7,對,4.307,7,對,3.113,7,對,4.307
seq_020,3765,camera_5,40,L1_ghost,,7,錯,,開新,,7,錯,,7,錯,
seq_020,3780,camera_3,42,OK,7,7,對,7,對,4.307,7,對,3.113,7,對,4.307
seq_020,3780,camera_3,43,L1_ghost,,7,錯,,開新,,,開新,,,開新,
seq_020,3780,camera_5,41,OK,7,7,對,7,對,4.307,7,對,3.113,7,對,4.307
seq_020,3795,camera_5,42,OK,7,7,對,7,對,4.307,7,對,3.113,7,對,4.307
seq_020,3800,camera_5,43,L1_ghost,,7,錯,,開新,,7,錯,,7,錯,
seq_020,3805,camera_6,20,L3_not_top1,7,,開新,43,錯,,,開新,0.22,43,錯,1.414
seq_020,3820,camera_5,44,L1_ghost,,44,錯,,開新,,7,錯,,7,錯,
seq_020,3830,camera_7,13,L2_not_in_candidates,31,,開新,,開新,,,開新,,,開新,
seq_020,3840,camera_5,45,L3_not_top1,7,44,錯,44,錯,,44,錯,2.847,44,錯,4.041
seq_020,3855,camera_6,21,L1_ghost,,,開新,,開新,,,開新,,,開新,
seq_020,3860,camera_5,46,L1_ghost,,7,錯,,開新,,7,錯,,7,錯,
seq_020,3880,camera_5,47,L1_ghost,,46,錯,,開新,,7,錯,,7,錯,
seq_020,3885,camera_7,14,L2_not_in_candidates,44,,開新,,開新,,,開新,,,開新,
seq_020,3890,camera_5,48,L1_ghost,,46,錯,,開新,,7,錯,,7,錯,
seq_020,3920,camera_5,49,L3_not_top1,7,46,錯,46,錯,,46,錯,2.86,46,錯,4.054
seq_020,3935,camera_4,16,L0_first,,7,錯,7,錯,,7,錯,,7,錯,
seq_020,3945,camera_5,50,L1_ghost,,46,錯,,開新,,46,錯,,46,錯,
seq_020,3950,camera_5,51,L3_not_top1,7,46,錯,46,錯,,46,錯,2.428,46,錯,3.622
seq_020,3990,camera_5,52,L1_ghost,,46,錯,,開新,,46,錯,,46,錯,
seq_020,3995,camera_4,17,OK,7,7,對,7,對,3.901,7,對,2.708,7,對,3.901
seq_020,3995,camera_5,53,L1_ghost,,46,錯,,開新,,,開新,,44,錯,
seq_020,4000,camera_5,54,L1_ghost,,46,錯,,開新,,46,錯,,46,錯,
seq_020,4030,camera_5,55,L1_ghost,,46,錯,,開新,,46,錯,,46,錯,
seq_020,4050,camera_4,18,L3_not_top1,44,7,錯,7,錯,,7,錯,-2.416,7,錯,-1.222
seq_020,4060,camera_3,44,OK,7,7,對,7,對,3.614,7,對,2.42,7,對,3.614
seq_020,4065,camera_3,45,L1_ghost,,7,錯,,開新,,,開新,,,開新,
seq_020,4085,camera_5,56,L1_ghost,,7,錯,,開新,,7,錯,,7,錯,
seq_020,4085,camera_6,22,L3_not_top1,45,,開新,46,錯,,,開新,-2.834,46,錯,-1.64
seq_020,4095,camera_6,23,L1_ghost,,,開新,,開新,,,開新,,,開新,
seq_020,4100,camera_5,57,L1_ghost,,49,錯,,開新,,7,錯,,7,錯,
seq_020,4105,camera_5,58,L3_not_top1,7,49,錯,49,錯,,49,錯,0.257,49,錯,1.45
seq_020,4115,camera_5,59,L1_ghost,,49,錯,,開新,,,開新,,7,錯,
seq_020,4120,camera_2,25,OK,7,7,對,7,對,3.901,7,對,2.708,7,對,3.901
seq_020,4125,camera_5,60,L1_ghost,,7,錯,,開新,,,開新,,7,錯,
seq_020,4135,camera_3,46,OK,7,7,對,7,對,5.0,7,對,3.806,7,對,5.0
seq_020,4135,camera_4,19,OK,7,7,對,7,對,5.0,7,對,3.806,7,對,5.0
seq_020,4155,camera_2,26,OK,7,7,對,7,對,3.614,7,對,2.42,7,對,3.614
seq_020,4185,camera_1,21,L2_not_in_candidates,7,,開新,,開新,,,開新,-2.427,,開新,-1.233
seq_020,4190,camera_4,20,OK,7,7,對,7,對,4.307,7,對,3.113,7,對,4.307
seq_020,4190,camera_5,61,L1_ghost,,49,錯,,開新,,49,錯,,49,錯,
seq_020,4200,camera_2,27,OK,7,7,對,7,對,3.614,7,對,2.42,7,對,3.614
seq_020,4200,camera_5,62,L3_not_top1,7,49,錯,49,錯,,49,錯,-0.271,49,錯,0.923
seq_020,4215,camera_1,22,L2_not_in_candidates,7,,開新,,開新,,,開新,-2.43,,開新,-1.236
seq_020,4225,camera_3,47,L2_not_in_candidates,51,7,錯,7,錯,,7,錯,,7,錯,
seq_020,4225,camera_5,63,L3_not_top1,48,49,錯,49,錯,,49,錯,-2.642,49,錯,-1.448
seq_020,4240,camera_2,28,OK,7,7,對,7,對,3.391,7,對,2.197,7,對,3.391
seq_020,4270,camera_4,21,L3_not_top1,46,7,錯,7,錯,,7,錯,-2.834,7,錯,-1.64
seq_020,4275,camera_2,29,L3_not_top1,49,7,錯,7,錯,,7,錯,-2.413,7,錯,-1.219
seq_020,4280,camera_5,64,L1_ghost,,48,錯,,開新,,,開新,,7,錯,
seq_020,4285,camera_5,65,L3_not_top1,7,48,錯,48,錯,,48,錯,0.224,48,錯,1.418
seq_020,4285,camera_5,66,L1_ghost,,48,錯,,開新,,,開新,,,開新,
seq_020,4310,camera_3,48,OK,7,7,對,7,對,3.391,7,對,2.197,7,對,3.391
seq_020,4315,camera_1,23,L2_not_in_candidates,50,,開新,,開新,,,開新,,,開新,
seq_020,4320,camera_4,22,OK,7,7,對,7,對,3.391,7,對,2.197,7,對,3.391
seq_020,4320,camera_5,67,L3_not_top1,7,48,錯,48,錯,,48,錯,-0.537,48,錯,0.657
seq_020,4325,camera_3,49,L1_ghost,,7,錯,,開新,,,開新,,7,錯,
seq_020,4350,camera_2,30,OK,7,7,對,7,對,3.391,7,對,2.197,7,對,3.391
seq_020,4350,camera_2,31,OK,7,7,對,7,對,3.391,7,對,2.927,7,對,4.121
seq_020,4360,camera_4,23,L3_not_top1,49,7,錯,7,錯,,7,錯,-2.63,7,錯,-1.437
seq_020,4365,camera_5,68,L1_ghost,,7,錯,,開新,,48,錯,,48,錯,
seq_020,4385,camera_1,24,L2_not_in_candidates,7,,開新,,開新,,51,錯,-2.427,51,錯,-1.233
seq_020,4385,camera_5,69,OK,7,7,對,7,對,3.391,7,對,2.197,7,對,3.391
seq_020,4405,camera_1,25,L2_not_in_candidates,53,,開新,,開新,,53,對,2.785,53,對,3.979
seq_020,4410,camera_6,24,L2_not_in_candidates,9,,開新,49,錯,,,開新,,49,錯,
seq_020,4415,camera_5,70,L2_not_in_candidates,52,55,錯,55,錯,,55,錯,,55,錯,
seq_020,4445,camera_5,71,L2_not_in_candidates,54,55,錯,55,錯,,7,錯,,7,錯,
seq_020,4450,camera_5,72,L2_not_in_candidates,48,55,錯,55,錯,,55,錯,0.794,55,錯,1.988
seq_020,4455,camera_6,25,L3_not_top1,48,,開新,55,錯,,,開新,-2.463,55,錯,-1.269
seq_020,4475,camera_2,32,L3_not_top1,55,7,錯,7,錯,,7,錯,,7,錯,
seq_020,4485,camera_6,26,L1_ghost,,,開新,,開新,,,開新,,,開新,
seq_020,4485,camera_6,27,L1_ghost,,,開新,,開新,,,開新,,,開新,
seq_020,4505,camera_5,73,L1_ghost,,7,錯,,開新,,46,錯,,46,錯,
seq_020,4510,camera_5,74,L3_not_top1,55,7,錯,7,錯,,48,錯,1.687,48,錯,2.881
seq_020,4510,camera_6,28,L2_not_in_candidates,47,,開新,55,錯,,,開新,,55,錯,
seq_020,4525,camera_5,75,L1_ghost,,7,錯,,開新,,,開新,,46,錯,
seq_020,4540,camera_5,76,L2_not_in_candidates,49,7,錯,7,錯,,7,錯,-0.77,7,錯,0.423
seq_020,4545,camera_6,29,L1_ghost,,,開新,,開新,,58,錯,,58,錯,
seq_020,4550,camera_7,15,L2_not_in_candidates,7,,開新,,開新,,47,錯,-2.413,47,錯,-1.219
seq_020,4555,camera_5,77,L1_ghost,,7,錯,,開新,,7,錯,,7,錯,
seq_020,4595,camera_5,78,L1_ghost,,7,錯,,開新,,49,錯,,49,錯,
seq_020,4600,camera_5,79,L1_ghost,,7,錯,,開新,,7,錯,,7,錯,
seq_020,4635,camera_6,30,L2_not_in_candidates,56,,開新,55,錯,,56,對,4.669,56,對,5.863
seq_020,4645,camera_5,80,L1_ghost,,7,錯,,開新,,7,錯,,7,錯,
seq_020,4650,camera_4,24,L3_not_top1,46,7,錯,7,錯,,7,錯,-3.469,7,錯,-2.275
seq_020,4650,camera_6,31,L4_below_threshold,55,,開新,55,對,2.056,56,錯,0.862,56,錯,2.056
seq_020,4655,camera_6,32,L3_not_top1,7,,開新,55,錯,,,開新,0.057,55,錯,1.251
seq_020,4670,camera_5,81,OK,7,7,對,7,對,5.0,7,對,3.806,7,對,5.0
seq_020,4680,camera_4,25,L1_ghost,,,開新,,開新,,7,錯,,7,錯,
seq_020,4690,camera_5,82,L3_not_top1,7,65,錯,65,錯,,48,錯,1.698,48,錯,2.892
seq_020,4700,camera_6,33,L1_ghost,,,開新,,開新,,63,錯,,63,錯,
seq_020,4705,camera_6,34,L2_not_in_candidates,63,,開新,65,錯,,63,對,3.268,63,對,4.461
seq_020,4730,camera_7,16,L2_not_in_candidates,67,,開新,,開新,,,開新,,59,錯,
seq_020,4735,camera_5,83,L3_not_top1,7,65,錯,65,錯,,49,錯,0.463,49,錯,1.657
seq_020,4745,camera_5,84,L3_not_top1,7,65,錯,65,錯,,65,錯,0.999,65,錯,2.192
seq_020,4750,camera_2,33,OK,65,65,對,65,對,3.614,65,對,2.42,65,對,3.614
seq_020,4760,camera_5,85,L1_ghost,,65,錯,,開新,,7,錯,,7,錯,
seq_020,4760,camera_5,86,OK,65,65,對,65,對,5.0,65,對,3.806,65,對,5.0
seq_020,4760,camera_7,17,L2_not_in_candidates,64,,開新,,開新,,,開新,,67,錯,
seq_020,4765,camera_4,26,OK,65,65,對,65,對,5.0,65,對,3.806,65,對,5.0
seq_020,4770,camera_5,87,L3_not_top1,59,65,錯,65,錯,,65,錯,-2.642,65,錯,-1.448
seq_020,4785,camera_5,88,L3_not_top1,55,65,錯,65,錯,,65,錯,-1.494,65,錯,-0.301
seq_020,4810,camera_4,27,OK,65,65,對,65,對,5.0,65,對,3.806,65,對,5.0
seq_020,4810,camera_5,89,L1_ghost,,65,錯,,開新,,,開新,,65,錯,
seq_020,4815,camera_5,90,L3_not_top1,7,65,錯,65,錯,,65,錯,0.537,65,錯,1.731
seq_020,4835,camera_4,28,OK,65,65,對,65,對,5.0,65,對,3.806,65,對,5.0
seq_020,4835,camera_5,91,L1_ghost,,65,錯,,開新,,7,錯,,7,錯,
seq_020,4845,camera_4,29,OK,65,65,對,65,對,5.0,65,對,3.806,65,對,5.0
seq_020,4850,camera_2,34,OK,65,65,對,65,對,2.921,65,對,1.727,65,對,2.921
seq_020,4870,camera_3,50,L3_not_top1,7,65,錯,65,錯,,65,錯,-2.43,65,錯,-1.236
seq_020,4870,camera_5,92,L1_ghost,,65,錯,,開新,,,開新,,7,錯,
seq_020,4885,camera_4,30,OK,65,65,對,65,對,5.0,65,對,3.806,65,對,5.0
seq_020,4890,camera_5,93,L1_ghost,,65,錯,,開新,,,開新,,65,錯,
seq_020,4910,camera_2,35,OK,65,65,對,65,對,5.0,65,對,3.806,65,對,5.0
seq_020,4915,camera_3,51,OK,65,65,對,65,對,3.901,65,對,2.708,65,對,3.901
seq_020,4930,camera_1,26,L2_not_in_candidates,65,,開新,,開新,,,開新,-2.413,,開新,-1.219
seq_020,4930,camera_2,36,L3_not_top1,7,65,錯,65,錯,,65,錯,-2.422,65,錯,-1.228
seq_020,4955,camera_1,27,L2_not_in_candidates,65,,開新,,開新,,,開新,-2.413,,開新,-1.219
seq_020,4955,camera_5,94,L3_not_top1,7,65,錯,65,錯,,65,錯,-1.045,65,錯,0.148
seq_020,4955,camera_7,18,L2_not_in_candidates,68,,開新,,開新,,,開新,-0.315,,開新,0.879
seq_020,4960,camera_3,52,L2_not_in_candidates,71,65,錯,65,錯,,65,錯,,65,錯,
seq_020,4970,camera_2,37,OK,65,65,對,65,對,3.901,65,對,2.708,65,對,3.901
seq_020,4975,camera_3,53,L1_ghost,,65,錯,,開新,,,開新,,,開新,
seq_020,4990,camera_1,28,L2_not_in_candidates,65,,開新,,開新,,,開新,-2.422,70,錯,-1.228
seq_020,4995,camera_5,95,L1_ghost,,65,錯,,開新,,55,錯,,55,錯,
seq_020,5025,camera_5,96,L1_ghost,,65,錯,,開新,,65,錯,,65,錯,
seq_020,5040,camera_5,97,L1_ghost,,65,錯,,開新,,65,錯,,65,錯,
seq_020,5045,camera_5,98,OK,65,65,對,65,對,3.614,65,對,2.824,65,對,4.018
seq_020,5060,camera_5,99,L2_not_in_candidates,73,65,錯,65,錯,,65,錯,,65,錯,
seq_020,5080,camera_3,54,L2_not_in_candidates,70,65,錯,65,錯,,65,錯,-2.413,65,錯,-1.219
seq_020,5080,camera_5,100,OK,65,65,對,65,對,4.307,65,對,3.316,65,對,4.51
seq_020,5085,camera_7,19,L2_not_in_candidates,72,,開新,,開新,,,開新,0.183,,開新,1.377
seq_020,5100,camera_3,55,OK,65,65,對,65,對,4.307,65,對,3.113,65,對,4.307
seq_020,5130,camera_2,38,OK,65,65,對,65,對,5.0,65,對,3.806,65,對,5.0
seq_020,5140,camera_1,29,L2_not_in_candidates,65,,開新,,開新,,,開新,-2.413,,開新,-1.219
seq_020,5145,camera_5,101,OK,65,65,對,65,對,5.0,65,對,3.806,65,對,5.0
seq_020,5160,camera_3,56,OK,65,65,對,65,對,5.0,65,對,3.806,65,對,5.0
seq_020,5170,camera_1,30,L2_not_in_candidates,65,,開新,,開新,,73,錯,-2.413,73,錯,-1.219
seq_020,5175,camera_5,102,L1_ghost,,65,錯,,開新,,65,錯,,65,錯,
seq_020,5185,camera_2,39,OK,65,65,對,65,對,5.0,65,對,3.806,65,對,5.0
seq_020,5215,camera_3,57,OK,65,65,對,65,對,5.0,65,對,3.806,65,對,5.0
seq_020,5245,camera_7,20,L2_not_in_candidates,69,,開新,,開新,,,開新,,74,錯,
seq_020,5250,camera_3,58,OK,65,65,對,65,對,5.0,65,對,3.806,65,對,5.0
seq_020,5255,camera_1,31,L1_ghost,,,開新,,開新,,75,錯,,75,錯,
seq_020,5265,camera_3,59,L1_ghost,,65,錯,,開新,,,開新,,,開新,
seq_020,5270,camera_3,60,L1_ghost,,65,錯,,開新,,,開新,,,開新,
seq_020,5275,camera_1,32,L2_not_in_candidates,75,,開新,,開新,,75,對,1.997,75,對,3.191
seq_020,5280,camera_2,40,OK,65,65,對,65,對,3.054,65,對,1.86,65,對,3.054
seq_020,5280,camera_5,103,L1_ghost,,65,錯,,開新,,,開新,,65,錯,
seq_020,5315,camera_4,31,OK,65,65,對,65,對,3.391,65,對,2.197,65,對,3.391
seq_020,5335,camera_1,33,L2_not_in_candidates,65,,開新,,開新,,,開新,-2.454,71,錯,-1.26
seq_020,5355,camera_2,41,L2_not_in_candidates,76,65,錯,65,錯,,65,錯,-2.441,65,錯,-1.247
seq_020,5365,camera_6,35,L3_not_top1,74,65,錯,65,錯,,65,錯,-2.679,65,錯,-1.485
seq_020,5370,camera_5,104,L1_ghost,,65,錯,,開新,,,開新,,65,錯,
seq_020,5375,camera_6,36,L1_ghost,,65,錯,,開新,,,開新,,,開新,
seq_020,5380,camera_4,32,OK,65,65,對,65,對,3.391,65,對,2.197,65,對,3.391
seq_020,5405,camera_6,37,L2_not_in_candidates,62,65,錯,65,錯,,65,錯,,65,錯,
seq_020,5410,camera_3,61,L1_ghost,,65,錯,,開新,,,開新,,65,錯,
seq_020,5420,camera_3,62,OK,65,65,對,65,對,4.307,65,對,3.741,65,對,4.935
seq_020,5425,camera_3,63,OK,65,65,對,65,對,4.307,65,對,3.113,65,對,4.307
seq_020,5430,camera_2,42,OK,65,65,對,65,對,4.307,65,對,3.113,65,對,4.307
seq_020,5450,camera_6,38,L1_ghost,,65,錯,,開新,,,開新,,,開新,
seq_020,5475,camera_6,39,L2_not_in_candidates,77,65,錯,65,錯,,65,錯,,65,錯,
seq_020,5480,camera_4,33,OK,65,65,對,65,對,3.208,65,對,3.035,65,對,4.229
seq_020,5505,camera_2,43,OK,65,65,對,65,對,3.901,65,對,2.708,65,對,3.901
seq_020,5515,camera_1,34,L2_not_in_candidates,65,,開新,,開新,,78,錯,-2.413,78,錯,-1.219
seq_020,5535,camera_3,64,OK,65,65,對,65,對,3.901,65,對,2.708,65,對,3.901
seq_020,5535,camera_5,105,OK,65,65,對,65,對,3.901,65,對,2.708,65,對,3.901
seq_020,5560,camera_1,35,L1_ghost,,,開新,,開新,,,開新,,78,錯,
seq_020,5560,camera_5,106,OK,65,65,對,65,對,3.901,65,對,2.708,65,對,3.901
seq_020,5595,camera_2,44,L2_not_in_candidates,61,65,錯,65,錯,,65,錯,,65,錯,
seq_020,5605,camera_5,107,OK,65,65,對,65,對,4.307,65,對,3.113,65,對,4.307
seq_020,5625,camera_4,34,OK,65,65,對,65,對,3.391,65,對,2.197,65,對,3.391
seq_020,5640,camera_2,45,OK,65,65,對,65,對,4.307,65,對,3.113,65,對,4.307
seq_020,5665,camera_4,35,OK,65,65,對,65,對,3.614,65,對,2.758,65,對,3.951
seq_020,5670,camera_2,46,OK,65,65,對,65,對,3.901,65,對,2.763,65,對,3.957
seq_020,5695,camera_5,108,OK,65,65,對,65,對,5.0,65,對,3.806,65,對,5.0
seq_020,5695,camera_5,109,L1_ghost,,65,錯,,開新,,,開新,,65,錯,
seq_020,5700,camera_3,65,L2_not_in_candidates,81,65,錯,65,錯,,65,錯,,65,錯,
seq_020,5700,camera_3,66,L1_ghost,,65,錯,,開新,,,開新,,,開新,
seq_020,5700,camera_4,36,OK,65,65,對,65,對,3.208,65,對,2.014,65,對,3.208
seq_020,5745,camera_5,110,OK,65,65,對,65,對,3.614,65,對,2.42,65,對,3.614
seq_020,5750,camera_5,111,L1_ghost,,65,錯,,開新,,65,錯,,65,錯,
seq_020,5785,camera_5,112,OK,65,65,對,65,對,3.901,65,對,2.708,65,對,3.901
seq_020,5790,camera_3,67,L1_ghost,,65,錯,,開新,,,開新,,,開新,
seq_020,5805,camera_6,40,L4_below_threshold,65,,開新,65,對,2.803,,開新,1.609,65,對,2.803
seq_020,5815,camera_6,41,L1_ghost,,,開新,,開新,,,開新,,,開新,
seq_020,5820,camera_5,113,L3_not_top1,80,84,錯,84,錯,,84,錯,-3.66,84,錯,-2.466
seq_020,5825,camera_2,47,OK,65,65,對,65,對,4.307,65,對,3.113,65,對,4.307
seq_020,5830,camera_5,114,L1_ghost,,84,錯,,開新,,,開新,,,開新,
seq_020,5845,camera_1,36,L2_not_in_candidates,65,,開新,,開新,,78,錯,-2.422,78,錯,-1.228
seq_020,5845,camera_2,48,OK,65,65,對,65,對,4.307,65,對,4.109,65,對,5.303
seq_020,5860,camera_5,115,L3_not_top1,65,84,錯,84,錯,,65,對,3.639,65,對,4.833
seq_020,5865,camera_2,49,L1_ghost,,65,錯,,開新,,65,錯,,65,錯,
seq_020,5870,camera_5,116,OK,65,65,對,65,對,5.0,65,對,3.806,65,對,5.0
seq_020,5900,camera_5,117,OK,65,65,對,65,對,5.0,65,對,3.806,65,對,5.0
seq_020,5925,camera_3,68,L1_ghost,,65,錯,,開新,,,開新,,65,錯,
seq_020,5930,camera_5,118,L2_not_in_candidates,85,65,錯,65,錯,,65,錯,,65,錯,
seq_020,5945,camera_4,37,OK,65,65,對,65,對,2.921,65,對,1.727,65,對,2.921
seq_020,5955,camera_5,119,L1_ghost,,84,錯,,開新,,,開新,,65,錯,
seq_020,5955,camera_5,120,L1_ghost,,84,錯,,開新,,65,錯,,65,錯,
seq_020,5960,camera_5,121,L3_not_top1,65,84,錯,84,錯,,84,錯,2.869,84,錯,4.063
seq_020,5970,camera_5,122,L1_ghost,,84,錯,,開新,,65,錯,,65,錯,
seq_020,5980,camera_2,50,OK,65,65,對,65,對,4.307,65,對,3.113,65,對,4.307
seq_020,5995,camera_3,69,OK,65,65,對,65,對,4.307,65,對,3.251,65,對,4.445
seq_020,5995,camera_4,38,OK,65,65,對,65,對,3.054,65,對,2.795,65,對,3.989
seq_020,6005,camera_1,37,L2_not_in_candidates,65,,開新,,開新,,,開新,-2.413,,開新,-1.219
seq_020,6010,camera_5,123,OK,83,83,對,83,對,5.0,83,對,3.806,83,對,5.0
seq_020,6040,camera_2,51,OK,65,65,對,65,對,3.901,65,對,2.708,65,對,3.901
seq_020,6040,camera_6,42,L4_below_threshold,84,,開新,84,對,2.167,,開新,0.973,84,對,2.167
seq_020,6065,camera_6,43,L4_below_threshold,84,,開新,84,對,2.227,,開新,1.034,84,對,2.227
seq_020,6090,camera_6,44,L3_not_top1,65,,開新,84,錯,,,開新,0.195,84,錯,1.389
seq_020,6095,camera_3,70,L1_ghost,,65,錯,,開新,,,開新,,,開新,
seq_020,6105,camera_6,45,L2_not_in_candidates,88,,開新,84,錯,,,開新,,84,錯,
seq_020,6110,camera_6,46,L3_not_top1,65,,開新,84,錯,,,開新,0.057,84,錯,1.251
seq_020,6115,camera_1,38,L1_ghost,,,開新,,開新,,,開新,,,開新,
seq_020,6125,camera_7,21,L2_not_in_candidates,87,,開新,,開新,,,開新,,90,錯,
seq_020,6130,camera_1,39,L2_not_in_candidates,65,,開新,,開新,,,開新,-2.416,,開新,-1.222
seq_020,6145,camera_3,71,L3_not_top1,83,65,錯,65,錯,,65,錯,-2.997,65,錯,-1.803
seq_020,6145,camera_6,47,L2_not_in_candidates,93,,開新,84,錯,,,開新,,84,錯,
seq_020,6160,camera_1,40,L1_ghost,,,開新,,開新,,,開新,,92,錯,
seq_020,6170,camera_7,22,L1_ghost,,,開新,,開新,,,開新,,87,錯,
seq_020,6210,camera_6,48,L1_ghost,,84,錯,,開新,,,開新,,87,錯,
seq_020,6215,camera_7,23,L2_not_in_candidates,95,,開新,,開新,,93,錯,,93,錯,
seq_020,6240,camera_7,24,L2_not_in_candidates,90,,開新,,開新,,,開新,,84,錯,
seq_020,6275,camera_7,25,L2_not_in_candidates,98,,開新,,開新,,,開新,0.841,93,錯,2.035
seq_020,6275,camera_7,26,L1_ghost,,,開新,,開新,,,開新,,97,錯,
seq_020,6275,camera_7,27,L1_ghost,,,開新,,開新,,,開新,,97,錯,
seq_020,6280,camera_3,72,L1_ghost,,84,錯,,開新,,,開新,,,開新,
seq_020,6285,camera_6,49,L2_not_in_candidates,100,84,錯,84,錯,,84,錯,,84,錯,
seq_020,6290,camera_3,73,L2_not_in_candidates,86,84,錯,84,錯,,84,錯,,84,錯,
seq_020,6290,camera_3,74,L3_not_top1,65,84,錯,84,錯,,84,錯,-2.454,84,錯,-1.26
seq_020,6310,camera_2,52,L3_not_top1,65,84,錯,84,錯,,84,錯,0.099,84,錯,1.293
seq_020,6325,camera_1,41,L2_not_in_candidates,65,,開新,,開新,,,開新,-2.422,81,錯,-1.228
seq_020,6340,camera_3,75,L2_not_in_candidates,94,84,錯,84,錯,,84,錯,-2.442,84,錯,-1.248
seq_020,6345,camera_5,124,L3_not_top1,65,84,錯,84,錯,,84,錯,-2.469,84,錯,-1.275
seq_020,6345,camera_5,125,OK,84,84,對,84,對,4.307,84,對,3.113,84,對,4.307
seq_020,6355,camera_1,42,L1_ghost,,,開新,,開新,,,開新,,,開新,
seq_020,6355,camera_7,28,L2_not_in_candidates,89,,開新,,開新,,,開新,,,開新,
seq_020,6365,camera_6,50,L1_ghost,,84,錯,,開新,,,開新,,90,錯,
seq_020,6370,camera_6,51,L2_not_in_candidates,91,84,錯,84,錯,,84,錯,,84,錯,
seq_020,6375,camera_5,126,L1_ghost,,84,錯,,開新,,,開新,,,開新,
seq_020,6380,camera_1,43,L2_not_in_candidates,103,,開新,,開新,,103,對,3.049,103,對,4.242
seq_020,6380,camera_1,44,L1_ghost,,,開新,,開新,,103,錯,,103,錯,
seq_020,6380,camera_4,39,OK,84,84,對,84,對,5.0,84,對,3.806,84,對,5.0
seq_020,6380,camera_6,52,L2_not_in_candidates,65,84,錯,84,錯,,84,錯,-0.55,84,錯,0.643
seq_020,6400,camera_6,53,L1_ghost,,84,錯,,開新,,84,錯,,84,錯,
seq_020,6415,camera_5,127,L1_ghost,,84,錯,,開新,,,開新,,,開新,
seq_020,6430,camera_2,53,OK,84,84,對,84,對,5.0,84,對,3.806,84,對,5.0
seq_020,6435,camera_5,128,OK,84,84,對,84,對,5.0,84,對,3.806,84,對,5.0
seq_020,6450,camera_5,129,L1_ghost,,84,錯,,開新,,,開新,,,開新,
seq_020,6465,camera_3,76,L1_ghost,,84,錯,,開新,,,開新,,,開新,
seq_020,6475,camera_3,77,L2_not_in_candidates,79,84,錯,84,錯,,84,錯,,84,錯,
seq_020,6490,camera_6,54,L1_ghost,,84,錯,,開新,,,開新,,84,錯,
seq_020,6500,camera_5,130,L1_ghost,,84,錯,,開新,,84,錯,,84,錯,
seq_020,6515,camera_2,54,L2_not_in_candidates,106,84,錯,84,錯,,84,錯,,84,錯,
seq_020,6515,camera_5,131,OK,84,84,對,84,對,5.0,84,對,3.806,84,對,5.0
seq_020,6525,camera_5,132,L1_ghost,,84,錯,,開新,,84,錯,,84,錯,
seq_020,6545,camera_3,78,L1_ghost,,84,錯,,開新,,84,錯,,84,錯,
seq_020,6545,camera_6,55,L4_below_threshold,84,,開新,84,對,2.697,95,錯,1.504,95,錯,2.697
seq_020,6555,camera_2,55,OK,84,84,對,84,對,5.0,84,對,3.806,84,對,5.0
seq_020,6575,camera_2,56,OK,84,84,對,84,對,2.921,84,對,1.727,84,對,2.921
seq_020,6575,camera_2,57,OK,84,84,對,84,對,2.921,84,對,1.727,84,對,2.921
seq_020,6590,camera_5,133,L1_ghost,,84,錯,,開新,,84,錯,,84,錯,
seq_020,6595,camera_5,134,L1_ghost,,84,錯,,開新,,84,錯,,84,錯,
seq_020,6595,camera_7,29,L2_not_in_candidates,108,,開新,,開新,,99,錯,1.176,99,錯,2.37
seq_020,6600,camera_7,30,L2_not_in_candidates,99,,開新,,開新,,99,對,3.584,99,對,4.778
seq_020,6605,camera_6,56,L4_below_threshold,84,,開新,84,對,2.515,,開新,1.321,84,對,2.515
seq_020,6605,camera_6,57,L1_ghost,,,開新,,開新,,,開新,,84,錯,
seq_020,6610,camera_5,135,L1_ghost,,84,錯,,開新,,84,錯,,84,錯,
seq_020,6610,camera_6,58,L1_ghost,,,開新,,開新,,,開新,,108,錯,
seq_020,6615,camera_6,59,L1_ghost,,,開新,,開新,,,開新,,,開新,
seq_020,6615,camera_6,60,L1_ghost,,,開新,,開新,,,開新,,108,錯,
seq_020,6620,camera_4,40,OK,84,84,對,84,對,3.391,84,對,2.197,84,對,3.391
seq_020,6640,camera_4,41,OK,84,84,對,84,對,3.391,84,對,2.804,84,對,3.998
seq_020,6660,camera_6,61,L2_not_in_candidates,109,,開新,84,錯,,84,錯,,84,錯,
seq_020,6665,camera_5,136,L1_ghost,,84,錯,,開新,,84,錯,,84,錯,
seq_020,6680,camera_2,58,OK,84,84,對,84,對,4.307,84,對,3.113,84,對,4.307
seq_020,6680,camera_3,79,OK,84,84,對,84,對,4.307,84,對,3.113,84,對,4.307
seq_020,6695,camera_4,42,OK,84,84,對,84,對,3.391,84,對,2.197,84,對,3.391
seq_020,6700,camera_6,62,L1_ghost,,,開新,,開新,,,開新,,116,錯,
seq_020,6720,camera_2,59,OK,84,84,對,84,對,3.901,84,對,2.708,84,對,3.901
seq_020,6725,camera_5,137,L1_ghost,,84,錯,,開新,,84,錯,,84,錯,
seq_020,6730,camera_1,45,L2_not_in_candidates,84,,開新,,開新,,,開新,-2.413,,開新,-1.219
seq_020,6730,camera_5,138,L1_ghost,,84,錯,,開新,,84,錯,,84,錯,
seq_020,6730,camera_7,31,L2_not_in_candidates,111,,開新,,開新,,,開新,,114,錯,
seq_020,6745,camera_3,80,OK,84,84,對,84,對,3.901,84,對,2.708,84,對,3.901
seq_020,6755,camera_2,60,L1_ghost,,84,錯,,開新,,,開新,,,開新,
seq_020,6760,camera_6,63,L4_below_threshold,84,,開新,84,對,2.515,111,錯,1.321,111,錯,2.515
seq_020,6775,camera_7,32,L2_not_in_candidates,84,,開新,,開新,,109,錯,-2.318,109,錯,-1.124
seq_020,6785,camera_1,46,L2_not_in_candidates,118,,開新,,開新,,,開新,,,開新,
seq_020,6785,camera_2,61,OK,84,84,對,84,對,3.901,84,對,2.708,84,對,3.901
seq_020,6795,camera_6,64,L2_not_in_candidates,116,,開新,84,錯,,117,錯,-0.498,117,錯,0.695
seq_020,6805,camera_3,81,OK,84,84,對,84,對,3.901,84,對,2.708,84,對,3.901
seq_020,6830,camera_1,47,L2_not_in_candidates,84,,開新,,開新,,118,錯,-2.413,118,錯,-1.219
seq_020,6835,camera_6,65,L2_not_in_candidates,123,,開新,84,錯,,123,對,1.872,123,對,3.066
seq_020,6840,camera_7,33,L2_not_in_candidates,120,,開新,,開新,,109,錯,,109,錯,
seq_020,6850,camera_7,34,L2_not_in_candidates,105,,開新,,開新,,,開新,,119,錯,
seq_020,6855,camera_3,82,L1_ghost,,84,錯,,開新,,84,錯,,84,錯,
seq_020,6875,camera_4,43,L2_not_in_candidates,122,84,錯,84,錯,,84,錯,-2.463,84,錯,-1.269
seq_020,6905,camera_1,48,L1_ghost,,,開新,,開新,,,開新,,124,錯,
seq_020,6955,camera_5,139,OK,84,84,對,84,對,5.0,84,對,3.806,84,對,5.0
seq_020,6965,camera_3,83,L1_ghost,,84,錯,,開新,,,開新,,,開新,
seq_020,6965,camera_5,140,L1_ghost,,84,錯,,開新,,,開新,,84,錯,
seq_020,6965,camera_6,66,L2_not_in_candidates,110,84,錯,84,錯,,84,錯,,84,錯,
seq_020,6980,camera_6,67,L1_ghost,,84,錯,,開新,,,開新,,,開新,
seq_020,6990,camera_6,68,L2_not_in_candidates,125,84,錯,84,錯,,84,錯,,84,錯,
seq_020,6995,camera_4,44,L3_not_top1,121,84,錯,84,錯,,84,錯,-2.781,84,錯,-1.587
seq_020,7000,camera_2,62,OK,84,84,對,84,對,4.307,84,對,3.113,84,對,4.307
seq_020,7000,camera_7,35,L1_ghost,,,開新,,開新,,,開新,,84,錯,
seq_020,7010,camera_6,69,L1_ghost,,84,錯,,開新,,,開新,,,開新,
seq_020,7015,camera_6,70,L1_ghost,,84,錯,,開新,,,開新,,,開新,
seq_020,7020,camera_4,45,L3_not_top1,124,84,錯,84,錯,,84,錯,-2.563,84,錯,-1.369
seq_020,7020,camera_7,36,L1_ghost,,,開新,,開新,,,開新,,,開新,
seq_020,7025,camera_3,84,L1_ghost,,84,錯,,開新,,84,錯,,84,錯,
seq_020,7025,camera_6,71,L1_ghost,,84,錯,,開新,,,開新,,,開新,
seq_020,7035,camera_4,46,OK,84,84,對,84,對,3.614,84,對,2.42,84,對,3.614
seq_020,7045,camera_7,37,L4_below_threshold,119,,開新,,開新,-0.292,,開新,-1.486,84,錯,-0.292
seq_020,7085,camera_5,141,L1_ghost,,84,錯,,開新,,,開新,,,開新,
seq_020,7115,camera_5,142,L1_ghost,,84,錯,,開新,,,開新,,,開新,
seq_020,7120,camera_5,143,L1_ghost,,84,錯,,開新,,,開新,,,開新,
seq_020,7135,camera_1,49,L1_ghost,,,開新,,開新,,,開新,,,開新,
seq_020,7135,camera_3,85,L1_ghost,,84,錯,,開新,,,開新,,84,錯,
seq_020,7145,camera_5,144,OK,84,84,對,84,對,3.901,84,對,2.708,84,對,3.901
seq_020,7150,camera_1,50,L2_not_in_candidates,84,,開新,,開新,,,開新,-2.413,,開新,-1.219
seq_020,7150,camera_4,47,OK,84,84,對,84,對,3.901,84,對,2.708,84,對,3.901
seq_020,7165,camera_7,38,L2_not_in_candidates,126,,開新,,開新,,,開新,,95,錯,
seq_020,7195,camera_5,145,OK,84,84,對,84,對,4.307,84,對,3.113,84,對,4.307
seq_020,7200,camera_5,146,OK,84,84,對,84,對,4.307,84,對,3.113,84,對,4.307
seq_020,7220,camera_2,63,OK,84,84,對,84,對,4.307,84,對,3.113,84,對,4.307
seq_020,7220,camera_5,147,OK,84,84,對,84,對,4.307,84,對,3.113,84,對,4.307
seq_020,7230,camera_5,148,OK,84,84,對,84,對,4.307,84,對,3.113,84,對,4.307
seq_020,7235,camera_5,149,L1_ghost,,84,錯,,開新,,,開新,,,開新,
seq_020,7245,camera_5,150,OK,84,84,對,84,對,4.307,84,對,3.113,84,對,4.307
seq_020,7250,camera_2,64,L1_ghost,,84,錯,,開新,,84,錯,,84,錯,
seq_020,7265,camera_2,65,OK,84,84,對,84,對,4.307,84,對,3.113,84,對,4.307
seq_020,7280,camera_7,39,L2_not_in_candidates,134,,開新,,開新,,127,錯,1.89,127,錯,3.084
seq_020,7305,camera_5,151,L1_ghost,,125,錯,,開新,,84,錯,,84,錯,
seq_020,7315,camera_4,48,OK,84,84,對,84,對,3.901,84,對,2.708,84,對,3.901
seq_020,7320,camera_3,86,L1_ghost,,84,錯,,開新,,,開新,,,開新,
seq_020,7330,camera_5,152,L1_ghost,,84,錯,,開新,,84,錯,,84,錯,
seq_020,7335,camera_5,153,OK,84,84,對,84,對,3.901,84,對,2.708,84,對,3.901
seq_020,7345,camera_4,49,OK,84,84,對,84,對,4.307,84,對,3.113,84,對,4.307
seq_020,7350,camera_6,72,L2_not_in_candidates,131,,開新,125,錯,,,開新,,125,錯,
seq_020,7355,camera_6,73,L1_ghost,,,開新,,開新,,,開新,,,開新,
seq_020,7365,camera_5,154,L1_ghost,,84,錯,,開新,,84,錯,,84,錯,
seq_020,7370,camera_5,155,L1_ghost,,84,錯,,開新,,84,錯,,84,錯,
seq_020,7370,camera_5,156,L1_ghost,,84,錯,,開新,,84,錯,,84,錯,
seq_020,7395,camera_4,50,OK,84,84,對,84,對,5.0,84,對,3.806,84,對,5.0
seq_020,7400,camera_6,74,L2_not_in_candidates,127,,開新,125,錯,,137,錯,-2.485,137,錯,-1.291
seq_020,7405,camera_5,157,L1_ghost,,84,錯,,開新,,84,錯,,84,錯,
seq_020,7420,camera_5,158,L1_ghost,,84,錯,,開新,,84,錯,,84,錯,
seq_020,7420,camera_5,159,L1_ghost,,84,錯,,開新,,84,錯,,84,錯,
seq_020,7430,camera_3,87,OK,84,84,對,84,對,3.901,84,對,2.708,84,對,3.901
seq_020,7450,camera_5,160,OK,84,84,對,84,對,4.307,84,對,3.113,84,對,4.307
seq_020,7455,camera_4,51,OK,84,84,對,84,對,4.307,84,對,3.113,84,對,4.307
seq_020,7470,camera_5,161,L1_ghost,,84,錯,,開新,,84,錯,,84,錯,
seq_020,7485,camera_2,66,OK,84,84,對,84,對,4.307,84,對,3.113,84,對,4.307
seq_020,7485,camera_6,75,L3_not_top1,133,,開新,84,錯,,,開新,-3.191,84,錯,-1.997
seq_020,7490,camera_5,162,L1_ghost,,84,錯,,開新,,84,錯,,84,錯,
seq_020,7505,camera_1,51,L2_not_in_candidates,84,,開新,,開新,,,開新,-2.422,,開新,-1.228
seq_020,7510,camera_5,163,L3_not_top1,136,84,錯,84,錯,,84,錯,,84,錯,
seq_020,7510,camera_7,40,L2_not_in_candidates,138,,開新,,開新,,,開新,,,開新,
seq_020,7530,camera_6,76,L4_below_threshold,84,,開新,84,對,2.11,,開新,0.916,84,對,2.11
seq_020,7545,camera_5,164,L2_not_in_candidates,140,84,錯,84,錯,,84,錯,,84,錯,
seq_020,7550,camera_5,165,L1_ghost,,84,錯,,開新,,84,錯,,84,錯,
seq_020,7555,camera_5,166,L1_ghost,,84,錯,,開新,,84,錯,,84,錯,
seq_020,7565,camera_7,41,L2_not_in_candidates,139,,開新,,開新,,141,錯,,141,錯,
seq_020,7570,camera_5,167,OK,84,84,對,84,對,5.0,84,對,3.806,84,對,5.0
seq_020,7570,camera_6,77,L1_ghost,,,開新,,開新,,,開新,,,開新,
seq_020,7575,camera_2,67,OK,84,84,對,84,對,4.307,84,對,3.113,84,對,4.307
seq_020,7590,camera_5,168,L1_ghost,,84,錯,,開新,,,開新,,84,錯,
seq_020,7595,camera_5,169,OK,84,84,對,84,對,4.307,84,對,3.143,84,對,4.336
seq_020,7605,camera_6,78,L1_ghost,,,開新,,開新,,139,錯,,139,錯,
seq_020,7610,camera_5,170,L1_ghost,,84,錯,,開新,,84,錯,,84,錯,
seq_020,7610,camera_6,79,L2_not_in_candidates,141,,開新,84,錯,,139,錯,,139,錯,
seq_020,7615,camera_4,52,OK,84,84,對,84,對,4.307,84,對,3.113,84,對,4.307
seq_020,7640,camera_5,171,L1_ghost,,84,錯,,開新,,84,錯,,84,錯,
seq_020,7650,camera_6,80,L1_ghost,,,開新,,開新,,145,錯,,145,錯,
seq_020,7655,camera_6,81,L1_ghost,,,開新,,開新,,,開新,,145,錯,
seq_020,7660,camera_6,82,L1_ghost,,,開新,,開新,,,開新,,139,錯,
seq_020,7665,camera_4,53,OK,84,84,對,84,對,4.307,84,對,3.113,84,對,4.307
seq_020,7665,camera_6,83,L1_ghost,,,開新,,開新,,,開新,,144,錯,
seq_020,7695,camera_7,42,L1_ghost,,,開新,,開新,,,開新,,142,錯,
seq_020,7700,camera_5,172,OK,84,84,對,84,對,4.307,84,對,3.113,84,對,4.307
seq_020,7725,camera_4,54,OK,84,84,對,84,對,4.307,84,對,3.113,84,對,4.307
seq_020,7725,camera_5,173,L1_ghost,,84,錯,,開新,,84,錯,,84,錯,
seq_020,7725,camera_7,43,L2_not_in_candidates,142,,開新,,開新,,,開新,-1.707,147,錯,-0.513
seq_020,7735,camera_2,68,OK,84,84,對,84,對,4.307,84,對,3.113,84,對,4.307
seq_020,7745,camera_6,84,L1_ghost,,,開新,,開新,,,開新,,,開新,
seq_020,7755,camera_1,52,L2_not_in_candidates,84,,開新,,開新,,,開新,-2.422,,開新,-1.228
seq_020,7760,camera_6,85,L4_below_threshold,84,,開新,84,對,2.292,148,錯,1.098,148,錯,2.292
seq_020,7770,camera_5,174,L1_ghost,,84,錯,,開新,,,開新,,84,錯,
seq_020,7770,camera_5,175,L1_ghost,,84,錯,,開新,,,開新,,84,錯,
seq_020,7770,camera_6,86,L1_ghost,,,開新,,開新,,153,錯,,153,錯,
seq_020,7775,camera_3,88,OK,84,84,對,84,對,4.307,84,對,3.113,84,對,4.307
seq_020,7800,camera_2,69,OK,84,84,對,84,對,4.307,84,對,3.113,84,對,4.307
seq_020,7830,camera_1,53,L2_not_in_candidates,84,,開新,,開新,,,開新,-2.413,154,錯,-1.219
seq_020,7835,camera_5,176,OK,84,84,對,84,對,4.307,84,對,3.113,84,對,4.307
seq_020,7880,camera_6,87,L3_not_top1,146,,開新,84,錯,,,開新,-2.954,84,錯,-1.76
seq_020,7895,camera_5,177,OK,84,84,對,84,對,4.307,84,對,3.424,84,對,4.618
seq_020,7905,camera_3,89,OK,84,84,對,84,對,4.307,84,對,3.113,84,對,4.307
seq_020,7915,camera_7,44,L1_ghost,,,開新,,開新,,,開新,,150,錯,
seq_020,7935,camera_5,178,L1_ghost,,84,錯,,開新,,84,錯,,84,錯,
seq_020,7945,camera_6,88,L2_not_in_candidates,154,,開新,84,錯,,,開新,-2.469,84,錯,-1.275
seq_020,7945,camera_6,89,L1_ghost,,,開新,,開新,,,開新,,150,錯,
seq_020,7950,camera_5,179,OK,84,84,對,84,對,5.0,84,對,3.806,84,對,5.0
seq_020,7955,camera_3,90,L1_ghost,,84,錯,,開新,,,開新,,,開新,
seq_020,7960,camera_4,55,OK,84,84,對,84,對,4.307,84,對,3.113,84,對,4.307
seq_020,7975,camera_4,56,OK,84,84,對,84,對,4.307,84,對,3.113,84,對,4.307
seq_020,7990,camera_5,180,L1_ghost,,84,錯,,開新,,84,錯,,84,錯,
seq_020,7990,camera_5,181,L1_ghost,,84,錯,,開新,,84,錯,,84,錯,
seq_020,8000,camera_7,45,L1_ghost,,,開新,,開新,,,開新,,,開新,
seq_020,8005,camera_5,182,L1_ghost,,84,錯,,開新,,84,錯,,84,錯,
seq_020,8010,camera_2,70,OK,84,84,對,84,對,4.307,84,對,3.113,84,對,4.307
seq_020,8015,camera_1,54,L2_not_in_candidates,157,,開新,,開新,,,開新,-0.77,,開新,0.424
seq_020,8015,camera_6,90,L1_ghost,,,開新,,開新,,,開新,,,開新,
seq_020,8020,camera_5,183,OK,84,84,對,84,對,4.307,84,對,3.113,84,對,4.307
seq_020,8045,camera_5,184,L1_ghost,,84,錯,,開新,,,開新,,84,錯,
seq_020,8050,camera_7,46,L1_ghost,,,開新,,開新,,,開新,,162,錯,
seq_020,8080,camera_4,57,OK,84,84,對,84,對,4.307,84,對,3.395,84,對,4.589
seq_020,8085,camera_2,71,OK,84,84,對,84,對,3.901,84,對,2.708,84,對,3.901
seq_020,8090,camera_3,91,OK,84,84,對,84,對,3.901,84,對,2.708,84,對,3.901
seq_020,8100,camera_7,47,L2_not_in_candidates,160,,開新,,開新,,,開新,,162,錯,
seq_020,8105,camera_5,185,L1_ghost,,84,錯,,開新,,,開新,,84,錯,
seq_020,8105,camera_6,91,L2_not_in_candidates,155,,開新,84,錯,,155,對,1.942,155,對,3.136
seq_020,8115,camera_6,92,L2_not_in_candidates,158,,開新,84,錯,,,開新,,155,錯,
seq_020,8120,camera_2,72,OK,84,84,對,84,對,3.901,84,對,3.603,84,對,4.797
seq_020,8125,camera_6,93,L2_not_in_candidates,152,,開新,84,錯,,160,錯,,160,錯,
seq_020,8130,camera_4,58,OK,84,84,對,84,對,3.901,84,對,2.708,84,對,3.901
seq_020,8140,camera_2,73,L2_not_in_candidates,163,84,錯,84,錯,,84,錯,,84,錯,
seq_020,8170,camera_5,186,OK,84,84,對,84,對,3.901,84,對,2.708,84,對,3.901
seq_020,8170,camera_6,94,L1_ghost,,,開新,,開新,,158,錯,,158,錯,
seq_020,8180,camera_6,95,L1_ghost,,,開新,,開新,,158,錯,,158,錯,
seq_020,8185,camera_7,48,L2_not_in_candidates,84,,開新,,開新,,166,錯,-2.427,166,錯,-1.233
seq_020,8210,camera_5,187,OK,84,84,對,84,對,3.901,84,對,2.708,84,對,3.901
seq_020,8215,camera_6,96,L4_below_threshold,84,,開新,84,對,2.602,,開新,1.408,84,對,2.602
seq_020,8220,camera_2,74,L2_not_in_candidates,172,84,錯,84,錯,,84,錯,,84,錯,
seq_020,8240,camera_7,49,L1_ghost,,,開新,,開新,,,開新,,165,錯,
seq_020,8250,camera_4,59,OK,84,84,對,84,對,3.901,84,對,2.708,84,對,3.901
seq_020,8255,camera_6,97,L4_below_threshold,84,,開新,84,對,2.602,,開新,1.408,84,對,2.602
seq_020,8265,camera_6,98,L1_ghost,,,開新,,開新,,167,錯,,167,錯,
seq_020,8265,camera_7,50,L1_ghost,,,開新,,開新,,,開新,,167,錯,
seq_020,8275,camera_5,188,L1_ghost,,84,錯,,開新,,84,錯,,84,錯,
seq_020,8285,camera_6,99,L1_ghost,,,開新,,開新,,176,錯,,176,錯,
seq_020,8285,camera_7,51,L2_not_in_candidates,135,,開新,,開新,,,開新,,176,錯,
seq_020,8285,camera_7,52,L1_ghost,,,開新,,開新,,,開新,,176,錯,
seq_020,8290,camera_4,60,OK,84,84,對,84,對,4.307,84,對,3.113,84,對,4.307
seq_020,8305,camera_4,61,OK,84,84,對,84,對,4.307,84,對,3.113,84,對,4.307
seq_020,8305,camera_6,100,L2_not_in_candidates,167,,開新,84,錯,,,開新,1.556,167,對,2.75
seq_020,8305,camera_6,101,L1_ghost,,,開新,,開新,,,開新,,176,錯,
seq_020,8310,camera_5,189,OK,84,84,對,84,對,4.307,84,對,3.113,84,對,4.307
seq_020,8310,camera_6,102,L2_not_in_candidates,168,,開新,84,錯,,168,對,3.952,168,對,5.145
seq_020,8325,camera_6,103,L4_below_threshold,84,,開新,84,對,2.435,,開新,1.241,84,對,2.435
seq_020,8375,camera_6,104,L1_ghost,,,開新,,開新,,,開新,,178,錯,
seq_020,8380,camera_6,105,L2_not_in_candidates,173,,開新,84,錯,,,開新,,84,錯,
seq_020,8380,camera_6,106,L1_ghost,,,開新,,開新,,,開新,,169,錯,
seq_020,8385,camera_5,190,L2_not_in_candidates,143,84,錯,84,錯,,84,錯,-1.785,84,錯,-0.591
seq_020,8410,camera_3,92,OK,84,84,對,84,對,3.901,84,對,2.708,84,對,3.901
seq_020,8420,camera_3,93,L1_ghost,,84,錯,,開新,,,開新,,,開新,
seq_020,8425,camera_2,75,OK,84,84,對,84,對,4.307,84,對,3.113,84,對,4.307
seq_020,8435,camera_3,94,OK,84,84,對,84,對,5.0,84,對,3.806,84,對,5.0
seq_020,8435,camera_7,53,L2_not_in_candidates,184,,開新,,開新,,172,錯,,172,錯,
seq_020,8440,camera_5,191,L1_ghost,,84,錯,,開新,,,開新,,84,錯,
seq_020,8450,camera_1,55,L2_not_in_candidates,84,,開新,,開新,,,開新,-2.413,,開新,-1.219
seq_020,8450,camera_5,192,L3_not_top1,181,84,錯,84,錯,,84,錯,,84,錯,
seq_020,8465,camera_3,95,OK,84,84,對,84,對,5.0,84,對,3.806,84,對,5.0
seq_020,8475,camera_5,193,L3_not_top1,183,84,錯,84,錯,,84,錯,-2.642,84,錯,-1.448
seq_020,8480,camera_1,56,L1_ghost,,,開新,,開新,,,開新,,,開新,
seq_020,8510,camera_2,76,OK,84,84,對,84,對,3.901,84,對,2.708,84,對,3.901
seq_020,8510,camera_4,62,OK,84,84,對,84,對,4.307,84,對,3.113,84,對,4.307
seq_020,8535,camera_3,96,OK,84,84,對,84,對,4.307,84,對,3.113,84,對,4.307
seq_020,8535,camera_3,97,OK,84,84,對,84,對,4.307,84,對,3.578,84,對,4.771
seq_020,8535,camera_5,194,L3_not_top1,169,84,錯,84,錯,,84,錯,-2.807,84,錯,-1.613
seq_020,8545,camera_2,77,OK,84,84,對,84,對,3.614,84,對,2.42,84,對,3.614
seq_020,8565,camera_2,78,OK,84,84,對,84,對,3.614,84,對,2.42,84,對,3.614
seq_020,8570,camera_1,57,L2_not_in_candidates,84,,開新,,開新,,,開新,-2.416,,開新,-1.222
seq_020,8570,camera_3,98,OK,84,84,對,84,對,3.614,84,對,2.42,84,對,3.614
seq_020,8585,camera_1,58,L2_not_in_candidates,84,,開新,,開新,,,開新,-2.413,,開新,-1.219
seq_020,8595,camera_4,63,OK,84,84,對,84,對,3.614,84,對,2.42,84,對,3.614
seq_020,8610,camera_3,99,OK,84,84,對,84,對,3.614,84,對,2.42,84,對,3.614
seq_020,8610,camera_5,195,L3_not_top1,166,84,錯,84,錯,,84,錯,-0.772,84,錯,0.422
seq_020,8625,camera_2,79,OK,84,84,對,84,對,3.901,84,對,2.708,84,對,3.901
seq_020,8640,camera_7,54,L4_below_threshold,188,,開新,,開新,-0.216,172,錯,-1.41,172,錯,-0.216
seq_020,8645,camera_6,107,L2_not_in_candidates,193,84,錯,84,錯,,84,錯,,84,錯,
seq_020,8650,camera_5,196,L2_not_in_candidates,192,84,錯,84,錯,,84,錯,,84,錯,
seq_020,8655,camera_3,100,OK,84,84,對,84,對,3.901,84,對,3.666,84,對,4.86
seq_020,8655,camera_5,197,L1_ghost,,84,錯,,開新,,84,錯,,84,錯,
seq_020,8675,camera_3,101,OK,84,84,對,84,對,3.901,84,對,2.708,84,對,3.901
seq_020,8680,camera_5,198,L3_not_top1,186,84,錯,84,錯,,84,錯,,84,錯,
seq_020,8690,camera_6,108,L3_not_top1,175,84,錯,84,錯,,171,錯,-3.151,171,錯,-1.957
seq_020,8700,camera_2,80,OK,84,84,對,84,對,3.901,84,對,2.708,84,對,3.901
seq_020,8700,camera_5,199,OK,84,84,對,84,對,4.307,84,對,3.113,84,對,4.307
seq_020,8710,camera_4,64,OK,84,84,對,84,對,3.391,84,對,2.654,84,對,3.847
seq_020,8715,camera_1,59,L2_not_in_candidates,84,,開新,,開新,,,開新,-2.413,,開新,-1.219
seq_020,8720,camera_7,55,L2_not_in_candidates,179,,開新,,開新,,,開新,,171,錯,
seq_020,8745,camera_2,81,OK,84,84,對,84,對,3.901,84,對,2.708,84,對,3.901
seq_020,8755,camera_3,102,OK,84,84,對,84,對,3.901,84,對,2.708,84,對,3.901
seq_020,8760,camera_4,65,OK,84,84,對,84,對,3.391,84,對,2.197,84,對,3.391
seq_020,8770,camera_6,109,OK,84,84,對,84,對,3.208,84,對,2.014,84,對,3.208
seq_020,8775,camera_4,66,OK,84,84,對,84,對,3.391,84,對,2.197,84,對,3.391
seq_020,8775,camera_5,200,L3_not_top1,84,186,錯,186,錯,,186,錯,1.321,186,錯,2.515
seq_020,8795,camera_1,60,L3_not_top1,189,,開新,,開新,,,開新,-3.482,,開新,-2.288
seq_020,8800,camera_2,82,OK,84,84,對,84,對,3.391,84,對,2.197,84,對,3.391
seq_020,8800,camera_4,67,L1_ghost,,84,錯,,開新,,,開新,,,開新,
seq_020,8800,camera_5,201,L1_ghost,,171,錯,,開新,,,開新,,,開新,
seq_020,8815,camera_2,83,L2_not_in_candidates,191,84,錯,84,錯,,84,錯,,84,錯,
seq_020,8815,camera_4,68,OK,84,84,對,84,對,3.208,84,對,2.014,84,對,3.208
seq_020,8845,camera_4,69,OK,84,84,對,84,對,3.391,84,對,2.197,84,對,3.391
seq_020,8845,camera_5,202,L3_not_top1,84,171,錯,171,錯,,171,錯,-0.421,171,錯,0.773
seq_020,8860,camera_4,70,OK,84,84,對,84,對,3.391,84,對,2.197,84,對,3.391
seq_020,8865,camera_5,203,L1_ghost,,171,錯,,開新,,186,錯,,186,錯,
seq_020,8865,camera_7,56,L2_not_in_candidates,84,,開新,,開新,,,開新,-2.155,,開新,-0.961
seq_020,8870,camera_3,103,OK,84,84,對,84,對,3.391,84,對,4.239,84,對,5.433
seq_020,8885,camera_3,104,OK,84,84,對,84,對,3.391,84,對,2.197,84,對,3.391
seq_020,8895,camera_5,204,L3_not_top1,84,171,錯,171,錯,,171,錯,-1.232,171,錯,-0.038
seq_020,8895,camera_5,205,L1_ghost,,171,錯,,開新,,,開新,,,開新,
seq_020,8900,camera_2,84,L3_not_top1,84,186,錯,186,錯,,186,錯,-0.672,186,錯,0.522
seq_020,8900,camera_7,57,L1_ghost,,,開新,,開新,,,開新,,84,錯,
seq_020,8905,camera_5,206,L1_ghost,,171,錯,,開新,,,開新,,171,錯,
seq_020,8920,camera_2,85,L3_not_top1,171,84,錯,84,錯,,84,錯,-2.642,84,錯,-1.448
seq_020,8930,camera_5,207,L3_not_top1,84,171,錯,171,錯,,84,對,3.07,84,對,4.264
seq_020,8930,camera_5,208,OK,171,171,對,171,對,3.901,84,錯,2.708,84,錯,3.901
seq_020,8940,camera_5,209,L1_ghost,,171,錯,,開新,,,開新,,84,錯,
seq_020,8945,camera_3,105,L3_not_top1,84,186,錯,186,錯,,84,對,2.769,84,對,3.963
seq_020,8950,camera_1,61,L1_ghost,,,開新,,開新,,,開新,,,開新,
seq_020,8955,camera_2,86,OK,84,84,對,84,對,3.054,84,對,1.86,84,對,3.054
seq_020,8955,camera_5,210,L3_not_top1,84,171,錯,171,錯,,171,錯,1.384,171,錯,2.577
seq_020,8955,camera_5,211,L1_ghost,,171,錯,,開新,,,開新,,171,錯,
seq_020,8965,camera_2,87,L3_not_top1,186,84,錯,84,錯,,84,錯,-1.277,84,錯,-0.084
seq_020,8965,camera_5,212,L1_ghost,,171,錯,,開新,,,開新,,171,錯,
seq_020,8970,camera_5,213,L1_ghost,,171,錯,,開新,,171,錯,,171,錯,
seq_020,8980,camera_5,214,L1_ghost,,171,錯,,開新,,171,錯,,171,錯,
seq_020,8985,camera_1,62,L2_not_in_candidates,84,,開新,,開新,,191,錯,-2.413,191,錯,-1.219
seq_020,9005,camera_5,215,L3_not_top1,186,171,錯,171,錯,,171,錯,-1.624,171,錯,-0.43
seq_020,9015,camera_4,71,L3_not_top1,84,186,錯,186,錯,,186,錯,0.213,186,錯,1.407
seq_020,9025,camera_5,216,OK,84,84,對,84,對,5.0,84,對,3.806,84,對,5.0
seq_020,9045,camera_7,58,L2_not_in_candidates,195,,開新,,開新,,195,對,2.211,195,對,3.405
seq_020,9050,camera_3,106,OK,186,186,對,186,對,3.614,186,對,2.42,186,對,3.614
seq_020,9050,camera_5,217,L1_ghost,,186,錯,,開新,,171,錯,,171,錯,
seq_020,9055,camera_6,110,L3_not_top1,196,,開新,186,錯,,,開新,-2.781,186,錯,-1.587
seq_020,9065,camera_5,218,L1_ghost,,202,錯,,開新,,,開新,,84,錯,
seq_020,9070,camera_5,219,L2_not_in_candidates,171,202,錯,202,錯,,171,對,4.171,171,對,5.365
seq_020,9080,camera_1,63,L2_not_in_candidates,84,,開新,,開新,,194,錯,-2.427,194,錯,-1.233
seq_020,9095,camera_2,88,OK,186,186,對,186,對,4.307,186,對,3.113,186,對,4.307
seq_020,9095,camera_3,107,L3_not_top1,171,186,錯,186,錯,,186,錯,-2.427,186,錯,-1.233
seq_020,9110,camera_4,72,L3_not_top1,84,186,錯,186,錯,,186,錯,0.917,186,錯,2.111
seq_020,9115,camera_1,64,L2_not_in_candidates,194,,開新,,開新,,,開新,1.293,199,錯,2.487
seq_020,9125,camera_1,65,L2_not_in_candidates,186,,開新,,開新,,,開新,-2.413,199,錯,-1.219
seq_020,9140,camera_6,111,L1_ghost,,,開新,,開新,,,開新,,,開新,
seq_020,9150,camera_7,59,L2_not_in_candidates,202,,開新,,開新,,,開新,,,開新,
seq_020,9180,camera_2,89,L1_ghost,,186,錯,,開新,,84,錯,,84,錯,
seq_020,9185,camera_1,66,L1_ghost,,,開新,,開新,,204,錯,,204,錯,
seq_020,9195,camera_2,90,L1_ghost,,186,錯,,開新,,186,錯,,186,錯,
seq_020,9205,camera_2,91,L2_not_in_candidates,204,186,錯,186,錯,,186,錯,,186,錯,
seq_020,9205,camera_3,108,L2_not_in_candidates,203,186,錯,186,錯,,186,錯,,186,錯,
seq_020,9205,camera_3,109,L3_not_top1,171,186,錯,186,錯,,186,錯,-2.413,186,錯,-1.219
seq_020,9215,camera_3,110,OK,186,186,對,186,對,5.0,186,對,3.806,186,對,5.0
seq_020,9255,camera_3,111,L2_not_in_candidates,200,186,錯,186,錯,,186,錯,,186,錯,
seq_020,9260,camera_4,73,L3_not_top1,186,202,錯,202,錯,,202,錯,-0.377,202,錯,0.816
seq_020,9275,camera_3,112,L1_ghost,,202,錯,,開新,,186,錯,,186,錯,
seq_020,9290,camera_3,113,L3_not_top1,186,202,錯,202,錯,,202,錯,2.483,202,錯,3.677
seq_020,9310,camera_6,112,L2_not_in_candidates,197,202,錯,202,錯,,202,錯,,202,錯,
seq_020,9325,camera_6,113,L1_ghost,,202,錯,,開新,,,開新,,,開新,
seq_020,9340,camera_4,74,OK,202,202,對,202,對,3.901,202,對,2.708,202,對,3.901
seq_020,9355,camera_2,92,L3_not_top1,186,202,錯,202,錯,,202,錯,-0.418,202,錯,0.776
seq_020,9385,camera_7,60,L1_ghost,,,開新,,開新,,,開新,,,開新,
seq_020,9480,camera_5,220,OK,202,202,對,202,對,4.307,202,對,3.113,202,對,4.307
seq_020,9485,camera_5,221,L2_not_in_candidates,171,202,錯,202,錯,,202,錯,-1.735,202,錯,-0.541
seq_020,9500,camera_5,222,OK,202,202,對,202,對,4.307,202,對,3.113,202,對,4.307
seq_020,9505,camera_5,223,L1_ghost,,202,錯,,開新,,,開新,,,開新,
seq_020,9520,camera_2,93,L3_not_top1,205,202,錯,202,錯,,202,錯,-3.66,202,錯,-2.466
seq_020,9560,camera_4,75,L1_ghost,,202,錯,,開新,,202,錯,,202,錯,
seq_020,9565,camera_2,94,OK,202,202,對,202,對,3.901,202,對,2.708,202,對,3.901
seq_020,9565,camera_5,224,L1_ghost,,202,錯,,開新,,,開新,,,開新,
seq_020,9580,camera_5,225,L1_ghost,,202,錯,,開新,,,開新,,,開新,
seq_020,9585,camera_1,67,L2_not_in_candidates,186,,開新,,開新,,,開新,-3.191,,開新,-1.997
seq_020,9585,camera_3,114,OK,202,202,對,202,對,3.901,202,對,2.708,202,對,3.901
seq_020,9585,camera_5,226,L1_ghost,,202,錯,,開新,,,開新,,,開新,
seq_020,9605,camera_5,227,L1_ghost,,202,錯,,開新,,,開新,,,開新,
seq_020,9615,camera_3,115,OK,202,202,對,202,對,3.901,202,對,2.708,202,對,3.901
seq_020,9615,camera_4,76,OK,202,202,對,202,對,3.054,202,對,2.244,202,對,3.438
seq_020,9620,camera_2,95,L1_ghost,,202,錯,,開新,,,開新,,,開新,
seq_020,9635,camera_1,68,L2_not_in_candidates,186,,開新,,開新,,210,錯,-3.469,210,錯,-2.275
seq_020,9640,camera_5,228,L1_ghost,,202,錯,,開新,,202,錯,,202,錯,
seq_020,9650,camera_4,77,OK,202,202,對,202,對,3.054,202,對,1.86,202,對,3.054
seq_020,9660,camera_2,96,L1_ghost,,202,錯,,開新,,,開新,,84,錯,
seq_020,9660,camera_2,97,L3_not_top1,186,202,錯,202,錯,,202,錯,-3.605,202,錯,-2.412
seq_020,9680,camera_3,116,OK,202,202,對,202,對,3.391,202,對,2.197,202,對,3.391
seq_020,9680,camera_3,117,OK,202,202,對,202,對,3.391,202,對,2.197,202,對,3.391
seq_020,9730,camera_5,229,L1_ghost,,202,錯,,開新,,202,錯,,202,錯,
seq_020,9735,camera_4,78,L4_below_threshold,202,,開新,202,對,2.803,,開新,1.609,202,對,2.803
seq_020,9755,camera_4,79,L4_below_threshold,202,,開新,202,對,2.803,,開新,1.609,202,對,2.803
seq_020,9770,camera_1,69,L1_ghost,,,開新,,開新,,,開新,,,開新,
seq_020,9775,camera_3,118,L3_not_top1,202,213,錯,213,錯,,213,錯,0.517,213,錯,1.711
seq_020,9780,camera_1,70,L1_ghost,,,開新,,開新,,,開新,,,開新,
seq_020,9790,camera_1,71,L2_not_in_candidates,202,,開新,,開新,,214,錯,-2.413,214,錯,-1.219
seq_020,9790,camera_2,98,L3_not_top1,202,213,錯,213,錯,,213,錯,-0.233,213,錯,0.96
seq_020,9800,camera_1,72,L1_ghost,,,開新,,開新,,214,錯,,214,錯,
seq_020,9810,camera_2,99,OK,213,213,對,213,對,3.391,186,錯,2.197,186,錯,3.391
seq_020,9815,camera_5,230,L1_ghost,,213,錯,,開新,,,開新,,,開新,
seq_020,9815,camera_6,114,L2_not_in_candidates,201,213,錯,213,錯,,213,錯,,213,錯,
seq_020,9820,camera_3,119,L1_ghost,,213,錯,,開新,,213,錯,,213,錯,
seq_020,9825,camera_6,115,L1_ghost,,213,錯,,開新,,,開新,,,開新,
seq_020,9830,camera_2,100,L1_ghost,,213,錯,,開新,,213,錯,,213,錯,
seq_020,9880,camera_3,120,L1_ghost,,213,錯,,開新,,84,錯,,84,錯,
seq_020,9890,camera_3,121,L1_ghost,,213,錯,,開新,,,開新,,213,錯,
seq_020,9890,camera_3,122,OK,213,213,對,213,對,3.614,213,對,2.42,213,對,3.614
seq_020,9890,camera_4,80,L3_not_top1,186,213,錯,213,錯,,213,錯,-2.442,213,錯,-1.248
seq_020,9925,camera_3,123,L2_not_in_candidates,211,213,錯,213,錯,,213,錯,,213,錯,
seq_020,9925,camera_6,116,L3_not_top1,212,213,錯,213,錯,,213,錯,-2.585,213,錯,-1.391
seq_020,9930,camera_1,73,L2_not_in_candidates,202,,開新,,開新,,217,錯,-2.413,217,錯,-1.219
seq_020,9935,camera_3,124,L1_ghost,,213,錯,,開新,,186,錯,,186,錯,
seq_020,9945,camera_4,81,L3_not_top1,210,213,錯,213,錯,,213,錯,-3.469,213,錯,-2.275
seq_020,9950,camera_1,74,L2_not_in_candidates,216,,開新,,開新,,,開新,,218,錯,
seq_020,9955,camera_3,125,L2_not_in_candidates,219,213,錯,213,錯,,213,錯,,213,錯,
seq_020,9960,camera_6,117,OK,213,213,對,213,對,3.614,213,對,2.42,213,對,3.614
seq_020,9970,camera_5,231,OK,213,213,對,213,對,3.901,213,對,2.708,213,對,3.901
seq_020,10000,camera_4,82,L1_ghost,,213,錯,,開新,,,開新,,,開新,
seq_020,10005,camera_3,126,OK,213,213,對,213,對,3.901,213,對,2.708,213,對,3.901
seq_020,10015,camera_4,83,L2_not_in_candidates,218,213,錯,213,錯,,213,錯,-2.492,213,錯,-1.298
seq_020,10015,camera_5,232,OK,213,213,對,213,對,3.901,213,對,2.708,213,對,3.901
seq_020,10015,camera_6,118,L1_ghost,,213,錯,,開新,,,開新,,,開新,
seq_020,10030,camera_2,101,OK,213,213,對,213,對,3.901,213,對,2.708,213,對,3.901
seq_020,10030,camera_5,233,L1_ghost,,213,錯,,開新,,,開新,,,開新,
seq_020,10030,camera_7,61,L2_not_in_candidates,213,,開新,,開新,,,開新,-2.416,207,錯,-1.222
seq_020,10035,camera_3,127,L1_ghost,,213,錯,,開新,,,開新,,,開新,
seq_020,10040,camera_3,128,L1_ghost,,213,錯,,開新,,,開新,,,開新,
seq_020,10065,camera_2,102,OK,213,213,對,213,對,3.901,213,對,2.708,213,對,3.901
seq_020,10065,camera_7,62,L2_not_in_candidates,213,,開新,,開新,,,開新,1.385,213,對,2.579
seq_020,10105,camera_4,84,L1_ghost,,213,錯,,開新,,,開新,,,開新,
seq_020,10105,camera_5,234,L1_ghost,,213,錯,,開新,,213,錯,,213,錯,
seq_020,10115,camera_3,129,OK,213,213,對,213,對,3.614,213,對,3.804,213,對,4.998
seq_020,10125,camera_4,85,OK,213,213,對,213,對,3.614,213,對,2.42,213,對,3.614
seq_020,10140,camera_3,130,OK,213,213,對,213,對,3.614,213,對,2.42,213,對,3.614
seq_020,10145,camera_7,63,L2_not_in_candidates,220,,開新,,開新,,220,對,2.136,220,對,3.329
seq_020,10155,camera_4,86,OK,213,213,對,213,對,3.614,213,對,2.42,213,對,3.614
seq_020,10155,camera_5,235,OK,213,213,對,213,對,3.901,213,對,2.708,213,對,3.901
seq_020,10160,camera_1,75,L2_not_in_candidates,213,,開新,,開新,,,開新,-2.418,217,錯,-1.224
seq_020,10185,camera_2,103,OK,213,213,對,213,對,3.391,213,對,2.197,213,對,3.391
seq_020,10200,camera_6,119,OK,213,213,對,213,對,3.614,213,對,2.42,213,對,3.614
seq_020,10205,camera_2,104,OK,213,213,對,213,對,3.614,213,對,2.42,213,對,3.614
seq_020,10210,camera_5,236,L1_ghost,,213,錯,,開新,,213,錯,,213,錯,
seq_020,10210,camera_7,64,L4_below_threshold,207,,開新,,開新,-0.551,,開新,-1.745,,開新,-0.551
seq_020,10245,camera_2,105,OK,213,213,對,213,對,3.614,213,對,2.748,213,對,3.942
seq_020,10265,camera_6,120,L1_ghost,,213,錯,,開新,,,開新,,,開新,
seq_020,10270,camera_3,131,OK,213,213,對,213,對,3.614,213,對,2.42,213,對,3.614
seq_020,10290,camera_1,76,L2_not_in_candidates,213,,開新,,開新,,,開新,-2.413,211,錯,-1.219
seq_020,10295,camera_7,65,L2_not_in_candidates,213,,開新,,開新,,,開新,-2.416,,開新,-1.222
seq_020,10365,camera_1,77,L2_not_in_candidates,225,,開新,,開新,,225,對,2.231,225,對,3.425
seq_020,10375,camera_1,78,L2_not_in_candidates,213,,開新,,開新,,,開新,-2.413,225,錯,-1.219
seq_020,10375,camera_3,132,L2_not_in_candidates,223,213,錯,213,錯,,213,錯,,213,錯,
seq_020,10390,camera_1,79,L2_not_in_candidates,213,,開新,,開新,,,開新,-2.413,223,錯,-1.219
seq_020,10395,camera_2,106,L2_not_in_candidates,228,213,錯,213,錯,,213,錯,,213,錯,
seq_020,10405,camera_5,237,OK,213,213,對,213,對,4.307,213,對,3.113,213,對,4.307
seq_020,10405,camera_7,66,L2_not_in_candidates,222,,開新,,開新,,,開新,,,開新,
seq_020,10425,camera_4,87,L1_ghost,,213,錯,,開新,,,開新,,,開新,
seq_020,10440,camera_5,238,L1_ghost,,213,錯,,開新,,,開新,,,開新,
seq_020,10470,camera_3,133,OK,213,213,對,213,對,4.307,213,對,3.113,213,對,4.307
seq_020,10485,camera_5,239,OK,213,213,對,213,對,3.614,213,對,3.013,213,對,4.207
seq_020,10490,camera_2,107,L2_not_in_candidates,229,213,錯,213,錯,,213,錯,,213,錯,
seq_020,10490,camera_6,121,L2_not_in_candidates,230,213,錯,213,錯,,213,錯,,213,錯,
seq_020,10495,camera_5,240,L1_ghost,,213,錯,,開新,,213,錯,,213,錯,
seq_020,10505,camera_6,122,L1_ghost,,213,錯,,開新,,,開新,,,開新,
seq_020,10515,camera_2,108,OK,213,213,對,213,對,3.614,213,對,3.085,213,對,4.279
seq_020,10525,camera_6,123,L2_not_in_candidates,221,213,錯,213,錯,,213,錯,,213,錯,
seq_020,10535,camera_7,67,L1_ghost,,,開新,,開新,,230,錯,,230,錯,
seq_020,10560,camera_5,241,OK,213,213,對,213,對,3.901,213,對,2.708,213,對,3.901
seq_020,10575,camera_5,242,L2_not_in_candidates,227,213,錯,213,錯,,213,錯,-2.469,213,錯,-1.275
seq_020,10600,camera_2,109,OK,213,213,對,213,對,3.614,213,對,2.426,213,對,3.62
seq_020,10625,camera_6,124,L1_ghost,,213,錯,,開新,,,開新,,,開新,
seq_020,10650,camera_5,243,L1_ghost,,213,錯,,開新,,,開新,,,開新,
seq_020,10755,camera_6,125,OK,213,213,對,213,對,3.208,213,對,2.014,213,對,3.208
seq_020,10765,camera_6,126,OK,213,213,對,213,對,3.208,213,對,2.014,213,對,3.208
seq_020,10770,camera_6,127,L1_ghost,,213,錯,,開新,,,開新,,,開新,
seq_020,10780,camera_6,128,L1_ghost,,213,錯,,開新,,,開新,,,開新,
seq_020,10795,camera_1,80,L1_ghost,,,開新,,開新,,,開新,,,開新,
seq_020,10815,camera_6,129,OK,213,213,對,213,對,3.391,213,對,2.197,213,對,3.391
seq_020,10825,camera_7,68,L2_not_in_candidates,213,,開新,,開新,,,開新,1.424,213,對,2.618
seq_020,10825,camera_7,69,L2_not_in_candidates,213,,開新,,開新,,,開新,1.424,213,對,2.618
seq_020,10850,camera_6,130,OK,213,213,對,213,對,3.614,213,對,2.42,213,對,3.614
seq_020,10850,camera_7,70,L2_not_in_candidates,226,,開新,,開新,,224,錯,,224,錯,
seq_020,10875,camera_2,110,OK,213,213,對,213,對,4.307,213,對,3.113,213,對,4.307
seq_020,10890,camera_3,134,L1_ghost,,213,錯,,開新,,,開新,,,開新,
seq_020,10900,camera_6,131,L2_not_in_candidates,234,213,錯,213,錯,,213,錯,,213,錯,
seq_020,10905,camera_1,81,L2_not_in_candidates,213,,開新,,開新,,,開新,-2.416,,開新,-1.222
seq_020,10920,camera_7,71,L2_not_in_candidates,213,,開新,,開新,,,開新,1.479,213,對,2.672
seq_020,10945,camera_7,72,L2_not_in_candidates,213,,開新,,開新,,,開新,1.279,213,對,2.473
seq_020,10995,camera_7,73,L2_not_in_candidates,213,,開新,,開新,,,開新,1.424,213,對,2.618
seq_020,11000,camera_5,244,L2_not_in_candidates,236,213,錯,213,錯,,213,錯,,213,錯,
seq_020,11010,camera_5,245,L1_ghost,,213,錯,,開新,,,開新,,,開新,
seq_020,11035,camera_5,246,OK,213,213,對,213,對,5.0,213,對,3.806,213,對,5.0
seq_020,11060,camera_4,88,OK,213,213,對,213,對,5.0,213,對,3.806,213,對,5.0
seq_020,11075,camera_5,247,OK,213,213,對,213,對,5.0,213,對,3.806,213,對,5.0
seq_020,11075,camera_5,248,L1_ghost,,213,錯,,開新,,,開新,,213,錯,
seq_020,11115,camera_2,111,OK,213,213,對,213,對,3.901,213,對,4.315,213,對,5.508
seq_020,11130,camera_5,249,L1_ghost,,213,錯,,開新,,,開新,,,開新,
seq_020,11135,camera_4,89,L2_not_in_candidates,202,213,錯,213,錯,,213,錯,-6.738,213,錯,-5.544
seq_020,11160,camera_4,90,OK,213,213,對,213,對,4.307,213,對,3.113,213,對,4.307
seq_020,11220,camera_3,135,L1_ghost,,213,錯,,開新,,,開新,,,開新,
seq_020,11250,camera_4,91,OK,213,213,對,213,對,4.307,213,對,3.113,213,對,4.307
seq_020,11260,camera_3,136,OK,213,213,對,213,對,4.307,213,對,3.113,213,對,4.307
seq_020,11275,camera_7,74,L1_ghost,,,開新,,開新,,,開新,,,開新,
seq_020,11300,camera_4,92,OK,213,213,對,213,對,3.614,213,對,2.42,213,對,3.614
seq_020,11300,camera_4,93,OK,213,213,對,213,對,3.614,213,對,2.42,213,對,3.614
seq_020,11300,camera_4,94,L1_ghost,,213,錯,,開新,,213,錯,,213,錯,
seq_020,11305,camera_3,137,L1_ghost,,213,錯,,開新,,,開新,,,開新,
seq_020,11310,camera_4,95,L1_ghost,,213,錯,,開新,,,開新,,213,錯,
seq_020,11315,camera_4,96,L1_ghost,,213,錯,,開新,,,開新,,213,錯,
seq_020,11315,camera_7,75,L2_not_in_candidates,239,,開新,,開新,,,開新,,,開新,
seq_020,11335,camera_2,112,OK,213,213,對,213,對,4.307,213,對,3.113,213,對,4.307
seq_020,11345,camera_3,138,L1_ghost,,213,錯,,開新,,,開新,,,開新,
seq_020,11365,camera_1,82,L2_not_in_candidates,213,,開新,,開新,,,開新,-2.413,,開新,-1.219
seq_020,11385,camera_3,139,L2_not_in_candidates,242,213,錯,213,錯,,213,錯,,213,錯,
seq_020,11410,camera_3,140,OK,213,213,對,213,對,5.0,213,對,3.806,213,對,5.0
seq_020,11495,camera_3,141,OK,213,213,對,213,對,5.0,213,對,3.806,213,對,5.0
seq_020,11510,camera_3,142,L1_ghost,,213,錯,,開新,,,開新,,,開新,
seq_020,11520,camera_4,97,L1_ghost,,213,錯,,開新,,,開新,,,開新,
seq_020,11595,camera_7,76,L4_below_threshold,241,,開新,,開新,0.284,239,錯,-0.91,239,錯,0.284
seq_020,11635,camera_4,98,L1_ghost,,213,錯,,開新,,213,錯,,213,錯,
seq_020,11635,camera_4,99,L1_ghost,,213,錯,,開新,,,開新,,,開新,
seq_020,11645,camera_7,77,L1_ghost,,,開新,,開新,,,開新,,,開新,
seq_020,11690,camera_3,143,OK,213,213,對,213,對,3.391,213,對,2.197,213,對,3.391
seq_020,11735,camera_3,144,OK,213,213,對,213,對,3.391,213,對,3.379,213,對,4.573
seq_020,11735,camera_7,78,L2_not_in_candidates,243,,開新,,開新,,,開新,0.549,243,對,1.743
seq_020,11885,camera_4,100,OK,213,213,對,213,對,3.391,213,對,2.197,213,對,3.391
seq_020,11885,camera_7,79,L2_not_in_candidates,238,,開新,,開新,,245,錯,,245,錯,
seq_020,11895,camera_4,101,L1_ghost,,213,錯,,開新,,,開新,,,開新,
seq_020,11905,camera_4,102,L1_ghost,,213,錯,,開新,,,開新,,213,錯,
seq_020,11945,camera_4,103,L1_ghost,,213,錯,,開新,,213,錯,,213,錯,
seq_020,11965,camera_3,145,L1_ghost,,213,錯,,開新,,,開新,,213,錯,
seq_020,12045,camera_4,104,OK,213,213,對,213,對,3.208,213,對,2.014,213,對,3.208
seq_020,12055,camera_4,105,L1_ghost,,213,錯,,開新,,,開新,,,開新,
seq_020,12090,camera_3,146,OK,213,213,對,213,對,2.921,213,對,1.727,213,對,2.921
seq_020,12100,camera_4,106,L1_ghost,,213,錯,,開新,,213,錯,,213,錯,
seq_020,12140,camera_4,107,L1_ghost,,213,錯,,開新,,,開新,,213,錯,
seq_020,12175,camera_3,147,L4_below_threshold,213,,開新,213,對,2.803,,開新,1.609,213,對,2.803
seq_020,12195,camera_7,80,L1_ghost,,,開新,,開新,,245,錯,,245,錯,
seq_020,12325,camera_3,148,L1_ghost,,213,錯,,開新,,,開新,,,開新,
seq_020,12345,camera_7,81,L2_not_in_candidates,237,,開新,,開新,,248,錯,,248,錯,
seq_020,12505,camera_4,108,L1_ghost,,247,錯,,開新,,213,錯,,213,錯,
seq_020,12525,camera_4,109,L1_ghost,,247,錯,,開新,,,開新,,213,錯,
seq_020,12595,camera_4,110,L1_ghost,,247,錯,,開新,,,開新,,,開新,
seq_020,12795,camera_3,149,L3_not_top1,213,247,錯,247,錯,,247,錯,-2.579,247,錯,-1.385
seq_020,12805,camera_4,111,L1_ghost,,247,錯,,開新,,,開新,,,開新,
seq_020,12810,camera_7,82,L4_below_threshold,245,,開新,,開新,-3.017,246,錯,-4.21,246,錯,-3.017
seq_020,12840,camera_3,150,OK,247,247,對,247,對,3.054,247,對,2.002,247,對,3.195
seq_020,12905,camera_7,83,L2_not_in_candidates,224,,開新,,開新,,235,錯,,235,錯,
seq_020,12920,camera_4,112,L1_ghost,,247,錯,,開新,,,開新,,,開新,
seq_020,12940,camera_3,151,L3_not_top1,213,247,錯,247,錯,,247,錯,-2.807,247,錯,-1.613
seq_020,12990,camera_7,84,L2_not_in_candidates,251,,開新,,開新,,,開新,1.513,251,對,2.707
seq_020,13065,camera_7,85,L2_not_in_candidates,233,,開新,,開新,,,開新,,,開新,
seq_020,13080,camera_3,152,L1_ghost,,247,錯,,開新,,,開新,,,開新,
seq_020,13210,camera_3,153,L3_not_top1,213,247,錯,247,錯,,247,錯,1.509,247,錯,2.703
seq_020,13230,camera_4,113,L4_below_threshold,247,,開新,247,對,2.803,,開新,1.609,247,對,2.803
seq_020,13245,camera_6,132,L3_not_top1,246,,開新,,開新,,,開新,-3.74,,開新,-2.547
seq_020,13270,camera_6,133,L1_ghost,,,開新,,開新,,,開新,,,開新,
seq_020,13280,camera_4,114,L3_not_top1,213,,開新,247,錯,,,開新,-2.441,247,錯,-1.247
seq_020,13325,camera_4,115,L3_not_top1,213,247,錯,247,錯,,247,錯,-2.607,247,錯,-1.413
seq_020,13375,camera_6,134,L2_not_in_candidates,250,,開新,,開新,,256,錯,,256,錯,
seq_020,13390,camera_6,135,L1_ghost,,,開新,,開新,,,開新,,256,錯,
seq_020,13400,camera_6,136,L2_not_in_candidates,258,,開新,,開新,,,開新,,256,錯,
seq_020,13420,camera_6,137,L1_ghost,,,開新,,開新,,260,錯,,260,錯,
seq_020,13455,camera_6,138,L2_not_in_candidates,249,,開新,,開新,,260,錯,,260,錯,
seq_020,13475,camera_4,116,L1_ghost,,247,錯,,開新,,,開新,,213,錯,
seq_020,13475,camera_7,86,L2_not_in_candidates,253,,開新,,開新,,,開新,-1.26,250,錯,-0.066
seq_020,13490,camera_4,117,L1_ghost,,247,錯,,開新,,247,錯,,247,錯,
seq_020,13490,camera_4,118,L1_ghost,,247,錯,,開新,,247,錯,,247,錯,
seq_020,13495,camera_6,139,L2_not_in_candidates,263,,開新,,開新,,261,錯,,261,錯,
seq_020,13520,camera_6,140,L3_not_top1,235,,開新,,開新,,259,錯,-5.103,259,錯,-3.909
seq_020,13540,camera_4,119,OK,247,247,對,247,對,3.614,247,對,2.718,247,對,3.912
seq_020,13570,camera_5,250,L3_not_top1,255,247,錯,247,錯,,247,錯,,247,錯,
seq_020,13575,camera_5,251,L3_not_top1,260,247,錯,247,錯,,247,錯,-2.503,247,錯,-1.309
seq_020,13590,camera_5,252,OK,247,247,對,247,對,3.614,247,對,3.404,247,對,4.598
seq_020,13620,camera_5,253,L3_not_top1,262,247,錯,247,錯,,247,錯,-2.642,247,錯,-1.448
seq_020,13630,camera_2,113,OK,247,247,對,247,對,3.614,247,對,2.42,247,對,3.614
seq_020,13650,camera_1,83,L2_not_in_candidates,247,,開新,,開新,,,開新,-2.416,,開新,-1.222
seq_020,13650,camera_5,254,L3_not_top1,264,247,錯,247,錯,,247,錯,-2.642,247,錯,-1.448
seq_020,13655,camera_5,255,L3_not_top1,265,247,錯,247,錯,,247,錯,-2.642,247,錯,-1.448
seq_020,13660,camera_3,154,L2_not_in_candidates,266,247,錯,247,錯,,247,錯,,247,錯,
seq_020,13670,camera_2,114,OK,247,247,對,247,對,3.391,247,對,2.197,247,對,3.391
seq_020,13670,camera_4,120,OK,247,247,對,247,對,4.307,247,對,3.113,247,對,4.307
seq_020,13700,camera_2,115,OK,247,247,對,247,對,3.391,247,對,4.044,247,對,5.237
seq_020,13705,camera_5,256,L1_ghost,,247,錯,,開新,,247,錯,,247,錯,
seq_020,13715,camera_4,121,OK,247,247,對,247,對,3.901,247,對,2.708,247,對,3.901
seq_020,13715,camera_4,122,L1_ghost,,247,錯,,開新,,,開新,,,開新,
seq_020,13720,camera_2,116,OK,247,247,對,247,對,3.391,247,對,3.341,247,對,4.535
seq_020,13720,camera_5,257,L1_ghost,,265,錯,,開新,,247,錯,,247,錯,
seq_020,13735,camera_1,84,L2_not_in_candidates,247,,開新,,開新,,,開新,-2.418,266,錯,-1.224
seq_020,13750,camera_1,85,L2_not_in_candidates,247,,開新,,開新,,266,錯,-2.416,266,錯,-1.222
seq_020,13750,camera_3,155,L2_not_in_candidates,268,247,錯,247,錯,,247,錯,,247,錯,
seq_020,13765,camera_3,156,L2_not_in_candidates,267,247,錯,247,錯,,247,錯,,247,錯,
seq_020,13790,camera_3,157,OK,247,247,對,247,對,3.614,247,對,2.42,247,對,3.614
seq_020,13795,camera_3,158,L3_not_top1,254,247,錯,247,錯,,247,錯,,247,錯,
seq_020,13845,camera_2,117,L3_not_top1,247,265,錯,265,錯,,247,對,3.702,247,對,4.896
seq_020,13855,camera_1,86,L2_not_in_candidates,247,,開新,,開新,,,開新,-2.441,,開新,-1.247
seq_020,13865,camera_1,87,L2_not_in_candidates,265,,開新,,開新,,,開新,-2.503,,開新,-1.309
seq_020,13880,camera_3,159,L2_not_in_candidates,269,247,錯,247,錯,,247,錯,,247,錯,
seq_024,0,camera_1,0,L0_first,,,開新,,開新,,,開新,,,開新,
seq_024,0,camera_2,0,L2_not_in_candidates,1,,開新,,開新,,,開新,,,開新,
seq_024,0,camera_2,1,L0_first,,,開新,,開新,,,開新,,,開新,
seq_024,0,camera_3,0,L3_not_top1,2,3,錯,3,錯,,3,錯,,3,錯,
seq_024,0,camera_3,1,L0_first,,3,錯,3,錯,,3,錯,,3,錯,
seq_024,0,camera_3,2,OK,3,3,對,3,對,4.307,3,對,3.113,3,對,4.307
seq_024,0,camera_7,0,L0_first,,,開新,,開新,,,開新,,,開新,
seq_024,0,camera_7,1,L0_first,,,開新,,開新,,,開新,,,開新,
seq_024,0,camera_7,2,L0_first,,,開新,,開新,,,開新,,,開新,
seq_024,15,camera_3,3,L0_first,,3,錯,3,錯,,3,錯,,3,錯,
seq_024,25,camera_2,2,OK,3,3,對,3,對,3.614,3,對,2.42,3,對,3.614
seq_024,45,camera_3,4,OK,3,3,對,3,對,3.901,3,對,2.708,3,對,3.901
seq_024,80,camera_3,5,L1_ghost,,3,錯,,開新,,3,錯,,3,錯,
seq_024,85,camera_3,6,L0_first,,3,錯,3,錯,,3,錯,,3,錯,
seq_024,120,camera_3,7,L1_ghost,,3,錯,,開新,,,開新,,,開新,
seq_024,125,camera_1,1,L1_ghost,,,開新,,開新,,,開新,,,開新,
seq_024,155,camera_1,2,L2_not_in_candidates,3,,開新,,開新,,,開新,,,開新,
seq_024,165,camera_1,3,L2_not_in_candidates,3,,開新,,開新,,,開新,-2.642,,開新,-1.448
seq_024,175,camera_1,4,L2_not_in_candidates,3,,開新,,開新,,9,錯,-2.53,9,錯,-1.336
seq_024,180,camera_2,3,L2_not_in_candidates,10,3,錯,3,錯,,3,錯,,3,錯,
seq_024,215,camera_3,8,L1_ghost,,3,錯,,開新,,,開新,,3,錯,
seq_024,285,camera_7,3,L2_not_in_candidates,5,,開新,,開新,,,開新,,,開新,
seq_024,335,camera_2,4,OK,3,3,對,3,對,3.054,3,對,1.86,3,對,3.054
seq_024,340,camera_1,5,L1_ghost,,,開新,,開新,,,開新,,,開新,
seq_024,355,camera_3,9,L2_not_in_candidates,8,3,錯,3,錯,,3,錯,,3,錯,
seq_024,365,camera_1,6,L2_not_in_candidates,3,,開新,,開新,,,開新,-2.729,,開新,-1.535
seq_024,375,camera_6,0,L2_not_in_candidates,11,,開新,,開新,,,開新,,,開新,
seq_024,385,camera_6,1,L1_ghost,,,開新,,開新,,,開新,,,開新,
seq_024,410,camera_6,2,L2_not_in_candidates,4,,開新,,開新,,15,錯,,15,錯,
seq_024,420,camera_6,3,L1_ghost,,,開新,,開新,,15,錯,,15,錯,
seq_024,500,camera_2,5,OK,3,3,對,3,對,2.921,3,對,1.727,3,對,2.921
seq_024,505,camera_5,0,L3_not_top1,14,17,錯,17,錯,,17,錯,,17,錯,
seq_024,535,camera_5,1,L3_not_top1,16,17,錯,17,錯,,17,錯,-2.642,17,錯,-1.448
seq_024,555,camera_1,7,L2_not_in_candidates,17,,開新,,開新,,,開新,-2.418,8,錯,-1.224
seq_024,560,camera_2,6,L2_not_in_candidates,18,17,錯,17,錯,,17,錯,,17,錯,
seq_024,580,camera_2,7,L3_not_top1,3,17,錯,17,錯,,17,錯,-2.887,17,錯,-1.694
seq_024,595,camera_3,10,L1_ghost,,17,錯,,開新,,3,錯,,3,錯,
seq_024,620,camera_1,8,L2_not_in_candidates,17,,開新,,開新,,,開新,-2.53,,開新,-1.336
seq_024,625,camera_3,11,L2_not_in_candidates,19,17,錯,17,錯,,17,錯,,17,錯,
seq_024,630,camera_6,4,L2_not_in_candidates,6,17,錯,17,錯,,17,錯,,17,錯,
seq_024,635,camera_6,5,L1_ghost,,17,錯,,開新,,,開新,,,開新,
seq_024,645,camera_3,12,OK,17,17,對,17,對,4.307,17,對,3.283,17,對,4.477
seq_024,680,camera_3,13,OK,17,17,對,17,對,4.307,17,對,3.113,17,對,4.307
seq_024,695,camera_1,9,L2_not_in_candidates,17,,開新,,開新,,,開新,-2.416,18,錯,-1.222
seq_024,725,camera_5,2,OK,17,17,對,17,對,4.307,17,對,3.113,17,對,4.307
seq_024,770,camera_1,10,L2_not_in_candidates,17,,開新,,開新,,19,錯,-2.454,19,錯,-1.26
seq_024,770,camera_2,8,OK,17,17,對,17,對,5.0,17,對,3.806,17,對,5.0
seq_024,815,camera_2,9,L1_ghost,,17,錯,,開新,,,開新,,,開新,
seq_024,820,camera_3,14,OK,17,17,對,17,對,5.0,17,對,3.806,17,對,5.0
seq_024,845,camera_3,15,L3_not_top1,3,17,錯,17,錯,,3,對,3.872,3,對,5.066
seq_024,855,camera_1,11,L1_ghost,,,開新,,開新,,,開新,,,開新,
seq_024,860,camera_2,10,L1_ghost,,17,錯,,開新,,,開新,,17,錯,
seq_024,895,camera_2,11,L2_not_in_candidates,21,17,錯,17,錯,,17,錯,,17,錯,
seq_024,930,camera_1,12,L1_ghost,,,開新,,開新,,12,錯,,12,錯,
seq_024,930,camera_3,16,L4_below_threshold,17,,開新,17,對,2.803,3,錯,1.609,3,錯,2.803
seq_024,965,camera_1,13,L1_ghost,,,開新,,開新,,12,錯,,12,錯,
seq_024,1100,camera_3,17,L1_ghost,,17,錯,,開新,,,開新,,3,錯,
seq_024,1145,camera_2,12,L3_not_top1,3,,開新,24,錯,,,開新,-1.963,24,錯,-0.769
seq_024,1185,camera_1,14,L4_below_threshold,13,,開新,,開新,-1.04,,開新,-2.234,,開新,-1.04
seq_024,1215,camera_1,15,L2_not_in_candidates,17,,開新,,開新,,,開新,-2.86,,開新,-1.667
seq_024,1245,camera_3,18,L2_not_in_candidates,28,26,錯,26,錯,,26,錯,,26,錯,
seq_024,1250,camera_1,16,L1_ghost,,,開新,,開新,,21,錯,,21,錯,
seq_024,1470,camera_1,17,L1_ghost,,,開新,,開新,,,開新,,,開新,
seq_024,1535,camera_3,19,L1_ghost,,26,錯,,開新,,,開新,,,開新,
seq_024,1540,camera_3,20,OK,26,26,對,26,對,3.208,26,對,2.014,26,對,3.208
seq_024,1575,camera_1,18,L2_not_in_candidates,20,,開新,,開新,,22,錯,,22,錯,
seq_024,1635,camera_3,21,OK,26,26,對,26,對,3.208,26,對,2.604,26,對,3.798
seq_024,1690,camera_1,19,L2_not_in_candidates,26,,開新,,開新,,,開新,-2.492,30,錯,-1.298
seq_024,1690,camera_3,22,L2_not_in_candidates,27,17,錯,17,錯,,17,錯,,17,錯,
seq_024,1705,camera_1,20,L2_not_in_candidates,17,,開新,,開新,,23,錯,-5.319,23,錯,-4.125
seq_024,1785,camera_3,23,L1_ghost,,17,錯,,開新,,,開新,,,開新,
seq_024,2110,camera_1,21,L1_ghost,,,開新,,開新,,,開新,,,開新,
seq_024,2120,camera_1,22,L2_not_in_candidates,17,,開新,,開新,,,開新,-6.872,,開新,-5.678
seq_024,2135,camera_3,24,L2_not_in_candidates,35,17,錯,17,錯,,17,錯,,17,錯,
seq_024,2165,camera_3,25,L1_ghost,,17,錯,,開新,,17,錯,,17,錯,
seq_024,2215,camera_2,13,L2_not_in_candidates,32,,開新,26,錯,,,開新,,26,錯,
seq_024,2250,camera_1,23,L1_ghost,,,開新,,開新,,,開新,,32,錯,
seq_024,2285,camera_1,24,L1_ghost,,,開新,,開新,,,開新,,,開新,
seq_024,2290,camera_3,26,L1_ghost,,36,錯,,開新,,17,錯,,17,錯,
seq_024,2300,camera_1,25,L1_ghost,,,開新,,開新,,,開新,,,開新,
seq_024,2475,camera_3,27,OK,17,17,對,17,對,3.391,17,對,2.197,17,對,3.391
seq_024,2865,camera_1,26,L1_ghost,,,開新,,開新,,,開新,,,開新,
seq_024,2895,camera_2,14,L1_ghost,,,開新,,開新,,,開新,,,開新,
seq_024,3035,camera_2,15,L3_not_top1,26,,開新,36,錯,,,開新,-2.413,36,錯,-1.219
seq_024,3070,camera_1,27,L1_ghost,,,開新,,開新,,38,錯,,38,錯,
seq_024,3110,camera_3,28,L1_ghost,,42,錯,,開新,,,開新,,,開新,
seq_024,3225,camera_3,29,L2_not_in_candidates,36,42,錯,42,錯,,42,錯,-6.425,42,錯,-5.231
seq_024,3340,camera_2,16,L1_ghost,,,開新,,開新,,,開新,,,開新,
seq_024,3430,camera_1,28,L2_not_in_candidates,42,,開新,,開新,,,開新,,32,錯,
seq_024,3440,camera_3,30,L1_ghost,,44,錯,,開新,,,開新,,,開新,
seq_024,3620,camera_1,29,L2_not_in_candidates,31,,開新,,開新,,27,錯,,27,錯,
seq_024,3640,camera_3,31,L2_not_in_candidates,46,44,錯,44,錯,,44,錯,,44,錯,
seq_024,4100,camera_1,30,L1_ghost,,,開新,,開新,,,開新,,,開新,
seq_024,4120,camera_1,31,L1_ghost,,,開新,,開新,,,開新,,,開新,
seq_024,4220,camera_3,32,L1_ghost,,44,錯,,開新,,,開新,,,開新,
seq_024,4460,camera_2,17,L1_ghost,,,開新,,開新,,,開新,,,開新,
seq_024,4495,camera_3,33,L1_ghost,,49,錯,,開新,,,開新,,17,錯,
seq_024,4500,camera_3,34,L1_ghost,,49,錯,,開新,,,開新,,17,錯,
seq_024,4540,camera_1,32,L1_ghost,,,開新,,開新,,45,錯,,45,錯,
seq_024,4545,camera_3,35,L2_not_in_candidates,45,49,錯,49,錯,,49,錯,,49,錯,
seq_024,4570,camera_1,33,L1_ghost,,,開新,,開新,,46,錯,,46,錯,
seq_024,4580,camera_3,36,L1_ghost,,49,錯,,開新,,,開新,,49,錯,
seq_024,4700,camera_3,37,L3_not_top1,17,49,錯,49,錯,,49,錯,-2.903,49,錯,-1.709
seq_024,4760,camera_1,34,L1_ghost,,,開新,,開新,,,開新,,,開新,
seq_024,5025,camera_1,35,L2_not_in_candidates,9,,開新,,開新,,,開新,,,開新,
seq_024,5140,camera_1,36,L2_not_in_candidates,49,,開新,,開新,,51,錯,-3.163,51,錯,-1.969
seq_024,5145,camera_2,18,L1_ghost,,,開新,,開新,,,開新,,,開新,
seq_024,5220,camera_2,19,L1_ghost,,,開新,,開新,,,開新,,,開新,
seq_024,5235,camera_1,37,L1_ghost,,,開新,,開新,,,開新,,,開新,
seq_024,5255,camera_1,38,L1_ghost,,,開新,,開新,,,開新,,,開新,
seq_024,5365,camera_1,39,L1_ghost,,,開新,,開新,,,開新,,31,錯,
seq_024,5520,camera_1,40,L1_ghost,,,開新,,開新,,58,錯,,58,錯,
seq_024,5655,camera_2,20,L1_ghost,,,開新,,開新,,,開新,,,開新,
seq_024,5810,camera_1,41,L1_ghost,,,開新,,開新,,,開新,,,開新,
seq_024,5840,camera_1,42,L1_ghost,,,開新,,開新,,,開新,,48,錯,
seq_024,5940,camera_3,38,L1_ghost,,61,錯,,開新,,,開新,,,開新,
seq_024,5955,camera_1,43,L1_ghost,,,開新,,開新,,,開新,,63,錯,
seq_024,6090,camera_3,39,L1_ghost,,61,錯,,開新,,,開新,,,開新,
seq_024,6150,camera_1,44,L2_not_in_candidates,54,,開新,,開新,,54,對,3.731,54,對,4.925
seq_024,6185,camera_1,45,L1_ghost,,,開新,,開新,,,開新,,50,錯,
seq_024,6205,camera_1,46,L2_not_in_candidates,65,,開新,,開新,,65,對,3.052,65,對,4.246
seq_024,6360,camera_1,47,L2_not_in_candidates,44,,開新,,開新,,54,錯,-9.37,54,錯,-8.177
seq_024,6440,camera_1,48,L1_ghost,,,開新,,開新,,,開新,,,開新,
seq_024,6500,camera_3,40,L1_ghost,,61,錯,,開新,,,開新,,,開新,
seq_024,6665,camera_1,49,L1_ghost,,,開新,,開新,,69,錯,,69,錯,
seq_024,6785,camera_1,50,L1_ghost,,,開新,,開新,,,開新,,53,錯,
seq_024,6820,camera_3,41,L1_ghost,,61,錯,,開新,,,開新,,,開新,
seq_024,6835,camera_2,21,L2_not_in_candidates,42,,開新,61,錯,,,開新,,61,錯,
seq_024,6845,camera_1,51,L1_ghost,,,開新,,開新,,,開新,,,開新,
seq_024,6910,camera_3,42,L1_ghost,,72,錯,,開新,,61,錯,,61,錯,
seq_024,6960,camera_1,52,L1_ghost,,,開新,,開新,,,開新,,,開新,
seq_024,7020,camera_1,53,L2_not_in_candidates,68,,開新,,開新,,,開新,,,開新,
seq_024,7025,camera_2,22,L1_ghost,,,開新,,開新,,,開新,,,開新,
seq_024,7120,camera_1,54,L1_ghost,,,開新,,開新,,,開新,,64,錯,
seq_024,7140,camera_1,55,L1_ghost,,,開新,,開新,,,開新,,,開新,
seq_024,7165,camera_1,56,L2_not_in_candidates,75,,開新,,開新,,75,對,4.192,75,對,5.385
seq_024,7230,camera_3,43,L1_ghost,,76,錯,,開新,,,開新,,,開新,
seq_024,7280,camera_1,57,L1_ghost,,,開新,,開新,,73,錯,,73,錯,
seq_024,7290,camera_1,58,L1_ghost,,,開新,,開新,,79,錯,,79,錯,
seq_024,7315,camera_2,23,L1_ghost,,,開新,,開新,,,開新,,,開新,
seq_024,7350,camera_1,59,L1_ghost,,,開新,,開新,,80,錯,,80,錯,
seq_024,7385,camera_1,60,L1_ghost,,,開新,,開新,,80,錯,,80,錯,
seq_024,7395,camera_1,61,L2_not_in_candidates,53,,開新,,開新,,79,錯,,79,錯,
seq_024,7395,camera_3,44,L1_ghost,,,開新,,開新,,,開新,,,開新,
seq_024,7460,camera_1,62,L1_ghost,,,開新,,開新,,83,錯,,83,錯,
seq_024,7560,camera_1,63,L1_ghost,,,開新,,開新,,,開新,,79,錯,
seq_024,7560,camera_1,64,L1_ghost,,,開新,,開新,,81,錯,,81,錯,
seq_024,7585,camera_1,65,L2_not_in_candidates,49,,開新,,開新,,,開新,-8.455,81,錯,-7.262
seq_024,7615,camera_3,45,L2_not_in_candidates,79,,開新,82,錯,,,開新,-2.422,82,錯,-1.228
seq_024,7645,camera_1,66,L3_not_top1,85,,開新,,開新,,,開新,-1.315,,開新,-0.121
seq_024,7670,camera_1,67,L1_ghost,,,開新,,開新,,,開新,,,開新,
seq_024,7670,camera_2,24,L1_ghost,,,開新,,開新,,42,錯,,42,錯,
seq_024,7670,camera_3,46,L1_ghost,,,開新,,開新,,,開新,,,開新,
seq_024,7695,camera_1,68,L1_ghost,,,開新,,開新,,50,錯,,50,錯,
seq_024,7705,camera_1,69,L1_ghost,,,開新,,開新,,50,錯,,50,錯,
seq_024,7720,camera_1,70,L1_ghost,,,開新,,開新,,96,錯,,96,錯,
seq_024,7865,camera_2,25,L1_ghost,,,開新,,開新,,,開新,,,開新,
seq_024,7865,camera_3,47,L1_ghost,,,開新,,開新,,,開新,,,開新,
seq_024,7885,camera_1,71,L2_not_in_candidates,91,,開新,,開新,,,開新,,,開新,
seq_024,7915,camera_1,72,L1_ghost,,,開新,,開新,,,開新,,,開新,
seq_024,7925,camera_1,73,L2_not_in_candidates,101,,開新,,開新,,,開新,,,開新,
seq_024,7955,camera_1,74,L1_ghost,,,開新,,開新,,96,錯,,96,錯,
seq_024,7995,camera_3,48,L3_not_top1,17,,開新,99,錯,,,開新,,99,錯,
seq_024,8030,camera_1,75,L2_not_in_candidates,33,,開新,,開新,,102,錯,,102,錯,
seq_024,8030,camera_1,76,L1_ghost,,,開新,,開新,,102,錯,,102,錯,
seq_024,8065,camera_3,49,L2_not_in_candidates,90,82,錯,82,錯,,82,錯,,82,錯,
seq_024,8365,camera_3,50,L3_not_top1,67,82,錯,82,錯,,82,錯,-8.297,82,錯,-7.103
seq_024,8395,camera_3,51,L2_not_in_candidates,103,82,錯,82,錯,,82,錯,,82,錯,
seq_024,8405,camera_1,77,L2_not_in_candidates,82,,開新,,開新,,,開新,-2.413,,開新,-1.219
seq_024,8410,camera_1,78,L1_ghost,,,開新,,開新,,,開新,,,開新,
seq_024,8425,camera_1,79,L1_ghost,,,開新,,開新,,,開新,,,開新,
seq_024,8475,camera_1,80,L2_not_in_candidates,82,,開新,,開新,,,開新,-2.63,,開新,-1.437
seq_024,8555,camera_1,81,L1_ghost,,,開新,,開新,,109,錯,,109,錯,
seq_024,8690,camera_3,52,L1_ghost,,82,錯,,開新,,,開新,,,開新,
seq_024,8710,camera_1,82,L2_not_in_candidates,108,,開新,,開新,,,開新,1.51,108,對,2.704
seq_024,8820,camera_1,83,L2_not_in_candidates,113,,開新,,開新,,33,錯,0.579,33,錯,1.773
seq_024,8860,camera_1,84,L2_not_in_candidates,72,,開新,,開新,,111,錯,-2.454,111,錯,-1.26
seq_024,8875,camera_1,85,L1_ghost,,,開新,,開新,,111,錯,,111,錯,
seq_024,8875,camera_3,53,L2_not_in_candidates,114,72,錯,72,錯,,3,錯,,3,錯,
seq_024,8965,camera_1,86,L1_ghost,,,開新,,開新,,,開新,,,開新,
seq_024,8980,camera_3,54,L2_not_in_candidates,82,61,錯,61,錯,,17,錯,-2.096,17,錯,-0.902
seq_024,8985,camera_3,55,L2_not_in_candidates,115,61,錯,61,錯,,82,錯,,82,錯,
seq_024,8990,camera_1,87,L1_ghost,,,開新,,開新,,116,錯,,116,錯,
seq_024,9035,camera_2,26,L3_not_top1,72,,開新,105,錯,,,開新,-3.351,105,錯,-2.157
seq_024,9100,camera_2,27,L1_ghost,,,開新,,開新,,,開新,,,開新,
seq_024,9100,camera_3,56,L2_not_in_candidates,106,120,錯,120,錯,,120,錯,,120,錯,
seq_024,9110,camera_2,28,L3_not_top1,61,,開新,120,錯,,120,錯,-2.441,120,錯,-1.247
seq_024,9130,camera_1,88,L1_ghost,,,開新,,開新,,,開新,,,開新,
seq_024,9175,camera_2,29,L2_not_in_candidates,121,120,錯,120,錯,,120,錯,2.501,120,錯,3.694
seq_024,9220,camera_2,30,L1_ghost,,120,錯,,開新,,,開新,,,開新,
seq_024,9255,camera_3,57,L2_not_in_candidates,105,,開新,121,錯,,,開新,,121,錯,
seq_024,9285,camera_1,89,L1_ghost,,,開新,,開新,,,開新,,,開新,
seq_024,9340,camera_1,90,L1_ghost,,,開新,,開新,,,開新,,,開新,
seq_024,9395,camera_1,91,L3_not_top1,111,,開新,,開新,,125,錯,-4.375,125,錯,-3.181
seq_024,9415,camera_3,58,L3_not_top1,119,120,錯,120,錯,,120,錯,,120,錯,
seq_024,9440,camera_1,92,L2_not_in_candidates,120,,開新,,開新,,,開新,-2.834,,開新,-1.64
seq_024,9460,camera_3,59,L1_ghost,,120,錯,,開新,,82,錯,,82,錯,
seq_024,9575,camera_2,31,L1_ghost,,123,錯,,開新,,,開新,,,開新,
seq_024,9650,camera_2,32,L1_ghost,,123,錯,,開新,,,開新,,119,錯,
seq_024,9670,camera_3,60,L1_ghost,,123,錯,,開新,,61,錯,,61,錯,
seq_024,9675,camera_2,33,L3_not_top1,120,,開新,123,錯,,,開新,-2.427,123,錯,-1.233
seq_024,9710,camera_5,3,L3_not_top1,123,128,錯,128,錯,,128,錯,-2.441,128,錯,-1.247
seq_024,9730,camera_3,61,L2_not_in_candidates,127,128,錯,128,錯,,128,錯,-2.642,128,錯,-1.448
seq_024,9735,camera_4,0,OK,128,128,對,128,對,5.0,128,對,3.806,128,對,5.0
seq_024,9745,camera_2,34,L3_not_top1,120,128,錯,128,錯,,128,錯,0.578,128,錯,1.772
seq_024,9750,camera_5,4,L1_ghost,,128,錯,,開新,,,開新,,,開新,
seq_024,9760,camera_5,5,L1_ghost,,128,錯,,開新,,,開新,,,開新,
seq_024,9765,camera_5,6,L1_ghost,,128,錯,,開新,,,開新,,,開新,
seq_024,9790,camera_1,93,L1_ghost,,,開新,,開新,,,開新,,115,錯,
seq_024,9790,camera_5,7,L1_ghost,,128,錯,,開新,,128,錯,,128,錯,
seq_024,9815,camera_1,94,L2_not_in_candidates,128,,開新,,開新,,129,錯,-2.53,129,錯,-1.336
seq_024,9820,camera_2,35,L1_ghost,,128,錯,,開新,,,開新,,,開新,
seq_024,9915,camera_2,36,L3_not_top1,61,128,錯,128,錯,,128,錯,-6.189,128,錯,-4.996
seq_024,9915,camera_2,37,L2_not_in_candidates,130,128,錯,128,錯,,128,錯,,128,錯,
seq_024,9940,camera_1,95,L2_not_in_candidates,128,,開新,,開新,,106,錯,-2.418,106,錯,-1.224
seq_024,9990,camera_3,62,OK,128,128,對,128,對,4.307,128,對,3.113,128,對,4.307
seq_024,9995,camera_2,38,OK,128,128,對,128,對,4.307,128,對,3.113,128,對,4.307
seq_024,10005,camera_1,96,L2_not_in_candidates,131,,開新,,開新,,,開新,,106,錯,
seq_024,10025,camera_1,97,L2_not_in_candidates,126,,開新,,開新,,,開新,,,開新,
seq_024,10050,camera_3,63,OK,128,128,對,128,對,5.0,128,對,3.806,128,對,5.0
seq_024,10055,camera_3,64,L2_not_in_candidates,132,128,錯,128,錯,,128,錯,,128,錯,
seq_024,10080,camera_4,1,OK,128,128,對,128,對,3.208,128,對,2.014,128,對,3.208
seq_024,10120,camera_3,65,OK,128,128,對,128,對,5.0,128,對,3.806,128,對,5.0
seq_024,10125,camera_1,98,L2_not_in_candidates,128,,開新,,開新,,132,錯,-2.416,132,錯,-1.222
seq_024,10145,camera_2,39,OK,128,128,對,128,對,5.0,128,對,3.806,128,對,5.0
seq_024,10155,camera_3,66,OK,128,128,對,128,對,5.0,128,對,3.806,128,對,5.0
seq_024,10170,camera_1,99,L1_ghost,,,開新,,開新,,,開新,,132,錯,
seq_024,10175,camera_5,8,L2_not_in_candidates,134,128,錯,128,錯,,128,錯,,128,錯,
seq_024,10195,camera_2,40,L1_ghost,,128,錯,,開新,,,開新,,,開新,
seq_024,10215,camera_1,100,L2_not_in_candidates,133,,開新,,開新,,,開新,0.251,134,錯,1.444
seq_024,10215,camera_5,9,OK,128,128,對,128,對,5.0,128,對,3.806,128,對,5.0
seq_024,10225,camera_3,67,L2_not_in_candidates,136,128,錯,128,錯,,128,錯,,128,錯,
seq_024,10240,camera_3,68,L1_ghost,,128,錯,,開新,,,開新,,,開新,
seq_024,10260,camera_4,2,OK,128,128,對,128,對,4.307,128,對,3.113,128,對,4.307
seq_024,10260,camera_6,6,OK,128,128,對,128,對,4.307,128,對,3.113,128,對,4.307
seq_024,10265,camera_2,41,OK,128,128,對,128,對,4.307,128,對,3.113,128,對,4.307
seq_024,10300,camera_6,7,L1_ghost,,128,錯,,開新,,,開新,,,開新,
seq_024,10310,camera_5,10,L1_ghost,,128,錯,,開新,,,開新,,,開新,
seq_024,10320,camera_7,4,L2_not_in_candidates,128,,開新,,開新,,,開新,1.424,128,對,2.618
seq_024,10330,camera_4,3,OK,128,128,對,128,對,3.901,128,對,2.708,128,對,3.901
seq_024,10405,camera_2,42,OK,128,128,對,128,對,4.307,128,對,3.113,128,對,4.307
seq_024,10440,camera_2,43,L1_ghost,,128,錯,,開新,,,開新,,,開新,
seq_024,10480,camera_2,44,OK,128,128,對,128,對,5.0,128,對,3.806,128,對,5.0
seq_024,10505,camera_3,69,OK,128,128,對,128,對,5.0,128,對,3.806,128,對,5.0
seq_024,10555,camera_6,8,L2_not_in_candidates,137,128,錯,128,錯,,128,錯,,128,錯,
seq_024,10560,camera_6,9,L1_ghost,,128,錯,,開新,,,開新,,,開新,
seq_024,10605,camera_4,4,OK,128,128,對,128,對,5.0,128,對,3.806,128,對,5.0
seq_024,10635,camera_1,101,L2_not_in_candidates,128,,開新,,開新,,,開新,-2.542,,開新,-1.348
seq_024,10640,camera_2,45,OK,128,128,對,128,對,5.0,128,對,3.806,128,對,5.0
seq_024,10655,camera_1,102,L2_not_in_candidates,128,,開新,,開新,,,開新,-2.442,,開新,-1.248
seq_024,10660,camera_5,11,L2_not_in_candidates,138,128,錯,128,錯,,128,錯,,128,錯,
seq_024,10690,camera_5,12,OK,128,128,對,128,對,5.0,128,對,3.806,128,對,5.0
seq_024,10700,camera_5,13,L1_ghost,,128,錯,,開新,,,開新,,,開新,
seq_024,10720,camera_1,103,L2_not_in_candidates,139,,開新,,開新,,139,對,1.958,139,對,3.152
seq_024,10730,camera_4,5,OK,128,128,對,128,對,3.901,128,對,2.708,128,對,3.901
seq_024,10760,camera_5,14,L1_ghost,,128,錯,,開新,,128,錯,,128,錯,
seq_024,10765,camera_3,70,L2_not_in_candidates,140,128,錯,128,錯,,128,錯,,128,錯,
seq_024,10835,camera_1,104,L1_ghost,,,開新,,開新,,,開新,,,開新,
seq_024,10860,camera_2,46,L1_ghost,,128,錯,,開新,,,開新,,,開新,
seq_024,10880,camera_2,47,OK,128,128,對,128,對,5.0,128,對,3.806,128,對,5.0
seq_024,10880,camera_5,15,L1_ghost,,128,錯,,開新,,,開新,,128,錯,
seq_024,10905,camera_3,71,L1_ghost,,128,錯,,開新,,,開新,,,開新,
seq_024,10955,camera_2,48,OK,128,128,對,128,對,3.901,128,對,2.708,128,對,3.901
seq_024,10955,camera_2,49,L1_ghost,,128,錯,,開新,,,開新,,,開新,
seq_024,10995,camera_1,105,L2_not_in_candidates,128,,開新,,開新,,,開新,-2.418,138,錯,-1.224
seq_024,10995,camera_5,16,OK,128,128,對,128,對,3.901,128,對,2.708,128,對,3.901
seq_024,11020,camera_4,6,OK,128,128,對,128,對,3.901,128,對,2.708,128,對,3.901
seq_024,11045,camera_3,72,L2_not_in_candidates,142,128,錯,128,錯,,128,錯,,128,錯,
seq_024,11065,camera_5,17,OK,128,128,對,128,對,5.0,128,對,3.806,128,對,5.0
seq_024,11080,camera_1,106,L2_not_in_candidates,24,,開新,,開新,,,開新,,,開新,
seq_024,11095,camera_2,50,OK,128,128,對,128,對,5.0,128,對,3.806,128,對,5.0
seq_024,11100,camera_5,18,L1_ghost,,128,錯,,開新,,,開新,,,開新,
seq_024,11130,camera_5,19,OK,128,128,對,128,對,5.0,128,對,3.806,128,對,5.0
seq_024,11145,camera_5,20,L1_ghost,,128,錯,,開新,,128,錯,,128,錯,
seq_024,11175,camera_5,21,L1_ghost,,128,錯,,開新,,,開新,,128,錯,
seq_024,11200,camera_4,7,OK,128,128,對,128,對,3.901,128,對,2.708,128,對,3.901
seq_024,11225,camera_3,73,L1_ghost,,128,錯,,開新,,,開新,,128,錯,
seq_024,11230,camera_2,51,OK,128,128,對,128,對,5.0,128,對,3.806,128,對,5.0
seq_024,11245,camera_3,74,OK,128,128,對,128,對,5.0,128,對,3.806,128,對,5.0
seq_024,11265,camera_5,22,L2_not_in_candidates,143,128,錯,128,錯,,128,錯,,128,錯,
seq_024,11270,camera_5,23,L1_ghost,,128,錯,,開新,,128,錯,,128,錯,
seq_024,11275,camera_5,24,L1_ghost,,128,錯,,開新,,,開新,,128,錯,
seq_024,11280,camera_5,25,L1_ghost,,128,錯,,開新,,,開新,,128,錯,
seq_024,11320,camera_2,52,OK,128,128,對,128,對,5.0,128,對,3.806,128,對,5.0
seq_024,11320,camera_4,8,OK,128,128,對,128,對,3.614,128,對,2.42,128,對,3.614
seq_024,11330,camera_6,10,L4_below_threshold,128,,開新,128,對,2.697,,開新,1.504,128,對,2.697
seq_024,11350,camera_4,9,OK,128,128,對,128,對,3.614,128,對,2.42,128,對,3.614
seq_024,11365,camera_4,10,OK,128,128,對,128,對,3.614,128,對,2.42,128,對,3.614
seq_024,11375,camera_6,11,L4_below_threshold,128,,開新,128,對,2.803,,開新,1.609,128,對,2.803
seq_024,11385,camera_6,12,L1_ghost,,128,錯,,開新,,,開新,,,開新,
seq_024,11390,camera_2,53,OK,128,128,對,128,對,3.901,128,對,2.708,128,對,3.901
seq_024,11390,camera_5,26,L3_not_top1,128,145,錯,145,錯,,145,錯,1.83,145,錯,3.024
seq_024,11400,camera_1,107,L2_not_in_candidates,128,,開新,,開新,,,開新,-2.416,,開新,-1.222
seq_024,11400,camera_7,5,L2_not_in_candidates,144,,開新,,開新,,,開新,,,開新,
seq_024,11420,camera_5,27,OK,128,128,對,128,對,4.307,128,對,3.113,128,對,4.307
seq_024,11440,camera_6,13,L1_ghost,,,開新,,開新,,144,錯,,144,錯,
seq_024,11450,camera_2,54,OK,128,128,對,128,對,4.307,128,對,3.113,128,對,4.307
seq_024,11455,camera_1,108,L2_not_in_candidates,128,,開新,,開新,,,開新,-2.416,146,錯,-1.222
seq_024,11460,camera_7,6,L2_not_in_candidates,145,,開新,,開新,,,開新,,,開新,
seq_024,11465,camera_5,28,L2_not_in_candidates,149,128,錯,128,錯,,128,錯,,128,錯,
seq_024,11490,camera_5,29,L1_ghost,,128,錯,,開新,,128,錯,,128,錯,
seq_024,11490,camera_6,14,L2_not_in_candidates,146,,開新,145,錯,,,開新,-2.427,145,錯,-1.233
seq_024,11505,camera_3,75,OK,128,128,對,128,對,3.901,128,對,2.708,128,對,3.901
seq_024,11530,camera_5,30,L1_ghost,,128,錯,,開新,,,開新,,128,錯,
seq_024,11545,camera_4,11,OK,128,128,對,128,對,5.0,128,對,3.806,128,對,5.0
seq_024,11545,camera_6,15,L1_ghost,,145,錯,,開新,,,開新,,,開新,
seq_024,11555,camera_7,7,L2_not_in_candidates,151,,開新,,開新,,,開新,,,開新,
seq_024,11575,camera_7,8,L2_not_in_candidates,150,,開新,,開新,,150,對,3.748,150,對,4.942
seq_024,11605,camera_4,12,L3_not_top1,145,128,錯,128,錯,,128,錯,-2.522,128,錯,-1.328
seq_024,11630,camera_1,109,L2_not_in_candidates,128,,開新,,開新,,,開新,-2.416,,開新,-1.222
seq_024,11630,camera_2,55,L2_not_in_candidates,154,128,錯,128,錯,,128,錯,,128,錯,
seq_024,11675,camera_6,16,L2_not_in_candidates,153,145,錯,145,錯,,145,錯,,145,錯,
seq_024,11680,camera_6,17,L1_ghost,,145,錯,,開新,,,開新,,,開新,
seq_024,11715,camera_6,18,L3_not_top1,128,145,錯,145,錯,,145,錯,0.057,145,錯,1.251
seq_024,11735,camera_5,31,L1_ghost,,128,錯,,開新,,,開新,,,開新,
seq_024,11765,camera_2,56,OK,128,128,對,128,對,4.307,128,對,3.113,128,對,4.307
seq_024,11790,camera_5,32,OK,145,145,對,145,對,3.901,145,對,2.708,145,對,3.901
seq_024,11790,camera_6,19,L1_ghost,,145,錯,,開新,,,開新,,145,錯,
seq_024,11800,camera_7,9,L2_not_in_candidates,145,,開新,,開新,,,開新,-0.668,,開新,0.526
seq_024,11825,camera_7,10,L2_not_in_candidates,155,,開新,,開新,,155,對,1.652,155,對,2.846
seq_024,11830,camera_1,110,L2_not_in_candidates,145,,開新,,開新,,,開新,-2.454,,開新,-1.26
seq_024,11830,camera_2,57,L2_not_in_candidates,157,145,錯,145,錯,,145,錯,,145,錯,
seq_024,11850,camera_4,13,OK,145,145,對,145,對,3.901,145,對,2.708,145,對,3.901
seq_024,11870,camera_5,33,L1_ghost,,145,錯,,開新,,,開新,,128,錯,
seq_024,11890,camera_5,34,L1_ghost,,145,錯,,開新,,,開新,,128,錯,
seq_024,11900,camera_5,35,L3_not_top1,128,145,錯,145,錯,,145,錯,0.536,145,錯,1.73
seq_024,11950,camera_5,36,L1_ghost,,145,錯,,開新,,,開新,,,開新,
seq_024,11965,camera_7,11,L2_not_in_candidates,147,,開新,,開新,,147,對,2.784,147,對,3.977
seq_024,11970,camera_4,14,OK,145,145,對,145,對,3.901,145,對,2.708,145,對,3.901
seq_024,11975,camera_5,37,L1_ghost,,145,錯,,開新,,,開新,,,開新,
seq_024,12000,camera_2,58,OK,145,145,對,145,對,4.307,145,對,3.113,145,對,4.307
seq_024,12005,camera_6,20,L2_not_in_candidates,152,145,錯,145,錯,,145,錯,,145,錯,
seq_024,12010,camera_1,111,L2_not_in_candidates,145,,開新,,開新,,,開新,-2.503,,開新,-1.309
seq_024,12015,camera_6,21,L1_ghost,,145,錯,,開新,,,開新,,,開新,
seq_024,12035,camera_6,22,L2_not_in_candidates,156,145,錯,145,錯,,145,錯,,145,錯,
seq_024,12055,camera_1,112,L2_not_in_candidates,159,,開新,,開新,,159,對,2.499,159,對,3.693
seq_024,12055,camera_2,59,L2_not_in_candidates,160,145,錯,145,錯,,145,錯,,145,錯,
seq_024,12070,camera_6,23,L2_not_in_candidates,158,145,錯,145,錯,,145,錯,,145,錯,
seq_024,12090,camera_4,15,OK,145,145,對,145,對,3.614,145,對,2.42,145,對,3.614
seq_024,12095,camera_3,76,OK,145,145,對,145,對,4.307,145,對,3.113,145,對,4.307
seq_024,12160,camera_2,60,L2_not_in_candidates,128,145,錯,145,錯,,145,錯,-3.523,145,錯,-2.33
seq_024,12160,camera_3,77,OK,145,145,對,145,對,5.0,145,對,3.806,145,對,5.0
seq_024,12180,camera_5,38,OK,145,145,對,145,對,5.0,145,對,3.806,145,對,5.0
seq_024,12210,camera_5,39,OK,145,145,對,145,對,5.0,145,對,3.806,145,對,5.0
seq_024,12220,camera_5,40,OK,145,145,對,145,對,5.0,145,對,3.806,145,對,5.0
seq_024,12265,camera_1,113,L2_not_in_candidates,145,,開新,,開新,,160,錯,-2.416,160,錯,-1.222
seq_024,12265,camera_2,61,L2_not_in_candidates,161,145,錯,145,錯,,145,錯,,145,錯,
seq_024,12275,camera_4,16,OK,145,145,對,145,對,4.307,145,對,3.113,145,對,4.307
seq_024,12275,camera_5,41,OK,145,145,對,145,對,4.307,145,對,3.113,145,對,4.307
seq_024,12295,camera_2,62,OK,145,145,對,145,對,4.307,145,對,4.369,145,對,5.563
seq_024,12310,camera_5,42,L1_ghost,,145,錯,,開新,,,開新,,,開新,
seq_024,12315,camera_1,114,L2_not_in_candidates,145,,開新,,開新,,161,錯,-2.413,161,錯,-1.219
seq_024,12330,camera_2,63,OK,145,145,對,145,對,4.307,145,對,3.113,145,對,4.307
seq_024,12345,camera_3,78,OK,145,145,對,145,對,4.307,145,對,3.113,145,對,4.307
seq_024,12355,camera_1,115,L2_not_in_candidates,145,,開新,,開新,,,開新,-2.418,161,錯,-1.224
seq_024,12355,camera_2,64,L2_not_in_candidates,162,145,錯,145,錯,,145,錯,,145,錯,
seq_024,12370,camera_1,116,L2_not_in_candidates,145,,開新,,開新,,,開新,-2.416,,開新,-1.222
seq_024,12385,camera_3,79,OK,145,145,對,145,對,4.307,145,對,3.113,145,對,4.307
seq_024,12390,camera_1,117,L2_not_in_candidates,145,,開新,,開新,,,開新,-2.413,,開新,-1.219
seq_024,12395,camera_3,80,L2_not_in_candidates,165,145,錯,145,錯,,145,錯,,145,錯,
seq_024,12410,camera_3,81,L2_not_in_candidates,164,145,錯,145,錯,,145,錯,,145,錯,
seq_024,12420,camera_2,65,OK,145,145,對,145,對,4.307,145,對,3.113,145,對,4.307
seq_024,12435,camera_3,82,OK,145,145,對,145,對,4.307,145,對,3.499,145,對,4.693
seq_024,12480,camera_1,118,L1_ghost,,,開新,,開新,,,開新,,,開新,
seq_024,12540,camera_3,83,L1_ghost,,145,錯,,開新,,,開新,,145,錯,
seq_024,12565,camera_2,66,OK,145,145,對,145,對,4.307,145,對,3.113,145,對,4.307
seq_024,12565,camera_4,17,L2_not_in_candidates,163,145,錯,145,錯,,145,錯,,145,錯,
seq_024,12580,camera_2,67,L1_ghost,,145,錯,,開新,,145,錯,,145,錯,
seq_024,12600,camera_4,18,OK,145,145,對,145,對,3.391,145,對,2.197,145,對,3.391
seq_024,12615,camera_4,19,OK,145,145,對,145,對,3.391,145,對,2.197,145,對,3.391
seq_024,12665,camera_4,20,OK,145,145,對,145,對,3.614,145,對,3.788,145,對,4.982
seq_024,12665,camera_5,43,OK,145,145,對,145,對,3.614,145,對,2.42,145,對,3.614
seq_024,12750,camera_6,24,OK,145,145,對,145,對,5.0,145,對,3.806,145,對,5.0
seq_024,12760,camera_3,84,OK,145,145,對,145,對,5.0,145,對,3.806,145,對,5.0
seq_024,12770,camera_2,68,OK,145,145,對,145,對,5.0,145,對,3.806,145,對,5.0
seq_024,12790,camera_1,119,L2_not_in_candidates,145,,開新,,開新,,,開新,-2.441,,開新,-1.247
seq_024,12810,camera_6,25,L1_ghost,,145,錯,,開新,,,開新,,,開新,
seq_024,12825,camera_7,12,L2_not_in_candidates,145,,開新,,開新,,,開新,-2.422,,開新,-1.228
seq_024,12835,camera_2,69,OK,145,145,對,145,對,5.0,145,對,3.806,145,對,5.0
seq_024,12850,camera_1,120,L1_ghost,,,開新,,開新,,,開新,,,開新,
seq_024,12900,camera_5,44,OK,145,145,對,145,對,5.0,145,對,3.806,145,對,5.0
seq_024,12915,camera_5,45,OK,145,145,對,145,對,5.0,145,對,3.806,145,對,5.0
seq_024,12925,camera_4,21,OK,145,145,對,145,對,5.0,145,對,3.806,145,對,5.0
seq_024,12925,camera_5,46,L1_ghost,,145,錯,,開新,,,開新,,,開新,
seq_024,12950,camera_4,22,L2_not_in_candidates,167,145,錯,145,錯,,145,錯,,145,錯,
seq_024,12960,camera_5,47,OK,145,145,對,145,對,5.0,145,對,3.806,145,對,5.0
seq_024,12970,camera_4,23,OK,145,145,對,145,對,5.0,145,對,3.806,145,對,5.0
seq_024,13000,camera_5,48,OK,145,145,對,145,對,3.614,145,對,2.42,145,對,3.614
seq_024,13005,camera_5,49,L1_ghost,,145,錯,,開新,,145,錯,,145,錯,
seq_024,13010,camera_5,50,OK,145,145,對,145,對,3.614,145,對,3.322,145,對,4.516
seq_024,13025,camera_2,70,L1_ghost,,145,錯,,開新,,,開新,,145,錯,
seq_024,13065,camera_5,51,OK,145,145,對,145,對,3.391,145,對,2.86,145,對,4.053
seq_024,13075,camera_6,26,L2_not_in_candidates,168,145,錯,145,錯,,145,錯,,145,錯,
seq_024,13080,camera_6,27,L1_ghost,,145,錯,,開新,,,開新,,,開新,
seq_024,13160,camera_5,52,OK,145,145,對,145,對,5.0,145,對,3.806,145,對,5.0
seq_024,13170,camera_5,53,L1_ghost,,145,錯,,開新,,145,錯,,145,錯,
seq_024,13200,camera_5,54,OK,145,145,對,145,對,4.307,145,對,3.113,145,對,4.307
seq_024,13245,camera_1,121,L2_not_in_candidates,145,,開新,,開新,,,開新,-2.416,,開新,-1.222
seq_024,13250,camera_2,71,L2_not_in_candidates,170,145,錯,145,錯,,145,錯,,145,錯,
seq_024,13275,camera_5,55,L1_ghost,,145,錯,,開新,,,開新,,145,錯,
seq_024,13300,camera_4,24,OK,145,145,對,145,對,3.614,145,對,2.42,145,對,3.614
seq_024,13315,camera_5,56,L1_ghost,,145,錯,,開新,,145,錯,,145,錯,
seq_024,13335,camera_5,57,L1_ghost,,145,錯,,開新,,,開新,,145,錯,
seq_024,13415,camera_5,58,L1_ghost,,145,錯,,開新,,,開新,,145,錯,
seq_024,13420,camera_5,59,L1_ghost,,145,錯,,開新,,,開新,,145,錯,
seq_024,13440,camera_5,60,L1_ghost,,145,錯,,開新,,,開新,,145,錯,
seq_024,13480,camera_5,61,OK,145,145,對,145,對,3.901,145,對,2.708,145,對,3.901
seq_024,13565,camera_5,62,L1_ghost,,145,錯,,開新,,,開新,,145,錯,
seq_024,13570,camera_5,63,OK,145,145,對,145,對,3.901,145,對,2.708,145,對,3.901
seq_024,13580,camera_5,64,OK,145,145,對,145,對,3.901,145,對,2.708,145,對,3.901
seq_024,13605,camera_5,65,L1_ghost,,145,錯,,開新,,,開新,,145,錯,
seq_024,13635,camera_5,66,L1_ghost,,145,錯,,開新,,145,錯,,145,錯,
seq_024,13645,camera_4,25,OK,145,145,對,145,對,3.901,145,對,2.708,145,對,3.901
seq_024,13665,camera_2,72,OK,145,145,對,145,對,5.0,145,對,3.806,145,對,5.0
seq_024,13670,camera_1,122,L2_not_in_candidates,145,,開新,,開新,,,開新,-2.469,,開新,-1.275
seq_024,13690,camera_5,67,L1_ghost,,145,錯,,開新,,145,錯,,145,錯,
seq_024,13700,camera_4,26,L2_not_in_candidates,171,145,錯,145,錯,,145,錯,,145,錯,
seq_024,13750,camera_4,27,OK,145,145,對,145,對,3.614,145,對,2.42,145,對,3.614
seq_024,13755,camera_6,28,L4_below_threshold,145,,開新,145,對,2.803,,開新,1.609,145,對,2.803
seq_024,13760,camera_2,73,OK,145,145,對,145,對,3.901,145,對,2.708,145,對,3.901
seq_024,13775,camera_3,85,OK,145,145,對,145,對,3.901,145,對,2.708,145,對,3.901
seq_024,13800,camera_2,74,OK,145,145,對,145,對,5.0,145,對,3.806,145,對,5.0
seq_024,13815,camera_6,29,L1_ghost,,145,錯,,開新,,,開新,,,開新,
seq_024,13830,camera_7,13,L2_not_in_candidates,172,,開新,,開新,,,開新,,,開新,
seq_024,13850,camera_6,30,OK,145,145,對,145,對,3.054,145,對,1.86,145,對,3.054
seq_024,13865,camera_6,31,OK,145,145,對,145,對,3.391,145,對,2.197,145,對,3.391
seq_024,13900,camera_6,32,L1_ghost,,145,錯,,開新,,,開新,,172,錯,
seq_024,13935,camera_7,14,L2_not_in_candidates,145,,開新,,開新,,,開新,-2.377,,開新,-1.183
seq_024,13950,camera_7,15,L2_not_in_candidates,145,,開新,,開新,,,開新,1.279,145,對,2.473
seq_024,13980,camera_5,68,OK,145,145,對,145,對,5.0,145,對,3.806,145,對,5.0
seq_024,14015,camera_7,16,L2_not_in_candidates,174,,開新,,開新,,174,對,3.195,174,對,4.389
seq_024,14065,camera_6,33,OK,145,145,對,145,對,5.0,145,對,3.806,145,對,5.0
seq_024,14110,camera_6,34,L1_ghost,,145,錯,,開新,,,開新,,,開新,
seq_024,14115,camera_7,17,L2_not_in_candidates,145,,開新,,開新,,,開新,-2.418,,開新,-1.224
seq_024,14125,camera_7,18,L2_not_in_candidates,177,,開新,,開新,,177,對,1.908,177,對,3.102
seq_024,14185,camera_7,19,L2_not_in_candidates,175,,開新,,開新,,,開新,-0.428,,開新,0.766
seq_024,14350,camera_7,20,L3_not_top1,173,,開新,,開新,,,開新,-3.39,,開新,-2.196
seq_024,14415,camera_7,21,L2_not_in_candidates,180,,開新,,開新,,,開新,,,開新,
seq_024,14425,camera_7,22,L3_not_top1,176,,開新,,開新,,180,錯,-4.822,180,錯,-3.628
seq_024,14440,camera_7,23,L1_ghost,,,開新,,開新,,180,錯,,180,錯,
seq_024,14440,camera_7,24,L4_below_threshold,178,,開新,,開新,-0.919,180,錯,-2.112,180,錯,-0.919
seq_024,14445,camera_2,75,L1_ghost,,,開新,,開新,,,開新,,,開新,
seq_024,14485,camera_6,35,L2_not_in_candidates,182,,開新,,開新,,,開新,,,開新,
seq_024,14490,camera_6,36,L1_ghost,,,開新,,開新,,,開新,,,開新,
seq_024,14560,camera_7,25,L2_not_in_candidates,181,,開新,,開新,,,開新,0.986,181,對,2.179
seq_024,14570,camera_6,37,L2_not_in_candidates,188,,開新,,開新,,,開新,,187,錯,
seq_024,14575,camera_2,76,L3_not_top1,145,,開新,,開新,,,開新,-4.158,,開新,-2.964
seq_024,14575,camera_6,38,L1_ghost,,,開新,,開新,,,開新,,187,錯,
seq_024,14615,camera_2,77,L2_not_in_candidates,190,,開新,,開新,,190,對,3.09,190,對,4.284
seq_024,14625,camera_5,69,L3_not_top1,186,192,錯,192,錯,,192,錯,,192,錯,
seq_024,14675,camera_1,123,L2_not_in_candidates,189,,開新,,開新,,,開新,,,開新,
seq_024,14675,camera_2,78,L2_not_in_candidates,193,192,錯,192,錯,,192,錯,,192,錯,
seq_024,14675,camera_5,70,OK,192,192,對,192,對,3.901,192,對,2.708,192,對,3.901
seq_024,14705,camera_4,28,OK,192,192,對,192,對,4.307,192,對,3.113,192,對,4.307
seq_024,14725,camera_5,71,L1_ghost,,192,錯,,開新,,192,錯,,192,錯,
seq_024,14755,camera_3,86,OK,192,192,對,192,對,5.0,192,對,3.806,192,對,5.0
seq_024,14775,camera_4,29,OK,192,192,對,192,對,5.0,192,對,3.806,192,對,5.0
seq_024,14810,camera_4,30,OK,192,192,對,192,對,5.0,192,對,3.806,192,對,5.0
seq_024,14825,camera_7,26,L2_not_in_candidates,179,,開新,,開新,,179,對,1.798,179,對,2.992
seq_024,14830,camera_6,39,L2_not_in_candidates,194,192,錯,192,錯,,192,錯,,192,錯,
seq_024,14835,camera_6,40,L1_ghost,,192,錯,,開新,,,開新,,,開新,
seq_024,14840,camera_3,87,OK,192,192,對,192,對,4.307,192,對,3.113,192,對,4.307
seq_024,14865,camera_2,79,OK,192,192,對,192,對,4.307,192,對,3.113,192,對,4.307
seq_024,14870,camera_1,124,L2_not_in_candidates,192,,開新,,開新,,,開新,-2.463,,開新,-1.269
seq_024,14895,camera_3,88,OK,192,192,對,192,對,4.307,192,對,3.113,192,對,4.307
seq_024,14925,camera_5,72,OK,192,192,對,192,對,4.307,192,對,3.113,192,對,4.307
seq_024,14930,camera_2,80,OK,192,192,對,192,對,4.307,192,對,3.113,192,對,4.307
seq_024,14935,camera_2,81,L1_ghost,,192,錯,,開新,,,開新,,,開新,
seq_024,14945,camera_1,125,L2_not_in_candidates,192,,開新,,開新,,,開新,-2.413,,開新,-1.219
seq_024,14960,camera_1,126,L2_not_in_candidates,192,,開新,,開新,,,開新,-2.43,,開新,-1.236
seq_024,14960,camera_2,82,L2_not_in_candidates,197,192,錯,192,錯,,192,錯,,192,錯,
seq_024,14995,camera_3,89,OK,192,192,對,192,對,5.0,192,對,3.806,192,對,5.0
seq_024,15035,camera_3,90,L1_ghost,,192,錯,,開新,,,開新,,,開新,
seq_024,15045,camera_2,83,L1_ghost,,192,錯,,開新,,,開新,,,開新,
seq_024,15080,camera_1,127,L2_not_in_candidates,195,,開新,,開新,,,開新,0.183,,開新,1.376
seq_024,15100,camera_6,41,L2_not_in_candidates,184,192,錯,192,錯,,192,錯,,192,錯,
seq_024,15110,camera_6,42,L1_ghost,,192,錯,,開新,,,開新,,,開新,
seq_024,15120,camera_3,91,L2_not_in_candidates,198,192,錯,192,錯,,192,錯,,192,錯,
seq_024,15125,camera_2,84,OK,192,192,對,192,對,3.614,192,對,2.42,192,對,3.614
seq_024,15130,camera_1,128,L2_not_in_candidates,196,,開新,,開新,,,開新,-0.816,,開新,0.378
seq_024,15160,camera_1,129,L2_not_in_candidates,192,,開新,,開新,,197,錯,-2.416,197,錯,-1.222
seq_024,15170,camera_1,130,L2_not_in_candidates,199,,開新,,開新,,197,錯,2.597,197,錯,3.791
seq_024,15185,camera_5,73,L2_not_in_candidates,201,192,錯,192,錯,,192,錯,,192,錯,
seq_024,15205,camera_5,74,OK,192,192,對,192,對,4.307,192,對,3.113,192,對,4.307
seq_024,15255,camera_2,85,OK,192,192,對,192,對,4.307,192,對,3.113,192,對,4.307
seq_024,15260,camera_1,131,L2_not_in_candidates,192,,開新,,開新,,,開新,-2.416,201,錯,-1.222
seq_024,15260,camera_3,92,L1_ghost,,192,錯,,開新,,,開新,,,開新,
seq_024,15275,camera_6,43,OK,192,192,對,192,對,4.307,192,對,3.113,192,對,4.307
seq_024,15325,camera_6,44,L1_ghost,,192,錯,,開新,,,開新,,,開新,
seq_024,15340,camera_7,27,L2_not_in_candidates,192,,開新,,開新,,,開新,1.279,192,對,2.473
seq_024,15370,camera_2,86,OK,192,192,對,192,對,4.307,192,對,3.113,192,對,4.307
seq_024,15385,camera_6,45,L2_not_in_candidates,202,192,錯,192,錯,,192,錯,-2.427,192,錯,-1.233
seq_024,15395,camera_5,75,L3_not_top1,145,192,錯,192,錯,,192,錯,-7.367,192,錯,-6.173
seq_024,15450,camera_6,46,L1_ghost,,192,錯,,開新,,,開新,,,開新,
seq_024,15460,camera_5,76,L1_ghost,,192,錯,,開新,,,開新,,,開新,
seq_024,15465,camera_7,28,L2_not_in_candidates,192,,開新,,開新,,,開新,-2.43,,開新,-1.236
seq_024,15495,camera_3,93,L1_ghost,,192,錯,,開新,,,開新,,,開新,
seq_024,15535,camera_5,77,L1_ghost,,192,錯,,開新,,,開新,,,開新,
seq_024,15540,camera_5,78,L1_ghost,,192,錯,,開新,,,開新,,,開新,
seq_024,15570,camera_5,79,L1_ghost,,192,錯,,開新,,192,錯,,192,錯,
seq_024,15605,camera_1,132,L4_below_threshold,200,,開新,,開新,0.295,,開新,-0.898,,開新,0.295
seq_024,15605,camera_2,87,L2_not_in_candidates,205,192,錯,192,錯,,192,錯,,192,錯,
seq_024,15610,camera_6,47,L2_not_in_candidates,203,192,錯,192,錯,,192,錯,,192,錯,
seq_024,15620,camera_3,94,OK,192,192,對,192,對,3.614,192,對,2.681,192,對,3.875
seq_024,15620,camera_5,80,L2_not_in_candidates,204,192,錯,192,錯,,192,錯,-1.842,192,錯,-0.649
seq_024,15620,camera_6,48,L1_ghost,,192,錯,,開新,,,開新,,192,錯,
seq_024,15625,camera_4,31,OK,192,192,對,192,對,3.614,192,對,2.42,192,對,3.614
seq_024,15655,camera_2,88,OK,192,192,對,192,對,5.0,192,對,3.806,192,對,5.0
seq_024,15660,camera_5,81,L1_ghost,,192,錯,,開新,,192,錯,,192,錯,
seq_024,15690,camera_4,32,OK,192,192,對,192,對,3.614,192,對,2.42,192,對,3.614
seq_024,15745,camera_6,49,OK,192,192,對,192,對,3.391,192,對,2.197,192,對,3.391
seq_024,15760,camera_5,82,OK,192,192,對,192,對,4.307,192,對,3.113,192,對,4.307
seq_024,15765,camera_3,95,OK,192,192,對,192,對,4.307,192,對,3.113,192,對,4.307
seq_024,15795,camera_6,50,L1_ghost,,192,錯,,開新,,,開新,,,開新,
seq_024,15805,camera_4,33,OK,192,192,對,192,對,3.614,192,對,2.42,192,對,3.614
seq_024,15810,camera_7,29,L2_not_in_candidates,192,,開新,,開新,,,開新,-2.416,,開新,-1.222
seq_024,15830,camera_3,96,L1_ghost,,192,錯,,開新,,,開新,,,開新,
seq_024,15855,camera_4,34,OK,192,192,對,192,對,3.614,192,對,2.42,192,對,3.614
seq_024,15885,camera_5,83,OK,192,192,對,192,對,4.307,192,對,3.113,192,對,4.307
seq_024,15920,camera_2,89,OK,192,192,對,192,對,4.307,192,對,3.322,192,對,4.515
seq_024,16035,camera_6,51,OK,192,192,對,192,對,3.901,192,對,2.708,192,對,3.901
seq_024,16035,camera_6,52,OK,192,192,對,192,對,3.901,192,對,2.708,192,對,3.901
seq_024,16080,camera_6,53,L1_ghost,,192,錯,,開新,,,開新,,,開新,
seq_024,16135,camera_7,30,L2_not_in_candidates,192,,開新,,開新,,,開新,-2.427,,開新,-1.233
seq_024,16160,camera_7,31,L2_not_in_candidates,192,,開新,,開新,,,開新,1.424,192,對,2.618
seq_024,16215,camera_3,97,L1_ghost,,192,錯,,開新,,,開新,,,開新,
seq_024,16220,camera_7,32,L2_not_in_candidates,206,,開新,,開新,,206,對,3.114,206,對,4.308
seq_024,16230,camera_2,90,L1_ghost,,192,錯,,開新,,192,錯,,192,錯,
seq_024,16235,camera_6,54,L2_not_in_candidates,209,,開新,,開新,,,開新,,192,錯,
seq_024,16245,camera_6,55,L1_ghost,,,開新,,開新,,,開新,,192,錯,
seq_024,16300,camera_5,84,OK,192,192,對,192,對,5.0,192,對,3.806,192,對,5.0
seq_024,16310,camera_5,85,L1_ghost,,192,錯,,開新,,,開新,,,開新,
seq_024,16330,camera_2,91,OK,192,192,對,192,對,5.0,192,對,3.806,192,對,5.0
seq_024,16335,camera_1,133,L2_not_in_candidates,192,,開新,,開新,,,開新,-2.585,,開新,-1.391
seq_024,16355,camera_5,86,L3_not_top1,210,192,錯,192,錯,,192,錯,,192,錯,
seq_024,16355,camera_6,56,L2_not_in_candidates,207,192,錯,192,錯,,192,錯,,192,錯,
seq_024,16360,camera_6,57,L1_ghost,,192,錯,,開新,,,開新,,,開新,
seq_024,16375,camera_6,58,L2_not_in_candidates,208,192,錯,192,錯,,192,錯,,192,錯,
seq_024,16390,camera_3,98,L1_ghost,,192,錯,,開新,,,開新,,,開新,
seq_024,16400,camera_1,134,L2_not_in_candidates,192,,開新,,開新,,,開新,-2.427,212,錯,-1.233
seq_024,16405,camera_2,92,L2_not_in_candidates,213,192,錯,192,錯,,192,錯,,192,錯,
seq_024,16430,camera_6,59,L2_not_in_candidates,212,192,錯,192,錯,,192,錯,-2.427,192,錯,-1.233
seq_024,16440,camera_3,99,OK,192,192,對,192,對,5.0,192,對,3.806,192,對,5.0
seq_024,16440,camera_5,87,OK,192,192,對,192,對,5.0,192,對,3.806,192,對,5.0
seq_024,16480,camera_2,93,OK,192,192,對,192,對,3.901,192,對,2.708,192,對,3.901
seq_024,16480,camera_2,94,L1_ghost,,192,錯,,開新,,192,錯,,192,錯,
seq_024,16490,camera_5,88,OK,192,192,對,192,對,3.614,192,對,2.928,192,對,4.122
seq_024,16495,camera_1,135,L2_not_in_candidates,192,,開新,,開新,,,開新,-2.416,,開新,-1.222
seq_024,16500,camera_7,33,L2_not_in_candidates,192,,開新,,開新,,,開新,-1.238,,開新,-0.044
seq_024,16510,camera_3,100,L2_not_in_candidates,214,192,錯,192,錯,,192,錯,,192,錯,
seq_024,16530,camera_2,95,OK,192,192,對,192,對,3.614,192,對,2.42,192,對,3.614
seq_024,16540,camera_1,136,L2_not_in_candidates,192,,開新,,開新,,214,錯,-2.418,214,錯,-1.224
seq_024,16540,camera_6,60,L2_not_in_candidates,215,192,錯,192,錯,,192,錯,,192,錯,
seq_024,16615,camera_1,137,L2_not_in_candidates,192,,開新,,開新,,,開新,-2.422,,開新,-1.228
seq_024,16630,camera_3,101,L2_not_in_candidates,216,192,錯,192,錯,,192,錯,,192,錯,
seq_024,16640,camera_1,138,L2_not_in_candidates,192,,開新,,開新,,213,錯,-2.413,213,錯,-1.219
seq_024,16645,camera_2,96,L1_ghost,,192,錯,,開新,,,開新,,,開新,
seq_024,16650,camera_5,89,OK,192,192,對,192,對,3.901,192,對,2.708,192,對,3.901
seq_024,16675,camera_4,35,L2_not_in_candidates,217,192,錯,192,錯,,192,錯,,192,錯,
seq_024,16690,camera_1,139,L2_not_in_candidates,192,,開新,,開新,,216,錯,-2.442,216,錯,-1.248
seq_024,16690,camera_2,97,L2_not_in_candidates,219,192,錯,192,錯,,192,錯,,192,錯,
seq_024,16705,camera_3,102,L2_not_in_candidates,218,192,錯,192,錯,,192,錯,,192,錯,
seq_024,16715,camera_3,103,L1_ghost,,192,錯,,開新,,,開新,,,開新,
seq_024,16720,camera_3,104,OK,192,192,對,192,對,5.0,192,對,3.806,192,對,5.0
seq_024,16720,camera_4,36,OK,192,192,對,192,對,5.0,192,對,3.806,192,對,5.0
seq_024,16730,camera_2,98,L1_ghost,,192,錯,,開新,,192,錯,,192,錯,
seq_024,16740,camera_5,90,OK,192,192,對,192,對,5.0,192,對,3.806,192,對,5.0
seq_024,16745,camera_5,91,L1_ghost,,192,錯,,開新,,,開新,,192,錯,
seq_024,16750,camera_2,99,OK,192,192,對,192,對,4.307,192,對,3.113,192,對,4.307
seq_024,16775,camera_2,100,OK,192,192,對,192,對,4.307,192,對,3.113,192,對,4.307
seq_024,16785,camera_2,101,OK,192,192,對,192,對,4.307,192,對,3.113,192,對,4.307
seq_024,16805,camera_1,140,L2_not_in_candidates,192,,開新,,開新,,,開新,-2.413,,開新,-1.219
seq_024,16845,camera_2,102,L1_ghost,,192,錯,,開新,,192,錯,,192,錯,
seq_024,16855,camera_5,92,OK,192,192,對,192,對,4.307,192,對,3.113,192,對,4.307
seq_024,16865,camera_1,141,L2_not_in_candidates,192,,開新,,開新,,219,錯,-2.413,219,錯,-1.219
seq_024,16865,camera_4,37,OK,192,192,對,192,對,3.901,192,對,2.708,192,對,3.901
seq_024,16895,camera_2,103,OK,192,192,對,192,對,3.901,192,對,2.708,192,對,3.901
seq_024,16940,camera_1,142,L2_not_in_candidates,192,,開新,,開新,,,開新,-2.413,220,錯,-1.219
seq_024,16940,camera_2,104,OK,192,192,對,192,對,5.0,192,對,3.806,192,對,5.0
seq_024,16955,camera_2,105,L1_ghost,,192,錯,,開新,,,開新,,,開新,
seq_024,16970,camera_3,105,L2_not_in_candidates,222,192,錯,192,錯,,192,錯,,192,錯,
seq_024,16995,camera_1,143,L2_not_in_candidates,192,,開新,,開新,,,開新,-2.416,,開新,-1.222
seq_025,0,camera_1,0,L0_first,,,開新,,開新,,,開新,,,開新,
seq_025,0,camera_2,0,L0_first,,,開新,,開新,,,開新,,,開新,
seq_025,0,camera_2,1,L1_ghost,,,開新,,開新,,,開新,,,開新,
seq_025,0,camera_2,2,L0_first,,,開新,,開新,,,開新,,,開新,
seq_025,0,camera_3,0,OK,4,4,對,4,對,3.901,4,對,2.708,4,對,3.901
seq_025,0,camera_3,1,L3_not_top1,2,4,錯,4,錯,,4,錯,,4,錯,
seq_025,0,camera_3,2,L0_first,,4,錯,4,錯,,4,錯,,4,錯,
seq_025,0,camera_3,3,L0_first,,4,錯,4,錯,,4,錯,,4,錯,
seq_025,0,camera_3,4,L0_first,,4,錯,4,錯,,4,錯,,4,錯,
seq_025,10,camera_4,0,OK,4,4,對,4,對,3.901,4,對,2.708,4,對,3.901
seq_025,50,camera_3,5,OK,4,4,對,4,對,5.0,4,對,3.806,4,對,5.0
seq_025,65,camera_1,1,L2_not_in_candidates,4,,開新,,開新,,,開新,,,開新,
seq_025,65,camera_2,3,OK,4,4,對,4,對,5.0,4,對,3.806,4,對,5.0
seq_025,75,camera_3,6,L1_ghost,,4,錯,,開新,,,開新,,,開新,
seq_025,100,camera_3,7,L1_ghost,,4,錯,,開新,,,開新,,,開新,
seq_025,200,camera_3,8,L2_not_in_candidates,1,4,錯,4,錯,,4,錯,,4,錯,
seq_025,285,camera_2,4,OK,4,4,對,4,對,5.0,4,對,3.806,4,對,5.0
seq_025,290,camera_1,2,L2_not_in_candidates,4,,開新,,開新,,5,錯,-2.469,5,錯,-1.275
seq_025,315,camera_3,9,L1_ghost,,4,錯,,開新,,,開新,,4,錯,
seq_025,370,camera_1,3,L2_not_in_candidates,5,,開新,,開新,,,開新,0.18,,開新,1.373
seq_025,395,camera_2,5,OK,4,4,對,4,對,5.0,4,對,3.806,4,對,5.0
seq_025,395,camera_3,10,L0_first,,4,錯,4,錯,,4,錯,,4,錯,
seq_025,395,camera_3,11,OK,4,4,對,4,對,5.0,4,對,3.806,4,對,5.0
seq_025,405,camera_3,12,OK,4,4,對,4,對,5.0,4,對,3.806,4,對,5.0
seq_025,420,camera_2,6,OK,4,4,對,4,對,5.0,4,對,3.806,4,對,5.0
seq_025,440,camera_3,13,L2_not_in_candidates,7,4,錯,4,錯,,4,錯,,4,錯,
seq_025,465,camera_3,14,OK,4,4,對,4,對,5.0,4,對,3.806,4,對,5.0
seq_025,485,camera_2,7,OK,4,4,對,4,對,5.0,4,對,3.806,4,對,5.0
seq_025,515,camera_3,15,L1_ghost,,4,錯,,開新,,4,錯,,4,錯,
seq_025,535,camera_1,4,L2_not_in_candidates,4,,開新,,開新,,,開新,-2.413,1,錯,-1.219
seq_025,535,camera_2,8,OK,4,4,對,4,對,5.0,4,對,3.806,4,對,5.0
seq_025,580,camera_1,5,L2_not_in_candidates,4,,開新,,開新,,,開新,-2.413,,開新,-1.219
seq_025,620,camera_1,6,L2_not_in_candidates,9,,開新,,開新,,9,對,2.305,9,對,3.499
seq_025,620,camera_3,16,OK,4,4,對,4,對,5.0,4,對,3.806,4,對,5.0
seq_025,640,camera_2,9,OK,4,4,對,4,對,5.0,4,對,3.806,4,對,5.0
seq_025,645,camera_1,7,L1_ghost,,,開新,,開新,,,開新,,,開新,
seq_025,655,camera_3,17,OK,4,4,對,4,對,3.208,4,對,2.014,4,對,3.208
seq_025,660,camera_5,0,OK,4,4,對,4,對,3.208,4,對,2.014,4,對,3.208
seq_025,680,camera_3,18,L2_not_in_candidates,8,4,錯,4,錯,,4,錯,,4,錯,
seq_025,690,camera_4,1,OK,4,4,對,4,對,5.0,4,對,3.806,4,對,5.0
seq_025,720,camera_3,19,L1_ghost,,4,錯,,開新,,4,錯,,4,錯,
seq_025,760,camera_5,1,L2_not_in_candidates,10,4,錯,4,錯,,4,錯,,4,錯,
seq_025,775,camera_5,2,L1_ghost,,4,錯,,開新,,,開新,,,開新,
seq_025,805,camera_2,10,L1_ghost,,4,錯,,開新,,,開新,,4,錯,
seq_025,810,camera_5,3,OK,4,4,對,4,對,5.0,4,對,3.806,4,對,5.0
seq_025,820,camera_2,11,L1_ghost,,4,錯,,開新,,4,錯,,4,錯,
seq_025,825,camera_1,8,L1_ghost,,,開新,,開新,,10,錯,,10,錯,
seq_025,825,camera_5,4,L1_ghost,,4,錯,,開新,,4,錯,,4,錯,
seq_025,840,camera_5,5,OK,4,4,對,4,對,5.0,4,對,3.806,4,對,5.0
seq_025,845,camera_5,6,OK,4,4,對,4,對,5.0,4,對,3.806,4,對,5.0
seq_025,850,camera_3,20,OK,4,4,對,4,對,5.0,4,對,3.806,4,對,5.0
seq_025,860,camera_5,7,L1_ghost,,4,錯,,開新,,4,錯,,4,錯,
seq_025,910,camera_2,12,OK,4,4,對,4,對,5.0,4,對,3.806,4,對,5.0
seq_025,935,camera_6,0,OK,4,4,對,4,對,3.054,4,對,1.86,4,對,3.054
seq_025,955,camera_5,8,L1_ghost,,4,錯,,開新,,,開新,,,開新,
seq_025,960,camera_4,2,OK,4,4,對,4,對,3.901,4,對,2.708,4,對,3.901
seq_025,975,camera_6,1,OK,4,4,對,4,對,2.921,4,對,1.727,4,對,2.921
seq_025,980,camera_6,2,L3_not_top1,6,4,錯,4,錯,,4,錯,-4.88,4,錯,-3.686
seq_025,995,camera_6,3,L1_ghost,,4,錯,,開新,,,開新,,,開新,
seq_025,1000,camera_5,9,OK,4,4,對,4,對,4.307,4,對,3.113,4,對,4.307
seq_025,1005,camera_5,10,L1_ghost,,4,錯,,開新,,,開新,,,開新,
seq_025,1015,camera_4,3,OK,4,4,對,4,對,4.307,4,對,3.113,4,對,4.307
seq_025,1020,camera_7,0,L2_not_in_candidates,4,,開新,,開新,,,開新,-2.413,,開新,-1.219
seq_025,1030,camera_6,4,L1_ghost,,,開新,,開新,,4,錯,,4,錯,
seq_025,1035,camera_5,11,OK,4,4,對,4,對,4.307,4,對,3.113,4,對,4.307
seq_025,1055,camera_7,1,L2_not_in_candidates,4,,開新,,開新,,,開新,1.479,4,對,2.672
seq_025,1085,camera_5,12,L1_ghost,,4,錯,,開新,,4,錯,,4,錯,
seq_025,1090,camera_7,2,L2_not_in_candidates,4,,開新,,開新,,,開新,1.385,4,對,2.579
seq_025,1105,camera_5,13,OK,4,4,對,4,對,5.0,4,對,3.806,4,對,5.0
seq_025,1130,camera_5,14,L1_ghost,,4,錯,,開新,,,開新,,4,錯,
seq_025,1190,camera_5,15,L1_ghost,,4,錯,,開新,,,開新,,,開新,
seq_025,1205,camera_7,3,L2_not_in_candidates,13,,開新,,開新,,15,錯,,15,錯,
seq_025,1215,camera_5,16,OK,4,4,對,4,對,5.0,4,對,3.806,4,對,5.0
seq_025,1295,camera_6,5,L2_not_in_candidates,17,4,錯,4,錯,,4,錯,,4,錯,
seq_025,1315,camera_5,17,L1_ghost,,4,錯,,開新,,,開新,,4,錯,
seq_025,1410,camera_5,18,L1_ghost,,4,錯,,開新,,4,錯,,4,錯,
seq_025,1410,camera_7,4,L2_not_in_candidates,16,,開新,,開新,,16,對,1.94,16,對,3.134
seq_025,1555,camera_5,19,OK,4,4,對,4,對,5.0,4,對,3.806,4,對,5.0
seq_025,1565,camera_5,20,L1_ghost,,4,錯,,開新,,,開新,,,開新,
seq_025,1595,camera_5,21,OK,4,4,對,4,對,5.0,4,對,3.806,4,對,5.0
seq_025,1600,camera_5,22,L1_ghost,,4,錯,,開新,,4,錯,,4,錯,
seq_025,1630,camera_6,6,L2_not_in_candidates,15,4,錯,4,錯,,4,錯,,4,錯,
seq_025,1635,camera_6,7,L1_ghost,,4,錯,,開新,,,開新,,,開新,
seq_025,1740,camera_5,23,OK,4,4,對,4,對,5.0,4,對,3.806,4,對,5.0
seq_025,1740,camera_7,5,L2_not_in_candidates,18,,開新,,開新,,18,對,2.872,18,對,4.065
seq_025,1745,camera_5,24,L1_ghost,,4,錯,,開新,,,開新,,4,錯,
seq_025,1750,camera_5,25,L1_ghost,,4,錯,,開新,,,開新,,4,錯,
seq_025,1780,camera_5,26,L1_ghost,,4,錯,,開新,,,開新,,,開新,
seq_025,1780,camera_6,8,L2_not_in_candidates,19,,開新,4,錯,,,開新,,4,錯,
seq_025,1785,camera_1,9,L2_not_in_candidates,4,,開新,,開新,,,開新,-2.418,,開新,-1.224
seq_025,1785,camera_2,13,L2_not_in_candidates,21,4,錯,4,錯,,4,錯,,4,錯,
seq_025,1790,camera_6,9,L1_ghost,,,開新,,開新,,,開新,,,開新,
seq_025,1810,camera_4,4,OK,4,4,對,4,對,5.0,4,對,3.806,4,對,5.0
seq_025,1810,camera_5,27,L1_ghost,,4,錯,,開新,,4,錯,,4,錯,
seq_025,1810,camera_6,10,L4_below_threshold,4,,開新,4,對,2.697,22,錯,1.504,22,錯,2.697
seq_025,1815,camera_6,11,L1_ghost,,,開新,,開新,,22,錯,,22,錯,
seq_025,1825,camera_3,21,OK,4,4,對,4,對,5.0,4,對,3.806,4,對,5.0
seq_025,1835,camera_5,28,L1_ghost,,4,錯,,開新,,4,錯,,4,錯,
seq_025,1845,camera_5,29,OK,4,4,對,4,對,5.0,4,對,3.806,4,對,5.0
seq_025,1855,camera_5,30,OK,4,4,對,4,對,5.0,4,對,4.632,4,對,5.826
seq_025,1880,camera_5,31,OK,4,4,對,4,對,5.0,4,對,3.806,4,對,5.0
seq_025,1895,camera_4,5,OK,4,4,對,4,對,5.0,4,對,3.806,4,對,5.0
seq_025,1910,camera_4,6,OK,4,4,對,4,對,5.0,4,對,3.806,4,對,5.0
seq_025,1910,camera_5,32,L1_ghost,,4,錯,,開新,,4,錯,,4,錯,
seq_025,1925,camera_5,33,L3_not_top1,20,4,錯,4,錯,,4,錯,,4,錯,
seq_025,1945,camera_2,14,OK,4,4,對,4,對,4.307,4,對,3.113,4,對,4.307
seq_025,1945,camera_2,15,OK,4,4,對,4,對,4.307,4,對,3.113,4,對,4.307
seq_025,1950,camera_5,34,L3_not_top1,23,4,錯,4,錯,,4,錯,,4,錯,
seq_025,1970,camera_1,10,L2_not_in_candidates,4,,開新,,開新,,,開新,-2.427,,開新,-1.233
seq_025,1975,camera_5,35,OK,4,4,對,4,對,4.307,4,對,3.407,4,對,4.601
seq_025,1985,camera_1,11,L2_not_in_candidates,4,,開新,,開新,,,開新,-2.413,,開新,-1.219
seq_025,1990,camera_2,16,L2_not_in_candidates,26,4,錯,4,錯,,4,錯,,4,錯,
seq_025,2030,camera_1,12,L1_ghost,,,開新,,開新,,,開新,,,開新,
seq_025,2035,camera_3,22,L2_not_in_candidates,25,4,錯,4,錯,,4,錯,,4,錯,
seq_025,2050,camera_4,7,OK,4,4,對,4,對,3.901,4,對,2.708,4,對,3.901
seq_025,2075,camera_6,12,L4_below_threshold,4,,開新,4,對,2.602,,開新,1.408,4,對,2.602
seq_025,2080,camera_5,36,L1_ghost,,28,錯,,開新,,4,錯,,4,錯,
seq_025,2085,camera_4,8,OK,4,4,對,4,對,3.901,4,對,2.708,4,對,3.901
seq_025,2085,camera_5,37,L1_ghost,,28,錯,,開新,,4,錯,,4,錯,
seq_025,2090,camera_5,38,L1_ghost,,28,錯,,開新,,,開新,,4,錯,
seq_025,2095,camera_5,39,L1_ghost,,28,錯,,開新,,4,錯,,4,錯,
seq_025,2110,camera_2,17,OK,4,4,對,4,對,3.901,4,對,2.708,4,對,3.901
seq_025,2110,camera_3,23,OK,4,4,對,4,對,3.901,4,對,2.708,4,對,3.901
seq_025,2120,camera_1,13,L2_not_in_candidates,4,,開新,,開新,,25,錯,-2.418,25,錯,-1.224
seq_025,2120,camera_2,18,L2_not_in_candidates,29,4,錯,4,錯,,4,錯,,4,錯,
seq_025,2130,camera_6,13,L1_ghost,,,開新,,開新,,,開新,,,開新,
seq_025,2140,camera_1,14,L2_not_in_candidates,4,,開新,,開新,,29,錯,-2.413,29,錯,-1.219
seq_025,2160,camera_4,9,OK,4,4,對,4,對,3.901,4,對,2.708,4,對,3.901
seq_025,2165,camera_6,14,L3_not_top1,4,,開新,28,錯,,,開新,0.195,28,錯,1.389
seq_025,2165,camera_7,6,L2_not_in_candidates,28,,開新,,開新,,,開新,-2.579,,開新,-1.385
seq_025,2175,camera_1,15,L1_ghost,,,開新,,開新,,26,錯,,26,錯,
seq_025,2195,camera_2,19,OK,4,4,對,4,對,3.901,4,對,2.708,4,對,3.901
seq_025,2195,camera_5,40,L1_ghost,,32,錯,,開新,,4,錯,,4,錯,
seq_025,2225,camera_5,41,L3_not_top1,4,32,錯,32,錯,,32,錯,1.531,32,錯,2.724
seq_025,2230,camera_6,15,L3_not_top1,4,,開新,32,錯,,,開新,0.211,32,錯,1.405
seq_025,2270,camera_5,42,L2_not_in_candidates,31,4,錯,4,錯,,4,錯,,4,錯,
seq_025,2270,camera_6,16,L1_ghost,,,開新,,開新,,,開新,,,開新,
seq_025,2285,camera_7,7,L2_not_in_candidates,32,,開新,,開新,,,開新,,,開新,
seq_025,2290,camera_4,10,OK,4,4,對,4,對,3.901,4,對,2.708,4,對,3.901
seq_025,2305,camera_2,20,OK,4,4,對,4,對,4.307,4,對,3.113,4,對,4.307
seq_025,2305,camera_5,43,L1_ghost,,4,錯,,開新,,,開新,,,開新,
seq_025,2315,camera_2,21,L1_ghost,,4,錯,,開新,,4,錯,,4,錯,
seq_025,2320,camera_6,17,L3_not_top1,4,,開新,32,錯,,,開新,0.195,32,錯,1.389
seq_025,2335,camera_5,44,L1_ghost,,4,錯,,開新,,4,錯,,4,錯,
seq_025,2335,camera_7,8,L2_not_in_candidates,35,,開新,,開新,,,開新,,,開新,
seq_025,2355,camera_5,45,L1_ghost,,4,錯,,開新,,,開新,,,開新,
seq_025,2390,camera_5,46,OK,4,4,對,4,對,5.0,4,對,3.806,4,對,5.0
seq_025,2400,camera_6,18,L1_ghost,,,開新,,開新,,35,錯,,35,錯,
seq_025,2420,camera_7,9,L2_not_in_candidates,38,,開新,,開新,,,開新,,,開新,
seq_025,2425,camera_5,47,OK,4,4,對,4,對,5.0,4,對,3.806,4,對,5.0
seq_025,2440,camera_4,11,L3_not_top1,32,4,錯,4,錯,,4,錯,-2.416,4,錯,-1.222
seq_025,2455,camera_7,10,L2_not_in_candidates,39,,開新,,開新,,39,對,3.397,39,對,4.591
seq_025,2465,camera_2,22,OK,4,4,對,4,對,4.307,4,對,3.113,4,對,4.307
seq_025,2470,camera_1,16,L2_not_in_candidates,4,,開新,,開新,,,開新,-2.413,29,錯,-1.219
seq_025,2475,camera_7,11,L2_not_in_candidates,37,,開新,,開新,,39,錯,,39,錯,
seq_025,2490,camera_7,12,L2_not_in_candidates,42,,開新,,開新,,44,錯,2.026,44,錯,3.22
seq_025,2525,camera_3,24,OK,4,4,對,4,對,4.307,4,對,3.113,4,對,4.307
seq_025,2535,camera_4,12,OK,4,4,對,4,對,4.307,4,對,3.113,4,對,4.307
seq_025,2555,camera_5,48,L1_ghost,,40,錯,,開新,,,開新,,4,錯,
seq_025,2560,camera_2,23,OK,4,4,對,4,對,4.307,4,對,3.113,4,對,4.307
seq_025,2595,camera_6,19,L2_not_in_candidates,43,,開新,40,錯,,,開新,-2.422,40,錯,-1.228
seq_025,2620,camera_5,49,L1_ghost,,46,錯,,開新,,,開新,,,開新,
seq_025,2640,camera_1,17,L2_not_in_candidates,4,,開新,,開新,,,開新,-2.413,,開新,-1.219
seq_025,2695,camera_3,25,L2_not_in_candidates,47,4,錯,4,錯,,4,錯,,4,錯,
seq_025,2700,camera_6,20,L1_ghost,,46,錯,,開新,,,開新,,,開新,
seq_025,2705,camera_3,26,L1_ghost,,4,錯,,開新,,,開新,,,開新,
seq_025,2710,camera_7,13,L2_not_in_candidates,41,,開新,,開新,,,開新,,,開新,
seq_025,2720,camera_7,14,L4_below_threshold,45,,開新,,開新,0.374,,開新,-0.819,,開新,0.374
seq_025,2740,camera_6,21,L3_not_top1,44,46,錯,46,錯,,46,錯,-3.108,46,錯,-1.914
seq_025,2795,camera_5,50,OK,4,4,對,4,對,5.0,4,對,3.806,4,對,5.0
seq_025,2820,camera_5,51,L1_ghost,,4,錯,,開新,,,開新,,40,錯,
seq_025,2830,camera_7,15,L2_not_in_candidates,46,,開新,,開新,,,開新,-1.707,,開新,-0.513
seq_025,2875,camera_5,52,L3_not_top1,46,4,錯,4,錯,,4,錯,-2.413,4,錯,-1.219
seq_025,2885,camera_5,53,L1_ghost,,4,錯,,開新,,,開新,,,開新,
seq_025,2895,camera_5,54,L1_ghost,,4,錯,,開新,,,開新,,,開新,
seq_025,2910,camera_7,16,L4_below_threshold,49,,開新,,開新,-0.562,41,錯,-1.756,41,錯,-0.562
seq_025,2920,camera_2,24,OK,4,4,對,4,對,4.307,4,對,3.113,4,對,4.307
seq_025,2925,camera_1,18,L2_not_in_candidates,4,,開新,,開新,,,開新,-2.781,,開新,-1.587
seq_025,2940,camera_5,55,L1_ghost,,46,錯,,開新,,4,錯,,4,錯,
seq_025,2940,camera_7,17,L2_not_in_candidates,51,,開新,,開新,,51,對,2.061,51,對,3.255
seq_025,2945,camera_6,22,L2_not_in_candidates,53,46,錯,46,錯,,46,錯,,46,錯,
seq_025,2950,camera_6,23,L2_not_in_candidates,48,46,錯,46,錯,,46,錯,,46,錯,
seq_025,2980,camera_5,56,OK,4,4,對,4,對,4.307,4,對,3.113,4,對,4.307
seq_025,2985,camera_6,24,L1_ghost,,46,錯,,開新,,,開新,,,開新,
seq_025,3005,camera_4,13,OK,4,4,對,4,對,4.307,4,對,3.113,4,對,4.307
seq_025,3015,camera_4,14,OK,4,4,對,4,對,4.307,4,對,3.113,4,對,4.307
seq_025,3045,camera_6,25,L2_not_in_candidates,33,46,錯,46,錯,,46,錯,,46,錯,
seq_025,3055,camera_5,57,L3_not_top1,46,4,錯,4,錯,,4,錯,0.143,4,錯,1.337
seq_025,3070,camera_3,27,OK,4,4,對,4,對,4.307,4,對,3.113,4,對,4.307
seq_025,3070,camera_6,26,L2_not_in_candidates,50,46,錯,46,錯,,46,錯,,46,錯,
seq_025,3090,camera_1,19,L2_not_in_candidates,52,,開新,,開新,,,開新,,,開新,
seq_025,3095,camera_2,25,OK,4,4,對,4,對,4.307,4,對,3.113,4,對,4.307
seq_025,3095,camera_3,28,L2_not_in_candidates,54,4,錯,4,錯,,4,錯,,4,錯,
seq_025,3100,camera_2,26,OK,4,4,對,4,對,4.307,4,對,3.113,4,對,4.307
seq_025,3110,camera_1,20,L2_not_in_candidates,4,,開新,,開新,,,開新,-2.413,,開新,-1.219
seq_025,3120,camera_5,58,L3_not_top1,46,4,錯,4,錯,,4,錯,-0.544,4,錯,0.65
seq_025,3125,camera_1,21,L2_not_in_candidates,55,,開新,,開新,,52,錯,,52,錯,
seq_025,3140,camera_2,27,OK,4,4,對,4,對,4.307,4,對,3.113,4,對,4.307
seq_025,3155,camera_2,28,OK,4,4,對,4,對,4.307,4,對,3.113,4,對,4.307
seq_025,3165,camera_2,29,OK,4,4,對,4,對,4.307,4,對,3.113,4,對,4.307
seq_025,3180,camera_3,29,L2_not_in_candidates,56,4,錯,4,錯,,4,錯,,4,錯,
seq_025,3190,camera_1,22,L2_not_in_candidates,4,,開新,,開新,,,開新,-2.418,,開新,-1.224
seq_025,3200,camera_1,23,L1_ghost,,,開新,,開新,,,開新,,,開新,
seq_025,3200,camera_5,59,L3_not_top1,46,4,錯,4,錯,,4,錯,-2.187,4,錯,-0.993
seq_025,3225,camera_5,60,OK,4,4,對,4,對,5.0,4,對,3.806,4,對,5.0
seq_025,3230,camera_5,61,L3_not_top1,4,46,錯,46,錯,,46,錯,1.543,46,錯,2.736
seq_025,3250,camera_5,62,L1_ghost,,46,錯,,開新,,,開新,,4,錯,
seq_025,3255,camera_2,30,L2_not_in_candidates,57,4,錯,4,錯,,4,錯,,4,錯,
seq_025,3285,camera_1,24,L2_not_in_candidates,4,,開新,,開新,,57,錯,-2.413,57,錯,-1.219
seq_025,3305,camera_4,15,OK,4,4,對,4,對,3.614,4,對,2.42,4,對,3.614
seq_025,3335,camera_2,31,OK,4,4,對,4,對,5.0,4,對,3.806,4,對,5.0
seq_025,3335,camera_2,32,L1_ghost,,4,錯,,開新,,,開新,,,開新,
seq_025,3335,camera_4,16,L3_not_top1,46,4,錯,4,錯,,4,錯,-2.53,4,錯,-1.336
seq_025,3340,camera_5,63,L2_not_in_candidates,59,4,錯,4,錯,,4,錯,,4,錯,
seq_025,3345,camera_6,27,OK,46,46,對,46,對,2.921,46,對,1.727,46,對,2.921
seq_025,3355,camera_5,64,L3_not_top1,4,46,錯,46,錯,,46,錯,0.361,46,錯,1.555
seq_025,3355,camera_5,65,L3_not_top1,4,46,錯,46,錯,,46,錯,3.049,46,錯,4.243
seq_025,3370,camera_5,66,L1_ghost,,46,錯,,開新,,,開新,,4,錯,
seq_025,3415,camera_6,28,L1_ghost,,,開新,,開新,,,開新,,,開新,
seq_025,3430,camera_7,18,L2_not_in_candidates,46,,開新,,開新,,,開新,-2.441,60,錯,-1.247
seq_025,3450,camera_5,67,L1_ghost,,60,錯,,開新,,,開新,,,開新,
seq_025,3475,camera_2,33,OK,4,4,對,4,對,4.307,4,對,3.113,4,對,4.307
seq_025,3525,camera_5,68,L1_ghost,,4,錯,,開新,,,開新,,,開新,
seq_025,3530,camera_3,30,OK,4,4,對,4,對,5.0,4,對,3.806,4,對,5.0
seq_025,3540,camera_6,29,L3_not_top1,4,60,錯,60,錯,,60,錯,0.171,60,錯,1.365
seq_025,3565,camera_5,69,L1_ghost,,4,錯,,開新,,46,錯,,46,錯,
seq_025,3570,camera_5,70,L1_ghost,,4,錯,,開新,,46,錯,,46,錯,
seq_025,3570,camera_5,71,L1_ghost,,4,錯,,開新,,46,錯,,46,錯,
seq_025,3585,camera_4,17,OK,4,4,對,4,對,5.0,4,對,3.806,4,對,5.0
seq_025,3595,camera_3,31,OK,4,4,對,4,對,5.0,4,對,3.806,4,對,5.0
seq_025,3610,camera_4,18,OK,4,4,對,4,對,5.0,4,對,3.806,4,對,5.0
seq_025,3625,camera_7,19,L2_not_in_candidates,60,,開新,,開新,,,開新,-2.454,,開新,-1.26
seq_025,3630,camera_2,34,OK,4,4,對,4,對,4.307,4,對,3.113,4,對,4.307
seq_025,3640,camera_1,25,L2_not_in_candidates,46,,開新,,開新,,,開新,-2.413,,開新,-1.219
seq_025,3645,camera_1,26,L2_not_in_candidates,4,,開新,,開新,,,開新,-2.492,,開新,-1.298
seq_025,3650,camera_2,35,L2_not_in_candidates,64,4,錯,4,錯,,4,錯,,4,錯,
seq_025,3675,camera_4,19,OK,4,4,對,4,對,3.901,4,對,2.708,4,對,3.901
seq_025,3710,camera_5,72,L1_ghost,,60,錯,,開新,,,開新,,4,錯,
seq_025,3715,camera_5,73,L1_ghost,,60,錯,,開新,,,開新,,4,錯,
seq_025,3755,camera_1,27,L2_not_in_candidates,4,,開新,,開新,,64,錯,-2.413,64,錯,-1.219
seq_025,3775,camera_4,20,OK,4,4,對,4,對,3.901,4,對,2.708,4,對,3.901
seq_025,3830,camera_6,30,L2_not_in_candidates,62,60,錯,60,錯,,60,錯,,60,錯,
seq_025,3835,camera_6,31,L1_ghost,,60,錯,,開新,,,開新,,,開新,
seq_025,3840,camera_3,32,OK,4,4,對,4,對,3.901,4,對,2.708,4,對,3.901
seq_025,3870,camera_2,36,OK,4,4,對,4,對,3.901,4,對,2.708,4,對,3.901
seq_025,3875,camera_5,74,L1_ghost,,60,錯,,開新,,,開新,,60,錯,
seq_025,3890,camera_4,21,L3_not_top1,46,4,錯,4,錯,,4,錯,-3.605,4,錯,-2.412
seq_025,3895,camera_1,28,L2_not_in_candidates,4,,開新,,開新,,,開新,-2.413,,開新,-1.219
seq_025,3930,camera_2,37,L1_ghost,,4,錯,,開新,,,開新,,,開新,
seq_025,3955,camera_5,75,OK,60,60,對,60,對,4.307,60,對,3.113,60,對,4.307
seq_025,3995,camera_3,33,OK,4,4,對,4,對,4.307,4,對,3.113,4,對,4.307
seq_025,4000,camera_2,38,L3_not_top1,60,4,錯,4,錯,,4,錯,-2.427,4,錯,-1.233
seq_025,4000,camera_3,34,L2_not_in_candidates,66,4,錯,4,錯,,4,錯,,4,錯,
seq_025,4010,camera_1,29,L3_not_top1,65,,開新,,開新,,,開新,-2.332,,開新,-1.138
seq_025,4015,camera_5,76,L1_ghost,,60,錯,,開新,,4,錯,,4,錯,
seq_025,4020,camera_2,39,OK,4,4,對,4,對,5.0,4,對,3.806,4,對,5.0
seq_025,4025,camera_1,30,L2_not_in_candidates,4,,開新,,開新,,,開新,-2.427,,開新,-1.233
seq_025,4035,camera_3,35,L2_not_in_candidates,68,4,錯,4,錯,,4,錯,,4,錯,
seq_025,4035,camera_6,32,L2_not_in_candidates,61,60,錯,60,錯,,60,錯,,60,錯,
seq_025,4040,camera_6,33,L1_ghost,,60,錯,,開新,,,開新,,,開新,
seq_025,4050,camera_1,31,L2_not_in_candidates,4,,開新,,開新,,,開新,-2.418,,開新,-1.224
seq_025,4105,camera_1,32,L4_below_threshold,63,,開新,,開新,-1.649,,開新,-2.843,,開新,-1.649
seq_025,4110,camera_1,33,L2_not_in_candidates,69,,開新,,開新,,69,對,1.757,69,對,2.951
seq_025,4150,camera_3,36,L1_ghost,,4,錯,,開新,,,開新,,,開新,
seq_025,4150,camera_5,77,L3_not_top1,60,4,錯,4,錯,,4,錯,-0.801,4,錯,0.392
seq_025,4150,camera_5,78,OK,4,4,對,4,對,5.0,4,對,3.806,4,對,5.0
seq_025,4165,camera_5,79,L1_ghost,,4,錯,,開新,,,開新,,,開新,
seq_025,4185,camera_2,40,L2_not_in_candidates,67,4,錯,4,錯,,4,錯,,4,錯,
seq_025,4190,camera_2,41,OK,4,4,對,4,對,5.0,4,對,3.806,4,對,5.0
seq_025,4215,camera_1,34,L2_not_in_candidates,4,,開新,,開新,,,開新,-2.43,,開新,-1.236
seq_025,4255,camera_5,80,L2_not_in_candidates,71,60,錯,60,錯,,60,錯,,60,錯,
seq_025,4255,camera_5,81,L1_ghost,,60,錯,,開新,,60,錯,,60,錯,
seq_025,4260,camera_4,22,L2_not_in_candidates,72,4,錯,4,錯,,4,錯,,4,錯,
seq_025,4265,camera_5,82,L1_ghost,,4,錯,,開新,,,開新,,60,錯,
seq_025,4310,camera_5,83,OK,4,4,對,4,對,4.307,4,對,3.113,4,對,4.307
seq_025,4315,camera_5,84,L1_ghost,,4,錯,,開新,,,開新,,,開新,
seq_025,4325,camera_5,85,OK,4,4,對,4,對,5.0,4,對,3.806,4,對,5.0
seq_025,4365,camera_6,34,OK,60,60,對,60,對,3.054,60,對,1.86,60,對,3.054
seq_025,4385,camera_5,86,L1_ghost,,60,錯,,開新,,4,錯,,4,錯,
seq_025,4400,camera_3,37,OK,4,4,對,4,對,5.0,4,對,3.806,4,對,5.0
seq_025,4415,camera_5,87,L1_ghost,,60,錯,,開新,,,開新,,,開新,
seq_025,4415,camera_6,35,L1_ghost,,,開新,,開新,,,開新,,,開新,
seq_025,4435,camera_5,88,OK,4,4,對,4,對,5.0,4,對,3.806,4,對,5.0
seq_025,4440,camera_7,20,L2_not_in_candidates,60,,開新,,開新,,,開新,-2.454,,開新,-1.26
seq_025,4450,camera_4,23,OK,4,4,對,4,對,5.0,4,對,3.806,4,對,5.0
seq_025,4505,camera_5,89,OK,4,4,對,4,對,5.0,4,對,3.806,4,對,5.0
seq_025,4545,camera_3,38,L2_not_in_candidates,70,4,錯,4,錯,,4,錯,,4,錯,
seq_025,4595,camera_2,42,OK,4,4,對,4,對,5.0,4,對,3.806,4,對,5.0
seq_025,4605,camera_1,35,L2_not_in_candidates,4,,開新,,開新,,,開新,-2.427,,開新,-1.233
seq_025,4645,camera_5,90,L1_ghost,,4,錯,,開新,,,開新,,,開新,
seq_025,4645,camera_6,36,L2_not_in_candidates,74,60,錯,60,錯,,60,錯,,60,錯,
seq_025,4655,camera_6,37,L1_ghost,,60,錯,,開新,,,開新,,,開新,
seq_025,4665,camera_4,24,OK,4,4,對,4,對,5.0,4,對,3.806,4,對,5.0
seq_025,4675,camera_3,39,L2_not_in_candidates,75,4,錯,4,錯,,4,錯,,4,錯,
seq_025,4680,camera_5,91,L1_ghost,,4,錯,,開新,,,開新,,,開新,
seq_025,4715,camera_5,92,OK,4,4,對,4,對,5.0,4,對,3.806,4,對,5.0
seq_025,4720,camera_2,43,OK,4,4,對,4,對,5.0,4,對,3.806,4,對,5.0
seq_025,4735,camera_2,44,OK,4,4,對,4,對,5.0,4,對,3.806,4,對,5.0
seq_025,4745,camera_4,25,OK,4,4,對,4,對,3.901,4,對,3.045,4,對,4.239
seq_025,4775,camera_2,45,OK,4,4,對,4,對,4.307,4,對,3.113,4,對,4.307
seq_025,4775,camera_5,93,L3_not_top1,4,60,錯,60,錯,,60,錯,1.218,60,錯,2.411
seq_025,4785,camera_5,94,OK,60,60,對,60,對,4.307,60,對,3.113,60,對,4.307
seq_025,4810,camera_5,95,L3_not_top1,4,60,錯,60,錯,,60,錯,2.107,60,錯,3.301
seq_025,4815,camera_5,96,L1_ghost,,60,錯,,開新,,,開新,,4,錯,
seq_025,4820,camera_6,38,L3_not_top1,4,,開新,60,錯,,,開新,0.057,60,錯,1.251
seq_025,4860,camera_4,26,L3_not_top1,60,4,錯,4,錯,,4,錯,-2.43,4,錯,-1.236
seq_025,4860,camera_6,39,L2_not_in_candidates,76,,開新,60,錯,,,開新,,60,錯,
seq_025,4870,camera_5,97,L1_ghost,,4,錯,,開新,,,開新,,,開新,
seq_025,4870,camera_6,40,L3_not_top1,4,,開新,60,錯,,,開新,0.082,60,錯,1.276
seq_025,4885,camera_7,21,L2_not_in_candidates,77,,開新,,開新,,,開新,1.424,77,對,2.618
seq_025,4940,camera_7,22,L2_not_in_candidates,79,,開新,,開新,,79,對,2.026,79,對,3.219
seq_025,4950,camera_7,23,L2_not_in_candidates,78,,開新,,開新,,79,錯,,79,錯,
seq_025,4990,camera_5,98,OK,4,4,對,4,對,5.0,4,對,3.806,4,對,5.0
seq_025,5010,camera_5,99,L1_ghost,,4,錯,,開新,,60,錯,,60,錯,
seq_025,5025,camera_4,27,L3_not_top1,60,4,錯,4,錯,,4,錯,-2.413,4,錯,-1.219
seq_025,5050,camera_2,46,OK,4,4,對,4,對,5.0,4,對,3.806,4,對,5.0
seq_025,5050,camera_5,100,L1_ghost,,4,錯,,開新,,,開新,,60,錯,
seq_025,5055,camera_1,36,L2_not_in_candidates,4,,開新,,開新,,,開新,-2.427,,開新,-1.233
seq_025,5060,camera_6,41,L1_ghost,,,開新,,開新,,,開新,,,開新,
seq_025,5070,camera_5,101,L1_ghost,,4,錯,,開新,,,開新,,4,錯,
seq_025,5070,camera_5,102,L1_ghost,,4,錯,,開新,,4,錯,,4,錯,
seq_025,5080,camera_5,103,L1_ghost,,4,錯,,開新,,4,錯,,4,錯,
seq_025,5085,camera_7,24,L2_not_in_candidates,81,,開新,,開新,,,開新,-1.48,83,錯,-0.286
seq_025,5145,camera_6,42,L2_not_in_candidates,82,,開新,60,錯,,,開新,-2.463,60,錯,-1.269
seq_025,5155,camera_5,104,L2_not_in_candidates,80,4,錯,4,錯,,4,錯,-1.901,4,錯,-0.707
seq_025,5190,camera_2,47,OK,4,4,對,4,對,5.0,4,對,3.806,4,對,5.0
seq_025,5190,camera_5,105,L1_ghost,,4,錯,,開新,,4,錯,,4,錯,
seq_025,5195,camera_1,37,L2_not_in_candidates,4,,開新,,開新,,,開新,-2.469,,開新,-1.275
seq_025,5195,camera_6,43,L2_not_in_candidates,84,,開新,60,錯,,,開新,,60,錯,
seq_025,5215,camera_6,44,L1_ghost,,,開新,,開新,,,開新,,,開新,
seq_025,5220,camera_3,40,L2_not_in_candidates,86,4,錯,4,錯,,4,錯,,4,錯,
seq_025,5230,camera_7,25,L2_not_in_candidates,85,,開新,,開新,,84,錯,,84,錯,
seq_025,5235,camera_5,106,OK,4,4,對,4,對,5.0,4,對,3.806,4,對,5.0
seq_025,5245,camera_5,107,L1_ghost,,4,錯,,開新,,,開新,,4,錯,
seq_025,5250,camera_5,108,L1_ghost,,4,錯,,開新,,,開新,,4,錯,
seq_025,5270,camera_4,28,OK,4,4,對,4,對,5.0,4,對,3.806,4,對,5.0
seq_025,5290,camera_4,29,OK,4,4,對,4,對,5.0,4,對,3.806,4,對,5.0
seq_025,5295,camera_2,48,OK,4,4,對,4,對,4.307,4,對,3.113,4,對,4.307
seq_025,5310,camera_1,38,L2_not_in_candidates,4,,開新,,開新,,,開新,-2.43,,開新,-1.236
seq_025,5325,camera_2,49,OK,4,4,對,4,對,4.307,4,對,3.113,4,對,4.307
seq_025,5335,camera_1,39,L2_not_in_candidates,4,,開新,,開新,,,開新,-2.413,,開新,-1.219
seq_025,5335,camera_5,109,L2_not_in_candidates,60,4,錯,4,錯,,4,錯,0.402,4,錯,1.596
seq_025,5340,camera_4,30,OK,4,4,對,4,對,4.307,4,對,3.113,4,對,4.307
seq_025,5345,camera_5,110,L1_ghost,,4,錯,,開新,,,開新,,,開新,
seq_025,5365,camera_5,111,L3_not_top1,87,4,錯,4,錯,,4,錯,,4,錯,
seq_025,5380,camera_3,41,L2_not_in_candidates,91,4,錯,4,錯,,4,錯,,4,錯,
seq_025,5410,camera_1,40,L2_not_in_candidates,4,,開新,,開新,,91,錯,-2.413,91,錯,-1.219
seq_025,5410,camera_3,42,L1_ghost,,4,錯,,開新,,,開新,,4,錯,
seq_025,5410,camera_5,112,L3_not_top1,4,87,錯,87,錯,,87,錯,2.101,87,錯,3.295
seq_025,5415,camera_2,50,L2_not_in_candidates,92,4,錯,4,錯,,4,錯,,4,錯,
seq_025,5425,camera_5,113,L1_ghost,,87,錯,,開新,,4,錯,,4,錯,
seq_025,5440,camera_4,31,OK,4,4,對,4,對,3.901,4,對,2.708,4,對,3.901
seq_025,5440,camera_4,32,OK,4,4,對,4,對,3.901,4,對,2.708,4,對,3.901
seq_025,5440,camera_5,114,L1_ghost,,87,錯,,開新,,4,錯,,4,錯,
seq_025,5450,camera_1,41,L2_not_in_candidates,90,,開新,,開新,,92,錯,-0.065,92,錯,1.128
seq_025,5450,camera_2,51,OK,4,4,對,4,對,3.614,4,對,3.319,4,對,4.513
seq_025,5470,camera_2,52,L1_ghost,,4,錯,,開新,,4,錯,,4,錯,
seq_025,5480,camera_6,45,L2_not_in_candidates,89,,開新,87,錯,,,開新,,87,錯,
seq_025,5485,camera_6,46,L1_ghost,,,開新,,開新,,,開新,,,開新,
seq_025,5515,camera_1,42,L2_not_in_candidates,4,,開新,,開新,,93,錯,-2.413,93,錯,-1.219
seq_025,5515,camera_1,43,L2_not_in_candidates,93,,開新,,開新,,93,對,2.494,93,對,3.688
seq_025,5535,camera_5,115,L2_not_in_candidates,87,95,錯,95,錯,,4,錯,2.303,4,錯,3.497
seq_025,5540,camera_3,43,L2_not_in_candidates,96,4,錯,4,錯,,4,錯,,4,錯,
seq_025,5545,camera_3,44,OK,4,4,對,4,對,3.901,4,對,2.708,4,對,3.901
seq_025,5545,camera_4,33,OK,4,4,對,4,對,3.391,4,對,2.197,4,對,3.391
seq_025,5550,camera_5,116,L1_ghost,,95,錯,,開新,,4,錯,,4,錯,
seq_025,5610,camera_5,117,L3_not_top1,94,95,錯,95,錯,,95,錯,,95,錯,
seq_025,5620,camera_5,118,L1_ghost,,95,錯,,開新,,,開新,,87,錯,
seq_025,5630,camera_4,34,OK,4,4,對,4,對,4.307,4,對,3.113,4,對,4.307
seq_025,5675,camera_5,119,L3_not_top1,4,94,錯,94,錯,,94,錯,1.887,94,錯,3.081
seq_025,5700,camera_4,35,OK,4,4,對,4,對,4.307,4,對,3.113,4,對,4.307
seq_025,5720,camera_3,45,OK,4,4,對,4,對,5.0,4,對,3.806,4,對,5.0
seq_025,5720,camera_5,120,L2_not_in_candidates,97,94,錯,94,錯,,94,錯,,94,錯,
seq_025,5735,camera_2,53,OK,4,4,對,4,對,3.614,4,對,2.42,4,對,3.614
seq_025,5745,camera_1,44,L2_not_in_candidates,4,,開新,,開新,,97,錯,-2.454,97,錯,-1.26
seq_025,5755,camera_5,121,L2_not_in_candidates,98,4,錯,4,錯,,4,錯,,4,錯,
seq_025,5770,camera_4,36,L3_not_top1,94,4,錯,4,錯,,4,錯,-2.781,4,錯,-1.587
seq_025,5800,camera_5,122,L1_ghost,,4,錯,,開新,,,開新,,95,錯,
seq_025,5810,camera_6,47,L4_below_threshold,95,,開新,95,對,2.515,,開新,1.321,95,對,2.515
seq_025,5840,camera_2,54,OK,4,4,對,4,對,4.307,4,對,4.599,4,對,5.793
seq_025,5870,camera_3,46,OK,4,4,對,4,對,3.901,4,對,2.708,4,對,3.901
seq_025,5890,camera_2,55,OK,4,4,對,4,對,3.901,4,對,2.708,4,對,3.901
seq_025,5890,camera_6,48,L1_ghost,,,開新,,開新,,,開新,,,開新,
seq_025,5900,camera_5,123,L1_ghost,,100,錯,,開新,,,開新,,,開新,
seq_025,5900,camera_7,26,L2_not_in_candidates,99,,開新,,開新,,,開新,,,開新,
seq_025,5905,camera_1,45,L2_not_in_candidates,4,,開新,,開新,,,開新,-2.418,,開新,-1.224
seq_025,5910,camera_3,47,L3_not_top1,95,4,錯,4,錯,,4,錯,-2.542,4,錯,-1.348
seq_025,5945,camera_1,46,L1_ghost,,,開新,,開新,,,開新,,,開新,
seq_025,5945,camera_4,37,OK,4,4,對,4,對,3.614,4,對,2.42,4,對,3.614
seq_025,5955,camera_6,49,L3_not_top1,94,,開新,100,錯,,,開新,-2.503,100,錯,-1.309
seq_025,5960,camera_5,124,L1_ghost,,4,錯,,開新,,,開新,,4,錯,
seq_025,5970,camera_5,125,L2_not_in_candidates,102,4,錯,4,錯,,4,錯,,4,錯,
seq_025,5995,camera_1,47,L2_not_in_candidates,4,,開新,,開新,,102,錯,-2.413,102,錯,-1.219
seq_025,5995,camera_5,126,OK,4,4,對,4,對,4.307,4,對,3.113,4,對,4.307
seq_025,5995,camera_5,127,L1_ghost,,4,錯,,開新,,4,錯,,4,錯,
seq_025,5995,camera_6,50,L1_ghost,,,開新,,開新,,,開新,,,開新,
seq_025,6020,camera_4,38,OK,4,4,對,4,對,4.307,4,對,3.113,4,對,4.307
seq_025,6030,camera_7,27,L2_not_in_candidates,104,,開新,,開新,,,開新,,,開新,
seq_025,6060,camera_5,128,L1_ghost,,4,錯,,開新,,4,錯,,4,錯,
seq_025,6065,camera_1,48,L2_not_in_candidates,4,,開新,,開新,,,開新,-2.413,105,錯,-1.219
seq_025,6075,camera_3,48,OK,4,4,對,4,對,4.307,4,對,3.113,4,對,4.307
seq_025,6090,camera_2,56,L2_not_in_candidates,105,4,錯,4,錯,,4,錯,,4,錯,
seq_025,6125,camera_5,129,L1_ghost,,4,錯,,開新,,,開新,,,開新,
seq_025,6135,camera_1,49,L2_not_in_candidates,4,,開新,,開新,,98,錯,-2.413,98,錯,-1.219
seq_025,6160,camera_6,51,L2_not_in_candidates,108,,開新,4,錯,,,開新,-2.418,4,錯,-1.224
seq_025,6165,camera_3,49,OK,4,4,對,4,對,5.0,4,對,3.806,4,對,5.0
seq_025,6170,camera_1,50,L2_not_in_candidates,4,,開新,,開新,,,開新,-2.422,,開新,-1.228
seq_025,6185,camera_3,50,L2_not_in_candidates,109,4,錯,4,錯,,4,錯,,4,錯,
seq_025,6190,camera_5,130,L1_ghost,,4,錯,,開新,,4,錯,,4,錯,
seq_025,6215,camera_1,51,L2_not_in_candidates,4,,開新,,開新,,,開新,-2.418,109,錯,-1.224
seq_025,6215,camera_1,52,L2_not_in_candidates,4,,開新,,開新,,,開新,-2.418,109,錯,-1.224
seq_025,6245,camera_4,39,L2_not_in_candidates,112,4,錯,4,錯,,4,錯,,4,錯,
seq_025,6260,camera_7,28,L1_ghost,,,開新,,開新,,,開新,,,開新,
seq_025,6265,camera_6,52,L1_ghost,,4,錯,,開新,,,開新,,,開新,
seq_025,6275,camera_2,57,OK,4,4,對,4,對,5.0,4,對,3.806,4,對,5.0
seq_025,6290,camera_6,53,L2_not_in_candidates,107,4,錯,4,錯,,4,錯,,4,錯,
seq_025,6325,camera_1,53,L2_not_in_candidates,111,,開新,,開新,,,開新,-0.769,,開新,0.425
seq_025,6335,camera_2,58,L2_not_in_candidates,113,4,錯,4,錯,,4,錯,,4,錯,
seq_025,6340,camera_1,54,L1_ghost,,,開新,,開新,,,開新,,,開新,
seq_025,6395,camera_1,55,L1_ghost,,,開新,,開新,,,開新,,116,錯,
seq_025,6400,camera_5,131,OK,4,4,對,4,對,5.0,4,對,3.806,4,對,5.0
seq_025,6420,camera_5,132,L3_not_top1,4,110,錯,110,錯,,110,錯,-0.149,110,錯,1.045
seq_025,6440,camera_5,133,L3_not_top1,4,110,錯,110,錯,,110,錯,-0.639,110,錯,0.555
seq_025,6455,camera_4,40,L2_not_in_candidates,115,4,錯,4,錯,,4,錯,,4,錯,
seq_025,6455,camera_5,134,L1_ghost,,4,錯,,開新,,,開新,,,開新,
seq_025,6465,camera_5,135,OK,4,4,對,4,對,5.0,4,對,3.806,4,對,5.0
seq_025,6490,camera_6,54,OK,110,110,對,110,對,3.391,110,對,2.197,110,對,3.391
seq_025,6500,camera_6,55,L1_ghost,,110,錯,,開新,,,開新,,,開新,
seq_025,6505,camera_2,59,OK,4,4,對,4,對,5.0,4,對,3.806,4,對,5.0
seq_025,6505,camera_5,136,L1_ghost,,4,錯,,開新,,,開新,,,開新,
seq_025,6520,camera_4,41,OK,4,4,對,4,對,3.901,4,對,2.708,4,對,3.901
seq_025,6560,camera_4,42,L3_not_top1,110,4,錯,4,錯,,4,錯,-2.642,4,錯,-1.448
seq_025,6595,camera_5,137,L3_not_top1,110,4,錯,4,錯,,4,錯,1.933,4,錯,3.127
seq_025,6600,camera_6,56,OK,110,110,對,110,對,3.054,110,對,1.86,110,對,3.054
seq_025,6605,camera_3,51,OK,4,4,對,4,對,3.901,4,對,2.708,4,對,3.901
seq_025,6605,camera_5,138,L1_ghost,,4,錯,,開新,,,開新,,4,錯,
seq_025,6610,camera_5,139,L1_ghost,,4,錯,,開新,,,開新,,,開新,
seq_025,6610,camera_5,140,L1_ghost,,4,錯,,開新,,,開新,,4,錯,
seq_025,6620,camera_2,60,OK,4,4,對,4,對,4.307,4,對,3.113,4,對,4.307
seq_025,6625,camera_6,57,L1_ghost,,,開新,,開新,,,開新,,,開新,
seq_025,6635,camera_1,56,L2_not_in_candidates,4,,開新,,開新,,,開新,-2.413,,開新,-1.219
seq_025,6640,camera_1,57,L2_not_in_candidates,4,,開新,,開新,,,開新,-2.413,,開新,-1.219
seq_025,6640,camera_6,58,L1_ghost,,,開新,,開新,,,開新,,,開新,
seq_025,6660,camera_5,141,L1_ghost,,4,錯,,開新,,4,錯,,4,錯,
seq_025,6660,camera_7,29,L2_not_in_candidates,101,,開新,,開新,,,開新,,110,錯,
seq_025,6665,camera_1,58,L2_not_in_candidates,4,,開新,,開新,,119,錯,-2.427,119,錯,-1.233
seq_025,6680,camera_2,61,L2_not_in_candidates,123,4,錯,4,錯,,4,錯,,4,錯,
seq_025,6685,camera_3,52,L1_ghost,,4,錯,,開新,,,開新,,,開新,
seq_025,6685,camera_5,142,OK,4,4,對,4,對,4.307,4,對,3.113,4,對,4.307
seq_025,6685,camera_5,143,L1_ghost,,4,錯,,開新,,4,錯,,4,錯,
seq_025,6705,camera_4,43,L2_not_in_candidates,119,4,錯,4,錯,,4,錯,,4,錯,
seq_025,6720,camera_5,144,L2_not_in_candidates,120,4,錯,4,錯,,4,錯,,4,錯,
seq_025,6740,camera_5,145,L1_ghost,,4,錯,,開新,,,開新,,4,錯,
seq_025,6770,camera_5,146,L1_ghost,,4,錯,,開新,,110,錯,,110,錯,
seq_025,6780,camera_5,147,OK,4,4,對,4,對,5.0,4,對,3.806,4,對,5.0
seq_025,6815,camera_6,59,L3_not_top1,4,,開新,110,錯,,,開新,0.22,110,錯,1.414
seq_025,6830,camera_4,44,OK,4,4,對,4,對,3.901,4,對,2.708,4,對,3.901
seq_025,6845,camera_3,53,OK,4,4,對,4,對,4.307,4,對,3.113,4,對,4.307
seq_025,6855,camera_6,60,L1_ghost,,,開新,,開新,,,開新,,,開新,
seq_025,6860,camera_5,148,L1_ghost,,125,錯,,開新,,,開新,,110,錯,
seq_025,6880,camera_7,30,L2_not_in_candidates,124,,開新,,開新,,,開新,,,開新,
seq_025,6895,camera_2,62,OK,4,4,對,4,對,4.307,4,對,3.113,4,對,4.307
seq_025,6900,camera_1,59,L2_not_in_candidates,4,,開新,,開新,,,開新,-2.413,,開新,-1.219
seq_025,6915,camera_4,45,L2_not_in_candidates,127,4,錯,4,錯,,4,錯,,4,錯,
seq_025,6925,camera_7,31,L1_ghost,,,開新,,開新,,,開新,,124,錯,
seq_025,6950,camera_2,63,OK,4,4,對,4,對,5.0,4,對,3.806,4,對,5.0
seq_025,6950,camera_3,54,OK,4,4,對,4,對,4.307,4,對,3.113,4,對,4.307
seq_025,6955,camera_5,149,L1_ghost,,125,錯,,開新,,,開新,,4,錯,
seq_025,6975,camera_6,61,L2_not_in_candidates,126,125,錯,125,錯,,125,錯,,125,錯,
seq_025,6980,camera_1,60,L2_not_in_candidates,4,,開新,,開新,,,開新,-2.463,,開新,-1.269
seq_025,6985,camera_2,64,L2_not_in_candidates,129,4,錯,4,錯,,4,錯,,4,錯,
seq_025,7005,camera_5,150,L1_ghost,,4,錯,,開新,,,開新,,,開新,
seq_025,7005,camera_7,32,L2_not_in_candidates,125,,開新,,開新,,,開新,-2.416,128,錯,-1.222
seq_025,7010,camera_5,151,OK,4,4,對,4,對,4.307,4,對,3.113,4,對,4.307
seq_025,7025,camera_5,152,L1_ghost,,4,錯,,開新,,,開新,,,開新,
seq_025,7060,camera_2,65,OK,4,4,對,4,對,4.307,4,對,3.113,4,對,4.307
seq_025,7060,camera_3,55,L1_ghost,,4,錯,,開新,,,開新,,,開新,
seq_025,7090,camera_5,153,L1_ghost,,125,錯,,開新,,,開新,,4,錯,
seq_025,7110,camera_5,154,L1_ghost,,125,錯,,開新,,4,錯,,4,錯,
seq_025,7140,camera_3,56,OK,4,4,對,4,對,3.614,4,對,2.42,4,對,3.614
seq_025,7140,camera_5,155,L3_not_top1,4,125,錯,125,錯,,125,錯,0.442,125,錯,1.636
seq_025,7155,camera_5,156,L3_not_top1,4,125,錯,125,錯,,125,錯,2.733,125,錯,3.927
seq_025,7180,camera_5,157,L1_ghost,,125,錯,,開新,,,開新,,,開新,
seq_025,7185,camera_4,46,L3_not_top1,125,4,錯,4,錯,,4,錯,-2.503,4,錯,-1.309
seq_025,7255,camera_5,158,L1_ghost,,4,錯,,開新,,,開新,,125,錯,
seq_025,7265,camera_4,47,OK,4,4,對,4,對,4.307,4,對,3.113,4,對,4.307
seq_025,7275,camera_7,33,L3_not_top1,110,,開新,,開新,,,開新,-4.082,,開新,-2.888
seq_025,7295,camera_2,66,OK,4,4,對,4,對,4.307,4,對,3.113,4,對,4.307
seq_025,7300,camera_1,61,L2_not_in_candidates,125,,開新,,開新,,,開新,-2.427,,開新,-1.233
seq_025,7330,camera_6,62,L2_not_in_candidates,131,,開新,125,錯,,,開新,,125,錯,
seq_025,7335,camera_6,63,L1_ghost,,,開新,,開新,,,開新,,,開新,
seq_025,7340,camera_4,48,L2_not_in_candidates,132,4,錯,4,錯,,4,錯,,4,錯,
seq_025,7370,camera_2,67,OK,4,4,對,4,對,4.307,4,對,3.113,4,對,4.307
seq_025,7370,camera_6,64,L2_not_in_candidates,130,125,錯,125,錯,,125,錯,,125,錯,
seq_025,7385,camera_5,159,L1_ghost,,4,錯,,開新,,4,錯,,4,錯,
seq_025,7400,camera_1,62,L2_not_in_candidates,4,,開新,,開新,,,開新,-2.413,129,錯,-1.219
seq_025,7405,camera_6,65,L3_not_top1,4,,開新,125,錯,,134,錯,0.211,134,錯,1.405
seq_025,7455,camera_3,57,L2_not_in_candidates,135,4,錯,4,錯,,4,錯,,4,錯,
seq_025,7455,camera_6,66,L2_not_in_candidates,122,125,錯,125,錯,,125,錯,,125,錯,
seq_025,7460,camera_5,160,L3_not_top1,133,4,錯,4,錯,,4,錯,,4,錯,
seq_025,7465,camera_6,67,L3_not_top1,4,125,錯,125,錯,,125,錯,0.082,125,錯,1.276
seq_025,7485,camera_5,161,L3_not_top1,125,4,錯,4,錯,,4,錯,1.322,4,錯,2.516
seq_025,7495,camera_7,34,L2_not_in_candidates,136,,開新,,開新,,122,錯,,122,錯,
seq_025,7505,camera_2,68,OK,4,4,對,4,對,5.0,4,對,3.806,4,對,5.0
seq_025,7505,camera_2,69,OK,4,4,對,4,對,5.0,4,對,3.806,4,對,5.0
seq_025,7525,camera_1,63,L2_not_in_candidates,4,,開新,,開新,,,開新,-2.503,,開新,-1.309
seq_025,7530,camera_4,49,OK,4,4,對,4,對,5.0,4,對,3.806,4,對,5.0
seq_025,7555,camera_5,162,OK,4,4,對,4,對,5.0,4,對,3.806,4,對,5.0
seq_025,7555,camera_7,35,L2_not_in_candidates,125,,開新,,開新,,137,錯,-2.396,137,錯,-1.203
seq_025,7560,camera_1,64,L1_ghost,,,開新,,開新,,,開新,,,開新,
seq_025,7570,camera_3,58,L2_not_in_candidates,138,4,錯,4,錯,,4,錯,,4,錯,
seq_025,7575,camera_2,70,OK,4,4,對,4,對,5.0,4,對,3.806,4,對,5.0
seq_025,7605,camera_5,163,L3_not_top1,125,4,錯,4,錯,,4,錯,-1.277,4,錯,-0.083
seq_025,7610,camera_2,71,OK,4,4,對,4,對,5.0,4,對,4.182,4,對,5.376
seq_025,7610,camera_6,68,L1_ghost,,4,錯,,開新,,125,錯,,125,錯,
seq_025,7650,camera_3,59,OK,4,4,對,4,對,5.0,4,對,3.806,4,對,5.0
seq_025,7650,camera_7,36,L1_ghost,,,開新,,開新,,,開新,,,開新,
seq_025,7655,camera_7,37,L2_not_in_candidates,137,,開新,,開新,,,開新,-0.63,,開新,0.564
seq_025,7660,camera_2,72,OK,4,4,對,4,對,5.0,4,對,3.806,4,對,5.0
seq_025,7665,camera_1,65,L2_not_in_candidates,4,,開新,,開新,,,開新,-2.413,,開新,-1.219
seq_025,7675,camera_5,164,L1_ghost,,4,錯,,開新,,,開新,,,開新,
seq_025,7675,camera_6,69,OK,4,4,對,4,對,3.054,4,對,1.86,4,對,3.054
seq_025,7680,camera_2,73,OK,4,4,對,4,對,5.0,4,對,3.806,4,對,5.0
seq_025,7695,camera_3,60,OK,4,4,對,4,對,5.0,4,對,3.806,4,對,5.0
seq_025,7715,camera_1,66,L2_not_in_candidates,4,,開新,,開新,,,開新,-2.413,,開新,-1.219
seq_025,7720,camera_5,165,L1_ghost,,4,錯,,開新,,4,錯,,4,錯,
seq_025,7735,camera_7,38,L2_not_in_candidates,4,,開新,,開新,,,開新,-2.413,141,錯,-1.219
seq_025,7775,camera_4,50,OK,4,4,對,4,對,4.307,4,對,3.113,4,對,4.307
seq_025,7795,camera_5,166,L2_not_in_candidates,142,4,錯,4,錯,,4,錯,-1.675,4,錯,-0.481
seq_025,7800,camera_2,74,OK,4,4,對,4,對,4.307,4,對,3.113,4,對,4.307
seq_025,7810,camera_3,61,OK,4,4,對,4,對,4.307,4,對,3.113,4,對,4.307
seq_025,7825,camera_1,67,L2_not_in_candidates,4,,開新,,開新,,,開新,-2.427,143,錯,-1.233
seq_025,7845,camera_6,70,L1_ghost,,4,錯,,開新,,,開新,,,開新,
seq_025,7860,camera_2,75,OK,4,4,對,4,對,5.0,4,對,3.806,4,對,5.0
seq_025,7865,camera_5,167,L1_ghost,,4,錯,,開新,,,開新,,,開新,
seq_025,7865,camera_7,39,L2_not_in_candidates,145,,開新,,開新,,145,對,2.342,145,對,3.536
seq_025,7870,camera_1,68,L2_not_in_candidates,4,,開新,,開新,,144,錯,-2.43,144,錯,-1.236
seq_025,7900,camera_2,76,L2_not_in_candidates,146,4,錯,4,錯,,4,錯,,4,錯,
seq_025,7900,camera_4,51,L2_not_in_candidates,148,4,錯,4,錯,,4,錯,,4,錯,
seq_025,7910,camera_1,69,L4_below_threshold,143,,開新,,開新,0.291,138,錯,-0.902,138,錯,0.291
seq_025,7965,camera_5,168,L2_not_in_candidates,139,4,錯,4,錯,,4,錯,-1.785,4,錯,-0.591
seq_025,7980,camera_3,62,OK,4,4,對,4,對,5.0,4,對,3.806,4,對,5.0
seq_025,8005,camera_2,77,OK,4,4,對,4,對,5.0,4,對,3.806,4,對,5.0
seq_025,8005,camera_6,71,L2_not_in_candidates,147,4,錯,4,錯,,4,錯,,4,錯,
seq_025,8010,camera_6,72,L1_ghost,,4,錯,,開新,,,開新,,,開新,
seq_025,8020,camera_1,70,L2_not_in_candidates,4,,開新,,開新,,,開新,-2.413,,開新,-1.219
seq_025,8025,camera_2,78,L2_not_in_candidates,150,4,錯,4,錯,,4,錯,,4,錯,
seq_025,8040,camera_5,169,L1_ghost,,4,錯,,開新,,,開新,,,開新,
seq_025,8045,camera_6,73,OK,4,4,對,4,對,3.054,4,對,1.86,4,對,3.054
seq_025,8060,camera_2,79,L1_ghost,,4,錯,,開新,,,開新,,,開新,
seq_025,8065,camera_6,74,L1_ghost,,4,錯,,開新,,4,錯,,4,錯,
seq_025,8070,camera_2,80,L1_ghost,,4,錯,,開新,,4,錯,,4,錯,
seq_025,8070,camera_2,81,OK,4,4,對,4,對,5.0,4,對,3.806,4,對,5.0
seq_025,8070,camera_5,170,L2_not_in_candidates,149,4,錯,4,錯,,4,錯,,4,錯,
seq_025,8080,camera_1,71,L3_not_top1,144,,開新,,開新,,,開新,-2.149,,開新,-0.955
seq_026,0,camera_1,0,L0_first,,,開新,,開新,,,開新,,,開新,
seq_026,0,camera_1,1,L1_ghost,,,開新,,開新,,,開新,,,開新,
seq_026,0,camera_2,0,L0_first,,,開新,,開新,,,開新,,,開新,
seq_026,0,camera_2,1,L0_first,,,開新,,開新,,,開新,,,開新,
seq_026,0,camera_2,2,L0_first,,,開新,,開新,,,開新,,,開新,
seq_026,0,camera_2,3,L1_ghost,,,開新,,開新,,,開新,,,開新,
seq_026,0,camera_2,4,L1_ghost,,,開新,,開新,,,開新,,,開新,
seq_026,0,camera_3,0,L3_not_top1,3,7,錯,7,錯,,7,錯,,7,錯,
seq_026,0,camera_3,1,L3_not_top1,5,7,錯,7,錯,,7,錯,,7,錯,
seq_026,0,camera_3,2,L0_first,,7,錯,7,錯,,7,錯,,7,錯,
seq_026,0,camera_3,3,L0_first,,7,錯,7,錯,,7,錯,,7,錯,
seq_026,15,camera_3,4,L3_not_top1,4,7,錯,7,錯,,7,錯,,7,錯,
seq_026,20,camera_3,5,L1_ghost,,7,錯,,開新,,,開新,,,開新,
seq_026,20,camera_3,6,OK,7,7,對,7,對,3.391,7,對,2.197,7,對,3.391
seq_026,45,camera_2,5,OK,7,7,對,7,對,3.054,7,對,1.86,7,對,3.054
seq_026,75,camera_1,2,L2_not_in_candidates,7,,開新,,開新,,,開新,,,開新,
seq_026,90,camera_2,6,L1_ghost,,7,錯,,開新,,,開新,,,開新,
seq_026,90,camera_2,7,L0_first,,7,錯,7,錯,,7,錯,,7,錯,
seq_026,125,camera_1,3,L1_ghost,,,開新,,開新,,,開新,,,開新,
seq_026,190,camera_3,7,OK,7,7,對,7,對,2.921,7,對,4.147,7,對,5.34
seq_026,195,camera_1,4,L0_first,,,開新,,開新,,,開新,,,開新,
seq_026,195,camera_2,8,OK,7,7,對,7,對,2.921,7,對,1.727,7,對,2.921
seq_026,200,camera_2,9,OK,7,7,對,7,對,2.921,7,對,1.727,7,對,2.921
seq_026,275,camera_3,8,L2_not_in_candidates,8,7,錯,7,錯,,7,錯,,7,錯,
seq_026,300,camera_3,9,L1_ghost,,7,錯,,開新,,,開新,,,開新,
seq_026,310,camera_1,5,L2_not_in_candidates,7,,開新,,開新,,,開新,-2.454,,開新,-1.26
seq_026,415,camera_5,0,L2_not_in_candidates,11,7,錯,7,錯,,7,錯,,7,錯,
seq_026,430,camera_2,10,L1_ghost,,7,錯,,開新,,7,錯,,7,錯,
seq_026,455,camera_3,10,OK,7,7,對,7,對,5.0,7,對,3.806,7,對,5.0
seq_026,515,camera_1,6,L2_not_in_candidates,7,,開新,,開新,,,開新,-2.469,11,錯,-1.275
seq_026,515,camera_2,11,L2_not_in_candidates,12,7,錯,7,錯,,7,錯,,7,錯,
seq_026,545,camera_2,12,L1_ghost,,7,錯,,開新,,,開新,,7,錯,
seq_026,555,camera_6,0,OK,7,7,對,7,對,5.0,7,對,3.806,7,對,5.0
seq_026,580,camera_1,7,L2_not_in_candidates,7,,開新,,開新,,,開新,-2.413,,開新,-1.219
seq_026,665,camera_6,1,L1_ghost,,,開新,,開新,,,開新,,,開新,
seq_026,685,camera_5,1,L2_not_in_candidates,13,14,錯,14,錯,,14,錯,,14,錯,
seq_026,695,camera_5,2,L1_ghost,,14,錯,,開新,,,開新,,,開新,
seq_026,730,camera_6,2,L1_ghost,,14,錯,,開新,,14,錯,,14,錯,
seq_026,745,camera_4,0,L3_not_top1,7,14,錯,14,錯,,14,錯,-2.43,14,錯,-1.236
seq_026,835,camera_6,3,OK,14,14,對,14,對,4.307,14,對,3.113,14,對,4.307
seq_026,900,camera_3,11,L2_not_in_candidates,1,14,錯,14,錯,,14,錯,,14,錯,
seq_026,940,camera_2,13,OK,14,14,對,14,對,5.0,14,對,3.806,14,對,5.0
seq_026,945,camera_2,14,OK,14,14,對,14,對,5.0,14,對,3.806,14,對,5.0
seq_026,945,camera_3,12,OK,14,14,對,14,對,5.0,14,對,3.806,14,對,5.0
seq_026,990,camera_1,8,L2_not_in_candidates,14,,開新,,開新,,,開新,-2.413,,開新,-1.219
seq_026,990,camera_5,3,L3_not_top1,7,14,錯,14,錯,,14,錯,-2.579,14,錯,-1.385
seq_026,1000,camera_3,13,L1_ghost,,14,錯,,開新,,,開新,,7,錯,
seq_026,1020,camera_2,15,L2_not_in_candidates,15,14,錯,14,錯,,14,錯,,14,錯,
seq_026,1030,camera_3,14,L0_first,,14,錯,14,錯,,14,錯,,14,錯,
seq_026,1050,camera_5,4,OK,14,14,對,14,對,5.0,14,對,3.806,14,對,5.0
seq_026,1060,camera_5,5,OK,14,14,對,14,對,5.0,14,對,3.806,14,對,5.0
seq_026,1065,camera_5,6,L1_ghost,,14,錯,,開新,,,開新,,,開新,
seq_026,1080,camera_3,15,L1_ghost,,14,錯,,開新,,,開新,,,開新,
seq_026,1090,camera_1,9,L2_not_in_candidates,14,,開新,,開新,,1,錯,-2.413,1,錯,-1.219
seq_026,1090,camera_2,16,L2_not_in_candidates,16,14,錯,14,錯,,14,錯,,14,錯,
seq_026,1095,camera_5,7,L1_ghost,,14,錯,,開新,,14,錯,,14,錯,
seq_026,1100,camera_4,1,OK,14,14,對,14,對,3.391,14,對,2.197,14,對,3.391
seq_026,1130,camera_5,8,OK,14,14,對,14,對,5.0,14,對,3.806,14,對,5.0
seq_026,1155,camera_4,2,OK,14,14,對,14,對,3.208,14,對,2.014,14,對,3.208
seq_026,1160,camera_5,9,L1_ghost,,14,錯,,開新,,,開新,,14,錯,
seq_026,1160,camera_6,4,OK,14,14,對,14,對,3.054,14,對,1.86,14,對,3.054
seq_026,1190,camera_4,3,OK,14,14,對,14,對,3.208,14,對,3.709,14,對,4.902
seq_026,1200,camera_5,10,L1_ghost,,14,錯,,開新,,,開新,,14,錯,
seq_026,1220,camera_5,11,OK,14,14,對,14,對,5.0,14,對,3.806,14,對,5.0
seq_026,1230,camera_6,5,L1_ghost,,,開新,,開新,,,開新,,,開新,
seq_026,1265,camera_5,12,L1_ghost,,17,錯,,開新,,14,錯,,14,錯,
seq_026,1330,camera_5,13,L1_ghost,,17,錯,,開新,,,開新,,,開新,
seq_026,1345,camera_6,6,L3_not_top1,14,17,錯,17,錯,,17,錯,0.171,17,錯,1.365
seq_026,1395,camera_6,7,L1_ghost,,17,錯,,開新,,17,錯,,17,錯,
seq_026,1415,camera_5,14,L1_ghost,,14,錯,,開新,,,開新,,17,錯,
seq_026,1425,camera_5,15,OK,14,14,對,14,對,5.0,14,對,3.806,14,對,5.0
seq_026,1435,camera_1,10,L2_not_in_candidates,7,,開新,,開新,,,開新,-4.358,,開新,-3.165
seq_026,1435,camera_2,17,L2_not_in_candidates,18,14,錯,14,錯,,14,錯,,14,錯,
seq_026,1450,camera_5,16,OK,14,14,對,14,對,5.0,14,對,3.806,14,對,5.0
seq_026,1470,camera_5,17,L1_ghost,,14,錯,,開新,,,開新,,,開新,
seq_026,1485,camera_2,18,OK,14,14,對,14,對,5.0,14,對,3.806,14,對,5.0
seq_026,1500,camera_5,18,L3_not_top1,17,14,錯,14,錯,,14,錯,-1.7,14,錯,-0.507
seq_026,1515,camera_4,4,OK,14,14,對,14,對,3.614,14,對,2.42,14,對,3.614
seq_026,1530,camera_4,5,OK,14,14,對,14,對,3.614,14,對,3.66,14,對,4.853
seq_026,1565,camera_2,19,OK,14,14,對,14,對,3.901,14,對,2.708,14,對,3.901
seq_026,1565,camera_3,16,L2_not_in_candidates,7,14,錯,14,錯,,14,錯,2.089,14,錯,3.283
seq_026,1565,camera_5,19,L3_not_top1,14,17,錯,17,錯,,14,對,4.013,14,對,5.207
seq_026,1565,camera_5,20,L1_ghost,,17,錯,,開新,,,開新,,14,錯,
seq_026,1565,camera_5,21,L3_not_top1,14,17,錯,17,錯,,17,錯,0.863,17,錯,2.057
seq_026,1575,camera_2,20,L1_ghost,,14,錯,,開新,,,開新,,14,錯,
seq_026,1585,camera_2,21,L3_not_top1,17,14,錯,14,錯,,14,錯,-2.454,14,錯,-1.26
seq_026,1615,camera_3,17,OK,14,14,對,14,對,3.901,14,對,2.708,14,對,3.901
seq_026,1650,camera_4,6,OK,14,14,對,14,對,3.614,14,對,2.42,14,對,3.614
seq_026,1660,camera_3,18,L1_ghost,,14,錯,,開新,,14,錯,,14,錯,
seq_026,1660,camera_5,22,L1_ghost,,14,錯,,開新,,17,錯,,17,錯,
seq_026,1675,camera_5,23,L1_ghost,,14,錯,,開新,,,開新,,17,錯,
seq_026,1685,camera_5,24,L1_ghost,,14,錯,,開新,,,開新,,17,錯,
seq_026,1710,camera_5,25,L1_ghost,,14,錯,,開新,,,開新,,14,錯,
seq_026,1725,camera_3,19,L1_ghost,,14,錯,,開新,,,開新,,14,錯,
seq_026,1735,camera_3,20,L1_ghost,,14,錯,,開新,,14,錯,,14,錯,
seq_026,1735,camera_5,26,L1_ghost,,14,錯,,開新,,14,錯,,14,錯,
seq_026,1745,camera_1,11,L2_not_in_candidates,14,,開新,,開新,,,開新,-2.413,,開新,-1.219
seq_026,1770,camera_3,21,OK,14,14,對,14,對,5.0,14,對,3.806,14,對,5.0
seq_026,1795,camera_5,27,OK,14,14,對,14,對,5.0,14,對,3.806,14,對,5.0
seq_026,1805,camera_1,12,L2_not_in_candidates,14,,開新,,開新,,,開新,-2.413,19,錯,-1.219
seq_026,1805,camera_2,22,L2_not_in_candidates,20,14,錯,14,錯,,14,錯,,14,錯,
seq_026,1860,camera_5,28,OK,14,14,對,14,對,3.614,14,對,2.42,14,對,3.614
seq_026,1865,camera_6,8,L2_not_in_candidates,19,,開新,17,錯,,,開新,,17,錯,
seq_026,1870,camera_5,29,L1_ghost,,21,錯,,開新,,17,錯,,17,錯,
seq_026,1890,camera_5,30,L1_ghost,,21,錯,,開新,,14,錯,,14,錯,
seq_026,1895,camera_4,7,OK,14,14,對,14,對,3.614,14,對,2.42,14,對,3.614
seq_026,1895,camera_5,31,L1_ghost,,21,錯,,開新,,,開新,,14,錯,
seq_026,1940,camera_2,23,OK,14,14,對,14,對,5.0,14,對,3.806,14,對,5.0
seq_026,1945,camera_6,9,L3_not_top1,14,,開新,21,錯,,,開新,0.024,21,錯,1.218
seq_026,1950,camera_5,32,OK,14,14,對,14,對,5.0,14,對,3.806,14,對,5.0
seq_026,1955,camera_5,33,L1_ghost,,14,錯,,開新,,14,錯,,14,錯,
seq_026,1980,camera_6,10,L1_ghost,,,開新,,開新,,,開新,,,開新,
seq_026,1990,camera_6,11,L1_ghost,,,開新,,開新,,,開新,,,開新,
seq_026,1995,camera_5,34,L2_not_in_candidates,17,14,錯,14,錯,,14,錯,1.994,14,錯,3.188
seq_026,2010,camera_4,8,OK,14,14,對,14,對,3.614,14,對,2.42,14,對,3.614
seq_026,2050,camera_6,12,L1_ghost,,,開新,,開新,,,開新,,,開新,
seq_026,2065,camera_3,22,L1_ghost,,14,錯,,開新,,,開新,,14,錯,
seq_026,2110,camera_7,0,L2_not_in_candidates,22,,開新,,開新,,,開新,,24,錯,
seq_026,2115,camera_5,35,L1_ghost,,14,錯,,開新,,,開新,,,開新,
seq_026,2135,camera_2,24,L1_ghost,,14,錯,,開新,,,開新,,,開新,
seq_026,2175,camera_5,36,L1_ghost,,14,錯,,開新,,,開新,,14,錯,
seq_026,2200,camera_5,37,L1_ghost,,14,錯,,開新,,,開新,,,開新,
seq_026,2215,camera_2,25,L1_ghost,,14,錯,,開新,,,開新,,,開新,
seq_026,2250,camera_5,38,L1_ghost,,14,錯,,開新,,14,錯,,14,錯,
seq_026,2260,camera_5,39,L3_not_top1,21,14,錯,14,錯,,14,錯,-2.579,14,錯,-1.385
seq_026,2300,camera_4,9,OK,14,14,對,14,對,3.901,14,對,2.708,14,對,3.901
seq_026,2305,camera_5,40,L3_not_top1,14,21,錯,21,錯,,21,錯,2.501,21,錯,3.694
seq_026,2310,camera_3,23,OK,14,14,對,14,對,4.307,14,對,3.113,14,對,4.307
seq_026,2345,camera_2,26,OK,14,14,對,14,對,4.307,14,對,3.113,14,對,4.307
seq_026,2350,camera_1,13,L2_not_in_candidates,14,,開新,,開新,,,開新,-2.442,,開新,-1.248
seq_026,2365,camera_4,10,OK,14,14,對,14,對,3.901,14,對,2.708,14,對,3.901
seq_026,2375,camera_5,41,L1_ghost,,14,錯,,開新,,14,錯,,14,錯,
seq_026,2405,camera_3,24,L2_not_in_candidates,27,14,錯,14,錯,,14,錯,,14,錯,
seq_026,2410,camera_4,11,OK,14,14,對,14,對,3.614,14,對,2.42,14,對,3.614
seq_026,2435,camera_1,14,L1_ghost,,,開新,,開新,,,開新,,,開新,
seq_026,2440,camera_2,27,OK,14,14,對,14,對,3.614,14,對,2.42,14,對,3.614
seq_026,2480,camera_7,1,L4_below_threshold,26,,開新,,開新,-0.459,,開新,-1.653,,開新,-0.459
seq_026,2485,camera_5,42,OK,14,14,對,14,對,3.901,14,對,2.708,14,對,3.901
seq_026,2510,camera_3,25,OK,14,14,對,14,對,3.614,14,對,2.42,14,對,3.614
seq_026,2540,camera_5,43,L2_not_in_candidates,21,14,錯,14,錯,,14,錯,-3.551,14,錯,-2.357
seq_026,2565,camera_5,44,L1_ghost,,14,錯,,開新,,14,錯,,14,錯,
seq_026,2575,camera_5,45,OK,14,14,對,14,對,3.901,14,對,2.708,14,對,3.901
seq_026,2595,camera_3,26,OK,14,14,對,14,對,3.901,14,對,2.708,14,對,3.901
seq_026,2630,camera_4,12,OK,14,14,對,14,對,3.614,14,對,2.42,14,對,3.614
seq_026,2650,camera_1,15,L2_not_in_candidates,14,,開新,,開新,,,開新,-2.418,27,錯,-1.224
seq_026,2655,camera_2,28,OK,14,14,對,14,對,3.901,14,對,2.708,14,對,3.901
seq_026,2660,camera_1,16,L2_not_in_candidates,14,,開新,,開新,,,開新,-2.413,,開新,-1.219
seq_026,2660,camera_5,46,L1_ghost,,14,錯,,開新,,,開新,,14,錯,
seq_026,2710,camera_2,29,L2_not_in_candidates,31,14,錯,14,錯,,14,錯,,14,錯,
seq_026,2710,camera_3,27,OK,14,14,對,14,對,4.307,14,對,3.113,14,對,4.307
seq_026,2735,camera_4,13,OK,14,14,對,14,對,3.391,14,對,2.197,14,對,3.391
seq_026,2760,camera_4,14,OK,14,14,對,14,對,3.391,14,對,2.197,14,對,3.391
seq_026,2780,camera_3,28,L1_ghost,,14,錯,,開新,,,開新,,14,錯,
seq_026,2780,camera_4,15,OK,14,14,對,14,對,3.391,14,對,2.197,14,對,3.391
seq_026,2795,camera_2,30,L1_ghost,,14,錯,,開新,,,開新,,14,錯,
seq_026,2795,camera_3,29,L1_ghost,,14,錯,,開新,,14,錯,,14,錯,
seq_026,2815,camera_1,17,L2_not_in_candidates,14,,開新,,開新,,,開新,-2.43,,開新,-1.236
seq_026,2820,camera_4,16,L0_first,,21,錯,21,錯,,14,錯,,14,錯,
seq_026,2830,camera_2,31,L1_ghost,,21,錯,,開新,,,開新,,,開新,
seq_026,2840,camera_2,32,L3_not_top1,14,21,錯,21,錯,,21,錯,-0.161,21,錯,1.033
seq_026,2855,camera_6,13,L2_not_in_candidates,29,21,錯,21,錯,,21,錯,,21,錯,
seq_026,2865,camera_5,47,L1_ghost,,21,錯,,開新,,,開新,,,開新,
seq_026,2870,camera_6,14,L1_ghost,,21,錯,,開新,,,開新,,,開新,
seq_026,2890,camera_5,48,OK,21,21,對,21,對,4.307,21,對,3.113,21,對,4.307
seq_026,2935,camera_1,18,L2_not_in_candidates,21,,開新,,開新,,,開新,-2.442,,開新,-1.248
seq_026,2935,camera_6,15,L3_not_top1,14,21,錯,21,錯,,21,錯,0.211,21,錯,1.405
seq_026,3005,camera_5,49,L1_ghost,,21,錯,,開新,,,開新,,,開新,
seq_026,3010,camera_6,16,L1_ghost,,21,錯,,開新,,,開新,,,開新,
seq_026,3020,camera_6,17,L1_ghost,,21,錯,,開新,,,開新,,,開新,
seq_026,3025,camera_5,50,L3_not_top1,14,21,錯,21,錯,,21,錯,-2.427,21,錯,-1.233
seq_026,3030,camera_2,33,OK,21,21,對,21,對,3.901,21,對,2.708,21,對,3.901
seq_026,3035,camera_1,19,L2_not_in_candidates,21,,開新,,開新,,,開新,-2.522,,開新,-1.328
seq_026,3035,camera_5,51,L1_ghost,,21,錯,,開新,,,開新,,,開新,
seq_026,3035,camera_6,18,L2_not_in_candidates,33,21,錯,21,錯,,21,錯,-2.413,21,錯,-1.219
seq_026,3035,camera_7,2,L2_not_in_candidates,21,,開新,,開新,,,開新,1.424,21,對,2.618
seq_026,3055,camera_2,34,L2_not_in_candidates,34,21,錯,21,錯,,21,錯,,21,錯,
seq_026,3080,camera_5,52,L1_ghost,,21,錯,,開新,,,開新,,21,錯,
seq_026,3115,camera_3,30,L2_not_in_candidates,32,21,錯,21,錯,,21,錯,,21,錯,
seq_026,3125,camera_6,19,OK,21,21,對,21,對,2.921,21,對,1.727,21,對,2.921
seq_026,3135,camera_2,35,OK,21,21,對,21,對,4.307,21,對,3.113,21,對,4.307
seq_026,3135,camera_5,53,OK,21,21,對,21,對,4.307,21,對,3.113,21,對,4.307
seq_026,3135,camera_5,54,L1_ghost,,21,錯,,開新,,,開新,,14,錯,
seq_026,3135,camera_7,3,L2_not_in_candidates,21,,開新,,開新,,,開新,-0.668,,開新,0.526
seq_026,3175,camera_3,31,L3_not_top1,21,14,錯,14,錯,,14,錯,-0.729,14,錯,0.464
seq_026,3180,camera_6,20,L1_ghost,,21,錯,,開新,,21,錯,,21,錯,
seq_026,3185,camera_3,32,OK,14,14,對,14,對,5.0,14,對,3.806,14,對,5.0
seq_026,3190,camera_2,36,L3_not_top1,21,14,錯,14,錯,,14,錯,-0.315,14,錯,0.879
seq_026,3195,camera_1,20,L2_not_in_candidates,14,,開新,,開新,,,開新,-2.413,,開新,-1.219
seq_026,3195,camera_7,4,L1_ghost,,,開新,,開新,,,開新,,21,錯,
seq_026,3205,camera_7,5,L2_not_in_candidates,21,,開新,,開新,,38,錯,1.479,38,錯,2.672
seq_026,3215,camera_5,55,L1_ghost,,21,錯,,開新,,,開新,,,開新,
seq_026,3220,camera_1,21,L1_ghost,,,開新,,開新,,,開新,,,開新,
seq_026,3235,camera_3,33,L2_not_in_candidates,37,21,錯,21,錯,,21,錯,,21,錯,
seq_026,3275,camera_4,17,OK,21,21,對,21,對,3.391,21,對,2.197,21,對,3.391
seq_026,3280,camera_7,6,L2_not_in_candidates,39,,開新,,開新,,,開新,,,開新,
seq_026,3335,camera_3,34,L1_ghost,,21,錯,,開新,,14,錯,,14,錯,
seq_026,3385,camera_5,56,L3_not_top1,14,21,錯,21,錯,,21,錯,0.209,21,錯,1.403
seq_026,3415,camera_3,35,L2_not_in_candidates,7,21,錯,21,錯,,21,錯,-10.311,21,錯,-9.117
seq_026,3425,camera_6,21,L2_not_in_candidates,36,21,錯,21,錯,,21,錯,,21,錯,
seq_026,3430,camera_6,22,L1_ghost,,21,錯,,開新,,,開新,,,開新,
seq_026,3485,camera_3,36,OK,21,21,對,21,對,5.0,21,對,3.806,21,對,5.0
seq_026,3490,camera_2,37,OK,21,21,對,21,對,5.0,21,對,3.806,21,對,5.0
seq_026,3495,camera_2,38,L1_ghost,,21,錯,,開新,,,開新,,,開新,
seq_026,3500,camera_6,23,OK,21,21,對,21,對,3.901,21,對,2.708,21,對,3.901
seq_026,3520,camera_1,22,L2_not_in_candidates,21,,開新,,開新,,,開新,-2.427,,開新,-1.233
seq_026,3525,camera_3,37,L3_not_top1,14,21,錯,21,錯,,21,錯,0.917,21,錯,2.111
seq_026,3540,camera_6,24,L1_ghost,,21,錯,,開新,,,開新,,,開新,
seq_026,3555,camera_5,57,OK,21,21,對,21,對,5.0,21,對,3.806,21,對,5.0
seq_026,3555,camera_7,7,L2_not_in_candidates,41,,開新,,開新,,41,對,2.316,41,對,3.51
seq_026,3565,camera_7,8,L2_not_in_candidates,21,,開新,,開新,,,開新,-1.238,,開新,-0.044
seq_026,3580,camera_7,9,L2_not_in_candidates,44,,開新,,開新,,44,對,2.216,44,對,3.409
seq_026,3610,camera_5,58,L1_ghost,,21,錯,,開新,,,開新,,,開新,
seq_026,3615,camera_1,23,L2_not_in_candidates,21,,開新,,開新,,,開新,-2.413,42,錯,-1.219
seq_026,3615,camera_2,39,L2_not_in_candidates,42,21,錯,21,錯,,21,錯,-2.53,21,錯,-1.336
seq_026,3625,camera_3,38,L1_ghost,,21,錯,,開新,,,開新,,21,錯,
seq_026,3655,camera_3,39,L2_not_in_candidates,46,21,錯,21,錯,,21,錯,,21,錯,
seq_026,3690,camera_5,59,L3_not_top1,30,21,錯,21,錯,,21,錯,-5.848,21,錯,-4.654
seq_026,3695,camera_3,40,OK,21,21,對,21,對,3.614,21,對,2.42,21,對,3.614
seq_026,3700,camera_7,10,L2_not_in_candidates,43,,開新,,開新,,43,對,2.174,43,對,3.368
seq_026,3735,camera_1,24,L2_not_in_candidates,21,,開新,,開新,,,開新,-2.422,,開新,-1.228
seq_026,3790,camera_3,41,OK,21,21,對,21,對,4.307,21,對,3.113,21,對,4.307
seq_026,3795,camera_3,42,OK,21,21,對,21,對,4.307,21,對,3.696,21,對,4.89
seq_026,3805,camera_3,43,L1_ghost,,21,錯,,開新,,,開新,,21,錯,
seq_026,3815,camera_5,60,L2_not_in_candidates,48,21,錯,21,錯,,21,錯,,21,錯,
seq_026,3840,camera_2,40,OK,21,21,對,21,對,3.901,21,對,2.708,21,對,3.901
seq_026,3910,camera_6,25,L2_not_in_candidates,47,21,錯,21,錯,,21,錯,,21,錯,
seq_026,3910,camera_7,11,L2_not_in_candidates,45,,開新,,開新,,,開新,,,開新,
seq_026,3920,camera_6,26,L1_ghost,,21,錯,,開新,,,開新,,,開新,
seq_026,3930,camera_6,27,L2_not_in_candidates,49,21,錯,21,錯,,21,錯,,21,錯,
seq_026,3935,camera_2,41,OK,21,21,對,21,對,3.901,21,對,2.708,21,對,3.901
seq_026,3945,camera_5,61,OK,21,21,對,21,對,3.901,21,對,2.708,21,對,3.901
seq_026,3955,camera_5,62,L1_ghost,,21,錯,,開新,,,開新,,,開新,
seq_026,3960,camera_4,18,OK,21,21,對,21,對,3.391,21,對,2.197,21,對,3.391
seq_026,3960,camera_6,28,L2_not_in_candidates,35,21,錯,21,錯,,21,錯,,21,錯,
seq_026,3985,camera_3,44,OK,21,21,對,21,對,5.0,21,對,3.806,21,對,5.0
seq_026,4010,camera_5,63,L1_ghost,,21,錯,,開新,,,開新,,21,錯,
seq_026,4030,camera_2,42,OK,21,21,對,21,對,5.0,21,對,3.806,21,對,5.0
seq_026,4030,camera_5,64,OK,21,21,對,21,對,5.0,21,對,3.806,21,對,5.0
seq_026,4040,camera_5,65,L1_ghost,,21,錯,,開新,,,開新,,,開新,
seq_026,4055,camera_6,29,OK,21,21,對,21,對,2.921,21,對,1.727,21,對,2.921
seq_026,4060,camera_4,19,OK,21,21,對,21,對,3.614,21,對,2.42,21,對,3.614
seq_026,4065,camera_1,25,L2_not_in_candidates,21,,開新,,開新,,,開新,-2.413,,開新,-1.219
seq_026,4065,camera_2,43,L2_not_in_candidates,50,21,錯,21,錯,,21,錯,,21,錯,
seq_026,4070,camera_5,66,OK,21,21,對,21,對,4.307,21,對,3.113,21,對,4.307
seq_026,4090,camera_6,30,L1_ghost,,,開新,,開新,,,開新,,,開新,
seq_026,4105,camera_1,26,L2_not_in_candidates,21,,開新,,開新,,50,錯,-2.413,50,錯,-1.219
seq_026,4105,camera_3,45,OK,21,21,對,21,對,4.307,21,對,3.113,21,對,4.307
seq_026,4110,camera_2,44,OK,21,21,對,21,對,4.307,21,對,3.113,21,對,4.307
seq_026,4125,camera_1,27,L2_not_in_candidates,21,,開新,,開新,,,開新,-2.413,,開新,-1.219
seq_026,4130,camera_7,12,L2_not_in_candidates,21,,開新,,開新,,,開新,1.385,21,對,2.579
seq_026,4155,camera_3,46,L2_not_in_candidates,52,21,錯,21,錯,,21,錯,,21,錯,
seq_026,4160,camera_5,67,OK,21,21,對,21,對,5.0,21,對,3.806,21,對,5.0
seq_026,4170,camera_5,68,L1_ghost,,21,錯,,開新,,21,錯,,21,錯,
seq_026,4215,camera_2,45,L1_ghost,,21,錯,,開新,,,開新,,,開新,
seq_026,4225,camera_2,46,OK,21,21,對,21,對,5.0,21,對,3.806,21,對,5.0
seq_026,4235,camera_1,28,L2_not_in_candidates,21,,開新,,開新,,,開新,-2.413,,開新,-1.219
seq_026,4265,camera_6,31,OK,21,21,對,21,對,3.054,21,對,1.86,21,對,3.054
seq_026,4305,camera_3,47,L2_not_in_candidates,55,21,錯,21,錯,,21,錯,,21,錯,
seq_026,4320,camera_1,29,L2_not_in_candidates,21,,開新,,開新,,55,錯,-2.413,55,錯,-1.219
seq_026,4330,camera_1,30,L1_ghost,,,開新,,開新,,55,錯,,55,錯,
seq_026,4340,camera_6,32,L1_ghost,,21,錯,,開新,,,開新,,,開新,
seq_026,4360,camera_1,31,L2_not_in_candidates,53,,開新,,開新,,53,對,3.081,53,對,4.275
seq_026,4360,camera_6,33,L2_not_in_candidates,54,21,錯,21,錯,,21,錯,,21,錯,
seq_026,4370,camera_3,48,L1_ghost,,21,錯,,開新,,,開新,,21,錯,
seq_026,4370,camera_4,20,L2_not_in_candidates,56,21,錯,21,錯,,21,錯,,21,錯,
seq_026,4380,camera_6,34,L1_ghost,,21,錯,,開新,,,開新,,,開新,
seq_026,4425,camera_5,69,OK,21,21,對,21,對,5.0,21,對,3.806,21,對,5.0
seq_026,4465,camera_3,49,OK,21,21,對,21,對,5.0,21,對,3.806,21,對,5.0
seq_026,4475,camera_6,35,OK,21,21,對,21,對,4.307,21,對,3.113,21,對,4.307
seq_026,4485,camera_1,32,L2_not_in_candidates,58,,開新,,開新,,,開新,0.322,52,錯,1.516
seq_026,4525,camera_5,70,OK,21,21,對,21,對,5.0,21,對,3.806,21,對,5.0
seq_026,4560,camera_5,71,L1_ghost,,21,錯,,開新,,,開新,,,開新,
seq_026,4565,camera_1,33,L2_not_in_candidates,21,,開新,,開新,,,開新,-2.413,,開新,-1.219
seq_026,4570,camera_2,47,OK,21,21,對,21,對,5.0,21,對,3.806,21,對,5.0
seq_026,4600,camera_3,50,L2_not_in_candidates,59,21,錯,21,錯,,21,錯,,21,錯,
seq_026,4615,camera_3,51,OK,21,21,對,21,對,5.0,21,對,3.806,21,對,5.0
seq_026,4620,camera_5,72,OK,21,21,對,21,對,5.0,21,對,3.806,21,對,5.0
seq_026,4650,camera_2,48,OK,21,21,對,21,對,5.0,21,對,3.806,21,對,5.0
seq_026,4650,camera_2,49,OK,21,21,對,21,對,5.0,21,對,3.806,21,對,5.0
seq_026,4670,camera_2,50,L2_not_in_candidates,60,21,錯,21,錯,,21,錯,,21,錯,
seq_026,4675,camera_4,21,OK,21,21,對,21,對,3.614,21,對,2.42,21,對,3.614
seq_026,4685,camera_2,51,OK,21,21,對,21,對,4.307,21,對,3.715,21,對,4.909
seq_026,4690,camera_4,22,OK,21,21,對,21,對,3.614,21,對,3.77,21,對,4.963
seq_026,4695,camera_4,23,L1_ghost,,21,錯,,開新,,21,錯,,21,錯,
seq_026,4730,camera_2,52,L1_ghost,,21,錯,,開新,,21,錯,,21,錯,
seq_026,4730,camera_3,52,L1_ghost,,21,錯,,開新,,,開新,,,開新,
seq_026,4735,camera_4,24,OK,21,21,對,21,對,3.391,21,對,2.383,21,對,3.577
seq_026,4740,camera_1,34,L1_ghost,,,開新,,開新,,,開新,,,開新,
seq_026,4750,camera_5,73,L1_ghost,,21,錯,,開新,,,開新,,21,錯,
seq_026,4810,camera_2,53,OK,21,21,對,21,對,3.391,21,對,2.787,21,對,3.981
seq_026,4810,camera_5,74,OK,21,21,對,21,對,3.391,21,對,2.89,21,對,4.084
seq_026,4820,camera_5,75,L1_ghost,,21,錯,,開新,,21,錯,,21,錯,
seq_026,4835,camera_2,54,L1_ghost,,21,錯,,開新,,,開新,,21,錯,
seq_026,4835,camera_3,53,OK,21,21,對,21,對,3.391,21,對,2.197,21,對,3.391
seq_026,4840,camera_5,76,OK,21,21,對,21,對,3.391,21,對,2.197,21,對,3.391
seq_026,4855,camera_1,35,L2_not_in_candidates,21,,開新,,開新,,59,錯,-2.413,59,錯,-1.219
seq_026,4855,camera_5,77,L1_ghost,,21,錯,,開新,,21,錯,,21,錯,
seq_026,4910,camera_5,78,OK,21,21,對,21,對,3.901,21,對,2.708,21,對,3.901
seq_026,4940,camera_2,55,OK,21,21,對,21,對,3.901,21,對,2.708,21,對,3.901
seq_026,5000,camera_1,36,L2_not_in_candidates,21,,開新,,開新,,,開新,-2.422,,開新,-1.228
seq_026,5005,camera_5,79,L1_ghost,,21,錯,,開新,,,開新,,21,錯,
seq_026,5010,camera_3,54,L1_ghost,,21,錯,,開新,,,開新,,,開新,
seq_026,5095,camera_1,37,L2_not_in_candidates,63,,開新,,開新,,,開新,,62,錯,
seq_026,5130,camera_1,38,L2_not_in_candidates,62,,開新,,開新,,,開新,0.047,,開新,1.241
seq_026,5195,camera_4,25,L2_not_in_candidates,65,21,錯,21,錯,,21,錯,,21,錯,
seq_026,5210,camera_2,56,L2_not_in_candidates,64,21,錯,21,錯,,21,錯,-2.579,21,錯,-1.385
seq_026,5310,camera_2,57,OK,21,21,對,21,對,4.307,21,對,3.113,21,對,4.307
seq_026,5350,camera_5,80,OK,21,21,對,21,對,4.307,21,對,3.113,21,對,4.307
seq_026,5360,camera_4,26,OK,21,21,對,21,對,3.901,21,對,2.708,21,對,3.901
seq_026,5360,camera_5,81,L1_ghost,,21,錯,,開新,,,開新,,21,錯,
seq_026,5375,camera_5,82,OK,21,21,對,21,對,3.901,21,對,2.708,21,對,3.901
seq_026,5390,camera_5,83,OK,21,21,對,21,對,3.901,21,對,3.74,21,對,4.934
seq_026,5470,camera_5,84,OK,21,21,對,21,對,3.901,21,對,2.708,21,對,3.901
seq_026,5475,camera_5,85,L1_ghost,,21,錯,,開新,,,開新,,21,錯,
seq_026,5485,camera_5,86,L1_ghost,,21,錯,,開新,,,開新,,21,錯,
seq_026,5530,camera_4,27,OK,21,21,對,21,對,3.901,21,對,2.708,21,對,3.901
seq_026,5535,camera_2,58,L1_ghost,,21,錯,,開新,,,開新,,,開新,
seq_026,5550,camera_5,87,L1_ghost,,21,錯,,開新,,,開新,,,開新,
seq_026,5555,camera_2,59,OK,21,21,對,21,對,3.614,21,對,2.42,21,對,3.614
seq_026,5555,camera_5,88,L1_ghost,,21,錯,,開新,,,開新,,,開新,
seq_026,5560,camera_1,39,L2_not_in_candidates,21,,開新,,開新,,,開新,-2.441,,開新,-1.247
seq_026,5600,camera_3,55,L2_not_in_candidates,66,21,錯,21,錯,,21,錯,,21,錯,
seq_026,5605,camera_5,89,OK,21,21,對,21,對,3.614,21,對,2.42,21,對,3.614
seq_026,5640,camera_5,90,L1_ghost,,21,錯,,開新,,21,錯,,21,錯,
seq_026,5655,camera_2,60,OK,21,21,對,21,對,3.614,21,對,2.42,21,對,3.614
seq_026,5655,camera_3,56,OK,21,21,對,21,對,3.614,21,對,4.132,21,對,5.326
seq_026,5705,camera_1,40,L2_not_in_candidates,21,,開新,,開新,,,開新,-2.413,,開新,-1.219
seq_026,5710,camera_4,28,OK,21,21,對,21,對,3.391,21,對,2.197,21,對,3.391
seq_026,5735,camera_5,91,OK,21,21,對,21,對,3.614,21,對,3.073,21,對,4.266
seq_026,5740,camera_1,41,L2_not_in_candidates,21,,開新,,開新,,67,錯,-2.413,67,錯,-1.219
seq_026,5740,camera_2,61,OK,21,21,對,21,對,3.614,21,對,2.42,21,對,3.614
seq_026,5760,camera_1,42,L1_ghost,,,開新,,開新,,,開新,,,開新,
seq_026,5785,camera_2,62,L2_not_in_candidates,67,21,錯,21,錯,,21,錯,-2.463,21,錯,-1.269
seq_026,5795,camera_2,63,L1_ghost,,21,錯,,開新,,21,錯,,21,錯,
seq_026,5825,camera_2,64,OK,21,21,對,21,對,3.901,21,對,2.708,21,對,3.901
seq_026,5835,camera_3,57,OK,21,21,對,21,對,3.901,21,對,3.49,21,對,4.684
seq_026,5840,camera_3,58,OK,21,21,對,21,對,3.901,21,對,2.708,21,對,3.901
seq_026,5855,camera_1,43,L1_ghost,,,開新,,開新,,,開新,,,開新,
seq_026,5870,camera_2,65,OK,21,21,對,21,對,3.901,21,對,2.708,21,對,3.901
seq_026,5875,camera_3,59,OK,21,21,對,21,對,3.901,21,對,2.708,21,對,3.901
seq_026,5890,camera_5,92,L1_ghost,,21,錯,,開新,,,開新,,,開新,
seq_026,5895,camera_6,36,OK,21,21,對,21,對,3.208,21,對,2.014,21,對,3.208
seq_026,5905,camera_1,44,L2_not_in_candidates,21,,開新,,開新,,70,錯,-2.427,70,錯,-1.233
seq_026,5965,camera_6,37,L1_ghost,,21,錯,,開新,,,開新,,,開新,
seq_026,5985,camera_1,45,L1_ghost,,,開新,,開新,,68,錯,,68,錯,
seq_026,6010,camera_2,66,OK,21,21,對,21,對,5.0,21,對,3.806,21,對,5.0
seq_026,6010,camera_2,67,L1_ghost,,21,錯,,開新,,,開新,,21,錯,
seq_026,6010,camera_7,13,L2_not_in_candidates,21,,開新,,開新,,,開新,-2.503,,開新,-1.309
seq_026,6020,camera_4,29,OK,21,21,對,21,對,3.901,21,對,2.708,21,對,3.901
seq_026,6035,camera_1,46,L2_not_in_candidates,21,,開新,,開新,,67,錯,-2.427,67,錯,-1.233
seq_026,6080,camera_3,60,L1_ghost,,21,錯,,開新,,21,錯,,21,錯,
seq_026,6100,camera_5,93,L1_ghost,,21,錯,,開新,,21,錯,,21,錯,
seq_026,6110,camera_5,94,OK,21,21,對,21,對,5.0,21,對,3.806,21,對,5.0
seq_026,6135,camera_7,14,L2_not_in_candidates,73,,開新,,開新,,,開新,-0.065,,開新,1.129
seq_026,6170,camera_2,68,L2_not_in_candidates,74,21,錯,21,錯,,21,錯,,21,錯,
seq_026,6210,camera_5,95,L1_ghost,,21,錯,,開新,,21,錯,,21,錯,
seq_026,6255,camera_1,47,L3_not_top1,68,,開新,,開新,,,開新,-3.26,66,錯,-2.067
seq_026,6260,camera_3,61,L2_not_in_candidates,71,21,錯,21,錯,,21,錯,-2.413,21,錯,-1.219
seq_026,6280,camera_6,38,OK,21,21,對,21,對,3.391,21,對,2.197,21,對,3.391
seq_026,6340,camera_6,39,L1_ghost,,21,錯,,開新,,,開新,,,開新,
seq_026,6345,camera_4,30,OK,21,21,對,21,對,3.614,21,對,2.42,21,對,3.614
seq_026,6370,camera_3,62,L1_ghost,,21,錯,,開新,,21,錯,,21,錯,
seq_026,6375,camera_7,15,L2_not_in_candidates,21,,開新,,開新,,,開新,-2.469,,開新,-1.275
seq_026,6380,camera_2,69,OK,21,21,對,21,對,5.0,21,對,3.806,21,對,5.0
seq_026,6405,camera_1,48,L2_not_in_candidates,76,,開新,,開新,,76,對,1.758,76,對,2.951
seq_026,6415,camera_5,96,OK,21,21,對,21,對,5.0,21,對,3.806,21,對,5.0
seq_026,6425,camera_5,97,L1_ghost,,21,錯,,開新,,,開新,,,開新,
seq_026,6455,camera_2,70,OK,21,21,對,21,對,5.0,21,對,3.806,21,對,5.0
seq_026,6460,camera_5,98,L1_ghost,,21,錯,,開新,,,開新,,,開新,
seq_026,6470,camera_3,63,L2_not_in_candidates,78,21,錯,21,錯,,21,錯,,21,錯,
seq_026,6480,camera_2,71,OK,21,21,對,21,對,5.0,21,對,3.806,21,對,5.0
seq_026,6490,camera_1,49,L2_not_in_candidates,21,,開新,,開新,,67,錯,-2.416,67,錯,-1.222
seq_026,6535,camera_2,72,OK,21,21,對,21,對,5.0,21,對,3.806,21,對,5.0
seq_026,6565,camera_5,99,L1_ghost,,21,錯,,開新,,,開新,,,開新,
seq_026,6575,camera_6,40,L2_not_in_candidates,79,21,錯,21,錯,,21,錯,-2.442,21,錯,-1.248
seq_026,6590,camera_3,64,L1_ghost,,21,錯,,開新,,,開新,,,開新,
seq_026,6615,camera_6,41,L1_ghost,,21,錯,,開新,,,開新,,,開新,
seq_026,6640,camera_7,16,L2_not_in_candidates,21,,開新,,開新,,,開新,1.279,21,對,2.473
seq_026,6655,camera_3,65,L1_ghost,,21,錯,,開新,,,開新,,,開新,
seq_026,6665,camera_4,31,OK,21,21,對,21,對,3.614,21,對,2.42,21,對,3.614
seq_026,6675,camera_1,50,L2_not_in_candidates,21,,開新,,開新,,,開新,-2.492,,開新,-1.298
seq_026,6695,camera_7,17,L2_not_in_candidates,80,,開新,,開新,,,開新,1.141,80,對,2.335
seq_026,6700,camera_2,73,OK,21,21,對,21,對,5.0,21,對,3.806,21,對,5.0
seq_026,6710,camera_1,51,L2_not_in_candidates,81,,開新,,開新,,,開新,,,開新,
seq_026,6735,camera_3,66,OK,21,21,對,21,對,5.0,21,對,3.806,21,對,5.0
seq_026,6750,camera_3,67,OK,21,21,對,21,對,5.0,21,對,3.806,21,對,5.0
seq_026,6765,camera_7,18,L1_ghost,,,開新,,開新,,82,錯,,82,錯,
seq_026,6785,camera_1,52,L2_not_in_candidates,21,,開新,,開新,,,開新,-2.413,81,錯,-1.219
seq_026,6795,camera_2,74,L2_not_in_candidates,85,21,錯,21,錯,,21,錯,,21,錯,
seq_026,6815,camera_6,42,OK,21,21,對,21,對,3.901,21,對,2.708,21,對,3.901
seq_026,6820,camera_7,19,L2_not_in_candidates,82,,開新,,開新,,84,錯,0.18,84,錯,1.374
seq_026,6845,camera_3,68,L1_ghost,,21,錯,,開新,,21,錯,,21,錯,
seq_026,6895,camera_2,75,OK,21,21,對,21,對,4.307,21,對,3.113,21,對,4.307
seq_026,6900,camera_6,43,L1_ghost,,21,錯,,開新,,,開新,,,開新,
seq_026,6920,camera_7,20,L2_not_in_candidates,21,,開新,,開新,,,開新,1.424,21,對,2.618
seq_026,6940,camera_3,69,L1_ghost,,21,錯,,開新,,21,錯,,21,錯,
seq_026,6955,camera_3,70,L1_ghost,,21,錯,,開新,,,開新,,21,錯,
seq_026,6965,camera_3,71,L1_ghost,,21,錯,,開新,,21,錯,,21,錯,
seq_026,7000,camera_6,44,L2_not_in_candidates,86,21,錯,21,錯,,21,錯,,21,錯,
seq_026,7015,camera_3,72,L1_ghost,,21,錯,,開新,,,開新,,21,錯,
seq_026,7020,camera_1,53,L2_not_in_candidates,21,,開新,,開新,,,開新,-2.413,,開新,-1.219
seq_026,7050,camera_5,100,OK,21,21,對,21,對,3.901,21,對,2.708,21,對,3.901
seq_026,7060,camera_5,101,L1_ghost,,21,錯,,開新,,,開新,,,開新,
seq_026,7090,camera_5,102,L3_not_top1,83,21,錯,21,錯,,21,錯,-3.714,21,錯,-2.52
seq_026,7105,camera_5,103,L1_ghost,,21,錯,,開新,,21,錯,,21,錯,
seq_026,7110,camera_5,104,L2_not_in_candidates,88,21,錯,21,錯,,21,錯,,21,錯,
seq_026,7120,camera_5,105,L1_ghost,,21,錯,,開新,,,開新,,21,錯,
seq_026,7130,camera_5,106,L1_ghost,,21,錯,,開新,,,開新,,21,錯,
seq_026,7135,camera_3,73,OK,21,21,對,21,對,3.614,21,對,2.42,21,對,3.614
seq_026,7145,camera_1,54,L2_not_in_candidates,21,,開新,,開新,,,開新,-2.418,85,錯,-1.224
seq_026,7145,camera_7,21,L2_not_in_candidates,87,,開新,,開新,,,開新,0.735,87,對,1.929
seq_026,7150,camera_2,76,OK,21,21,對,21,對,2.921,21,對,1.727,21,對,2.921
seq_026,7160,camera_7,22,L2_not_in_candidates,90,,開新,,開新,,,開新,,,開新,
seq_026,7175,camera_2,77,L2_not_in_candidates,89,21,錯,21,錯,,21,錯,,21,錯,
seq_026,7195,camera_6,45,OK,21,21,對,21,對,2.921,21,對,1.727,21,對,2.921
seq_026,7205,camera_3,74,OK,21,21,對,21,對,3.208,21,對,2.014,21,對,3.208
seq_026,7285,camera_6,46,L1_ghost,,21,錯,,開新,,,開新,,,開新,
seq_026,7295,camera_5,107,L1_ghost,,21,錯,,開新,,21,錯,,21,錯,
seq_026,7305,camera_7,23,L2_not_in_candidates,21,,開新,,開新,,,開新,1.424,21,對,2.618
seq_026,7365,camera_4,32,OK,21,21,對,21,對,3.614,21,對,2.42,21,對,3.614
seq_026,7430,camera_2,78,OK,21,21,對,21,對,5.0,21,對,3.806,21,對,5.0
seq_026,7435,camera_6,47,L3_not_top1,91,21,錯,21,錯,,21,錯,-3.135,21,錯,-1.942
seq_026,7450,camera_6,48,L1_ghost,,21,錯,,開新,,,開新,,,開新,
seq_026,7470,camera_6,49,L1_ghost,,21,錯,,開新,,,開新,,,開新,
seq_026,7480,camera_5,108,L1_ghost,,21,錯,,開新,,,開新,,,開新,
seq_026,7485,camera_3,75,OK,21,21,對,21,對,5.0,21,對,3.806,21,對,5.0
seq_026,7490,camera_7,24,L1_ghost,,,開新,,開新,,,開新,,,開新,
seq_026,7500,camera_2,79,OK,21,21,對,21,對,5.0,21,對,3.806,21,對,5.0
seq_026,7505,camera_3,76,L1_ghost,,21,錯,,開新,,,開新,,,開新,
seq_026,7515,camera_1,55,L1_ghost,,,開新,,開新,,,開新,,,開新,
seq_026,7565,camera_3,77,OK,21,21,對,21,對,5.0,21,對,3.806,21,對,5.0
seq_026,7580,camera_2,80,OK,21,21,對,21,對,5.0,21,對,3.806,21,對,5.0
seq_026,7590,camera_1,56,L2_not_in_candidates,21,,開新,,開新,,,開新,-2.413,94,錯,-1.219
seq_026,7595,camera_6,50,L2_not_in_candidates,92,21,錯,21,錯,,21,錯,,21,錯,
seq_026,7605,camera_6,51,L1_ghost,,21,錯,,開新,,,開新,,,開新,
seq_026,7610,camera_5,109,OK,21,21,對,21,對,5.0,21,對,3.806,21,對,5.0
seq_026,7625,camera_2,81,L2_not_in_candidates,95,21,錯,21,錯,,21,錯,,21,錯,
seq_026,7675,camera_2,82,OK,21,21,對,21,對,3.901,21,對,2.92,21,對,4.114
seq_026,7700,camera_3,78,OK,21,21,對,21,對,3.901,21,對,2.708,21,對,3.901
seq_026,7710,camera_4,33,OK,21,21,對,21,對,3.901,21,對,2.708,21,對,3.901
seq_026,7710,camera_5,110,L1_ghost,,21,錯,,開新,,,開新,,,開新,
seq_026,7720,camera_4,34,OK,21,21,對,21,對,3.614,21,對,2.42,21,對,3.614
seq_026,7740,camera_2,83,OK,21,21,對,21,對,4.307,21,對,3.113,21,對,4.307
