loop_i,video_fid,t_sec,camera_id,kind,track_id
0,0,0.0,camera_1,new_track,1
0,0,0.0,camera_1,new_track,2
0,0,0.0,camera_1,new_track,3
0,0,0.0,camera_2,new_track,1
0,0,0.0,camera_2,new_track,2
0,0,0.0,camera_2,new_track,3
0,0,0.0,camera_2,new_track,4
0,0,0.0,camera_3,new_track,1
0,0,0.0,camera_3,new_track,2
0,0,0.0,camera_3,new_track,3
0,0,0.0,camera_3,new_track,4
0,0,0.0,camera_3,new_track,5
0,0,0.0,camera_3,new_track,6
0,0,0.0,camera_3,new_track,7
0,0,0.0,camera_3,new_track,8
0,0,0.0,camera_4,new_track,1
0,0,0.0,camera_4,new_track,2
0,0,0.0,camera_4,new_track,3
0,0,0.0,camera_4,new_track,4
2,10,0.333,camera_1,lost_track,3
2,10,0.333,camera_2,removed,-1
2,10,0.333,camera_4,lost_track,4
3,15,0.5,camera_1,reacquired,3
4,20,0.667,camera_1,lost_track,3
4,20,0.667,camera_2,lost_track,4
4,20,0.667,camera_3,lost_track,7
5,25,0.833,camera_4,new_track,5
6,30,1.0,camera_3,new_track,9
7,35,1.167,camera_3,reacquired,7
8,40,1.333,camera_3,removed,-1
8,40,1.333,camera_4,reacquired,4
8,40,1.333,camera_4,lost_track,5
9,45,1.5,camera_3,new_track,10
9,45,1.5,camera_3,lost_track,9
9,45,1.5,camera_4,lost_track,4
10,50,1.667,camera_3,reacquired,9
10,50,1.667,camera_3,lost_track,5
10,50,1.667,camera_3,lost_track,7
10,50,1.667,camera_4,reacquired,5
11,55,1.833,camera_3,reacquired,5
11,55,1.833,camera_3,reacquired,7
11,55,1.833,camera_3,lost_track,9
11,55,1.833,camera_4,lost_track,5
12,60,2.0,camera_1,removed,-1
13,65,2.167,camera_3,removed,-1
14,70,2.333,camera_3,lost_track,7
16,80,2.667,camera_1,lost_track,1
17,85,2.833,camera_1,reacquired,1
18,90,3.0,camera_1,removed,-1
18,90,3.0,camera_3,removed,-1
19,95,3.167,camera_1,lost_track,1
20,100,3.333,camera_1,reacquired,1
20,100,3.333,camera_3,reacquired,7
21,105,3.5,camera_3,lost_track,10
22,110,3.667,camera_3,reacquired,10
22,110,3.667,camera_3,lost_track,7
22,110,3.667,camera_3,removed,-1
23,115,3.833,camera_2,removed,-1
23,115,3.833,camera_3,lost_track,3
24,120,4.0,camera_3,reacquired,3
25,125,4.167,camera_3,reacquired,7
26,130,4.333,camera_3,new_track,11
26,130,4.333,camera_3,lost_track,3
27,135,4.5,camera_3,reacquired,3
27,135,4.5,camera_3,lost_track,11
27,135,4.5,camera_3,removed,-1
29,145,4.833,camera_2,removed,-1
29,145,4.833,camera_3,lost_track,7
30,150,5.0,camera_3,reacquired,7
32,160,5.333,camera_2,removed,-1
33,165,5.5,camera_2,new_track,5
33,165,5.5,camera_3,lost_track,7
34,170,5.667,camera_1,removed,3
34,170,5.667,camera_2,removed,4
37,185,6.167,camera_2,lost_track,5
38,190,6.333,camera_2,removed,-1
38,190,6.333,camera_3,reacquired,7
39,195,6.5,camera_3,lost_track,7
39,195,6.5,camera_4,removed,4
41,205,6.833,camera_3,removed,9
41,205,6.833,camera_4,removed,5
47,235,7.833,camera_3,lost_track,4
48,240,8.0,camera_3,reacquired,4
57,285,9.5,camera_3,removed,11
60,300,10.0,camera_3,lost_track,4
62,310,10.333,camera_2,removed,-1
62,310,10.333,camera_3,reacquired,4
62,310,10.333,camera_3,removed,-1
65,325,10.833,camera_3,lost_track,1
66,330,11.0,camera_3,reacquired,1
66,330,11.0,camera_3,removed,-1
67,335,11.167,camera_2,removed,5
69,345,11.5,camera_3,removed,-1
69,345,11.5,camera_3,removed,7
71,355,11.833,camera_1,removed,-1
71,355,11.833,camera_3,lost_track,2
72,360,12.0,camera_3,removed,-1
73,365,12.167,camera_1,new_track,4
78,390,13.0,camera_1,lost_track,4
78,390,13.0,camera_5,removed,-1
79,395,13.167,camera_5,new_track,1
80,400,13.333,camera_3,removed,-1
80,400,13.333,camera_5,new_track,2
81,405,13.5,camera_2,lost_track,1
81,405,13.5,camera_5,lost_track,2
86,430,14.333,camera_3,removed,-1
88,440,14.667,camera_3,lost_track,10
89,445,14.833,camera_3,reacquired,10
89,445,14.833,camera_4,new_track,6
90,450,15.0,camera_2,new_track,6
90,450,15.0,camera_4,lost_track,6
91,455,15.167,camera_2,removed,-1
91,455,15.167,camera_4,reacquired,6
91,455,15.167,camera_5,lost_track,1
92,460,15.333,camera_2,lost_track,3
92,460,15.333,camera_4,lost_track,6
93,465,15.5,camera_2,removed,-1
94,470,15.667,camera_2,lost_track,6
94,470,15.667,camera_3,lost_track,10
94,470,15.667,camera_3,removed,-1
94,470,15.667,camera_4,reacquired,6
94,470,15.667,camera_4,removed,-1
95,475,15.833,camera_4,lost_track,6
96,480,16.0,camera_3,new_track,12
96,480,16.0,camera_3,new_track,13
97,485,16.167,camera_2,removed,-1
97,485,16.167,camera_3,reacquired,10
97,485,16.167,camera_4,reacquired,6
98,490,16.333,camera_2,new_track,7
98,490,16.333,camera_3,lost_track,13
98,490,16.333,camera_4,lost_track,6
98,490,16.333,camera_6,removed,-1
99,495,16.5,camera_3,reacquired,13
99,495,16.5,camera_6,new_track,1
100,500,16.667,camera_3,lost_track,10
100,500,16.667,camera_3,lost_track,13
101,505,16.833,camera_3,reacquired,10
101,505,16.833,camera_3,removed,2
103,515,17.167,camera_2,new_track,8
103,515,17.167,camera_3,reacquired,13
104,520,17.333,camera_3,lost_track,10
104,520,17.333,camera_3,lost_track,13
105,525,17.5,camera_2,lost_track,7
105,525,17.5,camera_3,lost_track,12
106,530,17.667,camera_3,reacquired,10
107,535,17.833,camera_3,removed,-1
108,540,18.0,camera_1,removed,4
111,555,18.5,camera_2,lost_track,8
111,555,18.5,camera_2,removed,1
111,555,18.5,camera_5,removed,2
111,555,18.5,camera_6,lost_track,1
112,560,18.667,camera_3,lost_track,10
112,560,18.667,camera_3,lost_track,3
112,560,18.667,camera_6,new_track,2
113,565,18.833,camera_3,reacquired,3
113,565,18.833,camera_3,removed,-1
114,570,19.0,camera_2,reacquired,8
114,570,19.0,camera_3,reacquired,10
116,580,19.333,camera_6,removed,-1
117,585,19.5,camera_6,new_track,3
119,595,19.833,camera_3,removed,-1
119,595,19.833,camera_6,lost_track,3
119,595,19.833,camera_7,new_track,1
120,600,20.0,camera_6,lost_track,2
121,605,20.167,camera_5,removed,1
121,605,20.167,camera_6,removed,-1
122,610,20.333,camera_2,removed,3
123,615,20.5,camera_3,removed,-1
124,620,20.667,camera_2,removed,6
126,630,21.0,camera_3,removed,-1
128,640,21.333,camera_4,removed,6
134,670,22.333,camera_3,removed,13
135,675,22.5,camera_2,removed,7
135,675,22.5,camera_3,removed,12
137,685,22.833,camera_3,new_track,14
138,690,23.0,camera_3,lost_track,10
139,695,23.167,camera_4,removed,-1
140,700,23.333,camera_1,removed,-1
140,700,23.333,camera_3,reacquired,10
141,705,23.5,camera_3,lost_track,10
141,705,23.5,camera_3,removed,-1
141,705,23.5,camera_6,removed,1
142,710,23.667,camera_3,lost_track,14
143,715,23.833,camera_3,reacquired,14
144,720,24.0,camera_3,reacquired,10
145,725,24.167,camera_3,lost_track,14
146,730,24.333,camera_3,new_track,15
146,730,24.333,camera_3,removed,-1
148,740,24.667,camera_4,removed,-1
149,745,24.833,camera_3,lost_track,15
149,745,24.833,camera_6,removed,3
150,750,25.0,camera_6,removed,2
152,760,25.333,camera_3,removed,-1
153,765,25.5,camera_3,reacquired,15
154,770,25.667,camera_3,lost_track,15
155,775,25.833,camera_3,reacquired,14
155,775,25.833,camera_3,removed,-1
157,785,26.167,camera_3,new_track,16
157,785,26.167,camera_3,reacquired,15
157,785,26.167,camera_3,lost_track,14
159,795,26.5,camera_3,reacquired,14
159,795,26.5,camera_3,lost_track,15
159,795,26.5,camera_4,lost_track,2
160,800,26.667,camera_3,lost_track,14
160,800,26.667,camera_4,new_track,7
161,805,26.833,camera_3,removed,-1
161,805,26.833,camera_4,lost_track,7
161,805,26.833,camera_4,removed,-1
162,810,27.0,camera_2,removed,-1
163,815,27.167,camera_3,removed,-1
163,815,27.167,camera_4,lost_track,1
164,820,27.333,camera_4,reacquired,1
165,825,27.5,camera_2,new_track,9
165,825,27.5,camera_2,removed,-1
167,835,27.833,camera_3,new_track,17
167,835,27.833,camera_3,lost_track,6
167,835,27.833,camera_3,removed,-1
171,855,28.5,camera_3,lost_track,10
175,875,29.167,camera_3,removed,-1
177,885,29.5,camera_3,reacquired,10
178,890,29.667,camera_3,lost_track,10
178,890,29.667,camera_3,lost_track,4
179,895,29.833,camera_3,reacquired,4
179,895,29.833,camera_3,removed,-1
182,910,30.333,camera_3,new_track,18
183,915,30.5,camera_3,lost_track,18
184,920,30.667,camera_3,new_track,19
188,940,31.333,camera_2,removed,-1
188,940,31.333,camera_3,reacquired,18
189,945,31.5,camera_3,lost_track,19
189,945,31.5,camera_3,removed,15
189,945,31.5,camera_4,removed,2
190,950,31.667,camera_3,reacquired,19
190,950,31.667,camera_3,lost_track,5
190,950,31.667,camera_3,removed,14
191,955,31.833,camera_3,lost_track,19
191,955,31.833,camera_4,removed,7
192,960,32.0,camera_3,removed,-1
193,965,32.167,camera_4,removed,-1
194,970,32.333,camera_3,reacquired,19
195,975,32.5,camera_3,reacquired,5
196,980,32.667,camera_3,lost_track,19
197,985,32.833,camera_3,reacquired,19
197,985,32.833,camera_3,removed,6
198,990,33.0,camera_3,lost_track,19
199,995,33.167,camera_3,new_track,20
200,1000,33.333,camera_1,new_track,5
204,1020,34.0,camera_3,lost_track,5
206,1030,34.333,camera_3,reacquired,5
207,1035,34.5,camera_1,lost_track,5
207,1035,34.5,camera_3,reacquired,19
208,1040,34.667,camera_3,lost_track,19
208,1040,34.667,camera_3,lost_track,20
208,1040,34.667,camera_3,removed,10
208,1040,34.667,camera_3,removed,-1
209,1045,34.833,camera_3,reacquired,20
210,1050,35.0,camera_3,new_track,21
210,1050,35.0,camera_3,lost_track,20
211,1055,35.167,camera_3,reacquired,20
215,1075,35.833,camera_3,lost_track,20
215,1075,35.833,camera_3,lost_track,21
216,1080,36.0,camera_3,reacquired,20
216,1080,36.0,camera_3,reacquired,21
216,1080,36.0,camera_3,lost_track,5
217,1085,36.167,camera_3,reacquired,5
217,1085,36.167,camera_3,lost_track,21
217,1085,36.167,camera_3,removed,-1
219,1095,36.5,camera_3,reacquired,21
219,1095,36.5,camera_3,lost_track,20
222,1110,37.0,camera_3,reacquired,20
223,1115,37.167,camera_3,lost_track,5
224,1120,37.333,camera_3,reacquired,5
226,1130,37.667,camera_3,lost_track,5
226,1130,37.667,camera_4,lost_track,1
227,1135,37.833,camera_3,reacquired,5
227,1135,37.833,camera_4,reacquired,1
228,1140,38.0,camera_3,lost_track,21
229,1145,38.167,camera_3,reacquired,21
229,1145,38.167,camera_3,lost_track,5
232,1160,38.667,camera_3,new_track,22
232,1160,38.667,camera_3,reacquired,19
232,1160,38.667,camera_3,lost_track,20
233,1165,38.833,camera_3,reacquired,20
233,1165,38.833,camera_3,lost_track,21
233,1165,38.833,camera_3,lost_track,22
234,1170,39.0,camera_3,reacquired,22
234,1170,39.0,camera_3,lost_track,19
234,1170,39.0,camera_3,lost_track,20
235,1175,39.167,camera_3,reacquired,5
235,1175,39.167,camera_3,reacquired,20
236,1180,39.333,camera_3,lost_track,22
237,1185,39.5,camera_1,removed,5
237,1185,39.5,camera_3,removed,-1
240,1200,40.0,camera_3,lost_track,20
240,1200,40.0,camera_3,lost_track,5
243,1215,40.5,camera_3,reacquired,21
244,1220,40.667,camera_3,lost_track,21
244,1220,40.667,camera_3,removed,-1
245,1225,40.833,camera_3,reacquired,20
246,1230,41.0,camera_3,removed,-1
253,1265,42.167,camera_3,lost_track,20
254,1270,42.333,camera_3,reacquired,20
255,1275,42.5,camera_3,lost_track,20
257,1285,42.833,camera_3,reacquired,19
258,1290,43.0,camera_3,lost_track,19
260,1300,43.333,camera_3,reacquired,20
262,1310,43.667,camera_3,reacquired,21
263,1315,43.833,camera_3,lost_track,21
264,1320,44.0,camera_3,lost_track,20
265,1325,44.167,camera_3,reacquired,21
266,1330,44.333,camera_3,lost_track,21
266,1330,44.333,camera_3,removed,22
267,1335,44.5,camera_3,reacquired,20
269,1345,44.833,camera_3,lost_track,20
270,1350,45.0,camera_3,reacquired,19
270,1350,45.0,camera_3,removed,5
271,1355,45.167,camera_3,lost_track,19
272,1360,45.333,camera_3,reacquired,20
274,1370,45.667,camera_3,reacquired,21
277,1385,46.167,camera_3,lost_track,21
278,1390,46.333,camera_3,lost_track,20
279,1395,46.5,camera_3,reacquired,20
279,1395,46.5,camera_3,reacquired,21
280,1400,46.667,camera_3,lost_track,20
281,1405,46.833,camera_3,lost_track,21
282,1410,47.0,camera_3,reacquired,19
285,1425,47.5,camera_3,lost_track,19
288,1440,48.0,camera_3,reacquired,21
290,1450,48.333,camera_3,reacquired,20
290,1450,48.333,camera_3,lost_track,21
291,1455,48.5,camera_3,reacquired,21
294,1470,49.0,camera_3,new_track,23
294,1470,49.0,camera_3,lost_track,20
297,1485,49.5,camera_3,reacquired,19
298,1490,49.667,camera_3,lost_track,4
299,1495,49.833,camera_3,lost_track,19
299,1495,49.833,camera_3,removed,-1
300,1500,50.0,camera_3,reacquired,4
301,1505,50.167,camera_3,reacquired,19
301,1505,50.167,camera_3,lost_track,21
301,1505,50.167,camera_3,lost_track,23
302,1510,50.333,camera_3,reacquired,23
302,1510,50.333,camera_3,lost_track,19
303,1515,50.5,camera_3,reacquired,19
303,1515,50.5,camera_3,reacquired,20
303,1515,50.5,camera_3,lost_track,4
303,1515,50.5,camera_3,lost_track,23
304,1520,50.667,camera_3,reacquired,4
304,1520,50.667,camera_3,lost_track,19
305,1525,50.833,camera_3,reacquired,23
305,1525,50.833,camera_3,lost_track,4
306,1530,51.0,camera_3,reacquired,21
307,1535,51.167,camera_3,reacquired,4
307,1535,51.167,camera_3,reacquired,19
307,1535,51.167,camera_3,lost_track,21
307,1535,51.167,camera_3,lost_track,23
308,1540,51.333,camera_3,lost_track,19
309,1545,51.5,camera_3,reacquired,21
310,1550,51.667,camera_3,reacquired,23
311,1555,51.833,camera_3,lost_track,20
311,1555,51.833,camera_3,lost_track,21
311,1555,51.833,camera_3,lost_track,23
312,1560,52.0,camera_3,new_track,24
312,1560,52.0,camera_3,reacquired,20
312,1560,52.0,camera_3,reacquired,23
312,1560,52.0,camera_3,lost_track,4
312,1560,52.0,camera_4,lost_track,1
313,1565,52.167,camera_3,reacquired,21
313,1565,52.167,camera_3,lost_track,24
313,1565,52.167,camera_3,lost_track,20
313,1565,52.167,camera_4,reacquired,1
314,1570,52.333,camera_3,reacquired,24
315,1575,52.5,camera_3,lost_track,24
315,1575,52.5,camera_3,lost_track,21
315,1575,52.5,camera_4,lost_track,1
316,1580,52.667,camera_3,reacquired,20
316,1580,52.667,camera_4,reacquired,1
317,1585,52.833,camera_3,reacquired,21
324,1620,54.0,camera_3,lost_track,20
328,1640,54.667,camera_3,reacquired,20
338,1690,56.333,camera_3,lost_track,21
338,1690,56.333,camera_3,removed,19
340,1700,56.667,camera_1,removed,-1
340,1700,56.667,camera_3,reacquired,21
341,1705,56.833,camera_3,lost_track,21
342,1710,57.0,camera_3,removed,4
343,1715,57.167,camera_3,reacquired,21
344,1720,57.333,camera_1,removed,-1
345,1725,57.5,camera_3,removed,24
351,1755,58.5,camera_3,lost_track,21
352,1760,58.667,camera_3,reacquired,21
354,1770,59.0,camera_3,lost_track,21
355,1775,59.167,camera_3,reacquired,21
356,1780,59.333,camera_3,lost_track,21
359,1795,59.833,camera_3,reacquired,21
360,1800,60.0,camera_3,lost_track,21
363,1815,60.5,camera_3,lost_track,20
364,1820,60.667,camera_3,reacquired,20
365,1825,60.833,camera_3,lost_track,20
366,1830,61.0,camera_3,reacquired,20
371,1855,61.833,camera_1,new_track,6
371,1855,61.833,camera_3,removed,-1
372,1860,62.0,camera_3,lost_track,20
373,1865,62.167,camera_1,lost_track,6
376,1880,62.667,camera_3,reacquired,20
377,1885,62.833,camera_1,reacquired,6
380,1900,63.333,camera_3,new_track,25
381,1905,63.5,camera_3,reacquired,21
382,1910,63.667,camera_3,lost_track,25
384,1920,64.0,camera_1,lost_track,6
386,1930,64.333,camera_1,reacquired,6
387,1935,64.5,camera_3,reacquired,25
387,1935,64.5,camera_3,lost_track,21
388,1940,64.667,camera_3,lost_track,25
389,1945,64.833,camera_3,reacquired,21
390,1950,65.0,camera_3,lost_track,20
393,1965,65.5,camera_3,lost_track,21
394,1970,65.667,camera_3,reacquired,21
396,1980,66.0,camera_1,lost_track,6
397,1985,66.167,camera_2,lost_track,8
399,1995,66.5,camera_1,reacquired,6
399,1995,66.5,camera_2,removed,-1
399,1995,66.5,camera_3,new_track,26
399,1995,66.5,camera_3,removed,-1
400,2000,66.667,camera_3,lost_track,26
401,2005,66.833,camera_3,reacquired,26
401,2005,66.833,camera_3,removed,-1
402,2010,67.0,camera_1,lost_track,6
404,2020,67.333,camera_3,lost_track,26
405,2025,67.5,camera_3,new_track,27
405,2025,67.5,camera_3,removed,-1
407,2035,67.833,camera_3,lost_track,27
409,2045,68.167,camera_3,new_track,28
411,2055,68.5,camera_3,removed,-1
414,2070,69.0,camera_3,lost_track,21
415,2075,69.167,camera_3,new_track,29
416,2080,69.333,camera_3,reacquired,21
416,2080,69.333,camera_3,lost_track,29
417,2085,69.5,camera_3,lost_track,21
418,2090,69.667,camera_3,new_track,30
418,2090,69.667,camera_3,removed,25
419,2095,69.833,camera_3,lost_track,30
419,2095,69.833,camera_3,removed,-1
420,2100,70.0,camera_2,new_track,10
420,2100,70.0,camera_3,reacquired,21
420,2100,70.0,camera_3,removed,20
425,2125,70.833,camera_3,reacquired,30
427,2135,71.167,camera_2,removed,8
427,2135,71.167,camera_3,lost_track,3
428,2140,71.333,camera_3,lost_track,30
429,2145,71.5,camera_3,removed,-1
430,2150,71.667,camera_3,new_track,31
431,2155,71.833,camera_3,lost_track,31
432,2160,72.0,camera_1,removed,6
432,2160,72.0,camera_3,new_track,32
432,2160,72.0,camera_3,lost_track,21
434,2170,72.333,camera_1,lost_track,2
434,2170,72.333,camera_3,removed,26
435,2175,72.5,camera_1,reacquired,2
435,2175,72.5,camera_3,new_track,33
435,2175,72.5,camera_3,lost_track,32
436,2180,72.667,camera_1,lost_track,2
436,2180,72.667,camera_3,lost_track,33
436,2180,72.667,camera_3,removed,-1
437,2185,72.833,camera_3,reacquired,21
437,2185,72.833,camera_3,lost_track,28
437,2185,72.833,camera_3,removed,27
439,2195,73.167,camera_3,removed,-1
440,2200,73.333,camera_3,lost_track,23
441,2205,73.5,camera_3,new_track,34
441,2205,73.5,camera_3,reacquired,23
441,2205,73.5,camera_3,lost_track,1
442,2210,73.667,camera_1,new_track,8
442,2210,73.667,camera_1,new_track,7
443,2215,73.833,camera_3,lost_track,34
443,2215,73.833,camera_3,removed,-1
444,2220,74.0,camera_1,lost_track,8
444,2220,74.0,camera_3,lost_track,21
444,2220,74.0,camera_5,new_track,3
445,2225,74.167,camera_1,reacquired,8
445,2225,74.167,camera_3,reacquired,21
445,2225,74.167,camera_3,reacquired,28
445,2225,74.167,camera_3,reacquired,29
446,2230,74.333,camera_1,lost_track,7
446,2230,74.333,camera_3,lost_track,29
446,2230,74.333,camera_3,lost_track,21
446,2230,74.333,camera_5,removed,-1
448,2240,74.667,camera_3,reacquired,21
449,2245,74.833,camera_1,new_track,9
449,2245,74.833,camera_3,new_track,35
449,2245,74.833,camera_3,lost_track,21
449,2245,74.833,camera_3,removed,-1
450,2250,75.0,camera_1,lost_track,9
451,2255,75.167,camera_2,removed,-1
451,2255,75.167,camera_3,removed,-1
452,2260,75.333,camera_2,lost_track,10
453,2265,75.5,camera_3,new_track,36
453,2265,75.5,camera_3,new_track,37
453,2265,75.5,camera_3,reacquired,33
453,2265,75.5,camera_3,lost_track,28
454,2270,75.667,camera_1,removed,-1
454,2270,75.667,camera_3,reacquired,21
454,2270,75.667,camera_3,reacquired,28
454,2270,75.667,camera_3,lost_track,17
455,2275,75.833,camera_1,lost_track,8
455,2275,75.833,camera_3,reacquired,17
455,2275,75.833,camera_3,lost_track,21
455,2275,75.833,camera_3,lost_track,37
455,2275,75.833,camera_3,removed,-1
456,2280,76.0,camera_3,reacquired,37
456,2280,76.0,camera_3,lost_track,17
457,2285,76.167,camera_3,new_track,38
457,2285,76.167,camera_3,removed,3
457,2285,76.167,camera_3,removed,-1
458,2290,76.333,camera_3,lost_track,36
458,2290,76.333,camera_3,lost_track,37
458,2290,76.333,camera_3,removed,30
459,2295,76.5,camera_2,lost_track,9
460,2300,76.667,camera_1,new_track,10
460,2300,76.667,camera_2,removed,-1
460,2300,76.667,camera_3,reacquired,17
460,2300,76.667,camera_3,reacquired,36
460,2300,76.667,camera_3,lost_track,33
461,2305,76.833,camera_3,new_track,39
461,2305,76.833,camera_3,reacquired,37
461,2305,76.833,camera_3,removed,31
461,2305,76.833,camera_4,new_track,8
462,2310,77.0,camera_3,reacquired,29
462,2310,77.0,camera_3,lost_track,39
462,2310,77.0,camera_3,removed,-1
462,2310,77.0,camera_5,lost_track,3
463,2315,77.167,camera_1,new_track,11
463,2315,77.167,camera_3,lost_track,29
463,2315,77.167,camera_3,lost_track,37
463,2315,77.167,camera_5,removed,-1
464,2320,77.333,camera_1,lost_track,11
464,2320,77.333,camera_3,reacquired,37
464,2320,77.333,camera_3,reacquired,39
465,2325,77.5,camera_3,lost_track,38
465,2325,77.5,camera_3,lost_track,39
465,2325,77.5,camera_3,removed,32
465,2325,77.5,camera_3,removed,-1
466,2330,77.667,camera_1,removed,2
466,2330,77.667,camera_3,reacquired,38
467,2335,77.833,camera_3,lost_track,16
467,2335,77.833,camera_3,lost_track,36
467,2335,77.833,camera_3,lost_track,28
467,2335,77.833,camera_3,lost_track,38
467,2335,77.833,camera_3,removed,-1
468,2340,78.0,camera_1,lost_track,10
468,2340,78.0,camera_3,new_track,40
468,2340,78.0,camera_3,reacquired,36
469,2345,78.167,camera_3,reacquired,38
469,2345,78.167,camera_3,lost_track,40
469,2345,78.167,camera_3,removed,-1
470,2350,78.333,camera_3,reacquired,40
471,2355,78.5,camera_3,removed,1
471,2355,78.5,camera_6,removed,-1
472,2360,78.667,camera_2,new_track,11
472,2360,78.667,camera_3,lost_track,38
473,2365,78.833,camera_3,reacquired,29
473,2365,78.833,camera_3,reacquired,38
473,2365,78.833,camera_3,lost_track,40
473,2365,78.833,camera_3,removed,34
473,2365,78.833,camera_6,new_track,4
474,2370,79.0,camera_3,new_track,41
474,2370,79.0,camera_3,reacquired,39
474,2370,79.0,camera_3,lost_track,29
475,2375,79.167,camera_3,lost_track,39
475,2375,79.167,camera_3,removed,-1
476,2380,79.333,camera_1,removed,7
477,2385,79.5,camera_4,removed,-1
478,2390,79.667,camera_1,reacquired,10
478,2390,79.667,camera_3,lost_track,41
479,2395,79.833,camera_3,reacquired,41
479,2395,79.833,camera_4,removed,-1
480,2400,80.0,camera_1,removed,9
480,2400,80.0,camera_3,lost_track,41
480,2400,80.0,camera_3,lost_track,36
480,2400,80.0,camera_3,removed,-1
481,2405,80.167,camera_1,lost_track,10
482,2410,80.333,camera_2,removed,10
482,2410,80.333,camera_3,lost_track,37
483,2415,80.5,camera_2,lost_track,11
483,2415,80.5,camera_3,new_track,42
483,2415,80.5,camera_3,removed,-1
484,2420,80.667,camera_2,new_track,12
484,2420,80.667,camera_2,reacquired,11
485,2425,80.833,camera_1,removed,8
485,2425,80.833,camera_3,new_track,43
485,2425,80.833,camera_3,removed,21
486,2430,81.0,camera_1,new_track,12
486,2430,81.0,camera_3,removed,-1
487,2435,81.167,camera_3,reacquired,37
487,2435,81.167,camera_3,lost_track,42
487,2435,81.167,camera_6,new_track,5
488,2440,81.333,camera_3,new_track,44
489,2445,81.5,camera_2,lost_track,11
489,2445,81.5,camera_2,removed,9
489,2445,81.5,camera_3,lost_track,38
489,2445,81.5,camera_3,removed,-1
489,2445,81.5,camera_5,new_track,4
489,2445,81.5,camera_6,lost_track,5
490,2450,81.667,camera_3,lost_track,44
490,2450,81.667,camera_3,removed,33
490,2450,81.667,camera_7,new_track,2
491,2455,81.833,camera_2,reacquired,11
491,2455,81.833,camera_3,reacquired,38
491,2455,81.833,camera_3,reacquired,44
491,2455,81.833,camera_6,lost_track,4
492,2460,82.0,camera_1,new_track,13
492,2460,82.0,camera_2,lost_track,11
492,2460,82.0,camera_3,lost_track,18
492,2460,82.0,camera_3,lost_track,44
492,2460,82.0,camera_3,lost_track,38
492,2460,82.0,camera_5,new_track,5
492,2460,82.0,camera_5,removed,3
492,2460,82.0,camera_6,removed,-1
493,2465,82.167,camera_1,reacquired,10
493,2465,82.167,camera_1,lost_track,1
493,2465,82.167,camera_1,lost_track,13
493,2465,82.167,camera_2,removed,-1
493,2465,82.167,camera_3,removed,-1
494,2470,82.333,camera_1,lost_track,10
494,2470,82.333,camera_1,removed,11
494,2470,82.333,camera_3,reacquired,18
494,2470,82.333,camera_3,lost_track,35
495,2475,82.5,camera_1,lost_track,12
495,2475,82.5,camera_2,new_track,13
495,2475,82.5,camera_3,new_track,45
495,2475,82.5,camera_3,new_track,46
495,2475,82.5,camera_3,reacquired,35
495,2475,82.5,camera_3,lost_track,37
495,2475,82.5,camera_4,lost_track,8
496,2480,82.667,camera_1,new_track,14
496,2480,82.667,camera_3,lost_track,35
496,2480,82.667,camera_3,lost_track,23
496,2480,82.667,camera_5,lost_track,5
497,2485,82.833,camera_1,reacquired,10
497,2485,82.833,camera_2,new_track,14
497,2485,82.833,camera_2,removed,-1
497,2485,82.833,camera_3,new_track,48
497,2485,82.833,camera_3,new_track,49
497,2485,82.833,camera_3,new_track,47
497,2485,82.833,camera_3,reacquired,35
497,2485,82.833,camera_3,lost_track,45
497,2485,82.833,camera_3,removed,16
497,2485,82.833,camera_3,removed,28
497,2485,82.833,camera_3,removed,-1
498,2490,83.0,camera_1,lost_track,10
498,2490,83.0,camera_2,lost_track,14
498,2490,83.0,camera_3,reacquired,37
498,2490,83.0,camera_3,lost_track,49
498,2490,83.0,camera_3,lost_track,35
499,2495,83.167,camera_2,new_track,15
499,2495,83.167,camera_2,lost_track,13
499,2495,83.167,camera_3,lost_track,43
499,2495,83.167,camera_5,new_track,6
500,2500,83.333,camera_2,removed,-1
500,2500,83.333,camera_3,removed,-1
502,2510,83.667,camera_2,lost_track,15
502,2510,83.667,camera_3,removed,-1
502,2510,83.667,camera_4,lost_track,3
503,2515,83.833,camera_2,new_track,16
503,2515,83.833,camera_3,reacquired,43
503,2515,83.833,camera_3,removed,40
503,2515,83.833,camera_4,removed,-1
503,2515,83.833,camera_5,new_track,7
503,2515,83.833,camera_5,removed,-1
504,2520,84.0,camera_2,lost_track,16
504,2520,84.0,camera_3,lost_track,43
504,2520,84.0,camera_3,removed,29
505,2525,84.167,camera_1,reacquired,10
505,2525,84.167,camera_3,lost_track,46
505,2525,84.167,camera_3,removed,39
505,2525,84.167,camera_5,lost_track,7
506,2530,84.333,camera_2,reacquired,14
507,2535,84.5,camera_2,removed,-1
507,2535,84.5,camera_3,reacquired,43
507,2535,84.5,camera_3,removed,-1
507,2535,84.5,camera_5,new_track,8
508,2540,84.667,camera_1,reacquired,13
508,2540,84.667,camera_1,lost_track,10
508,2540,84.667,camera_2,new_track,17
508,2540,84.667,camera_3,lost_track,43
508,2540,84.667,camera_3,lost_track,47
509,2545,84.833,camera_1,new_track,15
509,2545,84.833,camera_1,lost_track,13
509,2545,84.833,camera_2,reacquired,16
509,2545,84.833,camera_2,lost_track,17
510,2550,85.0,camera_3,reacquired,43
510,2550,85.0,camera_3,removed,41
510,2550,85.0,camera_3,removed,36
511,2555,85.167,camera_3,lost_track,43
511,2555,85.167,camera_3,removed,-1
512,2560,85.333,camera_2,lost_track,16
512,2560,85.333,camera_3,lost_track,8
513,2565,85.5,camera_3,removed,-1
513,2565,85.5,camera_5,new_track,9
515,2575,85.833,camera_1,removed,-1
515,2575,85.833,camera_3,reacquired,43
516,2580,86.0,camera_3,lost_track,48
516,2580,86.0,camera_5,lost_track,9
516,2580,86.0,camera_5,lost_track,4
517,2585,86.167,camera_3,removed,42
517,2585,86.167,camera_5,removed,-1
518,2590,86.333,camera_2,removed,-1
518,2590,86.333,camera_3,lost_track,18
519,2595,86.5,camera_1,lost_track,14
519,2595,86.5,camera_6,removed,5
520,2600,86.667,camera_1,removed,-1
520,2600,86.667,camera_2,new_track,18
520,2600,86.667,camera_3,reacquired,18
520,2600,86.667,camera_3,lost_track,43
521,2605,86.833,camera_1,reacquired,13
521,2605,86.833,camera_2,lost_track,2
521,2605,86.833,camera_3,removed,-1
521,2605,86.833,camera_6,removed,4
522,2610,87.0,camera_1,lost_track,15
522,2610,87.0,camera_2,removed,11
522,2610,87.0,camera_2,removed,-1
522,2610,87.0,camera_3,removed,44
522,2610,87.0,camera_3,removed,38
523,2615,87.167,camera_1,reacquired,15
523,2615,87.167,camera_1,lost_track,13
523,2615,87.167,camera_1,removed,1
523,2615,87.167,camera_1,removed,-1
523,2615,87.167,camera_5,new_track,10
524,2620,87.333,camera_2,reacquired,2
524,2620,87.333,camera_2,lost_track,12
525,2625,87.5,camera_1,new_track,16
525,2625,87.5,camera_1,removed,12
525,2625,87.5,camera_3,removed,-1
525,2625,87.5,camera_4,removed,8
526,2630,87.667,camera_3,reacquired,46
526,2630,87.667,camera_3,removed,23
526,2630,87.667,camera_5,removed,5
526,2630,87.667,camera_5,removed,-1
527,2635,87.833,camera_3,lost_track,46
527,2635,87.833,camera_3,removed,45
527,2635,87.833,camera_4,new_track,9
527,2635,87.833,camera_6,new_track,6
528,2640,88.0,camera_1,lost_track,15
528,2640,88.0,camera_3,new_track,50
528,2640,88.0,camera_3,removed,49
528,2640,88.0,camera_3,removed,35
528,2640,88.0,camera_3,removed,-1
529,2645,88.167,camera_2,removed,13
529,2645,88.167,camera_5,lost_track,8
529,2645,88.167,camera_5,removed,-1
530,2650,88.333,camera_3,new_track,51
530,2650,88.333,camera_5,new_track,11
530,2650,88.333,camera_5,lost_track,6
531,2655,88.5,camera_3,lost_track,17
531,2655,88.5,camera_3,lost_track,50
531,2655,88.5,camera_5,removed,-1
532,2660,88.667,camera_2,lost_track,14
532,2660,88.667,camera_2,removed,15
532,2660,88.667,camera_3,reacquired,17
532,2660,88.667,camera_4,removed,3
532,2660,88.667,camera_5,reacquired,8
533,2665,88.833,camera_2,lost_track,2
533,2665,88.833,camera_5,lost_track,11
534,2670,89.0,camera_2,lost_track,18
534,2670,89.0,camera_2,removed,-1
534,2670,89.0,camera_4,removed,-1
534,2670,89.0,camera_6,new_track,7
535,2675,89.167,camera_4,new_track,10
535,2675,89.167,camera_4,lost_track,9
535,2675,89.167,camera_5,removed,-1
535,2675,89.167,camera_5,removed,7
536,2680,89.333,camera_7,lost_track,2
537,2685,89.5,camera_2,reacquired,18
537,2685,89.5,camera_6,new_track,8
538,2690,89.667,camera_1,removed,10
538,2690,89.667,camera_3,reacquired,43
538,2690,89.667,camera_3,lost_track,51
538,2690,89.667,camera_3,removed,-1
538,2690,89.667,camera_3,removed,47
538,2690,89.667,camera_4,removed,-1
538,2690,89.667,camera_5,new_track,12
539,2695,89.833,camera_2,removed,17
539,2695,89.833,camera_3,reacquired,51
539,2695,89.833,camera_3,lost_track,37
539,2695,89.833,camera_4,new_track,11
539,2695,89.833,camera_6,lost_track,8
539,2695,89.833,camera_6,lost_track,7
540,2700,90.0,camera_3,removed,-1
540,2700,90.0,camera_5,lost_track,12
540,2700,90.0,camera_6,reacquired,7
540,2700,90.0,camera_6,lost_track,6
540,2700,90.0,camera_6,removed,-1
541,2705,90.167,camera_5,reacquired,12
541,2705,90.167,camera_5,removed,-1
541,2705,90.167,camera_6,new_track,9
541,2705,90.167,camera_6,new_track,10
542,2710,90.333,camera_2,removed,16
542,2710,90.333,camera_3,lost_track,51
542,2710,90.333,camera_3,removed,8
542,2710,90.333,camera_6,reacquired,8
543,2715,90.5,camera_3,reacquired,51
543,2715,90.5,camera_5,lost_track,8
544,2720,90.667,camera_4,lost_track,11
544,2720,90.667,camera_5,removed,-1
546,2730,91.0,camera_3,new_track,52
546,2730,91.0,camera_3,removed,48
546,2730,91.0,camera_5,removed,9
546,2730,91.0,camera_5,removed,4
547,2735,91.167,camera_6,lost_track,8
548,2740,91.333,camera_2,new_track,19
548,2740,91.333,camera_3,reacquired,46
548,2740,91.333,camera_3,lost_track,52
548,2740,91.333,camera_3,removed,-1
548,2740,91.333,camera_5,removed,-1
548,2740,91.333,camera_7,new_track,3
549,2745,91.5,camera_1,removed,14
549,2745,91.5,camera_2,lost_track,18
549,2745,91.5,camera_3,lost_track,51
549,2745,91.5,camera_3,lost_track,46
549,2745,91.5,camera_5,new_track,13
549,2745,91.5,camera_6,lost_track,7
550,2750,91.667,camera_2,reacquired,18
550,2750,91.667,camera_3,reacquired,51
550,2750,91.667,camera_3,reacquired,52
550,2750,91.667,camera_6,lost_track,9
551,2755,91.833,camera_3,reacquired,46
551,2755,91.833,camera_3,lost_track,52
551,2755,91.833,camera_6,new_track,11
552,2760,92.0,camera_5,new_track,14
552,2760,92.0,camera_5,new_track,15
553,2765,92.167,camera_1,removed,13
553,2765,92.167,camera_3,lost_track,46
553,2765,92.167,camera_5,lost_track,13
553,2765,92.167,camera_5,removed,-1
554,2770,92.333,camera_1,lost_track,16
554,2770,92.333,camera_2,new_track,20
554,2770,92.333,camera_2,removed,12
554,2770,92.333,camera_5,reacquired,8
554,2770,92.333,camera_5,lost_track,14
554,2770,92.333,camera_5,lost_track,15
555,2775,92.5,camera_1,reacquired,16
555,2775,92.5,camera_5,new_track,16
555,2775,92.5,camera_5,new_track,17
555,2775,92.5,camera_5,reacquired,14
555,2775,92.5,camera_6,reacquired,8
555,2775,92.5,camera_6,removed,-1
556,2780,92.667,camera_3,reacquired,46
557,2785,92.833,camera_2,lost_track,20
557,2785,92.833,camera_5,lost_track,8
557,2785,92.833,camera_5,lost_track,14
558,2790,93.0,camera_1,removed,15
558,2790,93.0,camera_2,removed,-1
558,2790,93.0,camera_3,lost_track,43
558,2790,93.0,camera_5,new_track,18
558,2790,93.0,camera_5,reacquired,8
558,2790,93.0,camera_5,lost_track,17
559,2795,93.167,camera_3,lost_track,46
559,2795,93.167,camera_3,removed,-1
559,2795,93.167,camera_4,lost_track,10
559,2795,93.167,camera_5,lost_track,8
559,2795,93.167,camera_5,lost_track,12
559,2795,93.167,camera_6,removed,-1
560,2800,93.333,camera_1,new_track,17
560,2800,93.333,camera_3,reacquired,46
560,2800,93.333,camera_5,new_track,19
560,2800,93.333,camera_5,removed,-1
560,2800,93.333,camera_5,removed,6
561,2805,93.5,camera_1,lost_track,16
561,2805,93.5,camera_1,lost_track,17
561,2805,93.5,camera_3,lost_track,46
561,2805,93.5,camera_3,removed,50
562,2810,93.667,camera_1,reacquired,17
562,2810,93.667,camera_1,removed,-1
562,2810,93.667,camera_2,removed,14
562,2810,93.667,camera_3,reacquired,46
562,2810,93.667,camera_5,reacquired,13
562,2810,93.667,camera_5,lost_track,10
563,2815,93.833,camera_1,lost_track,17
563,2815,93.833,camera_2,removed,2
563,2815,93.833,camera_3,lost_track,46
563,2815,93.833,camera_3,removed,-1
563,2815,93.833,camera_5,removed,11
564,2820,94.0,camera_2,new_track,21
564,2820,94.0,camera_2,removed,-1
565,2825,94.167,camera_1,new_track,18
565,2825,94.167,camera_4,removed,9
565,2825,94.167,camera_6,lost_track,8
566,2830,94.333,camera_2,new_track,22
566,2830,94.333,camera_5,new_track,20
566,2830,94.333,camera_5,reacquired,10
566,2830,94.333,camera_5,removed,-1
566,2830,94.333,camera_6,new_track,12
566,2830,94.333,camera_7,removed,2
567,2835,94.5,camera_2,lost_track,19
567,2835,94.5,camera_5,lost_track,18
567,2835,94.5,camera_5,lost_track,19
567,2835,94.5,camera_5,lost_track,13
567,2835,94.5,camera_6,lost_track,12
568,2840,94.667,camera_5,reacquired,18
569,2845,94.833,camera_3,removed,37
569,2845,94.833,camera_5,lost_track,18
570,2850,95.0,camera_6,removed,6
571,2855,95.167,camera_2,lost_track,22
571,2855,95.167,camera_5,reacquired,18
571,2855,95.167,camera_5,removed,-1
573,2865,95.5,camera_6,reacquired,12
574,2870,95.667,camera_4,removed,11
574,2870,95.667,camera_5,lost_track,18
574,2870,95.667,camera_5,removed,-1
575,2875,95.833,camera_5,reacquired,18
575,2875,95.833,camera_6,lost_track,12
576,2880,96.0,camera_5,lost_track,20
576,2880,96.0,camera_5,removed,-1
578,2890,96.333,camera_3,reacquired,46
578,2890,96.333,camera_5,new_track,21
578,2890,96.333,camera_5,reacquired,19
579,2895,96.5,camera_3,lost_track,46
579,2895,96.5,camera_5,lost_track,10
579,2895,96.5,camera_6,removed,7
580,2900,96.667,camera_5,lost_track,21
580,2900,96.667,camera_6,removed,9
580,2900,96.667,camera_6,removed,-1
581,2905,96.833,camera_1,new_track,19
581,2905,96.833,camera_3,reacquired,46
581,2905,96.833,camera_3,removed,52
581,2905,96.833,camera_5,reacquired,21
581,2905,96.833,camera_5,lost_track,18
582,2910,97.0,camera_1,lost_track,19
582,2910,97.0,camera_1,removed,-1
582,2910,97.0,camera_3,lost_track,46
582,2910,97.0,camera_5,lost_track,21
582,2910,97.0,camera_6,removed,-1
583,2915,97.167,camera_1,reacquired,19
584,2920,97.333,camera_5,removed,15
585,2925,97.5,camera_5,lost_track,16
586,2930,97.667,camera_1,lost_track,19
586,2930,97.667,camera_5,reacquired,21
586,2930,97.667,camera_5,removed,-1
586,2930,97.667,camera_6,new_track,13
587,2935,97.833,camera_1,lost_track,18
587,2935,97.833,camera_1,removed,-1
587,2935,97.833,camera_2,removed,20
587,2935,97.833,camera_3,lost_track,18
587,2935,97.833,camera_5,reacquired,10
587,2935,97.833,camera_5,removed,14
588,2940,98.0,camera_1,reacquired,18
588,2940,98.0,camera_3,removed,43
588,2940,98.0,camera_3,removed,-1
588,2940,98.0,camera_5,lost_track,21
588,2940,98.0,camera_5,removed,17
589,2945,98.167,camera_1,lost_track,18
589,2945,98.167,camera_1,removed,-1
589,2945,98.167,camera_3,new_track,53
589,2945,98.167,camera_3,lost_track,17
589,2945,98.167,camera_4,removed,10
589,2945,98.167,camera_5,reacquired,21
589,2945,98.167,camera_5,removed,8
589,2945,98.167,camera_5,removed,12
590,2950,98.333,camera_1,reacquired,18
590,2950,98.333,camera_3,reacquired,17
590,2950,98.333,camera_3,lost_track,53
590,2950,98.333,camera_5,lost_track,10
590,2950,98.333,camera_5,lost_track,21
591,2955,98.5,camera_1,new_track,20
591,2955,98.5,camera_1,removed,16
591,2955,98.5,camera_5,new_track,22
591,2955,98.5,camera_5,removed,-1
592,2960,98.667,camera_1,lost_track,18
592,2960,98.667,camera_1,lost_track,20
592,2960,98.667,camera_6,lost_track,13
593,2965,98.833,camera_1,reacquired,20
593,2965,98.833,camera_1,removed,17
593,2965,98.833,camera_5,reacquired,10
593,2965,98.833,camera_5,lost_track,19
593,2965,98.833,camera_6,new_track,14
594,2970,99.0,camera_3,reacquired,53
594,2970,99.0,camera_3,lost_track,17
594,2970,99.0,camera_5,reacquired,21
594,2970,99.0,camera_6,removed,-1
595,2975,99.167,camera_3,lost_track,51
595,2975,99.167,camera_5,lost_track,21
595,2975,99.167,camera_6,new_track,15
595,2975,99.167,camera_6,removed,8
596,2980,99.333,camera_1,lost_track,20
596,2980,99.333,camera_5,reacquired,21
596,2980,99.333,camera_5,lost_track,22
596,2980,99.333,camera_6,removed,-1
597,2985,99.5,camera_2,removed,19
597,2985,99.5,camera_5,reacquired,19
597,2985,99.5,camera_5,reacquired,22
597,2985,99.5,camera_5,lost_track,21
597,2985,99.5,camera_5,removed,13
597,2985,99.5,camera_5,removed,-1
597,2985,99.5,camera_6,new_track,16
598,2990,99.667,camera_1,removed,-1
598,2990,99.667,camera_5,new_track,23
598,2990,99.667,camera_5,lost_track,10
599,2995,99.833,camera_2,removed,-1
599,2995,99.833,camera_5,new_track,24
599,2995,99.833,camera_5,new_track,25
599,2995,99.833,camera_5,lost_track,22
600,3000,100.0,camera_2,lost_track,18
600,3000,100.0,camera_5,removed,-1
600,3000,100.0,camera_6,lost_track,10
601,3005,100.167,camera_2,removed,22
601,3005,100.167,camera_5,lost_track,24
601,3005,100.167,camera_6,lost_track,15
601,3005,100.167,camera_6,removed,-1
602,3010,100.333,camera_7,new_track,4
603,3015,100.5,camera_5,removed,-1
603,3015,100.5,camera_6,lost_track,14
604,3020,100.667,camera_5,new_track,26
604,3020,100.667,camera_7,lost_track,4
605,3025,100.833,camera_5,reacquired,24
605,3025,100.833,camera_5,lost_track,25
605,3025,100.833,camera_5,removed,-1
605,3025,100.833,camera_6,removed,12
605,3025,100.833,camera_7,new_track,5
606,3030,101.0,camera_2,lost_track,21
606,3030,101.0,camera_5,lost_track,24
606,3030,101.0,camera_5,removed,20
606,3030,101.0,camera_6,reacquired,15
606,3030,101.0,camera_6,removed,-1
607,3035,101.167,camera_5,reacquired,25
608,3040,101.333,camera_5,lost_track,25
608,3040,101.333,camera_6,removed,-1
609,3045,101.5,camera_5,reacquired,25
609,3045,101.5,camera_6,lost_track,11
610,3050,101.667,camera_5,lost_track,25
610,3050,101.667,camera_6,removed,-1
611,3055,101.833,camera_5,lost_track,23
611,3055,101.833,camera_5,removed,18
612,3060,102.0,camera_3,removed,46
613,3065,102.167,camera_5,lost_track,19
614,3070,102.333,camera_5,reacquired,19
615,3075,102.5,camera_5,new_track,27
615,3075,102.5,camera_5,removed,16
615,3075,102.5,camera_6,lost_track,15
615,3075,102.5,camera_6,removed,-1
616,3080,102.667,camera_1,removed,19
616,3080,102.667,camera_5,lost_track,19
616,3080,102.667,camera_6,lost_track,16
616,3080,102.667,camera_7,new_track,6
617,3085,102.833,camera_3,removed,18
617,3085,102.833,camera_6,removed,-1
619,3095,103.167,camera_5,lost_track,26
619,3095,103.167,camera_5,removed,-1
620,3100,103.333,camera_5,new_track,28
621,3105,103.5,camera_5,lost_track,28
622,3110,103.667,camera_1,removed,18
622,3110,103.667,camera_6,removed,13
622,3110,103.667,camera_6,removed,-1
623,3115,103.833,camera_5,removed,-1
623,3115,103.833,camera_6,new_track,17
624,3120,104.0,camera_3,removed,17
624,3120,104.0,camera_5,new_track,29
625,3125,104.167,camera_3,removed,51
626,3130,104.333,camera_1,removed,20
627,3135,104.5,camera_5,removed,21
628,3140,104.667,camera_5,removed,10
628,3140,104.667,camera_5,removed,-1
629,3145,104.833,camera_5,removed,22
629,3145,104.833,camera_6,new_track,18
630,3150,105.0,camera_2,removed,18
630,3150,105.0,camera_6,removed,10
631,3155,105.167,camera_5,removed,-1
632,3160,105.333,camera_2,new_track,23
632,3160,105.333,camera_5,reacquired,24
633,3165,105.5,camera_6,removed,14
633,3165,105.5,camera_7,lost_track,6
634,3170,105.667,camera_5,lost_track,24
634,3170,105.667,camera_6,new_track,19
634,3170,105.667,camera_7,new_track,7
634,3170,105.667,camera_7,removed,4
636,3180,106.0,camera_2,removed,21
636,3180,106.0,camera_2,removed,-1
636,3180,106.0,camera_5,lost_track,27
637,3185,106.167,camera_5,removed,-1
637,3185,106.167,camera_6,lost_track,19
638,3190,106.333,camera_6,removed,-1
639,3195,106.5,camera_2,removed,-1
639,3195,106.5,camera_6,lost_track,17
639,3195,106.5,camera_6,removed,11
639,3195,106.5,camera_7,removed,-1
640,3200,106.667,camera_1,removed,-1
640,3200,106.667,camera_5,removed,25
640,3200,106.667,camera_6,removed,-1
640,3200,106.667,camera_7,new_track,8
641,3205,106.833,camera_5,removed,23
641,3205,106.833,camera_6,lost_track,18
641,3205,106.833,camera_7,reacquired,6
641,3205,106.833,camera_7,lost_track,8
642,3210,107.0,camera_1,removed,-1
642,3210,107.0,camera_6,new_track,20
643,3215,107.167,camera_3,removed,-1
644,3220,107.333,camera_3,new_track,54
644,3220,107.333,camera_4,removed,-1
645,3225,107.5,camera_1,new_track,21
645,3225,107.5,camera_4,new_track,12
645,3225,107.5,camera_6,removed,15
646,3230,107.667,camera_5,removed,19
646,3230,107.667,camera_6,removed,16
647,3235,107.833,camera_7,lost_track,5
648,3240,108.0,camera_1,removed,-1
648,3240,108.0,camera_6,reacquired,19
648,3240,108.0,camera_6,removed,-1
648,3240,108.0,camera_7,new_track,9
649,3245,108.167,camera_1,lost_track,21
649,3245,108.167,camera_4,lost_track,12
649,3245,108.167,camera_5,removed,26
650,3250,108.333,camera_1,reacquired,21
650,3250,108.333,camera_1,removed,-1
650,3250,108.333,camera_4,removed,-1
650,3250,108.333,camera_6,lost_track,19
650,3250,108.333,camera_7,reacquired,8
651,3255,108.5,camera_5,removed,28
652,3260,108.667,camera_6,lost_track,20
654,3270,109.0,camera_7,removed,-1
655,3275,109.167,camera_1,removed,-1
655,3275,109.167,camera_7,lost_track,6
656,3280,109.333,camera_7,removed,-1
657,3285,109.5,camera_7,new_track,10
658,3290,109.667,camera_2,lost_track,23
659,3295,109.833,camera_2,removed,-1
659,3295,109.833,camera_7,removed,-1
662,3310,110.333,camera_7,new_track,11
662,3310,110.333,camera_7,lost_track,10
662,3310,110.333,camera_7,removed,-1
663,3315,110.5,camera_7,lost_track,11
663,3315,110.5,camera_7,lost_track,3
664,3320,110.667,camera_5,removed,24
665,3325,110.833,camera_3,removed,-1
666,3330,111.0,camera_5,removed,27
668,3340,111.333,camera_3,removed,-1
668,3340,111.333,camera_7,new_track,12
669,3345,111.5,camera_6,removed,17
670,3350,111.667,camera_5,new_track,30
670,3350,111.667,camera_7,reacquired,3
670,3350,111.667,camera_7,lost_track,8
670,3350,111.667,camera_7,removed,-1
671,3355,111.833,camera_3,lost_track,54
671,3355,111.833,camera_6,removed,18
671,3355,111.833,camera_7,lost_track,7
672,3360,112.0,camera_6,new_track,21
673,3365,112.167,camera_3,removed,-1
673,3365,112.167,camera_6,reacquired,19
673,3365,112.167,camera_6,removed,-1
674,3370,112.333,camera_7,lost_track,12
674,3370,112.333,camera_7,removed,-1
676,3380,112.667,camera_5,lost_track,30
676,3380,112.667,camera_6,lost_track,19
676,3380,112.667,camera_7,new_track,13
677,3385,112.833,camera_7,removed,5
678,3390,113.0,camera_5,reacquired,30
678,3390,113.0,camera_6,new_track,22
678,3390,113.0,camera_6,removed,-1
679,3395,113.167,camera_4,removed,12
679,3395,113.167,camera_7,lost_track,13
680,3400,113.333,camera_6,reacquired,19
680,3400,113.333,camera_6,removed,-1
681,3405,113.5,camera_7,reacquired,11
681,3405,113.5,camera_7,removed,-1
682,3410,113.667,camera_5,removed,-1
682,3410,113.667,camera_6,removed,20
683,3415,113.833,camera_5,new_track,31
684,3420,114.0,camera_5,new_track,32
684,3420,114.0,camera_5,new_track,33
684,3420,114.0,camera_7,lost_track,11
685,3425,114.167,camera_5,lost_track,31
685,3425,114.167,camera_5,removed,-1
685,3425,114.167,camera_7,new_track,14
685,3425,114.167,camera_7,removed,6
686,3430,114.333,camera_5,reacquired,31
686,3430,114.333,camera_5,lost_track,30
686,3430,114.333,camera_6,new_track,23
686,3430,114.333,camera_6,lost_track,19
686,3430,114.333,camera_7,lost_track,14
687,3435,114.5,camera_5,new_track,34
687,3435,114.5,camera_6,reacquired,19
687,3435,114.5,camera_7,lost_track,3
687,3435,114.5,camera_7,removed,-1
688,3440,114.667,camera_2,removed,23
688,3440,114.667,camera_4,removed,-1
688,3440,114.667,camera_5,lost_track,33
688,3440,114.667,camera_5,lost_track,34
688,3440,114.667,camera_5,removed,-1
688,3440,114.667,camera_6,removed,-1
689,3445,114.833,camera_6,lost_track,19
689,3445,114.833,camera_6,lost_track,23
689,3445,114.833,camera_7,reacquired,8
690,3450,115.0,camera_6,new_track,24
691,3455,115.167,camera_3,lost_track,53
691,3455,115.167,camera_4,removed,-1
692,3460,115.333,camera_3,removed,-1
692,3460,115.333,camera_4,new_track,13
692,3460,115.333,camera_5,reacquired,34
692,3460,115.333,camera_5,removed,-1
692,3460,115.333,camera_7,removed,10
693,3465,115.5,camera_5,lost_track,32
693,3465,115.5,camera_6,lost_track,21
694,3470,115.667,camera_3,new_track,56
694,3470,115.667,camera_3,new_track,55
694,3470,115.667,camera_5,reacquired,32
694,3470,115.667,camera_6,removed,-1
696,3480,116.0,camera_3,removed,-1
696,3480,116.0,camera_5,lost_track,32
697,3485,116.167,camera_5,reacquired,33
697,3485,116.167,camera_5,lost_track,34
697,3485,116.167,camera_5,lost_track,31
697,3485,116.167,camera_5,removed,-1
698,3490,116.333,camera_5,reacquired,31
698,3490,116.333,camera_5,reacquired,34
698,3490,116.333,camera_5,lost_track,33
699,3495,116.5,camera_5,new_track,35
699,3495,116.5,camera_5,lost_track,31
700,3500,116.667,camera_4,removed,-1
700,3500,116.667,camera_5,reacquired,31
700,3500,116.667,camera_5,lost_track,34
701,3505,116.833,camera_3,removed,54
701,3505,116.833,camera_5,reacquired,34
701,3505,116.833,camera_6,lost_track,22
701,3505,116.833,camera_7,removed,7
702,3510,117.0,camera_5,lost_track,31
703,3515,117.167,camera_4,lost_track,1
703,3515,117.167,camera_5,new_track,36
703,3515,117.167,camera_5,lost_track,34
704,3520,117.333,camera_5,new_track,37
704,3520,117.333,camera_6,new_track,25
704,3520,117.333,camera_7,removed,12
705,3525,117.5,camera_2,new_track,24
705,3525,117.5,camera_4,reacquired,1
705,3525,117.5,camera_4,lost_track,13
705,3525,117.5,camera_5,new_track,38
705,3525,117.5,camera_6,reacquired,19
705,3525,117.5,camera_6,removed,-1
705,3525,117.5,camera_7,lost_track,8
706,3530,117.667,camera_4,removed,-1
706,3530,117.667,camera_5,lost_track,35
706,3530,117.667,camera_5,lost_track,38
707,3535,117.833,camera_5,lost_track,36
707,3535,117.833,camera_5,removed,-1
708,3540,118.0,camera_5,reacquired,36
708,3540,118.0,camera_6,lost_track,24
708,3540,118.0,camera_6,lost_track,19
709,3545,118.167,camera_5,reacquired,35
709,3545,118.167,camera_5,lost_track,36
709,3545,118.167,camera_5,removed,-1
709,3545,118.167,camera_6,removed,-1
709,3545,118.167,camera_7,removed,13
711,3555,118.5,camera_5,removed,-1
712,3560,118.667,camera_5,new_track,39
713,3565,118.833,camera_5,lost_track,35
714,3570,119.0,camera_5,reacquired,35
714,3570,119.0,camera_5,removed,-1
714,3570,119.0,camera_7,removed,11
716,3580,119.333,camera_2,new_track,25
716,3580,119.333,camera_5,reacquired,36
716,3580,119.333,camera_5,lost_track,29
716,3580,119.333,camera_5,removed,30
716,3580,119.333,camera_7,removed,14
717,3585,119.5,camera_7,removed,3
718,3590,119.667,camera_3,lost_track,56
718,3590,119.667,camera_5,reacquired,29
718,3590,119.667,camera_5,reacquired,38
718,3590,119.667,camera_5,lost_track,35
719,3595,119.833,camera_3,reacquired,56
719,3595,119.833,camera_3,removed,-1
719,3595,119.833,camera_5,reacquired,35
719,3595,119.833,camera_5,lost_track,29
719,3595,119.833,camera_5,lost_track,38
719,3595,119.833,camera_5,removed,-1
719,3595,119.833,camera_6,removed,23
720,3600,120.0,camera_2,lost_track,25
720,3600,120.0,camera_3,lost_track,55
720,3600,120.0,camera_5,reacquired,38
720,3600,120.0,camera_5,lost_track,35
720,3600,120.0,camera_6,lost_track,25
721,3605,120.167,camera_3,removed,53
721,3605,120.167,camera_3,removed,-1
721,3605,120.167,camera_5,new_track,40
721,3605,120.167,camera_5,reacquired,29
721,3605,120.167,camera_6,removed,-1
722,3610,120.333,camera_5,new_track,41
722,3610,120.333,camera_5,new_track,42
722,3610,120.333,camera_5,lost_track,36
722,3610,120.333,camera_5,lost_track,38
723,3615,120.5,camera_1,lost_track,21
723,3615,120.5,camera_2,reacquired,25
723,3615,120.5,camera_2,lost_track,24
723,3615,120.5,camera_5,lost_track,40
723,3615,120.5,camera_6,removed,21
724,3620,120.667,camera_1,removed,-1
724,3620,120.667,camera_5,reacquired,38
724,3620,120.667,camera_5,removed,-1
725,3625,120.833,camera_2,new_track,26
725,3625,120.833,camera_4,new_track,14
725,3625,120.833,camera_5,reacquired,40
725,3625,120.833,camera_5,lost_track,42
726,3630,121.0,camera_2,lost_track,26
726,3630,121.0,camera_5,lost_track,40
726,3630,121.0,camera_5,removed,32
726,3630,121.0,camera_5,removed,-1
727,3635,121.167,camera_5,reacquired,40
727,3635,121.167,camera_5,lost_track,37
728,3640,121.333,camera_2,removed,-1
728,3640,121.333,camera_5,reacquired,37
728,3640,121.333,camera_5,removed,33
729,3645,121.5,camera_5,reacquired,42
729,3645,121.5,camera_5,lost_track,40
730,3650,121.667,camera_5,lost_track,38
731,3655,121.833,camera_5,new_track,43
731,3655,121.833,camera_5,lost_track,37
731,3655,121.833,camera_6,removed,22
732,3660,122.0,camera_2,reacquired,26
732,3660,122.0,camera_5,reacquired,38
732,3660,122.0,camera_5,lost_track,41
732,3660,122.0,camera_5,removed,-1
732,3660,122.0,camera_5,removed,31
733,3665,122.167,camera_5,new_track,44
733,3665,122.167,camera_5,removed,34
734,3670,122.333,camera_4,new_track,15
734,3670,122.333,camera_5,lost_track,42
735,3675,122.5,camera_2,lost_track,26
735,3675,122.5,camera_4,removed,13
735,3675,122.5,camera_7,removed,8
736,3680,122.667,camera_2,removed,-1
738,3690,123.0,camera_5,removed,-1
738,3690,123.0,camera_6,removed,24
738,3690,123.0,camera_6,removed,19
739,3695,123.167,camera_5,lost_track,38
739,3695,123.167,camera_5,lost_track,39
740,3700,123.333,camera_4,removed,-1
740,3700,123.333,camera_5,reacquired,39
740,3700,123.333,camera_5,removed,-1
741,3705,123.5,camera_2,reacquired,26
741,3705,123.5,camera_2,removed,-1
741,3705,123.5,camera_5,new_track,45
741,3705,123.5,camera_5,reacquired,42
742,3710,123.667,camera_2,lost_track,26
742,3710,123.667,camera_4,lost_track,14
742,3710,123.667,camera_5,new_track,46
742,3710,123.667,camera_5,lost_track,42
743,3715,123.833,camera_4,reacquired,14
743,3715,123.833,camera_5,lost_track,43
743,3715,123.833,camera_5,lost_track,45
744,3720,124.0,camera_4,lost_track,14
744,3720,124.0,camera_5,new_track,47
744,3720,124.0,camera_5,reacquired,45
745,3725,124.167,camera_2,lost_track,25
745,3725,124.167,camera_4,reacquired,14
745,3725,124.167,camera_4,lost_track,1
745,3725,124.167,camera_5,new_track,48
745,3725,124.167,camera_5,new_track,49
745,3725,124.167,camera_5,lost_track,44
745,3725,124.167,camera_5,lost_track,45
745,3725,124.167,camera_5,lost_track,46
746,3730,124.333,camera_2,removed,-1
746,3730,124.333,camera_3,removed,-1
746,3730,124.333,camera_4,reacquired,1
746,3730,124.333,camera_5,reacquired,44
746,3730,124.333,camera_5,reacquired,46
748,3740,124.667,camera_4,new_track,16
748,3740,124.667,camera_4,lost_track,1
749,3745,124.833,camera_4,reacquired,1
749,3745,124.833,camera_4,lost_track,16
750,3750,125.0,camera_3,removed,-1
750,3750,125.0,camera_3,removed,55
750,3750,125.0,camera_4,lost_track,1
750,3750,125.0,camera_4,removed,-1
750,3750,125.0,camera_5,removed,35
750,3750,125.0,camera_6,removed,25
751,3755,125.167,camera_5,lost_track,39
751,3755,125.167,camera_5,removed,-1
752,3760,125.333,camera_5,reacquired,38
752,3760,125.333,camera_5,lost_track,47
752,3760,125.333,camera_5,removed,36
753,3765,125.5,camera_1,removed,21
753,3765,125.5,camera_2,removed,24
753,3765,125.5,camera_5,new_track,50
753,3765,125.5,camera_5,reacquired,45
753,3765,125.5,camera_5,reacquired,47
753,3765,125.5,camera_5,lost_track,29
753,3765,125.5,camera_5,lost_track,46
754,3770,125.667,camera_3,removed,-1
754,3770,125.667,camera_5,reacquired,46
754,3770,125.667,camera_5,lost_track,45
754,3770,125.667,camera_5,lost_track,38
754,3770,125.667,camera_5,lost_track,47
755,3775,125.833,camera_5,lost_track,46
756,3780,126.0,camera_3,new_track,57
756,3780,126.0,camera_3,new_track,58
756,3780,126.0,camera_4,reacquired,1
756,3780,126.0,camera_4,lost_track,15
756,3780,126.0,camera_5,new_track,51
756,3780,126.0,camera_5,reacquired,46
757,3785,126.167,camera_4,removed,-1
757,3785,126.167,camera_5,lost_track,50
757,3785,126.167,camera_5,lost_track,44
758,3790,126.333,camera_4,lost_track,1
758,3790,126.333,camera_5,removed,-1
759,3795,126.5,camera_4,reacquired,15
759,3795,126.5,camera_5,reacquired,44
759,3795,126.5,camera_5,removed,40
760,3800,126.667,camera_3,lost_track,56
760,3800,126.667,camera_3,lost_track,58
760,3800,126.667,camera_6,removed,-1
761,3805,126.833,camera_3,reacquired,58
761,3805,126.833,camera_5,new_track,52
761,3805,126.833,camera_5,lost_track,46
761,3805,126.833,camera_5,removed,37
761,3805,126.833,camera_6,new_track,26
762,3810,127.0,camera_3,reacquired,56
762,3810,127.0,camera_3,lost_track,57
762,3810,127.0,camera_3,lost_track,58
762,3810,127.0,camera_4,lost_track,15
762,3810,127.0,camera_5,lost_track,48
762,3810,127.0,camera_5,removed,41
763,3815,127.167,camera_5,removed,-1
764,3820,127.333,camera_3,reacquired,57
764,3820,127.333,camera_5,new_track,53
766,3830,127.667,camera_4,new_track,17
766,3830,127.667,camera_4,lost_track,14
766,3830,127.667,camera_5,reacquired,45
766,3830,127.667,camera_5,lost_track,49
766,3830,127.667,camera_5,lost_track,53
766,3830,127.667,camera_7,new_track,15
767,3835,127.833,camera_5,new_track,54
767,3835,127.833,camera_5,lost_track,45
767,3835,127.833,camera_7,lost_track,9
768,3840,128.0,camera_5,new_track,55
768,3840,128.0,camera_5,reacquired,46
769,3845,128.167,camera_5,lost_track,52
770,3850,128.333,camera_5,lost_track,46
771,3855,128.5,camera_6,new_track,27
772,3860,128.667,camera_2,removed,26
772,3860,128.667,camera_3,reacquired,58
772,3860,128.667,camera_3,removed,-1
772,3860,128.667,camera_5,new_track,56
772,3860,128.667,camera_5,removed,42
773,3865,128.833,camera_3,lost_track,58
773,3865,128.833,camera_4,lost_track,17
773,3865,128.833,camera_5,removed,43
773,3865,128.833,camera_5,removed,-1
774,3870,129.0,camera_3,lost_track,56
774,3870,129.0,camera_3,removed,-1
774,3870,129.0,camera_7,reacquired,9
774,3870,129.0,camera_7,lost_track,15
775,3875,129.167,camera_2,removed,25
775,3875,129.167,camera_5,reacquired,52
776,3880,129.333,camera_3,removed,-1
776,3880,129.333,camera_5,new_track,57
776,3880,129.333,camera_5,lost_track,52
776,3880,129.333,camera_5,removed,-1
777,3885,129.5,camera_5,reacquired,45
777,3885,129.5,camera_5,reacquired,47
777,3885,129.5,camera_5,lost_track,55
777,3885,129.5,camera_6,lost_track,27
777,3885,129.5,camera_7,new_track,16
778,3890,129.667,camera_5,new_track,58
778,3890,129.667,camera_5,lost_track,56
778,3890,129.667,camera_5,lost_track,47
778,3890,129.667,camera_6,lost_track,26
779,3895,129.833,camera_4,removed,16
779,3895,129.833,camera_5,reacquired,55
779,3895,129.833,camera_5,lost_track,45
779,3895,129.833,camera_5,removed,-1
779,3895,129.833,camera_6,removed,-1
780,3900,130.0,camera_5,new_track,59
780,3900,130.0,camera_5,reacquired,47
780,3900,130.0,camera_5,lost_track,58
780,3900,130.0,camera_5,lost_track,54
780,3900,130.0,camera_5,lost_track,55
781,3905,130.167,camera_5,reacquired,53
781,3905,130.167,camera_5,reacquired,54
781,3905,130.167,camera_5,lost_track,57
781,3905,130.167,camera_5,lost_track,47
781,3905,130.167,camera_5,removed,39
782,3910,130.333,camera_5,reacquired,45
782,3910,130.333,camera_5,reacquired,57
782,3910,130.333,camera_5,reacquired,58
782,3910,130.333,camera_5,lost_track,59
782,3910,130.333,camera_5,lost_track,54
783,3915,130.5,camera_5,reacquired,54
783,3915,130.5,camera_5,lost_track,57
783,3915,130.5,camera_5,lost_track,58
783,3915,130.5,camera_5,lost_track,45
783,3915,130.5,camera_5,removed,29
784,3920,130.667,camera_3,removed,-1
784,3920,130.667,camera_5,new_track,60
784,3920,130.667,camera_5,lost_track,53
784,3920,130.667,camera_5,removed,38
786,3930,131.0,camera_5,reacquired,46
786,3930,131.0,camera_5,lost_track,44
787,3935,131.167,camera_4,new_track,18
787,3935,131.167,camera_5,reacquired,59
787,3935,131.167,camera_5,lost_track,46
787,3935,131.167,camera_5,removed,50
788,3940,131.333,camera_4,removed,1
788,3940,131.333,camera_5,reacquired,45
789,3945,131.5,camera_5,lost_track,59
789,3945,131.5,camera_5,lost_track,60
789,3945,131.5,camera_5,removed,-1
790,3950,131.667,camera_5,new_track,61
790,3950,131.667,camera_5,new_track,62
790,3950,131.667,camera_5,reacquired,60
791,3955,131.833,camera_5,lost_track,61
792,3960,132.0,camera_3,reacquired,58
792,3960,132.0,camera_4,lost_track,18
792,3960,132.0,camera_4,removed,15
792,3960,132.0,camera_5,reacquired,55
792,3960,132.0,camera_5,lost_track,62
792,3960,132.0,camera_5,removed,48
793,3965,132.167,camera_3,lost_track,58
793,3965,132.167,camera_4,reacquired,18
793,3965,132.167,camera_5,reacquired,57
793,3965,132.167,camera_5,reacquired,62
793,3965,132.167,camera_5,lost_track,45
793,3965,132.167,camera_5,lost_track,55
794,3970,132.333,camera_4,lost_track,18
794,3970,132.333,camera_5,reacquired,45
795,3975,132.5,camera_5,lost_track,57
795,3975,132.5,camera_5,lost_track,45
796,3980,132.667,camera_4,removed,14
796,3980,132.667,camera_5,removed,49
797,3985,132.833,camera_5,reacquired,45
797,3985,132.833,camera_5,reacquired,59
798,3990,133.0,camera_5,reacquired,44
798,3990,133.0,camera_5,lost_track,59
798,3990,133.0,camera_5,lost_track,60
799,3995,133.167,camera_4,new_track,19
799,3995,133.167,camera_4,new_track,20
799,3995,133.167,camera_5,new_track,63
800,4000,133.333,camera_5,lost_track,63
800,4000,133.333,camera_5,removed,-1
802,4010,133.667,camera_5,lost_track,62
803,4015,133.833,camera_4,removed,17
803,4015,133.833,camera_5,reacquired,60
803,4015,133.833,camera_5,reacquired,62
804,4020,134.0,camera_3,removed,56
804,4020,134.0,camera_5,reacquired,61
804,4020,134.0,camera_5,lost_track,44
804,4020,134.0,camera_5,lost_track,45
804,4020,134.0,camera_5,removed,-1
804,4020,134.0,camera_7,removed,15
805,4025,134.167,camera_5,lost_track,54
806,4030,134.333,camera_3,reacquired,58
806,4030,134.333,camera_5,reacquired,53
806,4030,134.333,camera_5,reacquired,56
806,4030,134.333,camera_5,lost_track,61
806,4030,134.333,camera_5,removed,52
807,4035,134.5,camera_5,new_track,64
807,4035,134.5,camera_6,removed,27
808,4040,134.667,camera_3,lost_track,58
808,4040,134.667,camera_6,removed,26
809,4045,134.833,camera_4,removed,-1
809,4045,134.833,camera_5,reacquired,55
809,4045,134.833,camera_5,lost_track,53
810,4050,135.0,camera_3,reacquired,58
810,4050,135.0,camera_3,removed,-1
810,4050,135.0,camera_4,new_track,21
810,4050,135.0,camera_5,lost_track,64
810,4050,135.0,camera_5,lost_track,55
811,4055,135.167,camera_3,lost_track,58
811,4055,135.167,camera_4,lost_track,21
811,4055,135.167,camera_5,reacquired,55
811,4055,135.167,camera_5,reacquired,64
811,4055,135.167,camera_5,lost_track,62
811,4055,135.167,camera_5,removed,47
812,4060,135.333,camera_3,new_track,59
812,4060,135.333,camera_3,reacquired,58
812,4060,135.333,camera_4,removed,-1
812,4060,135.333,camera_5,reacquired,62
812,4060,135.333,camera_5,lost_track,64
812,4060,135.333,camera_5,lost_track,55
812,4060,135.333,camera_5,removed,-1
813,4065,135.5,camera_4,new_track,22
813,4065,135.5,camera_5,reacquired,55
813,4065,135.5,camera_5,lost_track,62
813,4065,135.5,camera_5,removed,58
814,4070,135.667,camera_4,lost_track,22
814,4070,135.667,camera_5,removed,-1
815,4075,135.833,camera_4,removed,-1
816,4080,136.0,camera_4,reacquired,18
816,4080,136.0,camera_5,reacquired,63
817,4085,136.167,camera_5,removed,46
817,4085,136.167,camera_6,new_track,28
818,4090,136.333,camera_3,lost_track,58
818,4090,136.333,camera_4,lost_track,18
818,4090,136.333,camera_5,lost_track,63
819,4095,136.5,camera_3,reacquired,58
819,4095,136.5,camera_4,reacquired,18
819,4095,136.5,camera_5,reacquired,63
819,4095,136.5,camera_6,new_track,29
819,4095,136.5,camera_7,lost_track,9
820,4100,136.667,camera_3,lost_track,58
820,4100,136.667,camera_5,new_track,65
821,4105,136.833,camera_5,reacquired,62
821,4105,136.833,camera_5,lost_track,65
821,4105,136.833,camera_5,removed,-1
822,4110,137.0,camera_5,reacquired,53
822,4110,137.0,camera_6,lost_track,29
824,4120,137.333,camera_2,new_track,27
824,4120,137.333,camera_5,reacquired,65
824,4120,137.333,camera_5,lost_track,55
824,4120,137.333,camera_5,removed,-1
825,4125,137.5,camera_5,new_track,66
825,4125,137.5,camera_5,lost_track,65
825,4125,137.5,camera_5,removed,57
826,4130,137.667,camera_4,new_track,23
826,4130,137.667,camera_4,lost_track,18
826,4130,137.667,camera_5,lost_track,66
826,4130,137.667,camera_5,removed,-1
827,4135,137.833,camera_3,new_track,60
827,4135,137.833,camera_4,new_track,24
828,4140,138.0,camera_3,lost_track,57
828,4140,138.0,camera_4,lost_track,20
828,4140,138.0,camera_5,removed,59
829,4145,138.167,camera_5,lost_track,53
830,4150,138.333,camera_5,reacquired,65
830,4150,138.333,camera_5,removed,-1
831,4155,138.5,camera_2,new_track,28
831,4155,138.5,camera_3,reacquired,57
831,4155,138.5,camera_5,reacquired,53
831,4155,138.5,camera_5,reacquired,55
831,4155,138.5,camera_5,lost_track,65
831,4155,138.5,camera_5,lost_track,62
831,4155,138.5,camera_5,lost_track,63
832,4160,138.667,camera_3,new_track,61
832,4160,138.667,camera_3,lost_track,59
832,4160,138.667,camera_5,reacquired,63
832,4160,138.667,camera_5,lost_track,53
832,4160,138.667,camera_5,removed,-1
833,4165,138.833,camera_6,lost_track,28
834,4170,139.0,camera_4,lost_track,24
834,4170,139.0,camera_5,lost_track,63
834,4170,139.0,camera_5,removed,44
834,4170,139.0,camera_5,removed,45
834,4170,139.0,camera_6,removed,-1
835,4175,139.167,camera_5,removed,54
836,4180,139.333,camera_2,lost_track,27
836,4180,139.333,camera_3,lost_track,61
836,4180,139.333,camera_5,new_track,67
836,4180,139.333,camera_5,lost_track,55
836,4180,139.333,camera_5,removed,61
836,4180,139.333,camera_5,removed,-1
837,4185,139.5,camera_1,new_track,22
837,4185,139.5,camera_3,removed,-1
837,4185,139.5,camera_5,reacquired,61
837,4185,139.5,camera_5,reacquired,63
838,4190,139.667,camera_4,new_track,25
838,4190,139.667,camera_5,new_track,68
838,4190,139.667,camera_5,new_track,69
838,4190,139.667,camera_5,lost_track,63
840,4200,140.0,camera_2,removed,-1
840,4200,140.0,camera_4,lost_track,23
840,4200,140.0,camera_5,new_track,70
841,4205,140.167,camera_4,new_track,26
841,4205,140.167,camera_4,lost_track,25
841,4205,140.167,camera_4,removed,21
842,4210,140.333,camera_2,new_track,29
842,4210,140.333,camera_4,lost_track,19
842,4210,140.333,camera_5,removed,64
843,4215,140.5,camera_1,new_track,23
843,4215,140.5,camera_4,reacquired,19
843,4215,140.5,camera_4,removed,-1
843,4215,140.5,camera_5,lost_track,68
844,4220,140.667,camera_4,removed,22
844,4220,140.667,camera_5,reacquired,68
845,4225,140.833,camera_3,new_track,62
845,4225,140.833,camera_4,lost_track,26
845,4225,140.833,camera_5,new_track,71
845,4225,140.833,camera_5,lost_track,68
846,4230,141.0,camera_5,lost_track,51
847,4235,141.167,camera_4,reacquired,25
847,4235,141.167,camera_4,removed,-1
848,4240,141.333,camera_2,new_track,30
849,4245,141.5,camera_3,lost_track,62
849,4245,141.5,camera_7,removed,9
850,4250,141.667,camera_3,removed,58
850,4250,141.667,camera_5,lost_track,67
851,4255,141.833,camera_4,lost_track,25
851,4255,141.833,camera_4,removed,-1
851,4255,141.833,camera_5,reacquired,63
852,4260,142.0,camera_4,reacquired,25
852,4260,142.0,camera_6,removed,29
853,4265,142.167,camera_1,removed,-1
853,4265,142.167,camera_4,removed,-1
853,4265,142.167,camera_5,removed,-1
854,4270,142.333,camera_2,lost_track,30
854,4270,142.333,camera_4,new_track,27
854,4270,142.333,camera_5,lost_track,69
855,4275,142.5,camera_2,new_track,31
855,4275,142.5,camera_5,new_track,72
855,4275,142.5,camera_5,reacquired,66
855,4275,142.5,camera_5,reacquired,69
856,4280,142.667,camera_2,reacquired,30
856,4280,142.667,camera_3,reacquired,62
856,4280,142.667,camera_4,removed,18
856,4280,142.667,camera_5,lost_track,63
856,4280,142.667,camera_5,removed,-1
857,4285,142.833,camera_3,lost_track,62
857,4285,142.833,camera_5,reacquired,63
858,4290,143.0,camera_4,removed,20
858,4290,143.0,camera_5,reacquired,51
858,4290,143.0,camera_5,lost_track,72
858,4290,143.0,camera_5,lost_track,56
858,4290,143.0,camera_5,lost_track,63
859,4295,143.167,camera_5,reacquired,56
859,4295,143.167,camera_5,removed,-1
860,4300,143.333,camera_2,lost_track,31
860,4300,143.333,camera_3,removed,-1
860,4300,143.333,camera_5,reacquired,67
860,4300,143.333,camera_5,lost_track,56
861,4305,143.5,camera_2,removed,-1
861,4305,143.5,camera_5,new_track,73
861,4305,143.5,camera_5,lost_track,67
861,4305,143.5,camera_5,lost_track,60
861,4305,143.5,camera_5,lost_track,69
861,4305,143.5,camera_5,removed,65
861,4305,143.5,camera_5,removed,62
862,4310,143.667,camera_3,new_track,63
862,4310,143.667,camera_3,removed,59
862,4310,143.667,camera_4,lost_track,25
862,4310,143.667,camera_5,reacquired,55
862,4310,143.667,camera_5,removed,53
862,4310,143.667,camera_5,removed,-1
863,4315,143.833,camera_1,new_track,24
863,4315,143.833,camera_4,removed,-1
863,4315,143.833,camera_5,lost_track,73
863,4315,143.833,camera_5,lost_track,55
863,4315,143.833,camera_6,removed,28
864,4320,144.0,camera_1,lost_track,22
864,4320,144.0,camera_4,removed,24
864,4320,144.0,camera_5,new_track,74
864,4320,144.0,camera_5,reacquired,63
864,4320,144.0,camera_5,removed,-1
865,4325,144.167,camera_3,new_track,64
865,4325,144.167,camera_4,new_track,28
865,4325,144.167,camera_5,reacquired,55
865,4325,144.167,camera_5,reacquired,56
865,4325,144.167,camera_5,lost_track,61
865,4325,144.167,camera_5,lost_track,63
866,4330,144.333,camera_2,removed,27
866,4330,144.333,camera_3,removed,61
866,4330,144.333,camera_3,removed,-1
866,4330,144.333,camera_5,reacquired,63
866,4330,144.333,camera_5,removed,-1
867,4335,144.5,camera_1,reacquired,22
867,4335,144.5,camera_2,lost_track,30
867,4335,144.5,camera_3,lost_track,64
867,4335,144.5,camera_3,lost_track,57
867,4335,144.5,camera_5,lost_track,51
868,4340,144.667,camera_1,lost_track,22
868,4340,144.667,camera_2,removed,-1
868,4340,144.667,camera_3,reacquired,64
868,4340,144.667,camera_5,reacquired,72
869,4345,144.833,camera_1,reacquired,22
869,4345,144.833,camera_3,lost_track,64
869,4345,144.833,camera_4,lost_track,28
869,4345,144.833,camera_5,lost_track,66
870,4350,145.0,camera_1,lost_track,23
870,4350,145.0,camera_2,new_track,32
870,4350,145.0,camera_2,new_track,33
870,4350,145.0,camera_4,removed,-1
870,4350,145.0,camera_4,removed,23
870,4350,145.0,camera_5,reacquired,51
870,4350,145.0,camera_5,lost_track,71
871,4355,145.167,camera_1,lost_track,22
871,4355,145.167,camera_2,lost_track,29
871,4355,145.167,camera_2,removed,-1
871,4355,145.167,camera_5,reacquired,61
871,4355,145.167,camera_5,lost_track,56
871,4355,145.167,camera_5,lost_track,51
872,4360,145.333,camera_3,reacquired,64
872,4360,145.333,camera_3,lost_track,63
872,4360,145.333,camera_4,new_track,29
872,4360,145.333,camera_5,reacquired,66
872,4360,145.333,camera_5,reacquired,68
872,4360,145.333,camera_5,reacquired,71
872,4360,145.333,camera_5,lost_track,63
872,4360,145.333,camera_5,removed,-1
873,4365,145.5,camera_3,reacquired,63
873,4365,145.5,camera_3,lost_track,64
873,4365,145.5,camera_3,removed,-1
873,4365,145.5,camera_5,reacquired,56
873,4365,145.5,camera_5,reacquired,63
873,4365,145.5,camera_5,reacquired,69
873,4365,145.5,camera_5,lost_track,74
873,4365,145.5,camera_5,lost_track,61
874,4370,145.667,camera_3,lost_track,60
874,4370,145.667,camera_5,reacquired,67
874,4370,145.667,camera_5,lost_track,56
874,4370,145.667,camera_5,lost_track,68
874,4370,145.667,camera_5,lost_track,70
875,4375,145.833,camera_3,removed,-1
875,4375,145.833,camera_4,removed,26
875,4375,145.833,camera_5,reacquired,51
875,4375,145.833,camera_5,reacquired,70
875,4375,145.833,camera_5,reacquired,74
876,4380,146.0,camera_2,removed,-1
876,4380,146.0,camera_5,reacquired,68
876,4380,146.0,camera_5,lost_track,51
877,4385,146.167,camera_1,reacquired,23
877,4385,146.167,camera_1,lost_track,24
877,4385,146.167,camera_1,removed,-1
877,4385,146.167,camera_5,new_track,75
878,4390,146.333,camera_5,lost_track,66
878,4390,146.333,camera_5,lost_track,67
878,4390,146.333,camera_5,lost_track,69
878,4390,146.333,camera_5,lost_track,71
878,4390,146.333,camera_5,lost_track,55
879,4395,146.5,camera_5,reacquired,71
879,4395,146.5,camera_5,lost_track,68
880,4400,146.667,camera_4,lost_track,29
880,4400,146.667,camera_5,reacquired,56
880,4400,146.667,camera_5,reacquired,68
880,4400,146.667,camera_5,reacquired,69
881,4405,146.833,camera_1,new_track,25
881,4405,146.833,camera_1,lost_track,23
881,4405,146.833,camera_3,lost_track,63
881,4405,146.833,camera_5,lost_track,69
882,4410,147.0,camera_5,lost_track,68
882,4410,147.0,camera_5,removed,-1
882,4410,147.0,camera_6,new_track,30
883,4415,147.167,camera_1,lost_track,25
883,4415,147.167,camera_5,new_track,76
883,4415,147.167,camera_5,lost_track,72
883,4415,147.167,camera_5,lost_track,74
884,4420,147.333,camera_2,lost_track,33
884,4420,147.333,camera_5,new_track,77
884,4420,147.333,camera_5,reacquired,68
885,4425,147.5,camera_5,removed,-1
886,4430,147.667,camera_5,lost_track,63
887,4435,147.833,camera_3,removed,62
887,4435,147.833,camera_5,reacquired,63
888,4440,148.0,camera_2,removed,-1
888,4440,148.0,camera_5,lost_track,68
888,4440,148.0,camera_5,removed,-1
889,4445,148.167,camera_5,new_track,78
890,4450,148.333,camera_2,lost_track,28
890,4450,148.333,camera_2,removed,-1
890,4450,148.333,camera_2,removed,31
890,4450,148.333,camera_5,new_track,79
891,4455,148.5,camera_5,removed,60
891,4455,148.5,camera_6,new_track,31
892,4460,148.667,camera_4,removed,25
892,4460,148.667,camera_5,lost_track,79
892,4460,148.667,camera_5,removed,-1
892,4460,148.667,camera_6,lost_track,31
893,4465,148.833,camera_5,reacquired,79
893,4465,148.833,camera_5,removed,73
893,4465,148.833,camera_6,new_track,32
894,4470,149.0,camera_5,lost_track,79
895,4475,149.167,camera_2,new_track,34
896,4480,149.333,camera_5,reacquired,68
896,4480,149.333,camera_5,reacquired,69
896,4480,149.333,camera_5,removed,-1
897,4485,149.5,camera_2,removed,30
897,4485,149.5,camera_3,removed,57
897,4485,149.5,camera_6,new_track,33
897,4485,149.5,camera_6,new_track,34
898,4490,149.667,camera_5,lost_track,77
898,4490,149.667,camera_5,lost_track,69
899,4495,149.833,camera_4,removed,28
900,4500,150.0,camera_2,lost_track,34
900,4500,150.0,camera_6,lost_track,33
900,4500,150.0,camera_6,removed,-1
901,4505,150.167,camera_1,removed,22
901,4505,150.167,camera_2,removed,29
901,4505,150.167,camera_6,reacquired,33
902,4510,150.333,camera_2,removed,-1
902,4510,150.333,camera_5,new_track,80
902,4510,150.333,camera_5,reacquired,69
902,4510,150.333,camera_6,new_track,35
902,4510,150.333,camera_7,lost_track,16
903,4515,150.5,camera_3,removed,64
903,4515,150.5,camera_5,lost_track,80
903,4515,150.5,camera_5,removed,61
904,4520,150.667,camera_3,removed,60
904,4520,150.667,camera_5,lost_track,68
904,4520,150.667,camera_5,removed,-1
904,4520,150.667,camera_6,lost_track,34
905,4525,150.833,camera_4,new_track,30
905,4525,150.833,camera_5,new_track,81
905,4525,150.833,camera_6,reacquired,34
906,4530,151.0,camera_2,lost_track,32
906,4530,151.0,camera_4,lost_track,30
906,4530,151.0,camera_5,reacquired,55
906,4530,151.0,camera_5,lost_track,56
906,4530,151.0,camera_5,lost_track,81
906,4530,151.0,camera_5,lost_track,63
906,4530,151.0,camera_5,removed,51
906,4530,151.0,camera_5,removed,-1
907,4535,151.167,camera_1,removed,24
907,4535,151.167,camera_5,new_track,82
907,4535,151.167,camera_6,lost_track,33
908,4540,151.333,camera_5,reacquired,68
908,4540,151.333,camera_5,removed,66
908,4540,151.333,camera_5,removed,67
908,4540,151.333,camera_6,lost_track,34
909,4545,151.5,camera_5,reacquired,63
909,4545,151.5,camera_5,lost_track,68
909,4545,151.5,camera_6,lost_track,32
909,4545,151.5,camera_6,removed,-1
910,4550,151.667,camera_4,removed,29
910,4550,151.667,camera_5,removed,-1
910,4550,151.667,camera_6,reacquired,32
910,4550,151.667,camera_7,new_track,17
911,4555,151.833,camera_1,removed,23
911,4555,151.833,camera_3,removed,63
911,4555,151.833,camera_5,new_track,83
911,4555,151.833,camera_5,reacquired,68
912,4560,152.0,camera_5,lost_track,55
913,4565,152.167,camera_1,removed,25
913,4565,152.167,camera_5,reacquired,81
913,4565,152.167,camera_5,removed,72
913,4565,152.167,camera_5,removed,74
913,4565,152.167,camera_6,reacquired,34
913,4565,152.167,camera_6,removed,-1
914,4570,152.333,camera_2,removed,33
914,4570,152.333,camera_5,lost_track,81
914,4570,152.333,camera_7,lost_track,17
915,4575,152.5,camera_5,lost_track,83
915,4575,152.5,camera_5,lost_track,68
915,4575,152.5,camera_7,new_track,18
916,4580,152.667,camera_5,reacquired,83
916,4580,152.667,camera_5,lost_track,69
917,4585,152.833,camera_5,reacquired,55
917,4585,152.833,camera_5,removed,-1
918,4590,153.0,camera_5,reacquired,69
918,4590,153.0,camera_5,lost_track,83
918,4590,153.0,camera_5,lost_track,78
918,4590,153.0,camera_6,removed,-1
919,4595,153.167,camera_5,new_track,84
919,4595,153.167,camera_5,new_track,85
919,4595,153.167,camera_5,reacquired,81
919,4595,153.167,camera_5,lost_track,69
919,4595,153.167,camera_5,lost_track,55
920,4600,153.333,camera_2,removed,28
920,4600,153.333,camera_5,new_track,86
920,4600,153.333,camera_5,reacquired,69
920,4600,153.333,camera_5,reacquired,83
920,4600,153.333,camera_5,lost_track,75
920,4600,153.333,camera_6,reacquired,33
920,4600,153.333,camera_6,removed,-1
921,4605,153.5,camera_5,lost_track,81
921,4605,153.5,camera_5,lost_track,85
921,4605,153.5,camera_6,lost_track,33
921,4605,153.5,camera_6,lost_track,34
922,4610,153.667,camera_5,lost_track,69
922,4610,153.667,camera_5,lost_track,86
922,4610,153.667,camera_5,lost_track,63
922,4610,153.667,camera_6,removed,31
923,4615,153.833,camera_5,reacquired,55
923,4615,153.833,camera_5,reacquired,86
924,4620,154.0,camera_5,reacquired,63
924,4620,154.0,camera_5,lost_track,86
924,4620,154.0,camera_5,removed,79
925,4625,154.167,camera_5,reacquired,81
925,4625,154.167,camera_5,lost_track,63
925,4625,154.167,camera_5,removed,-1
926,4630,154.333,camera_5,reacquired,63
926,4630,154.333,camera_5,lost_track,81
926,4630,154.333,camera_6,lost_track,32
927,4635,154.5,camera_5,reacquired,81
927,4635,154.5,camera_5,lost_track,83
927,4635,154.5,camera_6,new_track,36
928,4640,154.667,camera_4,removed,-1
928,4640,154.667,camera_5,lost_track,84
928,4640,154.667,camera_5,removed,77
928,4640,154.667,camera_6,lost_track,36
928,4640,154.667,camera_6,removed,-1
929,4645,154.833,camera_4,reacquired,30
929,4645,154.833,camera_5,reacquired,68
929,4645,154.833,camera_5,reacquired,83
929,4645,154.833,camera_5,lost_track,81
929,4645,154.833,camera_5,removed,-1
930,4650,155.0,camera_2,removed,34
930,4650,155.0,camera_5,lost_track,83
930,4650,155.0,camera_6,new_track,37
931,4655,155.167,camera_5,new_track,87
931,4655,155.167,camera_5,reacquired,83
931,4655,155.167,camera_5,lost_track,68
931,4655,155.167,camera_5,lost_track,63
932,4660,155.333,camera_5,reacquired,63
932,4660,155.333,camera_5,reacquired,81
932,4660,155.333,camera_5,removed,-1
932,4660,155.333,camera_6,new_track,38
932,4660,155.333,camera_7,removed,16
933,4665,155.5,camera_4,lost_track,27
933,4665,155.5,camera_5,lost_track,55
933,4665,155.5,camera_5,removed,80
933,4665,155.5,camera_6,removed,-1
934,4670,155.667,camera_4,removed,-1
934,4670,155.667,camera_5,new_track,88
934,4670,155.667,camera_5,reacquired,56
934,4670,155.667,camera_5,lost_track,87
935,4675,155.833,camera_4,lost_track,30
935,4675,155.833,camera_5,lost_track,88
935,4675,155.833,camera_6,lost_track,30
936,4680,156.0,camera_2,removed,32
936,4680,156.0,camera_4,new_track,31
936,4680,156.0,camera_5,reacquired,55
936,4680,156.0,camera_5,lost_track,56
936,4680,156.0,camera_5,lost_track,71
936,4680,156.0,camera_6,removed,-1
937,4685,156.167,camera_4,reacquired,27
937,4685,156.167,camera_4,removed,-1
937,4685,156.167,camera_5,removed,-1
938,4690,156.333,camera_4,lost_track,27
938,4690,156.333,camera_5,new_track,89
938,4690,156.333,camera_5,lost_track,63
939,4695,156.5,camera_4,lost_track,31
939,4695,156.5,camera_5,removed,-1
940,4700,156.667,camera_4,removed,-1
940,4700,156.667,camera_5,new_track,90
940,4700,156.667,camera_5,lost_track,89
940,4700,156.667,camera_5,lost_track,55
940,4700,156.667,camera_6,reacquired,32
941,4705,156.833,camera_4,reacquired,30
941,4705,156.833,camera_4,reacquired,31
941,4705,156.833,camera_5,reacquired,87
941,4705,156.833,camera_5,removed,-1
941,4705,156.833,camera_6,new_track,39
942,4710,157.0,camera_4,lost_track,19
942,4710,157.0,camera_4,lost_track,31
942,4710,157.0,camera_5,reacquired,89
942,4710,157.0,camera_5,lost_track,87
943,4715,157.167,camera_5,reacquired,68
943,4715,157.167,camera_5,reacquired,87
943,4715,157.167,camera_5,lost_track,81
943,4715,157.167,camera_5,lost_track,70
943,4715,157.167,camera_6,lost_track,35
944,4720,157.333,camera_5,lost_track,89
944,4720,157.333,camera_6,removed,-1
944,4720,157.333,camera_7,removed,17
945,4725,157.5,camera_5,reacquired,55
946,4730,157.667,camera_5,reacquired,70
946,4730,157.667,camera_5,lost_track,82
946,4730,157.667,camera_5,lost_track,55
946,4730,157.667,camera_6,lost_track,32
946,4730,157.667,camera_6,lost_track,37
946,4730,157.667,camera_7,new_track,19
947,4735,157.833,camera_5,new_track,91
947,4735,157.833,camera_5,new_track,92
947,4735,157.833,camera_6,lost_track,39
947,4735,157.833,camera_6,removed,-1
948,4740,158.0,camera_4,reacquired,27
948,4740,158.0,camera_4,removed,-1
948,4740,158.0,camera_5,reacquired,82
948,4740,158.0,camera_5,lost_track,91
948,4740,158.0,camera_5,lost_track,87
948,4740,158.0,camera_5,removed,78
948,4740,158.0,camera_6,reacquired,32
948,4740,158.0,camera_7,lost_track,19
949,4745,158.167,camera_5,new_track,93
949,4745,158.167,camera_5,new_track,94
949,4745,158.167,camera_5,new_track,95
949,4745,158.167,camera_5,lost_track,82
949,4745,158.167,camera_5,lost_track,68
949,4745,158.167,camera_5,removed,-1
949,4745,158.167,camera_7,removed,-1
950,4750,158.333,camera_2,new_track,35
950,4750,158.333,camera_5,lost_track,83
950,4750,158.333,camera_5,lost_track,76
950,4750,158.333,camera_5,removed,75
950,4750,158.333,camera_7,new_track,20
951,4755,158.5,camera_5,lost_track,95
951,4755,158.5,camera_5,removed,85
951,4755,158.5,camera_6,lost_track,32
951,4755,158.5,camera_6,removed,33
951,4755,158.5,camera_6,removed,34
951,4755,158.5,camera_7,reacquired,19
952,4760,158.667,camera_5,new_track,96
952,4760,158.667,camera_5,reacquired,91
952,4760,158.667,camera_5,lost_track,70
952,4760,158.667,camera_5,removed,69
952,4760,158.667,camera_6,reacquired,39
952,4760,158.667,camera_6,lost_track,38
952,4760,158.667,camera_6,removed,-1
953,4765,158.833,camera_4,new_track,32
953,4765,158.833,camera_4,lost_track,30
953,4765,158.833,camera_5,new_track,97
953,4765,158.833,camera_5,lost_track,91
954,4770,159.0,camera_5,new_track,98
954,4770,159.0,camera_5,reacquired,68
954,4770,159.0,camera_5,lost_track,96
954,4770,159.0,camera_5,removed,86
954,4770,159.0,camera_5,removed,-1
954,4770,159.0,camera_6,lost_track,39
955,4775,159.167,camera_4,removed,-1
955,4775,159.167,camera_5,reacquired,76
955,4775,159.167,camera_7,removed,-1
956,4780,159.333,camera_4,reacquired,30
956,4780,159.333,camera_4,lost_track,32
956,4780,159.333,camera_5,reacquired,82
956,4780,159.333,camera_5,lost_track,68
957,4785,159.5,camera_5,new_track,99
957,4785,159.5,camera_5,reacquired,96
957,4785,159.5,camera_5,lost_track,76
958,4790,159.667,camera_5,reacquired,68
958,4790,159.667,camera_5,reacquired,91
958,4790,159.667,camera_5,lost_track,96
958,4790,159.667,camera_5,lost_track,92
958,4790,159.667,camera_5,removed,84
958,4790,159.667,camera_6,removed,36
959,4795,159.833,camera_5,reacquired,76
959,4795,159.833,camera_5,reacquired,96
959,4795,159.833,camera_5,lost_track,82
959,4795,159.833,camera_5,removed,-1
960,4800,160.0,camera_4,new_track,33
960,4800,160.0,camera_5,lost_track,96
960,4800,160.0,camera_5,lost_track,91
961,4805,160.167,camera_5,reacquired,82
961,4805,160.167,camera_5,reacquired,96
961,4805,160.167,camera_5,lost_track,97
961,4805,160.167,camera_5,lost_track,90
961,4805,160.167,camera_7,lost_track,20
962,4810,160.333,camera_4,new_track,34
962,4810,160.333,camera_5,new_track,100
962,4810,160.333,camera_5,lost_track,96
962,4810,160.333,camera_7,new_track,21
963,4815,160.5,camera_4,lost_track,34
963,4815,160.5,camera_5,new_track,101
963,4815,160.5,camera_5,reacquired,91
963,4815,160.5,camera_5,reacquired,96
963,4815,160.5,camera_5,lost_track,94
964,4820,160.667,camera_4,new_track,35
964,4820,160.667,camera_5,reacquired,97
964,4820,160.667,camera_5,lost_track,96
964,4820,160.667,camera_5,lost_track,100
964,4820,160.667,camera_5,lost_track,68
965,4825,160.833,camera_4,lost_track,35
965,4825,160.833,camera_5,reacquired,100
965,4825,160.833,camera_5,lost_track,82
965,4825,160.833,camera_5,lost_track,76
965,4825,160.833,camera_5,removed,88
965,4825,160.833,camera_6,removed,30
966,4830,161.0,camera_4,removed,-1
966,4830,161.0,camera_5,reacquired,76
966,4830,161.0,camera_5,reacquired,90
966,4830,161.0,camera_5,lost_track,91
966,4830,161.0,camera_5,lost_track,100
966,4830,161.0,camera_5,lost_track,101
966,4830,161.0,camera_5,removed,56
966,4830,161.0,camera_5,removed,-1
966,4830,161.0,camera_5,removed,71
967,4835,161.167,camera_2,new_track,36
967,4835,161.167,camera_4,new_track,36
967,4835,161.167,camera_5,new_track,102
967,4835,161.167,camera_5,lost_track,97
967,4835,161.167,camera_5,lost_track,99
967,4835,161.167,camera_7,lost_track,21
968,4840,161.333,camera_2,lost_track,36
968,4840,161.333,camera_5,reacquired,97
968,4840,161.333,camera_5,lost_track,102
968,4840,161.333,camera_5,removed,63
969,4845,161.5,camera_2,reacquired,36
969,4845,161.5,camera_4,reacquired,32
969,4845,161.5,camera_4,lost_track,36
969,4845,161.5,camera_4,removed,-1
969,4845,161.5,camera_5,new_track,103
969,4845,161.5,camera_5,reacquired,102
970,4850,161.667,camera_2,removed,-1
970,4850,161.667,camera_5,removed,-1
971,4855,161.833,camera_2,lost_track,36
971,4855,161.833,camera_5,lost_track,103
972,4860,162.0,camera_2,reacquired,36
972,4860,162.0,camera_2,removed,-1
972,4860,162.0,camera_4,removed,19
972,4860,162.0,camera_4,removed,31
973,4865,162.167,camera_5,lost_track,97
973,4865,162.167,camera_5,removed,81
973,4865,162.167,camera_6,removed,35
974,4870,162.333,camera_3,new_track,65
974,4870,162.333,camera_5,new_track,104
974,4870,162.333,camera_5,new_track,105
974,4870,162.333,camera_5,lost_track,93
974,4870,162.333,camera_5,removed,89
975,4875,162.5,camera_4,removed,-1
975,4875,162.5,camera_5,removed,-1
976,4880,162.667,camera_2,lost_track,35
976,4880,162.667,camera_4,reacquired,34
976,4880,162.667,camera_4,lost_track,27
976,4880,162.667,camera_5,reacquired,93
976,4880,162.667,camera_5,lost_track,105
976,4880,162.667,camera_5,removed,55
976,4880,162.667,camera_6,removed,37
977,4885,162.833,camera_4,new_track,37
977,4885,162.833,camera_5,lost_track,93
978,4890,163.0,camera_3,removed,-1
978,4890,163.0,camera_4,lost_track,34
978,4890,163.0,camera_4,lost_track,30
978,4890,163.0,camera_5,reacquired,87
978,4890,163.0,camera_5,reacquired,93
978,4890,163.0,camera_5,removed,-1
980,4900,163.333,camera_5,lost_track,104
980,4900,163.333,camera_5,lost_track,76
980,4900,163.333,camera_5,lost_track,87
980,4900,163.333,camera_5,removed,83
980,4900,163.333,camera_5,removed,-1
981,4905,163.5,camera_4,removed,-1
981,4905,163.5,camera_5,reacquired,104
981,4905,163.5,camera_5,lost_track,93
981,4905,163.5,camera_5,removed,95
981,4905,163.5,camera_6,removed,32
982,4910,163.667,camera_2,new_track,37
982,4910,163.667,camera_5,reacquired,87
982,4910,163.667,camera_5,reacquired,93
982,4910,163.667,camera_5,removed,70
982,4910,163.667,camera_6,removed,38
983,4915,163.833,camera_3,new_track,66
983,4915,163.833,camera_4,reacquired,35
983,4915,163.833,camera_4,lost_track,37
983,4915,163.833,camera_4,removed,-1
984,4920,164.0,camera_3,lost_track,66
984,4920,164.0,camera_3,removed,-1
984,4920,164.0,camera_4,lost_track,35
984,4920,164.0,camera_5,reacquired,76
984,4920,164.0,camera_6,removed,39
985,4925,164.167,camera_3,reacquired,66
985,4925,164.167,camera_5,lost_track,93
985,4925,164.167,camera_5,removed,-1
986,4930,164.333,camera_1,new_track,26
986,4930,164.333,camera_2,new_track,38
986,4930,164.333,camera_4,removed,-1
986,4930,164.333,camera_5,lost_track,104
986,4930,164.333,camera_5,lost_track,87
987,4935,164.5,camera_5,new_track,106
987,4935,164.5,camera_5,reacquired,93
988,4940,164.667,camera_3,removed,-1
988,4940,164.667,camera_5,lost_track,76
988,4940,164.667,camera_5,removed,92
989,4945,164.833,camera_5,removed,-1
990,4950,165.0,camera_3,removed,-1
990,4950,165.0,camera_4,lost_track,33
990,4950,165.0,camera_5,reacquired,76
990,4950,165.0,camera_5,lost_track,106
990,4950,165.0,camera_7,removed,-1
991,4955,165.167,camera_1,new_track,27
991,4955,165.167,camera_5,reacquired,100
991,4955,165.167,camera_5,lost_track,98
991,4955,165.167,camera_7,new_track,22
991,4955,165.167,camera_7,removed,20
992,4960,165.333,camera_3,new_track,67
992,4960,165.333,camera_5,reacquired,98
992,4960,165.333,camera_5,lost_track,102
993,4965,165.5,camera_5,new_track,107
993,4965,165.5,camera_5,lost_track,100
993,4965,165.5,camera_5,removed,94
994,4970,165.667,camera_1,lost_track,26
994,4970,165.667,camera_2,new_track,39
994,4970,165.667,camera_5,reacquired,100
994,4970,165.667,camera_5,reacquired,104
994,4970,165.667,camera_5,lost_track,98
994,4970,165.667,camera_5,lost_track,107
994,4970,165.667,camera_5,removed,96
994,4970,165.667,camera_5,removed,68
994,4970,165.667,camera_5,removed,-1
995,4975,165.833,camera_3,new_track,68
995,4975,165.833,camera_5,reacquired,98
995,4975,165.833,camera_5,reacquired,107
995,4975,165.833,camera_5,lost_track,100
995,4975,165.833,camera_5,removed,82
996,4980,166.0,camera_1,removed,-1
996,4980,166.0,camera_2,removed,-1
996,4980,166.0,camera_3,lost_track,68
996,4980,166.0,camera_5,lost_track,104
996,4980,166.0,camera_5,lost_track,93
996,4980,166.0,camera_5,removed,91
996,4980,166.0,camera_5,removed,101
997,4985,166.167,camera_5,new_track,108
997,4985,166.167,camera_5,lost_track,107
997,4985,166.167,camera_5,removed,99
997,4985,166.167,camera_7,removed,21
998,4990,166.333,camera_1,new_track,28
998,4990,166.333,camera_5,reacquired,107
998,4990,166.333,camera_7,lost_track,22
999,4995,166.5,camera_3,removed,-1
999,4995,166.5,camera_4,removed,36
999,4995,166.5,camera_5,new_track,109
999,4995,166.5,camera_5,lost_track,107
999,4995,166.5,camera_7,removed,-1
1000,5000,166.667,camera_5,reacquired,107
1000,5000,166.667,camera_5,lost_track,109
1001,5005,166.833,camera_5,removed,103
1002,5010,167.0,camera_3,lost_track,66
1003,5015,167.167,camera_1,lost_track,28
1003,5015,167.167,camera_2,lost_track,38
1003,5015,167.167,camera_5,removed,97
1005,5025,167.5,camera_5,removed,-1
1006,5030,167.667,camera_2,removed,35
1006,5030,167.667,camera_4,removed,27
1006,5030,167.667,camera_5,lost_track,108
1006,5030,167.667,camera_5,removed,105
1007,5035,167.833,camera_2,lost_track,36
1007,5035,167.833,camera_5,new_track,110
1007,5035,167.833,camera_5,lost_track,107
1008,5040,168.0,camera_4,removed,34
1008,5040,168.0,camera_4,removed,30
1009,5045,168.167,camera_5,new_track,112
1009,5045,168.167,camera_5,new_track,111
1010,5050,168.333,camera_5,removed,-1
1011,5055,168.5,camera_5,reacquired,107
1011,5055,168.5,camera_5,lost_track,111
1012,5060,168.667,camera_5,new_track,113
1012,5060,168.667,camera_5,reacquired,111
1012,5060,168.667,camera_5,lost_track,112
1012,5060,168.667,camera_5,removed,-1
1013,5065,168.833,camera_4,removed,37
1013,5065,168.833,camera_5,lost_track,107
1014,5070,169.0,camera_4,removed,35
1014,5070,169.0,camera_5,removed,-1
1015,5075,169.167,camera_3,lost_track,65
1015,5075,169.167,camera_5,reacquired,108
1016,5080,169.333,camera_3,new_track,69
1016,5080,169.333,camera_3,lost_track,67
1016,5080,169.333,camera_5,new_track,114
1016,5080,169.333,camera_5,reacquired,112
1016,5080,169.333,camera_5,lost_track,113
1016,5080,169.333,camera_5,lost_track,108
1016,5080,169.333,camera_5,removed,-1
1016,5080,169.333,camera_5,removed,87
1016,5080,169.333,camera_7,reacquired,22
1016,5080,169.333,camera_7,removed,-1
1017,5085,169.5,camera_5,reacquired,108
1017,5085,169.5,camera_5,reacquired,113
1017,5085,169.5,camera_5,lost_track,114
1017,5085,169.5,camera_5,lost_track,110
1018,5090,169.667,camera_5,lost_track,112
1018,5090,169.667,camera_5,lost_track,108
1019,5095,169.833,camera_3,removed,-1
1019,5095,169.833,camera_5,removed,-1
1020,5100,170.0,camera_3,new_track,70
1020,5100,170.0,camera_4,removed,33
1020,5100,170.0,camera_5,lost_track,90
1020,5100,170.0,camera_5,removed,106
1021,5105,170.167,camera_5,lost_track,76
1021,5105,170.167,camera_5,removed,-1
1022,5110,170.333,camera_5,reacquired,76
1022,5110,170.333,camera_5,removed,102
1023,5115,170.5,camera_5,reacquired,110
1023,5115,170.5,camera_5,removed,-1
1024,5120,170.667,camera_1,removed,26
1024,5120,170.667,camera_4,lost_track,32
1025,5125,170.833,camera_5,lost_track,76
1025,5125,170.833,camera_5,lost_track,110
1025,5125,170.833,camera_5,removed,100
1026,5130,171.0,camera_1,reacquired,28
1026,5130,171.0,camera_2,new_track,40
1026,5130,171.0,camera_3,removed,68
1026,5130,171.0,camera_5,reacquired,76
1026,5130,171.0,camera_5,removed,104
1026,5130,171.0,camera_5,removed,93
1028,5140,171.333,camera_1,new_track,29
1028,5140,171.333,camera_3,removed,-1
1028,5140,171.333,camera_5,reacquired,112
1028,5140,171.333,camera_5,lost_track,111
1029,5145,171.5,camera_1,lost_track,28
1029,5145,171.5,camera_5,new_track,115
1029,5145,171.5,camera_5,reacquired,111
1030,5150,171.667,camera_2,lost_track,40
1030,5150,171.667,camera_3,removed,-1
1030,5150,171.667,camera_5,reacquired,114
1030,5150,171.667,camera_5,lost_track,112
1030,5150,171.667,camera_5,lost_track,115
1030,5150,171.667,camera_5,lost_track,76
1030,5150,171.667,camera_5,removed,109
1030,5150,171.667,camera_5,removed,-1
1031,5155,171.833,camera_2,reacquired,40
1031,5155,171.833,camera_5,reacquired,115
1032,5160,172.0,camera_3,new_track,71
1032,5160,172.0,camera_3,removed,66
1032,5160,172.0,camera_5,reacquired,76
1032,5160,172.0,camera_5,reacquired,112
1032,5160,172.0,camera_5,lost_track,115
1033,5165,172.167,camera_2,removed,38
1033,5165,172.167,camera_5,reacquired,110
1033,5165,172.167,camera_5,lost_track,114
1033,5165,172.167,camera_5,lost_track,76
1033,5165,172.167,camera_5,lost_track,111
1034,5170,172.333,camera_1,new_track,30
1034,5170,172.333,camera_5,reacquired,76
1034,5170,172.333,camera_5,reacquired,111
1034,5170,172.333,camera_5,reacquired,115
1035,5175,172.5,camera_2,lost_track,37
1035,5175,172.5,camera_3,removed,-1
1035,5175,172.5,camera_5,reacquired,90
1035,5175,172.5,camera_5,lost_track,112
1035,5175,172.5,camera_5,lost_track,98
1035,5175,172.5,camera_5,lost_track,110
1036,5180,172.667,camera_1,removed,-1
1036,5180,172.667,camera_2,removed,-1
1036,5180,172.667,camera_5,reacquired,110
1036,5180,172.667,camera_5,reacquired,112
1036,5180,172.667,camera_5,lost_track,90
1036,5180,172.667,camera_5,lost_track,115
1037,5185,172.833,camera_2,new_track,41
1037,5185,172.833,camera_2,removed,36
1037,5185,172.833,camera_5,lost_track,76
1037,5185,172.833,camera_5,lost_track,110
1037,5185,172.833,camera_7,lost_track,22
1038,5190,173.0,camera_5,reacquired,115
1038,5190,173.0,camera_5,lost_track,112
1038,5190,173.0,camera_5,lost_track,113
1039,5195,173.167,camera_5,lost_track,115
1039,5195,173.167,camera_5,lost_track,111
1040,5200,173.333,camera_5,reacquired,111
1040,5200,173.333,camera_5,removed,-1
1043,5215,173.833,camera_3,new_track,72
1043,5215,173.833,camera_3,removed,-1
1043,5215,173.833,camera_5,removed,107
1045,5225,174.167,camera_3,removed,65
1046,5230,174.333,camera_1,lost_track,29
1046,5230,174.333,camera_3,removed,67
1047,5235,174.5,camera_1,lost_track,30
1047,5235,174.5,camera_1,removed,-1
1048,5240,174.667,camera_2,removed,-1
1048,5240,174.667,camera_5,removed,108
1048,5240,174.667,camera_7,reacquired,22
1049,5245,174.833,camera_5,removed,-1
1050,5250,175.0,camera_3,new_track,73
1050,5250,175.0,camera_5,reacquired,98
1050,5250,175.0,camera_5,reacquired,110
1051,5255,175.167,camera_1,new_track,31
1051,5255,175.167,camera_3,lost_track,73
1051,5255,175.167,camera_3,removed,-1
1051,5255,175.167,camera_5,reacquired,76
1052,5260,175.333,camera_3,reacquired,73
1052,5260,175.333,camera_5,lost_track,76
1052,5260,175.333,camera_5,lost_track,110
1053,5265,175.5,camera_3,new_track,74
1053,5265,175.5,camera_5,reacquired,76
1053,5265,175.5,camera_5,lost_track,98
1053,5265,175.5,camera_5,removed,-1
1054,5270,175.667,camera_3,new_track,75
1054,5270,175.667,camera_4,removed,32
1054,5270,175.667,camera_7,lost_track,22
1055,5275,175.833,camera_1,reacquired,29
1055,5275,175.833,camera_1,removed,-1
1055,5275,175.833,camera_3,lost_track,74
1055,5275,175.833,camera_3,lost_track,75
1055,5275,175.833,camera_5,reacquired,98
1055,5275,175.833,camera_7,removed,-1
1056,5280,176.0,camera_2,new_track,42
1056,5280,176.0,camera_5,new_track,116
1056,5280,176.0,camera_5,reacquired,110
1057,5285,176.167,camera_5,lost_track,110
1057,5285,176.167,camera_7,removed,-1
1058,5290,176.333,camera_1,lost_track,27
1058,5290,176.333,camera_5,reacquired,110
1058,5290,176.333,camera_5,lost_track,116
1059,5295,176.5,camera_1,removed,28
1059,5295,176.5,camera_1,removed,-1
1059,5295,176.5,camera_5,new_track,117
1060,5300,176.667,camera_7,new_track,23
1061,5305,176.833,camera_5,removed,-1
1063,5315,177.167,camera_4,new_track,38
1063,5315,177.167,camera_5,removed,114
1064,5320,177.333,camera_5,removed,-1
1065,5325,177.5,camera_2,removed,37
1066,5330,177.667,camera_5,removed,90
1067,5335,177.833,camera_1,new_track,32
1067,5335,177.833,camera_5,lost_track,111
1068,5340,178.0,camera_5,lost_track,110
1068,5340,178.0,camera_5,removed,112
1068,5340,178.0,camera_5,removed,113
1069,5345,178.167,camera_1,lost_track,32
1069,5345,178.167,camera_5,removed,115
1069,5345,178.167,camera_7,lost_track,23
1069,5345,178.167,camera_7,removed,-1
1070,5350,178.333,camera_1,reacquired,32
1071,5355,178.5,camera_2,new_track,43
1071,5355,178.5,camera_2,removed,-1
1072,5360,178.667,camera_1,lost_track,32
1072,5360,178.667,camera_2,lost_track,39
1072,5360,178.667,camera_7,reacquired,23
1073,5365,178.833,camera_1,reacquired,32
1073,5365,178.833,camera_5,removed,-1
1073,5365,178.833,camera_6,new_track,40
1074,5370,179.0,camera_1,lost_track,32
1074,5370,179.0,camera_5,new_track,118
1075,5375,179.167,camera_1,reacquired,32
1075,5375,179.167,camera_4,removed,-1
1075,5375,179.167,camera_5,new_track,119
1075,5375,179.167,camera_5,reacquired,110
1075,5375,179.167,camera_6,new_track,41
1076,5380,179.333,camera_4,new_track,39
1076,5380,179.333,camera_5,lost_track,117
1076,5380,179.333,camera_5,lost_track,110
1076,5380,179.333,camera_5,lost_track,119
1076,5380,179.333,camera_7,lost_track,23
1077,5385,179.5,camera_1,removed,30
1078,5390,179.667,camera_5,removed,-1
1078,5390,179.667,camera_6,lost_track,41
1079,5395,179.833,camera_5,lost_track,76
1079,5395,179.833,camera_6,removed,-1
1080,5400,180.0,camera_4,lost_track,39
1081,5405,180.167,camera_3,lost_track,69
1081,5405,180.167,camera_4,removed,-1
1081,5405,180.167,camera_6,new_track,42
1082,5410,180.333,camera_3,new_track,76
1082,5410,180.333,camera_4,new_track,40
1082,5410,180.333,camera_6,removed,-1
1083,5415,180.5,camera_3,reacquired,69
1083,5415,180.5,camera_4,lost_track,40
1083,5415,180.5,camera_6,reacquired,41
1083,5415,180.5,camera_7,lost_track,1
1084,5420,180.667,camera_4,removed,-1
1084,5420,180.667,camera_7,removed,-1
1084,5420,180.667,camera_7,removed,22
1085,5425,180.833,camera_3,new_track,77
1085,5425,180.833,camera_3,lost_track,76
1085,5425,180.833,camera_3,removed,74
1085,5425,180.833,camera_3,removed,75
1085,5425,180.833,camera_5,reacquired,110
1086,5430,181.0,camera_2,reacquired,39
1086,5430,181.0,camera_2,removed,-1
1086,5430,181.0,camera_5,lost_track,110
1087,5435,181.167,camera_2,new_track,44
1087,5435,181.167,camera_3,removed,-1
1088,5440,181.333,camera_1,removed,27
1088,5440,181.333,camera_2,lost_track,43
1088,5440,181.333,camera_3,lost_track,70
1088,5440,181.333,camera_5,lost_track,118
1088,5440,181.333,camera_5,removed,116
1088,5440,181.333,camera_5,removed,-1
1088,5440,181.333,camera_6,lost_track,41
1089,5445,181.5,camera_1,removed,-1
1089,5445,181.5,camera_3,reacquired,70
1089,5445,181.5,camera_3,removed,-1
1090,5450,181.667,camera_1,lost_track,32
1090,5450,181.667,camera_2,removed,-1
1090,5450,181.667,camera_6,new_track,43
1090,5450,181.667,camera_6,removed,-1
1091,5455,181.833,camera_6,new_track,44
1091,5455,181.833,camera_6,reacquired,41
1091,5455,181.833,camera_6,lost_track,43
1092,5460,182.0,camera_2,reacquired,43
1092,5460,182.0,camera_2,lost_track,39
1092,5460,182.0,camera_6,lost_track,41
1092,5460,182.0,camera_6,lost_track,44
1093,5465,182.167,camera_2,lost_track,40
1093,5465,182.167,camera_4,reacquired,40
1093,5465,182.167,camera_4,lost_track,38
1093,5465,182.167,camera_6,reacquired,41
1093,5465,182.167,camera_6,removed,-1
1093,5465,182.167,camera_7,lost_track,19
1094,5470,182.333,camera_2,removed,-1
1094,5470,182.333,camera_4,lost_track,40
1094,5470,182.333,camera_6,lost_track,41
1095,5475,182.5,camera_2,reacquired,39
1095,5475,182.5,camera_2,lost_track,43
1095,5475,182.5,camera_3,removed,-1
1095,5475,182.5,camera_6,new_track,45
1095,5475,182.5,camera_6,reacquired,41
1095,5475,182.5,camera_6,removed,-1
1096,5480,182.667,camera_1,removed,-1
1096,5480,182.667,camera_4,new_track,41
1096,5480,182.667,camera_5,reacquired,118
1096,5480,182.667,camera_5,removed,-1
1096,5480,182.667,camera_6,lost_track,45
1097,5485,182.833,camera_5,removed,111
1097,5485,182.833,camera_6,reacquired,45
1097,5485,182.833,camera_6,lost_track,40
1097,5485,182.833,camera_6,lost_track,41
1097,5485,182.833,camera_6,removed,-1
1098,5490,183.0,camera_3,reacquired,76
1098,5490,183.0,camera_3,lost_track,77
1099,5495,183.167,camera_1,lost_track,31
1100,5500,183.333,camera_3,lost_track,76
1100,5500,183.333,camera_5,lost_track,118
1101,5505,183.5,camera_2,new_track,45
1101,5505,183.5,camera_3,reacquired,76
1102,5510,183.667,camera_2,removed,-1
1102,5510,183.667,camera_3,reacquired,77
1102,5510,183.667,camera_3,lost_track,76
1102,5510,183.667,camera_3,removed,-1
1102,5510,183.667,camera_5,lost_track,98
1102,5510,183.667,camera_6,lost_track,42
1103,5515,183.833,camera_1,new_track,33
1103,5515,183.833,camera_3,lost_track,69
1103,5515,183.833,camera_6,new_track,46
1104,5520,184.0,camera_3,removed,-1
1104,5520,184.0,camera_6,lost_track,46
1105,5525,184.167,camera_2,lost_track,45
1106,5530,184.333,camera_2,reacquired,45
1106,5530,184.333,camera_2,lost_track,44
1106,5530,184.333,camera_2,removed,-1
1106,5530,184.333,camera_3,new_track,78
1106,5530,184.333,camera_5,removed,117
1106,5530,184.333,camera_5,removed,-1
1106,5530,184.333,camera_5,removed,119
1106,5530,184.333,camera_7,removed,23
1107,5535,184.5,camera_3,new_track,79
1107,5535,184.5,camera_5,new_track,120
1109,5545,184.833,camera_5,removed,76
1110,5550,185.0,camera_4,removed,39
1111,5555,185.167,camera_3,lost_track,70
1111,5555,185.167,camera_6,lost_track,45
1112,5560,185.333,camera_1,new_track,34
1112,5560,185.333,camera_5,new_track,121
1112,5560,185.333,camera_6,removed,-1
1113,5565,185.5,camera_3,lost_track,79
1113,5565,185.5,camera_7,removed,1
1114,5570,185.667,camera_1,reacquired,31
1114,5570,185.667,camera_1,lost_track,34
1114,5570,185.667,camera_2,removed,-1
1114,5570,185.667,camera_3,removed,-1
1115,5575,185.833,camera_1,lost_track,31
1116,5580,186.0,camera_3,removed,-1
1116,5580,186.0,camera_5,removed,110
1117,5585,186.167,camera_3,reacquired,79
1118,5590,186.333,camera_5,new_track,122
1118,5590,186.333,camera_5,lost_track,120
1119,5595,186.5,camera_2,new_track,46
1119,5595,186.5,camera_5,removed,-1
1120,5600,186.667,camera_1,removed,32
1120,5600,186.667,camera_4,lost_track,41
1121,5605,186.833,camera_5,new_track,123
1121,5605,186.833,camera_5,reacquired,120
1121,5605,186.833,camera_5,lost_track,122
1121,5605,186.833,camera_6,removed,43
1122,5610,187.0,camera_2,lost_track,46
1122,5610,187.0,camera_6,removed,44
1123,5615,187.167,camera_2,removed,40
1123,5615,187.167,camera_3,lost_track,78
1123,5615,187.167,camera_4,removed,38
1123,5615,187.167,camera_7,removed,19
1124,5620,187.333,camera_4,removed,40
1124,5620,187.333,camera_5,lost_track,120
1125,5625,187.5,camera_2,new_track,47
1125,5625,187.5,camera_2,removed,43
1125,5625,187.5,camera_2,removed,-1
1125,5625,187.5,camera_4,new_track,42
1125,5625,187.5,camera_5,removed,-1
1127,5635,187.833,camera_2,removed,-1
1127,5635,187.833,camera_6,removed,40
1127,5635,187.833,camera_6,removed,41
1128,5640,188.0,camera_1,reacquired,31
1128,5640,188.0,camera_1,removed,-1
1128,5640,188.0,camera_2,new_track,48
1128,5640,188.0,camera_4,lost_track,42
1129,5645,188.167,camera_2,lost_track,45
1129,5645,188.167,camera_2,lost_track,47
1129,5645,188.167,camera_4,removed,-1
1130,5650,188.333,camera_5,removed,118
1131,5655,188.5,camera_1,lost_track,31
1131,5655,188.5,camera_5,removed,-1
1132,5660,188.667,camera_1,removed,-1
1132,5660,188.667,camera_3,removed,76
1132,5660,188.667,camera_5,new_track,124
1132,5660,188.667,camera_5,new_track,125
1132,5660,188.667,camera_5,removed,98
1132,5660,188.667,camera_6,removed,42
1133,5665,188.833,camera_3,removed,69
1133,5665,188.833,camera_4,new_track,43
1134,5670,189.0,camera_1,reacquired,31
1134,5670,189.0,camera_2,new_track,49
1134,5670,189.0,camera_6,removed,46
1135,5675,189.167,camera_5,lost_track,125
1136,5680,189.333,camera_2,removed,44
1137,5685,189.5,camera_2,reacquired,45
1137,5685,189.5,camera_2,lost_track,49
1138,5690,189.667,camera_2,removed,-1
1138,5690,189.667,camera_5,lost_track,121
1138,5690,189.667,camera_5,removed,-1
1139,5695,189.833,camera_1,lost_track,31
1139,5695,189.833,camera_1,removed,-1
1139,5695,189.833,camera_2,lost_track,45
1139,5695,189.833,camera_5,new_track,126
1139,5695,189.833,camera_5,new_track,127
1140,5700,190.0,camera_3,new_track,80
1140,5700,190.0,camera_3,new_track,81
1140,5700,190.0,camera_4,new_track,44
1141,5705,190.167,camera_3,removed,70
1141,5705,190.167,camera_6,removed,45
1143,5715,190.5,camera_1,removed,-1
1143,5715,190.5,camera_2,reacquired,45
1143,5715,190.5,camera_2,reacquired,49
1143,5715,190.5,camera_2,lost_track,41
1143,5715,190.5,camera_4,removed,-1
1144,5720,190.667,camera_1,removed,34
1144,5720,190.667,camera_2,new_track,50
1144,5720,190.667,camera_2,lost_track,49
1144,5720,190.667,camera_3,lost_track,81
1144,5720,190.667,camera_3,removed,-1
1144,5720,190.667,camera_4,lost_track,44
1144,5720,190.667,camera_5,lost_track,124
1144,5720,190.667,camera_5,removed,-1
1147,5735,191.167,camera_1,reacquired,31
1147,5735,191.167,camera_3,lost_track,77
1147,5735,191.167,camera_5,reacquired,121
1148,5740,191.333,camera_1,lost_track,31
1148,5740,191.333,camera_3,reacquired,81
1148,5740,191.333,camera_3,lost_track,72
1148,5740,191.333,camera_3,removed,-1
1149,5745,191.5,camera_3,new_track,82
1149,5745,191.5,camera_3,lost_track,81
1149,5745,191.5,camera_5,new_track,128
1150,5750,191.667,camera_1,lost_track,33
1150,5750,191.667,camera_4,removed,41
1150,5750,191.667,camera_5,new_track,129
1151,5755,191.833,camera_1,removed,-1
1151,5755,191.833,camera_5,lost_track,129
1151,5755,191.833,camera_5,lost_track,127
1151,5755,191.833,camera_5,removed,122
1151,5755,191.833,camera_5,removed,-1
1152,5760,192.0,camera_2,removed,46
1152,5760,192.0,camera_5,reacquired,129
1153,5765,192.167,camera_3,new_track,83
1153,5765,192.167,camera_3,removed,78
1154,5770,192.333,camera_1,new_track,35
1154,5770,192.333,camera_3,lost_track,83
1154,5770,192.333,camera_5,removed,120
1155,5775,192.5,camera_3,reacquired,83
1155,5775,192.5,camera_5,lost_track,121
1155,5775,192.5,camera_5,removed,-1
1156,5780,192.667,camera_1,removed,-1
1156,5780,192.667,camera_3,lost_track,83
1157,5785,192.833,camera_1,lost_track,35
1157,5785,192.833,camera_5,new_track,130
1157,5785,192.833,camera_5,lost_track,129
1158,5790,193.0,camera_3,new_track,84
1158,5790,193.0,camera_4,removed,42
1158,5790,193.0,camera_5,reacquired,129
1159,5795,193.167,camera_1,reacquired,33
1159,5795,193.167,camera_1,removed,-1
1159,5795,193.167,camera_2,lost_track,45
1159,5795,193.167,camera_2,removed,47
1159,5795,193.167,camera_5,reacquired,121
1160,5800,193.333,camera_2,lost_track,48
1160,5800,193.333,camera_5,removed,-1
1161,5805,193.5,camera_1,removed,-1
1161,5805,193.5,camera_5,lost_track,129
1161,5805,193.5,camera_6,new_track,47
1162,5810,193.667,camera_3,reacquired,81
1162,5810,193.667,camera_3,lost_track,73
1162,5810,193.667,camera_3,lost_track,84
1162,5810,193.667,camera_5,removed,-1
1163,5815,193.833,camera_2,removed,-1
1163,5815,193.833,camera_3,reacquired,83
1163,5815,193.833,camera_3,lost_track,81
1163,5815,193.833,camera_6,new_track,48
1163,5815,193.833,camera_7,lost_track,18
1164,5820,194.0,camera_3,lost_track,83
1164,5820,194.0,camera_5,new_track,131
1164,5820,194.0,camera_5,lost_track,121
1165,5825,194.167,camera_2,new_track,51
1165,5825,194.167,camera_5,removed,125
1166,5830,194.333,camera_1,removed,-1
1166,5830,194.333,camera_2,lost_track,51
1166,5830,194.333,camera_3,reacquired,73
1166,5830,194.333,camera_5,new_track,132
1166,5830,194.333,camera_6,lost_track,48
1167,5835,194.5,camera_2,lost_track,50
1167,5835,194.5,camera_2,removed,-1
1167,5835,194.5,camera_3,lost_track,82
1167,5835,194.5,camera_3,removed,-1
1168,5840,194.667,camera_1,removed,-1
1168,5840,194.667,camera_2,new_track,52
1168,5840,194.667,camera_2,new_track,53
1168,5840,194.667,camera_5,lost_track,132
1169,5845,194.833,camera_1,new_track,36
1169,5845,194.833,camera_2,removed,-1
1169,5845,194.833,camera_3,reacquired,83
1169,5845,194.833,camera_3,lost_track,73
1169,5845,194.833,camera_5,lost_track,128
1169,5845,194.833,camera_5,removed,-1
1170,5850,195.0,camera_1,reacquired,35
1170,5850,195.0,camera_1,removed,-1
1170,5850,195.0,camera_2,lost_track,53
1170,5850,195.0,camera_3,lost_track,80
1170,5850,195.0,camera_3,lost_track,83
1170,5850,195.0,camera_5,lost_track,130
1171,5855,195.167,camera_1,lost_track,35
1171,5855,195.167,camera_5,removed,-1
1172,5860,195.333,camera_1,reacquired,35
1172,5860,195.333,camera_1,removed,-1
1172,5860,195.333,camera_2,reacquired,51
1172,5860,195.333,camera_2,lost_track,42
1172,5860,195.333,camera_5,new_track,133
1173,5865,195.5,camera_1,lost_track,35
1173,5865,195.5,camera_2,lost_track,51
1173,5865,195.5,camera_2,removed,41
1173,5865,195.5,camera_2,removed,-1
1173,5865,195.5,camera_3,removed,-1
1173,5865,195.5,camera_5,new_track,134
1174,5870,195.667,camera_1,reacquired,35
1174,5870,195.667,camera_2,removed,49
1174,5870,195.667,camera_4,removed,44
1174,5870,195.667,camera_5,new_track,135
1174,5870,195.667,camera_5,removed,124
1174,5870,195.667,camera_5,removed,-1
1175,5875,195.833,camera_1,lost_track,35
1175,5875,195.833,camera_3,reacquired,83
1175,5875,195.833,camera_3,lost_track,71
1176,5880,196.0,camera_2,reacquired,53
1176,5880,196.0,camera_3,lost_track,83
1176,5880,196.0,camera_5,reacquired,132
1176,5880,196.0,camera_5,lost_track,133
1176,5880,196.0,camera_5,removed,-1
1177,5885,196.167,camera_1,reacquired,35
1177,5885,196.167,camera_2,new_track,54
1177,5885,196.167,camera_2,lost_track,53
1177,5885,196.167,camera_3,removed,77
1177,5885,196.167,camera_5,reacquired,133
1177,5885,196.167,camera_5,lost_track,132
1177,5885,196.167,camera_5,lost_track,135
1178,5890,196.333,camera_1,lost_track,35
1178,5890,196.333,camera_1,removed,31
1178,5890,196.333,camera_2,removed,-1
1178,5890,196.333,camera_3,removed,72
1178,5890,196.333,camera_5,reacquired,132
1178,5890,196.333,camera_5,reacquired,135
1179,5895,196.5,camera_2,lost_track,54
1179,5895,196.5,camera_5,lost_track,132
1179,5895,196.5,camera_5,lost_track,134
1180,5900,196.667,camera_5,new_track,136
1180,5900,196.667,camera_5,reacquired,132
1181,5905,196.833,camera_1,reacquired,35
1181,5905,196.833,camera_2,reacquired,54
1181,5905,196.833,camera_2,lost_track,52
1181,5905,196.833,camera_2,lost_track,39
1181,5905,196.833,camera_5,lost_track,135
1181,5905,196.833,camera_5,removed,127
1181,5905,196.833,camera_6,lost_track,47
1182,5910,197.0,camera_1,lost_track,35
1182,5910,197.0,camera_1,lost_track,36
1182,5910,197.0,camera_5,reacquired,135
1182,5910,197.0,camera_6,removed,-1
1184,5920,197.333,camera_1,reacquired,36
1185,5925,197.5,camera_1,lost_track,36
1185,5925,197.5,camera_3,new_track,85
1185,5925,197.5,camera_5,lost_track,123
1186,5930,197.667,camera_2,reacquired,39
1186,5930,197.667,camera_2,removed,-1
1186,5930,197.667,camera_5,new_track,137
1186,5930,197.667,camera_5,lost_track,136
1186,5930,197.667,camera_5,lost_track,132
1187,5935,197.833,camera_5,reacquired,130
1187,5935,197.833,camera_5,reacquired,134
1187,5935,197.833,camera_5,removed,-1
1188,5940,198.0,camera_5,reacquired,132
1189,5945,198.167,camera_2,removed,45
1189,5945,198.167,camera_4,removed,-1
1189,5945,198.167,camera_5,lost_track,132
1189,5945,198.167,camera_5,lost_track,134
1189,5945,198.167,camera_5,lost_track,135
1189,5945,198.167,camera_5,removed,-1
1190,5950,198.333,camera_2,removed,48
1191,5955,198.5,camera_5,new_track,138
1191,5955,198.5,camera_5,new_track,139
1191,5955,198.5,camera_5,new_track,140
1191,5955,198.5,camera_5,reacquired,123
1191,5955,198.5,camera_5,reacquired,134
1191,5955,198.5,camera_5,reacquired,136
1191,5955,198.5,camera_5,lost_track,131
1191,5955,198.5,camera_5,removed,129
1192,5960,198.667,camera_3,removed,84
1192,5960,198.667,camera_4,new_track,45
1192,5960,198.667,camera_5,lost_track,139
1193,5965,198.833,camera_3,removed,81
1193,5965,198.833,camera_4,lost_track,45
1193,5965,198.833,camera_5,reacquired,139
1193,5965,198.833,camera_5,lost_track,137
1193,5965,198.833,camera_7,removed,18
1194,5970,199.0,camera_3,removed,-1
1194,5970,199.0,camera_4,new_track,46
1194,5970,199.0,camera_5,new_track,141
1194,5970,199.0,camera_5,reacquired,132
1194,5970,199.0,camera_5,removed,121
1195,5975,199.167,camera_2,lost_track,54
1195,5975,199.167,camera_4,lost_track,46
1195,5975,199.167,camera_5,lost_track,123
1195,5975,199.167,camera_5,lost_track,139
1196,5980,199.333,camera_2,new_track,55
1196,5980,199.333,camera_2,removed,-1
1196,5980,199.333,camera_4,removed,-1
1196,5980,199.333,camera_5,reacquired,123
1196,5980,199.333,camera_5,lost_track,132
1196,5980,199.333,camera_5,lost_track,133
1196,5980,199.333,camera_5,lost_track,141
1196,5980,199.333,camera_6,removed,48
1197,5985,199.5,camera_2,reacquired,54
1197,5985,199.5,camera_2,lost_track,39
1197,5985,199.5,camera_2,removed,50
1197,5985,199.5,camera_3,removed,82
1197,5985,199.5,camera_5,reacquired,132
1197,5985,199.5,camera_5,reacquired,141
1197,5985,199.5,camera_5,removed,-1
1198,5990,199.667,camera_3,lost_track,85
1198,5990,199.667,camera_5,reacquired,139
1198,5990,199.667,camera_5,lost_track,132
1199,5995,199.833,camera_2,lost_track,54
1199,5995,199.833,camera_3,new_track,86
1199,5995,199.833,camera_3,removed,73
1199,5995,199.833,camera_4,new_track,47
1199,5995,199.833,camera_4,reacquired,45
1199,5995,199.833,camera_4,lost_track,43
1199,5995,199.833,camera_5,lost_track,139
1199,5995,199.833,camera_5,removed,128
1200,6000,200.0,camera_3,removed,80
1200,6000,200.0,camera_5,lost_track,136
1200,6000,200.0,camera_5,lost_track,141
1201,6005,200.167,camera_1,new_track,37
1201,6005,200.167,camera_5,lost_track,134
1202,6010,200.333,camera_2,removed,42
1202,6010,200.333,camera_3,reacquired,85
1202,6010,200.333,camera_3,removed,-1
1202,6010,200.333,camera_4,reacquired,46
1202,6010,200.333,camera_4,lost_track,45
1202,6010,200.333,camera_4,lost_track,47
1202,6010,200.333,camera_5,reacquired,131
1202,6010,200.333,camera_5,removed,-1
1203,6015,200.5,camera_2,removed,51
1203,6015,200.5,camera_4,new_track,48
1204,6020,200.667,camera_4,lost_track,46
1204,6020,200.667,camera_5,lost_track,140
1205,6025,200.833,camera_3,removed,71
1205,6025,200.833,camera_4,removed,-1
1205,6025,200.833,camera_5,lost_track,126
1206,6030,201.0,camera_3,removed,83
1206,6030,201.0,camera_5,lost_track,123
1206,6030,201.0,camera_5,removed,-1
1207,6035,201.167,camera_2,removed,53
1207,6035,201.167,camera_6,removed,-1
1208,6040,201.333,camera_2,new_track,56
1208,6040,201.333,camera_3,lost_track,85
1208,6040,201.333,camera_6,new_track,49
1209,6045,201.5,camera_3,reacquired,85
1210,6050,201.667,camera_3,lost_track,85
1211,6055,201.833,camera_2,removed,52
1211,6055,201.833,camera_5,lost_track,138
1211,6055,201.833,camera_6,removed,47
1212,6060,202.0,camera_1,removed,35
1212,6060,202.0,camera_1,removed,-1
1212,6060,202.0,camera_2,lost_track,55
1212,6060,202.0,camera_6,removed,-1
1213,6065,202.167,camera_2,removed,-1
1213,6065,202.167,camera_4,reacquired,43
1213,6065,202.167,camera_4,lost_track,48
1214,6070,202.333,camera_5,lost_track,130
1214,6070,202.333,camera_6,new_track,50
1215,6075,202.5,camera_1,removed,36
1215,6075,202.5,camera_5,removed,-1
1216,6080,202.667,camera_3,reacquired,85
1217,6085,202.833,camera_3,lost_track,85
1217,6085,202.833,camera_5,reacquired,132
1217,6085,202.833,camera_6,removed,-1
1218,6090,203.0,camera_2,new_track,57
1218,6090,203.0,camera_6,new_track,51
1219,6095,203.167,camera_3,new_track,87
1219,6095,203.167,camera_5,lost_track,132
1219,6095,203.167,camera_5,removed,135
1220,6100,203.333,camera_5,lost_track,131
1221,6105,203.5,camera_5,removed,-1
1221,6105,203.5,camera_6,new_track,52
1222,6110,203.667,camera_3,reacquired,85
1222,6110,203.667,camera_3,lost_track,87
1222,6110,203.667,camera_6,new_track,53
1223,6115,203.833,camera_1,new_track,38
1223,6115,203.833,camera_3,lost_track,85
1223,6115,203.833,camera_5,removed,137
1224,6120,204.0,camera_1,lost_track,38
1224,6120,204.0,camera_2,lost_track,56
1224,6120,204.0,camera_3,reacquired,85
1224,6120,204.0,camera_6,lost_track,52
1225,6125,204.167,camera_2,new_track,58
1225,6125,204.167,camera_7,new_track,24
1226,6130,204.333,camera_1,new_track,39
1226,6130,204.333,camera_2,lost_track,58
1226,6130,204.333,camera_5,removed,133
1227,6135,204.5,camera_2,removed,39
1227,6135,204.5,camera_6,lost_track,49
1229,6145,204.833,camera_2,removed,54
1229,6145,204.833,camera_3,new_track,88
1229,6145,204.833,camera_5,removed,139
1229,6145,204.833,camera_6,new_track,54
1230,6150,205.0,camera_3,lost_track,85
1230,6150,205.0,camera_5,removed,136
1230,6150,205.0,camera_5,removed,141
1231,6155,205.167,camera_5,removed,134
1232,6160,205.333,camera_4,removed,45
1232,6160,205.333,camera_4,removed,47
1233,6165,205.5,camera_3,reacquired,85
1233,6165,205.5,camera_4,lost_track,43
1234,6170,205.667,camera_1,new_track,40
1234,6170,205.667,camera_1,lost_track,33
1234,6170,205.667,camera_4,removed,46
1234,6170,205.667,camera_5,removed,140
1234,6170,205.667,camera_7,new_track,25
1235,6175,205.833,camera_5,removed,126
1236,6180,206.0,camera_5,removed,123
1237,6185,206.167,camera_7,lost_track,25
1238,6190,206.333,camera_3,lost_track,85
1239,6195,206.5,camera_1,removed,-1
1241,6205,206.833,camera_1,removed,-1
1241,6205,206.833,camera_5,removed,138
1242,6210,207.0,camera_2,reacquired,58
1242,6210,207.0,camera_2,lost_track,57
1242,6210,207.0,camera_2,removed,55
1242,6210,207.0,camera_6,removed,-1
1242,6210,207.0,camera_7,lost_track,24
1243,6215,207.167,camera_2,lost_track,58
1243,6215,207.167,camera_4,removed,48
1243,6215,207.167,camera_6,new_track,55
1243,6215,207.167,camera_7,removed,-1
1244,6220,207.333,camera_1,lost_track,40
1244,6220,207.333,camera_5,removed,130
1244,6220,207.333,camera_7,new_track,26
1246,6230,207.667,camera_6,lost_track,55
1248,6240,208.0,camera_1,removed,-1
1248,6240,208.0,camera_7,new_track,27
1249,6245,208.167,camera_5,removed,132
1249,6245,208.167,camera_7,lost_track,26
1250,6250,208.333,camera_5,removed,131
1250,6250,208.333,camera_6,reacquired,52
1250,6250,208.333,camera_6,lost_track,50
1250,6250,208.333,camera_7,new_track,28
1251,6255,208.5,camera_1,lost_track,39
1252,6260,208.667,camera_1,reacquired,39
1252,6260,208.667,camera_1,removed,-1
1252,6260,208.667,camera_3,removed,87
1253,6265,208.833,camera_1,reacquired,38
1253,6265,208.833,camera_1,lost_track,39
1253,6265,208.833,camera_7,reacquired,25
1254,6270,209.0,camera_1,lost_track,38
1254,6270,209.0,camera_1,removed,-1
1254,6270,209.0,camera_2,removed,56
1254,6270,209.0,camera_6,new_track,56
1255,6275,209.167,camera_3,removed,-1
1255,6275,209.167,camera_6,lost_track,56
1255,6275,209.167,camera_7,new_track,29
1256,6280,209.333,camera_3,new_track,89
1256,6280,209.333,camera_6,reacquired,56
1256,6280,209.333,camera_6,lost_track,52
1257,6285,209.5,camera_3,reacquired,85
1257,6285,209.5,camera_6,new_track,57
1257,6285,209.5,camera_6,reacquired,52
1257,6285,209.5,camera_6,removed,49
1257,6285,209.5,camera_6,removed,-1
1257,6285,209.5,camera_7,removed,-1
1258,6290,209.667,camera_3,new_track,90
1258,6290,209.667,camera_3,lost_track,85
1258,6290,209.667,camera_3,lost_track,86
1258,6290,209.667,camera_3,removed,-1
1258,6290,209.667,camera_7,lost_track,25
1259,6295,209.833,camera_3,reacquired,85
1259,6295,209.833,camera_6,lost_track,57
1260,6300,210.0,camera_3,reacquired,86
1260,6300,210.0,camera_6,lost_track,56
1260,6300,210.0,camera_7,lost_track,29
1261,6305,210.167,camera_2,reacquired,58
1261,6305,210.167,camera_6,reacquired,56
1262,6310,210.333,camera_2,removed,-1
1262,6310,210.333,camera_3,lost_track,88
1263,6315,210.5,camera_1,removed,-1
1263,6315,210.5,camera_3,reacquired,88
1263,6315,210.5,camera_4,removed,43
1263,6315,210.5,camera_6,lost_track,56
1263,6315,210.5,camera_7,reacquired,29
1263,6315,210.5,camera_7,removed,-1
1264,6320,210.667,camera_1,removed,33
1264,6320,210.667,camera_3,lost_track,86
1265,6325,210.833,camera_1,reacquired,39
1265,6325,210.833,camera_7,lost_track,29
1266,6330,211.0,camera_5,removed,-1
1267,6335,211.167,camera_3,reacquired,86
1267,6335,211.167,camera_3,lost_track,85
1267,6335,211.167,camera_3,removed,-1
1269,6345,211.5,camera_3,removed,-1
1269,6345,211.5,camera_5,new_track,142
1269,6345,211.5,camera_5,new_track,143
1269,6345,211.5,camera_6,reacquired,56
1271,6355,211.833,camera_1,new_track,41
1271,6355,211.833,camera_1,lost_track,39
1271,6355,211.833,camera_7,new_track,30
1272,6360,212.0,camera_1,lost_track,41
1272,6360,212.0,camera_2,removed,57
1272,6360,212.0,camera_3,reacquired,85
1272,6360,212.0,camera_3,lost_track,90
1272,6360,212.0,camera_7,lost_track,30
1272,6360,212.0,camera_7,removed,24
1273,6365,212.167,camera_3,lost_track,85
1273,6365,212.167,camera_6,new_track,58
1273,6365,212.167,camera_6,removed,-1
1273,6365,212.167,camera_7,lost_track,28
1274,6370,212.333,camera_1,removed,40
1274,6370,212.333,camera_3,reacquired,85
1274,6370,212.333,camera_6,new_track,59
1274,6370,212.333,camera_6,lost_track,56
1274,6370,212.333,camera_7,reacquired,29
1275,6375,212.5,camera_3,lost_track,85
1275,6375,212.5,camera_3,removed,-1
1275,6375,212.5,camera_5,new_track,144
1275,6375,212.5,camera_6,reacquired,56
1275,6375,212.5,camera_6,lost_track,58
1275,6375,212.5,camera_6,lost_track,54
1276,6380,212.667,camera_1,new_track,42
1276,6380,212.667,camera_1,new_track,43
1276,6380,212.667,camera_3,reacquired,85
1276,6380,212.667,camera_4,new_track,49
1276,6380,212.667,camera_6,new_track,60
1276,6380,212.667,camera_6,removed,55
1277,6385,212.833,camera_4,lost_track,49
1277,6385,212.833,camera_5,lost_track,144
1277,6385,212.833,camera_5,removed,-1
1278,6390,213.0,camera_1,lost_track,42
1278,6390,213.0,camera_3,lost_track,79
1278,6390,213.0,camera_3,removed,-1
1278,6390,213.0,camera_4,removed,-1
1278,6390,213.0,camera_6,lost_track,56
1278,6390,213.0,camera_7,lost_track,29
1279,6395,213.167,camera_1,lost_track,43
1279,6395,213.167,camera_5,reacquired,144
1279,6395,213.167,camera_6,reacquired,56
1279,6395,213.167,camera_6,lost_track,59
1279,6395,213.167,camera_6,removed,-1
1279,6395,213.167,camera_7,removed,26
1280,6400,213.333,camera_5,lost_track,144
1280,6400,213.333,camera_6,new_track,61
1280,6400,213.333,camera_6,lost_track,56
1280,6400,213.333,camera_6,removed,50
1281,6405,213.5,camera_1,reacquired,43
1281,6405,213.5,camera_6,lost_track,61
1282,6410,213.667,camera_4,new_track,50
1282,6410,213.667,camera_6,reacquired,61
1283,6415,213.833,camera_4,lost_track,50
1283,6415,213.833,camera_5,new_track,145
1284,6420,214.0,camera_1,removed,38
1284,6420,214.0,camera_4,removed,-1
1284,6420,214.0,camera_6,reacquired,54
1284,6420,214.0,camera_6,lost_track,52
1284,6420,214.0,camera_6,lost_track,61
1284,6420,214.0,camera_6,removed,-1
1285,6425,214.167,camera_3,lost_track,85
1285,6425,214.167,camera_5,reacquired,144
1285,6425,214.167,camera_5,lost_track,145
1285,6425,214.167,camera_6,reacquired,56
1285,6425,214.167,camera_6,reacquired,59
1285,6425,214.167,camera_6,reacquired,61
1286,6430,214.333,camera_2,new_track,59
1286,6430,214.333,camera_3,reacquired,85
1286,6430,214.333,camera_5,lost_track,144
1286,6430,214.333,camera_6,lost_track,56
1286,6430,214.333,camera_6,lost_track,59
1286,6430,214.333,camera_6,lost_track,61
1287,6435,214.5,camera_2,removed,-1
1287,6435,214.5,camera_3,lost_track,85
1287,6435,214.5,camera_5,new_track,146
1287,6435,214.5,camera_6,reacquired,56
1287,6435,214.5,camera_6,removed,-1
1288,6440,214.667,camera_1,reacquired,41
1288,6440,214.667,camera_5,reacquired,145
1288,6440,214.667,camera_7,removed,25
1289,6445,214.833,camera_6,removed,57
1290,6450,215.0,camera_1,lost_track,41
1290,6450,215.0,camera_5,new_track,147
1290,6450,215.0,camera_5,new_track,148
1291,6455,215.167,camera_3,reacquired,85
1291,6455,215.167,camera_5,lost_track,147
1292,6460,215.333,camera_3,lost_track,85
1293,6465,215.5,camera_2,lost_track,58
1293,6465,215.5,camera_3,new_track,91
1293,6465,215.5,camera_3,lost_track,89
1293,6465,215.5,camera_7,reacquired,30
1294,6470,215.667,camera_3,lost_track,91
1294,6470,215.667,camera_3,removed,-1
1294,6470,215.667,camera_5,lost_track,148
1295,6475,215.833,camera_3,new_track,92
1295,6475,215.833,camera_5,lost_track,145
1295,6475,215.833,camera_7,lost_track,30
1297,6485,216.167,camera_1,lost_track,43
1297,6485,216.167,camera_1,removed,-1
1297,6485,216.167,camera_5,reacquired,144
1297,6485,216.167,camera_5,reacquired,145
1298,6490,216.333,camera_3,reacquired,90
1298,6490,216.333,camera_5,lost_track,144
1298,6490,216.333,camera_5,lost_track,145
1298,6490,216.333,camera_6,new_track,62
1298,6490,216.333,camera_6,lost_track,56
1298,6490,216.333,camera_6,removed,-1
1298,6490,216.333,camera_7,reacquired,30
1299,6495,216.5,camera_3,removed,-1
1299,6495,216.5,camera_5,reacquired,144
1299,6495,216.5,camera_5,reacquired,145
1300,6500,216.667,camera_5,new_track,149
1300,6500,216.667,camera_5,removed,-1
1300,6500,216.667,camera_6,lost_track,62
1301,6505,216.833,camera_1,reacquired,42
1301,6505,216.833,camera_1,removed,39
1301,6505,216.833,camera_5,lost_track,144
1301,6505,216.833,camera_5,lost_track,149
1301,6505,216.833,camera_6,reacquired,62
1301,6505,216.833,camera_7,lost_track,30
1302,6510,217.0,camera_1,new_track,44
1302,6510,217.0,camera_3,lost_track,90
1302,6510,217.0,camera_5,reacquired,144
1302,6510,217.0,camera_5,reacquired,149
1302,6510,217.0,camera_7,reacquired,30
1303,6515,217.167,camera_1,lost_track,42
1303,6515,217.167,camera_1,lost_track,44
1303,6515,217.167,camera_2,new_track,60
1303,6515,217.167,camera_3,removed,-1
1303,6515,217.167,camera_5,new_track,150
1303,6515,217.167,camera_5,removed,-1
1303,6515,217.167,camera_6,lost_track,53
1303,6515,217.167,camera_7,removed,28
1304,6520,217.333,camera_1,reacquired,41
1304,6520,217.333,camera_1,lost_track,37
1304,6520,217.333,camera_2,lost_track,60
1304,6520,217.333,camera_5,lost_track,144
1304,6520,217.333,camera_6,removed,-1
1304,6520,217.333,camera_7,new_track,31
1305,6525,217.5,camera_2,lost_track,59
1305,6525,217.5,camera_2,removed,-1
1305,6525,217.5,camera_5,new_track,151
1305,6525,217.5,camera_5,lost_track,149
1305,6525,217.5,camera_6,lost_track,60
1305,6525,217.5,camera_6,removed,58
1305,6525,217.5,camera_7,lost_track,30
1306,6530,217.667,camera_1,removed,-1
1306,6530,217.667,camera_3,removed,-1
1307,6535,217.833,camera_1,reacquired,42
1307,6535,217.833,camera_4,removed,49
1307,6535,217.833,camera_6,lost_track,62
1308,6540,218.0,camera_3,reacquired,90
1308,6540,218.0,camera_3,removed,79
1308,6540,218.0,camera_5,lost_track,146
1308,6540,218.0,camera_5,lost_track,151
1308,6540,218.0,camera_7,removed,29
1309,6545,218.167,camera_1,reacquired,44
1309,6545,218.167,camera_1,lost_track,41
1309,6545,218.167,camera_1,lost_track,42
1309,6545,218.167,camera_2,reacquired,60
1309,6545,218.167,camera_2,removed,-1
1309,6545,218.167,camera_3,lost_track,90
1309,6545,218.167,camera_5,reacquired,151
1309,6545,218.167,camera_5,removed,-1
1309,6545,218.167,camera_6,new_track,63
1310,6550,218.333,camera_1,lost_track,44
1310,6550,218.333,camera_3,new_track,93
1311,6555,218.5,camera_2,new_track,61
1311,6555,218.5,camera_5,lost_track,145
1311,6555,218.5,camera_5,lost_track,151
1313,6565,218.833,camera_4,removed,50
1313,6565,218.833,camera_6,lost_track,63
1314,6570,219.0,camera_5,removed,-1
1314,6570,219.0,camera_6,reacquired,60
1314,6570,219.0,camera_6,removed,52
1314,6570,219.0,camera_6,removed,-1
1315,6575,219.167,camera_1,new_track,45
1315,6575,219.167,camera_2,new_track,62
1315,6575,219.167,camera_2,new_track,63
1316,6580,219.333,camera_6,new_track,64
1316,6580,219.333,camera_6,reacquired,62
1316,6580,219.333,camera_6,removed,59
1316,6580,219.333,camera_6,removed,61
1316,6580,219.333,camera_6,removed,-1
1316,6580,219.333,camera_7,lost_track,31
1317,6585,219.5,camera_5,removed,-1
1318,6590,219.667,camera_1,lost_track,45
1318,6590,219.667,camera_5,new_track,152
1318,6590,219.667,camera_6,lost_track,62
1318,6590,219.667,camera_6,removed,-1
1318,6590,219.667,camera_7,reacquired,30
1319,6595,219.833,camera_5,new_track,153
1319,6595,219.833,camera_6,new_track,65
1319,6595,219.833,camera_7,new_track,32
1319,6595,219.833,camera_7,reacquired,31
1319,6595,219.833,camera_7,lost_track,30
1319,6595,219.833,camera_7,removed,-1
1320,6600,220.0,camera_7,reacquired,30
1320,6600,220.0,camera_7,lost_track,27
1321,6605,220.167,camera_1,removed,-1
1321,6605,220.167,camera_2,lost_track,60
1321,6605,220.167,camera_2,lost_track,63
1321,6605,220.167,camera_5,lost_track,152
1321,6605,220.167,camera_5,removed,147
1321,6605,220.167,camera_6,new_track,66
1321,6605,220.167,camera_6,new_track,67
1321,6605,220.167,camera_6,lost_track,64
1321,6605,220.167,camera_6,removed,-1
1321,6605,220.167,camera_7,reacquired,27
1321,6605,220.167,camera_7,lost_track,30
1322,6610,220.333,camera_2,reacquired,60
1322,6610,220.333,camera_3,removed,85
1322,6610,220.333,camera_5,new_track,154
1322,6610,220.333,camera_5,reacquired,152
1322,6610,220.333,camera_6,new_track,68
1323,6615,220.5,camera_2,lost_track,60
1323,6615,220.5,camera_2,removed,58
1323,6615,220.5,camera_3,lost_track,92
1323,6615,220.5,camera_3,removed,89
1323,6615,220.5,camera_5,reacquired,145
1323,6615,220.5,camera_5,lost_track,152
1323,6615,220.5,camera_5,lost_track,153
1323,6615,220.5,camera_6,new_track,69
1323,6615,220.5,camera_6,lost_track,67
1324,6620,220.667,camera_3,removed,91
1324,6620,220.667,camera_3,removed,-1
1324,6620,220.667,camera_4,new_track,51
1324,6620,220.667,camera_5,lost_track,154
1324,6620,220.667,camera_5,removed,148
1325,6625,220.833,camera_5,removed,-1
1325,6625,220.833,camera_6,lost_track,68
1325,6625,220.833,camera_6,lost_track,69
1326,6630,221.0,camera_1,reacquired,42
1326,6630,221.0,camera_1,lost_track,29
1326,6630,221.0,camera_2,lost_track,62
1326,6630,221.0,camera_6,new_track,70
1326,6630,221.0,camera_6,reacquired,62
1326,6630,221.0,camera_6,lost_track,60
1326,6630,221.0,camera_7,reacquired,30
1326,6630,221.0,camera_7,lost_track,27
1327,6635,221.167,camera_1,reacquired,29
1327,6635,221.167,camera_1,lost_track,42
1327,6635,221.167,camera_1,removed,43
1327,6635,221.167,camera_5,reacquired,152
1327,6635,221.167,camera_5,lost_track,145
1327,6635,221.167,camera_6,lost_track,62
1327,6635,221.167,camera_6,removed,-1
1327,6635,221.167,camera_7,removed,-1
1328,6640,221.333,camera_4,new_track,52
1328,6640,221.333,camera_4,lost_track,51
1328,6640,221.333,camera_5,lost_track,143
1328,6640,221.333,camera_6,reacquired,62
1328,6640,221.333,camera_6,removed,56
1328,6640,221.333,camera_7,reacquired,27
1328,6640,221.333,camera_7,lost_track,30
1329,6645,221.5,camera_2,removed,-1
1329,6645,221.5,camera_4,reacquired,51
1329,6645,221.5,camera_6,lost_track,62
1329,6645,221.5,camera_7,lost_track,27
1329,6645,221.5,camera_7,removed,-1
1330,6650,221.667,camera_2,new_track,64
1330,6650,221.667,camera_4,lost_track,52
1330,6650,221.667,camera_5,reacquired,145
1330,6650,221.667,camera_5,lost_track,152
1330,6650,221.667,camera_6,lost_track,51
1330,6650,221.667,camera_6,lost_track,54
1330,6650,221.667,camera_7,new_track,33
1330,6650,221.667,camera_7,lost_track,32
1331,6655,221.833,camera_3,lost_track,86
1331,6655,221.833,camera_4,removed,-1
1331,6655,221.833,camera_5,new_track,155
1331,6655,221.833,camera_5,lost_track,145
1331,6655,221.833,camera_6,reacquired,51
1331,6655,221.833,camera_6,reacquired,62
1331,6655,221.833,camera_6,lost_track,65
1331,6655,221.833,camera_6,removed,-1
1332,6660,222.0,camera_2,removed,-1
1332,6660,222.0,camera_3,removed,-1
1332,6660,222.0,camera_4,reacquired,52
1332,6660,222.0,camera_5,reacquired,143
1332,6660,222.0,camera_5,lost_track,142
1332,6660,222.0,camera_5,removed,-1
1332,6660,222.0,camera_6,new_track,71
1332,6660,222.0,camera_6,lost_track,62
1332,6660,222.0,camera_7,reacquired,32
1333,6665,222.167,camera_1,reacquired,42
1333,6665,222.167,camera_1,lost_track,29
1333,6665,222.167,camera_2,lost_track,61
1333,6665,222.167,camera_5,new_track,156
1333,6665,222.167,camera_5,reacquired,153
1333,6665,222.167,camera_6,removed,53
1334,6670,222.333,camera_1,removed,37
1334,6670,222.333,camera_5,reacquired,142
1334,6670,222.333,camera_5,reacquired,145
1334,6670,222.333,camera_5,lost_track,153
1334,6670,222.333,camera_5,lost_track,156
1334,6670,222.333,camera_5,lost_track,150
1334,6670,222.333,camera_5,lost_track,143
1334,6670,222.333,camera_5,removed,144
1334,6670,222.333,camera_6,new_track,72
1334,6670,222.333,camera_6,lost_track,71
1334,6670,222.333,camera_6,removed,-1
1334,6670,222.333,camera_7,reacquired,30
1334,6670,222.333,camera_7,lost_track,32
1335,6675,222.5,camera_2,removed,59
1335,6675,222.5,camera_5,reacquired,150
1335,6675,222.5,camera_5,removed,149
1335,6675,222.5,camera_7,removed,-1
1336,6680,222.667,camera_2,new_track,65
1336,6680,222.667,camera_3,new_track,94
1336,6680,222.667,camera_4,removed,-1
1336,6680,222.667,camera_5,removed,-1
1336,6680,222.667,camera_7,reacquired,27
1336,6680,222.667,camera_7,lost_track,30
1337,6685,222.833,camera_3,removed,-1
1337,6685,222.833,camera_4,lost_track,51
1337,6685,222.833,camera_5,new_track,157
1337,6685,222.833,camera_5,reacquired,152
1337,6685,222.833,camera_5,lost_track,145
1338,6690,223.0,camera_1,reacquired,29
1338,6690,223.0,camera_1,lost_track,42
1338,6690,223.0,camera_4,reacquired,51
1338,6690,223.0,camera_4,removed,-1
1338,6690,223.0,camera_5,lost_track,152
1338,6690,223.0,camera_5,removed,146
1339,6695,223.167,camera_1,removed,41
1339,6695,223.167,camera_3,removed,90
1339,6695,223.167,camera_4,new_track,53
1340,6700,223.333,camera_1,removed,44
1340,6700,223.333,camera_4,lost_track,53
1340,6700,223.333,camera_5,removed,-1
1340,6700,223.333,camera_6,reacquired,67
1340,6700,223.333,camera_6,removed,-1
1341,6705,223.5,camera_5,removed,151
1342,6710,223.667,camera_5,lost_track,142
1342,6710,223.667,camera_6,removed,-1
1343,6715,223.833,camera_2,removed,-1
1343,6715,223.833,camera_5,lost_track,155
1343,6715,223.833,camera_6,removed,63
1343,6715,223.833,camera_7,lost_track,33
1344,6720,224.0,camera_2,new_track,66
1344,6720,224.0,camera_6,reacquired,62
1344,6720,224.0,camera_6,lost_track,72
1344,6720,224.0,camera_6,removed,-1
1344,6720,224.0,camera_7,new_track,34
1345,6725,224.167,camera_2,removed,-1
1345,6725,224.167,camera_5,new_track,158
1345,6725,224.167,camera_6,lost_track,62
1345,6725,224.167,camera_7,reacquired,32
1346,6730,224.333,camera_1,new_track,46
1346,6730,224.333,camera_5,new_track,159
1346,6730,224.333,camera_5,lost_track,158
1347,6735,224.5,camera_5,reacquired,158
1347,6735,224.5,camera_5,lost_track,150
1347,6735,224.5,camera_5,lost_track,159
1347,6735,224.5,camera_5,removed,-1
1347,6735,224.5,camera_6,reacquired,65
1347,6735,224.5,camera_6,lost_track,66
1348,6740,224.667,camera_1,removed,45
1348,6740,224.667,camera_3,removed,-1
1348,6740,224.667,camera_6,lost_track,65
1348,6740,224.667,camera_6,lost_track,67
1349,6745,224.833,camera_3,new_track,95
1349,6745,224.833,camera_6,removed,-1
1350,6750,225.0,camera_2,removed,-1
1350,6750,225.0,camera_5,new_track,160
1350,6750,225.0,camera_5,lost_track,157
1350,6750,225.0,camera_7,reacquired,30
1351,6755,225.167,camera_2,new_track,67
1351,6755,225.167,camera_2,removed,63
1351,6755,225.167,camera_4,lost_track,51
1351,6755,225.167,camera_6,removed,64
1351,6755,225.167,camera_7,lost_track,30
1352,6760,225.333,camera_4,new_track,54
1352,6760,225.333,camera_5,lost_track,160
1352,6760,225.333,camera_6,new_track,73
1353,6765,225.5,camera_2,removed,60
1353,6765,225.5,camera_3,removed,92
1353,6765,225.5,camera_4,reacquired,53
1353,6765,225.5,camera_4,lost_track,54
1353,6765,225.5,camera_5,reacquired,160
1353,6765,225.5,camera_7,reacquired,30
1353,6765,225.5,camera_7,lost_track,32
1353,6765,225.5,camera_7,removed,-1
1354,6770,225.667,camera_1,reacquired,42
1354,6770,225.667,camera_1,lost_track,46
1354,6770,225.667,camera_2,lost_track,66
1354,6770,225.667,camera_5,removed,154
1354,6770,225.667,camera_7,reacquired,32
1354,6770,225.667,camera_7,lost_track,27
1354,6770,225.667,camera_7,lost_track,30
1355,6775,225.833,camera_2,new_track,68
1355,6775,225.833,camera_2,lost_track,67
1355,6775,225.833,camera_4,lost_track,53
1355,6775,225.833,camera_6,removed,68
1355,6775,225.833,camera_6,removed,69
1355,6775,225.833,camera_7,new_track,35
1355,6775,225.833,camera_7,reacquired,30
1355,6775,225.833,camera_7,removed,-1
1356,6780,226.0,camera_1,reacquired,46
1356,6780,226.0,camera_2,new_track,69
1356,6780,226.0,camera_2,removed,62
1356,6780,226.0,camera_2,removed,-1
1356,6780,226.0,camera_6,removed,60
1357,6785,226.167,camera_2,new_track,70
1357,6785,226.167,camera_2,lost_track,64
1357,6785,226.167,camera_5,lost_track,160
1357,6785,226.167,camera_6,reacquired,62
1357,6785,226.167,camera_6,removed,-1
1358,6790,226.333,camera_1,lost_track,46
1359,6795,226.5,camera_1,removed,-1
1359,6795,226.5,camera_2,reacquired,64
1359,6795,226.5,camera_2,reacquired,66
1359,6795,226.5,camera_6,removed,-1
1359,6795,226.5,camera_7,lost_track,35
1360,6800,226.667,camera_2,lost_track,68
1360,6800,226.667,camera_2,lost_track,69
1360,6800,226.667,camera_2,lost_track,70
1360,6800,226.667,camera_4,lost_track,52
1360,6800,226.667,camera_6,new_track,74
1360,6800,226.667,camera_6,removed,54
1361,6805,226.833,camera_3,new_track,96
1361,6805,226.833,camera_3,removed,86
1362,6810,227.0,camera_2,reacquired,70
1362,6810,227.0,camera_2,removed,-1
1362,6810,227.0,camera_6,lost_track,74
1363,6815,227.167,camera_1,removed,-1
1363,6815,227.167,camera_2,reacquired,68
1363,6815,227.167,camera_2,reacquired,69
1363,6815,227.167,camera_2,lost_track,64
1363,6815,227.167,camera_2,lost_track,66
1363,6815,227.167,camera_2,removed,61
1364,6820,227.333,camera_2,reacquired,64
1364,6820,227.333,camera_5,removed,153
1364,6820,227.333,camera_5,removed,156
1364,6820,227.333,camera_5,removed,-1
1364,6820,227.333,camera_5,removed,143
1364,6820,227.333,camera_6,removed,71
1365,6825,227.5,camera_2,lost_track,64
1365,6825,227.5,camera_7,lost_track,30
1366,6830,227.667,camera_1,new_track,47
1366,6830,227.667,camera_1,lost_track,42
1366,6830,227.667,camera_2,reacquired,64
1366,6830,227.667,camera_3,lost_track,95
1366,6830,227.667,camera_5,removed,-1
1366,6830,227.667,camera_7,removed,-1
1367,6835,227.833,camera_1,removed,-1
1367,6835,227.833,camera_3,removed,-1
1367,6835,227.833,camera_5,removed,145
1367,6835,227.833,camera_6,new_track,75
1367,6835,227.833,camera_7,reacquired,30
1368,6840,228.0,camera_5,removed,152
1368,6840,228.0,camera_5,removed,-1
1368,6840,228.0,camera_6,lost_track,75
1368,6840,228.0,camera_6,removed,-1
1369,6845,228.167,camera_2,lost_track,69
1369,6845,228.167,camera_6,reacquired,75
1369,6845,228.167,camera_6,lost_track,62
1370,6850,228.333,camera_1,lost_track,47
1370,6850,228.333,camera_2,lost_track,70
1370,6850,228.333,camera_3,lost_track,96
1370,6850,228.333,camera_3,removed,-1
1370,6850,228.333,camera_5,lost_track,158
1370,6850,228.333,camera_6,reacquired,62
1370,6850,228.333,camera_6,lost_track,73
1370,6850,228.333,camera_7,new_track,36
1370,6850,228.333,camera_7,lost_track,32
1370,6850,228.333,camera_7,removed,-1
1371,6855,228.5,camera_2,removed,-1
1371,6855,228.5,camera_7,lost_track,30
1372,6860,228.667,camera_5,removed,142
1372,6860,228.667,camera_7,reacquired,27
1372,6860,228.667,camera_7,removed,-1
1373,6865,228.833,camera_3,reacquired,96
1373,6865,228.833,camera_5,removed,155
1373,6865,228.833,camera_7,removed,33
1374,6870,229.0,camera_6,removed,72
1374,6870,229.0,camera_6,removed,-1
1375,6875,229.167,camera_4,new_track,55
1376,6880,229.333,camera_7,lost_track,36
1376,6880,229.333,camera_7,removed,-1
1377,6885,229.5,camera_4,reacquired,54
1377,6885,229.5,camera_4,lost_track,55
1377,6885,229.5,camera_5,new_track,161
1377,6885,229.5,camera_5,removed,150
1377,6885,229.5,camera_5,removed,159
1377,6885,229.5,camera_6,removed,66
1377,6885,229.5,camera_6,removed,-1
1377,6885,229.5,camera_7,reacquired,36
1378,6890,229.667,camera_1,removed,-1
1378,6890,229.667,camera_6,removed,65
1378,6890,229.667,camera_6,removed,67
1379,6895,229.833,camera_3,removed,-1
1380,6900,230.0,camera_1,reacquired,46
1380,6900,230.0,camera_5,removed,157
1380,6900,230.0,camera_7,lost_track,36
1381,6905,230.167,camera_2,removed,-1
1381,6905,230.167,camera_4,removed,51
1381,6905,230.167,camera_5,lost_track,161
1383,6915,230.5,camera_1,lost_track,46
1385,6925,230.833,camera_2,removed,67
1385,6925,230.833,camera_4,removed,53
1385,6925,230.833,camera_7,new_track,37
1386,6930,231.0,camera_6,removed,-1
1386,6930,231.0,camera_7,lost_track,31
1387,6935,231.167,camera_5,removed,160
1387,6935,231.167,camera_7,new_track,38
1388,6940,231.333,camera_2,removed,-1
1389,6945,231.5,camera_7,removed,35
1390,6950,231.667,camera_4,removed,52
1391,6955,231.833,camera_5,new_track,162
1392,6960,232.0,camera_6,removed,74
1392,6960,232.0,camera_7,reacquired,30
1392,6960,232.0,camera_7,lost_track,38
1393,6965,232.167,camera_2,removed,66
1393,6965,232.167,camera_3,new_track,97
1393,6965,232.167,camera_5,new_track,163
1393,6965,232.167,camera_6,new_track,76
1394,6970,232.333,camera_3,lost_track,96
1394,6970,232.333,camera_7,lost_track,37
1395,6975,232.5,camera_3,reacquired,96
1395,6975,232.5,camera_3,lost_track,97
1395,6975,232.5,camera_4,lost_track,54
1395,6975,232.5,camera_6,lost_track,76
1395,6975,232.5,camera_7,lost_track,30
1395,6975,232.5,camera_7,removed,-1
1396,6980,232.667,camera_1,reacquired,47
1396,6980,232.667,camera_1,removed,42
1396,6980,232.667,camera_3,removed,95
1396,6980,232.667,camera_6,new_track,77
1396,6980,232.667,camera_6,reacquired,76
1396,6980,232.667,camera_6,removed,-1
1397,6985,232.833,camera_1,lost_track,47
1397,6985,232.833,camera_2,removed,-1
1397,6985,232.833,camera_3,reacquired,97
1397,6985,232.833,camera_3,lost_track,96
1397,6985,232.833,camera_3,removed,-1
1397,6985,232.833,camera_5,lost_track,163
1397,6985,232.833,camera_6,lost_track,76
1398,6990,233.0,camera_2,reacquired,70
1398,6990,233.0,camera_2,lost_track,68
1398,6990,233.0,camera_6,new_track,78
1398,6990,233.0,camera_6,lost_track,62
1398,6990,233.0,camera_6,removed,-1
1399,6995,233.167,camera_2,removed,69
1399,6995,233.167,camera_3,lost_track,97
1399,6995,233.167,camera_4,new_track,56
1400,7000,233.333,camera_2,new_track,71
1400,7000,233.333,camera_2,lost_track,70
1400,7000,233.333,camera_3,new_track,98
1400,7000,233.333,camera_3,removed,-1
1400,7000,233.333,camera_5,removed,158
1400,7000,233.333,camera_6,removed,73
1400,7000,233.333,camera_7,new_track,39
1400,7000,233.333,camera_7,removed,32
1401,7005,233.5,camera_3,lost_track,98
1401,7005,233.5,camera_6,reacquired,62
1401,7005,233.5,camera_7,removed,-1
1402,7010,233.667,camera_6,new_track,79
1402,7010,233.667,camera_6,removed,-1
1402,7010,233.667,camera_7,lost_track,39
1403,7015,233.833,camera_2,lost_track,71
1403,7015,233.833,camera_6,new_track,80
1403,7015,233.833,camera_6,lost_track,79
1403,7015,233.833,camera_7,removed,-1
1404,7020,234.0,camera_2,removed,-1
1404,7020,234.0,camera_4,removed,-1
1404,7020,234.0,camera_6,lost_track,80
1404,7020,234.0,camera_7,new_track,40
1405,7025,234.167,camera_3,new_track,99
1405,7025,234.167,camera_4,new_track,57
1405,7025,234.167,camera_6,new_track,81
1405,7025,234.167,camera_6,removed,-1
1405,7025,234.167,camera_7,lost_track,40
1406,7030,234.333,camera_4,lost_track,57
1406,7030,234.333,camera_4,removed,-1
1406,7030,234.333,camera_6,lost_track,62
1406,7030,234.333,camera_7,reacquired,40
1406,7030,234.333,camera_7,lost_track,34
1407,7035,234.5,camera_4,new_track,58
1407,7035,234.5,camera_4,new_track,59
1407,7035,234.5,camera_4,removed,55
1407,7035,234.5,camera_6,lost_track,81
1407,7035,234.5,camera_6,removed,-1
1407,7035,234.5,camera_7,removed,-1
1408,7040,234.667,camera_4,lost_track,58
1408,7040,234.667,camera_6,lost_track,77
1409,7045,234.833,camera_3,lost_track,99
1409,7045,234.833,camera_4,removed,-1
1409,7045,234.833,camera_6,reacquired,62
1410,7050,235.0,camera_4,new_track,60
1410,7050,235.0,camera_7,new_track,41
1410,7050,235.0,camera_7,removed,36
1411,7055,235.167,camera_2,removed,-1
1411,7055,235.167,camera_4,lost_track,59
1411,7055,235.167,camera_5,removed,161
1411,7055,235.167,camera_6,removed,-1
1412,7060,235.333,camera_6,reacquired,77
1412,7060,235.333,camera_7,reacquired,34
1412,7060,235.333,camera_7,lost_track,40
1413,7065,235.5,camera_1,removed,46
1413,7065,235.5,camera_4,lost_track,60
1413,7065,235.5,camera_6,reacquired,79
1414,7070,235.667,camera_6,lost_track,77
1414,7070,235.667,camera_6,lost_track,79
1415,7075,235.833,camera_6,lost_track,62
1416,7080,236.0,camera_7,reacquired,40
1416,7080,236.0,camera_7,lost_track,34
1416,7080,236.0,camera_7,removed,31
1417,7085,236.167,camera_5,new_track,164
1417,7085,236.167,camera_6,lost_track,70
1418,7090,236.333,camera_6,removed,-1
1422,7110,237.0,camera_7,removed,38
1423,7115,237.167,camera_5,new_track,165
1423,7115,237.167,camera_7,lost_track,40
1424,7120,237.333,camera_5,lost_track,164
1424,7120,237.333,camera_5,removed,-1
1424,7120,237.333,camera_7,reacquired,40
1424,7120,237.333,camera_7,removed,37
1425,7125,237.5,camera_3,reacquired,99
1425,7125,237.5,camera_4,removed,54
1425,7125,237.5,camera_6,lost_track,75
1425,7125,237.5,camera_7,removed,30
1426,7130,237.667,camera_5,lost_track,165
1427,7135,237.833,camera_1,new_track,48
1427,7135,237.833,camera_1,removed,47
1427,7135,237.833,camera_3,removed,96
1427,7135,237.833,camera_5,reacquired,165
1427,7135,237.833,camera_5,removed,163
1427,7135,237.833,camera_6,lost_track,51
1427,7135,237.833,camera_6,removed,76
1428,7140,238.0,camera_2,removed,68
1428,7140,238.0,camera_6,removed,-1
1429,7145,238.167,camera_3,lost_track,99
1429,7145,238.167,camera_3,removed,97
1429,7145,238.167,camera_4,removed,-1
1429,7145,238.167,camera_5,removed,-1
1430,7150,238.333,camera_1,new_track,49
1430,7150,238.333,camera_2,removed,70
1430,7150,238.333,camera_4,new_track,61
1430,7150,238.333,camera_5,new_track,166
1431,7155,238.5,camera_1,lost_track,48
1431,7155,238.5,camera_3,removed,98
1432,7160,238.667,camera_5,lost_track,162
1432,7160,238.667,camera_5,lost_track,165
1432,7160,238.667,camera_5,removed,-1
1432,7160,238.667,camera_7,reacquired,34
1432,7160,238.667,camera_7,lost_track,40
1432,7160,238.667,camera_7,removed,39
1433,7165,238.833,camera_1,removed,-1
1433,7165,238.833,camera_2,removed,71
1433,7165,238.833,camera_3,reacquired,99
1433,7165,238.833,camera_3,lost_track,94
1433,7165,238.833,camera_6,lost_track,78
1433,7165,238.833,camera_7,new_track,42
1434,7170,239.0,camera_6,removed,80
1434,7170,239.0,camera_6,removed,-1
1434,7170,239.0,camera_7,lost_track,27
1435,7175,239.167,camera_7,reacquired,27
1435,7175,239.167,camera_7,lost_track,42
1436,7180,239.333,camera_3,lost_track,99
1436,7180,239.333,camera_4,removed,57
1436,7180,239.333,camera_7,reacquired,40
1436,7180,239.333,camera_7,lost_track,34
1437,7185,239.5,camera_3,lost_track,93
1437,7185,239.5,camera_6,removed,81
1437,7185,239.5,camera_7,removed,-1
1438,7190,239.667,camera_3,removed,-1
1438,7190,239.667,camera_4,removed,58
1438,7190,239.667,camera_5,new_track,167
1439,7195,239.833,camera_1,lost_track,29
1439,7195,239.833,camera_4,removed,-1
1439,7195,239.833,camera_5,new_track,168
1439,7195,239.833,camera_5,lost_track,167
1440,7200,240.0,camera_1,lost_track,49
1440,7200,240.0,camera_5,reacquired,167
1440,7200,240.0,camera_5,removed,-1
1441,7205,240.167,camera_1,reacquired,49
1441,7205,240.167,camera_3,lost_track,88
1441,7205,240.167,camera_4,removed,59
1441,7205,240.167,camera_5,new_track,169
1442,7210,240.333,camera_1,lost_track,49
1442,7210,240.333,camera_5,lost_track,167
1443,7215,240.5,camera_2,lost_track,65
1443,7215,240.5,camera_4,removed,60
1443,7215,240.5,camera_5,new_track,170
1443,7215,240.5,camera_5,reacquired,167
1444,7220,240.667,camera_2,new_track,72
1444,7220,240.667,camera_4,removed,-1
1444,7220,240.667,camera_5,new_track,171
1444,7220,240.667,camera_5,reacquired,165
1444,7220,240.667,camera_6,removed,77
1444,7220,240.667,camera_6,removed,79
1445,7225,240.833,camera_2,removed,-1
1445,7225,240.833,camera_4,lost_track,56
1445,7225,240.833,camera_5,lost_track,165
1445,7225,240.833,camera_5,lost_track,167
1445,7225,240.833,camera_6,removed,62
1446,7230,241.0,camera_4,removed,-1
1446,7230,241.0,camera_5,new_track,172
1447,7235,241.167,camera_5,new_track,173
1447,7235,241.167,camera_5,reacquired,165
1447,7235,241.167,camera_6,removed,70
1448,7240,241.333,camera_2,lost_track,72
1448,7240,241.333,camera_5,removed,-1
1449,7245,241.5,camera_2,removed,-1
1449,7245,241.5,camera_5,new_track,174
1451,7255,241.833,camera_5,lost_track,165
1451,7255,241.833,camera_5,removed,-1
1452,7260,242.0,camera_4,lost_track,61
1452,7260,242.0,camera_7,lost_track,40
1453,7265,242.167,camera_2,new_track,73
1453,7265,242.167,camera_2,removed,-1
1453,7265,242.167,camera_4,reacquired,61
1453,7265,242.167,camera_4,removed,-1
1453,7265,242.167,camera_5,lost_track,169
1453,7265,242.167,camera_7,removed,-1
1454,7270,242.333,camera_5,new_track,175
1454,7270,242.333,camera_5,removed,164
1454,7270,242.333,camera_5,removed,-1
1454,7270,242.333,camera_7,reacquired,40
1455,7275,242.5,camera_2,lost_track,73
1455,7275,242.5,camera_5,reacquired,165
1455,7275,242.5,camera_5,lost_track,171
1455,7275,242.5,camera_6,removed,75
1455,7275,242.5,camera_7,lost_track,27
1455,7275,242.5,camera_7,removed,-1
1456,7280,242.667,camera_2,new_track,74
1456,7280,242.667,camera_2,reacquired,73
1456,7280,242.667,camera_2,removed,-1
1456,7280,242.667,camera_5,reacquired,171
1456,7280,242.667,camera_5,removed,-1
1456,7280,242.667,camera_7,new_track,43
1457,7285,242.833,camera_2,lost_track,74
1457,7285,242.833,camera_6,removed,51
1458,7290,243.0,camera_2,removed,-1
1458,7290,243.0,camera_5,lost_track,165
1458,7290,243.0,camera_5,lost_track,175
1459,7295,243.167,camera_5,removed,-1
1460,7300,243.333,camera_2,removed,-1
1460,7300,243.333,camera_5,lost_track,173
1461,7305,243.5,camera_1,removed,48
1461,7305,243.5,camera_2,new_track,75
1461,7305,243.5,camera_5,new_track,176
1461,7305,243.5,camera_5,reacquired,165
1462,7310,243.667,camera_2,lost_track,75
1462,7310,243.667,camera_3,reacquired,99
1462,7310,243.667,camera_5,reacquired,173
1462,7310,243.667,camera_5,lost_track,176
1462,7310,243.667,camera_5,removed,162
1463,7315,243.833,camera_3,removed,94
1463,7315,243.833,camera_4,new_track,62
1463,7315,243.833,camera_5,reacquired,176
1463,7315,243.833,camera_5,lost_track,168
1463,7315,243.833,camera_5,lost_track,170
1463,7315,243.833,camera_5,lost_track,173
1463,7315,243.833,camera_6,removed,78
1464,7320,244.0,camera_5,reacquired,168
1464,7320,244.0,camera_5,reacquired,173
1464,7320,244.0,camera_5,lost_track,176
1464,7320,244.0,camera_5,lost_track,165
1464,7320,244.0,camera_5,removed,-1
1465,7325,244.167,camera_5,reacquired,165
1465,7325,244.167,camera_5,lost_track,173
1465,7325,244.167,camera_7,removed,42
1466,7330,244.333,camera_5,new_track,177
1466,7330,244.333,camera_5,reacquired,173
1466,7330,244.333,camera_5,lost_track,165
1466,7330,244.333,camera_7,removed,34
1467,7335,244.5,camera_2,reacquired,74
1467,7335,244.5,camera_3,removed,93
1467,7335,244.5,camera_5,new_track,178
1467,7335,244.5,camera_5,lost_track,177
1468,7340,244.667,camera_2,lost_track,64
1468,7340,244.667,camera_2,lost_track,74
1468,7340,244.667,camera_2,removed,-1
1468,7340,244.667,camera_5,reacquired,175
1468,7340,244.667,camera_5,lost_track,172
1469,7345,244.833,camera_1,removed,29
1469,7345,244.833,camera_2,new_track,76
1469,7345,244.833,camera_4,new_track,63
1469,7345,244.833,camera_5,reacquired,177
1470,7350,245.0,camera_6,new_track,82
1471,7355,245.167,camera_3,removed,88
1471,7355,245.167,camera_5,lost_track,168
1471,7355,245.167,camera_5,lost_track,177
1471,7355,245.167,camera_5,lost_track,173
1471,7355,245.167,camera_6,new_track,83
1471,7355,245.167,camera_7,lost_track,41
1472,7360,245.333,camera_1,removed,49
1472,7360,245.333,camera_2,lost_track,73
1472,7360,245.333,camera_5,new_track,179
1472,7360,245.333,camera_5,removed,-1
1473,7365,245.5,camera_2,lost_track,76
1473,7365,245.5,camera_2,removed,65
1473,7365,245.5,camera_5,new_track,180
1473,7365,245.5,camera_5,lost_track,178
1474,7370,245.667,camera_4,lost_track,63
1474,7370,245.667,camera_5,new_track,181
1474,7370,245.667,camera_5,new_track,182
1474,7370,245.667,camera_5,reacquired,168
1474,7370,245.667,camera_5,lost_track,179
1474,7370,245.667,camera_5,lost_track,180
1474,7370,245.667,camera_6,lost_track,83
1475,7375,245.833,camera_4,removed,56
1475,7375,245.833,camera_5,lost_track,181
1475,7375,245.833,camera_5,lost_track,182
1475,7375,245.833,camera_5,removed,167
1476,7380,246.0,camera_5,reacquired,178
1476,7380,246.0,camera_5,reacquired,181
1477,7385,246.167,camera_5,lost_track,168
1477,7385,246.167,camera_5,lost_track,166
1478,7390,246.333,camera_2,removed,72
1478,7390,246.333,camera_3,lost_track,99
1478,7390,246.333,camera_4,removed,-1
1478,7390,246.333,camera_5,lost_track,178
1478,7390,246.333,camera_5,removed,-1
1479,7395,246.5,camera_4,new_track,64
1479,7395,246.5,camera_5,reacquired,168
1479,7395,246.5,camera_5,reacquired,178
1479,7395,246.5,camera_6,removed,-1
1480,7400,246.667,camera_5,lost_track,181
1480,7400,246.667,camera_6,new_track,84
1481,7405,246.833,camera_5,reacquired,166
1481,7405,246.833,camera_5,removed,-1
1481,7405,246.833,camera_7,lost_track,40
1482,7410,247.0,camera_5,new_track,183
1482,7410,247.0,camera_5,reacquired,165
1482,7410,247.0,camera_6,new_track,85
1483,7415,247.167,camera_5,removed,169
1484,7420,247.333,camera_4,lost_track,64
1484,7420,247.333,camera_5,new_track,184
1485,7425,247.5,camera_6,lost_track,85
1485,7425,247.5,camera_7,removed,27
1486,7430,247.667,camera_3,new_track,100
1486,7430,247.667,camera_5,reacquired,179
1486,7430,247.667,camera_5,lost_track,166
1486,7430,247.667,camera_5,lost_track,183
1486,7430,247.667,camera_5,removed,-1
1487,7435,247.833,camera_5,reacquired,183
1487,7435,247.833,camera_5,lost_track,171
1488,7440,248.0,camera_5,reacquired,166
1488,7440,248.0,camera_5,lost_track,184
1488,7440,248.0,camera_5,lost_track,179
1488,7440,248.0,camera_5,lost_track,165
1489,7445,248.167,camera_4,lost_track,62
1489,7445,248.167,camera_5,reacquired,182
1489,7445,248.167,camera_5,lost_track,178
1490,7450,248.333,camera_5,reacquired,165
1490,7450,248.333,camera_5,reacquired,178
1490,7450,248.333,camera_5,lost_track,182
1490,7450,248.333,camera_5,lost_track,183
1491,7455,248.5,camera_4,removed,-1
1492,7460,248.667,camera_2,removed,75
1492,7460,248.667,camera_4,new_track,65
1492,7460,248.667,camera_6,lost_track,82
1493,7465,248.833,camera_4,lost_track,65
1493,7465,248.833,camera_5,removed,170
1494,7470,249.0,camera_5,new_track,185
1494,7470,249.0,camera_5,lost_track,165
1494,7470,249.0,camera_5,removed,176
1495,7475,249.167,camera_5,lost_track,174
1496,7480,249.333,camera_5,lost_track,185
1496,7480,249.333,camera_6,removed,-1
1497,7485,249.5,camera_2,new_track,77
1497,7485,249.5,camera_5,reacquired,165
1497,7485,249.5,camera_5,reacquired,185
1497,7485,249.5,camera_6,new_track,86
1498,7490,249.667,camera_2,removed,64
1498,7490,249.667,camera_2,removed,74
1498,7490,249.667,camera_5,new_track,186
1498,7490,249.667,camera_5,lost_track,166
1498,7490,249.667,camera_5,removed,172
1499,7495,249.833,camera_5,reacquired,166
1499,7495,249.833,camera_5,lost_track,165
1501,7505,250.167,camera_1,new_track,50
1501,7505,250.167,camera_5,reacquired,165
1501,7505,250.167,camera_5,lost_track,168
1501,7505,250.167,camera_5,lost_track,186
1501,7505,250.167,camera_5,removed,177
1501,7505,250.167,camera_5,removed,173
1501,7505,250.167,camera_7,removed,41
1502,7510,250.333,camera_2,removed,73
1502,7510,250.333,camera_5,lost_track,165
1502,7510,250.333,camera_5,removed,-1
1502,7510,250.333,camera_7,new_track,44
1503,7515,250.5,camera_1,removed,-1
1503,7515,250.5,camera_2,removed,76
1503,7515,250.5,camera_5,new_track,187
1504,7520,250.667,camera_4,removed,63
1504,7520,250.667,camera_5,removed,180
1504,7520,250.667,camera_6,removed,83
1504,7520,250.667,camera_7,lost_track,44
1505,7525,250.833,camera_5,new_track,188
1505,7525,250.833,camera_5,lost_track,166
1505,7525,250.833,camera_5,removed,-1
1505,7525,250.833,camera_6,new_track,87
1505,7525,250.833,camera_7,new_track,45
1506,7530,251.0,camera_5,lost_track,188
1506,7530,251.0,camera_6,new_track,88
1508,7540,251.333,camera_3,removed,99
1508,7540,251.333,camera_5,reacquired,166
1508,7540,251.333,camera_6,removed,-1
1509,7545,251.5,camera_3,reacquired,99
1509,7545,251.5,camera_5,reacquired,188
1509,7545,251.5,camera_5,lost_track,166
1509,7545,251.5,camera_5,removed,-1
1510,7550,251.667,camera_5,reacquired,182
1510,7550,251.667,camera_5,removed,181
1510,7550,251.667,camera_6,lost_track,87
1510,7550,251.667,camera_7,lost_track,45
1511,7555,251.833,camera_3,lost_track,99
1511,7555,251.833,camera_5,new_track,189
1511,7555,251.833,camera_5,lost_track,188
1511,7555,251.833,camera_7,removed,40
1512,7560,252.0,camera_3,reacquired,99
1512,7560,252.0,camera_5,lost_track,185
1512,7560,252.0,camera_5,removed,-1
1512,7560,252.0,camera_6,new_track,89
1513,7565,252.167,camera_5,reacquired,185
1513,7565,252.167,camera_5,lost_track,182
1513,7565,252.167,camera_6,lost_track,89
1513,7565,252.167,camera_7,new_track,46
1514,7570,252.333,camera_4,removed,64
1514,7570,252.333,camera_5,new_track,190
1514,7570,252.333,camera_5,reacquired,182
1514,7570,252.333,camera_6,new_track,90
1514,7570,252.333,camera_6,removed,-1
1515,7575,252.5,camera_2,new_track,78
1515,7575,252.5,camera_5,reacquired,188
1515,7575,252.5,camera_5,lost_track,178
1515,7575,252.5,camera_5,lost_track,189
1515,7575,252.5,camera_6,lost_track,90
1515,7575,252.5,camera_6,removed,85
1516,7580,252.667,camera_2,lost_track,77
1516,7580,252.667,camera_5,reacquired,178
1516,7580,252.667,camera_5,reacquired,189
1516,7580,252.667,camera_5,lost_track,185
1516,7580,252.667,camera_5,lost_track,188
1516,7580,252.667,camera_6,reacquired,90
1516,7580,252.667,camera_6,lost_track,86
1517,7585,252.833,camera_4,lost_track,61
1517,7585,252.833,camera_5,reacquired,166
1517,7585,252.833,camera_5,reacquired,188
1517,7585,252.833,camera_5,lost_track,178
1517,7585,252.833,camera_5,removed,171
1517,7585,252.833,camera_5,removed,-1
1517,7585,252.833,camera_6,removed,-1
1517,7585,252.833,camera_7,reacquired,44
1517,7585,252.833,camera_7,lost_track,43
1518,7590,253.0,camera_4,removed,-1
1518,7590,253.0,camera_5,new_track,191
1518,7590,253.0,camera_5,lost_track,188
1518,7590,253.0,camera_5,lost_track,182
1518,7590,253.0,camera_5,removed,184
1518,7590,253.0,camera_5,removed,179
1518,7590,253.0,camera_6,lost_track,88
1518,7590,253.0,camera_6,lost_track,90
1518,7590,253.0,camera_7,reacquired,45
1518,7590,253.0,camera_7,lost_track,44
1518,7590,253.0,camera_7,lost_track,46
1519,7595,253.167,camera_4,removed,62
1519,7595,253.167,camera_5,reacquired,182
1519,7595,253.167,camera_6,new_track,91
1519,7595,253.167,camera_6,removed,-1
1519,7595,253.167,camera_7,reacquired,43
1519,7595,253.167,camera_7,lost_track,45
1520,7600,253.333,camera_1,removed,-1
1520,7600,253.333,camera_5,reacquired,178
1520,7600,253.333,camera_5,lost_track,189
1520,7600,253.333,camera_5,lost_track,166
1520,7600,253.333,camera_5,removed,183
1521,7605,253.5,camera_5,reacquired,166
1521,7605,253.5,camera_5,reacquired,189
1521,7605,253.5,camera_6,new_track,92
1521,7605,253.5,camera_6,lost_track,84
1522,7610,253.667,camera_4,reacquired,61
1522,7610,253.667,camera_5,new_track,192
1522,7610,253.667,camera_5,reacquired,188
1522,7610,253.667,camera_5,lost_track,175
1522,7610,253.667,camera_6,reacquired,84
1522,7610,253.667,camera_6,lost_track,92
1522,7610,253.667,camera_6,removed,82
1522,7610,253.667,camera_6,removed,-1
1522,7610,253.667,camera_7,reacquired,46
1523,7615,253.833,camera_4,removed,65
1523,7615,253.833,camera_5,lost_track,192
1523,7615,253.833,camera_5,lost_track,189
1523,7615,253.833,camera_5,lost_track,166
1523,7615,253.833,camera_6,lost_track,84
1524,7620,254.0,camera_5,reacquired,192
1524,7620,254.0,camera_5,lost_track,188
1524,7620,254.0,camera_5,removed,-1
1524,7620,254.0,camera_6,removed,-1
1524,7620,254.0,camera_7,lost_track,46
1525,7625,254.167,camera_5,removed,174
1525,7625,254.167,camera_6,new_track,93
1526,7630,254.333,camera_5,reacquired,189
1526,7630,254.333,camera_5,lost_track,191
1526,7630,254.333,camera_5,removed,-1
1526,7630,254.333,camera_6,lost_track,93
1527,7635,254.5,camera_4,lost_track,61
1527,7635,254.5,camera_5,lost_track,189
1528,7640,254.667,camera_2,lost_track,78
1528,7640,254.667,camera_5,new_track,193
1528,7640,254.667,camera_5,reacquired,166
1528,7640,254.667,camera_5,reacquired,189
1528,7640,254.667,camera_5,lost_track,182
1528,7640,254.667,camera_5,removed,-1
1529,7645,254.833,camera_2,removed,-1
1529,7645,254.833,camera_5,reacquired,182
1529,7645,254.833,camera_5,lost_track,193
1529,7645,254.833,camera_5,lost_track,189
1529,7645,254.833,camera_6,reacquired,89
1529,7645,254.833,camera_6,removed,-1
1530,7650,255.0,camera_5,lost_track,166
1530,7650,255.0,camera_6,reacquired,93
1531,7655,255.167,camera_3,lost_track,99
1531,7655,255.167,camera_5,removed,168
1531,7655,255.167,camera_5,removed,186
1531,7655,255.167,camera_6,new_track,94
1532,7660,255.333,camera_4,reacquired,61
1532,7660,255.333,camera_4,removed,-1
1532,7660,255.333,camera_5,reacquired,189
1532,7660,255.333,camera_5,removed,165
1532,7660,255.333,camera_5,removed,-1
1532,7660,255.333,camera_6,new_track,95
1532,7660,255.333,camera_6,lost_track,94
1533,7665,255.5,camera_6,new_track,96
1533,7665,255.5,camera_6,reacquired,94
1533,7665,255.5,camera_6,lost_track,95
1533,7665,255.5,camera_6,removed,-1
1533,7665,255.5,camera_7,reacquired,45
1534,7670,255.667,camera_5,lost_track,189
1534,7670,255.667,camera_5,lost_track,182
1534,7670,255.667,camera_6,lost_track,94
1535,7675,255.833,camera_6,reacquired,94
1535,7675,255.833,camera_7,lost_track,45
1536,7680,256.0,camera_5,new_track,194
1536,7680,256.0,camera_5,reacquired,189
1536,7680,256.0,camera_5,lost_track,192
1536,7680,256.0,camera_6,new_track,97
1536,7680,256.0,camera_6,lost_track,96
1537,7685,256.167,camera_5,reacquired,192
1537,7685,256.167,camera_5,removed,-1
1537,7685,256.167,camera_6,lost_track,97
1537,7685,256.167,camera_7,reacquired,45
1538,7690,256.333,camera_5,lost_track,178
1538,7690,256.333,camera_6,new_track,98
1538,7690,256.333,camera_6,reacquired,96
1538,7690,256.333,camera_6,removed,-1
1539,7695,256.5,camera_5,reacquired,178
1539,7695,256.5,camera_5,lost_track,194
1539,7695,256.5,camera_6,lost_track,89
1539,7695,256.5,camera_7,new_track,47
1540,7700,256.667,camera_5,new_track,195
1540,7700,256.667,camera_5,lost_track,190
1540,7700,256.667,camera_6,reacquired,89
1540,7700,256.667,camera_6,lost_track,94
1540,7700,256.667,camera_6,removed,87
1541,7705,256.833,camera_5,removed,-1
1541,7705,256.833,camera_6,reacquired,94
1541,7705,256.833,camera_6,lost_track,89
1541,7705,256.833,camera_7,lost_track,47
1543,7715,257.167,camera_5,lost_track,189
1544,7720,257.333,camera_5,reacquired,189
1544,7720,257.333,camera_6,lost_track,94
1545,7725,257.5,camera_4,new_track,66
1545,7725,257.5,camera_4,removed,-1
1545,7725,257.5,camera_5,lost_track,189
1545,7725,257.5,camera_5,removed,-1
1545,7725,257.5,camera_7,new_track,48
1546,7730,257.667,camera_2,removed,77
1546,7730,257.667,camera_2,removed,-1
1546,7730,257.667,camera_5,removed,185
1546,7730,257.667,camera_6,reacquired,94
1546,7730,257.667,camera_6,removed,86
1547,7735,257.833,camera_2,new_track,79
1547,7735,257.833,camera_5,lost_track,195
1547,7735,257.833,camera_6,reacquired,89
1547,7735,257.833,camera_6,lost_track,98
1547,7735,257.833,camera_6,lost_track,94
1547,7735,257.833,camera_6,removed,-1
1547,7735,257.833,camera_7,lost_track,45
1548,7740,258.0,camera_5,reacquired,189
1548,7740,258.0,camera_5,reacquired,195
1548,7740,258.0,camera_5,removed,-1
1548,7740,258.0,camera_6,reacquired,94
1548,7740,258.0,camera_6,lost_track,96
1548,7740,258.0,camera_6,removed,88
1548,7740,258.0,camera_6,removed,90
1548,7740,258.0,camera_7,removed,44
1548,7740,258.0,camera_7,removed,-1
1549,7745,258.167,camera_5,lost_track,178
1549,7745,258.167,camera_5,lost_track,189
1549,7745,258.167,camera_6,new_track,99
1549,7745,258.167,camera_6,lost_track,94
1551,7755,258.5,camera_1,removed,-1
1551,7755,258.5,camera_6,lost_track,91
1551,7755,258.5,camera_6,lost_track,99
1551,7755,258.5,camera_6,removed,-1
1552,7760,258.667,camera_5,removed,175
1552,7760,258.667,camera_6,new_track,100
1552,7760,258.667,camera_6,removed,92
1552,7760,258.667,camera_7,reacquired,45
1552,7760,258.667,camera_7,lost_track,48
1553,7765,258.833,camera_5,reacquired,189
1553,7765,258.833,camera_6,removed,84
1554,7770,259.0,camera_3,removed,-1
1554,7770,259.0,camera_4,lost_track,66
1554,7770,259.0,camera_5,new_track,196
1554,7770,259.0,camera_5,removed,188
1554,7770,259.0,camera_6,new_track,101
1554,7770,259.0,camera_7,reacquired,48
1554,7770,259.0,camera_7,removed,46
1554,7770,259.0,camera_7,removed,-1
1555,7775,259.167,camera_1,removed,-1
1555,7775,259.167,camera_3,new_track,101
1555,7775,259.167,camera_4,new_track,67
1555,7775,259.167,camera_5,lost_track,192
1555,7775,259.167,camera_5,lost_track,196
1555,7775,259.167,camera_5,lost_track,189
1555,7775,259.167,camera_6,lost_track,101
1556,7780,259.333,camera_3,reacquired,99
1556,7780,259.333,camera_5,removed,-1
1556,7780,259.333,camera_5,removed,191
1557,7785,259.5,camera_1,removed,-1
1557,7785,259.5,camera_3,lost_track,99
1557,7785,259.5,camera_3,lost_track,101
1557,7785,259.5,camera_4,lost_track,67
1557,7785,259.5,camera_5,reacquired,196
1558,7790,259.667,camera_2,removed,78
1558,7790,259.667,camera_3,removed,-1
1559,7795,259.833,camera_5,reacquired,192
1559,7795,259.833,camera_5,removed,193
1559,7795,259.833,camera_6,removed,-1
1560,7800,260.0,camera_2,new_track,80
1560,7800,260.0,camera_5,removed,166
1560,7800,260.0,camera_6,lost_track,89
1561,7805,260.167,camera_5,reacquired,189
1561,7805,260.167,camera_5,removed,-1
1561,7805,260.167,camera_6,removed,-1
1562,7810,260.333,camera_1,lost_track,50
1562,7810,260.333,camera_3,new_track,102
1562,7810,260.333,camera_5,lost_track,187
1562,7810,260.333,camera_6,reacquired,96
1562,7810,260.333,camera_6,lost_track,93
1563,7815,260.5,camera_4,lost_track,61
1563,7815,260.5,camera_5,lost_track,192
1563,7815,260.5,camera_5,lost_track,189
1563,7815,260.5,camera_5,removed,-1
1563,7815,260.5,camera_6,removed,95
1564,7820,260.667,camera_5,reacquired,187
1564,7820,260.667,camera_5,reacquired,192
1564,7820,260.667,camera_5,lost_track,196
1564,7820,260.667,camera_5,removed,182
1564,7820,260.667,camera_7,lost_track,48
1565,7825,260.833,camera_2,removed,-1
1565,7825,260.833,camera_5,reacquired,178
1565,7825,260.833,camera_7,new_track,49
1566,7830,261.0,camera_1,new_track,51
1566,7830,261.0,camera_5,lost_track,192
1566,7830,261.0,camera_6,removed,-1
1567,7835,261.167,camera_2,lost_track,79
1567,7835,261.167,camera_5,new_track,197
1567,7835,261.167,camera_5,removed,-1
1567,7835,261.167,camera_6,removed,97
1568,7840,261.333,camera_5,new_track,198
1568,7840,261.333,camera_5,reacquired,196
1568,7840,261.333,camera_5,lost_track,195
1569,7845,261.5,camera_5,reacquired,195
1569,7845,261.5,camera_5,lost_track,197
1569,7845,261.5,camera_5,removed,194
1569,7845,261.5,camera_5,removed,-1
1570,7850,261.667,camera_5,new_track,199
1570,7850,261.667,camera_5,removed,190
1571,7855,261.833,camera_5,lost_track,196
1571,7855,261.833,camera_6,reacquired,89
1571,7855,261.833,camera_6,lost_track,96
1571,7855,261.833,camera_7,removed,47
1572,7860,262.0,camera_3,lost_track,102
1572,7860,262.0,camera_3,removed,-1
1572,7860,262.0,camera_5,lost_track,187
1572,7860,262.0,camera_6,reacquired,96
1572,7860,262.0,camera_6,lost_track,89
1572,7860,262.0,camera_6,removed,-1
1572,7860,262.0,camera_7,removed,-1
1573,7865,262.167,camera_1,lost_track,51
1573,7865,262.167,camera_1,removed,-1
1573,7865,262.167,camera_6,reacquired,91
1573,7865,262.167,camera_6,lost_track,96
1574,7870,262.333,camera_5,reacquired,187
1574,7870,262.333,camera_5,reacquired,196
1574,7870,262.333,camera_5,lost_track,195
1574,7870,262.333,camera_6,reacquired,96
1574,7870,262.333,camera_6,lost_track,91
1574,7870,262.333,camera_6,removed,-1
1574,7870,262.333,camera_7,reacquired,48
1574,7870,262.333,camera_7,lost_track,49
1575,7875,262.5,camera_5,lost_track,196
1575,7875,262.5,camera_6,reacquired,91
1576,7880,262.667,camera_5,lost_track,199
1576,7880,262.667,camera_6,new_track,102
1576,7880,262.667,camera_6,lost_track,91
1577,7885,262.833,camera_5,new_track,200
1577,7885,262.833,camera_5,reacquired,199
1577,7885,262.833,camera_6,lost_track,96
1577,7885,262.833,camera_6,removed,98
1577,7885,262.833,camera_7,removed,-1
1578,7890,263.0,camera_5,reacquired,196
1579,7895,263.167,camera_5,lost_track,178
1579,7895,263.167,camera_6,removed,94
1580,7900,263.333,camera_3,reacquired,99
1580,7900,263.333,camera_5,new_track,201
1580,7900,263.333,camera_5,lost_track,200
1580,7900,263.333,camera_5,lost_track,199
1581,7905,263.5,camera_3,removed,-1
1581,7905,263.5,camera_5,reacquired,199
1581,7905,263.5,camera_6,removed,99
1582,7910,263.667,camera_5,lost_track,199
1583,7915,263.833,camera_5,lost_track,196
1583,7915,263.833,camera_5,removed,-1
1583,7915,263.833,camera_7,new_track,50
1584,7920,264.0,camera_4,removed,66
1584,7920,264.0,camera_5,lost_track,201
1584,7920,264.0,camera_7,lost_track,50
1585,7925,264.167,camera_5,reacquired,201
1585,7925,264.167,camera_6,removed,101
1585,7925,264.167,camera_6,removed,-1
1586,7930,264.333,camera_5,reacquired,196
1586,7930,264.333,camera_5,lost_track,198
1587,7935,264.5,camera_3,removed,101
1587,7935,264.5,camera_4,removed,67
1587,7935,264.5,camera_5,new_track,202
1587,7935,264.5,camera_5,reacquired,198
1588,7940,264.667,camera_5,lost_track,202
1589,7945,264.833,camera_3,lost_track,100
1589,7945,264.833,camera_3,removed,-1
1589,7945,264.833,camera_5,reacquired,202
1589,7945,264.833,camera_5,lost_track,198
1589,7945,264.833,camera_5,removed,-1
1589,7945,264.833,camera_6,new_track,104
1589,7945,264.833,camera_6,new_track,103
1590,7950,265.0,camera_3,new_track,103
1590,7950,265.0,camera_5,new_track,203
1591,7955,265.167,camera_3,new_track,104
1591,7955,265.167,camera_5,removed,-1
1592,7960,265.333,camera_1,removed,50
1592,7960,265.333,camera_4,new_track,68
1592,7960,265.333,camera_5,lost_track,196
1592,7960,265.333,camera_6,lost_track,104
1592,7960,265.333,camera_6,removed,93
1593,7965,265.5,camera_4,removed,61
1593,7965,265.5,camera_5,removed,189
1594,7970,265.667,camera_3,lost_track,104
1594,7970,265.667,camera_5,reacquired,196
1594,7970,265.667,camera_5,removed,-1
1595,7975,265.833,camera_3,lost_track,99
1595,7975,265.833,camera_4,new_track,69
1595,7975,265.833,camera_6,reacquired,104
1596,7980,266.0,camera_5,removed,192
1596,7980,266.0,camera_6,lost_track,104
1597,7985,266.167,camera_2,removed,79
1598,7990,266.333,camera_4,lost_track,69
1598,7990,266.333,camera_5,new_track,204
1598,7990,266.333,camera_5,removed,-1
1598,7990,266.333,camera_6,reacquired,104
1599,7995,266.5,camera_5,lost_track,201
1599,7995,266.5,camera_5,lost_track,204
1599,7995,266.5,camera_5,removed,197
1599,7995,266.5,camera_7,removed,-1
1600,8000,266.667,camera_7,new_track,51
1600,8000,266.667,camera_7,lost_track,45
1601,8005,266.833,camera_5,new_track,205
1601,8005,266.833,camera_5,reacquired,204
1601,8005,266.833,camera_7,reacquired,45
1601,8005,266.833,camera_7,lost_track,51
1602,8010,267.0,camera_2,new_track,81
1602,8010,267.0,camera_3,removed,102
1602,8010,267.0,camera_5,new_track,206
1602,8010,267.0,camera_6,removed,89
1602,8010,267.0,camera_6,removed,-1
1602,8010,267.0,camera_7,reacquired,51
1603,8015,267.167,camera_1,new_track,52
1603,8015,267.167,camera_1,removed,51
1603,8015,267.167,camera_5,lost_track,196
1603,8015,267.167,camera_6,new_track,105
1603,8015,267.167,camera_7,lost_track,51
1604,8020,267.333,camera_5,new_track,207
1604,8020,267.333,camera_5,reacquired,201
1604,8020,267.333,camera_5,removed,195
1604,8020,267.333,camera_6,lost_track,104
1604,8020,267.333,camera_7,removed,49
1605,8025,267.5,camera_5,reacquired,196
1605,8025,267.5,camera_6,reacquired,104
1605,8025,267.5,camera_6,lost_track,105
1606,8030,267.667,camera_6,removed,91
1606,8030,267.667,camera_6,removed,-1
1606,8030,267.667,camera_7,lost_track,45
1607,8035,267.833,camera_5,lost_track,206
1607,8035,267.833,camera_5,removed,-1
1607,8035,267.833,camera_6,removed,96
1608,8040,268.0,camera_5,lost_track,201
1609,8045,268.167,camera_2,new_track,82
1609,8045,268.167,camera_2,lost_track,80
1609,8045,268.167,camera_2,lost_track,81
1609,8045,268.167,camera_5,new_track,208
1609,8045,268.167,camera_5,lost_track,196
1609,8045,268.167,camera_5,removed,178
1609,8045,268.167,camera_6,lost_track,103
1609,8045,268.167,camera_6,removed,-1
1610,8050,268.333,camera_5,new_track,209
1610,8050,268.333,camera_5,reacquired,196
1610,8050,268.333,camera_5,lost_track,208
1610,8050,268.333,camera_5,lost_track,187
1610,8050,268.333,camera_5,removed,200
1610,8050,268.333,camera_5,removed,-1
1610,8050,268.333,camera_7,new_track,52
1611,8055,268.5,camera_6,reacquired,103
1611,8055,268.5,camera_6,removed,-1
1611,8055,268.5,camera_7,lost_track,52
1612,8060,268.667,camera_5,lost_track,205
1612,8060,268.667,camera_5,removed,199
1612,8060,268.667,camera_6,lost_track,103
1613,8065,268.833,camera_4,lost_track,68
1613,8065,268.833,camera_5,removed,-1
1613,8065,268.833,camera_7,new_track,53
1613,8065,268.833,camera_7,removed,-1
1614,8070,269.0,camera_5,reacquired,205
1614,8070,269.0,camera_5,reacquired,206
1614,8070,269.0,camera_7,removed,50
1615,8075,269.167,camera_5,lost_track,202
1615,8075,269.167,camera_5,lost_track,204
1615,8075,269.167,camera_5,lost_track,206
1615,8075,269.167,camera_6,reacquired,103
1615,8075,269.167,camera_7,removed,-1
1616,8080,269.333,camera_4,new_track,70
1616,8080,269.333,camera_5,lost_track,205
1616,8080,269.333,camera_7,lost_track,53
1617,8085,269.5,camera_2,new_track,83
1617,8085,269.5,camera_5,reacquired,202
1617,8085,269.5,camera_6,lost_track,103
1617,8085,269.5,camera_6,removed,-1
1617,8085,269.5,camera_7,removed,-1
1618,8090,269.667,camera_3,new_track,105
1618,8090,269.667,camera_6,reacquired,103
1618,8090,269.667,camera_6,lost_track,102
1618,8090,269.667,camera_7,reacquired,53
1619,8095,269.833,camera_3,removed,100
1619,8095,269.833,camera_5,removed,198
1620,8100,270.0,camera_1,removed,-1
1620,8100,270.0,camera_4,lost_track,70
1620,8100,270.0,camera_5,lost_track,196
1620,8100,270.0,camera_6,reacquired,102
1620,8100,270.0,camera_6,removed,-1
1620,8100,270.0,camera_7,new_track,54
1621,8105,270.167,camera_5,new_track,210
1621,8105,270.167,camera_5,reacquired,196
1621,8105,270.167,camera_5,reacquired,204
1621,8105,270.167,camera_6,lost_track,103
1622,8110,270.333,camera_2,lost_track,83
1622,8110,270.333,camera_3,removed,-1
1622,8110,270.333,camera_6,new_track,106
1623,8115,270.5,camera_2,lost_track,82
1623,8115,270.5,camera_6,new_track,107
1623,8115,270.5,camera_6,reacquired,103
1623,8115,270.5,camera_6,lost_track,100
1623,8115,270.5,camera_6,lost_track,102
1623,8115,270.5,camera_7,removed,-1
1624,8120,270.667,camera_2,new_track,84
1624,8120,270.667,camera_3,removed,104
1624,8120,270.667,camera_6,lost_track,104
1624,8120,270.667,camera_6,lost_track,106
1624,8120,270.667,camera_6,lost_track,103
1625,8125,270.833,camera_3,new_track,106
1625,8125,270.833,camera_3,removed,99
1625,8125,270.833,camera_6,new_track,108
1625,8125,270.833,camera_6,reacquired,103
1625,8125,270.833,camera_7,lost_track,48
1625,8125,270.833,camera_7,removed,-1
1626,8130,271.0,camera_4,new_track,71
1626,8130,271.0,camera_5,lost_track,204
1627,8135,271.167,camera_6,lost_track,107
1627,8135,271.167,camera_6,removed,-1
1628,8140,271.333,camera_2,new_track,85
1628,8140,271.333,camera_2,lost_track,84
1628,8140,271.333,camera_3,lost_track,105
1628,8140,271.333,camera_4,removed,69
1628,8140,271.333,camera_5,lost_track,196
1628,8140,271.333,camera_7,reacquired,48
1629,8145,271.5,camera_3,removed,-1
1629,8145,271.5,camera_6,new_track,109
1629,8145,271.5,camera_6,reacquired,107
1630,8150,271.667,camera_3,lost_track,106
1630,8150,271.667,camera_7,lost_track,53
1630,8150,271.667,camera_7,lost_track,54
1631,8155,271.833,camera_6,lost_track,108
1631,8155,271.833,camera_7,reacquired,53
1631,8155,271.833,camera_7,removed,-1
1632,8160,272.0,camera_6,reacquired,108
1632,8160,272.0,camera_6,removed,-1
1632,8160,272.0,camera_7,reacquired,54
1633,8165,272.167,camera_6,lost_track,108
1633,8165,272.167,camera_7,removed,51
1634,8170,272.333,camera_5,new_track,211
1634,8170,272.333,camera_6,new_track,110
1634,8170,272.333,camera_7,lost_track,54
1635,8175,272.5,camera_5,lost_track,209
1635,8175,272.5,camera_6,reacquired,104
1635,8175,272.5,camera_6,lost_track,110
1635,8175,272.5,camera_6,removed,105
1635,8175,272.5,camera_6,removed,-1
1635,8175,272.5,camera_7,reacquired,54
1636,8180,272.667,camera_5,removed,-1
1636,8180,272.667,camera_7,lost_track,54
1636,8180,272.667,camera_7,removed,45
1637,8185,272.833,camera_6,lost_track,104
1637,8185,272.833,camera_7,new_track,55
1638,8190,273.0,camera_5,lost_track,210
1638,8190,273.0,camera_5,removed,201
1638,8190,273.0,camera_6,reacquired,108
1638,8190,273.0,camera_7,lost_track,55
1639,8195,273.167,camera_2,removed,80
1639,8195,273.167,camera_2,removed,81
1639,8195,273.167,camera_3,removed,-1
1640,8200,273.333,camera_4,lost_track,71
1640,8200,273.333,camera_5,new_track,212
1640,8200,273.333,camera_5,reacquired,210
1640,8200,273.333,camera_5,lost_track,202
1640,8200,273.333,camera_5,lost_track,203
1640,8200,273.333,camera_5,removed,208
1640,8200,273.333,camera_5,removed,187
1640,8200,273.333,camera_5,removed,-1
1640,8200,273.333,camera_6,lost_track,107
1641,8205,273.5,camera_1,lost_track,52
1641,8205,273.5,camera_4,removed,-1
1641,8205,273.5,camera_5,new_track,213
1641,8205,273.5,camera_6,removed,-1
1641,8205,273.5,camera_7,lost_track,48
1641,8205,273.5,camera_7,removed,52
1642,8210,273.667,camera_5,reacquired,203
1643,8215,273.833,camera_4,removed,68
1643,8215,273.833,camera_6,new_track,111
1643,8215,273.833,camera_6,reacquired,104
1643,8215,273.833,camera_6,removed,-1
1644,8220,274.0,camera_2,new_track,86
1644,8220,274.0,camera_5,lost_track,213
1644,8220,274.0,camera_6,lost_track,111
1644,8220,274.0,camera_7,reacquired,54
1645,8225,274.167,camera_5,removed,206
1645,8225,274.167,camera_5,removed,-1
1645,8225,274.167,camera_6,new_track,112
1646,8230,274.333,camera_2,lost_track,86
1646,8230,274.333,camera_5,new_track,214
1646,8230,274.333,camera_5,removed,205
1646,8230,274.333,camera_7,reacquired,55
1647,8235,274.5,camera_2,lost_track,85
1647,8235,274.5,camera_2,removed,-1
1647,8235,274.5,camera_3,removed,-1
1647,8235,274.5,camera_5,lost_track,214
1647,8235,274.5,camera_7,lost_track,54
1647,8235,274.5,camera_7,removed,-1
1648,8240,274.667,camera_5,lost_track,210
1648,8240,274.667,camera_7,new_track,56
1648,8240,274.667,camera_7,reacquired,54
1649,8245,274.833,camera_6,reacquired,111
1649,8245,274.833,camera_7,lost_track,56
1650,8250,275.0,camera_4,removed,70
1650,8250,275.0,camera_4,removed,-1
1650,8250,275.0,camera_5,removed,-1
1650,8250,275.0,camera_6,lost_track,111
1650,8250,275.0,camera_7,new_track,57
1650,8250,275.0,camera_7,removed,-1
1651,8255,275.167,camera_4,reacquired,71
1651,8255,275.167,camera_5,lost_track,211
1651,8255,275.167,camera_6,removed,-1
1652,8260,275.333,camera_2,removed,83
1652,8260,275.333,camera_3,lost_track,103
1652,8260,275.333,camera_5,reacquired,211
1652,8260,275.333,camera_6,new_track,113
1652,8260,275.333,camera_6,lost_track,103
1652,8260,275.333,camera_7,lost_track,53
1653,8265,275.5,camera_2,removed,82
1653,8265,275.5,camera_5,lost_track,211
1653,8265,275.5,camera_5,removed,-1
1653,8265,275.5,camera_6,new_track,114
1653,8265,275.5,camera_6,removed,100
1653,8265,275.5,camera_6,removed,102
1653,8265,275.5,camera_6,removed,-1
1653,8265,275.5,camera_7,new_track,58
1653,8265,275.5,camera_7,reacquired,48
1654,8270,275.667,camera_6,reacquired,103
1654,8270,275.667,camera_6,reacquired,107
1654,8270,275.667,camera_6,lost_track,104
1654,8270,275.667,camera_6,lost_track,112
1654,8270,275.667,camera_6,removed,106
1654,8270,275.667,camera_7,lost_track,58
1654,8270,275.667,camera_7,lost_track,54
1655,8275,275.833,camera_5,new_track,215
1655,8275,275.833,camera_5,lost_track,212
1655,8275,275.833,camera_6,lost_track,108
1655,8275,275.833,camera_7,lost_track,57
1656,8280,276.0,camera_5,lost_track,215
1656,8280,276.0,camera_5,removed,204
1656,8280,276.0,camera_6,new_track,115
1656,8280,276.0,camera_6,new_track,116
1656,8280,276.0,camera_6,lost_track,109
1656,8280,276.0,camera_6,removed,-1
1656,8280,276.0,camera_7,lost_track,48
1656,8280,276.0,camera_7,removed,-1
1657,8285,276.167,camera_4,removed,-1
1657,8285,276.167,camera_5,reacquired,214
1657,8285,276.167,camera_6,new_track,117
1657,8285,276.167,camera_7,new_track,59
1658,8290,276.333,camera_2,removed,84
1658,8290,276.333,camera_3,removed,105
1658,8290,276.333,camera_4,new_track,72
1658,8290,276.333,camera_5,removed,196
1658,8290,276.333,camera_6,lost_track,116
1658,8290,276.333,camera_6,removed,-1
1658,8290,276.333,camera_7,reacquired,57
1658,8290,276.333,camera_7,lost_track,59
1659,8295,276.5,camera_5,lost_track,214
1659,8295,276.5,camera_5,removed,-1
1659,8295,276.5,camera_6,lost_track,117
1660,8300,276.667,camera_3,removed,106
1660,8300,276.667,camera_6,reacquired,117
1661,8305,276.833,camera_4,new_track,73
1661,8305,276.833,camera_5,reacquired,211
1661,8305,276.833,camera_6,new_track,118
1661,8305,276.833,camera_6,lost_track,117
1662,8310,277.0,camera_5,reacquired,214
1662,8310,277.0,camera_5,removed,-1
1662,8310,277.0,camera_6,new_track,120
1662,8310,277.0,camera_6,new_track,119
1662,8310,277.0,camera_6,lost_track,118
1663,8315,277.167,camera_5,lost_track,203
1663,8315,277.167,camera_7,reacquired,54
1663,8315,277.167,camera_7,lost_track,57
1663,8315,277.167,camera_7,lost_track,55
1664,8320,277.333,camera_4,removed,-1
1664,8320,277.333,camera_5,lost_track,211
1664,8320,277.333,camera_6,reacquired,109
1664,8320,277.333,camera_6,lost_track,113
1664,8320,277.333,camera_6,removed,-1
1664,8320,277.333,camera_7,new_track,60
1664,8320,277.333,camera_7,reacquired,57
1664,8320,277.333,camera_7,removed,-1
1665,8325,277.5,camera_5,removed,209
1665,8325,277.5,camera_6,new_track,121
1665,8325,277.5,camera_6,removed,110
1666,8330,277.667,camera_5,reacquired,211
1666,8330,277.667,camera_5,lost_track,214
1666,8330,277.667,camera_6,new_track,122
1666,8330,277.667,camera_6,lost_track,120
1666,8330,277.667,camera_6,lost_track,109
1666,8330,277.667,camera_7,reacquired,48
1666,8330,277.667,camera_7,lost_track,60
1666,8330,277.667,camera_7,lost_track,54
1667,8335,277.833,camera_6,reacquired,108
1667,8335,277.833,camera_6,reacquired,117
1667,8335,277.833,camera_6,lost_track,115
1667,8335,277.833,camera_7,lost_track,48
1668,8340,278.0,camera_5,removed,-1
1668,8340,278.0,camera_6,lost_track,107
1668,8340,278.0,camera_6,removed,-1
1669,8345,278.167,camera_5,reacquired,203
1669,8345,278.167,camera_5,lost_track,207
1669,8345,278.167,camera_7,reacquired,48
1670,8350,278.333,camera_5,lost_track,203
1670,8350,278.333,camera_5,removed,202
1670,8350,278.333,camera_6,reacquired,115
1670,8350,278.333,camera_6,lost_track,114
1670,8350,278.333,camera_6,removed,-1
1671,8355,278.5,camera_1,removed,52
1671,8355,278.5,camera_6,lost_track,122
1672,8360,278.667,camera_6,new_track,123
1672,8360,278.667,camera_7,reacquired,54
1672,8360,278.667,camera_7,lost_track,48
1673,8365,278.833,camera_6,reacquired,104
1673,8365,278.833,camera_6,reacquired,107
1673,8365,278.833,camera_7,reacquired,55
1673,8365,278.833,camera_7,lost_track,54
1674,8370,279.0,camera_5,removed,213
1674,8370,279.0,camera_7,reacquired,60
1675,8375,279.167,camera_6,lost_track,104
1675,8375,279.167,camera_6,lost_track,108
1675,8375,279.167,camera_6,removed,-1
1675,8375,279.167,camera_7,lost_track,60
1676,8380,279.333,camera_2,removed,86
1676,8380,279.333,camera_6,reacquired,104
1676,8380,279.333,camera_6,reacquired,108
1676,8380,279.333,camera_6,reacquired,109
1676,8380,279.333,camera_6,lost_track,103
1677,8385,279.5,camera_2,removed,85
1677,8385,279.5,camera_5,new_track,216
1677,8385,279.5,camera_6,reacquired,103
1677,8385,279.5,camera_6,lost_track,104
1677,8385,279.5,camera_6,lost_track,108
1677,8385,279.5,camera_6,lost_track,117
1677,8385,279.5,camera_7,reacquired,48
1677,8385,279.5,camera_7,lost_track,55
1678,8390,279.667,camera_5,removed,210
1678,8390,279.667,camera_6,reacquired,117
1678,8390,279.667,camera_6,lost_track,119
1678,8390,279.667,camera_6,removed,-1
1679,8395,279.833,camera_6,new_track,124
1679,8395,279.833,camera_6,reacquired,104
1679,8395,279.833,camera_6,lost_track,107
1679,8395,279.833,camera_7,reacquired,54
1679,8395,279.833,camera_7,lost_track,48
1679,8395,279.833,camera_7,removed,56
1680,8400,280.0,camera_6,lost_track,124
1680,8400,280.0,camera_6,lost_track,103
1680,8400,280.0,camera_6,removed,111
1682,8410,280.333,camera_3,new_track,107
1682,8410,280.333,camera_3,removed,103
1682,8410,280.333,camera_7,removed,53
1683,8415,280.5,camera_6,reacquired,108
1683,8415,280.5,camera_6,lost_track,121
1684,8420,280.667,camera_3,new_track,108
1684,8420,280.667,camera_5,reacquired,207
1684,8420,280.667,camera_6,lost_track,123
1684,8420,280.667,camera_6,removed,112
1684,8420,280.667,camera_6,removed,-1
1684,8420,280.667,camera_7,lost_track,54
1684,8420,280.667,camera_7,removed,58
1684,8420,280.667,camera_7,removed,-1
1685,8425,280.833,camera_2,new_track,87
1685,8425,280.833,camera_2,removed,-1
1685,8425,280.833,camera_5,lost_track,207
1685,8425,280.833,camera_5,removed,212
1685,8425,280.833,camera_7,reacquired,54
1686,8430,281.0,camera_3,removed,-1
1686,8430,281.0,camera_4,lost_track,72
1686,8430,281.0,camera_5,lost_track,216
1686,8430,281.0,camera_5,removed,215
1686,8430,281.0,camera_6,reacquired,107
1686,8430,281.0,camera_6,lost_track,117
1686,8430,281.0,camera_7,reacquired,48
1687,8435,281.167,camera_3,new_track,109
1687,8435,281.167,camera_3,lost_track,108
1687,8435,281.167,camera_5,removed,-1
1688,8440,281.333,camera_3,reacquired,108
1688,8440,281.333,camera_3,lost_track,109
1688,8440,281.333,camera_5,new_track,217
1688,8440,281.333,camera_6,reacquired,117
1688,8440,281.333,camera_6,reacquired,121
1688,8440,281.333,camera_6,removed,116
1688,8440,281.333,camera_6,removed,-1
1688,8440,281.333,camera_7,removed,59
1689,8445,281.5,camera_3,reacquired,109
1689,8445,281.5,camera_6,lost_track,107
1689,8445,281.5,camera_6,lost_track,108
1690,8450,281.667,camera_1,new_track,53
1690,8450,281.667,camera_7,lost_track,48
1691,8455,281.833,camera_1,removed,-1
1691,8455,281.833,camera_5,new_track,218
1691,8455,281.833,camera_7,reacquired,55
1691,8455,281.833,camera_7,lost_track,54
1692,8460,282.0,camera_3,lost_track,107
1692,8460,282.0,camera_3,removed,-1
1692,8460,282.0,camera_6,reacquired,107
1692,8460,282.0,camera_6,lost_track,104
1692,8460,282.0,camera_6,lost_track,117
1692,8460,282.0,camera_6,removed,118
1692,8460,282.0,camera_6,removed,-1
1692,8460,282.0,camera_7,lost_track,55
1693,8465,282.167,camera_3,new_track,110
1693,8465,282.167,camera_3,new_track,111
1693,8465,282.167,camera_3,reacquired,107
1693,8465,282.167,camera_3,lost_track,108
1693,8465,282.167,camera_4,lost_track,73
1693,8465,282.167,camera_7,removed,-1
1694,8470,282.333,camera_3,reacquired,108
1694,8470,282.333,camera_5,removed,-1
1694,8470,282.333,camera_6,removed,113
1694,8470,282.333,camera_7,new_track,61
1695,8475,282.5,camera_3,removed,-1
1695,8475,282.5,camera_5,new_track,219
1695,8475,282.5,camera_6,lost_track,115
1696,8480,282.667,camera_1,new_track,54
1696,8480,282.667,camera_3,lost_track,107
1696,8480,282.667,camera_5,removed,214
1696,8480,282.667,camera_6,removed,120
1697,8485,282.833,camera_1,lost_track,53
1697,8485,282.833,camera_2,lost_track,87
1697,8485,282.833,camera_3,reacquired,107
1698,8490,283.0,camera_1,lost_track,54
1698,8490,283.0,camera_3,lost_track,107
1699,8495,283.167,camera_5,removed,-1
1700,8500,283.333,camera_5,removed,203
1700,8500,283.333,camera_6,removed,114
1701,8505,283.5,camera_6,removed,122
1702,8510,283.667,camera_2,new_track,88
1702,8510,283.667,camera_3,lost_track,111
1702,8510,283.667,camera_4,new_track,74
1703,8515,283.833,camera_3,lost_track,108
1703,8515,283.833,camera_5,lost_track,217
1703,8515,283.833,camera_5,removed,-1
1704,8520,284.0,camera_3,reacquired,108
1704,8520,284.0,camera_3,reacquired,111
1704,8520,284.0,camera_3,removed,-1
1704,8520,284.0,camera_7,reacquired,55
1705,8525,284.167,camera_3,lost_track,110
1705,8525,284.167,camera_3,lost_track,111
1705,8525,284.167,camera_5,lost_track,211
1705,8525,284.167,camera_7,removed,60
1705,8525,284.167,camera_7,removed,-1
1706,8530,284.333,camera_3,removed,-1
1706,8530,284.333,camera_5,reacquired,211
1706,8530,284.333,camera_5,lost_track,218
1706,8530,284.333,camera_5,removed,-1
1707,8535,284.5,camera_3,new_track,112
1707,8535,284.5,camera_3,new_track,113
1707,8535,284.5,camera_5,lost_track,211
1708,8540,284.667,camera_5,new_track,220
1708,8540,284.667,camera_6,removed,119
1709,8545,284.833,camera_2,new_track,89
1709,8545,284.833,camera_7,lost_track,55
1710,8550,285.0,camera_3,lost_track,113
1710,8550,285.0,camera_4,lost_track,71
1710,8550,285.0,camera_6,lost_track,107
1710,8550,285.0,camera_6,removed,124
1710,8550,285.0,camera_6,removed,103
1711,8555,285.167,camera_1,removed,-1
1711,8555,285.167,camera_3,reacquired,111
1711,8555,285.167,camera_3,lost_track,109
1711,8555,285.167,camera_6,lost_track,121
1712,8560,285.333,camera_3,lost_track,108
1712,8560,285.333,camera_6,removed,-1
1713,8565,285.5,camera_1,removed,-1
1713,8565,285.5,camera_2,new_track,90
1714,8570,285.667,camera_1,new_track,55
1714,8570,285.667,camera_2,lost_track,89
1714,8570,285.667,camera_3,new_track,114
1714,8570,285.667,camera_5,reacquired,217
1714,8570,285.667,camera_6,removed,123
1715,8575,285.833,camera_3,reacquired,108
1715,8575,285.833,camera_3,lost_track,114
1715,8575,285.833,camera_5,removed,207
1716,8580,286.0,camera_3,reacquired,114
1716,8580,286.0,camera_3,lost_track,108
1716,8580,286.0,camera_3,removed,-1
1716,8580,286.0,camera_4,removed,72
1716,8580,286.0,camera_5,removed,216
1717,8585,286.167,camera_1,new_track,56
1718,8590,286.333,camera_1,removed,-1
1718,8590,286.333,camera_3,reacquired,108
1719,8595,286.5,camera_4,new_track,75
1719,8595,286.5,camera_5,lost_track,217
1719,8595,286.5,camera_6,removed,108
1720,8600,286.667,camera_2,lost_track,90
1720,8600,286.667,camera_7,removed,48
1721,8605,286.833,camera_2,reacquired,90
1721,8605,286.833,camera_5,removed,-1
1721,8605,286.833,camera_7,removed,54
1722,8610,287.0,camera_3,new_track,115
1722,8610,287.0,camera_3,lost_track,114
1722,8610,287.0,camera_3,removed,-1
1722,8610,287.0,camera_5,lost_track,219
1722,8610,287.0,camera_6,removed,104
1722,8610,287.0,camera_6,removed,117
1723,8615,287.167,camera_2,reacquired,89
1723,8615,287.167,camera_2,lost_track,90
1723,8615,287.167,camera_4,removed,73
1723,8615,287.167,camera_5,new_track,221
1724,8620,287.333,camera_1,lost_track,56
1725,8625,287.5,camera_2,new_track,91
1725,8625,287.5,camera_2,reacquired,90
1725,8625,287.5,camera_2,lost_track,89
1725,8625,287.5,camera_6,removed,115
1725,8625,287.5,camera_7,lost_track,61
1727,8635,287.833,camera_1,removed,53
1727,8635,287.833,camera_2,removed,87
1728,8640,288.0,camera_1,removed,54
1728,8640,288.0,camera_2,lost_track,91
1728,8640,288.0,camera_3,lost_track,115
1728,8640,288.0,camera_3,removed,107
1728,8640,288.0,camera_6,lost_track,109
1728,8640,288.0,camera_7,new_track,62
1729,8645,288.167,camera_5,reacquired,217
1729,8645,288.167,camera_6,removed,-1
1730,8650,288.333,camera_2,reacquired,91
1730,8650,288.333,camera_2,lost_track,88
1730,8650,288.333,camera_2,removed,-1
1730,8650,288.333,camera_5,removed,-1
1730,8650,288.333,camera_6,new_track,125
1730,8650,288.333,camera_6,reacquired,107
1731,8655,288.5,camera_3,new_track,116
1731,8655,288.5,camera_5,new_track,222
1731,8655,288.5,camera_5,new_track,223
1731,8655,288.5,camera_5,lost_track,217
1731,8655,288.5,camera_7,lost_track,62
1732,8660,288.667,camera_5,reacquired,217
1732,8660,288.667,camera_5,lost_track,222
1732,8660,288.667,camera_5,lost_track,223
1732,8660,288.667,camera_7,reacquired,61
1732,8660,288.667,camera_7,lost_track,43
1733,8665,288.833,camera_2,lost_track,90
1733,8665,288.833,camera_6,lost_track,107
1734,8670,289.0,camera_2,new_track,92
1734,8670,289.0,camera_3,removed,-1
1734,8670,289.0,camera_5,new_track,224
1734,8670,289.0,camera_5,removed,-1
1735,8675,289.167,camera_2,lost_track,92
1735,8675,289.167,camera_3,new_track,117
1735,8675,289.167,camera_3,removed,110
1735,8675,289.167,camera_5,lost_track,217
1735,8675,289.167,camera_5,lost_track,221
1736,8680,289.333,camera_5,new_track,225
1736,8680,289.333,camera_5,new_track,226
1736,8680,289.333,camera_5,removed,218
1737,8685,289.5,camera_3,lost_track,116
1737,8685,289.5,camera_4,lost_track,75
1737,8685,289.5,camera_5,lost_track,224
1737,8685,289.5,camera_5,removed,211
1738,8690,289.667,camera_3,reacquired,115
1738,8690,289.667,camera_3,removed,-1
1738,8690,289.667,camera_6,new_track,126
1739,8695,289.833,camera_3,lost_track,111
1739,8695,289.833,camera_5,reacquired,222
1739,8695,289.833,camera_5,reacquired,223
1739,8695,289.833,camera_5,lost_track,226
1739,8695,289.833,camera_5,removed,-1
1739,8695,289.833,camera_6,reacquired,107
1739,8695,289.833,camera_6,removed,-1
1739,8695,289.833,camera_7,removed,55
1740,8700,290.0,camera_2,new_track,93
1740,8700,290.0,camera_3,removed,113
1740,8700,290.0,camera_4,removed,-1
1740,8700,290.0,camera_4,removed,71
1740,8700,290.0,camera_7,lost_track,61
1741,8705,290.167,camera_3,removed,109
1741,8705,290.167,camera_5,lost_track,223
1741,8705,290.167,camera_6,removed,121
1742,8710,290.333,camera_4,new_track,76
1742,8710,290.333,camera_6,lost_track,107
1743,8715,290.5,camera_1,new_track,57
1743,8715,290.5,camera_3,lost_track,112
1743,8715,290.5,camera_5,lost_track,220
1744,8720,290.667,camera_2,removed,-1
1744,8720,290.667,camera_3,removed,-1
1744,8720,290.667,camera_5,lost_track,222
1744,8720,290.667,camera_5,removed,-1
1744,8720,290.667,camera_6,lost_track,125
1744,8720,290.667,camera_7,new_track,63
1745,8725,290.833,camera_3,reacquired,111
1745,8725,290.833,camera_6,removed,-1
1745,8725,290.833,camera_7,lost_track,57
1747,8735,291.167,camera_1,lost_track,57
1747,8735,291.167,camera_1,removed,-1
1747,8735,291.167,camera_3,removed,-1
1748,8740,291.333,camera_1,reacquired,57
1748,8740,291.333,camera_2,reacquired,92
1749,8745,291.5,camera_3,removed,-1
1750,8750,291.667,camera_1,lost_track,57
1750,8750,291.667,camera_3,lost_track,108
1751,8755,291.833,camera_1,new_track,58
1751,8755,291.833,camera_2,lost_track,92
1751,8755,291.833,camera_3,new_track,118
1751,8755,291.833,camera_4,removed,-1
1752,8760,292.0,camera_2,removed,-1
1752,8760,292.0,camera_3,reacquired,108
1752,8760,292.0,camera_3,removed,114
1752,8760,292.0,camera_4,new_track,77
1752,8760,292.0,camera_5,removed,219
1753,8765,292.167,camera_3,new_track,119
1753,8765,292.167,camera_3,lost_track,115
1753,8765,292.167,camera_4,lost_track,77
1754,8770,292.333,camera_1,removed,56
1754,8770,292.333,camera_4,removed,-1
1754,8770,292.333,camera_5,removed,-1
1754,8770,292.333,camera_6,new_track,127
1755,8775,292.5,camera_2,removed,89
1755,8775,292.5,camera_4,new_track,78
1755,8775,292.5,camera_4,new_track,79
1755,8775,292.5,camera_5,new_track,227
1756,8780,292.667,camera_4,removed,-1
1757,8785,292.833,camera_5,removed,-1
1758,8790,293.0,camera_1,removed,-1
1758,8790,293.0,camera_3,lost_track,108
1758,8790,293.0,camera_6,removed,109
1759,8795,293.167,camera_1,new_track,59
1759,8795,293.167,camera_2,removed,-1
1759,8795,293.167,camera_4,lost_track,79
1759,8795,293.167,camera_5,reacquired,222
1760,8800,293.333,camera_2,new_track,94
1760,8800,293.333,camera_2,removed,88
1760,8800,293.333,camera_3,lost_track,111
1760,8800,293.333,camera_4,removed,-1
1760,8800,293.333,camera_6,lost_track,126
1761,8805,293.5,camera_2,lost_track,93
1761,8805,293.5,camera_4,lost_track,76
1761,8805,293.5,camera_7,removed,62
1762,8810,293.667,camera_4,reacquired,77
1762,8810,293.667,camera_4,removed,-1
1762,8810,293.667,camera_5,reacquired,224
1762,8810,293.667,camera_7,removed,43
1763,8815,293.833,camera_2,new_track,95
1763,8815,293.833,camera_2,removed,90
1763,8815,293.833,camera_3,removed,-1
1764,8820,294.0,camera_2,reacquired,93
1764,8820,294.0,camera_2,removed,-1
1764,8820,294.0,camera_3,reacquired,108
1764,8820,294.0,camera_3,lost_track,118
1764,8820,294.0,camera_4,lost_track,77
1764,8820,294.0,camera_5,lost_track,224
1764,8820,294.0,camera_6,new_track,128
1765,8825,294.167,camera_4,removed,-1
1765,8825,294.167,camera_5,lost_track,227
1765,8825,294.167,camera_5,removed,217
1765,8825,294.167,camera_5,removed,221
1766,8830,294.333,camera_2,reacquired,92
1766,8830,294.333,camera_2,lost_track,95
1766,8830,294.333,camera_3,removed,-1
1766,8830,294.333,camera_4,new_track,80
1767,8835,294.5,camera_2,reacquired,95
1767,8835,294.5,camera_2,lost_track,92
1767,8835,294.5,camera_3,reacquired,118
1767,8835,294.5,camera_3,removed,116
1767,8835,294.5,camera_4,removed,75
1768,8840,294.667,camera_4,removed,-1
1768,8840,294.667,camera_5,removed,-1
1769,8845,294.833,camera_1,lost_track,59
1769,8845,294.833,camera_4,reacquired,77
1769,8845,294.833,camera_5,new_track,228
1769,8845,294.833,camera_5,lost_track,222
1769,8845,294.833,camera_5,removed,226
1770,8850,295.0,camera_3,lost_track,108
1770,8850,295.0,camera_5,new_track,229
1770,8850,295.0,camera_7,removed,61
1771,8855,295.167,camera_2,lost_track,95
1771,8855,295.167,camera_3,removed,-1
1771,8855,295.167,camera_5,removed,-1
1771,8855,295.167,camera_5,removed,223
1772,8860,295.333,camera_3,reacquired,108
1772,8860,295.333,camera_4,new_track,81
1772,8860,295.333,camera_5,reacquired,223
1772,8860,295.333,camera_6,removed,107
1773,8865,295.5,camera_3,lost_track,108
1773,8865,295.5,camera_3,removed,112
1773,8865,295.5,camera_4,lost_track,81
1773,8865,295.5,camera_4,lost_track,77
1773,8865,295.5,camera_5,removed,220
1773,8865,295.5,camera_5,removed,-1
1773,8865,295.5,camera_6,lost_track,128
1773,8865,295.5,camera_7,new_track,64
1774,8870,295.667,camera_3,reacquired,108
1774,8870,295.667,camera_3,lost_track,118
1774,8870,295.667,camera_3,removed,-1
1774,8870,295.667,camera_4,new_track,82
1774,8870,295.667,camera_4,removed,-1
1774,8870,295.667,camera_6,removed,125
1775,8875,295.833,camera_2,removed,-1
1775,8875,295.833,camera_3,reacquired,118
1775,8875,295.833,camera_3,lost_track,119
1775,8875,295.833,camera_4,lost_track,78
1775,8875,295.833,camera_6,lost_track,127
1775,8875,295.833,camera_7,removed,57
1776,8880,296.0,camera_2,new_track,96
1776,8880,296.0,camera_6,removed,-1
1777,8885,296.167,camera_1,removed,-1
1777,8885,296.167,camera_2,lost_track,93
1777,8885,296.167,camera_3,new_track,120
1777,8885,296.167,camera_3,reacquired,119
1778,8890,296.333,camera_4,lost_track,74
1778,8890,296.333,camera_4,lost_track,82
1779,8895,296.5,camera_3,removed,-1
1779,8895,296.5,camera_4,reacquired,82
1779,8895,296.5,camera_4,removed,-1
1779,8895,296.5,camera_5,new_track,230
1779,8895,296.5,camera_5,new_track,231
1779,8895,296.5,camera_5,removed,-1
1780,8900,296.667,camera_1,lost_track,58
1780,8900,296.667,camera_1,removed,57
1780,8900,296.667,camera_2,new_track,97
1780,8900,296.667,camera_3,new_track,121
1780,8900,296.667,camera_4,reacquired,74
1780,8900,296.667,camera_7,new_track,65
1781,8905,296.833,camera_4,lost_track,74
1781,8905,296.833,camera_5,new_track,232
1781,8905,296.833,camera_5,lost_track,229
1781,8905,296.833,camera_5,lost_track,231
1782,8910,297.0,camera_3,lost_track,108
1782,8910,297.0,camera_4,removed,-1
1782,8910,297.0,camera_5,lost_track,230
1782,8910,297.0,camera_5,lost_track,223
1782,8910,297.0,camera_5,removed,-1
1782,8910,297.0,camera_7,lost_track,65
1783,8915,297.167,camera_2,removed,-1
1783,8915,297.167,camera_3,new_track,122
1783,8915,297.167,camera_3,lost_track,118
1783,8915,297.167,camera_3,removed,115
1783,8915,297.167,camera_3,removed,-1
1784,8920,297.333,camera_1,removed,-1
1784,8920,297.333,camera_7,reacquired,65
1785,8925,297.5,camera_5,reacquired,231
1785,8925,297.5,camera_7,lost_track,65
1786,8930,297.667,camera_2,lost_track,97
1786,8930,297.667,camera_3,new_track,123
1786,8930,297.667,camera_5,new_track,233
1786,8930,297.667,camera_5,new_track,234
1786,8930,297.667,camera_5,new_track,235
1786,8930,297.667,camera_5,reacquired,230
1786,8930,297.667,camera_5,lost_track,231
1786,8930,297.667,camera_5,removed,-1
1787,8935,297.833,camera_3,removed,-1
1787,8935,297.833,camera_4,lost_track,80
1787,8935,297.833,camera_5,reacquired,231
1787,8935,297.833,camera_5,lost_track,232
1787,8935,297.833,camera_5,lost_track,234
1787,8935,297.833,camera_5,lost_track,235
1787,8935,297.833,camera_5,lost_track,230
1788,8940,298.0,camera_2,new_track,98
1788,8940,298.0,camera_2,removed,-1
1788,8940,298.0,camera_3,reacquired,108
1788,8940,298.0,camera_5,new_track,236
1788,8940,298.0,camera_5,reacquired,234
1788,8940,298.0,camera_5,removed,-1
1789,8945,298.167,camera_3,lost_track,122
1789,8945,298.167,camera_4,removed,79
1789,8945,298.167,camera_5,reacquired,232
1790,8950,298.333,camera_1,new_track,60
1790,8950,298.333,camera_1,reacquired,58
1790,8950,298.333,camera_2,lost_track,96
1790,8950,298.333,camera_2,removed,-1
1790,8950,298.333,camera_3,lost_track,119
1790,8950,298.333,camera_3,removed,111
1790,8950,298.333,camera_5,lost_track,232
1790,8950,298.333,camera_5,lost_track,236
1790,8950,298.333,camera_6,removed,126
1790,8950,298.333,camera_7,reacquired,65
1790,8950,298.333,camera_7,lost_track,63
1791,8955,298.5,camera_3,removed,-1
1791,8955,298.5,camera_4,removed,76
1791,8955,298.5,camera_5,new_track,237
1791,8955,298.5,camera_5,new_track,238
1791,8955,298.5,camera_5,reacquired,236
1791,8955,298.5,camera_7,reacquired,63
1791,8955,298.5,camera_7,lost_track,65
1792,8960,298.667,camera_2,new_track,99
1792,8960,298.667,camera_5,lost_track,238
1793,8965,298.833,camera_1,lost_track,60
1793,8965,298.833,camera_2,new_track,100
1793,8965,298.833,camera_5,new_track,239
1793,8965,298.833,camera_5,removed,-1
1793,8965,298.833,camera_7,reacquired,65
1793,8965,298.833,camera_7,lost_track,63
1794,8970,299.0,camera_1,reacquired,60
1794,8970,299.0,camera_1,removed,-1
1794,8970,299.0,camera_3,removed,-1
1794,8970,299.0,camera_5,new_track,240
1794,8970,299.0,camera_5,lost_track,225
1794,8970,299.0,camera_5,lost_track,236
1794,8970,299.0,camera_5,lost_track,237
1794,8970,299.0,camera_5,removed,224
1795,8975,299.167,camera_1,lost_track,60
1795,8975,299.167,camera_3,lost_track,121
1795,8975,299.167,camera_5,reacquired,225
1795,8975,299.167,camera_5,lost_track,240
1795,8975,299.167,camera_5,lost_track,231
1795,8975,299.167,camera_5,removed,227
1795,8975,299.167,camera_5,removed,-1
1796,8980,299.333,camera_1,reacquired,60
1796,8980,299.333,camera_1,lost_track,55
1796,8980,299.333,camera_3,removed,-1
1796,8980,299.333,camera_4,removed,-1
1796,8980,299.333,camera_5,new_track,241
1797,8985,299.5,camera_1,new_track,61
1797,8985,299.5,camera_2,reacquired,92
1797,8985,299.5,camera_2,lost_track,91
1797,8985,299.5,camera_3,reacquired,118
1797,8985,299.5,camera_5,reacquired,238
1798,8990,299.667,camera_1,lost_track,60
1798,8990,299.667,camera_2,lost_track,98
1798,8990,299.667,camera_5,lost_track,225
1798,8990,299.667,camera_5,lost_track,238
1799,8995,299.833,camera_1,lost_track,58
1799,8995,299.833,camera_1,removed,59
1799,8995,299.833,camera_2,new_track,101
1799,8995,299.833,camera_5,removed,222
1800,9000,300.0,camera_1,reacquired,60
1800,9000,300.0,camera_3,lost_track,123
1800,9000,300.0,camera_5,reacquired,235
1800,9000,300.0,camera_5,removed,-1
1801,9005,300.167,camera_1,lost_track,60
1801,9005,300.167,camera_2,removed,-1
1801,9005,300.167,camera_2,removed,95
1801,9005,300.167,camera_5,lost_track,239
1802,9010,300.333,camera_1,reacquired,60
1802,9010,300.333,camera_3,reacquired,122
1802,9010,300.333,camera_3,reacquired,123
1802,9010,300.333,camera_3,lost_track,118
1802,9010,300.333,camera_3,removed,-1
1802,9010,300.333,camera_5,lost_track,228
1803,9015,300.5,camera_2,removed,-1
1803,9015,300.5,camera_3,lost_track,122
1803,9015,300.5,camera_4,new_track,83
1803,9015,300.5,camera_4,removed,81
1803,9015,300.5,camera_4,removed,77
1803,9015,300.5,camera_5,reacquired,239
1803,9015,300.5,camera_5,reacquired,240
1803,9015,300.5,camera_6,removed,128
1804,9020,300.667,camera_3,reacquired,118
1804,9020,300.667,camera_4,lost_track,83
1804,9020,300.667,camera_5,lost_track,240
1804,9020,300.667,camera_5,lost_track,239
1805,9025,300.833,camera_1,lost_track,60
1805,9025,300.833,camera_1,removed,-1
1805,9025,300.833,camera_2,lost_track,100
1805,9025,300.833,camera_3,removed,-1
1805,9025,300.833,camera_4,removed,78
1805,9025,300.833,camera_5,new_track,242
1805,9025,300.833,camera_5,reacquired,239
1805,9025,300.833,camera_5,reacquired,240
1805,9025,300.833,camera_5,lost_track,235
1805,9025,300.833,camera_5,removed,-1
1805,9025,300.833,camera_6,removed,127
1806,9030,301.0,camera_1,new_track,62
1806,9030,301.0,camera_1,reacquired,60
1806,9030,301.0,camera_5,new_track,243
1806,9030,301.0,camera_5,lost_track,240
1806,9030,301.0,camera_5,lost_track,239
1806,9030,301.0,camera_7,reacquired,63
1806,9030,301.0,camera_7,lost_track,65
1807,9035,301.167,camera_1,lost_track,60
1807,9035,301.167,camera_2,reacquired,100
1807,9035,301.167,camera_2,removed,93
1807,9035,301.167,camera_2,removed,-1
1807,9035,301.167,camera_3,removed,-1
1807,9035,301.167,camera_5,reacquired,225
1807,9035,301.167,camera_5,reacquired,232
1807,9035,301.167,camera_5,reacquired,235
1807,9035,301.167,camera_5,lost_track,241
1807,9035,301.167,camera_5,lost_track,234
1808,9040,301.333,camera_1,reacquired,60
1808,9040,301.333,camera_2,lost_track,100
1808,9040,301.333,camera_3,lost_track,108
1808,9040,301.333,camera_5,lost_track,242
1808,9040,301.333,camera_5,removed,-1
1808,9040,301.333,camera_7,lost_track,63
1809,9045,301.5,camera_2,new_track,102
1809,9045,301.5,camera_4,lost_track,82
1809,9045,301.5,camera_5,reacquired,239
1809,9045,301.5,camera_7,new_track,66
1810,9050,301.667,camera_1,lost_track,62
1810,9050,301.667,camera_2,lost_track,99
1810,9050,301.667,camera_3,new_track,124
1810,9050,301.667,camera_5,lost_track,232
1810,9050,301.667,camera_5,lost_track,225
1811,9055,301.833,camera_2,reacquired,100
1811,9055,301.833,camera_4,removed,74
1811,9055,301.833,camera_5,reacquired,225
1811,9055,301.833,camera_5,removed,229
1811,9055,301.833,camera_6,removed,-1
1812,9060,302.0,camera_2,reacquired,91
1812,9060,302.0,camera_5,lost_track,225
1812,9060,302.0,camera_5,removed,223
1812,9060,302.0,camera_6,new_track,129
1813,9065,302.167,camera_5,new_track,244
1813,9065,302.167,camera_5,reacquired,242
1813,9065,302.167,camera_5,lost_track,233
1814,9070,302.333,camera_1,lost_track,60
1814,9070,302.333,camera_5,new_track,245
1814,9070,302.333,camera_7,lost_track,66
1815,9075,302.5,camera_5,reacquired,234
1815,9075,302.5,camera_5,lost_track,244
1815,9075,302.5,camera_5,lost_track,245
1815,9075,302.5,camera_7,reacquired,66
1815,9075,302.5,camera_7,removed,-1
1816,9080,302.667,camera_1,reacquired,58
1816,9080,302.667,camera_1,removed,-1
1816,9080,302.667,camera_2,lost_track,92
1816,9080,302.667,camera_2,removed,97
1816,9080,302.667,camera_5,lost_track,242
1816,9080,302.667,camera_5,lost_track,235
1817,9085,302.833,camera_2,removed,-1
1817,9085,302.833,camera_4,removed,80
1817,9085,302.833,camera_5,reacquired,242
1817,9085,302.833,camera_5,removed,230
1818,9090,303.0,camera_1,removed,-1
1818,9090,303.0,camera_3,removed,-1
1818,9090,303.0,camera_5,reacquired,232
1818,9090,303.0,camera_5,lost_track,239
1819,9095,303.167,camera_2,new_track,103
1819,9095,303.167,camera_3,new_track,125
1819,9095,303.167,camera_5,lost_track,242
1820,9100,303.333,camera_2,reacquired,92
1820,9100,303.333,camera_2,lost_track,103
1820,9100,303.333,camera_2,removed,96
1820,9100,303.333,camera_2,removed,-1
1820,9100,303.333,camera_3,lost_track,118
1820,9100,303.333,camera_3,removed,-1
1820,9100,303.333,camera_3,removed,119
1820,9100,303.333,camera_5,reacquired,233
1820,9100,303.333,camera_5,reacquired,242
1820,9100,303.333,camera_5,reacquired,245
1821,9105,303.5,camera_1,removed,-1
1821,9105,303.5,camera_5,lost_track,233
1821,9105,303.5,camera_5,lost_track,245
1822,9110,303.667,camera_3,lost_track,123
1822,9110,303.667,camera_4,new_track,84
1822,9110,303.667,camera_5,reacquired,233
1822,9110,303.667,camera_5,removed,-1
1823,9115,303.833,camera_1,new_track,63
1823,9115,303.833,camera_2,lost_track,100
1823,9115,303.833,camera_3,reacquired,118
1823,9115,303.833,camera_5,reacquired,235
1823,9115,303.833,camera_5,lost_track,233
1823,9115,303.833,camera_5,lost_track,234
1824,9120,304.0,camera_2,reacquired,100
1824,9120,304.0,camera_5,reacquired,233
1824,9120,304.0,camera_5,removed,236
1824,9120,304.0,camera_5,removed,237
1825,9125,304.167,camera_1,new_track,64
1825,9125,304.167,camera_2,lost_track,100
1825,9125,304.167,camera_3,removed,121
1825,9125,304.167,camera_5,removed,-1
1825,9125,304.167,camera_5,removed,231
1826,9130,304.333,camera_1,lost_track,64
1826,9130,304.333,camera_1,removed,55
1826,9130,304.333,camera_2,removed,-1
1826,9130,304.333,camera_5,lost_track,232
1826,9130,304.333,camera_5,lost_track,233
1826,9130,304.333,camera_5,lost_track,242
1826,9130,304.333,camera_5,lost_track,243
1827,9135,304.5,camera_1,reacquired,60
1827,9135,304.5,camera_1,removed,-1
1827,9135,304.5,camera_5,new_track,246
1828,9140,304.667,camera_2,new_track,104
1828,9140,304.667,camera_2,removed,98
1828,9140,304.667,camera_5,removed,-1
1828,9140,304.667,camera_5,removed,238
1828,9140,304.667,camera_6,new_track,130
1828,9140,304.667,camera_7,removed,-1
1829,9145,304.833,camera_2,removed,-1
1829,9145,304.833,camera_5,reacquired,242
1829,9145,304.833,camera_5,lost_track,235
1830,9150,305.0,camera_1,lost_track,63
1830,9150,305.0,camera_2,lost_track,104
1830,9150,305.0,camera_5,removed,-1
1830,9150,305.0,camera_6,lost_track,130
1830,9150,305.0,camera_7,new_track,67
1831,9155,305.167,camera_1,lost_track,60
1831,9155,305.167,camera_1,removed,-1
1831,9155,305.167,camera_2,reacquired,104
1831,9155,305.167,camera_2,lost_track,101
1831,9155,305.167,camera_6,lost_track,129
1832,9160,305.333,camera_1,reacquired,60
1832,9160,305.333,camera_2,removed,-1
1832,9160,305.333,camera_5,lost_track,242
1832,9160,305.333,camera_5,lost_track,246
1832,9160,305.333,camera_5,removed,228
1832,9160,305.333,camera_6,new_track,131
1833,9165,305.5,camera_1,lost_track,60
1833,9165,305.5,camera_3,removed,122
1833,9165,305.5,camera_6,lost_track,131
1834,9170,305.667,camera_2,new_track,105
1834,9170,305.667,camera_2,lost_track,91
1834,9170,305.667,camera_2,lost_track,102
1834,9170,305.667,camera_3,lost_track,118
1834,9170,305.667,camera_4,removed,83
1834,9170,305.667,camera_5,reacquired,242
1835,9175,305.833,camera_2,new_track,106
1835,9175,305.833,camera_2,lost_track,104
1835,9175,305.833,camera_2,removed,-1
1835,9175,305.833,camera_5,reacquired,246
1836,9180,306.0,camera_2,reacquired,91
1836,9180,306.0,camera_2,reacquired,104
1836,9180,306.0,camera_2,lost_track,92
1836,9180,306.0,camera_5,removed,240
1836,9180,306.0,camera_7,removed,65
1837,9185,306.167,camera_1,new_track,65
1837,9185,306.167,camera_2,new_track,107
1837,9185,306.167,camera_3,reacquired,118
1837,9185,306.167,camera_3,removed,-1
1837,9185,306.167,camera_5,removed,241
1837,9185,306.167,camera_5,removed,-1
1838,9190,306.333,camera_3,removed,108
1838,9190,306.333,camera_7,removed,63
1839,9195,306.5,camera_2,new_track,108
1839,9195,306.5,camera_2,lost_track,106
1839,9195,306.5,camera_4,removed,82
1839,9195,306.5,camera_5,removed,-1
1840,9200,306.667,camera_1,lost_track,65
1840,9200,306.667,camera_1,lost_track,58
1840,9200,306.667,camera_1,removed,62
1840,9200,306.667,camera_2,reacquired,103
1840,9200,306.667,camera_2,lost_track,104
1840,9200,306.667,camera_2,lost_track,91
1840,9200,306.667,camera_2,lost_track,108
1840,9200,306.667,camera_2,removed,99
1840,9200,306.667,camera_3,removed,-1
1840,9200,306.667,camera_5,lost_track,242
1841,9205,306.833,camera_1,reacquired,64
1841,9205,306.833,camera_1,reacquired,65
1841,9205,306.833,camera_2,reacquired,92
1841,9205,306.833,camera_2,lost_track,103
1841,9205,306.833,camera_3,new_track,126
1841,9205,306.833,camera_3,new_track,127
1841,9205,306.833,camera_3,lost_track,120
1841,9205,306.833,camera_5,reacquired,242
1841,9205,306.833,camera_7,lost_track,67
1842,9210,307.0,camera_1,new_track,66
1842,9210,307.0,camera_1,lost_track,64
1842,9210,307.0,camera_1,lost_track,65
1842,9210,307.0,camera_2,reacquired,104
1842,9210,307.0,camera_5,lost_track,242
1842,9210,307.0,camera_5,removed,225
1842,9210,307.0,camera_5,removed,-1
1842,9210,307.0,camera_7,new_track,68
1843,9215,307.167,camera_3,new_track,128
1843,9215,307.167,camera_3,removed,-1
1843,9215,307.167,camera_5,lost_track,246
1844,9220,307.333,camera_1,reacquired,64
1844,9220,307.333,camera_3,lost_track,128
1844,9220,307.333,camera_3,lost_track,126
1845,9225,307.5,camera_2,reacquired,108
1845,9225,307.5,camera_3,new_track,129
1845,9225,307.5,camera_4,lost_track,84
1845,9225,307.5,camera_5,reacquired,246
1845,9225,307.5,camera_5,removed,244
1846,9230,307.667,camera_1,lost_track,64
1846,9230,307.667,camera_2,lost_track,108
1846,9230,307.667,camera_3,new_track,130
1846,9230,307.667,camera_5,lost_track,246
1847,9235,307.833,camera_3,removed,-1
1847,9235,307.833,camera_5,reacquired,246
1848,9240,308.0,camera_3,lost_track,125
1848,9240,308.0,camera_5,lost_track,246
1848,9240,308.0,camera_5,removed,-1
1848,9240,308.0,camera_5,removed,239
1849,9245,308.167,camera_2,reacquired,100
1849,9245,308.167,camera_2,lost_track,94
1849,9245,308.167,camera_3,reacquired,120
1849,9245,308.167,camera_3,lost_track,129
1850,9250,308.333,camera_1,lost_track,66
1850,9250,308.333,camera_3,removed,-1
1851,9255,308.5,camera_3,new_track,131
1851,9255,308.5,camera_5,removed,245
1852,9260,308.667,camera_3,removed,123
1852,9260,308.667,camera_4,new_track,85
1853,9265,308.833,camera_1,removed,-1
1853,9265,308.833,camera_3,lost_track,127
1853,9265,308.833,camera_5,removed,234
1854,9270,309.0,camera_2,reacquired,94
1854,9270,309.0,camera_3,lost_track,130
1855,9275,309.167,camera_2,lost_track,107
1855,9275,309.167,camera_3,new_track,132
1855,9275,309.167,camera_3,removed,-1
1856,9280,309.333,camera_2,reacquired,107
1856,9280,309.333,camera_2,lost_track,94
1856,9280,309.333,camera_5,removed,232
1856,9280,309.333,camera_5,removed,233
1856,9280,309.333,camera_5,removed,243
1858,9290,309.667,camera_3,new_track,133
1858,9290,309.667,camera_7,removed,-1
1859,9295,309.833,camera_3,lost_track,133
1859,9295,309.833,camera_5,removed,235
1860,9300,310.0,camera_1,removed,63
1860,9300,310.0,camera_3,lost_track,132
1860,9300,310.0,camera_6,removed,130
1860,9300,310.0,camera_7,removed,-1
1861,9305,310.167,camera_1,reacquired,66
1861,9305,310.167,camera_2,removed,101
1861,9305,310.167,camera_3,new_track,134
1861,9305,310.167,camera_6,reacquired,131
1861,9305,310.167,camera_6,removed,129
1862,9310,310.333,camera_6,removed,-1
1863,9315,310.5,camera_1,lost_track,61
1863,9315,310.5,camera_1,removed,60
1864,9320,310.667,camera_2,removed,102
1864,9320,310.667,camera_3,reacquired,128
1864,9320,310.667,camera_3,lost_track,134
1865,9325,310.833,camera_1,lost_track,66
1865,9325,310.833,camera_2,lost_track,100
1865,9325,310.833,camera_2,removed,-1
1865,9325,310.833,camera_3,reacquired,125
1865,9325,310.833,camera_3,lost_track,128
1865,9325,310.833,camera_6,new_track,132
1865,9325,310.833,camera_7,lost_track,64
1866,9330,311.0,camera_1,reacquired,66
1868,9340,311.333,camera_1,removed,-1
1868,9340,311.333,camera_2,new_track,109
1868,9340,311.333,camera_3,lost_track,125
1868,9340,311.333,camera_4,new_track,86
1869,9345,311.5,camera_2,removed,106
1869,9345,311.5,camera_3,removed,-1
1870,9350,311.667,camera_1,removed,58
1870,9350,311.667,camera_2,lost_track,109
1870,9350,311.667,camera_2,removed,91
1871,9355,311.833,camera_2,new_track,110
1871,9355,311.833,camera_2,removed,103
1871,9355,311.833,camera_7,removed,67
1872,9360,312.0,camera_1,lost_track,66
1872,9360,312.0,camera_1,removed,65
1872,9360,312.0,camera_5,removed,242
1873,9365,312.167,camera_4,removed,-1
1874,9370,312.333,camera_3,removed,126
1874,9370,312.333,camera_6,lost_track,132
1875,9375,312.5,camera_2,new_track,111
1875,9375,312.5,camera_4,removed,84
1875,9375,312.5,camera_6,reacquired,132
1876,9380,312.667,camera_1,removed,64
1876,9380,312.667,camera_2,removed,108
1877,9385,312.833,camera_7,new_track,69
1877,9385,312.833,camera_7,lost_track,68
1878,9390,313.0,camera_5,removed,246
1878,9390,313.0,camera_6,lost_track,132
1878,9390,313.0,camera_7,lost_track,69
1879,9395,313.167,camera_3,removed,129
1879,9395,313.167,camera_7,reacquired,69
1879,9395,313.167,camera_7,removed,-1
1880,9400,313.333,camera_7,new_track,70
1880,9400,313.333,camera_7,lost_track,69
1882,9410,313.667,camera_5,removed,-1
1883,9415,313.833,camera_1,removed,-1
1883,9415,313.833,camera_3,removed,127
1884,9420,314.0,camera_3,removed,130
1886,9430,314.333,camera_2,removed,94
1888,9440,314.667,camera_6,lost_track,131
1889,9445,314.833,camera_3,removed,133
1889,9445,314.833,camera_6,removed,-1
1890,9450,315.0,camera_3,removed,132
1893,9465,315.5,camera_1,removed,61
1894,9470,315.667,camera_3,removed,134
1895,9475,315.833,camera_2,removed,100
1895,9475,315.833,camera_3,removed,128
1895,9475,315.833,camera_7,removed,64
1896,9480,316.0,camera_5,new_track,247
1896,9480,316.0,camera_5,removed,-1
1897,9485,316.167,camera_5,new_track,248
1897,9485,316.167,camera_5,lost_track,247
1898,9490,316.333,camera_3,removed,125
1898,9490,316.333,camera_5,reacquired,247
1900,9500,316.667,camera_2,removed,109
1900,9500,316.667,camera_5,new_track,249
1901,9505,316.833,camera_5,new_track,250
1902,9510,317.0,camera_1,removed,66
1902,9510,317.0,camera_5,lost_track,250
1903,9515,317.167,camera_2,lost_track,111
1903,9515,317.167,camera_4,lost_track,85
1903,9515,317.167,camera_5,reacquired,250
1904,9520,317.333,camera_2,new_track,112
1904,9520,317.333,camera_4,reacquired,85
1904,9520,317.333,camera_5,new_track,251
1904,9520,317.333,camera_5,lost_track,250
1905,9525,317.5,camera_2,lost_track,110
1905,9525,317.5,camera_5,reacquired,250
1905,9525,317.5,camera_5,lost_track,247
1905,9525,317.5,camera_7,lost_track,70
1906,9530,317.667,camera_5,removed,-1
1907,9535,317.833,camera_2,reacquired,110
1907,9535,317.833,camera_2,lost_track,112
1907,9535,317.833,camera_5,reacquired,247
1907,9535,317.833,camera_5,lost_track,250
1907,9535,317.833,camera_5,lost_track,251
1907,9535,317.833,camera_7,removed,68
1908,9540,318.0,camera_5,removed,-1
1908,9540,318.0,camera_6,removed,132
1908,9540,318.0,camera_7,removed,-1
1909,9545,318.167,camera_2,new_track,113
1909,9545,318.167,camera_7,reacquired,70
1910,9550,318.333,camera_7,removed,69
1913,9565,318.833,camera_2,new_track,114
1913,9565,318.833,camera_2,lost_track,110
1913,9565,318.833,camera_5,new_track,252
1914,9570,319.0,camera_2,new_track,115
1914,9570,319.0,camera_5,lost_track,252
1914,9570,319.0,camera_5,removed,-1
1915,9575,319.167,camera_2,lost_track,113
1915,9575,319.167,camera_2,lost_track,114
1915,9575,319.167,camera_2,lost_track,115
1916,9580,319.333,camera_2,reacquired,110
1916,9580,319.333,camera_2,reacquired,115
1916,9580,319.333,camera_2,removed,-1
1916,9580,319.333,camera_4,lost_track,85
1916,9580,319.333,camera_5,reacquired,252
1916,9580,319.333,camera_5,removed,-1
1917,9585,319.5,camera_1,new_track,67
1917,9585,319.5,camera_2,reacquired,113
1917,9585,319.5,camera_3,new_track,135
1917,9585,319.5,camera_5,new_track,253
1917,9585,319.5,camera_5,new_track,254
1918,9590,319.667,camera_1,new_track,68
1918,9590,319.667,camera_5,removed,-1
1918,9590,319.667,camera_6,removed,131
1919,9595,319.833,camera_3,removed,-1
1919,9595,319.833,camera_4,removed,-1
1919,9595,319.833,camera_5,lost_track,254
1920,9600,320.0,camera_1,lost_track,68
1920,9600,320.0,camera_5,reacquired,254
1920,9600,320.0,camera_5,lost_track,252
1921,9605,320.167,camera_1,reacquired,68
1921,9605,320.167,camera_2,removed,-1
1921,9605,320.167,camera_5,removed,-1
1922,9610,320.333,camera_2,lost_track,115
1922,9610,320.333,camera_5,reacquired,252
1922,9610,320.333,camera_5,lost_track,254
1923,9615,320.5,camera_2,reacquired,115
1923,9615,320.5,camera_3,new_track,136
1923,9615,320.5,camera_4,new_track,87
1923,9615,320.5,camera_5,lost_track,252
1923,9615,320.5,camera_5,lost_track,253
1924,9620,320.667,camera_1,lost_track,67
1924,9620,320.667,camera_1,removed,-1
1924,9620,320.667,camera_2,removed,-1
1924,9620,320.667,camera_5,reacquired,250
1924,9620,320.667,camera_5,lost_track,248
1925,9625,320.833,camera_1,lost_track,68
1925,9625,320.833,camera_3,lost_track,120
1926,9630,321.0,camera_1,removed,-1
1926,9630,321.0,camera_3,reacquired,120
1926,9630,321.0,camera_3,lost_track,135
1926,9630,321.0,camera_3,removed,-1
1926,9630,321.0,camera_5,lost_track,249
1926,9630,321.0,camera_5,removed,-1
1927,9635,321.167,camera_1,new_track,69
1927,9635,321.167,camera_2,reacquired,111
1927,9635,321.167,camera_2,lost_track,113
1927,9635,321.167,camera_5,reacquired,251
1928,9640,321.333,camera_2,reacquired,113
1928,9640,321.333,camera_3,lost_track,117
1928,9640,321.333,camera_5,new_track,255
1929,9645,321.5,camera_1,removed,-1
1929,9645,321.5,camera_2,lost_track,113
1929,9645,321.5,camera_2,lost_track,111
1929,9645,321.5,camera_3,removed,-1
1930,9650,321.667,camera_2,lost_track,110
1930,9650,321.667,camera_2,removed,-1
1930,9650,321.667,camera_3,new_track,137
1930,9650,321.667,camera_4,reacquired,85
1930,9650,321.667,camera_4,removed,-1
1931,9655,321.833,camera_3,lost_track,137
1931,9655,321.833,camera_4,lost_track,87
1931,9655,321.833,camera_5,lost_track,251
1932,9660,322.0,camera_2,new_track,116
1932,9660,322.0,camera_2,removed,-1
1932,9660,322.0,camera_3,removed,-1
1932,9660,322.0,camera_5,removed,-1
1933,9665,322.167,camera_2,new_track,117
1933,9665,322.167,camera_2,lost_track,116
1933,9665,322.167,camera_4,new_track,88
1934,9670,322.333,camera_2,lost_track,117
1934,9670,322.333,camera_3,new_track,138
1935,9675,322.5,camera_2,reacquired,117
1935,9675,322.5,camera_2,lost_track,92
1935,9675,322.5,camera_2,removed,-1
1935,9675,322.5,camera_3,lost_track,118
1936,9680,322.667,camera_3,new_track,139
1936,9680,322.667,camera_3,reacquired,135
1936,9680,322.667,camera_3,removed,-1
1937,9685,322.833,camera_1,removed,-1
1937,9685,322.833,camera_2,lost_track,115
1937,9685,322.833,camera_2,removed,112
1937,9685,322.833,camera_5,reacquired,254
1938,9690,323.0,camera_2,reacquired,111
1938,9690,323.0,camera_3,lost_track,135
1938,9690,323.0,camera_3,removed,-1
1938,9690,323.0,camera_5,lost_track,254
1938,9690,323.0,camera_5,lost_track,255
1939,9695,323.167,camera_2,new_track,118
1939,9695,323.167,camera_5,removed,-1
1940,9700,323.333,camera_3,reacquired,135
1941,9705,323.5,camera_2,lost_track,107
1941,9705,323.5,camera_2,lost_track,118
1941,9705,323.5,camera_5,reacquired,254
1942,9710,323.667,camera_5,lost_track,254
1943,9715,323.833,camera_2,reacquired,115
1943,9715,323.833,camera_2,removed,-1
1943,9715,323.833,camera_5,reacquired,254
1944,9720,324.0,camera_1,removed,-1
1944,9720,324.0,camera_3,reacquired,137
1944,9720,324.0,camera_3,lost_track,120
1944,9720,324.0,camera_3,removed,-1
1944,9720,324.0,camera_4,lost_track,88
1944,9720,324.0,camera_5,lost_track,254
1945,9725,324.167,camera_2,removed,114
1945,9725,324.167,camera_3,reacquired,117
1945,9725,324.167,camera_4,removed,-1
1945,9725,324.167,camera_5,removed,-1
1946,9730,324.333,camera_3,lost_track,137
1946,9730,324.333,camera_3,removed,-1
1946,9730,324.333,camera_5,new_track,256
1947,9735,324.5,camera_3,lost_track,138
1947,9735,324.5,camera_4,new_track,89
1948,9740,324.667,camera_2,lost_track,115
1949,9745,324.833,camera_2,reacquired,115
1949,9745,324.833,camera_3,reacquired,138
1950,9750,325.0,camera_2,lost_track,115
1950,9750,325.0,camera_3,lost_track,117
1950,9750,325.0,camera_4,removed,-1
1951,9755,325.167,camera_4,new_track,90
1951,9755,325.167,camera_4,lost_track,89
1952,9760,325.333,camera_2,removed,-1
1952,9760,325.333,camera_3,removed,-1
1952,9760,325.333,camera_4,new_track,91
1953,9765,325.5,camera_1,removed,-1
1953,9765,325.5,camera_3,reacquired,118
1953,9765,325.5,camera_4,lost_track,91
1953,9765,325.5,camera_4,lost_track,85
1953,9765,325.5,camera_5,removed,252
1953,9765,325.5,camera_5,removed,253
1954,9770,325.667,camera_1,new_track,70
1954,9770,325.667,camera_1,removed,67
1954,9770,325.667,camera_2,removed,-1
1954,9770,325.667,camera_5,removed,248
1955,9775,325.833,camera_1,reacquired,68
1955,9775,325.833,camera_1,lost_track,70
1955,9775,325.833,camera_2,reacquired,115
1955,9775,325.833,camera_2,lost_track,117
1955,9775,325.833,camera_2,lost_track,111
1955,9775,325.833,camera_3,new_track,140
1955,9775,325.833,camera_4,reacquired,91
1955,9775,325.833,camera_4,lost_track,90
1956,9780,326.0,camera_2,reacquired,117
1956,9780,326.0,camera_2,removed,-1
1956,9780,326.0,camera_3,lost_track,139
1956,9780,326.0,camera_4,lost_track,91
1956,9780,326.0,camera_5,removed,249
1957,9785,326.167,camera_1,reacquired,70
1957,9785,326.167,camera_2,reacquired,110
1958,9790,326.333,camera_2,new_track,119
1959,9795,326.5,camera_1,lost_track,68
1959,9795,326.5,camera_2,removed,113
1960,9800,326.667,camera_1,new_track,71
1960,9800,326.667,camera_1,removed,-1
1960,9800,326.667,camera_2,removed,-1
1961,9805,326.833,camera_2,lost_track,105
1961,9805,326.833,camera_2,lost_track,117
1961,9805,326.833,camera_3,lost_track,135
1961,9805,326.833,camera_4,removed,87
1961,9805,326.833,camera_5,removed,251
1962,9810,327.0,camera_2,new_track,120
1962,9810,327.0,camera_2,new_track,121
1962,9810,327.0,camera_6,removed,-1
1963,9815,327.167,camera_2,removed,116
1963,9815,327.167,camera_3,lost_track,140
1963,9815,327.167,camera_5,new_track,257
1963,9815,327.167,camera_5,lost_track,256
1963,9815,327.167,camera_6,new_track,133
1964,9820,327.333,camera_3,new_track,141
1964,9820,327.333,camera_3,reacquired,137
1964,9820,327.333,camera_3,removed,-1
1964,9820,327.333,camera_5,lost_track,257
1965,9825,327.5,camera_2,removed,92
1965,9825,327.5,camera_3,lost_track,141
1965,9825,327.5,camera_6,new_track,134
1965,9825,327.5,camera_7,lost_track,66
1966,9830,327.667,camera_2,new_track,122
1966,9830,327.667,camera_2,lost_track,121
1966,9830,327.667,camera_3,lost_track,138
1966,9830,327.667,camera_5,removed,-1
1967,9835,327.833,camera_2,lost_track,120
1967,9835,327.833,camera_2,lost_track,115
1967,9835,327.833,camera_2,lost_track,119
1967,9835,327.833,camera_2,removed,-1
1967,9835,327.833,camera_3,reacquired,120
1967,9835,327.833,camera_3,reacquired,138
1967,9835,327.833,camera_3,lost_track,137
1967,9835,327.833,camera_3,removed,-1
1968,9840,328.0,camera_1,lost_track,71
1968,9840,328.0,camera_5,removed,255
1969,9845,328.167,camera_1,reacquired,71
1969,9845,328.167,camera_2,reacquired,115
1969,9845,328.167,camera_2,removed,-1
1969,9845,328.167,camera_3,lost_track,120
1969,9845,328.167,camera_3,removed,-1
1969,9845,328.167,camera_6,lost_track,134
1970,9850,328.333,camera_1,lost_track,71
1970,9850,328.333,camera_2,new_track,123
1971,9855,328.5,camera_2,reacquired,119
1971,9855,328.5,camera_2,lost_track,115
1971,9855,328.5,camera_2,removed,107
1971,9855,328.5,camera_2,removed,118
1972,9860,328.667,camera_1,reacquired,71
1972,9860,328.667,camera_2,lost_track,119
1972,9860,328.667,camera_2,removed,-1
1972,9860,328.667,camera_3,reacquired,120
1972,9860,328.667,camera_3,removed,-1
1973,9865,328.833,camera_1,lost_track,71
1974,9870,329.0,camera_3,reacquired,137
1974,9870,329.0,camera_3,lost_track,131
1974,9870,329.0,camera_4,removed,88
1974,9870,329.0,camera_5,lost_track,247
1974,9870,329.0,camera_5,removed,254
1975,9875,329.167,camera_3,lost_track,118
1975,9875,329.167,camera_3,removed,-1
1975,9875,329.167,camera_5,removed,-1
1976,9880,329.333,camera_1,reacquired,71
1976,9880,329.333,camera_2,removed,-1
1976,9880,329.333,camera_3,new_track,142
1977,9885,329.5,camera_1,removed,-1
1977,9885,329.5,camera_2,reacquired,115
1977,9885,329.5,camera_2,lost_track,123
1978,9890,329.667,camera_1,lost_track,71
1978,9890,329.667,camera_3,new_track,144
1978,9890,329.667,camera_3,new_track,143
1978,9890,329.667,camera_3,lost_track,142
1978,9890,329.667,camera_4,new_track,92
1979,9895,329.833,camera_1,reacquired,71
1979,9895,329.833,camera_3,lost_track,124
1979,9895,329.833,camera_3,lost_track,143
1980,9900,330.0,camera_2,lost_track,110
1980,9900,330.0,camera_3,removed,117
1980,9900,330.0,camera_5,lost_track,250
1981,9905,330.167,camera_2,new_track,124
1981,9905,330.167,camera_3,removed,-1
1981,9905,330.167,camera_4,removed,89
1982,9910,330.333,camera_1,lost_track,71
1982,9910,330.333,camera_2,lost_track,104
1982,9910,330.333,camera_2,lost_track,124
1982,9910,330.333,camera_3,reacquired,143
1982,9910,330.333,camera_3,lost_track,144
1983,9915,330.5,camera_3,lost_track,143
1983,9915,330.5,camera_4,removed,85
1983,9915,330.5,camera_6,lost_track,133
1984,9920,330.667,camera_3,new_track,145
1984,9920,330.667,camera_3,reacquired,141
1984,9920,330.667,camera_3,lost_track,120
1984,9920,330.667,camera_3,lost_track,138
1984,9920,330.667,camera_3,removed,-1
1984,9920,330.667,camera_6,removed,-1
1985,9925,330.833,camera_2,removed,111
1985,9925,330.833,camera_3,new_track,146
1985,9925,330.833,camera_4,removed,90
1985,9925,330.833,camera_6,new_track,135
1986,9930,331.0,camera_1,new_track,72
1986,9930,331.0,camera_3,removed,139
1986,9930,331.0,camera_4,removed,91
1987,9935,331.167,camera_3,new_track,147
1988,9940,331.333,camera_1,lost_track,72
1988,9940,331.333,camera_3,lost_track,137
1988,9940,331.333,camera_3,lost_track,147
1988,9940,331.333,camera_4,removed,-1
1989,9945,331.5,camera_1,removed,68
1989,9945,331.5,camera_4,new_track,93
1990,9950,331.667,camera_1,new_track,73
1991,9955,331.833,camera_2,removed,105
1991,9955,331.833,camera_2,removed,117
1991,9955,331.833,camera_3,new_track,148
1991,9955,331.833,camera_3,removed,135
1992,9960,332.0,camera_1,lost_track,70
1992,9960,332.0,camera_4,lost_track,92
1992,9960,332.0,camera_6,new_track,136
1993,9965,332.167,camera_3,removed,140
1993,9965,332.167,camera_4,new_track,94
1993,9965,332.167,camera_4,reacquired,92
1993,9965,332.167,camera_4,lost_track,86
1993,9965,332.167,camera_5,removed,256
1994,9970,332.333,camera_4,reacquired,86
1994,9970,332.333,camera_4,lost_track,92
1994,9970,332.333,camera_5,new_track,258
1994,9970,332.333,camera_5,removed,257
1995,9975,332.5,camera_1,reacquired,70
1995,9975,332.5,camera_1,lost_track,73
1995,9975,332.5,camera_3,lost_track,148
1995,9975,332.5,camera_7,removed,66
1996,9980,332.667,camera_2,removed,121
1996,9980,332.667,camera_6,removed,-1
1997,9985,332.833,camera_2,removed,120
1997,9985,332.833,camera_3,removed,-1
1999,9995,333.167,camera_1,removed,-1
1999,9995,333.167,camera_2,lost_track,115
1999,9995,333.167,camera_3,reacquired,148
1999,9995,333.167,camera_6,removed,134
2000,10000,333.333,camera_4,new_track,95
2000,10000,333.333,camera_7,lost_track,70
2001,10005,333.5,camera_3,new_track,149
2001,10005,333.5,camera_3,lost_track,136
2001,10005,333.5,camera_3,lost_track,148
2001,10005,333.5,camera_3,removed,-1
2001,10005,333.5,camera_4,lost_track,95
2002,10010,333.667,camera_2,removed,119
2002,10010,333.667,camera_3,lost_track,149
2003,10015,333.833,camera_1,reacquired,73
2003,10015,333.833,camera_3,lost_track,146
2003,10015,333.833,camera_4,new_track,96
2003,10015,333.833,camera_5,new_track,259
2003,10015,333.833,camera_6,new_track,137
2003,10015,333.833,camera_6,removed,-1
2004,10020,334.0,camera_1,reacquired,71
2004,10020,334.0,camera_1,lost_track,70
2004,10020,334.0,camera_3,reacquired,149
2004,10020,334.0,camera_3,removed,131
2004,10020,334.0,camera_4,lost_track,96
2004,10020,334.0,camera_4,lost_track,94
2004,10020,334.0,camera_5,removed,247
2004,10020,334.0,camera_6,lost_track,136
2005,10025,334.167,camera_1,lost_track,71
2005,10025,334.167,camera_2,removed,-1
2005,10025,334.167,camera_3,lost_track,145
2005,10025,334.167,camera_3,removed,118
2005,10025,334.167,camera_4,reacquired,94
2005,10025,334.167,camera_4,removed,-1
2005,10025,334.167,camera_6,reacquired,136
2005,10025,334.167,camera_6,lost_track,135
2005,10025,334.167,camera_6,removed,-1
2006,10030,334.333,camera_2,new_track,125
2006,10030,334.333,camera_3,reacquired,136
2006,10030,334.333,camera_3,reacquired,145
2006,10030,334.333,camera_3,lost_track,141
2006,10030,334.333,camera_4,new_track,97
2006,10030,334.333,camera_4,lost_track,94
2006,10030,334.333,camera_5,new_track,260
2006,10030,334.333,camera_5,lost_track,259
2006,10030,334.333,camera_7,new_track,71
2007,10035,334.5,camera_2,removed,123
2007,10035,334.5,camera_3,reacquired,148
2007,10035,334.5,camera_5,removed,-1
2007,10035,334.5,camera_6,new_track,138
2008,10040,334.667,camera_3,new_track,150
2008,10040,334.667,camera_3,lost_track,136
2008,10040,334.667,camera_3,lost_track,148
2008,10040,334.667,camera_3,removed,142
2008,10040,334.667,camera_5,reacquired,259
2008,10040,334.667,camera_6,removed,-1
2009,10045,334.833,camera_1,removed,-1
2009,10045,334.833,camera_3,reacquired,148
2009,10045,334.833,camera_3,lost_track,149
2009,10045,334.833,camera_3,removed,124
2009,10045,334.833,camera_3,removed,-1
2009,10045,334.833,camera_6,lost_track,138
2010,10050,335.0,camera_2,removed,110
2010,10050,335.0,camera_2,removed,-1
2010,10050,335.0,camera_3,reacquired,136
2010,10050,335.0,camera_3,reacquired,149
2010,10050,335.0,camera_3,lost_track,145
2010,10050,335.0,camera_5,lost_track,258
2010,10050,335.0,camera_5,removed,250
2011,10055,335.167,camera_1,removed,-1
2011,10055,335.167,camera_4,removed,-1
2012,10060,335.333,camera_2,removed,104
2012,10060,335.333,camera_2,removed,124
2012,10060,335.333,camera_3,lost_track,148
2012,10060,335.333,camera_3,removed,144
2013,10065,335.5,camera_1,removed,-1
2013,10065,335.5,camera_2,new_track,126
2013,10065,335.5,camera_2,removed,-1
2013,10065,335.5,camera_3,reacquired,146
2013,10065,335.5,camera_3,removed,143
2013,10065,335.5,camera_5,lost_track,260
2013,10065,335.5,camera_6,lost_track,137
2013,10065,335.5,camera_6,removed,133
2013,10065,335.5,camera_7,new_track,72
2014,10070,335.667,camera_3,removed,120
2014,10070,335.667,camera_3,removed,138
2014,10070,335.667,camera_6,lost_track,136
2015,10075,335.833,camera_1,removed,-1
2015,10075,335.833,camera_2,lost_track,126
2015,10075,335.833,camera_6,removed,-1
2016,10080,336.0,camera_3,lost_track,136
2017,10085,336.167,camera_1,new_track,74
2017,10085,336.167,camera_2,reacquired,126
2017,10085,336.167,camera_3,reacquired,136
2017,10085,336.167,camera_3,lost_track,150
2017,10085,336.167,camera_3,removed,-1
2017,10085,336.167,camera_7,removed,-1
2018,10090,336.333,camera_1,removed,72
2018,10090,336.333,camera_3,removed,137
2018,10090,336.333,camera_3,removed,147
2019,10095,336.5,camera_1,lost_track,74
2019,10095,336.5,camera_3,reacquired,145
2019,10095,336.5,camera_3,reacquired,150
2019,10095,336.5,camera_3,lost_track,149
2020,10100,336.667,camera_2,lost_track,126
2020,10100,336.667,camera_5,reacquired,260
2021,10105,336.833,camera_1,removed,-1
2021,10105,336.833,camera_4,new_track,98
2022,10110,337.0,camera_3,reacquired,149
2022,10110,337.0,camera_4,lost_track,98
2022,10110,337.0,camera_5,lost_track,260
2023,10115,337.167,camera_2,lost_track,122
2024,10120,337.333,camera_2,removed,-1
2024,10120,337.333,camera_4,removed,92
2025,10125,337.5,camera_1,removed,-1
2025,10125,337.5,camera_4,reacquired,96
2025,10125,337.5,camera_4,removed,-1
2026,10130,337.667,camera_3,lost_track,149
2027,10135,337.833,camera_3,reacquired,141
2027,10135,337.833,camera_3,reacquired,148
2027,10135,337.833,camera_4,lost_track,96
2028,10140,338.0,camera_1,removed,-1
2028,10140,338.0,camera_3,reacquired,149
2028,10140,338.0,camera_3,lost_track,148
2028,10140,338.0,camera_4,removed,-1
2028,10140,338.0,camera_7,lost_track,71
2029,10145,338.167,camera_2,removed,115
2029,10145,338.167,camera_7,removed,-1
2030,10150,338.333,camera_3,lost_track,149
2030,10150,338.333,camera_3,removed,-1
2030,10150,338.333,camera_5,lost_track,259
2030,10150,338.333,camera_7,new_track,73
2030,10150,338.333,camera_7,removed,70
2031,10155,338.5,camera_3,reacquired,149
2031,10155,338.5,camera_4,removed,95
2031,10155,338.5,camera_5,new_track,261
2031,10155,338.5,camera_5,removed,-1
2032,10160,338.667,camera_1,new_track,75
2032,10160,338.667,camera_1,lost_track,73
2032,10160,338.667,camera_1,removed,-1
2032,10160,338.667,camera_3,lost_track,150
2032,10160,338.667,camera_4,lost_track,86
2033,10165,338.833,camera_1,lost_track,75
2033,10165,338.833,camera_3,reacquired,148
2033,10165,338.833,camera_3,reacquired,150
2033,10165,338.833,camera_3,lost_track,149
2033,10165,338.833,camera_3,removed,-1
2033,10165,338.833,camera_5,new_track,262
2034,10170,339.0,camera_1,removed,70
2035,10175,339.167,camera_1,reacquired,75
2035,10175,339.167,camera_1,removed,71
2035,10175,339.167,camera_3,reacquired,149
2035,10175,339.167,camera_6,removed,135
2036,10180,339.333,camera_4,removed,94
2036,10180,339.333,camera_5,lost_track,262
2037,10185,339.5,camera_2,new_track,127
2037,10185,339.5,camera_3,lost_track,149
2038,10190,339.667,camera_1,new_track,76
2038,10190,339.667,camera_1,lost_track,75
2038,10190,339.667,camera_4,reacquired,98
2038,10190,339.667,camera_4,removed,-1
2039,10195,339.833,camera_4,lost_track,98
2039,10195,339.833,camera_6,removed,138
2040,10200,340.0,camera_1,lost_track,76
2040,10200,340.0,camera_3,reacquired,149
2040,10200,340.0,camera_3,lost_track,146
2040,10200,340.0,camera_3,lost_track,150
2040,10200,340.0,camera_3,removed,-1
2040,10200,340.0,camera_5,removed,258
2040,10200,340.0,camera_6,removed,-1
2041,10205,340.167,camera_1,reacquired,76
2041,10205,340.167,camera_2,new_track,128
2041,10205,340.167,camera_3,reacquired,146
2041,10205,340.167,camera_3,lost_track,149
2042,10210,340.333,camera_5,new_track,263
2042,10210,340.333,camera_6,new_track,139
2042,10210,340.333,camera_7,new_track,74
2043,10215,340.5,camera_3,lost_track,148
2043,10215,340.5,camera_6,removed,137
2044,10220,340.667,camera_1,lost_track,76
2044,10220,340.667,camera_2,lost_track,125
2044,10220,340.667,camera_3,removed,-1
2044,10220,340.667,camera_5,lost_track,263
2044,10220,340.667,camera_6,removed,136
2045,10225,340.833,camera_3,new_track,151
2045,10225,340.833,camera_5,lost_track,261
2046,10230,341.0,camera_1,reacquired,76
2046,10230,341.0,camera_3,reacquired,148
2046,10230,341.0,camera_3,reacquired,149
2046,10230,341.0,camera_3,lost_track,141
2047,10235,341.167,camera_3,lost_track,149
2048,10240,341.333,camera_3,reacquired,149
2049,10245,341.5,camera_1,reacquired,73
2049,10245,341.5,camera_1,lost_track,76
2049,10245,341.5,camera_1,lost_track,69
2049,10245,341.5,camera_1,removed,74
2049,10245,341.5,camera_2,new_track,129
2049,10245,341.5,camera_3,lost_track,149
2050,10250,341.667,camera_1,removed,-1
2050,10250,341.667,camera_2,removed,126
2052,10260,342.0,camera_1,reacquired,75
2052,10260,342.0,camera_1,removed,-1
2052,10260,342.0,camera_5,removed,260
2052,10260,342.0,camera_6,removed,-1
2053,10265,342.167,camera_2,removed,122
2053,10265,342.167,camera_3,reacquired,150
2053,10265,342.167,camera_6,new_track,140
2054,10270,342.333,camera_3,new_track,152
2054,10270,342.333,camera_3,reacquired,149
2054,10270,342.333,camera_3,lost_track,150
2054,10270,342.333,camera_3,removed,-1
2055,10275,342.5,camera_3,lost_track,149
2056,10280,342.667,camera_3,new_track,153
2056,10280,342.667,camera_3,lost_track,148
2057,10285,342.833,camera_4,removed,96
2058,10290,343.0,camera_1,new_track,77
2058,10290,343.0,camera_1,reacquired,69
2058,10290,343.0,camera_1,removed,-1
2058,10290,343.0,camera_2,lost_track,128
2058,10290,343.0,camera_3,removed,-1
2058,10290,343.0,camera_6,lost_track,140
2058,10290,343.0,camera_7,removed,71
2059,10295,343.167,camera_1,lost_track,77
2059,10295,343.167,camera_1,lost_track,69
2059,10295,343.167,camera_2,new_track,130
2059,10295,343.167,camera_7,new_track,75
2060,10300,343.333,camera_1,reacquired,77
2060,10300,343.333,camera_3,lost_track,153
2060,10300,343.333,camera_5,removed,259
2060,10300,343.333,camera_6,lost_track,139
2061,10305,343.5,camera_3,lost_track,151
2061,10305,343.5,camera_6,removed,-1
2062,10310,343.667,camera_3,reacquired,151
2062,10310,343.667,camera_3,reacquired,153
2062,10310,343.667,camera_3,removed,-1
2062,10310,343.667,camera_4,removed,86
2064,10320,344.0,camera_1,lost_track,77
2064,10320,344.0,camera_3,lost_track,145
2065,10325,344.167,camera_3,reacquired,145
2066,10330,344.333,camera_3,lost_track,153
2066,10330,344.333,camera_5,removed,262
2067,10335,344.5,camera_1,lost_track,73
2069,10345,344.833,camera_4,removed,98
2070,10350,345.0,camera_3,removed,-1
2071,10355,345.167,camera_1,removed,-1
2071,10355,345.167,camera_3,reacquired,150
2071,10355,345.167,camera_3,lost_track,146
2071,10355,345.167,camera_7,lost_track,74
2072,10360,345.333,camera_3,lost_track,150
2072,10360,345.333,camera_7,reacquired,74
2073,10365,345.5,camera_1,new_track,78
2074,10370,345.667,camera_2,removed,125
2074,10370,345.667,camera_3,removed,-1
2074,10370,345.667,camera_5,removed,263
2075,10375,345.833,camera_1,new_track,79
2075,10375,345.833,camera_3,new_track,154
2075,10375,345.833,camera_5,removed,261
2076,10380,346.0,camera_3,removed,141
2077,10385,346.167,camera_1,lost_track,75
2077,10385,346.167,camera_1,removed,-1
2077,10385,346.167,camera_7,removed,-1
2078,10390,346.333,camera_1,new_track,80
2078,10390,346.333,camera_2,lost_track,130
2078,10390,346.333,camera_2,removed,-1
2079,10395,346.5,camera_1,removed,76
2079,10395,346.5,camera_1,removed,-1
2079,10395,346.5,camera_2,new_track,131
2079,10395,346.5,camera_3,lost_track,145
2079,10395,346.5,camera_3,lost_track,151
2079,10395,346.5,camera_3,removed,-1
2079,10395,346.5,camera_7,lost_track,73
2079,10395,346.5,camera_7,removed,-1
2080,10400,346.667,camera_1,lost_track,78
2080,10400,346.667,camera_1,lost_track,79
2080,10400,346.667,camera_2,lost_track,131
2080,10400,346.667,camera_3,new_track,155
2080,10400,346.667,camera_3,reacquired,145
2081,10405,346.833,camera_1,reacquired,78
2081,10405,346.833,camera_2,new_track,132
2081,10405,346.833,camera_2,removed,-1
2081,10405,346.833,camera_3,lost_track,155
2081,10405,346.833,camera_5,new_track,264
2081,10405,346.833,camera_7,new_track,76
2082,10410,347.0,camera_7,lost_track,76
2084,10420,347.333,camera_1,lost_track,80
2084,10420,347.333,camera_2,removed,-1
2084,10420,347.333,camera_3,lost_track,154
2085,10425,347.5,camera_1,new_track,81
2085,10425,347.5,camera_3,removed,149
2085,10425,347.5,camera_4,new_track,99
2086,10430,347.667,camera_3,removed,148
2086,10430,347.667,camera_7,new_track,77
2086,10430,347.667,camera_7,removed,-1
2087,10435,347.833,camera_1,lost_track,78
2087,10435,347.833,camera_7,reacquired,76
2088,10440,348.0,camera_2,removed,128
2088,10440,348.0,camera_4,lost_track,99
2088,10440,348.0,camera_5,new_track,265
2088,10440,348.0,camera_6,removed,140
2088,10440,348.0,camera_7,lost_track,76
2089,10445,348.167,camera_1,removed,69
2089,10445,348.167,camera_4,reacquired,99
2089,10445,348.167,camera_7,reacquired,76
2089,10445,348.167,camera_7,lost_track,72
2090,10450,348.333,camera_3,new_track,156
2090,10450,348.333,camera_4,lost_track,99
2090,10450,348.333,camera_6,removed,139
2091,10455,348.5,camera_5,lost_track,265
2092,10460,348.667,camera_3,removed,-1
2093,10465,348.833,camera_3,reacquired,150
2093,10465,348.833,camera_3,reacquired,154
2093,10465,348.833,camera_7,removed,-1
2094,10470,349.0,camera_1,removed,77
2094,10470,349.0,camera_3,reacquired,155
2094,10470,349.0,camera_3,lost_track,152
2094,10470,349.0,camera_3,lost_track,150
2094,10470,349.0,camera_4,reacquired,99
2094,10470,349.0,camera_7,lost_track,74
2095,10475,349.167,camera_2,removed,-1
2095,10475,349.167,camera_3,lost_track,155
2095,10475,349.167,camera_7,reacquired,74
2096,10480,349.333,camera_2,lost_track,129
2096,10480,349.333,camera_3,removed,153
2097,10485,349.5,camera_1,removed,73
2097,10485,349.5,camera_3,lost_track,145
2097,10485,349.5,camera_4,lost_track,99
2097,10485,349.5,camera_5,new_track,266
2097,10485,349.5,camera_7,lost_track,74
2098,10490,349.667,camera_2,new_track,133
2098,10490,349.667,camera_2,removed,-1
2098,10490,349.667,camera_3,reacquired,145
2098,10490,349.667,camera_4,reacquired,99
2098,10490,349.667,camera_5,reacquired,265
2098,10490,349.667,camera_6,new_track,141
2098,10490,349.667,camera_6,removed,-1
2098,10490,349.667,camera_7,reacquired,74
2099,10495,349.833,camera_2,lost_track,132
2099,10495,349.833,camera_4,lost_track,99
2100,10500,350.0,camera_3,lost_track,145
2101,10505,350.167,camera_3,reacquired,145
2101,10505,350.167,camera_3,lost_track,154
2101,10505,350.167,camera_3,removed,146
2101,10505,350.167,camera_6,new_track,142
2101,10505,350.167,camera_6,removed,-1
2102,10510,350.333,camera_2,reacquired,130
2102,10510,350.333,camera_2,lost_track,127
2102,10510,350.333,camera_3,reacquired,154
2102,10510,350.333,camera_3,lost_track,145
2103,10515,350.5,camera_2,new_track,134
2103,10515,350.5,camera_3,reacquired,145
2103,10515,350.5,camera_7,removed,-1
2104,10520,350.667,camera_3,lost_track,145
2104,10520,350.667,camera_5,lost_track,265
2105,10525,350.833,camera_5,removed,-1
2105,10525,350.833,camera_6,new_track,143
2105,10525,350.833,camera_7,lost_track,77
2106,10530,351.0,camera_4,reacquired,99
2106,10530,351.0,camera_7,reacquired,77
2107,10535,351.167,camera_1,removed,75
2107,10535,351.167,camera_2,reacquired,127
2107,10535,351.167,camera_7,new_track,78
2107,10535,351.167,camera_7,lost_track,77
2108,10540,351.333,camera_2,lost_track,127
2108,10540,351.333,camera_3,reacquired,145
2108,10540,351.333,camera_4,lost_track,99
2108,10540,351.333,camera_5,lost_track,264
2108,10540,351.333,camera_5,removed,-1
2108,10540,351.333,camera_7,removed,-1
2109,10545,351.5,camera_3,removed,151
2109,10545,351.5,camera_5,reacquired,265
2109,10545,351.5,camera_7,lost_track,78
2109,10545,351.5,camera_7,removed,73
2110,10550,351.667,camera_1,removed,79
2110,10550,351.667,camera_2,reacquired,127
2110,10550,351.667,camera_2,removed,131
2110,10550,351.667,camera_4,reacquired,99
2110,10550,351.667,camera_7,removed,-1
2111,10555,351.833,camera_2,lost_track,134
2111,10555,351.833,camera_2,removed,-1
2111,10555,351.833,camera_5,new_track,267
2111,10555,351.833,camera_5,reacquired,264
2111,10555,351.833,camera_6,removed,-1
2112,10560,352.0,camera_3,lost_track,145
2112,10560,352.0,camera_3,removed,-1
2112,10560,352.0,camera_4,lost_track,99
2112,10560,352.0,camera_5,new_track,268
2112,10560,352.0,camera_5,lost_track,264
2112,10560,352.0,camera_7,reacquired,78
2112,10560,352.0,camera_7,lost_track,74
2112,10560,352.0,camera_7,lost_track,76
2113,10565,352.167,camera_3,reacquired,145
2113,10565,352.167,camera_5,lost_track,268
2114,10570,352.333,camera_1,removed,80
2114,10570,352.333,camera_2,lost_track,127
2114,10570,352.333,camera_3,reacquired,155
2114,10570,352.333,camera_3,lost_track,145
2114,10570,352.333,camera_3,lost_track,156
2114,10570,352.333,camera_5,lost_track,265
2115,10575,352.5,camera_3,reacquired,145
2115,10575,352.5,camera_4,reacquired,99
2115,10575,352.5,camera_5,new_track,269
2115,10575,352.5,camera_5,reacquired,265
2116,10580,352.667,camera_3,lost_track,145
2116,10580,352.667,camera_3,lost_track,155
2116,10580,352.667,camera_5,lost_track,265
2116,10580,352.667,camera_5,lost_track,267
2116,10580,352.667,camera_7,lost_track,78
2117,10585,352.833,camera_1,lost_track,81
2117,10585,352.833,camera_1,removed,78
2117,10585,352.833,camera_3,reacquired,145
2117,10585,352.833,camera_5,reacquired,265
2117,10585,352.833,camera_5,reacquired,267
2117,10585,352.833,camera_5,removed,-1
2117,10585,352.833,camera_6,lost_track,142
2118,10590,353.0,camera_4,lost_track,99
2118,10590,353.0,camera_5,reacquired,268
2118,10590,353.0,camera_5,lost_track,267
2119,10595,353.167,camera_2,removed,-1
2119,10595,353.167,camera_4,reacquired,99
2119,10595,353.167,camera_7,removed,72
2120,10600,353.333,camera_2,reacquired,134
2120,10600,353.333,camera_3,lost_track,145
2120,10600,353.333,camera_4,lost_track,99
2121,10605,353.5,camera_2,lost_track,134
2121,10605,353.5,camera_4,reacquired,99
2121,10605,353.5,camera_5,removed,-1
2121,10605,353.5,camera_6,reacquired,142
2122,10610,353.667,camera_2,lost_track,130
2122,10610,353.667,camera_2,removed,-1
2122,10610,353.667,camera_4,lost_track,99
2122,10610,353.667,camera_5,lost_track,265
2122,10610,353.667,camera_5,lost_track,268
2122,10610,353.667,camera_6,lost_track,142
2123,10615,353.833,camera_3,reacquired,145
2123,10615,353.833,camera_5,new_track,270
2123,10615,353.833,camera_5,removed,-1
2123,10615,353.833,camera_6,reacquired,142
2123,10615,353.833,camera_7,removed,-1
2124,10620,354.0,camera_3,lost_track,145
2124,10620,354.0,camera_3,removed,152
2124,10620,354.0,camera_3,removed,150
2125,10625,354.167,camera_2,reacquired,134
2125,10625,354.167,camera_4,reacquired,99
2125,10625,354.167,camera_6,new_track,144
2126,10630,354.333,camera_2,removed,129
2126,10630,354.333,camera_5,new_track,271
2126,10630,354.333,camera_5,reacquired,265
2126,10630,354.333,camera_7,reacquired,74
2127,10635,354.5,camera_5,removed,-1
2127,10635,354.5,camera_6,lost_track,144
2127,10635,354.5,camera_7,lost_track,74
2128,10640,354.667,camera_4,lost_track,99
2128,10640,354.667,camera_6,reacquired,144
2128,10640,354.667,camera_7,reacquired,74
2129,10645,354.833,camera_2,removed,132
2129,10645,354.833,camera_6,lost_track,144
2130,10650,355.0,camera_5,removed,-1
2130,10650,355.0,camera_6,reacquired,144
2130,10650,355.0,camera_7,lost_track,74
2131,10655,355.167,camera_2,lost_track,133
2131,10655,355.167,camera_4,reacquired,99
2132,10660,355.333,camera_6,lost_track,144
2132,10660,355.333,camera_7,reacquired,74
2133,10665,355.5,camera_5,lost_track,265
2133,10665,355.5,camera_6,reacquired,144
2134,10670,355.667,camera_6,lost_track,142
2135,10675,355.833,camera_5,reacquired,265
2137,10685,356.167,camera_7,removed,77
2139,10695,356.5,camera_5,lost_track,265
2139,10695,356.5,camera_5,lost_track,266
2140,10700,356.667,camera_4,lost_track,99
2140,10700,356.667,camera_5,removed,-1
2142,10710,357.0,camera_2,lost_track,134
2142,10710,357.0,camera_5,lost_track,269
2142,10710,357.0,camera_5,removed,264
2142,10710,357.0,camera_7,removed,76
2143,10715,357.167,camera_4,reacquired,99
2143,10715,357.167,camera_5,removed,-1
2144,10720,357.333,camera_2,removed,127
2144,10720,357.333,camera_3,removed,156
2144,10720,357.333,camera_4,lost_track,99
2145,10725,357.5,camera_4,reacquired,99
2146,10730,357.667,camera_3,removed,155
2146,10730,357.667,camera_7,removed,78
2147,10735,357.833,camera_1,removed,81
2148,10740,358.0,camera_4,lost_track,99
2148,10740,358.0,camera_5,removed,267
2149,10745,358.167,camera_6,removed,-1
2151,10755,358.5,camera_6,new_track,145
2151,10755,358.5,camera_6,new_track,146
2152,10760,358.667,camera_2,removed,130
2152,10760,358.667,camera_5,lost_track,271
2152,10760,358.667,camera_5,removed,268
2152,10760,358.667,camera_6,removed,-1
2153,10765,358.833,camera_5,removed,-1
2153,10765,358.833,camera_6,new_track,147
2154,10770,359.0,camera_3,removed,145
2154,10770,359.0,camera_3,removed,-1
2154,10770,359.0,camera_6,new_track,148
2156,10780,359.333,camera_6,new_track,149
2156,10780,359.333,camera_6,lost_track,144
2156,10780,359.333,camera_6,lost_track,148
2156,10780,359.333,camera_6,removed,-1
2157,10785,359.5,camera_6,reacquired,148
2158,10790,359.667,camera_3,lost_track,154
2158,10790,359.667,camera_6,lost_track,146
2159,10795,359.833,camera_1,new_track,82
2159,10795,359.833,camera_3,reacquired,154
2159,10795,359.833,camera_5,lost_track,270
2160,10800,360.0,camera_1,lost_track,82
2160,10800,360.0,camera_5,removed,-1
2160,10800,360.0,camera_6,removed,-1
2161,10805,360.167,camera_2,removed,133
2161,10805,360.167,camera_6,lost_track,147
2161,10805,360.167,camera_6,lost_track,149
2162,10810,360.333,camera_4,reacquired,99
2162,10810,360.333,camera_6,new_track,150
2162,10810,360.333,camera_6,lost_track,148
2163,10815,360.5,camera_6,new_track,151
2163,10815,360.5,camera_6,reacquired,148
2163,10815,360.5,camera_6,removed,-1
2164,10820,360.667,camera_6,removed,142
2165,10825,360.833,camera_4,lost_track,99
2165,10825,360.833,camera_6,lost_track,141
2165,10825,360.833,camera_7,new_track,80
2165,10825,360.833,camera_7,new_track,79
2166,10830,361.0,camera_6,new_track,152
2166,10830,361.0,camera_6,reacquired,141
2166,10830,361.0,camera_6,lost_track,145
2166,10830,361.0,camera_7,lost_track,74
2167,10835,361.167,camera_6,lost_track,148
2167,10835,361.167,camera_6,removed,-1
2168,10840,361.333,camera_6,lost_track,152
2169,10845,361.5,camera_5,removed,265
2169,10845,361.5,camera_5,removed,266
2169,10845,361.5,camera_6,new_track,153
2169,10845,361.5,camera_6,removed,-1
2169,10845,361.5,camera_7,lost_track,80
2170,10850,361.667,camera_6,new_track,154
2170,10850,361.667,camera_6,lost_track,153
2170,10850,361.667,camera_7,new_track,81
2170,10850,361.667,camera_7,lost_track,75
2171,10855,361.833,camera_6,reacquired,148
2171,10855,361.833,camera_6,lost_track,154
2171,10855,361.833,camera_7,reacquired,75
2171,10855,361.833,camera_7,reacquired,80
2171,10855,361.833,camera_7,removed,-1
2172,10860,362.0,camera_2,removed,134
2172,10860,362.0,camera_3,removed,-1
2172,10860,362.0,camera_4,reacquired,99
2172,10860,362.0,camera_5,removed,269
2172,10860,362.0,camera_6,reacquired,153
2172,10860,362.0,camera_6,removed,-1
2172,10860,362.0,camera_7,lost_track,75
2173,10865,362.167,camera_4,lost_track,99
2173,10865,362.167,camera_6,new_track,155
2173,10865,362.167,camera_6,lost_track,150
2173,10865,362.167,camera_7,removed,-1
2174,10870,362.333,camera_2,removed,-1
2174,10870,362.333,camera_6,removed,-1
2174,10870,362.333,camera_7,reacquired,75
2175,10875,362.5,camera_2,new_track,135
2175,10875,362.5,camera_4,reacquired,99
2175,10875,362.5,camera_7,lost_track,81
2176,10880,362.667,camera_6,lost_track,148
2177,10885,362.833,camera_6,removed,-1
2177,10885,362.833,camera_7,reacquired,81
2177,10885,362.833,camera_7,lost_track,75
2178,10890,363.0,camera_3,new_track,157
2178,10890,363.0,camera_6,lost_track,155
2179,10895,363.167,camera_4,lost_track,99
2179,10895,363.167,camera_6,reacquired,155
2179,10895,363.167,camera_6,lost_track,141
2180,10900,363.333,camera_6,lost_track,155
2180,10900,363.333,camera_6,removed,-1
2181,10905,363.5,camera_1,new_track,83
2181,10905,363.5,camera_6,new_track,156
2181,10905,363.5,camera_6,reacquired,148
2181,10905,363.5,camera_7,removed,-1
2182,10910,363.667,camera_5,removed,271
2184,10920,364.0,camera_7,new_track,82
2184,10920,364.0,camera_7,reacquired,74
2186,10930,364.333,camera_6,removed,144
2187,10935,364.5,camera_6,lost_track,156
2188,10940,364.667,camera_6,removed,146
2188,10940,364.667,camera_7,removed,-1
2189,10945,364.833,camera_3,lost_track,157
2189,10945,364.833,camera_5,removed,270
2189,10945,364.833,camera_6,lost_track,148
2189,10945,364.833,camera_7,new_track,83
2190,10950,365.0,camera_1,removed,82
2190,10950,365.0,camera_6,reacquired,152
2190,10950,365.0,camera_6,lost_track,151
2190,10950,365.0,camera_7,lost_track,82
2190,10950,365.0,camera_7,removed,-1
2191,10955,365.167,camera_3,reacquired,157
2191,10955,365.167,camera_3,lost_track,154
2191,10955,365.167,camera_6,removed,147
2191,10955,365.167,camera_6,removed,149
2191,10955,365.167,camera_7,reacquired,82
2191,10955,365.167,camera_7,lost_track,81
2192,10960,365.333,camera_3,new_track,158
2192,10960,365.333,camera_7,reacquired,81
2192,10960,365.333,camera_7,lost_track,74
2193,10965,365.5,camera_3,lost_track,158
2193,10965,365.5,camera_6,lost_track,152
2193,10965,365.5,camera_7,reacquired,74
2194,10970,365.667,camera_7,lost_track,81
2194,10970,365.667,camera_7,removed,-1
2195,10975,365.833,camera_3,lost_track,157
2195,10975,365.833,camera_7,reacquired,81
2195,10975,365.833,camera_7,lost_track,74
2196,10980,366.0,camera_1,lost_track,83
2196,10980,366.0,camera_6,reacquired,154
2196,10980,366.0,camera_6,lost_track,143
2196,10980,366.0,camera_6,removed,145
2196,10980,366.0,camera_7,reacquired,74
2197,10985,366.167,camera_3,reacquired,157
2197,10985,366.167,camera_6,lost_track,154
2197,10985,366.167,camera_7,lost_track,82
2198,10990,366.333,camera_3,lost_track,157
2198,10990,366.333,camera_6,removed,-1
2198,10990,366.333,camera_7,lost_track,74
2198,10990,366.333,camera_7,removed,-1
2200,11000,366.667,camera_5,removed,-1
2200,11000,366.667,camera_7,reacquired,82
2201,11005,366.833,camera_5,new_track,272
2202,11010,367.0,camera_5,new_track,273
2202,11010,367.0,camera_7,removed,-1
2203,11015,367.167,camera_6,removed,150
2204,11020,367.333,camera_5,lost_track,273
2204,11020,367.333,camera_7,reacquired,74
2205,11025,367.5,camera_6,lost_track,153
2205,11025,367.5,camera_7,lost_track,74
2206,11030,367.667,camera_7,reacquired,74
2207,11035,367.833,camera_5,removed,-1
2207,11035,367.833,camera_7,removed,75
2207,11035,367.833,camera_7,removed,-1
2208,11040,368.0,camera_5,new_track,274
2209,11045,368.167,camera_2,lost_track,135
2209,11045,368.167,camera_4,removed,99
2209,11045,368.167,camera_6,removed,141
2209,11045,368.167,camera_7,lost_track,82
2210,11050,368.333,camera_2,removed,-1
2210,11050,368.333,camera_6,removed,155
2212,11060,368.667,camera_4,new_track,100
2214,11070,369.0,camera_7,new_track,84
2215,11075,369.167,camera_5,new_track,275
2215,11075,369.167,camera_5,new_track,276
2216,11080,369.333,camera_4,lost_track,100
2217,11085,369.5,camera_3,reacquired,157
2217,11085,369.5,camera_6,removed,156
2217,11085,369.5,camera_7,lost_track,74
2218,11090,369.667,camera_7,reacquired,74
2218,11090,369.667,camera_7,lost_track,81
2219,11095,369.833,camera_2,reacquired,135
2219,11095,369.833,camera_2,removed,-1
2219,11095,369.833,camera_6,removed,148
2220,11100,370.0,camera_6,removed,151
2221,11105,370.167,camera_3,removed,154
2222,11110,370.333,camera_7,lost_track,84
2223,11115,370.5,camera_2,new_track,136
2223,11115,370.5,camera_2,lost_track,135
2223,11115,370.5,camera_3,removed,158
2223,11115,370.5,camera_6,removed,152
2223,11115,370.5,camera_7,removed,-1
2224,11120,370.667,camera_2,reacquired,135
2224,11120,370.667,camera_2,lost_track,136
2224,11120,370.667,camera_7,reacquired,81
2225,11125,370.833,camera_5,removed,-1
2226,11130,371.0,camera_1,removed,83
2226,11130,371.0,camera_5,new_track,277
2226,11130,371.0,camera_6,removed,143
2226,11130,371.0,camera_7,lost_track,74
2227,11135,371.167,camera_2,lost_track,135
2227,11135,371.167,camera_4,new_track,101
2227,11135,371.167,camera_4,removed,-1
2227,11135,371.167,camera_6,removed,154
2228,11140,371.333,camera_3,lost_track,157
2229,11145,371.5,camera_5,lost_track,276
2230,11150,371.667,camera_3,reacquired,157
2230,11150,371.667,camera_5,reacquired,276
2230,11150,371.667,camera_5,lost_track,275
2230,11150,371.667,camera_7,reacquired,74
2230,11150,371.667,camera_7,reacquired,84
2231,11155,371.833,camera_3,lost_track,157
2232,11160,372.0,camera_4,removed,-1
2232,11160,372.0,camera_5,lost_track,277
2232,11160,372.0,camera_7,lost_track,74
2233,11165,372.167,camera_4,new_track,102
2233,11165,372.167,camera_5,reacquired,277
2233,11165,372.167,camera_5,lost_track,276
2233,11165,372.167,camera_5,removed,-1
2233,11165,372.167,camera_7,reacquired,74
2233,11165,372.167,camera_7,lost_track,81
2233,11165,372.167,camera_7,removed,-1
2234,11170,372.333,camera_5,removed,273
2234,11170,372.333,camera_7,reacquired,81
2235,11175,372.5,camera_5,lost_track,274
2235,11175,372.5,camera_6,removed,153
2235,11175,372.5,camera_7,removed,-1
2237,11185,372.833,camera_7,lost_track,84
2239,11195,373.167,camera_3,reacquired,157
2239,11195,373.167,camera_5,lost_track,277
2239,11195,373.167,camera_7,removed,82
2240,11200,373.333,camera_4,removed,-1
2240,11200,373.333,camera_7,removed,-1
2241,11205,373.5,camera_4,lost_track,97
2242,11210,373.667,camera_5,reacquired,277
2243,11215,373.833,camera_4,reacquired,97
2243,11215,373.833,camera_5,removed,-1
2243,11215,373.833,camera_7,reacquired,84
2244,11220,374.0,camera_3,new_track,159
2245,11225,374.167,camera_5,lost_track,277
2245,11225,374.167,camera_7,lost_track,84
2246,11230,374.333,camera_4,removed,100
2247,11235,374.5,camera_3,removed,-1
2247,11235,374.5,camera_7,reacquired,84
2248,11240,374.667,camera_3,lost_track,157
2249,11245,374.833,camera_4,lost_track,93
2249,11245,374.833,camera_5,removed,-1
2250,11250,375.0,camera_4,new_track,103
2250,11250,375.0,camera_5,reacquired,277
2251,11255,375.167,camera_4,lost_track,102
2252,11260,375.333,camera_3,new_track,160
2252,11260,375.333,camera_3,lost_track,136
2252,11260,375.333,camera_4,lost_track,103
2252,11260,375.333,camera_4,removed,-1
2252,11260,375.333,camera_7,lost_track,84
2253,11265,375.5,camera_7,reacquired,84
2254,11270,375.667,camera_2,removed,136
2254,11270,375.667,camera_3,removed,-1
2254,11270,375.667,camera_7,removed,-1
2255,11275,375.833,camera_3,reacquired,136
2255,11275,375.833,camera_3,lost_track,160
2255,11275,375.833,camera_7,new_track,85
2257,11285,376.167,camera_2,removed,135
2257,11285,376.167,camera_3,lost_track,136
2258,11290,376.333,camera_3,reacquired,136
2258,11290,376.333,camera_3,removed,-1
2259,11295,376.5,camera_4,reacquired,103
2259,11295,376.5,camera_7,lost_track,85
2260,11300,376.667,camera_3,reacquired,157
2260,11300,376.667,camera_4,new_track,104
2260,11300,376.667,camera_4,new_track,105
2260,11300,376.667,camera_5,removed,275
2261,11305,376.833,camera_3,new_track,161
2261,11305,376.833,camera_4,lost_track,105
2261,11305,376.833,camera_4,lost_track,103
2262,11310,377.0,camera_3,lost_track,157
2262,11310,377.0,camera_3,removed,-1
2262,11310,377.0,camera_4,new_track,106
2262,11310,377.0,camera_4,reacquired,103
2262,11310,377.0,camera_4,lost_track,104
2263,11315,377.167,camera_4,new_track,107
2263,11315,377.167,camera_4,removed,-1
2263,11315,377.167,camera_5,removed,276
2263,11315,377.167,camera_7,new_track,86
2264,11320,377.333,camera_3,lost_track,161
2264,11320,377.333,camera_7,lost_track,79
2265,11325,377.5,camera_3,reacquired,157
2265,11325,377.5,camera_3,reacquired,161
2265,11325,377.5,camera_3,removed,-1
2265,11325,377.5,camera_4,lost_track,106
2265,11325,377.5,camera_5,removed,274
2265,11325,377.5,camera_7,reacquired,79
2265,11325,377.5,camera_7,lost_track,86
2266,11330,377.667,camera_3,reacquired,160
2267,11335,377.833,camera_2,new_track,137
2267,11335,377.833,camera_3,lost_track,160
2267,11335,377.833,camera_4,lost_track,107
2267,11335,377.833,camera_4,removed,-1
2268,11340,378.0,camera_3,removed,-1
2269,11345,378.167,camera_7,lost_track,84
2270,11350,378.333,camera_3,new_track,162
2270,11350,378.333,camera_4,removed,-1
2270,11350,378.333,camera_5,lost_track,277
2270,11350,378.333,camera_7,reacquired,84
2270,11350,378.333,camera_7,removed,-1
2271,11355,378.5,camera_5,lost_track,272
2271,11355,378.5,camera_7,lost_track,84
2272,11360,378.667,camera_7,reacquired,84
2273,11365,378.833,camera_1,new_track,84
2273,11365,378.833,camera_3,lost_track,136
2273,11365,378.833,camera_3,removed,-1
2273,11365,378.833,camera_7,lost_track,79
2274,11370,379.0,camera_3,lost_track,161
2275,11375,379.167,camera_3,reacquired,161
2276,11380,379.333,camera_1,lost_track,84
2276,11380,379.333,camera_3,reacquired,136
2276,11380,379.333,camera_3,lost_track,161
2276,11380,379.333,camera_3,lost_track,157
2276,11380,379.333,camera_3,removed,-1
2277,11385,379.5,camera_1,reacquired,84
2277,11385,379.5,camera_3,new_track,163
2277,11385,379.5,camera_3,lost_track,162
2278,11390,379.667,camera_1,lost_track,84
2278,11390,379.667,camera_3,reacquired,161
2278,11390,379.667,camera_3,reacquired,162
2279,11395,379.833,camera_1,reacquired,84
2279,11395,379.833,camera_3,lost_track,136
2279,11395,379.833,camera_4,lost_track,103
2279,11395,379.833,camera_4,removed,93
2279,11395,379.833,camera_4,removed,-1
2280,11400,380.0,camera_3,reacquired,157
2280,11400,380.0,camera_3,lost_track,161
2280,11400,380.0,camera_7,removed,-1
2281,11405,380.167,camera_3,lost_track,157
2281,11405,380.167,camera_4,removed,102
2282,11410,380.333,camera_3,new_track,164
2282,11410,380.333,camera_7,new_track,87
2282,11410,380.333,camera_7,reacquired,79
2282,11410,380.333,camera_7,removed,-1
2283,11415,380.5,camera_1,lost_track,84
2283,11415,380.5,camera_3,removed,-1
2283,11415,380.5,camera_4,reacquired,103
2283,11415,380.5,camera_7,new_track,88
2283,11415,380.5,camera_7,lost_track,80
2284,11420,380.667,camera_1,removed,-1
2284,11420,380.667,camera_4,removed,-1
2285,11425,380.833,camera_7,reacquired,80
2285,11425,380.833,camera_7,lost_track,88
2285,11425,380.833,camera_7,lost_track,83
2286,11430,381.0,camera_3,lost_track,164
2286,11430,381.0,camera_3,removed,-1
2286,11430,381.0,camera_7,reacquired,83
2286,11430,381.0,camera_7,lost_track,80
2286,11430,381.0,camera_7,removed,-1
2287,11435,381.167,camera_3,reacquired,157
2287,11435,381.167,camera_3,reacquired,164
2287,11435,381.167,camera_4,lost_track,103
2288,11440,381.333,camera_3,lost_track,159
2288,11440,381.333,camera_7,lost_track,84
2289,11445,381.5,camera_4,reacquired,103
2289,11445,381.5,camera_4,removed,-1
2289,11445,381.5,camera_7,reacquired,84
2289,11445,381.5,camera_7,removed,85
2289,11445,381.5,camera_7,removed,-1
2290,11450,381.667,camera_4,lost_track,103
2291,11455,381.833,camera_2,lost_track,137
2291,11455,381.833,camera_3,lost_track,157
2291,11455,381.833,camera_4,removed,105
2291,11455,381.833,camera_4,removed,-1
2292,11460,382.0,camera_2,removed,-1
2292,11460,382.0,camera_3,reacquired,157
2292,11460,382.0,camera_4,new_track,108
2292,11460,382.0,camera_4,removed,104
2293,11465,382.167,camera_3,lost_track,164
2293,11465,382.167,camera_3,lost_track,157
2293,11465,382.167,camera_7,lost_track,87
2293,11465,382.167,camera_7,removed,-1
2294,11470,382.333,camera_3,reacquired,157
2294,11470,382.333,camera_7,reacquired,87
2295,11475,382.5,camera_3,lost_track,157
2295,11475,382.5,camera_4,reacquired,103
2295,11475,382.5,camera_4,removed,106
2295,11475,382.5,camera_7,removed,86
2296,11480,382.667,camera_3,removed,-1
2296,11480,382.667,camera_4,lost_track,103
2296,11480,382.667,camera_7,lost_track,87
2297,11485,382.833,camera_3,removed,160
2297,11485,382.833,camera_4,lost_track,108
2297,11485,382.833,camera_4,removed,107
2298,11490,383.0,camera_3,reacquired,159
2299,11495,383.167,camera_3,removed,-1
2300,11500,383.333,camera_5,removed,277
2300,11500,383.333,camera_7,removed,-1
2301,11505,383.5,camera_5,removed,272
2302,11510,383.667,camera_3,new_track,165
2303,11515,383.833,camera_3,lost_track,163
2303,11515,383.833,camera_3,removed,-1
2304,11520,384.0,camera_3,reacquired,163
2304,11520,384.0,camera_4,new_track,109
2306,11530,384.333,camera_3,lost_track,165
2309,11545,384.833,camera_3,reacquired,136
2309,11545,384.833,camera_3,lost_track,162
2310,11550,385.0,camera_3,removed,161
2310,11550,385.0,camera_7,new_track,89
2311,11555,385.167,camera_3,reacquired,157
2311,11555,385.167,camera_3,reacquired,162
2312,11560,385.333,camera_3,lost_track,136
2312,11560,385.333,camera_3,lost_track,157
2313,11565,385.5,camera_1,removed,84
2313,11565,385.5,camera_3,reacquired,136
2313,11565,385.5,camera_4,lost_track,109
2313,11565,385.5,camera_7,lost_track,89
2314,11570,385.667,camera_4,reacquired,109
2315,11575,385.833,camera_7,removed,88
2316,11580,386.0,camera_3,lost_track,136
2316,11580,386.0,camera_7,removed,80
2317,11585,386.167,camera_3,removed,-1
2317,11585,386.167,camera_7,reacquired,87
2318,11590,386.333,camera_7,lost_track,87
2319,11595,386.5,camera_3,reacquired,136
2319,11595,386.5,camera_7,new_track,90
2320,11600,386.667,camera_3,removed,-1
2321,11605,386.833,camera_2,removed,137
2322,11610,387.0,camera_3,lost_track,136
2322,11610,387.0,camera_4,removed,-1
2322,11610,387.0,camera_7,reacquired,87
2323,11615,387.167,camera_3,reacquired,136
2323,11615,387.167,camera_3,removed,164
2324,11620,387.333,camera_3,lost_track,136
2324,11620,387.333,camera_3,removed,-1
2324,11620,387.333,camera_7,lost_track,90
2324,11620,387.333,camera_7,lost_track,87
2325,11625,387.5,camera_4,lost_track,109
2326,11630,387.667,camera_3,removed,-1
2326,11630,387.667,camera_4,reacquired,103
2326,11630,387.667,camera_4,removed,-1
2327,11635,387.833,camera_3,reacquired,136
2327,11635,387.833,camera_4,new_track,110
2327,11635,387.833,camera_4,removed,108
2328,11640,388.0,camera_3,lost_track,162
2328,11640,388.0,camera_4,lost_track,103
2328,11640,388.0,camera_7,reacquired,87
2329,11645,388.167,camera_3,reacquired,162
2330,11650,388.333,camera_7,lost_track,87
2331,11655,388.5,camera_3,lost_track,136
2331,11655,388.5,camera_4,removed,-1
2334,11670,389.0,camera_3,reacquired,136
2334,11670,389.0,camera_7,reacquired,87
2335,11675,389.167,camera_3,lost_track,136
2335,11675,389.167,camera_7,lost_track,81
2336,11680,389.333,camera_3,removed,165
2336,11680,389.333,camera_3,removed,-1
2337,11685,389.5,camera_3,reacquired,136
2338,11690,389.667,camera_3,new_track,166
2338,11690,389.667,camera_3,lost_track,136
2339,11695,389.833,camera_3,lost_track,166
2340,11700,390.0,camera_3,reacquired,136
2340,11700,390.0,camera_3,reacquired,166
2340,11700,390.0,camera_3,lost_track,163
2340,11700,390.0,camera_7,removed,-1
2341,11705,390.167,camera_3,reacquired,163
2341,11705,390.167,camera_3,lost_track,162
2341,11705,390.167,camera_3,lost_track,166
2342,11710,390.333,camera_3,removed,157
2343,11715,390.5,camera_7,removed,89
2344,11720,390.667,camera_3,removed,-1
2345,11725,390.833,camera_3,reacquired,162
2345,11725,390.833,camera_7,removed,-1
2347,11735,391.167,camera_3,new_track,167
2347,11735,391.167,camera_7,new_track,91
2347,11735,391.167,camera_7,new_track,92
2348,11740,391.333,camera_3,lost_track,162
2348,11740,391.333,camera_3,lost_track,167
2349,11745,391.5,camera_3,reacquired,162
2350,11750,391.667,camera_3,lost_track,162
2350,11750,391.667,camera_3,removed,-1
2350,11750,391.667,camera_7,lost_track,87
2351,11755,391.833,camera_7,lost_track,92
2352,11760,392.0,camera_7,reacquired,92
2353,11765,392.167,camera_3,reacquired,167
2353,11765,392.167,camera_3,removed,-1
2354,11770,392.333,camera_7,removed,90
2355,11775,392.5,camera_3,reacquired,162
2355,11775,392.5,camera_4,removed,109
2355,11775,392.5,camera_7,reacquired,87
2356,11780,392.667,camera_3,lost_track,162
2356,11780,392.667,camera_3,lost_track,167
2356,11780,392.667,camera_7,lost_track,92
2357,11785,392.833,camera_3,reacquired,167
2357,11785,392.833,camera_7,reacquired,92
2358,11790,393.0,camera_4,removed,103
2359,11795,393.167,camera_3,reacquired,162
2359,11795,393.167,camera_3,lost_track,167
2360,11800,393.333,camera_3,lost_track,162
2362,11810,393.667,camera_7,removed,-1
2363,11815,393.833,camera_7,lost_track,87
2365,11825,394.167,camera_3,reacquired,167
2365,11825,394.167,camera_7,reacquired,87
2365,11825,394.167,camera_7,removed,81
2368,11840,394.667,camera_3,reacquired,162
2369,11845,394.833,camera_3,lost_track,162
2369,11845,394.833,camera_7,lost_track,87
2370,11850,395.0,camera_7,reacquired,87
2371,11855,395.167,camera_3,removed,166
2372,11860,395.333,camera_3,reacquired,162
2372,11860,395.333,camera_3,lost_track,136
2373,11865,395.5,camera_7,lost_track,87
2374,11870,395.667,camera_7,lost_track,92
2374,11870,395.667,camera_7,removed,-1
2377,11885,396.167,camera_3,reacquired,136
2377,11885,396.167,camera_3,lost_track,162
2377,11885,396.167,camera_3,removed,-1
2377,11885,396.167,camera_4,new_track,111
2377,11885,396.167,camera_7,new_track,93
2378,11890,396.333,camera_3,reacquired,162
2378,11890,396.333,camera_3,lost_track,136
2378,11890,396.333,camera_3,lost_track,167
2378,11890,396.333,camera_7,lost_track,83
2379,11895,396.5,camera_3,reacquired,167
2379,11895,396.5,camera_4,new_track,112
2380,11900,396.667,camera_4,lost_track,112
2380,11900,396.667,camera_4,lost_track,97
2380,11900,396.667,camera_7,reacquired,92
2381,11905,396.833,camera_3,reacquired,136
2381,11905,396.833,camera_4,new_track,113
2381,11905,396.833,camera_7,lost_track,92
2382,11910,397.0,camera_7,reacquired,92
2383,11915,397.167,camera_3,removed,-1
2383,11915,397.167,camera_4,lost_track,113
2384,11920,397.333,camera_3,lost_track,136
2384,11920,397.333,camera_3,lost_track,163
2384,11920,397.333,camera_4,reacquired,113
2385,11925,397.5,camera_3,reacquired,136
2385,11925,397.5,camera_3,lost_track,162
2386,11930,397.667,camera_3,reacquired,162
2386,11930,397.667,camera_4,lost_track,113
2387,11935,397.833,camera_3,reacquired,163
2387,11935,397.833,camera_3,lost_track,162
2388,11940,398.0,camera_3,reacquired,162
2388,11940,398.0,camera_3,lost_track,163
2388,11940,398.0,camera_4,reacquired,113
2389,11945,398.167,camera_3,reacquired,163
2389,11945,398.167,camera_3,lost_track,162
2389,11945,398.167,camera_4,new_track,114
2390,11950,398.333,camera_3,reacquired,162
2390,11950,398.333,camera_3,lost_track,163
2390,11950,398.333,camera_4,lost_track,114
2391,11955,398.5,camera_3,reacquired,163
2392,11960,398.667,camera_3,lost_track,136
2392,11960,398.667,camera_7,reacquired,87
2393,11965,398.833,camera_3,removed,-1
2393,11965,398.833,camera_7,lost_track,92
2394,11970,399.0,camera_7,reacquired,92
2395,11975,399.167,camera_7,lost_track,92
2396,11980,399.333,camera_3,reacquired,136
2396,11980,399.333,camera_3,removed,-1
2396,11980,399.333,camera_4,reacquired,97
2396,11980,399.333,camera_7,removed,-1
2397,11985,399.5,camera_3,lost_track,136
2397,11985,399.5,camera_7,reacquired,92
2398,11990,399.667,camera_3,reacquired,136
2398,11990,399.667,camera_3,lost_track,162
2398,11990,399.667,camera_3,lost_track,163
2398,11990,399.667,camera_7,lost_track,87
2399,11995,399.833,camera_3,reacquired,162
2400,12000,400.0,camera_3,reacquired,163
2400,12000,400.0,camera_3,lost_track,136
2400,12000,400.0,camera_7,reacquired,87
2401,12005,400.167,camera_7,lost_track,92
2402,12010,400.333,camera_3,reacquired,136
2402,12010,400.333,camera_3,lost_track,162
2402,12010,400.333,camera_7,reacquired,92
2402,12010,400.333,camera_7,lost_track,87
2403,12015,400.5,camera_3,reacquired,162
2403,12015,400.5,camera_3,lost_track,136
2403,12015,400.5,camera_4,lost_track,110
2403,12015,400.5,camera_7,reacquired,87
2403,12015,400.5,camera_7,lost_track,92
2404,12020,400.667,camera_3,reacquired,136
2404,12020,400.667,camera_4,reacquired,110
2404,12020,400.667,camera_7,reacquired,92
2405,12025,400.833,camera_3,lost_track,136
2405,12025,400.833,camera_7,lost_track,92
2407,12035,401.167,camera_3,removed,-1
2408,12040,401.333,camera_4,reacquired,112
2408,12040,401.333,camera_7,removed,83
2409,12045,401.5,camera_4,lost_track,110
2409,12045,401.5,camera_7,lost_track,87
2410,12050,401.667,camera_4,reacquired,110
2410,12050,401.667,camera_4,removed,-1
2410,12050,401.667,camera_7,reacquired,92
2411,12055,401.833,camera_3,lost_track,163
2411,12055,401.833,camera_4,new_track,115
2411,12055,401.833,camera_4,lost_track,112
2412,12060,402.0,camera_7,reacquired,87
2412,12060,402.0,camera_7,removed,-1
2413,12065,402.167,camera_3,reacquired,163
2413,12065,402.167,camera_4,reacquired,112
2413,12065,402.167,camera_4,lost_track,115
2413,12065,402.167,camera_7,lost_track,87
2414,12070,402.333,camera_3,reacquired,136
2414,12070,402.333,camera_3,lost_track,162
2414,12070,402.333,camera_4,reacquired,115
2415,12075,402.5,camera_3,reacquired,162
2415,12075,402.5,camera_3,lost_track,136
2415,12075,402.5,camera_4,lost_track,112
2415,12075,402.5,camera_4,lost_track,115
2416,12080,402.667,camera_4,reacquired,112
2417,12085,402.833,camera_3,reacquired,136
2417,12085,402.833,camera_4,lost_track,112
2417,12085,402.833,camera_4,lost_track,97
2418,12090,403.0,camera_3,new_track,168
2418,12090,403.0,camera_7,lost_track,92
2419,12095,403.167,camera_3,lost_track,136
2419,12095,403.167,camera_7,reacquired,92
2420,12100,403.333,camera_3,reacquired,136
2420,12100,403.333,camera_4,new_track,116
2420,12100,403.333,camera_4,new_track,117
2420,12100,403.333,camera_4,removed,114
2421,12105,403.5,camera_3,lost_track,136
2421,12105,403.5,camera_4,lost_track,117
2421,12105,403.5,camera_7,removed,-1
2424,12120,404.0,camera_3,reacquired,136
2425,12125,404.167,camera_3,lost_track,136
2425,12125,404.167,camera_4,reacquired,117
2425,12125,404.167,camera_7,lost_track,92
2426,12130,404.333,camera_4,lost_track,117
2426,12130,404.333,camera_7,reacquired,92
2427,12135,404.5,camera_3,reacquired,136
2427,12135,404.5,camera_3,removed,-1
2427,12135,404.5,camera_7,lost_track,92
2427,12135,404.5,camera_7,removed,-1
2428,12140,404.667,camera_3,new_track,169
2428,12140,404.667,camera_4,new_track,118
2429,12145,404.833,camera_4,lost_track,118
2430,12150,405.0,camera_4,lost_track,110
2431,12155,405.167,camera_3,lost_track,136
2431,12155,405.167,camera_4,reacquired,110
2432,12160,405.333,camera_4,reacquired,97
2432,12160,405.333,camera_4,lost_track,116
2432,12160,405.333,camera_4,lost_track,110
2433,12165,405.5,camera_3,reacquired,136
2433,12165,405.5,camera_3,lost_track,162
2433,12165,405.5,camera_4,reacquired,110
2434,12170,405.667,camera_3,reacquired,162
2434,12170,405.667,camera_3,lost_track,168
2434,12170,405.667,camera_3,lost_track,136
2434,12170,405.667,camera_4,lost_track,110
2435,12175,405.833,camera_3,new_track,170
2435,12175,405.833,camera_3,reacquired,136
2435,12175,405.833,camera_3,lost_track,162
2436,12180,406.0,camera_3,reacquired,168
2436,12180,406.0,camera_3,lost_track,170
2437,12185,406.167,camera_3,lost_track,136
2437,12185,406.167,camera_4,removed,-1
2439,12195,406.5,camera_3,reacquired,170
2439,12195,406.5,camera_4,reacquired,110
2439,12195,406.5,camera_7,new_track,94
2440,12200,406.667,camera_7,lost_track,94
2441,12205,406.833,camera_4,lost_track,110
2443,12215,407.167,camera_3,lost_track,170
2443,12215,407.167,camera_4,reacquired,110
2443,12215,407.167,camera_7,removed,87
2445,12225,407.5,camera_3,reacquired,170
2445,12225,407.5,camera_4,removed,115
2445,12225,407.5,camera_7,removed,-1
2446,12230,407.667,camera_4,lost_track,110
2447,12235,407.833,camera_4,removed,112
2449,12245,408.167,camera_4,reacquired,110
2450,12250,408.333,camera_4,lost_track,110
2451,12255,408.5,camera_3,lost_track,170
2451,12255,408.5,camera_4,reacquired,110
2452,12260,408.667,camera_4,lost_track,110
2455,12275,409.167,camera_4,reacquired,110
2456,12280,409.333,camera_3,lost_track,163
2456,12280,409.333,camera_4,removed,117
2457,12285,409.5,camera_3,reacquired,163
2457,12285,409.5,camera_7,removed,92
2458,12290,409.667,camera_3,lost_track,163
2458,12290,409.667,camera_4,lost_track,113
2459,12295,409.833,camera_4,reacquired,113
2459,12295,409.833,camera_4,lost_track,110
2459,12295,409.833,camera_4,removed,118
2459,12295,409.833,camera_7,removed,-1
2460,12300,410.0,camera_4,lost_track,113
2462,12310,410.333,camera_4,reacquired,113
2462,12310,410.333,camera_4,removed,116
2462,12310,410.333,camera_7,reacquired,94
2462,12310,410.333,camera_7,lost_track,93
2463,12315,410.5,camera_4,lost_track,113
2463,12315,410.5,camera_4,removed,-1
2463,12315,410.5,camera_7,reacquired,93
2464,12320,410.667,camera_7,new_track,95
2464,12320,410.667,camera_7,lost_track,94
2465,12325,410.833,camera_3,new_track,171
2465,12325,410.833,camera_3,removed,162
2466,12330,411.0,camera_3,reacquired,163
2466,12330,411.0,camera_7,removed,-1
2467,12335,411.167,camera_3,lost_track,168
2467,12335,411.167,camera_3,removed,136
2467,12335,411.167,camera_3,removed,-1
2467,12335,411.167,camera_7,new_track,96
2468,12340,411.333,camera_3,reacquired,168
2468,12340,411.333,camera_3,lost_track,171
2468,12340,411.333,camera_3,lost_track,163
2469,12345,411.5,camera_3,reacquired,163
2469,12345,411.5,camera_4,new_track,119
2469,12345,411.5,camera_7,new_track,97
2469,12345,411.5,camera_7,lost_track,96
2470,12350,411.667,camera_4,lost_track,119
2470,12350,411.667,camera_7,reacquired,96
2470,12350,411.667,camera_7,lost_track,97
2470,12350,411.667,camera_7,lost_track,91
2470,12350,411.667,camera_7,lost_track,95
2471,12355,411.833,camera_7,reacquired,95
2471,12355,411.833,camera_7,lost_track,96
2472,12360,412.0,camera_4,reacquired,119
2472,12360,412.0,camera_7,lost_track,95
2473,12365,412.167,camera_3,lost_track,168
2474,12370,412.333,camera_3,reacquired,168
2474,12370,412.333,camera_7,removed,-1
2475,12375,412.5,camera_7,reacquired,91
2475,12375,412.5,camera_7,lost_track,74
2476,12380,412.667,camera_7,reacquired,74
2476,12380,412.667,camera_7,reacquired,96
2476,12380,412.667,camera_7,removed,-1
2477,12385,412.833,camera_7,lost_track,96
2478,12390,413.0,camera_3,lost_track,168
2479,12395,413.167,camera_3,reacquired,168
2480,12400,413.333,camera_3,lost_track,168
2482,12410,413.667,camera_3,reacquired,168
2482,12410,413.667,camera_4,lost_track,119
2483,12415,413.833,camera_4,reacquired,119
2485,12425,414.167,camera_3,lost_track,168
2485,12425,414.167,camera_7,new_track,98
2486,12430,414.333,camera_3,reacquired,168
2487,12435,414.5,camera_3,lost_track,168
2487,12435,414.5,camera_4,lost_track,119
2487,12435,414.5,camera_7,reacquired,95
2488,12440,414.667,camera_4,reacquired,119
2489,12445,414.833,camera_3,reacquired,168
2489,12445,414.833,camera_4,removed,110
2489,12445,414.833,camera_7,lost_track,98
2490,12450,415.0,camera_7,reacquired,98
2490,12450,415.0,camera_7,lost_track,84
2490,12450,415.0,camera_7,lost_track,95
2491,12455,415.167,camera_7,reacquired,84
2492,12460,415.333,camera_7,reacquired,96
2493,12465,415.5,camera_4,removed,113
2493,12465,415.5,camera_7,lost_track,98
2494,12470,415.667,camera_4,removed,-1
2494,12470,415.667,camera_7,removed,94
2495,12475,415.833,camera_4,lost_track,119
2497,12485,416.167,camera_3,lost_track,168
2498,12490,416.333,camera_3,reacquired,168
2498,12490,416.333,camera_3,removed,171
2499,12495,416.5,camera_3,lost_track,168
2499,12495,416.5,camera_4,removed,-1
2499,12495,416.5,camera_7,removed,-1
2500,12500,416.667,camera_7,removed,97
2501,12505,416.833,camera_4,new_track,120
2504,12520,417.333,camera_3,reacquired,168
2504,12520,417.333,camera_4,lost_track,120
2505,12525,417.5,camera_4,new_track,121
2506,12530,417.667,camera_4,reacquired,120
2506,12530,417.667,camera_4,lost_track,121
2506,12530,417.667,camera_7,lost_track,91
2507,12535,417.833,camera_4,reacquired,121
2507,12535,417.833,camera_7,removed,-1
2509,12545,418.167,camera_7,lost_track,93
2510,12550,418.333,camera_4,lost_track,120
2510,12550,418.333,camera_7,new_track,99
2511,12555,418.5,camera_4,reacquired,120
2511,12555,418.5,camera_7,reacquired,91
2513,12565,418.833,camera_3,lost_track,163
2513,12565,418.833,camera_4,lost_track,111
2515,12575,419.167,camera_3,reacquired,163
2515,12575,419.167,camera_4,reacquired,111
2516,12580,419.333,camera_3,lost_track,163
2516,12580,419.333,camera_4,lost_track,120
2516,12580,419.333,camera_4,lost_track,121
2517,12585,419.5,camera_4,reacquired,120
2517,12585,419.5,camera_4,reacquired,121
2517,12585,419.5,camera_7,lost_track,96
2518,12590,419.667,camera_3,reacquired,163
2518,12590,419.667,camera_4,new_track,122
2518,12590,419.667,camera_4,lost_track,120
2518,12590,419.667,camera_7,removed,-1
2519,12595,419.833,camera_3,lost_track,163
2519,12595,419.833,camera_4,new_track,123
2519,12595,419.833,camera_4,removed,-1
2519,12595,419.833,camera_7,reacquired,96
2520,12600,420.0,camera_4,reacquired,120
2520,12600,420.0,camera_4,lost_track,122
2520,12600,420.0,camera_7,removed,95
2521,12605,420.167,camera_4,reacquired,122
2521,12605,420.167,camera_4,removed,-1
2522,12610,420.333,camera_4,lost_track,120
2522,12610,420.333,camera_4,lost_track,122
2523,12615,420.5,camera_3,reacquired,163
2523,12615,420.5,camera_4,reacquired,120
2523,12615,420.5,camera_7,removed,98
2524,12620,420.667,camera_3,lost_track,163
2524,12620,420.667,camera_4,lost_track,121
2524,12620,420.667,camera_4,lost_track,123
2525,12625,420.833,camera_3,reacquired,163
2525,12625,420.833,camera_4,reacquired,121
2525,12625,420.833,camera_4,reacquired,122
2525,12625,420.833,camera_4,removed,119
2526,12630,421.0,camera_4,lost_track,120
2526,12630,421.0,camera_4,lost_track,111
2528,12640,421.333,camera_4,reacquired,111
2528,12640,421.333,camera_7,removed,-1
2529,12645,421.5,camera_3,removed,-1
2529,12645,421.5,camera_4,removed,-1
2530,12650,421.667,camera_4,lost_track,111
2531,12655,421.833,camera_4,reacquired,111
2531,12655,421.833,camera_4,lost_track,121
2531,12655,421.833,camera_4,removed,-1
2534,12670,422.333,camera_4,lost_track,122
2535,12675,422.5,camera_3,lost_track,163
2536,12680,422.667,camera_3,reacquired,163
2538,12690,423.0,camera_3,lost_track,163
2539,12695,423.167,camera_3,reacquired,163
2539,12695,423.167,camera_7,removed,93
2540,12700,423.333,camera_4,reacquired,122
2542,12710,423.667,camera_4,lost_track,122
2543,12715,423.833,camera_4,reacquired,122
2544,12720,424.0,camera_4,lost_track,122
2545,12725,424.167,camera_4,removed,-1
2547,12735,424.5,camera_3,lost_track,163
2548,12740,424.667,camera_3,reacquired,163
2553,12765,425.5,camera_3,removed,-1
2553,12765,425.5,camera_4,reacquired,121
2553,12765,425.5,camera_4,lost_track,111
2554,12770,425.667,camera_4,reacquired,111
2554,12770,425.667,camera_4,removed,123
2554,12770,425.667,camera_4,removed,-1
2555,12775,425.833,camera_3,removed,-1
2555,12775,425.833,camera_4,lost_track,121
2556,12780,426.0,camera_4,removed,120
2556,12780,426.0,camera_4,removed,-1
2556,12780,426.0,camera_7,lost_track,84
2557,12785,426.167,camera_7,reacquired,84
2558,12790,426.333,camera_3,removed,-1
2558,12790,426.333,camera_7,lost_track,84
2558,12790,426.333,camera_7,removed,-1
2559,12795,426.5,camera_3,new_track,172
2559,12795,426.5,camera_4,lost_track,97
2559,12795,426.5,camera_7,reacquired,84
2560,12800,426.667,camera_3,lost_track,169
2560,12800,426.667,camera_4,reacquired,97
2560,12800,426.667,camera_4,lost_track,101
2560,12800,426.667,camera_4,removed,-1
2560,12800,426.667,camera_7,removed,-1
2561,12805,426.833,camera_3,removed,-1
2561,12805,426.833,camera_4,new_track,124
2562,12810,427.0,camera_3,lost_track,168
2562,12810,427.0,camera_7,new_track,100
2562,12810,427.0,camera_7,lost_track,79
2564,12820,427.333,camera_4,new_track,125
2564,12820,427.333,camera_4,lost_track,124
2564,12820,427.333,camera_7,lost_track,100
2565,12825,427.5,camera_3,reacquired,168
2565,12825,427.5,camera_7,new_track,101
2565,12825,427.5,camera_7,removed,-1
2566,12830,427.667,camera_7,lost_track,91
2567,12835,427.833,camera_3,reacquired,169
2567,12835,427.833,camera_3,removed,-1
2567,12835,427.833,camera_7,reacquired,91
2568,12840,428.0,camera_3,lost_track,168
2568,12840,428.0,camera_7,lost_track,91
2569,12845,428.167,camera_3,removed,-1
2570,12850,428.333,camera_3,reacquired,168
2570,12850,428.333,camera_7,lost_track,84
2571,12855,428.5,camera_7,new_track,102
2571,12855,428.5,camera_7,removed,-1
2573,12865,428.833,camera_7,reacquired,84
2573,12865,428.833,camera_7,lost_track,102
2574,12870,429.0,camera_4,removed,122
2579,12895,429.833,camera_7,removed,-1
2581,12905,430.167,camera_7,new_track,103
2582,12910,430.333,camera_7,lost_track,103
2584,12920,430.667,camera_4,new_track,126
2585,12925,430.833,camera_4,removed,121
2588,12940,431.333,camera_3,removed,-1
2588,12940,431.333,camera_4,lost_track,126
2588,12940,431.333,camera_7,reacquired,103
2589,12945,431.5,camera_4,reacquired,126
2590,12950,431.667,camera_4,lost_track,126
2590,12950,431.667,camera_4,removed,101
2590,12950,431.667,camera_7,lost_track,103
2591,12955,431.833,camera_4,reacquired,126
2591,12955,431.833,camera_4,removed,-1
2592,12960,432.0,camera_4,lost_track,126
2592,12960,432.0,camera_7,removed,79
2593,12965,432.167,camera_7,lost_track,84
2594,12970,432.333,camera_4,removed,124
2594,12970,432.333,camera_7,reacquired,84
2594,12970,432.333,camera_7,reacquired,103
2594,12970,432.333,camera_7,removed,100
2594,12970,432.333,camera_7,removed,-1
2595,12975,432.5,camera_7,lost_track,103
2596,12980,432.667,camera_3,new_track,173
2596,12980,432.667,camera_3,removed,-1
2596,12980,432.667,camera_7,reacquired,103
2596,12980,432.667,camera_7,removed,-1
2598,12990,433.0,camera_7,lost_track,84
2598,12990,433.0,camera_7,removed,91
2599,12995,433.167,camera_3,lost_track,172
2599,12995,433.167,camera_7,removed,-1
2600,13000,433.333,camera_3,reacquired,172
2600,13000,433.333,camera_3,lost_track,173
2600,13000,433.333,camera_4,reacquired,126
2601,13005,433.5,camera_7,new_track,104
2601,13005,433.5,camera_7,lost_track,103
2603,13015,433.833,camera_3,removed,-1
2603,13015,433.833,camera_7,removed,102
2604,13020,434.0,camera_3,lost_track,163
2606,13030,434.333,camera_3,reacquired,163
2607,13035,434.5,camera_3,lost_track,167
2607,13035,434.5,camera_7,reacquired,103
2608,13040,434.667,camera_4,lost_track,126
2609,13045,434.833,camera_4,reacquired,126
2612,13060,435.333,camera_3,reacquired,167
2612,13060,435.333,camera_7,lost_track,99
2613,13065,435.5,camera_7,removed,-1
2614,13070,435.667,camera_7,reacquired,99
2614,13070,435.667,camera_7,lost_track,104
2616,13080,436.0,camera_3,new_track,174
2617,13085,436.167,camera_3,lost_track,167
2617,13085,436.167,camera_7,removed,-1
2618,13090,436.333,camera_3,reacquired,167
2618,13090,436.333,camera_7,lost_track,103
2619,13095,436.5,camera_3,lost_track,167
2619,13095,436.5,camera_7,removed,-1
2620,13100,436.667,camera_3,lost_track,174
2620,13100,436.667,camera_4,lost_track,126
2620,13100,436.667,camera_7,reacquired,103
2621,13105,436.833,camera_7,new_track,105
2622,13110,437.0,camera_7,reacquired,104
2623,13115,437.167,camera_3,reacquired,167
2623,13115,437.167,camera_3,reacquired,174
2623,13115,437.167,camera_7,lost_track,104
2623,13115,437.167,camera_7,removed,-1
2624,13120,437.333,camera_3,lost_track,174
2624,13120,437.333,camera_3,lost_track,167
2624,13120,437.333,camera_7,reacquired,104
2624,13120,437.333,camera_7,lost_track,99
2625,13125,437.5,camera_3,reacquired,167
2625,13125,437.5,camera_4,reacquired,126
2626,13130,437.667,camera_3,lost_track,167
2626,13130,437.667,camera_3,removed,-1
2626,13130,437.667,camera_4,lost_track,126
2627,13135,437.833,camera_3,lost_track,169
2627,13135,437.833,camera_7,lost_track,103
2628,13140,438.0,camera_3,reacquired,167
2628,13140,438.0,camera_3,removed,-1
2628,13140,438.0,camera_4,reacquired,126
2628,13140,438.0,camera_7,reacquired,103
2628,13140,438.0,camera_7,removed,84
2629,13145,438.167,camera_3,lost_track,167
2630,13150,438.333,camera_3,lost_track,159
2630,13150,438.333,camera_3,removed,173
2631,13155,438.5,camera_7,lost_track,103
2632,13160,438.667,camera_3,lost_track,168
2632,13160,438.667,camera_4,lost_track,126
2632,13160,438.667,camera_7,reacquired,103
2634,13170,439.0,camera_4,lost_track,111
2635,13175,439.167,camera_3,reacquired,168
2635,13175,439.167,camera_3,removed,-1
2635,13175,439.167,camera_4,reacquired,126
2635,13175,439.167,camera_4,removed,-1
2636,13180,439.333,camera_4,lost_track,126
2636,13180,439.333,camera_7,reacquired,99
2636,13180,439.333,camera_7,lost_track,104
2641,13205,440.167,camera_3,reacquired,159
2641,13205,440.167,camera_4,reacquired,111
2641,13205,440.167,camera_4,removed,-1
2642,13210,440.333,camera_3,removed,-1
2643,13215,440.5,camera_4,removed,-1
2645,13225,440.833,camera_7,removed,-1
2646,13230,441.0,camera_4,new_track,127
2647,13235,441.167,camera_7,removed,-1
2648,13240,441.333,camera_3,removed,-1
2648,13240,441.333,camera_4,lost_track,97
2649,13245,441.5,camera_3,lost_track,168
2649,13245,441.5,camera_4,reacquired,126
2649,13245,441.5,camera_6,new_track,157
2650,13250,441.667,camera_3,reacquired,168
2650,13250,441.667,camera_3,lost_track,163
2650,13250,441.667,camera_3,lost_track,159
2650,13250,441.667,camera_7,removed,-1
2651,13255,441.833,camera_4,lost_track,127
2652,13260,442.0,camera_3,removed,-1
2652,13260,442.0,camera_4,reacquired,127
2652,13260,442.0,camera_4,lost_track,126
2653,13265,442.167,camera_3,new_track,175
2653,13265,442.167,camera_7,lost_track,99
2654,13270,442.333,camera_3,new_track,176
2654,13270,442.333,camera_3,removed,174
2654,13270,442.333,camera_6,new_track,158
2655,13275,442.5,camera_4,reacquired,126
2656,13280,442.667,camera_3,lost_track,175
2656,13280,442.667,camera_4,new_track,128
2656,13280,442.667,camera_4,lost_track,126
2656,13280,442.667,camera_7,lost_track,101
2657,13285,442.833,camera_3,removed,169
2657,13285,442.833,camera_4,reacquired,126
2657,13285,442.833,camera_4,lost_track,128
2657,13285,442.833,camera_7,reacquired,101
2658,13290,443.0,camera_4,reacquired,128
2658,13290,443.0,camera_4,lost_track,126
2658,13290,443.0,camera_4,removed,-1
2658,13290,443.0,camera_6,lost_track,158
2658,13290,443.0,camera_7,lost_track,74
2659,13295,443.167,camera_3,removed,167
2660,13300,443.333,camera_4,lost_track,111
2662,13310,443.667,camera_3,reacquired,175
2664,13320,444.0,camera_4,reacquired,111
2665,13325,444.167,camera_3,lost_track,175
2665,13325,444.167,camera_4,new_track,129
2665,13325,444.167,camera_6,removed,-1
2665,13325,444.167,camera_7,new_track,106
2665,13325,444.167,camera_7,removed,-1
2666,13330,444.333,camera_4,lost_track,111
2666,13330,444.333,camera_7,removed,104
2668,13340,444.667,camera_3,reacquired,175
2668,13340,444.667,camera_3,lost_track,168
2668,13340,444.667,camera_4,reacquired,111
2668,13340,444.667,camera_7,lost_track,96
2669,13345,444.833,camera_3,reacquired,168
2669,13345,444.833,camera_3,lost_track,175
2669,13345,444.833,camera_4,lost_track,111
2669,13345,444.833,camera_7,reacquired,96
2670,13350,445.0,camera_3,reacquired,175
2671,13355,445.167,camera_4,reacquired,111
2672,13360,445.333,camera_3,lost_track,175
2672,13360,445.333,camera_4,lost_track,128
2672,13360,445.333,camera_4,removed,-1
2674,13370,445.667,camera_3,lost_track,168
2674,13370,445.667,camera_7,lost_track,101
2675,13375,445.833,camera_3,reacquired,168
2675,13375,445.833,camera_4,reacquired,128
2675,13375,445.833,camera_6,new_track,159
2675,13375,445.833,camera_7,new_track,107
2675,13375,445.833,camera_7,removed,-1
2676,13380,446.0,camera_4,lost_track,128
2676,13380,446.0,camera_4,lost_track,111
2676,13380,446.0,camera_4,removed,-1
2678,13390,446.333,camera_4,removed,97
2678,13390,446.333,camera_6,new_track,160
2679,13395,446.5,camera_7,lost_track,105
2680,13400,446.667,camera_3,removed,163
2680,13400,446.667,camera_3,removed,159
2680,13400,446.667,camera_6,removed,-1
2680,13400,446.667,camera_7,reacquired,101
2680,13400,446.667,camera_7,lost_track,107
2680,13400,446.667,camera_7,removed,-1
2681,13405,446.833,camera_6,new_track,161
2681,13405,446.833,camera_6,lost_track,159
2683,13415,447.167,camera_4,reacquired,111
2683,13415,447.167,camera_7,removed,99
2684,13420,447.333,camera_3,reacquired,175
2684,13420,447.333,camera_6,new_track,162
2687,13435,447.833,camera_6,removed,-1
2688,13440,448.0,camera_4,removed,126
2688,13440,448.0,camera_6,removed,158
2688,13440,448.0,camera_7,removed,74
2689,13445,448.167,camera_6,removed,-1
2689,13445,448.167,camera_7,lost_track,96
2689,13445,448.167,camera_7,removed,-1
2691,13455,448.5,camera_3,lost_track,168
2691,13455,448.5,camera_3,lost_track,175
2691,13455,448.5,camera_4,lost_track,125
2691,13455,448.5,camera_6,new_track,163
2691,13455,448.5,camera_6,lost_track,162
2691,13455,448.5,camera_7,new_track,108
2692,13460,448.667,camera_3,reacquired,168
2692,13460,448.667,camera_4,reacquired,125
2692,13460,448.667,camera_4,removed,-1
2693,13465,448.833,camera_3,lost_track,168
2693,13465,448.833,camera_4,reacquired,128
2693,13465,448.833,camera_4,lost_track,125
2694,13470,449.0,camera_3,reacquired,168
2694,13470,449.0,camera_4,lost_track,128
2694,13470,449.0,camera_4,lost_track,111
2694,13470,449.0,camera_7,lost_track,108
2694,13470,449.0,camera_7,removed,-1
2695,13475,449.167,camera_4,reacquired,111
2695,13475,449.167,camera_7,reacquired,96
2695,13475,449.167,camera_7,lost_track,101
2696,13480,449.333,camera_3,reacquired,175
2696,13480,449.333,camera_4,new_track,130
2696,13480,449.333,camera_4,reacquired,125
2696,13480,449.333,camera_4,lost_track,129
2696,13480,449.333,camera_6,lost_track,163
2696,13480,449.333,camera_7,lost_track,106
2697,13485,449.5,camera_3,lost_track,175
2697,13485,449.5,camera_4,reacquired,128
2697,13485,449.5,camera_4,lost_track,130
2697,13485,449.5,camera_4,lost_track,125
2697,13485,449.5,camera_4,lost_track,111
2697,13485,449.5,camera_6,removed,-1
2697,13485,449.5,camera_7,new_track,109
2697,13485,449.5,camera_7,removed,-1
2698,13490,449.667,camera_3,reacquired,175
2698,13490,449.667,camera_4,new_track,131
2698,13490,449.667,camera_4,new_track,132
2698,13490,449.667,camera_6,new_track,164
2698,13490,449.667,camera_6,reacquired,162
2698,13490,449.667,camera_6,lost_track,160
2699,13495,449.833,camera_3,lost_track,175
2699,13495,449.833,camera_4,removed,-1
2700,13500,450.0,camera_3,reacquired,175
2700,13500,450.0,camera_4,reacquired,111
2700,13500,450.0,camera_4,reacquired,125
2700,13500,450.0,camera_4,lost_track,128
2700,13500,450.0,camera_4,lost_track,132
2700,13500,450.0,camera_6,reacquired,160
2701,13505,450.167,camera_4,lost_track,131
2701,13505,450.167,camera_6,removed,-1
2701,13505,450.167,camera_7,lost_track,109
2702,13510,450.333,camera_3,lost_track,175
2702,13510,450.333,camera_6,lost_track,160
2702,13510,450.333,camera_7,lost_track,96
2703,13515,450.5,camera_4,lost_track,111
2703,13515,450.5,camera_4,removed,-1
2703,13515,450.5,camera_7,new_track,110
2704,13520,450.667,camera_4,reacquired,128
2704,13520,450.667,camera_6,new_track,165
2704,13520,450.667,camera_6,lost_track,161
2704,13520,450.667,camera_6,lost_track,157
2705,13525,450.833,camera_3,lost_track,168
2705,13525,450.833,camera_6,reacquired,157
2705,13525,450.833,camera_6,reacquired,160
2705,13525,450.833,camera_6,removed,-1
2705,13525,450.833,camera_7,lost_track,110
2706,13530,451.0,camera_4,removed,-1
2707,13535,451.167,camera_3,reacquired,168
2708,13540,451.333,camera_3,lost_track,168
2708,13540,451.333,camera_4,new_track,133
2708,13540,451.333,camera_4,removed,-1
2708,13540,451.333,camera_6,lost_track,157
2709,13545,451.5,camera_7,removed,105
2710,13550,451.667,camera_3,reacquired,168
2710,13550,451.667,camera_7,removed,107
2711,13555,451.833,camera_6,removed,159
2712,13560,452.0,camera_3,lost_track,168
2712,13560,452.0,camera_6,lost_track,160
2712,13560,452.0,camera_6,lost_track,164
2712,13560,452.0,camera_6,removed,-1
2714,13570,452.333,camera_5,new_track,278
2715,13575,452.5,camera_5,new_track,279
2715,13575,452.5,camera_5,lost_track,278
2717,13585,452.833,camera_5,reacquired,278
2717,13585,452.833,camera_5,removed,-1
2718,13590,453.0,camera_4,removed,-1
2719,13595,453.167,camera_6,lost_track,162
2720,13600,453.333,camera_6,removed,-1
2721,13605,453.5,camera_6,lost_track,165
2723,13615,453.833,camera_5,removed,-1
2724,13620,454.0,camera_5,new_track,280
2724,13620,454.0,camera_7,removed,108
2725,13625,454.167,camera_5,lost_track,278
2725,13625,454.167,camera_7,removed,101
2726,13630,454.333,camera_2,new_track,138
2726,13630,454.333,camera_4,removed,129
2726,13630,454.333,camera_5,new_track,281
2726,13630,454.333,camera_6,removed,163
2726,13630,454.333,camera_7,removed,106
2727,13635,454.5,camera_4,removed,130
2728,13640,454.667,camera_2,removed,-1
2728,13640,454.667,camera_5,removed,-1
2729,13645,454.833,camera_1,removed,-1
2729,13645,454.833,camera_5,lost_track,279
2730,13650,455.0,camera_1,new_track,85
2730,13650,455.0,camera_4,removed,132
2730,13650,455.0,camera_5,new_track,282
2731,13655,455.167,camera_1,removed,-1
2731,13655,455.167,camera_4,removed,131
2731,13655,455.167,camera_5,removed,-1
2731,13655,455.167,camera_7,removed,109
2732,13660,455.333,camera_3,new_track,177
2732,13660,455.333,camera_3,removed,-1
2732,13660,455.333,camera_3,removed,175
2732,13660,455.333,camera_5,new_track,283
2732,13660,455.333,camera_7,removed,96
2733,13665,455.5,camera_1,removed,-1
2733,13665,455.5,camera_3,reacquired,168
2733,13665,455.5,camera_4,removed,111
2734,13670,455.667,camera_2,new_track,139
2734,13670,455.667,camera_3,lost_track,168
2734,13670,455.667,camera_4,new_track,134
2734,13670,455.667,camera_5,removed,-1
2734,13670,455.667,camera_6,removed,161
2735,13675,455.833,camera_5,lost_track,282
2735,13675,455.833,camera_7,removed,110
2736,13680,456.0,camera_5,lost_track,281
2737,13685,456.167,camera_5,reacquired,282
2737,13685,456.167,camera_5,lost_track,283
2738,13690,456.333,camera_6,removed,157
2739,13695,456.5,camera_2,lost_track,139
2740,13700,456.667,camera_2,new_track,140
2740,13700,456.667,camera_4,removed,-1
2741,13705,456.833,camera_2,lost_track,140
2741,13705,456.833,camera_5,new_track,284
2742,13710,457.0,camera_2,new_track,141
2742,13710,457.0,camera_4,removed,-1
2742,13710,457.0,camera_5,lost_track,284
2742,13710,457.0,camera_6,removed,160
2742,13710,457.0,camera_6,removed,164
2743,13715,457.167,camera_4,new_track,136
2743,13715,457.167,camera_4,new_track,135
2743,13715,457.167,camera_5,lost_track,280
2744,13720,457.333,camera_1,removed,-1
2744,13720,457.333,camera_2,reacquired,139
2744,13720,457.333,camera_2,reacquired,140
2744,13720,457.333,camera_2,lost_track,141
2744,13720,457.333,camera_2,removed,-1
2744,13720,457.333,camera_5,new_track,285
2744,13720,457.333,camera_5,removed,-1
2745,13725,457.5,camera_1,lost_track,85
2745,13725,457.5,camera_5,reacquired,284
2745,13725,457.5,camera_5,lost_track,282
2745,13725,457.5,camera_5,lost_track,285
2746,13730,457.667,camera_5,lost_track,284
2747,13735,457.833,camera_1,new_track,86
2747,13735,457.833,camera_4,lost_track,136
2747,13735,457.833,camera_5,removed,-1
2748,13740,458.0,camera_1,removed,-1
2748,13740,458.0,camera_4,reacquired,136
2749,13745,458.167,camera_3,removed,-1
2749,13745,458.167,camera_6,removed,162
2750,13750,458.333,camera_1,new_track,87
2750,13750,458.333,camera_3,new_track,178
2751,13755,458.5,camera_3,removed,-1
2751,13755,458.5,camera_6,removed,165
2752,13760,458.667,camera_4,lost_track,136
2753,13765,458.833,camera_1,lost_track,86
2753,13765,458.833,camera_3,new_track,179
2754,13770,459.0,camera_4,lost_track,134
2755,13775,459.167,camera_3,lost_track,179
2755,13775,459.167,camera_3,removed,-1
2755,13775,459.167,camera_5,removed,278
2757,13785,459.5,camera_3,reacquired,179
2758,13790,459.667,camera_3,new_track,180
2759,13795,459.833,camera_3,new_track,181
2759,13795,459.833,camera_4,lost_track,135
2759,13795,459.833,camera_5,removed,279
2760,13800,460.0,camera_2,lost_track,139
2761,13805,460.167,camera_2,reacquired,139
2761,13805,460.167,camera_2,removed,-1
2762,13810,460.333,camera_1,removed,-1
2762,13810,460.333,camera_3,removed,-1
2763,13815,460.5,camera_2,removed,-1
2763,13815,460.5,camera_4,lost_track,128
2764,13820,460.667,camera_3,removed,168
2765,13825,460.833,camera_3,lost_track,179
2766,13830,461.0,camera_2,lost_track,140
2766,13830,461.0,camera_2,removed,-1
2766,13830,461.0,camera_3,reacquired,179
2766,13830,461.0,camera_5,removed,281
2767,13835,461.167,camera_3,removed,-1
2767,13835,461.167,camera_5,removed,283
2768,13840,461.333,camera_4,reacquired,128
2769,13845,461.5,camera_2,new_track,142
2770,13850,461.667,camera_3,lost_track,172
2771,13855,461.833,camera_1,new_track,88
2771,13855,461.833,camera_3,removed,-1
2772,13860,462.0,camera_3,lost_track,178
2773,13865,462.167,camera_1,removed,-1
2773,13865,462.167,camera_2,lost_track,139
2773,13865,462.167,camera_3,reacquired,172
2773,13865,462.167,camera_3,removed,-1
2773,13865,462.167,camera_5,removed,280
2774,13870,462.333,camera_1,new_track,89
2774,13870,462.333,camera_2,removed,141
2774,13870,462.333,camera_2,removed,-1
2775,13875,462.5,camera_1,removed,85
2775,13875,462.5,camera_3,lost_track,180
2775,13875,462.5,camera_5,removed,282
2775,13875,462.5,camera_5,removed,285
2776,13880,462.667,camera_1,lost_track,88
2776,13880,462.667,camera_1,lost_track,89
2776,13880,462.667,camera_1,removed,-1
2776,13880,462.667,camera_3,new_track,182
2776,13880,462.667,camera_3,new_track,183
2776,13880,462.667,camera_3,reacquired,180
2776,13880,462.667,camera_3,lost_track,179
2776,13880,462.667,camera_5,removed,284
2777,13885,462.833,camera_3,reacquired,179
2777,13885,462.833,camera_3,lost_track,177
2777,13885,462.833,camera_3,lost_track,182
2779,13895,463.167,camera_1,removed,-1
2779,13895,463.167,camera_3,lost_track,180
2780,13900,463.333,camera_3,new_track,184
2780,13900,463.333,camera_4,lost_track,128
2781,13905,463.5,camera_3,removed,-1
