loop_i,video_fid,t_sec,camera_id,kind,track_id
0,0,0.0,camera_1,new_track,1
0,0,0.0,camera_2,new_track,1
0,0,0.0,camera_2,new_track,2
0,0,0.0,camera_3,new_track,1
0,0,0.0,camera_3,new_track,2
0,0,0.0,camera_3,new_track,3
0,0,0.0,camera_7,new_track,1
0,0,0.0,camera_7,new_track,2
0,0,0.0,camera_7,new_track,3
3,15,0.5,camera_3,new_track,4
4,20,0.667,camera_1,removed,-1
4,20,0.667,camera_3,lost_track,2
5,25,0.833,camera_2,new_track,3
5,25,0.833,camera_3,reacquired,2
9,45,1.5,camera_1,lost_track,1
9,45,1.5,camera_3,new_track,5
10,50,1.667,camera_2,lost_track,2
11,55,1.833,camera_2,lost_track,1
12,60,2.0,camera_2,new_track,4
12,60,2.0,camera_2,reacquired,2
13,65,2.167,camera_2,lost_track,2
13,65,2.167,camera_3,lost_track,5
14,70,2.333,camera_3,lost_track,4
14,70,2.333,camera_3,removed,-1
15,75,2.5,camera_3,reacquired,4
15,75,2.5,camera_3,reacquired,5
16,80,2.667,camera_3,lost_track,4
17,85,2.833,camera_3,new_track,6
17,85,2.833,camera_3,removed,-1
19,95,3.167,camera_3,reacquired,4
20,100,3.333,camera_2,lost_track,4
20,100,3.333,camera_3,lost_track,4
21,105,3.5,camera_3,reacquired,4
21,105,3.5,camera_3,removed,-1
23,115,3.833,camera_3,lost_track,4
23,115,3.833,camera_3,removed,-1
24,120,4.0,camera_3,new_track,7
25,125,4.167,camera_1,new_track,2
25,125,4.167,camera_1,removed,-1
26,130,4.333,camera_3,removed,-1
27,135,4.5,camera_7,removed,-1
29,145,4.833,camera_3,new_track,8
29,145,4.833,camera_3,reacquired,4
29,145,4.833,camera_3,lost_track,3
29,145,4.833,camera_3,lost_track,5
29,145,4.833,camera_3,removed,-1
30,150,5.0,camera_3,lost_track,7
31,155,5.167,camera_1,removed,-1
31,155,5.167,camera_3,reacquired,7
32,160,5.333,camera_3,reacquired,5
32,160,5.333,camera_3,lost_track,4
33,165,5.5,camera_1,new_track,3
33,165,5.5,camera_1,new_track,4
34,170,5.667,camera_1,lost_track,3
34,170,5.667,camera_3,lost_track,7
35,175,5.833,camera_1,new_track,5
36,180,6.0,camera_1,lost_track,4
36,180,6.0,camera_2,new_track,5
36,180,6.0,camera_3,reacquired,4
36,180,6.0,camera_3,reacquired,7
36,180,6.0,camera_3,lost_track,5
37,185,6.167,camera_1,reacquired,4
37,185,6.167,camera_3,lost_track,7
37,185,6.167,camera_3,removed,-1
38,190,6.333,camera_1,lost_track,4
38,190,6.333,camera_2,lost_track,5
38,190,6.333,camera_3,reacquired,7
39,195,6.5,camera_1,removed,1
40,200,6.667,camera_3,reacquired,5
40,200,6.667,camera_3,lost_track,4
41,205,6.833,camera_2,reacquired,5
41,205,6.833,camera_2,removed,1
42,210,7.0,camera_1,lost_track,2
42,210,7.0,camera_3,removed,-1
42,210,7.0,camera_7,removed,-1
43,215,7.167,camera_1,new_track,6
43,215,7.167,camera_1,reacquired,2
43,215,7.167,camera_2,removed,2
43,215,7.167,camera_3,new_track,9
44,220,7.333,camera_1,lost_track,5
44,220,7.333,camera_3,lost_track,1
45,225,7.5,camera_3,reacquired,1
45,225,7.5,camera_3,lost_track,7
45,225,7.5,camera_3,removed,-1
46,230,7.667,camera_3,reacquired,7
47,235,7.833,camera_3,lost_track,7
48,240,8.0,camera_3,reacquired,7
50,250,8.333,camera_2,removed,4
50,250,8.333,camera_3,lost_track,9
51,255,8.5,camera_3,reacquired,9
52,260,8.667,camera_3,removed,-1
53,265,8.833,camera_1,lost_track,6
53,265,8.833,camera_3,lost_track,7
54,270,9.0,camera_1,reacquired,6
54,270,9.0,camera_1,removed,-1
54,270,9.0,camera_3,reacquired,7
55,275,9.167,camera_3,lost_track,7
56,280,9.333,camera_3,reacquired,4
56,280,9.333,camera_3,lost_track,5
56,280,9.333,camera_7,lost_track,1
57,285,9.5,camera_3,reacquired,5
57,285,9.5,camera_3,lost_track,4
57,285,9.5,camera_7,new_track,4
57,285,9.5,camera_7,removed,-1
58,290,9.667,camera_3,reacquired,7
59,295,9.833,camera_3,removed,3
64,320,10.667,camera_1,removed,3
64,320,10.667,camera_2,removed,-1
65,325,10.833,camera_7,reacquired,1
65,325,10.833,camera_7,lost_track,4
66,330,11.0,camera_1,removed,-1
66,330,11.0,camera_2,removed,-1
66,330,11.0,camera_3,lost_track,7
67,335,11.167,camera_1,lost_track,6
67,335,11.167,camera_2,new_track,6
67,335,11.167,camera_3,reacquired,7
68,340,11.333,camera_1,new_track,7
68,340,11.333,camera_1,reacquired,6
68,340,11.333,camera_1,removed,4
69,345,11.5,camera_1,new_track,8
69,345,11.5,camera_1,lost_track,6
69,345,11.5,camera_7,reacquired,4
69,345,11.5,camera_7,lost_track,1
70,350,11.667,camera_2,lost_track,6
70,350,11.667,camera_3,lost_track,7
70,350,11.667,camera_7,reacquired,1
70,350,11.667,camera_7,lost_track,3
70,350,11.667,camera_7,lost_track,4
71,355,11.833,camera_2,reacquired,6
71,355,11.833,camera_3,new_track,10
72,360,12.0,camera_1,lost_track,7
72,360,12.0,camera_2,lost_track,6
72,360,12.0,camera_3,reacquired,4
72,360,12.0,camera_3,lost_track,8
72,360,12.0,camera_7,reacquired,3
73,365,12.167,camera_1,new_track,9
73,365,12.167,camera_2,reacquired,6
74,370,12.333,camera_1,reacquired,6
74,370,12.333,camera_1,lost_track,2
74,370,12.333,camera_1,removed,5
74,370,12.333,camera_2,lost_track,6
74,370,12.333,camera_3,lost_track,4
75,375,12.5,camera_1,reacquired,7
75,375,12.5,camera_1,lost_track,6
75,375,12.5,camera_3,removed,-1
75,375,12.5,camera_6,new_track,1
75,375,12.5,camera_7,lost_track,1
76,380,12.667,camera_7,removed,-1
77,385,12.833,camera_3,lost_track,10
77,385,12.833,camera_3,removed,-1
77,385,12.833,camera_6,new_track,2
78,390,13.0,camera_2,reacquired,6
79,395,13.167,camera_1,reacquired,2
79,395,13.167,camera_6,lost_track,2
80,400,13.333,camera_1,lost_track,2
80,400,13.333,camera_3,lost_track,9
80,400,13.333,camera_6,removed,-1
81,405,13.5,camera_1,reacquired,2
81,405,13.5,camera_3,reacquired,9
81,405,13.5,camera_7,reacquired,1
81,405,13.5,camera_7,lost_track,2
82,410,13.667,camera_6,new_track,3
82,410,13.667,camera_7,lost_track,1
83,415,13.833,camera_6,reacquired,2
83,415,13.833,camera_7,removed,-1
84,420,14.0,camera_1,reacquired,6
85,425,14.167,camera_1,lost_track,6
86,430,14.333,camera_3,reacquired,10
87,435,14.5,camera_1,reacquired,6
87,435,14.5,camera_7,lost_track,3
88,440,14.667,camera_1,lost_track,6
88,440,14.667,camera_6,lost_track,2
92,460,15.333,camera_1,reacquired,6
92,460,15.333,camera_1,removed,-1
92,460,15.333,camera_2,removed,-1
92,460,15.333,camera_3,lost_track,5
93,465,15.5,camera_1,lost_track,7
94,470,15.667,camera_6,lost_track,1
94,470,15.667,camera_7,reacquired,3
95,475,15.833,camera_1,reacquired,7
95,475,15.833,camera_1,lost_track,6
95,475,15.833,camera_3,reacquired,4
95,475,15.833,camera_3,lost_track,9
95,475,15.833,camera_6,removed,-1
96,480,16.0,camera_3,reacquired,5
96,480,16.0,camera_3,reacquired,7
96,480,16.0,camera_3,reacquired,9
96,480,16.0,camera_3,lost_track,4
96,480,16.0,camera_6,lost_track,3
97,485,16.167,camera_6,removed,-1
98,490,16.333,camera_1,lost_track,8
98,490,16.333,camera_3,lost_track,7
99,495,16.5,camera_1,removed,-1
100,500,16.667,camera_2,new_track,7
100,500,16.667,camera_7,removed,4
101,505,16.833,camera_2,lost_track,7
101,505,16.833,camera_3,reacquired,7
101,505,16.833,camera_5,new_track,1
102,510,17.0,camera_3,removed,8
104,520,17.333,camera_3,lost_track,7
105,525,17.5,camera_2,reacquired,7
106,530,17.667,camera_2,lost_track,6
106,530,17.667,camera_5,removed,-1
107,535,17.833,camera_5,new_track,2
108,540,18.0,camera_1,lost_track,7
108,540,18.0,camera_2,reacquired,6
108,540,18.0,camera_2,lost_track,7
108,540,18.0,camera_3,reacquired,7
109,545,18.167,camera_3,lost_track,7
110,550,18.333,camera_2,reacquired,7
110,550,18.333,camera_2,lost_track,6
110,550,18.333,camera_2,removed,-1
110,550,18.333,camera_3,reacquired,7
111,555,18.5,camera_1,new_track,10
111,555,18.5,camera_1,reacquired,7
111,555,18.5,camera_2,reacquired,6
111,555,18.5,camera_2,lost_track,5
111,555,18.5,camera_2,lost_track,7
111,555,18.5,camera_5,lost_track,1
111,555,18.5,camera_7,removed,2
112,560,18.667,camera_2,new_track,8
112,560,18.667,camera_2,reacquired,5
112,560,18.667,camera_2,reacquired,7
112,560,18.667,camera_3,lost_track,9
112,560,18.667,camera_3,removed,-1
112,560,18.667,camera_7,removed,1
113,565,18.833,camera_1,new_track,11
113,565,18.833,camera_1,removed,-1
113,565,18.833,camera_2,lost_track,3
113,565,18.833,camera_2,lost_track,7
113,565,18.833,camera_3,lost_track,7
114,570,19.0,camera_1,lost_track,7
114,570,19.0,camera_2,new_track,9
114,570,19.0,camera_2,lost_track,6
114,570,19.0,camera_3,lost_track,5
115,575,19.167,camera_2,reacquired,6
115,575,19.167,camera_2,reacquired,7
115,575,19.167,camera_3,reacquired,9
116,580,19.333,camera_2,new_track,10
116,580,19.333,camera_2,lost_track,6
116,580,19.333,camera_3,reacquired,5
116,580,19.333,camera_3,lost_track,9
116,580,19.333,camera_5,lost_track,2
116,580,19.333,camera_5,removed,-1
117,585,19.5,camera_3,lost_track,5
117,585,19.5,camera_3,removed,-1
118,590,19.667,camera_3,reacquired,5
118,590,19.667,camera_3,reacquired,9
118,590,19.667,camera_3,lost_track,10
118,590,19.667,camera_6,removed,2
119,595,19.833,camera_3,new_track,11
119,595,19.833,camera_3,lost_track,9
120,600,20.0,camera_3,reacquired,4
121,605,20.167,camera_2,removed,-1
122,610,20.333,camera_3,reacquired,9
123,615,20.5,camera_3,lost_track,9
123,615,20.5,camera_3,lost_track,2
124,620,20.667,camera_1,new_track,12
124,620,20.667,camera_3,reacquired,2
124,620,20.667,camera_6,removed,1
125,625,20.833,camera_1,reacquired,7
125,625,20.833,camera_1,lost_track,10
125,625,20.833,camera_1,removed,6
125,625,20.833,camera_3,new_track,12
125,625,20.833,camera_3,reacquired,9
125,625,20.833,camera_3,removed,-1
125,625,20.833,camera_7,lost_track,3
126,630,21.0,camera_1,lost_track,7
126,630,21.0,camera_1,removed,-1
126,630,21.0,camera_2,reacquired,6
126,630,21.0,camera_3,lost_track,9
126,630,21.0,camera_6,new_track,4
126,630,21.0,camera_6,removed,3
126,630,21.0,camera_6,removed,-1
126,630,21.0,camera_7,removed,-1
127,635,21.167,camera_2,lost_track,7
127,635,21.167,camera_3,new_track,13
127,635,21.167,camera_3,reacquired,9
127,635,21.167,camera_3,removed,-1
127,635,21.167,camera_6,new_track,5
128,640,21.333,camera_1,reacquired,7
128,640,21.333,camera_1,removed,8
128,640,21.333,camera_2,reacquired,7
128,640,21.333,camera_2,lost_track,6
128,640,21.333,camera_3,lost_track,11
128,640,21.333,camera_3,lost_track,5
128,640,21.333,camera_6,lost_track,4
129,645,21.5,camera_1,lost_track,12
129,645,21.5,camera_1,lost_track,7
129,645,21.5,camera_3,new_track,14
129,645,21.5,camera_6,new_track,6
129,645,21.5,camera_6,lost_track,5
130,650,21.667,camera_1,reacquired,7
130,650,21.667,camera_1,reacquired,12
130,650,21.667,camera_1,removed,-1
130,650,21.667,camera_2,reacquired,6
130,650,21.667,camera_2,lost_track,7
132,660,22.0,camera_2,reacquired,7
132,660,22.0,camera_2,lost_track,6
132,660,22.0,camera_3,lost_track,14
133,665,22.167,camera_2,removed,-1
133,665,22.167,camera_3,reacquired,14
133,665,22.167,camera_3,removed,-1
134,670,22.333,camera_2,reacquired,6
134,670,22.333,camera_2,lost_track,7
135,675,22.5,camera_2,lost_track,6
135,675,22.5,camera_3,reacquired,11
135,675,22.5,camera_3,lost_track,14
136,680,22.667,camera_3,new_track,15
137,685,22.833,camera_1,lost_track,7
138,690,23.0,camera_1,lost_track,11
138,690,23.0,camera_1,removed,-1
138,690,23.0,camera_2,reacquired,7
138,690,23.0,camera_3,lost_track,15
139,695,23.167,camera_1,new_track,13
139,695,23.167,camera_1,reacquired,11
139,695,23.167,camera_2,reacquired,6
139,695,23.167,camera_6,lost_track,6
140,700,23.333,camera_1,lost_track,13
140,700,23.333,camera_2,lost_track,7
140,700,23.333,camera_3,removed,-1
141,705,23.5,camera_1,reacquired,13
141,705,23.5,camera_3,reacquired,15
141,705,23.5,camera_3,lost_track,13
141,705,23.5,camera_5,removed,1
142,710,23.667,camera_1,lost_track,13
142,710,23.667,camera_2,removed,-1
142,710,23.667,camera_3,reacquired,13
142,710,23.667,camera_3,lost_track,9
142,710,23.667,camera_3,lost_track,15
142,710,23.667,camera_3,removed,-1
143,715,23.833,camera_1,reacquired,13
143,715,23.833,camera_2,removed,3
143,715,23.833,camera_3,reacquired,9
143,715,23.833,camera_3,removed,7
144,720,24.0,camera_1,lost_track,13
144,720,24.0,camera_2,removed,-1
145,725,24.167,camera_5,removed,-1
146,730,24.333,camera_5,new_track,3
146,730,24.333,camera_5,removed,2
147,735,24.5,camera_2,lost_track,6
147,735,24.5,camera_3,lost_track,9
148,740,24.667,camera_1,lost_track,11
148,740,24.667,camera_3,new_track,16
148,740,24.667,camera_3,reacquired,9
148,740,24.667,camera_3,removed,10
149,745,24.833,camera_1,reacquired,11
149,745,24.833,camera_3,lost_track,16
149,745,24.833,camera_3,removed,-1
150,750,25.0,camera_1,removed,-1
151,755,25.167,camera_2,reacquired,6
151,755,25.167,camera_3,lost_track,13
152,760,25.333,camera_1,new_track,14
152,760,25.333,camera_1,lost_track,12
152,760,25.333,camera_1,removed,-1
152,760,25.333,camera_3,reacquired,16
153,765,25.5,camera_1,lost_track,14
153,765,25.5,camera_2,lost_track,6
153,765,25.5,camera_3,lost_track,16
153,765,25.5,camera_5,removed,-1
154,770,25.667,camera_1,new_track,15
154,770,25.667,camera_2,new_track,11
154,770,25.667,camera_2,reacquired,6
154,770,25.667,camera_3,reacquired,13
154,770,25.667,camera_3,reacquired,16
154,770,25.667,camera_5,lost_track,3
155,775,25.833,camera_1,removed,10
155,775,25.833,camera_1,removed,-1
155,775,25.833,camera_2,lost_track,6
155,775,25.833,camera_3,lost_track,13
155,775,25.833,camera_5,removed,-1
155,775,25.833,camera_7,removed,3
156,780,26.0,camera_2,reacquired,6
156,780,26.0,camera_3,reacquired,13
158,790,26.333,camera_1,reacquired,14
158,790,26.333,camera_3,lost_track,16
158,790,26.333,camera_3,removed,5
158,790,26.333,camera_6,removed,4
159,795,26.5,camera_1,lost_track,14
159,795,26.5,camera_2,lost_track,6
159,795,26.5,camera_6,removed,5
160,800,26.667,camera_3,reacquired,16
160,800,26.667,camera_3,lost_track,13
161,805,26.833,camera_3,removed,-1
162,810,27.0,camera_1,removed,-1
162,810,27.0,camera_3,new_track,17
163,815,27.167,camera_1,reacquired,14
163,815,27.167,camera_2,new_track,12
163,815,27.167,camera_3,reacquired,13
163,815,27.167,camera_3,lost_track,11
164,820,27.333,camera_2,lost_track,12
164,820,27.333,camera_3,removed,-1
165,825,27.5,camera_3,lost_track,13
165,825,27.5,camera_3,removed,14
166,830,27.667,camera_1,removed,-1
166,830,27.667,camera_2,reacquired,6
166,830,27.667,camera_3,reacquired,13
166,830,27.667,camera_3,lost_track,16
167,835,27.833,camera_1,lost_track,14
167,835,27.833,camera_1,lost_track,15
167,835,27.833,camera_1,removed,7
168,840,28.0,camera_1,reacquired,14
168,840,28.0,camera_1,reacquired,15
168,840,28.0,camera_1,removed,-1
168,840,28.0,camera_2,lost_track,6
168,840,28.0,camera_2,removed,-1
168,840,28.0,camera_3,new_track,18
168,840,28.0,camera_3,lost_track,2
168,840,28.0,camera_3,lost_track,13
169,845,28.167,camera_3,new_track,19
169,845,28.167,camera_6,removed,6
170,850,28.333,camera_1,removed,-1
170,850,28.333,camera_2,new_track,13
170,850,28.333,camera_2,lost_track,10
170,850,28.333,camera_2,removed,7
170,850,28.333,camera_3,reacquired,15
170,850,28.333,camera_3,lost_track,9
171,855,28.5,camera_1,new_track,16
171,855,28.5,camera_1,lost_track,14
171,855,28.5,camera_3,reacquired,2
171,855,28.5,camera_3,reacquired,16
171,855,28.5,camera_3,lost_track,19
171,855,28.5,camera_3,lost_track,15
172,860,28.667,camera_1,lost_track,16
172,860,28.667,camera_1,removed,-1
172,860,28.667,camera_2,reacquired,6
172,860,28.667,camera_2,removed,-1
173,865,28.833,camera_1,lost_track,2
173,865,28.833,camera_2,lost_track,6
173,865,28.833,camera_3,reacquired,9
173,865,28.833,camera_3,reacquired,13
174,870,29.0,camera_1,reacquired,2
174,870,29.0,camera_1,removed,13
174,870,29.0,camera_2,reacquired,6
174,870,29.0,camera_3,lost_track,16
174,870,29.0,camera_3,lost_track,1
175,875,29.167,camera_3,reacquired,16
176,880,29.333,camera_1,lost_track,15
176,880,29.333,camera_2,lost_track,5
176,880,29.333,camera_2,removed,-1
176,880,29.333,camera_3,lost_track,16
177,885,29.5,camera_1,reacquired,14
177,885,29.5,camera_1,reacquired,15
177,885,29.5,camera_1,reacquired,16
177,885,29.5,camera_2,lost_track,6
177,885,29.5,camera_3,reacquired,16
177,885,29.5,camera_3,lost_track,13
178,890,29.667,camera_1,lost_track,16
178,890,29.667,camera_1,lost_track,14
178,890,29.667,camera_1,removed,-1
178,890,29.667,camera_2,reacquired,6
178,890,29.667,camera_2,lost_track,13
179,895,29.833,camera_1,reacquired,14
179,895,29.833,camera_1,lost_track,15
179,895,29.833,camera_2,removed,-1
179,895,29.833,camera_3,reacquired,19
179,895,29.833,camera_3,removed,-1
180,900,30.0,camera_1,reacquired,15
180,900,30.0,camera_2,lost_track,6
180,900,30.0,camera_3,lost_track,2
181,905,30.167,camera_1,lost_track,14
181,905,30.167,camera_1,removed,-1
181,905,30.167,camera_3,reacquired,2
181,905,30.167,camera_3,lost_track,19
181,905,30.167,camera_3,removed,-1
182,910,30.333,camera_1,removed,12
182,910,30.333,camera_2,reacquired,6
182,910,30.333,camera_2,removed,-1
182,910,30.333,camera_3,reacquired,19
182,910,30.333,camera_3,lost_track,2
182,910,30.333,camera_3,lost_track,6
183,915,30.5,camera_1,reacquired,14
183,915,30.5,camera_1,removed,-1
183,915,30.5,camera_2,new_track,14
183,915,30.5,camera_2,lost_track,6
183,915,30.5,camera_3,lost_track,9
184,920,30.667,camera_1,lost_track,14
184,920,30.667,camera_2,reacquired,6
184,920,30.667,camera_3,new_track,20
184,920,30.667,camera_5,removed,3
185,925,30.833,camera_1,reacquired,14
185,925,30.833,camera_2,removed,-1
186,930,31.0,camera_1,new_track,17
186,930,31.0,camera_3,new_track,21
187,935,31.167,camera_1,lost_track,2
187,935,31.167,camera_1,removed,-1
187,935,31.167,camera_3,lost_track,21
188,940,31.333,camera_3,reacquired,13
188,940,31.333,camera_3,reacquired,21
189,945,31.5,camera_1,lost_track,17
189,945,31.5,camera_1,removed,-1
189,945,31.5,camera_3,lost_track,21
190,950,31.667,camera_1,new_track,18
190,950,31.667,camera_3,reacquired,9
190,950,31.667,camera_3,lost_track,16
191,955,31.833,camera_2,lost_track,6
191,955,31.833,camera_2,removed,-1
192,960,32.0,camera_3,reacquired,1
192,960,32.0,camera_3,lost_track,9
192,960,32.0,camera_3,removed,-1
193,965,32.167,camera_1,new_track,19
193,965,32.167,camera_1,lost_track,14
193,965,32.167,camera_1,removed,-1
193,965,32.167,camera_3,removed,11
194,970,32.333,camera_2,removed,12
195,975,32.5,camera_1,reacquired,14
195,975,32.5,camera_1,removed,-1
195,975,32.5,camera_3,removed,-1
196,980,32.667,camera_1,lost_track,18
197,985,32.833,camera_1,lost_track,19
197,985,32.833,camera_3,reacquired,21
197,985,32.833,camera_3,removed,-1
198,990,33.0,camera_1,lost_track,14
198,990,33.0,camera_3,lost_track,21
200,1000,33.333,camera_2,removed,10
200,1000,33.333,camera_3,reacquired,9
200,1000,33.333,camera_3,removed,-1
201,1005,33.5,camera_1,reacquired,17
201,1005,33.5,camera_3,lost_track,9
201,1005,33.5,camera_3,removed,15
206,1030,34.333,camera_1,lost_track,17
206,1030,34.333,camera_2,removed,5
207,1035,34.5,camera_3,removed,-1
208,1040,34.667,camera_1,removed,16
208,1040,34.667,camera_1,removed,-1
208,1040,34.667,camera_2,removed,13
209,1045,34.833,camera_1,new_track,20
209,1045,34.833,camera_1,reacquired,17
209,1045,34.833,camera_1,lost_track,15
210,1050,35.0,camera_1,lost_track,17
210,1050,35.0,camera_2,reacquired,6
211,1055,35.167,camera_1,reacquired,15
212,1060,35.333,camera_3,removed,2
212,1060,35.333,camera_3,removed,6
213,1065,35.5,camera_2,lost_track,6
214,1070,35.667,camera_1,reacquired,17
217,1085,36.167,camera_1,removed,2
220,1100,36.667,camera_3,new_track,22
220,1100,36.667,camera_3,removed,16
220,1100,36.667,camera_3,removed,-1
222,1110,37.0,camera_2,reacquired,6
223,1115,37.167,camera_1,lost_track,15
223,1115,37.167,camera_1,removed,-1
223,1115,37.167,camera_3,lost_track,4
224,1120,37.333,camera_1,reacquired,15
224,1120,37.333,camera_1,lost_track,17
224,1120,37.333,camera_2,lost_track,6
224,1120,37.333,camera_3,reacquired,4
225,1125,37.5,camera_3,lost_track,4
226,1130,37.667,camera_1,lost_track,15
226,1130,37.667,camera_1,removed,18
226,1130,37.667,camera_3,reacquired,4
226,1130,37.667,camera_3,lost_track,22
226,1130,37.667,camera_3,removed,-1
227,1135,37.833,camera_1,reacquired,15
227,1135,37.833,camera_1,lost_track,20
227,1135,37.833,camera_1,removed,19
227,1135,37.833,camera_1,removed,-1
228,1140,38.0,camera_1,reacquired,17
228,1140,38.0,camera_1,reacquired,20
228,1140,38.0,camera_1,removed,14
228,1140,38.0,camera_2,reacquired,6
228,1140,38.0,camera_3,removed,21
229,1145,38.167,camera_1,lost_track,17
229,1145,38.167,camera_3,reacquired,22
230,1150,38.333,camera_1,lost_track,15
231,1155,38.5,camera_1,reacquired,15
231,1155,38.5,camera_1,lost_track,20
231,1155,38.5,camera_1,removed,-1
231,1155,38.5,camera_3,lost_track,22
231,1155,38.5,camera_3,removed,9
232,1160,38.667,camera_1,reacquired,20
234,1170,39.0,camera_1,lost_track,20
234,1170,39.0,camera_2,new_track,15
235,1175,39.167,camera_1,removed,-1
236,1180,39.333,camera_1,new_track,21
237,1185,39.5,camera_1,new_track,22
238,1190,39.667,camera_1,lost_track,22
238,1190,39.667,camera_2,lost_track,6
239,1195,39.833,camera_2,reacquired,6
240,1200,40.0,camera_1,reacquired,20
240,1200,40.0,camera_2,lost_track,6
241,1205,40.167,camera_1,reacquired,22
241,1205,40.167,camera_1,lost_track,20
241,1205,40.167,camera_1,removed,-1
242,1210,40.333,camera_1,lost_track,21
243,1215,40.5,camera_1,new_track,23
244,1220,40.667,camera_1,reacquired,20
244,1220,40.667,camera_1,lost_track,15
245,1225,40.833,camera_1,reacquired,17
245,1225,40.833,camera_1,reacquired,21
245,1225,40.833,camera_1,lost_track,11
245,1225,40.833,camera_3,removed,-1
246,1230,41.0,camera_1,lost_track,22
246,1230,41.0,camera_1,removed,-1
246,1230,41.0,camera_2,lost_track,15
247,1235,41.167,camera_1,reacquired,11
247,1235,41.167,camera_1,reacquired,22
247,1235,41.167,camera_1,lost_track,20
247,1235,41.167,camera_1,lost_track,21
247,1235,41.167,camera_2,reacquired,15
248,1240,41.333,camera_1,reacquired,21
248,1240,41.333,camera_1,lost_track,17
248,1240,41.333,camera_1,removed,-1
248,1240,41.333,camera_2,reacquired,6
249,1245,41.5,camera_1,lost_track,22
249,1245,41.5,camera_2,lost_track,6
249,1245,41.5,camera_3,removed,-1
250,1250,41.667,camera_1,new_track,24
251,1255,41.833,camera_1,lost_track,24
252,1260,42.0,camera_1,removed,-1
253,1265,42.167,camera_1,reacquired,24
253,1265,42.167,camera_3,removed,-1
254,1270,42.333,camera_1,lost_track,24
256,1280,42.667,camera_2,reacquired,6
258,1290,43.0,camera_1,new_track,25
258,1290,43.0,camera_1,reacquired,20
259,1295,43.167,camera_1,reacquired,17
259,1295,43.167,camera_1,lost_track,20
260,1300,43.333,camera_1,reacquired,24
260,1300,43.333,camera_1,lost_track,17
260,1300,43.333,camera_1,removed,-1
261,1305,43.5,camera_1,lost_track,24
261,1305,43.5,camera_3,removed,22
265,1325,44.167,camera_2,lost_track,6
267,1335,44.5,camera_1,reacquired,24
267,1335,44.5,camera_2,lost_track,15
269,1345,44.833,camera_1,lost_track,24
269,1345,44.833,camera_2,reacquired,6
270,1350,45.0,camera_2,lost_track,6
274,1370,45.667,camera_1,removed,15
279,1395,46.5,camera_1,removed,22
279,1395,46.5,camera_2,reacquired,15
283,1415,47.167,camera_2,reacquired,6
287,1435,47.833,camera_2,lost_track,15
288,1440,48.0,camera_3,lost_track,12
289,1445,48.167,camera_1,removed,20
290,1450,48.333,camera_1,removed,17
290,1450,48.333,camera_2,reacquired,15
290,1450,48.333,camera_2,lost_track,6
291,1455,48.5,camera_1,lost_track,25
291,1455,48.5,camera_2,lost_track,15
291,1455,48.5,camera_2,removed,-1
291,1455,48.5,camera_3,reacquired,12
294,1470,49.0,camera_1,new_track,26
296,1480,49.333,camera_1,reacquired,25
297,1485,49.5,camera_1,lost_track,26
298,1490,49.667,camera_1,lost_track,25
298,1490,49.667,camera_2,reacquired,15
299,1495,49.833,camera_1,removed,24
299,1495,49.833,camera_2,lost_track,15
300,1500,50.0,camera_1,reacquired,26
301,1505,50.167,camera_1,lost_track,26
302,1510,50.333,camera_1,reacquired,25
302,1510,50.333,camera_1,reacquired,26
303,1515,50.5,camera_1,lost_track,25
303,1515,50.5,camera_1,lost_track,26
304,1520,50.667,camera_1,lost_track,23
306,1530,51.0,camera_1,reacquired,26
307,1535,51.167,camera_1,reacquired,25
307,1535,51.167,camera_3,new_track,23
308,1540,51.333,camera_1,lost_track,25
308,1540,51.333,camera_3,new_track,24
309,1545,51.5,camera_1,reacquired,25
309,1545,51.5,camera_1,lost_track,26
309,1545,51.5,camera_3,lost_track,23
310,1550,51.667,camera_1,lost_track,11
311,1555,51.833,camera_1,reacquired,11
312,1560,52.0,camera_1,lost_track,25
312,1560,52.0,camera_1,removed,-1
312,1560,52.0,camera_3,lost_track,12
313,1565,52.167,camera_1,reacquired,25
313,1565,52.167,camera_1,reacquired,26
314,1570,52.333,camera_1,new_track,27
314,1570,52.333,camera_1,lost_track,26
316,1580,52.667,camera_2,reacquired,15
317,1585,52.833,camera_1,reacquired,26
317,1585,52.833,camera_1,lost_track,11
317,1585,52.833,camera_1,lost_track,27
317,1585,52.833,camera_2,lost_track,15
318,1590,53.0,camera_1,reacquired,27
318,1590,53.0,camera_1,lost_track,26
318,1590,53.0,camera_2,reacquired,6
318,1590,53.0,camera_3,reacquired,12
319,1595,53.167,camera_1,lost_track,27
319,1595,53.167,camera_3,lost_track,12
320,1600,53.333,camera_1,reacquired,27
320,1600,53.333,camera_3,reacquired,12
321,1605,53.5,camera_1,lost_track,25
321,1605,53.5,camera_2,reacquired,15
321,1605,53.5,camera_2,removed,-1
321,1605,53.5,camera_3,new_track,25
322,1610,53.667,camera_1,new_track,28
322,1610,53.667,camera_1,removed,-1
322,1610,53.667,camera_3,lost_track,25
323,1615,53.833,camera_3,lost_track,12
323,1615,53.833,camera_3,removed,-1
324,1620,54.0,camera_2,lost_track,15
325,1625,54.167,camera_1,lost_track,28
325,1625,54.167,camera_2,reacquired,15
326,1630,54.333,camera_1,new_track,29
326,1630,54.333,camera_2,lost_track,6
326,1630,54.333,camera_2,lost_track,15
327,1635,54.5,camera_3,new_track,26
327,1635,54.5,camera_3,reacquired,12
328,1640,54.667,camera_3,lost_track,26
328,1640,54.667,camera_3,lost_track,12
329,1645,54.833,camera_3,reacquired,26
329,1645,54.833,camera_3,lost_track,18
329,1645,54.833,camera_3,lost_track,13
330,1650,55.0,camera_3,reacquired,12
330,1650,55.0,camera_3,reacquired,13
331,1655,55.167,camera_2,reacquired,6
331,1655,55.167,camera_3,lost_track,12
332,1660,55.333,camera_1,lost_track,27
334,1670,55.667,camera_1,reacquired,27
334,1670,55.667,camera_1,removed,23
334,1670,55.667,camera_3,reacquired,12
335,1675,55.833,camera_3,reacquired,18
335,1675,55.833,camera_3,lost_track,12
336,1680,56.0,camera_3,lost_track,18
337,1685,56.167,camera_1,lost_track,27
337,1685,56.167,camera_2,reacquired,15
337,1685,56.167,camera_3,reacquired,18
338,1690,56.333,camera_1,new_track,30
338,1690,56.333,camera_1,removed,-1
338,1690,56.333,camera_2,lost_track,15
338,1690,56.333,camera_3,new_track,27
338,1690,56.333,camera_3,lost_track,1
339,1695,56.5,camera_1,reacquired,27
339,1695,56.5,camera_1,lost_track,29
339,1695,56.5,camera_1,lost_track,21
339,1695,56.5,camera_2,lost_track,6
339,1695,56.5,camera_3,reacquired,1
339,1695,56.5,camera_3,removed,23
340,1700,56.667,camera_3,removed,-1
341,1705,56.833,camera_1,new_track,31
341,1705,56.833,camera_1,reacquired,21
341,1705,56.833,camera_1,lost_track,30
341,1705,56.833,camera_2,reacquired,6
341,1705,56.833,camera_3,lost_track,26
341,1705,56.833,camera_3,lost_track,27
342,1710,57.0,camera_2,lost_track,6
342,1710,57.0,camera_3,reacquired,26
343,1715,57.167,camera_1,removed,-1
343,1715,57.167,camera_3,reacquired,12
343,1715,57.167,camera_3,lost_track,26
343,1715,57.167,camera_3,removed,-1
344,1720,57.333,camera_1,new_track,32
344,1720,57.333,camera_1,lost_track,31
344,1720,57.333,camera_3,lost_track,12
345,1725,57.5,camera_1,reacquired,31
345,1725,57.5,camera_3,reacquired,26
345,1725,57.5,camera_3,lost_track,13
346,1730,57.667,camera_1,lost_track,31
346,1730,57.667,camera_3,reacquired,13
346,1730,57.667,camera_3,lost_track,26
346,1730,57.667,camera_3,removed,-1
347,1735,57.833,camera_1,removed,11
348,1740,58.0,camera_1,removed,26
348,1740,58.0,camera_3,reacquired,26
350,1750,58.333,camera_1,reacquired,31
351,1755,58.5,camera_1,removed,25
351,1755,58.5,camera_3,lost_track,18
352,1760,58.667,camera_3,reacquired,18
352,1760,58.667,camera_3,removed,25
354,1770,59.0,camera_1,removed,-1
354,1770,59.0,camera_3,lost_track,18
355,1775,59.167,camera_1,removed,28
356,1780,59.333,camera_1,new_track,33
356,1780,59.333,camera_1,lost_track,31
357,1785,59.5,camera_3,new_track,28
357,1785,59.5,camera_3,new_track,29
358,1790,59.667,camera_3,lost_track,28
360,1800,60.0,camera_3,lost_track,29
365,1825,60.833,camera_1,reacquired,31
366,1830,61.0,camera_1,lost_track,31
367,1835,61.167,camera_1,reacquired,31
368,1840,61.333,camera_1,lost_track,31
368,1840,61.333,camera_2,removed,15
369,1845,61.5,camera_1,removed,29
370,1850,61.667,camera_3,reacquired,29
371,1855,61.833,camera_1,removed,30
371,1855,61.833,camera_3,removed,27
372,1860,62.0,camera_2,removed,6
372,1860,62.0,camera_3,lost_track,29
374,1870,62.333,camera_3,removed,12
376,1880,62.667,camera_1,lost_track,32
377,1885,62.833,camera_1,reacquired,31
378,1890,63.0,camera_1,reacquired,32
378,1890,63.0,camera_3,removed,-1
379,1895,63.167,camera_3,reacquired,18
379,1895,63.167,camera_3,reacquired,28
380,1900,63.333,camera_1,lost_track,31
380,1900,63.333,camera_3,lost_track,28
380,1900,63.333,camera_3,removed,-1
382,1910,63.667,camera_3,lost_track,18
384,1920,64.0,camera_3,reacquired,18
385,1925,64.167,camera_3,lost_track,18
387,1935,64.5,camera_1,lost_track,33
387,1935,64.5,camera_3,reacquired,18
389,1945,64.833,camera_3,lost_track,18
393,1965,65.5,camera_1,reacquired,33
395,1975,65.833,camera_1,lost_track,32
395,1975,65.833,camera_3,reacquired,29
396,1980,66.0,camera_1,reacquired,31
396,1980,66.0,camera_1,reacquired,32
396,1980,66.0,camera_3,lost_track,29
397,1985,66.167,camera_1,lost_track,32
398,1990,66.333,camera_1,reacquired,32
398,1990,66.333,camera_1,lost_track,33
398,1990,66.333,camera_1,lost_track,31
398,1990,66.333,camera_3,lost_track,13
399,1995,66.5,camera_1,reacquired,31
399,1995,66.5,camera_1,reacquired,33
399,1995,66.5,camera_3,reacquired,13
399,1995,66.5,camera_3,reacquired,18
399,1995,66.5,camera_3,reacquired,28
399,1995,66.5,camera_3,reacquired,29
399,1995,66.5,camera_3,lost_track,26
400,2000,66.667,camera_1,lost_track,33
401,2005,66.833,camera_1,reacquired,33
401,2005,66.833,camera_3,reacquired,26
401,2005,66.833,camera_3,lost_track,29
402,2010,67.0,camera_1,lost_track,33
402,2010,67.0,camera_3,lost_track,26
403,2015,67.167,camera_1,lost_track,31
403,2015,67.167,camera_3,reacquired,26
403,2015,67.167,camera_3,lost_track,28
405,2025,67.5,camera_1,lost_track,32
406,2030,67.667,camera_1,reacquired,32
406,2030,67.667,camera_1,removed,-1
406,2030,67.667,camera_3,lost_track,13
407,2035,67.833,camera_1,lost_track,32
407,2035,67.833,camera_3,reacquired,13
407,2035,67.833,camera_3,reacquired,28
408,2040,68.0,camera_1,reacquired,32
408,2040,68.0,camera_3,reacquired,29
408,2040,68.0,camera_3,lost_track,26
408,2040,68.0,camera_3,lost_track,28
408,2040,68.0,camera_3,lost_track,13
408,2040,68.0,camera_3,removed,-1
409,2045,68.167,camera_3,reacquired,13
410,2050,68.333,camera_3,reacquired,26
410,2050,68.333,camera_3,lost_track,13
410,2050,68.333,camera_3,lost_track,29
411,2055,68.5,camera_1,lost_track,32
411,2055,68.5,camera_3,reacquired,13
412,2060,68.667,camera_1,reacquired,32
412,2060,68.667,camera_1,removed,-1
413,2065,68.833,camera_1,lost_track,32
413,2065,68.833,camera_3,lost_track,13
415,2075,69.167,camera_1,new_track,34
416,2080,69.333,camera_1,reacquired,32
416,2080,69.333,camera_1,lost_track,27
416,2080,69.333,camera_3,reacquired,13
416,2080,69.333,camera_3,reacquired,28
416,2080,69.333,camera_3,lost_track,1
417,2085,69.5,camera_1,lost_track,32
417,2085,69.5,camera_3,lost_track,28
417,2085,69.5,camera_3,removed,-1
418,2090,69.667,camera_3,reacquired,1
418,2090,69.667,camera_3,lost_track,18
420,2100,70.0,camera_1,reacquired,32
420,2100,70.0,camera_1,removed,-1
420,2100,70.0,camera_3,removed,-1
423,2115,70.5,camera_3,lost_track,13
423,2115,70.5,camera_3,removed,-1
424,2120,70.667,camera_1,new_track,35
424,2120,70.667,camera_1,lost_track,21
425,2125,70.833,camera_3,reacquired,13
427,2135,71.167,camera_1,reacquired,21
427,2135,71.167,camera_1,lost_track,35
427,2135,71.167,camera_3,new_track,30
427,2135,71.167,camera_3,lost_track,1
428,2140,71.333,camera_3,lost_track,13
429,2145,71.5,camera_3,new_track,31
429,2145,71.5,camera_3,lost_track,30
430,2150,71.667,camera_3,reacquired,13
430,2150,71.667,camera_3,reacquired,30
431,2155,71.833,camera_3,reacquired,28
432,2160,72.0,camera_1,removed,33
432,2160,72.0,camera_3,new_track,32
432,2160,72.0,camera_3,lost_track,28
432,2160,72.0,camera_3,lost_track,13
433,2165,72.167,camera_1,removed,31
433,2165,72.167,camera_3,reacquired,13
434,2170,72.333,camera_3,reacquired,18
435,2175,72.5,camera_3,lost_track,32
435,2175,72.5,camera_3,lost_track,18
436,2180,72.667,camera_1,reacquired,27
436,2180,72.667,camera_3,reacquired,32
437,2185,72.833,camera_1,lost_track,21
437,2185,72.833,camera_3,reacquired,18
437,2185,72.833,camera_3,lost_track,26
437,2185,72.833,camera_3,lost_track,31
438,2190,73.0,camera_1,reacquired,21
438,2190,73.0,camera_3,reacquired,31
439,2195,73.167,camera_1,lost_track,32
440,2200,73.333,camera_3,removed,29
441,2205,73.5,camera_1,lost_track,21
441,2205,73.5,camera_3,lost_track,32
442,2210,73.667,camera_1,lost_track,27
442,2210,73.667,camera_2,removed,-1
442,2210,73.667,camera_3,reacquired,32
442,2210,73.667,camera_3,lost_track,30
442,2210,73.667,camera_3,lost_track,31
443,2215,73.833,camera_1,reacquired,21
443,2215,73.833,camera_2,new_track,16
443,2215,73.833,camera_3,reacquired,30
444,2220,74.0,camera_2,lost_track,16
444,2220,74.0,camera_3,reacquired,31
445,2225,74.167,camera_3,lost_track,32
447,2235,74.5,camera_1,removed,-1
447,2235,74.5,camera_3,reacquired,32
448,2240,74.667,camera_1,lost_track,21
449,2245,74.833,camera_1,reacquired,21
450,2250,75.0,camera_1,new_track,36
450,2250,75.0,camera_1,new_track,37
450,2250,75.0,camera_3,reacquired,26
450,2250,75.0,camera_3,lost_track,18
451,2255,75.167,camera_1,removed,-1
451,2255,75.167,camera_3,reacquired,18
452,2260,75.333,camera_1,new_track,38
452,2260,75.333,camera_3,lost_track,18
453,2265,75.5,camera_1,lost_track,38
453,2265,75.5,camera_3,reacquired,18
453,2265,75.5,camera_3,lost_track,26
454,2270,75.667,camera_1,reacquired,38
454,2270,75.667,camera_3,reacquired,26
454,2270,75.667,camera_3,lost_track,32
455,2275,75.833,camera_3,reacquired,32
455,2275,75.833,camera_3,lost_track,30
456,2280,76.0,camera_1,lost_track,36
456,2280,76.0,camera_3,lost_track,32
457,2285,76.167,camera_1,new_track,40
457,2285,76.167,camera_1,new_track,39
457,2285,76.167,camera_1,removed,35
457,2285,76.167,camera_3,reacquired,32
457,2285,76.167,camera_3,lost_track,18
457,2285,76.167,camera_3,lost_track,31
457,2285,76.167,camera_3,removed,1
458,2290,76.333,camera_1,lost_track,39
458,2290,76.333,camera_3,new_track,33
459,2295,76.5,camera_1,reacquired,36
459,2295,76.5,camera_1,reacquired,39
459,2295,76.5,camera_1,lost_track,38
459,2295,76.5,camera_3,reacquired,18
460,2300,76.667,camera_1,lost_track,36
460,2300,76.667,camera_1,lost_track,39
460,2300,76.667,camera_3,reacquired,31
460,2300,76.667,camera_3,lost_track,33
460,2300,76.667,camera_3,lost_track,18
461,2305,76.833,camera_1,reacquired,38
461,2305,76.833,camera_1,lost_track,40
461,2305,76.833,camera_3,reacquired,18
462,2310,77.0,camera_1,lost_track,38
462,2310,77.0,camera_3,reacquired,30
462,2310,77.0,camera_3,lost_track,32
462,2310,77.0,camera_3,removed,28
463,2315,77.167,camera_3,reacquired,32
464,2320,77.333,camera_1,reacquired,39
464,2320,77.333,camera_1,reacquired,40
464,2320,77.333,camera_3,lost_track,30
464,2320,77.333,camera_3,lost_track,31
465,2325,77.5,camera_3,reacquired,31
466,2330,77.667,camera_1,lost_track,39
467,2335,77.833,camera_1,lost_track,40
468,2340,78.0,camera_3,reacquired,30
468,2340,78.0,camera_3,lost_track,32
468,2340,78.0,camera_3,lost_track,18
469,2345,78.167,camera_1,reacquired,39
469,2345,78.167,camera_1,reacquired,40
469,2345,78.167,camera_1,removed,32
470,2350,78.333,camera_1,lost_track,40
470,2350,78.333,camera_1,lost_track,39
470,2350,78.333,camera_3,reacquired,32
470,2350,78.333,camera_3,lost_track,30
471,2355,78.5,camera_1,reacquired,38
471,2355,78.5,camera_3,lost_track,31
472,2360,78.667,camera_1,lost_track,38
472,2360,78.667,camera_1,removed,27
473,2365,78.833,camera_1,reacquired,40
473,2365,78.833,camera_3,lost_track,32
474,2370,79.0,camera_1,reacquired,39
474,2370,79.0,camera_2,removed,16
474,2370,79.0,camera_3,reacquired,32
475,2375,79.167,camera_1,lost_track,39
476,2380,79.333,camera_1,lost_track,40
476,2380,79.333,camera_3,reacquired,31
476,2380,79.333,camera_3,reacquired,33
476,2380,79.333,camera_3,lost_track,32
477,2385,79.5,camera_3,reacquired,32
477,2385,79.5,camera_3,lost_track,33
477,2385,79.5,camera_3,lost_track,31
478,2390,79.667,camera_3,reacquired,18
478,2390,79.667,camera_3,reacquired,31
479,2395,79.833,camera_3,lost_track,32
479,2395,79.833,camera_3,lost_track,18
479,2395,79.833,camera_3,removed,-1
480,2400,80.0,camera_1,removed,-1
480,2400,80.0,camera_3,reacquired,32
480,2400,80.0,camera_3,lost_track,31
481,2405,80.167,camera_3,reacquired,31
482,2410,80.333,camera_3,reacquired,18
482,2410,80.333,camera_3,lost_track,31
482,2410,80.333,camera_3,removed,-1
483,2415,80.5,camera_3,reacquired,31
483,2415,80.5,camera_3,lost_track,32
483,2415,80.5,camera_3,lost_track,18
484,2420,80.667,camera_3,reacquired,18
484,2420,80.667,camera_3,reacquired,30
485,2425,80.833,camera_3,reacquired,32
485,2425,80.833,camera_3,lost_track,18
485,2425,80.833,camera_3,lost_track,30
486,2430,81.0,camera_3,lost_track,32
487,2435,81.167,camera_1,reacquired,38
487,2435,81.167,camera_1,removed,-1
487,2435,81.167,camera_3,reacquired,32
487,2435,81.167,camera_3,lost_track,31
488,2440,81.333,camera_1,lost_track,38
488,2440,81.333,camera_3,reacquired,18
488,2440,81.333,camera_3,reacquired,31
489,2445,81.5,camera_3,reacquired,30
489,2445,81.5,camera_3,lost_track,32
490,2450,81.667,camera_1,reacquired,40
490,2450,81.667,camera_1,removed,36
490,2450,81.667,camera_1,removed,-1
490,2450,81.667,camera_3,lost_track,18
492,2460,82.0,camera_3,lost_track,30
493,2465,82.167,camera_3,reacquired,18
494,2470,82.333,camera_1,reacquired,39
494,2470,82.333,camera_3,reacquired,30
494,2470,82.333,camera_3,lost_track,26
495,2475,82.5,camera_1,lost_track,40
495,2475,82.5,camera_1,lost_track,39
496,2480,82.667,camera_1,reacquired,40
497,2485,82.833,camera_1,reacquired,38
497,2485,82.833,camera_1,lost_track,40
497,2485,82.833,camera_3,lost_track,31
498,2490,83.0,camera_1,new_track,41
498,2490,83.0,camera_1,reacquired,40
498,2490,83.0,camera_1,lost_track,38
499,2495,83.167,camera_1,lost_track,40
499,2495,83.167,camera_3,reacquired,26
500,2500,83.333,camera_1,reacquired,40
500,2500,83.333,camera_3,lost_track,26
502,2510,83.667,camera_3,reacquired,26
502,2510,83.667,camera_3,reacquired,31
502,2510,83.667,camera_3,lost_track,18
503,2515,83.833,camera_3,reacquired,18
503,2515,83.833,camera_3,lost_track,26
504,2520,84.0,camera_3,reacquired,26
504,2520,84.0,camera_3,lost_track,18
504,2520,84.0,camera_3,lost_track,31
505,2525,84.167,camera_3,reacquired,18
505,2525,84.167,camera_3,reacquired,31
506,2530,84.333,camera_3,lost_track,18
507,2535,84.5,camera_3,reacquired,18
507,2535,84.5,camera_3,removed,33
509,2545,84.833,camera_3,lost_track,26
509,2545,84.833,camera_3,lost_track,30
511,2555,85.167,camera_3,reacquired,26
511,2555,85.167,camera_3,reacquired,30
511,2555,85.167,camera_3,lost_track,18
512,2560,85.333,camera_3,reacquired,18
512,2560,85.333,camera_3,lost_track,31
513,2565,85.5,camera_3,reacquired,31
513,2565,85.5,camera_3,lost_track,26
514,2570,85.667,camera_3,reacquired,26
514,2570,85.667,camera_3,lost_track,18
515,2575,85.833,camera_3,reacquired,18
516,2580,86.0,camera_3,lost_track,18
519,2595,86.5,camera_3,removed,32
522,2610,87.0,camera_1,reacquired,39
524,2620,87.333,camera_1,lost_track,39
525,2625,87.5,camera_1,reacquired,39
525,2625,87.5,camera_3,reacquired,18
525,2625,87.5,camera_3,lost_track,26
526,2630,87.667,camera_3,reacquired,26
526,2630,87.667,camera_3,lost_track,30
527,2635,87.833,camera_3,lost_track,26
528,2640,88.0,camera_1,lost_track,39
528,2640,88.0,camera_1,removed,38
528,2640,88.0,camera_3,reacquired,26
529,2645,88.167,camera_1,reacquired,39
530,2650,88.333,camera_1,lost_track,39
531,2655,88.5,camera_1,reacquired,39
531,2655,88.5,camera_1,lost_track,40
531,2655,88.5,camera_3,reacquired,30
531,2655,88.5,camera_3,lost_track,26
532,2660,88.667,camera_1,lost_track,39
532,2660,88.667,camera_3,reacquired,26
533,2665,88.833,camera_1,lost_track,41
533,2665,88.833,camera_3,lost_track,26
534,2670,89.0,camera_3,reacquired,26
535,2675,89.167,camera_1,reacquired,41
535,2675,89.167,camera_3,lost_track,26
538,2690,89.667,camera_1,lost_track,41
540,2700,90.0,camera_3,reacquired,26
540,2700,90.0,camera_3,lost_track,31
541,2705,90.167,camera_1,reacquired,39
541,2705,90.167,camera_1,reacquired,40
542,2710,90.333,camera_1,reacquired,41
542,2710,90.333,camera_1,lost_track,39
542,2710,90.333,camera_1,removed,-1
542,2710,90.333,camera_3,reacquired,31
542,2710,90.333,camera_3,lost_track,26
543,2715,90.5,camera_1,lost_track,40
544,2720,90.667,camera_3,lost_track,30
545,2725,90.833,camera_3,reacquired,30
548,2740,91.333,camera_3,lost_track,30
549,2745,91.5,camera_1,reacquired,39
549,2745,91.5,camera_1,lost_track,41
549,2745,91.5,camera_3,removed,-1
550,2750,91.667,camera_1,reacquired,40
550,2750,91.667,camera_1,reacquired,41
550,2750,91.667,camera_3,reacquired,30
551,2755,91.833,camera_1,lost_track,40
551,2755,91.833,camera_1,lost_track,39
551,2755,91.833,camera_3,lost_track,30
552,2760,92.0,camera_1,reacquired,39
552,2760,92.0,camera_3,reacquired,30
553,2765,92.167,camera_1,lost_track,41
554,2770,92.333,camera_1,reacquired,41
555,2775,92.5,camera_1,reacquired,40
556,2780,92.667,camera_1,lost_track,41
556,2780,92.667,camera_1,lost_track,39
556,2780,92.667,camera_3,new_track,34
557,2785,92.833,camera_1,reacquired,39
557,2785,92.833,camera_1,reacquired,41
557,2785,92.833,camera_1,lost_track,40
557,2785,92.833,camera_3,lost_track,34
558,2790,93.0,camera_1,reacquired,40
560,2800,93.333,camera_3,removed,-1
561,2805,93.5,camera_1,lost_track,39
561,2805,93.5,camera_3,reacquired,34
562,2810,93.667,camera_1,reacquired,39
562,2810,93.667,camera_3,reacquired,26
562,2810,93.667,camera_3,lost_track,34
563,2815,93.833,camera_3,lost_track,26
564,2820,94.0,camera_1,lost_track,40
564,2820,94.0,camera_1,lost_track,21
564,2820,94.0,camera_1,lost_track,39
565,2825,94.167,camera_1,reacquired,21
565,2825,94.167,camera_1,reacquired,39
565,2825,94.167,camera_1,reacquired,40
567,2835,94.5,camera_1,lost_track,40
567,2835,94.5,camera_1,lost_track,21
567,2835,94.5,camera_1,lost_track,39
568,2840,94.667,camera_1,reacquired,21
569,2845,94.833,camera_1,reacquired,39
569,2845,94.833,camera_1,reacquired,40
569,2845,94.833,camera_3,reacquired,26
569,2845,94.833,camera_3,reacquired,34
569,2845,94.833,camera_3,lost_track,18
570,2850,95.0,camera_1,lost_track,40
570,2850,95.0,camera_1,lost_track,39
571,2855,95.167,camera_1,reacquired,39
571,2855,95.167,camera_1,reacquired,40
571,2855,95.167,camera_3,lost_track,34
572,2860,95.333,camera_3,lost_track,30
573,2865,95.5,camera_3,reacquired,30
575,2875,95.833,camera_1,lost_track,40
575,2875,95.833,camera_1,lost_track,39
577,2885,96.167,camera_3,reacquired,18
577,2885,96.167,camera_3,lost_track,26
577,2885,96.167,camera_3,lost_track,31
578,2890,96.333,camera_1,reacquired,39
578,2890,96.333,camera_1,reacquired,40
578,2890,96.333,camera_3,reacquired,26
578,2890,96.333,camera_3,reacquired,31
578,2890,96.333,camera_3,reacquired,34
579,2895,96.5,camera_1,lost_track,40
579,2895,96.5,camera_1,lost_track,39
579,2895,96.5,camera_2,new_track,17
579,2895,96.5,camera_3,lost_track,34
579,2895,96.5,camera_3,lost_track,18
580,2900,96.667,camera_3,lost_track,31
581,2905,96.833,camera_1,reacquired,39
581,2905,96.833,camera_1,reacquired,40
581,2905,96.833,camera_3,reacquired,31
581,2905,96.833,camera_3,removed,-1
582,2910,97.0,camera_1,lost_track,40
582,2910,97.0,camera_1,lost_track,39
583,2915,97.167,camera_1,lost_track,21
583,2915,97.167,camera_3,reacquired,34
584,2920,97.333,camera_1,reacquired,39
584,2920,97.333,camera_3,lost_track,34
584,2920,97.333,camera_3,lost_track,30
585,2925,97.5,camera_1,lost_track,39
585,2925,97.5,camera_3,reacquired,18
585,2925,97.5,camera_3,reacquired,30
585,2925,97.5,camera_3,lost_track,26
587,2935,97.833,camera_1,reacquired,21
587,2935,97.833,camera_2,lost_track,17
588,2940,98.0,camera_1,lost_track,21
588,2940,98.0,camera_2,reacquired,17
592,2960,98.667,camera_1,reacquired,21
592,2960,98.667,camera_3,lost_track,30
593,2965,98.833,camera_2,lost_track,17
595,2975,99.167,camera_1,reacquired,40
595,2975,99.167,camera_3,reacquired,30
596,2980,99.333,camera_2,reacquired,17
597,2985,99.5,camera_2,lost_track,17
598,2990,99.667,camera_1,reacquired,39
598,2990,99.667,camera_1,lost_track,21
598,2990,99.667,camera_2,new_track,18
599,2995,99.833,camera_1,lost_track,39
600,3000,100.0,camera_1,reacquired,21
600,3000,100.0,camera_1,reacquired,39
600,3000,100.0,camera_1,lost_track,40
600,3000,100.0,camera_3,reacquired,34
601,3005,100.167,camera_1,lost_track,39
601,3005,100.167,camera_2,reacquired,17
602,3010,100.333,camera_1,reacquired,39
602,3010,100.333,camera_2,lost_track,18
603,3015,100.5,camera_1,lost_track,39
603,3015,100.5,camera_2,lost_track,17
603,3015,100.5,camera_3,removed,-1
604,3020,100.667,camera_2,reacquired,17
604,3020,100.667,camera_2,reacquired,18
604,3020,100.667,camera_3,lost_track,34
604,3020,100.667,camera_3,lost_track,30
605,3025,100.833,camera_1,reacquired,39
605,3025,100.833,camera_1,reacquired,40
606,3030,101.0,camera_3,reacquired,30
607,3035,101.167,camera_3,lost_track,30
608,3040,101.333,camera_1,lost_track,40
608,3040,101.333,camera_1,lost_track,39
608,3040,101.333,camera_2,lost_track,17
608,3040,101.333,camera_2,lost_track,18
608,3040,101.333,camera_3,reacquired,30
608,3040,101.333,camera_3,reacquired,34
609,3045,101.5,camera_3,lost_track,30
610,3050,101.667,camera_2,reacquired,17
610,3050,101.667,camera_3,lost_track,34
611,3055,101.833,camera_3,reacquired,30
611,3055,101.833,camera_3,reacquired,34
612,3060,102.0,camera_1,reacquired,39
612,3060,102.0,camera_1,lost_track,34
612,3060,102.0,camera_1,lost_track,21
612,3060,102.0,camera_3,lost_track,34
613,3065,102.167,camera_1,reacquired,21
613,3065,102.167,camera_1,reacquired,34
613,3065,102.167,camera_1,lost_track,39
614,3070,102.333,camera_2,reacquired,18
615,3075,102.5,camera_1,lost_track,34
615,3075,102.5,camera_3,removed,26
616,3080,102.667,camera_1,reacquired,34
616,3080,102.667,camera_2,lost_track,18
616,3080,102.667,camera_3,lost_track,30
617,3085,102.833,camera_1,lost_track,21
617,3085,102.833,camera_2,lost_track,17
618,3090,103.0,camera_2,reacquired,17
619,3095,103.167,camera_1,reacquired,21
619,3095,103.167,camera_1,lost_track,34
619,3095,103.167,camera_3,reacquired,30
622,3110,103.667,camera_1,reacquired,39
622,3110,103.667,camera_2,reacquired,18
622,3110,103.667,camera_3,new_track,35
623,3115,103.833,camera_1,lost_track,39
624,3120,104.0,camera_3,lost_track,35
624,3120,104.0,camera_3,lost_track,30
625,3125,104.167,camera_1,reacquired,39
625,3125,104.167,camera_1,removed,-1
625,3125,104.167,camera_3,reacquired,30
626,3130,104.333,camera_1,lost_track,39
626,3130,104.333,camera_3,lost_track,30
627,3135,104.5,camera_3,reacquired,30
629,3145,104.833,camera_3,lost_track,30
630,3150,105.0,camera_1,new_track,42
631,3155,105.167,camera_3,reacquired,30
633,3165,105.5,camera_1,reacquired,39
633,3165,105.5,camera_1,reacquired,40
633,3165,105.5,camera_3,lost_track,30
634,3170,105.667,camera_1,lost_track,42
634,3170,105.667,camera_3,reacquired,30
635,3175,105.833,camera_1,reacquired,42
635,3175,105.833,camera_3,reacquired,35
635,3175,105.833,camera_3,lost_track,30
635,3175,105.833,camera_3,removed,-1
636,3180,106.0,camera_1,lost_track,40
636,3180,106.0,camera_1,lost_track,42
636,3180,106.0,camera_3,reacquired,30
636,3180,106.0,camera_3,reacquired,34
638,3190,106.333,camera_2,lost_track,18
638,3190,106.333,camera_3,lost_track,35
639,3195,106.5,camera_2,reacquired,18
640,3200,106.667,camera_2,lost_track,18
641,3205,106.833,camera_1,lost_track,39
642,3210,107.0,camera_3,lost_track,34
644,3220,107.333,camera_1,new_track,43
644,3220,107.333,camera_3,reacquired,34
645,3225,107.5,camera_3,new_track,36
646,3230,107.667,camera_1,reacquired,39
646,3230,107.667,camera_1,reacquired,42
646,3230,107.667,camera_1,lost_track,21
647,3235,107.833,camera_1,lost_track,42
648,3240,108.0,camera_1,reacquired,21
648,3240,108.0,camera_2,lost_track,17
648,3240,108.0,camera_3,lost_track,31
649,3245,108.167,camera_1,removed,34
649,3245,108.167,camera_3,reacquired,31
650,3250,108.333,camera_2,reacquired,17
650,3250,108.333,camera_3,lost_track,31
651,3255,108.5,camera_1,lost_track,43
651,3255,108.5,camera_3,lost_track,34
652,3260,108.667,camera_1,reacquired,43
653,3265,108.833,camera_1,lost_track,43
653,3265,108.833,camera_3,reacquired,31
656,3280,109.333,camera_1,reacquired,42
656,3280,109.333,camera_1,reacquired,43
656,3280,109.333,camera_1,lost_track,41
657,3285,109.5,camera_1,reacquired,41
657,3285,109.5,camera_1,lost_track,42
657,3285,109.5,camera_2,lost_track,17
658,3290,109.667,camera_1,lost_track,39
658,3290,109.667,camera_2,reacquired,17
661,3305,110.167,camera_1,reacquired,42
661,3305,110.167,camera_1,lost_track,21
661,3305,110.167,camera_2,lost_track,17
662,3310,110.333,camera_1,reacquired,21
662,3310,110.333,camera_1,lost_track,42
662,3310,110.333,camera_2,reacquired,17
662,3310,110.333,camera_3,reacquired,35
662,3310,110.333,camera_3,lost_track,30
662,3310,110.333,camera_3,removed,-1
663,3315,110.5,camera_1,reacquired,42
663,3315,110.5,camera_1,lost_track,21
663,3315,110.5,camera_2,lost_track,17
663,3315,110.5,camera_3,lost_track,35
664,3320,110.667,camera_1,reacquired,21
664,3320,110.667,camera_1,lost_track,42
664,3320,110.667,camera_2,new_track,19
664,3320,110.667,camera_2,reacquired,18
665,3325,110.833,camera_1,reacquired,39
665,3325,110.833,camera_1,reacquired,42
665,3325,110.833,camera_1,lost_track,21
665,3325,110.833,camera_2,lost_track,18
665,3325,110.833,camera_3,reacquired,30
666,3330,111.0,camera_1,lost_track,41
666,3330,111.0,camera_1,lost_track,39
666,3330,111.0,camera_1,removed,40
666,3330,111.0,camera_1,removed,-1
667,3335,111.167,camera_1,lost_track,43
667,3335,111.167,camera_2,reacquired,18
667,3335,111.167,camera_2,lost_track,19
668,3340,111.333,camera_1,reacquired,41
668,3340,111.333,camera_1,reacquired,43
668,3340,111.333,camera_2,reacquired,19
668,3340,111.333,camera_3,lost_track,31
669,3345,111.5,camera_1,lost_track,41
669,3345,111.5,camera_1,lost_track,43
669,3345,111.5,camera_2,lost_track,19
669,3345,111.5,camera_3,reacquired,34
670,3350,111.667,camera_1,new_track,44
670,3350,111.667,camera_1,reacquired,41
670,3350,111.667,camera_3,reacquired,31
670,3350,111.667,camera_3,lost_track,34
671,3355,111.833,camera_1,reacquired,43
671,3355,111.833,camera_1,lost_track,42
672,3360,112.0,camera_1,lost_track,44
672,3360,112.0,camera_3,lost_track,31
673,3365,112.167,camera_1,new_track,45
673,3365,112.167,camera_3,reacquired,35
674,3370,112.333,camera_3,reacquired,31
675,3375,112.5,camera_1,lost_track,45
675,3375,112.5,camera_3,lost_track,35
675,3375,112.5,camera_3,lost_track,30
676,3380,112.667,camera_1,reacquired,45
676,3380,112.667,camera_3,reacquired,30
677,3385,112.833,camera_2,reacquired,19
677,3385,112.833,camera_3,lost_track,30
678,3390,113.0,camera_3,reacquired,30
679,3395,113.167,camera_2,lost_track,18
680,3400,113.333,camera_2,reacquired,18
680,3400,113.333,camera_2,lost_track,19
681,3405,113.5,camera_1,lost_track,43
682,3410,113.667,camera_1,reacquired,43
682,3410,113.667,camera_3,reacquired,35
682,3410,113.667,camera_3,lost_track,30
683,3415,113.833,camera_1,lost_track,43
683,3415,113.833,camera_2,reacquired,19
684,3420,114.0,camera_1,reacquired,42
685,3425,114.167,camera_1,lost_track,42
685,3425,114.167,camera_1,removed,-1
686,3430,114.333,camera_1,new_track,46
686,3430,114.333,camera_1,reacquired,44
687,3435,114.5,camera_1,lost_track,44
687,3435,114.5,camera_2,lost_track,19
688,3440,114.667,camera_2,reacquired,19
688,3440,114.667,camera_3,new_track,37
689,3445,114.833,camera_1,reacquired,44
689,3445,114.833,camera_2,lost_track,18
689,3445,114.833,camera_3,lost_track,35
689,3445,114.833,camera_3,lost_track,37
690,3450,115.0,camera_1,reacquired,43
690,3450,115.0,camera_1,lost_track,44
690,3450,115.0,camera_2,reacquired,18
690,3450,115.0,camera_3,reacquired,30
690,3450,115.0,camera_3,lost_track,24
691,3455,115.167,camera_1,lost_track,45
691,3455,115.167,camera_3,new_track,38
691,3455,115.167,camera_3,reacquired,35
692,3460,115.333,camera_3,lost_track,35
692,3460,115.333,camera_3,lost_track,30
693,3465,115.5,camera_1,reacquired,45
693,3465,115.5,camera_1,lost_track,43
693,3465,115.5,camera_2,lost_track,19
693,3465,115.5,camera_2,removed,17
694,3470,115.667,camera_1,reacquired,43
694,3470,115.667,camera_1,lost_track,45
694,3470,115.667,camera_2,reacquired,19
694,3470,115.667,camera_2,lost_track,18
695,3475,115.833,camera_1,removed,21
695,3475,115.833,camera_3,reacquired,37
695,3475,115.833,camera_3,lost_track,31
696,3480,116.0,camera_1,removed,39
696,3480,116.0,camera_2,reacquired,18
696,3480,116.0,camera_2,lost_track,19
697,3485,116.167,camera_1,removed,-1
698,3490,116.333,camera_2,reacquired,19
699,3495,116.5,camera_1,lost_track,43
699,3495,116.5,camera_2,lost_track,19
699,3495,116.5,camera_3,reacquired,31
699,3495,116.5,camera_3,lost_track,37
700,3500,116.667,camera_1,lost_track,46
700,3500,116.667,camera_1,removed,-1
700,3500,116.667,camera_3,reacquired,37
700,3500,116.667,camera_3,removed,34
701,3505,116.833,camera_1,reacquired,46
701,3505,116.833,camera_3,lost_track,37
702,3510,117.0,camera_1,reacquired,43
702,3510,117.0,camera_3,reacquired,37
702,3510,117.0,camera_3,lost_track,31
703,3515,117.167,camera_1,lost_track,43
703,3515,117.167,camera_2,reacquired,19
704,3520,117.333,camera_1,lost_track,37
704,3520,117.333,camera_2,lost_track,18
705,3525,117.5,camera_1,reacquired,37
705,3525,117.5,camera_1,reacquired,45
705,3525,117.5,camera_1,lost_track,46
705,3525,117.5,camera_1,removed,-1
706,3530,117.667,camera_1,lost_track,45
706,3530,117.667,camera_2,reacquired,18
706,3530,117.667,camera_2,lost_track,19
707,3535,117.833,camera_1,new_track,47
707,3535,117.833,camera_1,removed,-1
708,3540,118.0,camera_1,reacquired,43
708,3540,118.0,camera_2,lost_track,18
708,3540,118.0,camera_3,removed,-1
710,3550,118.333,camera_2,reacquired,18
710,3550,118.333,camera_2,reacquired,19
711,3555,118.5,camera_1,lost_track,41
711,3555,118.5,camera_3,removed,-1
712,3560,118.667,camera_1,reacquired,45
713,3565,118.833,camera_1,reacquired,41
713,3565,118.833,camera_1,lost_track,45
713,3565,118.833,camera_2,lost_track,18
713,3565,118.833,camera_2,lost_track,19
714,3570,119.0,camera_2,reacquired,18
715,3575,119.167,camera_1,lost_track,47
715,3575,119.167,camera_1,removed,42
716,3580,119.333,camera_1,reacquired,45
716,3580,119.333,camera_1,reacquired,47
716,3580,119.333,camera_1,removed,-1
716,3580,119.333,camera_2,reacquired,19
717,3585,119.5,camera_1,lost_track,43
717,3585,119.5,camera_2,lost_track,19
718,3590,119.667,camera_1,reacquired,43
718,3590,119.667,camera_1,lost_track,37
719,3595,119.833,camera_1,reacquired,37
719,3595,119.833,camera_1,lost_track,43
720,3600,120.0,camera_1,reacquired,43
720,3600,120.0,camera_1,lost_track,41
720,3600,120.0,camera_1,lost_track,37
720,3600,120.0,camera_1,removed,44
720,3600,120.0,camera_3,removed,24
721,3605,120.167,camera_1,reacquired,41
722,3610,120.333,camera_2,reacquired,19
722,3610,120.333,camera_3,removed,35
722,3610,120.333,camera_3,removed,30
723,3615,120.5,camera_2,lost_track,19
724,3620,120.667,camera_1,lost_track,45
724,3620,120.667,camera_3,reacquired,31
726,3630,121.0,camera_1,reacquired,45
726,3630,121.0,camera_2,reacquired,19
727,3635,121.167,camera_2,lost_track,19
728,3640,121.333,camera_1,lost_track,41
728,3640,121.333,camera_3,new_track,39
729,3645,121.5,camera_1,reacquired,37
729,3645,121.5,camera_1,reacquired,41
730,3650,121.667,camera_1,lost_track,37
730,3650,121.667,camera_2,reacquired,19
730,3650,121.667,camera_3,lost_track,39
731,3655,121.833,camera_1,reacquired,37
731,3655,121.833,camera_3,reacquired,39
732,3660,122.0,camera_1,lost_track,37
732,3660,122.0,camera_3,lost_track,39
733,3665,122.167,camera_3,lost_track,37
734,3670,122.333,camera_2,lost_track,19
735,3675,122.5,camera_1,reacquired,37
735,3675,122.5,camera_1,removed,46
735,3675,122.5,camera_3,reacquired,37
736,3680,122.667,camera_1,lost_track,41
736,3680,122.667,camera_3,lost_track,31
737,3685,122.833,camera_1,lost_track,37
737,3685,122.833,camera_3,reacquired,39
738,3690,123.0,camera_2,reacquired,19
738,3690,123.0,camera_3,reacquired,31
738,3690,123.0,camera_3,lost_track,39
739,3695,123.167,camera_3,lost_track,31
740,3700,123.333,camera_1,reacquired,37
740,3700,123.333,camera_1,lost_track,47
740,3700,123.333,camera_2,lost_track,19
741,3705,123.5,camera_1,reacquired,41
741,3705,123.5,camera_1,lost_track,37
741,3705,123.5,camera_2,reacquired,19
741,3705,123.5,camera_3,reacquired,39
742,3710,123.667,camera_1,reacquired,37
742,3710,123.667,camera_1,lost_track,45
742,3710,123.667,camera_2,lost_track,19
742,3710,123.667,camera_3,lost_track,39
744,3720,124.0,camera_1,reacquired,45
744,3720,124.0,camera_1,reacquired,47
744,3720,124.0,camera_1,lost_track,37
745,3725,124.167,camera_3,reacquired,31
746,3730,124.333,camera_3,lost_track,31
750,3750,125.0,camera_2,lost_track,18
750,3750,125.0,camera_3,reacquired,31
750,3750,125.0,camera_3,reacquired,39
751,3755,125.167,camera_2,reacquired,18
751,3755,125.167,camera_3,lost_track,39
752,3760,125.333,camera_1,lost_track,41
752,3760,125.333,camera_2,lost_track,18
752,3760,125.333,camera_3,reacquired,39
752,3760,125.333,camera_3,lost_track,31
753,3765,125.5,camera_3,reacquired,31
754,3770,125.667,camera_2,reacquired,18
754,3770,125.667,camera_3,lost_track,39
754,3770,125.667,camera_3,lost_track,31
755,3775,125.833,camera_2,lost_track,18
755,3775,125.833,camera_3,reacquired,39
756,3780,126.0,camera_3,reacquired,31
756,3780,126.0,camera_3,lost_track,39
758,3790,126.333,camera_2,reacquired,18
759,3795,126.5,camera_3,reacquired,39
759,3795,126.5,camera_3,lost_track,31
760,3800,126.667,camera_1,new_track,48
760,3800,126.667,camera_1,reacquired,41
760,3800,126.667,camera_3,reacquired,31
761,3805,126.833,camera_2,lost_track,18
761,3805,126.833,camera_3,lost_track,39
761,3805,126.833,camera_3,lost_track,31
762,3810,127.0,camera_1,lost_track,41
762,3810,127.0,camera_2,reacquired,19
763,3815,127.167,camera_1,reacquired,41
763,3815,127.167,camera_2,lost_track,19
763,3815,127.167,camera_3,reacquired,39
764,3820,127.333,camera_2,reacquired,18
765,3825,127.5,camera_2,lost_track,18
765,3825,127.5,camera_3,lost_track,39
766,3830,127.667,camera_3,reacquired,39
766,3830,127.667,camera_3,lost_track,13
767,3835,127.833,camera_2,reacquired,18
767,3835,127.833,camera_3,reacquired,13
767,3835,127.833,camera_3,lost_track,39
768,3840,128.0,camera_1,lost_track,41
768,3840,128.0,camera_1,lost_track,45
768,3840,128.0,camera_2,reacquired,19
768,3840,128.0,camera_2,lost_track,18
769,3845,128.167,camera_2,reacquired,18
769,3845,128.167,camera_2,lost_track,19
770,3850,128.333,camera_1,reacquired,45
771,3855,128.5,camera_1,reacquired,41
771,3855,128.5,camera_1,lost_track,43
773,3865,128.833,camera_1,reacquired,43
773,3865,128.833,camera_1,lost_track,41
773,3865,128.833,camera_3,reacquired,39
773,3865,128.833,camera_3,lost_track,13
774,3870,129.0,camera_1,removed,37
774,3870,129.0,camera_3,reacquired,31
775,3875,129.167,camera_3,reacquired,13
775,3875,129.167,camera_3,lost_track,31
775,3875,129.167,camera_3,lost_track,39
776,3880,129.333,camera_1,reacquired,41
776,3880,129.333,camera_1,lost_track,43
776,3880,129.333,camera_3,reacquired,31
777,3885,129.5,camera_1,reacquired,43
777,3885,129.5,camera_3,reacquired,39
777,3885,129.5,camera_3,lost_track,13
778,3890,129.667,camera_1,lost_track,41
778,3890,129.667,camera_3,lost_track,31
779,3895,129.833,camera_3,reacquired,31
780,3900,130.0,camera_3,lost_track,31
783,3915,130.5,camera_3,reacquired,13
783,3915,130.5,camera_3,reacquired,31
784,3920,130.667,camera_3,lost_track,13
784,3920,130.667,camera_3,lost_track,31
785,3925,130.833,camera_2,lost_track,18
786,3930,131.0,camera_2,reacquired,18
787,3935,131.167,camera_2,lost_track,18
788,3940,131.333,camera_2,reacquired,18
789,3945,131.5,camera_2,lost_track,18
790,3950,131.667,camera_2,reacquired,18
792,3960,132.0,camera_1,reacquired,41
793,3965,132.167,camera_1,lost_track,41
793,3965,132.167,camera_3,removed,-1
794,3970,132.333,camera_1,reacquired,41
795,3975,132.5,camera_1,lost_track,41
795,3975,132.5,camera_2,lost_track,18
796,3980,132.667,camera_2,reacquired,18
798,3990,133.0,camera_2,lost_track,18
799,3995,133.167,camera_2,reacquired,18
799,3995,133.167,camera_2,removed,19
800,4000,133.333,camera_3,reacquired,13
801,4005,133.5,camera_3,lost_track,13
802,4010,133.667,camera_1,lost_track,47
802,4010,133.667,camera_3,removed,-1
803,4015,133.833,camera_2,lost_track,18
804,4020,134.0,camera_1,reacquired,41
804,4020,134.0,camera_1,lost_track,45
804,4020,134.0,camera_2,reacquired,18
804,4020,134.0,camera_3,reacquired,13
804,4020,134.0,camera_3,reacquired,31
804,4020,134.0,camera_3,lost_track,39
805,4025,134.167,camera_1,reacquired,45
805,4025,134.167,camera_1,lost_track,41
806,4030,134.333,camera_3,lost_track,31
807,4035,134.5,camera_2,removed,-1
809,4045,134.833,camera_1,reacquired,41
809,4045,134.833,camera_1,lost_track,45
809,4045,134.833,camera_2,lost_track,18
810,4050,135.0,camera_1,reacquired,45
810,4050,135.0,camera_1,lost_track,41
810,4050,135.0,camera_2,reacquired,18
811,4055,135.167,camera_3,reacquired,39
811,4055,135.167,camera_3,lost_track,13
812,4060,135.333,camera_2,new_track,20
812,4060,135.333,camera_3,reacquired,13
813,4065,135.5,camera_3,reacquired,31
813,4065,135.5,camera_3,lost_track,39
814,4070,135.667,camera_1,lost_track,45
814,4070,135.667,camera_2,lost_track,18
814,4070,135.667,camera_3,reacquired,39
814,4070,135.667,camera_3,lost_track,31
815,4075,135.833,camera_2,reacquired,18
816,4080,136.0,camera_1,reacquired,41
816,4080,136.0,camera_1,reacquired,47
816,4080,136.0,camera_2,lost_track,18
816,4080,136.0,camera_3,reacquired,31
816,4080,136.0,camera_3,lost_track,13
817,4085,136.167,camera_1,reacquired,45
818,4090,136.333,camera_1,lost_track,45
818,4090,136.333,camera_3,lost_track,37
819,4095,136.5,camera_1,reacquired,45
819,4095,136.5,camera_2,removed,-1
819,4095,136.5,camera_3,reacquired,13
820,4100,136.667,camera_3,reacquired,37
820,4100,136.667,camera_3,lost_track,39
820,4100,136.667,camera_3,lost_track,31
821,4105,136.833,camera_1,new_track,49
821,4105,136.833,camera_2,reacquired,18
822,4110,137.0,camera_2,lost_track,18
822,4110,137.0,camera_2,lost_track,20
822,4110,137.0,camera_2,removed,-1
822,4110,137.0,camera_3,reacquired,31
823,4115,137.167,camera_3,lost_track,31
824,4120,137.333,camera_1,new_track,50
824,4120,137.333,camera_2,reacquired,18
825,4125,137.5,camera_2,reacquired,20
825,4125,137.5,camera_2,lost_track,18
826,4130,137.667,camera_1,lost_track,45
831,4155,138.5,camera_1,removed,-1
838,4190,139.667,camera_3,reacquired,31
838,4190,139.667,camera_3,lost_track,37
840,4200,140.0,camera_1,removed,-1
841,4205,140.167,camera_3,reacquired,37
842,4210,140.333,camera_3,reacquired,39
844,4220,140.667,camera_1,lost_track,41
844,4220,140.667,camera_1,lost_track,47
844,4220,140.667,camera_3,lost_track,39
845,4225,140.833,camera_3,reacquired,39
846,4230,141.0,camera_1,reacquired,41
846,4230,141.0,camera_1,lost_track,49
846,4230,141.0,camera_2,reacquired,18
847,4235,141.167,camera_1,reacquired,49
847,4235,141.167,camera_2,lost_track,18
847,4235,141.167,camera_3,lost_track,39
848,4240,141.333,camera_2,reacquired,18
848,4240,141.333,camera_2,lost_track,20
848,4240,141.333,camera_3,lost_track,31
849,4245,141.5,camera_2,reacquired,20
850,4250,141.667,camera_1,reacquired,47
850,4250,141.667,camera_1,lost_track,49
850,4250,141.667,camera_1,lost_track,50
850,4250,141.667,camera_2,lost_track,18
850,4250,141.667,camera_3,reacquired,39
850,4250,141.667,camera_3,lost_track,13
851,4255,141.833,camera_1,reacquired,45
851,4255,141.833,camera_1,reacquired,50
851,4255,141.833,camera_1,lost_track,41
852,4260,142.0,camera_1,lost_track,50
852,4260,142.0,camera_3,lost_track,39
853,4265,142.167,camera_2,lost_track,20
853,4265,142.167,camera_3,reacquired,39
854,4270,142.333,camera_2,reacquired,20
854,4270,142.333,camera_3,lost_track,39
855,4275,142.5,camera_1,lost_track,48
857,4285,142.833,camera_1,reacquired,48
857,4285,142.833,camera_2,lost_track,20
857,4285,142.833,camera_3,reacquired,31
857,4285,142.833,camera_3,reacquired,39
859,4295,143.167,camera_2,reacquired,20
860,4300,143.333,camera_3,lost_track,39
861,4305,143.5,camera_3,reacquired,39
862,4310,143.667,camera_3,lost_track,39
863,4315,143.833,camera_3,reacquired,39
863,4315,143.833,camera_3,lost_track,31
864,4320,144.0,camera_3,lost_track,39
867,4335,144.5,camera_2,lost_track,20
867,4335,144.5,camera_3,reacquired,39
869,4345,144.833,camera_2,reacquired,20
869,4345,144.833,camera_3,lost_track,39
870,4350,145.0,camera_2,reacquired,18
870,4350,145.0,camera_2,lost_track,20
871,4355,145.167,camera_3,removed,-1
872,4360,145.333,camera_3,reacquired,39
875,4375,145.833,camera_3,removed,-1
877,4385,146.167,camera_3,lost_track,39
878,4390,146.333,camera_1,lost_track,45
878,4390,146.333,camera_3,reacquired,39
879,4395,146.5,camera_1,reacquired,45
879,4395,146.5,camera_1,lost_track,47
880,4400,146.667,camera_1,removed,49
880,4400,146.667,camera_2,lost_track,18
880,4400,146.667,camera_3,removed,13
881,4405,146.833,camera_1,reacquired,47
881,4405,146.833,camera_1,lost_track,45
881,4405,146.833,camera_1,removed,41
882,4410,147.0,camera_1,new_track,51
882,4410,147.0,camera_1,reacquired,45
882,4410,147.0,camera_1,lost_track,47
882,4410,147.0,camera_1,removed,50
882,4410,147.0,camera_2,reacquired,18
885,4425,147.5,camera_1,reacquired,47
885,4425,147.5,camera_2,lost_track,18
886,4430,147.667,camera_2,reacquired,18
887,4435,147.833,camera_1,lost_track,45
887,4435,147.833,camera_2,reacquired,20
888,4440,148.0,camera_1,reacquired,45
889,4445,148.167,camera_1,lost_track,47
890,4450,148.333,camera_1,reacquired,47
890,4450,148.333,camera_2,lost_track,20
891,4455,148.5,camera_2,reacquired,20
892,4460,148.667,camera_1,lost_track,51
892,4460,148.667,camera_2,lost_track,18
893,4465,148.833,camera_1,reacquired,51
893,4465,148.833,camera_1,lost_track,45
893,4465,148.833,camera_3,removed,31
895,4475,149.167,camera_1,reacquired,45
895,4475,149.167,camera_1,lost_track,51
896,4480,149.333,camera_1,reacquired,51
896,4480,149.333,camera_1,removed,-1
897,4485,149.5,camera_1,lost_track,51
897,4485,149.5,camera_1,lost_track,47
898,4490,149.667,camera_1,reacquired,47
898,4490,149.667,camera_2,lost_track,20
899,4495,149.833,camera_2,reacquired,20
899,4495,149.833,camera_3,new_track,40
900,4500,150.0,camera_3,lost_track,37
900,4500,150.0,camera_3,removed,-1
901,4505,150.167,camera_1,reacquired,51
901,4505,150.167,camera_1,lost_track,45
901,4505,150.167,camera_1,lost_track,47
901,4505,150.167,camera_2,lost_track,20
901,4505,150.167,camera_3,reacquired,37
902,4510,150.333,camera_1,reacquired,45
902,4510,150.333,camera_1,lost_track,51
903,4515,150.5,camera_1,reacquired,51
903,4515,150.5,camera_2,reacquired,20
903,4515,150.5,camera_3,lost_track,40
903,4515,150.5,camera_3,lost_track,39
904,4520,150.667,camera_1,lost_track,51
904,4520,150.667,camera_3,reacquired,39
906,4530,151.0,camera_1,reacquired,51
906,4530,151.0,camera_1,lost_track,45
907,4535,151.167,camera_1,removed,-1
908,4540,151.333,camera_1,new_track,52
909,4545,151.5,camera_3,new_track,41
909,4545,151.5,camera_3,removed,-1
910,4550,151.667,camera_3,lost_track,38
911,4555,151.833,camera_3,lost_track,39
912,4560,152.0,camera_1,lost_track,52
912,4560,152.0,camera_1,removed,-1
912,4560,152.0,camera_3,reacquired,39
912,4560,152.0,camera_3,removed,-1
913,4565,152.167,camera_1,new_track,53
914,4570,152.333,camera_1,lost_track,43
914,4570,152.333,camera_2,reacquired,18
915,4575,152.5,camera_1,new_track,54
915,4575,152.5,camera_2,lost_track,18
916,4580,152.667,camera_1,reacquired,43
916,4580,152.667,camera_1,lost_track,54
916,4580,152.667,camera_3,new_track,42
917,4585,152.833,camera_3,lost_track,42
918,4590,153.0,camera_1,reacquired,52
920,4600,153.333,camera_1,lost_track,52
920,4600,153.333,camera_3,reacquired,42
921,4605,153.5,camera_1,reacquired,52
921,4605,153.5,camera_3,lost_track,42
922,4610,153.667,camera_1,lost_track,53
922,4610,153.667,camera_2,reacquired,18
922,4610,153.667,camera_2,removed,-1
924,4620,154.0,camera_1,reacquired,53
924,4620,154.0,camera_2,lost_track,18
927,4635,154.5,camera_1,reacquired,54
928,4640,154.667,camera_2,reacquired,18
929,4645,154.833,camera_1,lost_track,54
929,4645,154.833,camera_2,lost_track,18
929,4645,154.833,camera_3,removed,-1
930,4650,155.0,camera_2,removed,-1
931,4655,155.167,camera_1,lost_track,52
931,4655,155.167,camera_1,removed,47
932,4660,155.333,camera_1,reacquired,52
932,4660,155.333,camera_1,lost_track,53
933,4665,155.5,camera_1,lost_track,52
933,4665,155.5,camera_3,removed,40
934,4670,155.667,camera_1,reacquired,53
934,4670,155.667,camera_3,removed,-1
936,4680,156.0,camera_1,lost_track,43
936,4680,156.0,camera_1,removed,45
936,4680,156.0,camera_2,reacquired,18
939,4695,156.5,camera_3,new_track,43
940,4700,156.667,camera_3,new_track,44
940,4700,156.667,camera_3,lost_track,39
940,4700,156.667,camera_3,removed,38
941,4705,156.833,camera_3,reacquired,39
941,4705,156.833,camera_3,lost_track,44
942,4710,157.0,camera_3,lost_track,39
943,4715,157.167,camera_1,removed,-1
944,4720,157.333,camera_2,lost_track,18
944,4720,157.333,camera_2,lost_track,20
944,4720,157.333,camera_3,reacquired,44
946,4730,157.667,camera_2,reacquired,18
946,4730,157.667,camera_3,reacquired,39
946,4730,157.667,camera_3,lost_track,44
947,4735,157.833,camera_1,removed,-1
947,4735,157.833,camera_2,lost_track,18
948,4740,158.0,camera_2,reacquired,18
950,4750,158.333,camera_2,lost_track,18
951,4755,158.5,camera_3,lost_track,39
951,4755,158.5,camera_3,removed,42
952,4760,158.667,camera_1,new_track,55
952,4760,158.667,camera_2,reacquired,18
952,4760,158.667,camera_2,reacquired,20
953,4765,158.833,camera_2,lost_track,18
953,4765,158.833,camera_2,lost_track,20
953,4765,158.833,camera_3,reacquired,44
954,4770,159.0,camera_1,reacquired,43
954,4770,159.0,camera_3,lost_track,44
955,4775,159.167,camera_2,reacquired,20
955,4775,159.167,camera_3,reacquired,44
956,4780,159.333,camera_1,lost_track,43
956,4780,159.333,camera_1,lost_track,55
956,4780,159.333,camera_2,reacquired,18
956,4780,159.333,camera_2,lost_track,20
956,4780,159.333,camera_3,lost_track,44
958,4790,159.667,camera_1,reacquired,55
958,4790,159.667,camera_2,reacquired,20
958,4790,159.667,camera_2,lost_track,18
959,4795,159.833,camera_1,reacquired,43
959,4795,159.833,camera_1,removed,54
959,4795,159.833,camera_2,reacquired,18
959,4795,159.833,camera_3,reacquired,39
959,4795,159.833,camera_3,lost_track,43
960,4800,160.0,camera_1,lost_track,43
961,4805,160.167,camera_1,reacquired,52
961,4805,160.167,camera_2,lost_track,20
963,4815,160.5,camera_1,lost_track,52
963,4815,160.5,camera_1,removed,-1
964,4820,160.667,camera_1,reacquired,52
964,4820,160.667,camera_2,reacquired,20
964,4820,160.667,camera_2,lost_track,18
965,4825,160.833,camera_1,lost_track,53
965,4825,160.833,camera_1,removed,-1
965,4825,160.833,camera_3,reacquired,44
966,4830,161.0,camera_1,new_track,56
966,4830,161.0,camera_1,reacquired,53
966,4830,161.0,camera_1,lost_track,55
967,4835,161.167,camera_1,reacquired,55
967,4835,161.167,camera_2,lost_track,20
968,4840,161.333,camera_1,lost_track,56
968,4840,161.333,camera_1,lost_track,52
969,4845,161.5,camera_1,reacquired,52
969,4845,161.5,camera_1,lost_track,55
969,4845,161.5,camera_3,lost_track,44
970,4850,161.667,camera_1,lost_track,52
970,4850,161.667,camera_1,removed,-1
970,4850,161.667,camera_2,reacquired,18
970,4850,161.667,camera_3,reacquired,43
971,4855,161.833,camera_1,reacquired,55
971,4855,161.833,camera_2,lost_track,18
971,4855,161.833,camera_3,reacquired,44
971,4855,161.833,camera_3,lost_track,39
972,4860,162.0,camera_2,reacquired,18
972,4860,162.0,camera_3,reacquired,39
972,4860,162.0,camera_3,lost_track,44
973,4865,162.167,camera_2,lost_track,18
973,4865,162.167,camera_3,lost_track,39
974,4870,162.333,camera_1,lost_track,55
974,4870,162.333,camera_2,removed,-1
975,4875,162.5,camera_3,reacquired,44
976,4880,162.667,camera_2,reacquired,18
976,4880,162.667,camera_3,lost_track,44
976,4880,162.667,camera_5,removed,-1
977,4885,162.833,camera_3,reacquired,44
978,4890,163.0,camera_3,lost_track,44
981,4905,163.5,camera_1,reacquired,55
981,4905,163.5,camera_2,lost_track,18
981,4905,163.5,camera_3,removed,-1
982,4910,163.667,camera_2,reacquired,18
984,4920,164.0,camera_3,reacquired,39
985,4925,164.167,camera_3,lost_track,39
987,4935,164.5,camera_1,removed,-1
987,4935,164.5,camera_3,new_track,45
987,4935,164.5,camera_3,lost_track,37
988,4940,164.667,camera_2,lost_track,18
989,4945,164.833,camera_1,lost_track,55
989,4945,164.833,camera_2,reacquired,20
990,4950,165.0,camera_1,removed,43
994,4970,165.667,camera_2,lost_track,20
995,4975,165.833,camera_2,reacquired,20
995,4975,165.833,camera_3,reacquired,37
996,4980,166.0,camera_3,lost_track,37
997,4985,166.167,camera_2,lost_track,20
998,4990,166.333,camera_1,removed,56
998,4990,166.333,camera_1,removed,-1
998,4990,166.333,camera_3,reacquired,37
1000,5000,166.667,camera_1,removed,52
1001,5005,166.833,camera_1,reacquired,55
1002,5010,167.0,camera_3,lost_track,37
1004,5020,167.333,camera_3,reacquired,44
1005,5025,167.5,camera_1,new_track,57
1005,5025,167.5,camera_1,lost_track,55
1006,5030,167.667,camera_2,reacquired,20
1007,5035,167.833,camera_3,reacquired,37
1009,5045,168.167,camera_2,lost_track,20
1009,5045,168.167,camera_3,lost_track,45
1010,5050,168.333,camera_2,reacquired,20
1011,5055,168.5,camera_3,lost_track,44
1012,5060,168.667,camera_2,removed,-1
1013,5065,168.833,camera_2,lost_track,20
1013,5065,168.833,camera_3,reacquired,44
1014,5070,169.0,camera_3,lost_track,44
1015,5075,169.167,camera_3,reacquired,44
1015,5075,169.167,camera_3,removed,39
1016,5080,169.333,camera_2,new_track,21
1018,5090,169.667,camera_2,removed,18
1019,5095,169.833,camera_2,reacquired,20
1020,5100,170.0,camera_2,lost_track,20
1020,5100,170.0,camera_3,reacquired,45
1020,5100,170.0,camera_3,lost_track,44
1023,5115,170.5,camera_1,reacquired,55
1023,5115,170.5,camera_2,reacquired,20
1023,5115,170.5,camera_2,lost_track,21
1024,5120,170.667,camera_1,lost_track,55
1024,5120,170.667,camera_2,reacquired,21
1024,5120,170.667,camera_2,lost_track,20
1025,5125,170.833,camera_3,lost_track,45
1025,5125,170.833,camera_3,removed,-1
1026,5130,171.0,camera_3,reacquired,45
1027,5135,171.167,camera_1,removed,-1
1028,5140,171.333,camera_1,new_track,58
1028,5140,171.333,camera_1,reacquired,55
1028,5140,171.333,camera_2,reacquired,20
1028,5140,171.333,camera_3,lost_track,45
1029,5145,171.5,camera_2,new_track,22
1029,5145,171.5,camera_2,lost_track,20
1029,5145,171.5,camera_3,reacquired,45
1029,5145,171.5,camera_3,lost_track,37
1030,5150,171.667,camera_2,reacquired,20
1030,5150,171.667,camera_2,lost_track,21
1030,5150,171.667,camera_3,reacquired,37
1030,5150,171.667,camera_3,lost_track,45
1031,5155,171.833,camera_2,reacquired,21
1031,5155,171.833,camera_2,lost_track,20
1032,5160,172.0,camera_1,removed,-1
1034,5170,172.333,camera_3,reacquired,45
1034,5170,172.333,camera_3,lost_track,37
1036,5180,172.667,camera_3,reacquired,37
1038,5190,173.0,camera_3,reacquired,44
1039,5195,173.167,camera_3,lost_track,37
1040,5200,173.333,camera_3,reacquired,37
1040,5200,173.333,camera_3,lost_track,45
1041,5205,173.5,camera_3,reacquired,45
1041,5205,173.5,camera_3,removed,-1
1042,5210,173.667,camera_2,reacquired,20
1042,5210,173.667,camera_2,lost_track,21
1042,5210,173.667,camera_2,lost_track,22
1042,5210,173.667,camera_3,lost_track,45
1043,5215,173.833,camera_2,lost_track,20
1044,5220,174.0,camera_2,new_track,23
1044,5220,174.0,camera_2,reacquired,21
1044,5220,174.0,camera_2,reacquired,22
1044,5220,174.0,camera_3,lost_track,44
1045,5225,174.167,camera_2,lost_track,21
1045,5225,174.167,camera_2,lost_track,23
1045,5225,174.167,camera_3,removed,-1
1046,5230,174.333,camera_1,lost_track,58
1046,5230,174.333,camera_1,removed,-1
1047,5235,174.5,camera_1,new_track,59
1047,5235,174.5,camera_1,reacquired,58
1047,5235,174.5,camera_2,lost_track,22
1048,5240,174.667,camera_1,new_track,60
1048,5240,174.667,camera_1,lost_track,58
1049,5245,174.833,camera_1,reacquired,58
1049,5245,174.833,camera_1,lost_track,59
1049,5245,174.833,camera_2,reacquired,22
1050,5250,175.0,camera_1,reacquired,59
1050,5250,175.0,camera_1,removed,-1
1050,5250,175.0,camera_2,reacquired,20
1053,5265,175.5,camera_2,lost_track,20
1053,5265,175.5,camera_2,lost_track,22
1054,5270,175.667,camera_1,lost_track,57
1054,5270,175.667,camera_1,lost_track,53
1054,5270,175.667,camera_1,removed,-1
1054,5270,175.667,camera_2,reacquired,20
1055,5275,175.833,camera_1,reacquired,57
1056,5280,176.0,camera_1,lost_track,51
1056,5280,176.0,camera_2,reacquired,21
1056,5280,176.0,camera_3,reacquired,44
1057,5285,176.167,camera_1,lost_track,60
1057,5285,176.167,camera_2,reacquired,23
1057,5285,176.167,camera_2,lost_track,21
1058,5290,176.333,camera_1,reacquired,60
1058,5290,176.333,camera_2,lost_track,23
1059,5295,176.5,camera_1,lost_track,60
1059,5295,176.5,camera_2,lost_track,20
1063,5315,177.167,camera_3,lost_track,44
1064,5320,177.333,camera_1,reacquired,51
1064,5320,177.333,camera_3,reacquired,44
1064,5320,177.333,camera_3,removed,-1
1066,5330,177.667,camera_1,lost_track,51
1066,5330,177.667,camera_2,reacquired,20
1067,5335,177.833,camera_2,reacquired,21
1067,5335,177.833,camera_2,lost_track,20
1068,5340,178.0,camera_2,reacquired,22
1068,5340,178.0,camera_2,lost_track,21
1068,5340,178.0,camera_3,lost_track,44
1069,5345,178.167,camera_2,reacquired,20
1069,5345,178.167,camera_2,reacquired,21
1069,5345,178.167,camera_2,lost_track,22
1069,5345,178.167,camera_3,reacquired,44
1070,5350,178.333,camera_2,lost_track,20
1070,5350,178.333,camera_2,lost_track,21
1070,5350,178.333,camera_3,lost_track,44
1072,5360,178.667,camera_2,reacquired,20
1072,5360,178.667,camera_3,removed,45
1073,5365,178.833,camera_1,new_track,61
1073,5365,178.833,camera_2,reacquired,21
1073,5365,178.833,camera_3,removed,-1
1075,5375,179.167,camera_2,lost_track,20
1075,5375,179.167,camera_2,lost_track,21
1075,5375,179.167,camera_3,removed,-1
1077,5385,179.5,camera_1,lost_track,61
1078,5390,179.667,camera_1,reacquired,61
1078,5390,179.667,camera_2,reacquired,20
1079,5395,179.833,camera_2,reacquired,21
1079,5395,179.833,camera_2,lost_track,20
1080,5400,180.0,camera_1,reacquired,51
1080,5400,180.0,camera_1,lost_track,57
1080,5400,180.0,camera_2,reacquired,20
1080,5400,180.0,camera_3,removed,-1
1081,5405,180.167,camera_2,lost_track,21
1082,5410,180.333,camera_1,lost_track,51
1082,5410,180.333,camera_1,lost_track,61
1082,5410,180.333,camera_3,removed,-1
1083,5415,180.5,camera_1,reacquired,61
1083,5415,180.5,camera_2,reacquired,21
1084,5420,180.667,camera_1,reacquired,57
1084,5420,180.667,camera_1,removed,53
1087,5435,181.167,camera_1,lost_track,61
1088,5440,181.333,camera_2,removed,-1
1088,5440,181.333,camera_2,removed,23
1089,5445,181.5,camera_1,removed,60
1089,5445,181.5,camera_2,lost_track,21
1091,5455,181.833,camera_2,reacquired,21
1096,5480,182.667,camera_2,lost_track,21
1097,5485,182.833,camera_2,reacquired,21
1097,5485,182.833,camera_3,removed,-1
1099,5495,183.167,camera_2,removed,22
1100,5500,183.333,camera_2,lost_track,21
1100,5500,183.333,camera_3,removed,44
1101,5505,183.5,camera_2,reacquired,21
1101,5505,183.5,camera_2,lost_track,20
1102,5510,183.667,camera_1,reacquired,61
1102,5510,183.667,camera_2,reacquired,20
1102,5510,183.667,camera_2,lost_track,21
1103,5515,183.833,camera_2,lost_track,20
1103,5515,183.833,camera_3,removed,-1
1104,5520,184.0,camera_1,new_track,62
1104,5520,184.0,camera_2,reacquired,21
1105,5525,184.167,camera_1,lost_track,61
1105,5525,184.167,camera_1,lost_track,62
1105,5525,184.167,camera_2,lost_track,21
1106,5530,184.333,camera_1,reacquired,61
1106,5530,184.333,camera_2,reacquired,20
1106,5530,184.333,camera_2,reacquired,21
1107,5535,184.5,camera_1,reacquired,62
1107,5535,184.5,camera_1,lost_track,58
1107,5535,184.5,camera_2,lost_track,20
1107,5535,184.5,camera_2,lost_track,21
1108,5540,184.667,camera_1,reacquired,58
1108,5540,184.667,camera_1,lost_track,57
1108,5540,184.667,camera_2,reacquired,20
1108,5540,184.667,camera_2,reacquired,21
1110,5550,185.0,camera_3,new_track,46
1112,5560,185.333,camera_1,lost_track,58
1112,5560,185.333,camera_1,removed,51
1112,5560,185.333,camera_2,lost_track,20
1112,5560,185.333,camera_2,removed,-1
1112,5560,185.333,camera_3,lost_track,46
1113,5565,185.5,camera_2,reacquired,20
1113,5565,185.5,camera_2,lost_track,21
1113,5565,185.5,camera_3,reacquired,46
1114,5570,185.667,camera_1,lost_track,55
1114,5570,185.667,camera_1,removed,-1
1114,5570,185.667,camera_2,lost_track,20
1115,5575,185.833,camera_3,lost_track,46
1116,5580,186.0,camera_1,reacquired,58
1116,5580,186.0,camera_2,reacquired,20
1116,5580,186.0,camera_3,reacquired,46
1117,5585,186.167,camera_2,lost_track,20
1118,5590,186.333,camera_1,reacquired,55
1118,5590,186.333,camera_1,removed,-1
1118,5590,186.333,camera_2,reacquired,20
1119,5595,186.5,camera_2,lost_track,20
1120,5600,186.667,camera_3,lost_track,46
1121,5605,186.833,camera_3,reacquired,46
1122,5610,187.0,camera_2,reacquired,20
1123,5615,187.167,camera_2,lost_track,20
1124,5620,187.333,camera_2,reacquired,20
1125,5625,187.5,camera_2,lost_track,20
1126,5630,187.667,camera_2,reacquired,20
1127,5635,187.833,camera_1,lost_track,58
1128,5640,188.0,camera_1,lost_track,62
1128,5640,188.0,camera_2,lost_track,20
1129,5645,188.167,camera_2,reacquired,21
1130,5650,188.333,camera_1,reacquired,58
1130,5650,188.333,camera_2,reacquired,20
1131,5655,188.5,camera_1,reacquired,62
1131,5655,188.5,camera_1,lost_track,61
1133,5665,188.833,camera_1,reacquired,61
1133,5665,188.833,camera_1,lost_track,62
1137,5685,189.5,camera_1,reacquired,57
1138,5690,189.667,camera_1,reacquired,62
1138,5690,189.667,camera_1,lost_track,61
1139,5695,189.833,camera_1,lost_track,62
1140,5700,190.0,camera_1,reacquired,62
1140,5700,190.0,camera_3,removed,-1
1142,5710,190.333,camera_1,lost_track,62
1143,5715,190.5,camera_2,lost_track,20
1143,5715,190.5,camera_3,removed,-1
1144,5720,190.667,camera_1,reacquired,61
1145,5725,190.833,camera_2,reacquired,20
1146,5730,191.0,camera_3,lost_track,46
1148,5740,191.333,camera_2,lost_track,20
1151,5755,191.833,camera_2,reacquired,20
1152,5760,192.0,camera_3,reacquired,46
1154,5770,192.333,camera_1,reacquired,62
1154,5770,192.333,camera_3,lost_track,46
1156,5780,192.667,camera_1,lost_track,61
1156,5780,192.667,camera_1,lost_track,62
1156,5780,192.667,camera_2,lost_track,20
1157,5785,192.833,camera_2,reacquired,20
1157,5785,192.833,camera_3,reacquired,46
1158,5790,193.0,camera_2,lost_track,20
1160,5800,193.333,camera_1,reacquired,62
1160,5800,193.333,camera_2,reacquired,20
1160,5800,193.333,camera_3,lost_track,46
1161,5805,193.5,camera_2,lost_track,20
1162,5810,193.667,camera_2,reacquired,20
1164,5820,194.0,camera_1,lost_track,62
1164,5820,194.0,camera_3,reacquired,46
1165,5825,194.167,camera_2,lost_track,20
1165,5825,194.167,camera_3,lost_track,46
1166,5830,194.333,camera_3,reacquired,46
1167,5835,194.5,camera_1,reacquired,61
1167,5835,194.5,camera_1,reacquired,62
1169,5845,194.833,camera_1,lost_track,58
1170,5850,195.0,camera_1,lost_track,57
1170,5850,195.0,camera_2,lost_track,21
1172,5860,195.333,camera_1,reacquired,57
1172,5860,195.333,camera_2,reacquired,21
1172,5860,195.333,camera_3,lost_track,46
1173,5865,195.5,camera_1,reacquired,58
1173,5865,195.5,camera_1,lost_track,57
1173,5865,195.5,camera_2,reacquired,20
1174,5870,195.667,camera_1,lost_track,58
1174,5870,195.667,camera_2,lost_track,20
1175,5875,195.833,camera_1,new_track,63
1176,5880,196.0,camera_1,reacquired,57
1176,5880,196.0,camera_1,lost_track,63
1176,5880,196.0,camera_2,lost_track,21
1176,5880,196.0,camera_3,reacquired,46
1177,5885,196.167,camera_1,reacquired,58
1177,5885,196.167,camera_1,lost_track,61
1178,5890,196.333,camera_2,reacquired,21
1179,5895,196.5,camera_1,reacquired,61
1179,5895,196.5,camera_1,lost_track,58
1180,5900,196.667,camera_1,lost_track,62
1181,5905,196.833,camera_1,reacquired,62
1181,5905,196.833,camera_3,lost_track,46
1182,5910,197.0,camera_1,reacquired,58
1182,5910,197.0,camera_1,lost_track,61
1184,5920,197.333,camera_1,reacquired,61
1184,5920,197.333,camera_1,reacquired,63
1184,5920,197.333,camera_1,lost_track,58
1184,5920,197.333,camera_1,lost_track,55
1184,5920,197.333,camera_2,lost_track,21
1184,5920,197.333,camera_3,lost_track,37
1185,5925,197.5,camera_3,new_track,47
1185,5925,197.5,camera_3,reacquired,37
1185,5925,197.5,camera_3,reacquired,46
1186,5930,197.667,camera_2,reacquired,20
1186,5930,197.667,camera_2,reacquired,21
1186,5930,197.667,camera_3,lost_track,46
1186,5930,197.667,camera_3,lost_track,47
1187,5935,197.833,camera_1,lost_track,57
1187,5935,197.833,camera_1,lost_track,62
1187,5935,197.833,camera_2,lost_track,20
1187,5935,197.833,camera_2,lost_track,21
1187,5935,197.833,camera_3,reacquired,46
1187,5935,197.833,camera_3,reacquired,47
1188,5940,198.0,camera_2,reacquired,21
1189,5945,198.167,camera_1,reacquired,57
1189,5945,198.167,camera_3,lost_track,47
1190,5950,198.333,camera_1,reacquired,58
1190,5950,198.333,camera_1,reacquired,62
1190,5950,198.333,camera_2,removed,-1
1191,5955,198.5,camera_1,reacquired,55
1191,5955,198.5,camera_1,removed,-1
1191,5955,198.5,camera_3,lost_track,46
1193,5965,198.833,camera_1,lost_track,58
1193,5965,198.833,camera_3,reacquired,46
1194,5970,199.0,camera_1,lost_track,55
1194,5970,199.0,camera_1,removed,-1
1194,5970,199.0,camera_2,lost_track,21
1195,5975,199.167,camera_2,reacquired,21
1196,5980,199.333,camera_3,lost_track,46
1197,5985,199.5,camera_3,reacquired,46
1198,5990,199.667,camera_2,lost_track,21
1198,5990,199.667,camera_3,lost_track,46
1199,5995,199.833,camera_1,new_track,64
1199,5995,199.833,camera_2,reacquired,21
1202,6010,200.333,camera_1,lost_track,59
1204,6020,200.667,camera_1,reacquired,58
1204,6020,200.667,camera_1,reacquired,59
1204,6020,200.667,camera_1,lost_track,64
1205,6025,200.833,camera_1,lost_track,59
1206,6030,201.0,camera_2,lost_track,21
1207,6035,201.167,camera_2,reacquired,21
1209,6045,201.5,camera_2,lost_track,21
1210,6050,201.667,camera_2,reacquired,21
1212,6060,202.0,camera_1,reacquired,64
1213,6065,202.167,camera_1,reacquired,59
1214,6070,202.333,camera_1,lost_track,64
1214,6070,202.333,camera_1,lost_track,58
1214,6070,202.333,camera_1,removed,-1
1214,6070,202.333,camera_3,reacquired,46
1215,6075,202.5,camera_1,reacquired,58
1216,6080,202.667,camera_1,reacquired,64
1216,6080,202.667,camera_1,lost_track,58
1217,6085,202.833,camera_2,removed,20
1217,6085,202.833,camera_3,lost_track,46
1218,6090,203.0,camera_3,new_track,48
1219,6095,203.167,camera_3,removed,47
1220,6100,203.333,camera_1,lost_track,64
1220,6100,203.333,camera_2,lost_track,21
1220,6100,203.333,camera_3,lost_track,48
1221,6105,203.5,camera_1,reacquired,64
1221,6105,203.5,camera_2,reacquired,21
1221,6105,203.5,camera_3,reacquired,46
1221,6105,203.5,camera_3,reacquired,48
1222,6110,203.667,camera_1,lost_track,64
1222,6110,203.667,camera_1,lost_track,59
1222,6110,203.667,camera_3,lost_track,46
1222,6110,203.667,camera_3,removed,-1
1223,6115,203.833,camera_1,reacquired,58
1224,6120,204.0,camera_1,removed,55
1224,6120,204.0,camera_3,lost_track,48
1225,6125,204.167,camera_3,removed,-1
1226,6130,204.333,camera_1,lost_track,61
1227,6135,204.5,camera_3,new_track,49
1227,6135,204.5,camera_3,reacquired,48
1228,6140,204.667,camera_1,reacquired,59
1228,6140,204.667,camera_1,lost_track,58
1228,6140,204.667,camera_1,lost_track,62
1228,6140,204.667,camera_1,removed,-1
1228,6140,204.667,camera_3,reacquired,46
1228,6140,204.667,camera_3,lost_track,48
1229,6145,204.833,camera_1,reacquired,64
1230,6150,205.0,camera_1,new_track,65
1230,6150,205.0,camera_1,lost_track,64
1230,6150,205.0,camera_3,lost_track,46
1231,6155,205.167,camera_1,reacquired,58
1231,6155,205.167,camera_1,reacquired,61
1231,6155,205.167,camera_1,reacquired,62
1231,6155,205.167,camera_1,lost_track,65
1231,6155,205.167,camera_1,lost_track,57
1231,6155,205.167,camera_3,reacquired,46
1231,6155,205.167,camera_3,reacquired,48
1232,6160,205.333,camera_1,reacquired,65
1232,6160,205.333,camera_1,lost_track,61
1232,6160,205.333,camera_1,lost_track,62
1232,6160,205.333,camera_3,lost_track,48
1232,6160,205.333,camera_3,lost_track,46
1234,6170,205.667,camera_1,reacquired,61
1234,6170,205.667,camera_1,reacquired,64
1234,6170,205.667,camera_1,lost_track,58
1234,6170,205.667,camera_1,lost_track,59
1235,6175,205.833,camera_1,reacquired,59
1235,6175,205.833,camera_1,lost_track,65
1235,6175,205.833,camera_1,lost_track,61
1235,6175,205.833,camera_3,lost_track,49
1236,6180,206.0,camera_1,new_track,66
1236,6180,206.0,camera_1,lost_track,59
1236,6180,206.0,camera_3,reacquired,46
1237,6185,206.167,camera_1,reacquired,57
1237,6185,206.167,camera_3,lost_track,46
1238,6190,206.333,camera_3,reacquired,48
1239,6195,206.5,camera_1,reacquired,58
1239,6195,206.5,camera_1,lost_track,64
1239,6195,206.5,camera_3,reacquired,49
1240,6200,206.667,camera_1,reacquired,64
1240,6200,206.667,camera_3,lost_track,48
1241,6205,206.833,camera_1,new_track,67
1241,6205,206.833,camera_3,reacquired,48
1242,6210,207.0,camera_3,lost_track,37
1243,6215,207.167,camera_1,lost_track,64
1243,6215,207.167,camera_3,reacquired,37
1244,6220,207.333,camera_3,lost_track,48
1245,6225,207.5,camera_1,reacquired,64
1246,6230,207.667,camera_3,reacquired,48
1247,6235,207.833,camera_3,lost_track,49
1249,6245,208.167,camera_2,removed,-1
1251,6255,208.5,camera_3,lost_track,48
1254,6270,209.0,camera_1,removed,-1
1254,6270,209.0,camera_3,reacquired,48
1256,6280,209.333,camera_1,new_track,68
1256,6280,209.333,camera_1,lost_track,64
1257,6285,209.5,camera_1,new_track,69
1257,6285,209.5,camera_1,lost_track,57
1257,6285,209.5,camera_2,removed,-1
1258,6290,209.667,camera_1,reacquired,57
1258,6290,209.667,camera_1,lost_track,67
1258,6290,209.667,camera_1,lost_track,69
1258,6290,209.667,camera_3,reacquired,49
1258,6290,209.667,camera_3,removed,-1
1259,6295,209.833,camera_1,reacquired,67
1259,6295,209.833,camera_1,lost_track,57
1259,6295,209.833,camera_3,lost_track,49
1260,6300,210.0,camera_1,reacquired,64
1260,6300,210.0,camera_1,lost_track,66
1260,6300,210.0,camera_1,lost_track,58
1261,6305,210.167,camera_1,lost_track,67
1262,6310,210.333,camera_1,reacquired,58
1262,6310,210.333,camera_1,reacquired,67
1262,6310,210.333,camera_1,removed,62
1263,6315,210.5,camera_1,reacquired,57
1263,6315,210.5,camera_1,lost_track,58
1264,6320,210.667,camera_1,reacquired,58
1264,6320,210.667,camera_1,lost_track,68
1265,6325,210.833,camera_1,reacquired,68
1265,6325,210.833,camera_1,lost_track,64
1265,6325,210.833,camera_1,lost_track,57
1265,6325,210.833,camera_1,removed,65
1265,6325,210.833,camera_1,removed,61
1265,6325,210.833,camera_1,removed,-1
1265,6325,210.833,camera_2,lost_track,21
1265,6325,210.833,camera_3,removed,-1
1266,6330,211.0,camera_1,lost_track,67
1266,6330,211.0,camera_1,removed,59
1266,6330,211.0,camera_3,reacquired,49
1267,6335,211.167,camera_1,reacquired,66
1267,6335,211.167,camera_1,reacquired,67
1267,6335,211.167,camera_1,removed,-1
1267,6335,211.167,camera_3,lost_track,49
1267,6335,211.167,camera_3,removed,46
1268,6340,211.333,camera_2,reacquired,21
1268,6340,211.333,camera_3,reacquired,49
1269,6345,211.5,camera_1,reacquired,64
1269,6345,211.5,camera_1,lost_track,68
1270,6350,211.667,camera_1,reacquired,68
1270,6350,211.667,camera_1,lost_track,58
1270,6350,211.667,camera_2,removed,-1
1270,6350,211.667,camera_3,lost_track,49
1271,6355,211.833,camera_1,reacquired,58
1272,6360,212.0,camera_1,reacquired,57
1272,6360,212.0,camera_1,lost_track,64
1272,6360,212.0,camera_1,lost_track,67
1272,6360,212.0,camera_1,removed,-1
1273,6365,212.167,camera_1,reacquired,64
1273,6365,212.167,camera_1,reacquired,67
1274,6370,212.333,camera_1,lost_track,68
1275,6375,212.5,camera_1,reacquired,68
1275,6375,212.5,camera_1,reacquired,69
1275,6375,212.5,camera_1,lost_track,64
1279,6395,213.167,camera_1,reacquired,64
1279,6395,213.167,camera_1,lost_track,68
1279,6395,213.167,camera_1,lost_track,69
1279,6395,213.167,camera_2,lost_track,21
1280,6400,213.333,camera_1,reacquired,68
1280,6400,213.333,camera_2,reacquired,21
1281,6405,213.5,camera_1,lost_track,64
1281,6405,213.5,camera_1,lost_track,66
1281,6405,213.5,camera_1,lost_track,67
1282,6410,213.667,camera_1,reacquired,66
1283,6415,213.833,camera_1,reacquired,67
1283,6415,213.833,camera_1,lost_track,68
1283,6415,213.833,camera_3,lost_track,48
1284,6420,214.0,camera_1,reacquired,68
1284,6420,214.0,camera_3,reacquired,48
1285,6425,214.167,camera_1,lost_track,68
1286,6430,214.333,camera_1,reacquired,68
1286,6430,214.333,camera_3,lost_track,48
1287,6435,214.5,camera_1,reacquired,69
1287,6435,214.5,camera_3,reacquired,48
1291,6455,215.167,camera_1,lost_track,58
1293,6465,215.5,camera_1,lost_track,68
1294,6470,215.667,camera_1,lost_track,69
1294,6470,215.667,camera_2,lost_track,21
1295,6475,215.833,camera_1,reacquired,68
1295,6475,215.833,camera_1,reacquired,69
1295,6475,215.833,camera_1,removed,-1
1296,6480,216.0,camera_1,lost_track,57
1296,6480,216.0,camera_1,lost_track,68
1296,6480,216.0,camera_1,lost_track,69
1296,6480,216.0,camera_2,reacquired,21
1297,6485,216.167,camera_1,reacquired,69
1298,6490,216.333,camera_1,reacquired,58
1298,6490,216.333,camera_1,reacquired,68
1298,6490,216.333,camera_1,lost_track,69
1299,6495,216.5,camera_1,reacquired,69
1299,6495,216.5,camera_3,reacquired,49
1299,6495,216.5,camera_3,lost_track,48
1300,6500,216.667,camera_1,lost_track,58
1301,6505,216.833,camera_1,reacquired,57
1301,6505,216.833,camera_1,reacquired,58
1301,6505,216.833,camera_1,reacquired,64
1301,6505,216.833,camera_1,lost_track,69
1302,6510,217.0,camera_1,lost_track,68
1302,6510,217.0,camera_3,lost_track,49
1303,6515,217.167,camera_1,reacquired,68
1305,6525,217.5,camera_3,reacquired,48
1306,6530,217.667,camera_3,reacquired,49
1306,6530,217.667,camera_3,lost_track,48
1308,6540,218.0,camera_2,lost_track,21
1308,6540,218.0,camera_3,reacquired,48
1309,6545,218.167,camera_2,reacquired,21
1311,6555,218.5,camera_1,lost_track,67
1311,6555,218.5,camera_3,lost_track,48
1312,6560,218.667,camera_1,reacquired,67
1314,6570,219.0,camera_2,lost_track,21
1314,6570,219.0,camera_3,reacquired,48
1315,6575,219.167,camera_2,reacquired,21
1315,6575,219.167,camera_3,lost_track,48
1316,6580,219.333,camera_1,lost_track,64
1316,6580,219.333,camera_3,reacquired,48
1317,6585,219.5,camera_1,lost_track,58
1317,6585,219.5,camera_1,lost_track,68
1318,6590,219.667,camera_3,lost_track,48
1318,6590,219.667,camera_3,lost_track,49
1320,6600,220.0,camera_1,reacquired,58
1320,6600,220.0,camera_1,reacquired,68
1322,6610,220.333,camera_3,reacquired,49
1324,6620,220.667,camera_3,lost_track,49
1325,6625,220.833,camera_1,removed,-1
1326,6630,221.0,camera_1,lost_track,68
1326,6630,221.0,camera_2,removed,-1
1327,6635,221.167,camera_1,reacquired,68
1329,6645,221.5,camera_1,reacquired,64
1330,6650,221.667,camera_1,lost_track,64
1331,6655,221.833,camera_1,removed,69
1332,6660,222.0,camera_1,reacquired,64
1332,6660,222.0,camera_3,reacquired,48
1333,6665,222.167,camera_1,lost_track,67
1333,6665,222.167,camera_3,lost_track,48
1335,6675,222.5,camera_1,lost_track,57
1335,6675,222.5,camera_3,removed,-1
1336,6680,222.667,camera_1,reacquired,67
1336,6680,222.667,camera_1,lost_track,68
1336,6680,222.667,camera_2,lost_track,21
1337,6685,222.833,camera_1,lost_track,64
1337,6685,222.833,camera_1,lost_track,67
1338,6690,223.0,camera_1,reacquired,64
1338,6690,223.0,camera_1,reacquired,67
1338,6690,223.0,camera_1,reacquired,68
1339,6695,223.167,camera_2,reacquired,21
1340,6700,223.333,camera_1,lost_track,58
1340,6700,223.333,camera_2,lost_track,21
1342,6710,223.667,camera_1,removed,-1
1342,6710,223.667,camera_2,reacquired,21
1342,6710,223.667,camera_2,removed,-1
1342,6710,223.667,camera_3,reacquired,49
1344,6720,224.0,camera_1,lost_track,66
1345,6725,224.167,camera_1,removed,-1
1345,6725,224.167,camera_3,lost_track,37
1346,6730,224.333,camera_1,lost_track,67
1347,6735,224.5,camera_1,reacquired,67
1347,6735,224.5,camera_2,lost_track,21
1347,6735,224.5,camera_3,reacquired,37
1349,6745,224.833,camera_1,reacquired,58
1349,6745,224.833,camera_1,lost_track,67
1350,6750,225.0,camera_1,lost_track,58
1351,6755,225.167,camera_1,reacquired,58
1352,6760,225.333,camera_1,lost_track,58
1352,6760,225.333,camera_1,removed,-1
1354,6770,225.667,camera_2,reacquired,21
1354,6770,225.667,camera_2,removed,-1
1355,6775,225.833,camera_1,reacquired,58
1355,6775,225.833,camera_2,lost_track,21
1357,6785,226.167,camera_1,new_track,70
1359,6795,226.5,camera_3,lost_track,49
1360,6800,226.667,camera_1,lost_track,70
1361,6805,226.833,camera_3,reacquired,49
1362,6810,227.0,camera_1,reacquired,66
1362,6810,227.0,camera_1,lost_track,64
1362,6810,227.0,camera_1,lost_track,68
1362,6810,227.0,camera_1,removed,-1
1362,6810,227.0,camera_3,new_track,50
1363,6815,227.167,camera_1,lost_track,58
1363,6815,227.167,camera_3,removed,48
1364,6820,227.333,camera_1,reacquired,64
1364,6820,227.333,camera_1,reacquired,68
1364,6820,227.333,camera_1,reacquired,70
1364,6820,227.333,camera_1,lost_track,66
1364,6820,227.333,camera_3,new_track,51
1365,6825,227.5,camera_1,new_track,71
1365,6825,227.5,camera_1,lost_track,70
1365,6825,227.5,camera_1,removed,57
1365,6825,227.5,camera_3,lost_track,51
1365,6825,227.5,camera_3,removed,-1
1366,6830,227.667,camera_3,lost_track,37
1367,6835,227.833,camera_1,new_track,72
1367,6835,227.833,camera_1,reacquired,58
1367,6835,227.833,camera_1,reacquired,70
1367,6835,227.833,camera_1,lost_track,71
1367,6835,227.833,camera_2,new_track,24
1368,6840,228.0,camera_1,lost_track,58
1368,6840,228.0,camera_1,lost_track,70
1368,6840,228.0,camera_2,lost_track,24
1368,6840,228.0,camera_3,lost_track,50
1369,6845,228.167,camera_1,new_track,73
1369,6845,228.167,camera_1,reacquired,66
1369,6845,228.167,camera_1,lost_track,68
1369,6845,228.167,camera_3,reacquired,50
1370,6850,228.333,camera_1,lost_track,72
1370,6850,228.333,camera_3,reacquired,37
1371,6855,228.5,camera_1,reacquired,58
1371,6855,228.5,camera_2,reacquired,21
1372,6860,228.667,camera_1,reacquired,68
1372,6860,228.667,camera_1,lost_track,58
1372,6860,228.667,camera_1,lost_track,63
1372,6860,228.667,camera_2,lost_track,21
1372,6860,228.667,camera_3,reacquired,51
1373,6865,228.833,camera_1,reacquired,63
1373,6865,228.833,camera_3,lost_track,51
1375,6875,229.167,camera_3,lost_track,49
1375,6875,229.167,camera_3,lost_track,50
1376,6880,229.333,camera_3,reacquired,49
1376,6880,229.333,camera_3,reacquired,50
1377,6885,229.5,camera_1,reacquired,58
1377,6885,229.5,camera_1,lost_track,64
1377,6885,229.5,camera_1,lost_track,73
1377,6885,229.5,camera_1,lost_track,68
1377,6885,229.5,camera_2,reacquired,21
1378,6890,229.667,camera_1,reacquired,64
1378,6890,229.667,camera_1,reacquired,73
1378,6890,229.667,camera_1,lost_track,58
1378,6890,229.667,camera_1,lost_track,63
1378,6890,229.667,camera_2,reacquired,24
1379,6895,229.833,camera_1,reacquired,63
1379,6895,229.833,camera_1,removed,67
1379,6895,229.833,camera_1,removed,-1
1379,6895,229.833,camera_3,lost_track,50
1380,6900,230.0,camera_1,reacquired,71
1380,6900,230.0,camera_1,lost_track,64
1380,6900,230.0,camera_2,lost_track,21
1381,6905,230.167,camera_1,reacquired,64
1381,6905,230.167,camera_1,lost_track,71
1381,6905,230.167,camera_3,lost_track,49
1382,6910,230.333,camera_1,reacquired,71
1382,6910,230.333,camera_2,reacquired,21
1382,6910,230.333,camera_2,lost_track,24
1382,6910,230.333,camera_3,new_track,52
1382,6910,230.333,camera_3,reacquired,49
1383,6915,230.5,camera_3,lost_track,49
1383,6915,230.5,camera_3,lost_track,52
1384,6920,230.667,camera_1,lost_track,64
1385,6925,230.833,camera_1,reacquired,64
1385,6925,230.833,camera_1,lost_track,71
1386,6930,231.0,camera_1,reacquired,70
1386,6930,231.0,camera_1,removed,-1
1387,6935,231.167,camera_1,reacquired,68
1387,6935,231.167,camera_1,lost_track,66
1387,6935,231.167,camera_2,lost_track,21
1388,6940,231.333,camera_1,reacquired,66
1388,6940,231.333,camera_1,lost_track,68
1388,6940,231.333,camera_2,new_track,25
1389,6945,231.5,camera_1,lost_track,64
1389,6945,231.5,camera_3,reacquired,52
1390,6950,231.667,camera_1,new_track,74
1390,6950,231.667,camera_1,reacquired,64
1390,6950,231.667,camera_2,reacquired,21
1390,6950,231.667,camera_3,reacquired,49
1390,6950,231.667,camera_3,reacquired,50
1391,6955,231.833,camera_1,reacquired,68
1391,6955,231.833,camera_1,reacquired,71
1391,6955,231.833,camera_1,lost_track,64
1391,6955,231.833,camera_1,lost_track,66
1391,6955,231.833,camera_1,lost_track,74
1392,6960,232.0,camera_1,reacquired,74
1392,6960,232.0,camera_1,lost_track,68
1392,6960,232.0,camera_1,lost_track,71
1392,6960,232.0,camera_2,lost_track,25
1392,6960,232.0,camera_3,lost_track,50
1393,6965,232.167,camera_1,reacquired,64
1393,6965,232.167,camera_1,reacquired,71
1393,6965,232.167,camera_1,lost_track,73
1393,6965,232.167,camera_1,lost_track,63
1393,6965,232.167,camera_3,lost_track,52
1394,6970,232.333,camera_1,reacquired,68
1394,6970,232.333,camera_1,lost_track,74
1394,6970,232.333,camera_2,reacquired,25
1394,6970,232.333,camera_3,lost_track,49
1395,6975,232.5,camera_1,new_track,75
1395,6975,232.5,camera_1,reacquired,63
1396,6980,232.667,camera_1,lost_track,70
1396,6980,232.667,camera_1,lost_track,71
1396,6980,232.667,camera_3,reacquired,52
1397,6985,232.833,camera_2,reacquired,24
1397,6985,232.833,camera_2,lost_track,25
1397,6985,232.833,camera_2,lost_track,21
1397,6985,232.833,camera_3,lost_track,52
1399,6995,233.167,camera_1,lost_track,68
1400,7000,233.333,camera_1,reacquired,68
1400,7000,233.333,camera_1,removed,72
1400,7000,233.333,camera_3,reacquired,50
1400,7000,233.333,camera_3,reacquired,52
1401,7005,233.5,camera_3,reacquired,49
1401,7005,233.5,camera_3,lost_track,50
1401,7005,233.5,camera_3,lost_track,52
1402,7010,233.667,camera_1,reacquired,70
1402,7010,233.667,camera_1,lost_track,64
1402,7010,233.667,camera_2,reacquired,25
1402,7010,233.667,camera_2,removed,-1
1403,7015,233.833,camera_1,reacquired,64
1403,7015,233.833,camera_1,reacquired,71
1403,7015,233.833,camera_1,lost_track,63
1403,7015,233.833,camera_3,reacquired,52
1403,7015,233.833,camera_3,removed,51
1404,7020,234.0,camera_2,lost_track,24
1404,7020,234.0,camera_3,reacquired,50
1404,7020,234.0,camera_3,lost_track,49
1405,7025,234.167,camera_1,lost_track,71
1405,7025,234.167,camera_2,new_track,26
1405,7025,234.167,camera_3,lost_track,52
1405,7025,234.167,camera_3,removed,-1
1406,7030,234.333,camera_1,reacquired,63
1406,7030,234.333,camera_3,lost_track,50
1407,7035,234.5,camera_1,lost_track,68
1407,7035,234.5,camera_1,lost_track,63
1408,7040,234.667,camera_1,reacquired,63
1408,7040,234.667,camera_1,reacquired,71
1408,7040,234.667,camera_1,removed,58
1408,7040,234.667,camera_1,removed,-1
1408,7040,234.667,camera_2,reacquired,21
1409,7045,234.833,camera_1,lost_track,64
1410,7050,235.0,camera_1,reacquired,64
1410,7050,235.0,camera_1,lost_track,63
1410,7050,235.0,camera_1,removed,-1
1410,7050,235.0,camera_2,lost_track,21
1411,7055,235.167,camera_1,reacquired,63
1411,7055,235.167,camera_1,reacquired,68
1411,7055,235.167,camera_1,lost_track,75
1411,7055,235.167,camera_2,lost_track,25
1411,7055,235.167,camera_2,lost_track,26
1412,7060,235.333,camera_1,lost_track,70
1412,7060,235.333,camera_1,lost_track,63
1413,7065,235.5,camera_1,reacquired,70
1413,7065,235.5,camera_1,reacquired,75
1413,7065,235.5,camera_2,reacquired,21
1413,7065,235.5,camera_2,reacquired,25
1413,7065,235.5,camera_3,reacquired,50
1414,7070,235.667,camera_1,lost_track,75
1414,7070,235.667,camera_1,lost_track,70
1414,7070,235.667,camera_2,reacquired,26
1415,7075,235.833,camera_2,lost_track,21
1415,7075,235.833,camera_3,lost_track,50
1416,7080,236.0,camera_1,reacquired,70
1416,7080,236.0,camera_1,reacquired,75
1416,7080,236.0,camera_1,removed,-1
1416,7080,236.0,camera_2,lost_track,26
1417,7085,236.167,camera_1,new_track,76
1417,7085,236.167,camera_1,reacquired,63
1417,7085,236.167,camera_1,lost_track,68
1418,7090,236.333,camera_1,reacquired,68
1418,7090,236.333,camera_1,lost_track,71
1419,7095,236.5,camera_3,reacquired,50
1419,7095,236.5,camera_3,reacquired,52
1420,7100,236.667,camera_1,lost_track,64
1420,7100,236.667,camera_3,lost_track,50
1421,7105,236.833,camera_1,lost_track,75
1421,7105,236.833,camera_1,removed,66
1421,7105,236.833,camera_3,lost_track,52
1422,7110,237.0,camera_1,reacquired,75
1422,7110,237.0,camera_2,removed,-1
1422,7110,237.0,camera_3,reacquired,50
1423,7115,237.167,camera_1,removed,73
1424,7120,237.333,camera_1,reacquired,71
1424,7120,237.333,camera_1,removed,74
1424,7120,237.333,camera_1,removed,-1
1424,7120,237.333,camera_3,lost_track,50
1425,7125,237.5,camera_1,lost_track,70
1426,7130,237.667,camera_1,lost_track,71
1426,7130,237.667,camera_1,removed,-1
1428,7140,238.0,camera_1,new_track,77
1428,7140,238.0,camera_1,reacquired,70
1430,7150,238.333,camera_1,lost_track,70
1431,7155,238.5,camera_1,lost_track,77
1432,7160,238.667,camera_1,reacquired,70
1432,7160,238.667,camera_3,reacquired,52
1433,7165,238.833,camera_3,lost_track,52
1434,7170,239.0,camera_1,reacquired,71
1434,7170,239.0,camera_2,removed,24
1434,7170,239.0,camera_3,removed,49
1435,7175,239.167,camera_1,new_track,78
1435,7175,239.167,camera_1,reacquired,77
1436,7180,239.333,camera_1,lost_track,68
1436,7180,239.333,camera_1,removed,-1
1437,7185,239.5,camera_1,lost_track,77
1438,7190,239.667,camera_1,lost_track,71
1438,7190,239.667,camera_3,reacquired,50
1439,7195,239.833,camera_1,reacquired,71
1439,7195,239.833,camera_1,reacquired,77
1439,7195,239.833,camera_1,lost_track,76
1439,7195,239.833,camera_3,lost_track,50
1440,7200,240.0,camera_1,lost_track,77
1440,7200,240.0,camera_1,lost_track,78
1441,7205,240.167,camera_1,reacquired,78
1441,7205,240.167,camera_1,lost_track,71
1442,7210,240.333,camera_1,reacquired,68
1442,7210,240.333,camera_1,reacquired,71
1442,7210,240.333,camera_1,lost_track,78
1443,7215,240.5,camera_1,reacquired,76
1443,7215,240.5,camera_1,reacquired,78
1444,7220,240.667,camera_1,lost_track,68
1445,7225,240.833,camera_2,removed,21
1446,7230,241.0,camera_2,new_track,27
1446,7230,241.0,camera_2,removed,26
1446,7230,241.0,camera_3,new_track,53
1447,7235,241.167,camera_2,lost_track,27
1448,7240,241.333,camera_1,reacquired,68
1448,7240,241.333,camera_1,lost_track,70
1448,7240,241.333,camera_1,lost_track,63
1449,7245,241.5,camera_1,lost_track,71
1450,7250,241.667,camera_1,reacquired,63
1450,7250,241.667,camera_1,reacquired,70
1450,7250,241.667,camera_1,reacquired,71
1450,7250,241.667,camera_1,lost_track,68
1450,7250,241.667,camera_1,removed,64
1451,7255,241.833,camera_3,lost_track,53
1452,7260,242.0,camera_3,removed,-1
1453,7265,242.167,camera_1,lost_track,75
1453,7265,242.167,camera_1,lost_track,76
1453,7265,242.167,camera_1,lost_track,71
1453,7265,242.167,camera_3,reacquired,53
1454,7270,242.333,camera_1,reacquired,76
1454,7270,242.333,camera_1,lost_track,70
1455,7275,242.5,camera_1,reacquired,68
1456,7280,242.667,camera_2,removed,-1
1456,7280,242.667,camera_3,lost_track,53
1458,7290,243.0,camera_1,new_track,79
1458,7290,243.0,camera_2,removed,-1
1460,7300,243.333,camera_1,reacquired,71
1460,7300,243.333,camera_1,lost_track,68
1460,7300,243.333,camera_1,lost_track,78
1460,7300,243.333,camera_1,lost_track,76
1461,7305,243.5,camera_1,reacquired,76
1461,7305,243.5,camera_1,reacquired,78
1461,7305,243.5,camera_1,lost_track,63
1461,7305,243.5,camera_1,lost_track,79
1461,7305,243.5,camera_2,removed,-1
1462,7310,243.667,camera_1,reacquired,63
1462,7310,243.667,camera_1,lost_track,71
1463,7315,243.833,camera_1,reacquired,68
1463,7315,243.833,camera_1,reacquired,71
1463,7315,243.833,camera_1,lost_track,78
1463,7315,243.833,camera_2,new_track,28
1463,7315,243.833,camera_3,removed,52
1464,7320,244.0,camera_1,reacquired,78
1464,7320,244.0,camera_1,lost_track,68
1464,7320,244.0,camera_1,lost_track,76
1464,7320,244.0,camera_1,lost_track,71
1464,7320,244.0,camera_2,lost_track,9
1464,7320,244.0,camera_2,removed,-1
1465,7325,244.167,camera_1,reacquired,76
1465,7325,244.167,camera_2,reacquired,9
1465,7325,244.167,camera_2,lost_track,28
1465,7325,244.167,camera_3,removed,-1
1466,7330,244.333,camera_1,reacquired,79
1466,7330,244.333,camera_1,removed,-1
1466,7330,244.333,camera_2,new_track,29
1466,7330,244.333,camera_2,lost_track,9
1467,7335,244.5,camera_1,lost_track,63
1467,7335,244.5,camera_2,removed,-1
1467,7335,244.5,camera_3,removed,-1
1468,7340,244.667,camera_1,reacquired,63
1468,7340,244.667,camera_2,reacquired,9
1468,7340,244.667,camera_2,reacquired,28
1468,7340,244.667,camera_2,lost_track,29
1469,7345,244.833,camera_1,reacquired,70
1469,7345,244.833,camera_1,lost_track,79
1469,7345,244.833,camera_2,lost_track,28
1469,7345,244.833,camera_2,removed,-1
1469,7345,244.833,camera_3,removed,50
1470,7350,245.0,camera_1,removed,77
1470,7350,245.0,camera_1,removed,-1
1471,7355,245.167,camera_3,removed,-1
1473,7365,245.5,camera_1,lost_track,76
1473,7365,245.5,camera_1,lost_track,70
1474,7370,245.667,camera_1,new_track,80
1474,7370,245.667,camera_1,reacquired,76
1474,7370,245.667,camera_1,removed,-1
1475,7375,245.833,camera_1,reacquired,70
1476,7380,246.0,camera_1,lost_track,76
1476,7380,246.0,camera_3,removed,-1
1477,7385,246.167,camera_1,new_track,81
1477,7385,246.167,camera_1,reacquired,76
1477,7385,246.167,camera_2,removed,27
1478,7390,246.333,camera_1,lost_track,78
1478,7390,246.333,camera_1,lost_track,70
1479,7395,246.5,camera_1,new_track,82
1479,7395,246.5,camera_1,removed,-1
1479,7395,246.5,camera_3,new_track,54
1480,7400,246.667,camera_1,lost_track,82
1481,7405,246.833,camera_1,reacquired,82
1482,7410,247.0,camera_1,reacquired,70
1482,7410,247.0,camera_3,reacquired,53
1483,7415,247.167,camera_1,removed,75
1483,7415,247.167,camera_3,lost_track,53
1484,7420,247.333,camera_1,lost_track,70
1485,7425,247.5,camera_2,new_track,30
1485,7425,247.5,camera_3,reacquired,53
1486,7430,247.667,camera_1,lost_track,48
1486,7430,247.667,camera_2,lost_track,25
1486,7430,247.667,camera_3,lost_track,53
1487,7435,247.833,camera_1,reacquired,48
1487,7435,247.833,camera_1,reacquired,70
1487,7435,247.833,camera_1,lost_track,82
1487,7435,247.833,camera_2,lost_track,30
1487,7435,247.833,camera_3,removed,-1
1488,7440,248.0,camera_2,new_track,31
1488,7440,248.0,camera_2,reacquired,30
1489,7445,248.167,camera_2,reacquired,25
1489,7445,248.167,camera_2,lost_track,30
1490,7450,248.333,camera_3,removed,-1
1491,7455,248.5,camera_1,reacquired,82
1491,7455,248.5,camera_1,lost_track,63
1491,7455,248.5,camera_2,lost_track,31
1492,7460,248.667,camera_1,new_track,83
1492,7460,248.667,camera_1,reacquired,63
1493,7465,248.833,camera_1,lost_track,81
1493,7465,248.833,camera_1,lost_track,82
1493,7465,248.833,camera_2,reacquired,31
1493,7465,248.833,camera_3,lost_track,54
1494,7470,249.0,camera_1,reacquired,81
1494,7470,249.0,camera_1,lost_track,70
1494,7470,249.0,camera_1,removed,68
1494,7470,249.0,camera_1,removed,71
1494,7470,249.0,camera_2,reacquired,30
1494,7470,249.0,camera_2,lost_track,25
1495,7475,249.167,camera_2,lost_track,31
1496,7480,249.333,camera_1,reacquired,70
1496,7480,249.333,camera_2,reacquired,31
1497,7485,249.5,camera_1,lost_track,63
1497,7485,249.5,camera_2,lost_track,30
1497,7485,249.5,camera_2,removed,-1
1498,7490,249.667,camera_1,lost_track,70
1498,7490,249.667,camera_2,reacquired,30
1498,7490,249.667,camera_2,lost_track,31
1498,7490,249.667,camera_2,removed,29
1499,7495,249.833,camera_1,reacquired,70
1499,7495,249.833,camera_1,reacquired,79
1499,7495,249.833,camera_1,lost_track,80
1499,7495,249.833,camera_1,lost_track,81
1499,7495,249.833,camera_1,lost_track,83
1499,7495,249.833,camera_2,reacquired,25
1499,7495,249.833,camera_2,reacquired,31
1499,7495,249.833,camera_2,lost_track,30
1499,7495,249.833,camera_2,removed,28
1500,7500,250.0,camera_1,lost_track,79
1500,7500,250.0,camera_2,reacquired,30
1500,7500,250.0,camera_2,lost_track,31
1501,7505,250.167,camera_1,reacquired,63
1501,7505,250.167,camera_1,removed,-1
1501,7505,250.167,camera_2,lost_track,30
1502,7510,250.333,camera_1,reacquired,79
1502,7510,250.333,camera_2,reacquired,30
1502,7510,250.333,camera_2,reacquired,31
1502,7510,250.333,camera_2,lost_track,25
1503,7515,250.5,camera_1,lost_track,70
1503,7515,250.5,camera_2,lost_track,31
1504,7520,250.667,camera_1,lost_track,63
1504,7520,250.667,camera_1,lost_track,79
1504,7520,250.667,camera_3,reacquired,53
1505,7525,250.833,camera_2,reacquired,31
1505,7525,250.833,camera_2,lost_track,30
1505,7525,250.833,camera_3,lost_track,53
1507,7535,251.167,camera_2,reacquired,30
1508,7540,251.333,camera_1,removed,78
1508,7540,251.333,camera_2,lost_track,31
1509,7545,251.5,camera_1,reacquired,79
1509,7545,251.5,camera_1,removed,-1
1509,7545,251.5,camera_2,reacquired,31
1509,7545,251.5,camera_2,lost_track,30
1510,7550,251.667,camera_2,reacquired,30
1511,7555,251.833,camera_1,reacquired,81
1511,7555,251.833,camera_2,lost_track,30
1511,7555,251.833,camera_3,reacquired,54
1512,7560,252.0,camera_1,new_track,84
1512,7560,252.0,camera_1,reacquired,63
1512,7560,252.0,camera_2,reacquired,30
1512,7560,252.0,camera_2,lost_track,31
1512,7560,252.0,camera_3,lost_track,54
1513,7565,252.167,camera_2,reacquired,25
1513,7565,252.167,camera_2,lost_track,30
1514,7570,252.333,camera_1,lost_track,63
1514,7570,252.333,camera_2,lost_track,25
1515,7575,252.5,camera_1,reacquired,63
1515,7575,252.5,camera_2,new_track,32
1516,7580,252.667,camera_1,lost_track,81
1516,7580,252.667,camera_2,lost_track,32
1517,7585,252.833,camera_1,reacquired,81
1518,7590,253.0,camera_1,lost_track,84
1518,7590,253.0,camera_1,lost_track,63
1518,7590,253.0,camera_2,reacquired,25
1519,7595,253.167,camera_1,reacquired,63
1519,7595,253.167,camera_1,reacquired,84
1519,7595,253.167,camera_2,lost_track,25
1520,7600,253.333,camera_3,removed,-1
1521,7605,253.5,camera_1,lost_track,81
1521,7605,253.5,camera_2,reacquired,25
1522,7610,253.667,camera_1,lost_track,84
1522,7610,253.667,camera_2,lost_track,25
1523,7615,253.833,camera_1,reacquired,81
1523,7615,253.833,camera_1,removed,82
1523,7615,253.833,camera_2,reacquired,31
1523,7615,253.833,camera_3,new_track,55
1524,7620,254.0,camera_1,lost_track,76
1524,7620,254.0,camera_1,lost_track,79
1524,7620,254.0,camera_1,removed,-1
1524,7620,254.0,camera_2,reacquired,30
1524,7620,254.0,camera_3,lost_track,43
1525,7625,254.167,camera_1,reacquired,76
1525,7625,254.167,camera_1,reacquired,79
1525,7625,254.167,camera_2,reacquired,25
1525,7625,254.167,camera_3,reacquired,43
1526,7630,254.333,camera_1,lost_track,81
1526,7630,254.333,camera_1,lost_track,79
1526,7630,254.333,camera_2,lost_track,25
1526,7630,254.333,camera_3,reacquired,54
1527,7635,254.5,camera_1,removed,-1
1527,7635,254.5,camera_2,reacquired,25
1527,7635,254.5,camera_2,lost_track,30
1527,7635,254.5,camera_3,lost_track,54
1528,7640,254.667,camera_1,new_track,85
1528,7640,254.667,camera_1,lost_track,76
1528,7640,254.667,camera_3,lost_track,43
1529,7645,254.833,camera_1,new_track,86
1529,7645,254.833,camera_1,reacquired,76
1529,7645,254.833,camera_1,reacquired,81
1529,7645,254.833,camera_1,removed,80
1529,7645,254.833,camera_1,removed,83
1529,7645,254.833,camera_2,lost_track,31
1530,7650,255.0,camera_1,removed,-1
1531,7655,255.167,camera_1,lost_track,85
1531,7655,255.167,camera_3,reacquired,43
1531,7655,255.167,camera_3,lost_track,17
1532,7660,255.333,camera_1,reacquired,85
1532,7660,255.333,camera_1,lost_track,81
1532,7660,255.333,camera_1,lost_track,86
1532,7660,255.333,camera_2,lost_track,25
1532,7660,255.333,camera_3,lost_track,55
1533,7665,255.5,camera_1,reacquired,81
1533,7665,255.5,camera_1,reacquired,86
1533,7665,255.5,camera_1,removed,70
1533,7665,255.5,camera_1,removed,-1
1533,7665,255.5,camera_2,reacquired,25
1533,7665,255.5,camera_3,reacquired,55
1534,7670,255.667,camera_1,new_track,87
1534,7670,255.667,camera_2,new_track,33
1534,7670,255.667,camera_2,lost_track,25
1534,7670,255.667,camera_3,reacquired,54
1535,7675,255.833,camera_1,lost_track,81
1535,7675,255.833,camera_1,lost_track,63
1535,7675,255.833,camera_2,reacquired,25
1535,7675,255.833,camera_2,lost_track,33
1535,7675,255.833,camera_3,lost_track,55
1535,7675,255.833,camera_3,removed,53
1536,7680,256.0,camera_1,reacquired,63
1536,7680,256.0,camera_1,reacquired,81
1536,7680,256.0,camera_2,reacquired,31
1537,7685,256.167,camera_1,lost_track,85
1537,7685,256.167,camera_1,lost_track,63
1538,7690,256.333,camera_1,reacquired,63
1538,7690,256.333,camera_1,reacquired,85
1538,7690,256.333,camera_2,lost_track,31
1538,7690,256.333,camera_3,new_track,56
1539,7695,256.5,camera_2,reacquired,31
1539,7695,256.5,camera_2,lost_track,25
1539,7695,256.5,camera_3,reacquired,55
1539,7695,256.5,camera_3,lost_track,43
1540,7700,256.667,camera_1,lost_track,63
1540,7700,256.667,camera_2,reacquired,25
1541,7705,256.833,camera_1,new_track,88
1541,7705,256.833,camera_1,reacquired,84
1541,7705,256.833,camera_1,lost_track,87
1541,7705,256.833,camera_2,lost_track,31
1541,7705,256.833,camera_3,removed,-1
1542,7710,257.0,camera_1,reacquired,63
1542,7710,257.0,camera_1,lost_track,86
1542,7710,257.0,camera_1,removed,-1
1543,7715,257.167,camera_1,reacquired,87
1543,7715,257.167,camera_2,reacquired,31
1544,7720,257.333,camera_1,lost_track,85
1544,7720,257.333,camera_2,lost_track,25
1544,7720,257.333,camera_2,lost_track,31
1544,7720,257.333,camera_3,lost_track,54
1545,7725,257.5,camera_1,reacquired,86
1545,7725,257.5,camera_1,lost_track,84
1545,7725,257.5,camera_1,lost_track,87
1546,7730,257.667,camera_1,reacquired,84
1546,7730,257.667,camera_2,reacquired,25
1546,7730,257.667,camera_2,removed,32
1546,7730,257.667,camera_3,reacquired,43
1546,7730,257.667,camera_3,lost_track,55
1547,7735,257.833,camera_1,removed,-1
1547,7735,257.833,camera_3,removed,-1
1548,7740,258.0,camera_1,lost_track,81
1548,7740,258.0,camera_3,reacquired,55
1548,7740,258.0,camera_3,lost_track,43
1549,7745,258.167,camera_1,reacquired,87
1549,7745,258.167,camera_1,lost_track,84
1549,7745,258.167,camera_1,lost_track,86
1550,7750,258.333,camera_1,reacquired,86
1550,7750,258.333,camera_1,lost_track,87
1550,7750,258.333,camera_3,reacquired,43
1551,7755,258.5,camera_2,reacquired,31
1551,7755,258.5,camera_2,lost_track,25
1551,7755,258.5,camera_3,lost_track,55
1551,7755,258.5,camera_3,removed,-1
1552,7760,258.667,camera_1,reacquired,81
1552,7760,258.667,camera_1,reacquired,84
1552,7760,258.667,camera_1,reacquired,85
1552,7760,258.667,camera_1,lost_track,88
1552,7760,258.667,camera_2,reacquired,25
1553,7765,258.833,camera_1,lost_track,85
1553,7765,258.833,camera_2,lost_track,31
1554,7770,259.0,camera_1,reacquired,85
1555,7775,259.167,camera_1,lost_track,85
1555,7775,259.167,camera_3,reacquired,54
1556,7780,259.333,camera_1,reacquired,85
1556,7780,259.333,camera_1,reacquired,88
1556,7780,259.333,camera_1,lost_track,81
1556,7780,259.333,camera_1,removed,79
1557,7785,259.5,camera_1,reacquired,81
1557,7785,259.5,camera_1,lost_track,88
1557,7785,259.5,camera_1,lost_track,85
1557,7785,259.5,camera_2,removed,30
1558,7790,259.667,camera_1,reacquired,85
1558,7790,259.667,camera_2,reacquired,30
1558,7790,259.667,camera_2,lost_track,25
1559,7795,259.833,camera_2,reacquired,25
1560,7800,260.0,camera_1,lost_track,85
1560,7800,260.0,camera_1,removed,-1
1560,7800,260.0,camera_3,new_track,57
1561,7805,260.167,camera_2,lost_track,25
1561,7805,260.167,camera_3,removed,17
1561,7805,260.167,camera_3,removed,-1
1562,7810,260.333,camera_1,reacquired,88
1562,7810,260.333,camera_3,lost_track,57
1563,7815,260.5,camera_1,reacquired,85
1563,7815,260.5,camera_1,removed,-1
1563,7815,260.5,camera_2,reacquired,25
1564,7820,260.667,camera_2,reacquired,31
1565,7825,260.833,camera_1,lost_track,88
1565,7825,260.833,camera_1,lost_track,85
1565,7825,260.833,camera_1,removed,-1
1565,7825,260.833,camera_2,lost_track,31
1565,7825,260.833,camera_2,removed,33
1566,7830,261.0,camera_1,reacquired,85
1567,7835,261.167,camera_1,reacquired,88
1567,7835,261.167,camera_1,removed,-1
1567,7835,261.167,camera_2,lost_track,30
1567,7835,261.167,camera_3,removed,-1
1569,7845,261.5,camera_1,lost_track,88
1569,7845,261.5,camera_1,lost_track,85
1570,7850,261.667,camera_1,reacquired,88
1570,7850,261.667,camera_3,removed,-1
1571,7855,261.833,camera_1,reacquired,85
1571,7855,261.833,camera_1,lost_track,88
1571,7855,261.833,camera_1,removed,-1
1571,7855,261.833,camera_2,reacquired,30
1572,7860,262.0,camera_1,reacquired,88
1572,7860,262.0,camera_1,lost_track,76
1573,7865,262.167,camera_1,reacquired,76
1573,7865,262.167,camera_1,lost_track,81
1573,7865,262.167,camera_2,new_track,34
1573,7865,262.167,camera_3,new_track,58
1574,7870,262.333,camera_1,lost_track,84
1574,7870,262.333,camera_2,lost_track,34
1574,7870,262.333,camera_3,lost_track,58
1575,7875,262.5,camera_1,reacquired,84
1576,7880,262.667,camera_1,lost_track,85
1576,7880,262.667,camera_3,reacquired,58
1577,7885,262.833,camera_1,reacquired,85
1578,7890,263.0,camera_3,lost_track,58
1580,7900,263.333,camera_1,removed,-1
1580,7900,263.333,camera_1,removed,87
1581,7905,263.5,camera_1,lost_track,76
1581,7905,263.5,camera_3,removed,55
1582,7910,263.667,camera_1,reacquired,76
1582,7910,263.667,camera_1,lost_track,85
1583,7915,263.833,camera_1,new_track,89
1583,7915,263.833,camera_1,new_track,90
1583,7915,263.833,camera_3,reacquired,58
1584,7920,264.0,camera_2,reacquired,31
1584,7920,264.0,camera_2,lost_track,30
1584,7920,264.0,camera_3,lost_track,58
1585,7925,264.167,camera_1,new_track,91
1585,7925,264.167,camera_3,reacquired,58
1586,7930,264.333,camera_1,lost_track,89
1586,7930,264.333,camera_1,lost_track,90
1586,7930,264.333,camera_2,reacquired,30
1586,7930,264.333,camera_3,lost_track,58
1587,7935,264.5,camera_1,reacquired,81
1587,7935,264.5,camera_1,lost_track,91
1587,7935,264.5,camera_1,removed,-1
1587,7935,264.5,camera_2,lost_track,31
1588,7940,264.667,camera_2,lost_track,30
1589,7945,264.833,camera_1,lost_track,88
1589,7945,264.833,camera_1,lost_track,84
1589,7945,264.833,camera_3,reacquired,58
1589,7945,264.833,camera_3,removed,-1
1590,7950,265.0,camera_1,new_track,92
1590,7950,265.0,camera_1,reacquired,84
1590,7950,265.0,camera_1,reacquired,88
1592,7960,265.333,camera_1,reacquired,91
1592,7960,265.333,camera_1,lost_track,76
1592,7960,265.333,camera_2,reacquired,30
1592,7960,265.333,camera_2,lost_track,25
1592,7960,265.333,camera_3,removed,57
1593,7965,265.5,camera_1,lost_track,84
1593,7965,265.5,camera_2,reacquired,25
1593,7965,265.5,camera_3,reacquired,57
1593,7965,265.5,camera_3,lost_track,37
1594,7970,265.667,camera_1,reacquired,90
1594,7970,265.667,camera_2,lost_track,25
1594,7970,265.667,camera_2,lost_track,30
1594,7970,265.667,camera_3,removed,-1
1595,7975,265.833,camera_1,reacquired,85
1595,7975,265.833,camera_1,lost_track,88
1595,7975,265.833,camera_1,lost_track,91
1595,7975,265.833,camera_2,reacquired,25
1595,7975,265.833,camera_2,reacquired,30
1595,7975,265.833,camera_3,new_track,59
1595,7975,265.833,camera_3,lost_track,57
1596,7980,266.0,camera_1,lost_track,81
1597,7985,266.167,camera_1,reacquired,91
1597,7985,266.167,camera_2,lost_track,25
1598,7990,266.333,camera_1,reacquired,88
1598,7990,266.333,camera_1,lost_track,85
1598,7990,266.333,camera_1,removed,-1
1598,7990,266.333,camera_2,reacquired,25
1598,7990,266.333,camera_3,removed,-1
1599,7995,266.5,camera_1,reacquired,76
1599,7995,266.5,camera_1,lost_track,91
1599,7995,266.5,camera_2,removed,-1
1600,8000,266.667,camera_1,removed,-1
1601,8005,266.833,camera_1,reacquired,85
1602,8010,267.0,camera_1,lost_track,85
1604,8020,267.333,camera_1,reacquired,85
1604,8020,267.333,camera_2,lost_track,30
1604,8020,267.333,camera_2,removed,34
1604,8020,267.333,camera_3,removed,-1
1605,8025,267.5,camera_1,reacquired,91
1605,8025,267.5,camera_1,lost_track,76
1605,8025,267.5,camera_2,reacquired,30
1606,8030,267.667,camera_1,new_track,93
1607,8035,267.833,camera_1,lost_track,91
1607,8035,267.833,camera_2,removed,-1
1607,8035,267.833,camera_3,lost_track,59
1608,8040,268.0,camera_1,reacquired,89
1608,8040,268.0,camera_1,lost_track,93
1608,8040,268.0,camera_3,reacquired,59
1609,8045,268.167,camera_1,reacquired,93
1609,8045,268.167,camera_1,lost_track,85
1610,8050,268.333,camera_1,reacquired,85
1610,8050,268.333,camera_1,lost_track,93
1611,8055,268.5,camera_1,reacquired,76
1611,8055,268.5,camera_1,lost_track,85
1611,8055,268.5,camera_1,lost_track,63
1612,8060,268.667,camera_1,reacquired,63
1612,8060,268.667,camera_1,lost_track,89
1613,8065,268.833,camera_1,reacquired,85
1613,8065,268.833,camera_2,reacquired,31
1613,8065,268.833,camera_2,lost_track,25
1613,8065,268.833,camera_3,new_track,60
1614,8070,269.0,camera_1,reacquired,89
1614,8070,269.0,camera_1,reacquired,91
1614,8070,269.0,camera_1,lost_track,85
1615,8075,269.167,camera_2,lost_track,31
1615,8075,269.167,camera_3,lost_track,58
1616,8080,269.333,camera_1,reacquired,81
1616,8080,269.333,camera_1,reacquired,85
1616,8080,269.333,camera_1,reacquired,93
1616,8080,269.333,camera_1,lost_track,89
1616,8080,269.333,camera_1,lost_track,90
1616,8080,269.333,camera_1,lost_track,91
1616,8080,269.333,camera_1,lost_track,76
1616,8080,269.333,camera_2,reacquired,25
1616,8080,269.333,camera_3,reacquired,58
1616,8080,269.333,camera_3,lost_track,60
1617,8085,269.5,camera_1,reacquired,90
1617,8085,269.5,camera_1,lost_track,81
1617,8085,269.5,camera_1,lost_track,93
1617,8085,269.5,camera_2,lost_track,25
1617,8085,269.5,camera_3,lost_track,59
1618,8090,269.667,camera_1,reacquired,76
1618,8090,269.667,camera_1,reacquired,81
1618,8090,269.667,camera_2,reacquired,25
1619,8095,269.833,camera_1,lost_track,90
1619,8095,269.833,camera_1,lost_track,76
1619,8095,269.833,camera_1,lost_track,92
1619,8095,269.833,camera_2,lost_track,25
1619,8095,269.833,camera_3,reacquired,37
1620,8100,270.0,camera_1,reacquired,89
1620,8100,270.0,camera_1,reacquired,90
1620,8100,270.0,camera_1,reacquired,92
1620,8100,270.0,camera_1,lost_track,88
1620,8100,270.0,camera_2,reacquired,25
1620,8100,270.0,camera_3,lost_track,37
1621,8105,270.167,camera_1,reacquired,88
1621,8105,270.167,camera_1,lost_track,89
1621,8105,270.167,camera_1,removed,-1
1622,8110,270.333,camera_1,lost_track,88
1622,8110,270.333,camera_2,lost_track,30
1623,8115,270.5,camera_1,reacquired,88
1623,8115,270.5,camera_1,removed,84
1624,8120,270.667,camera_1,lost_track,88
1624,8120,270.667,camera_1,lost_track,81
1624,8120,270.667,camera_1,lost_track,90
1625,8125,270.833,camera_1,reacquired,81
1625,8125,270.833,camera_1,reacquired,88
1625,8125,270.833,camera_1,reacquired,89
1625,8125,270.833,camera_1,lost_track,92
1625,8125,270.833,camera_3,removed,57
1626,8130,271.0,camera_1,lost_track,88
1626,8130,271.0,camera_1,removed,-1
1627,8135,271.167,camera_1,reacquired,90
1627,8135,271.167,camera_1,lost_track,89
1628,8140,271.333,camera_1,reacquired,89
1628,8140,271.333,camera_1,lost_track,90
1629,8145,271.5,camera_2,removed,-1
1630,8150,271.667,camera_1,reacquired,90
1630,8150,271.667,camera_1,lost_track,89
1633,8165,272.167,camera_2,lost_track,25
1634,8170,272.333,camera_2,reacquired,25
1636,8180,272.667,camera_2,reacquired,30
1638,8190,273.0,camera_2,lost_track,30
1640,8200,273.333,camera_2,lost_track,25
1641,8205,273.5,camera_3,reacquired,60
1642,8210,273.667,camera_2,reacquired,25
1642,8210,273.667,camera_3,lost_track,60
1643,8215,273.833,camera_3,reacquired,60
1644,8220,274.0,camera_2,lost_track,25
1644,8220,274.0,camera_3,reacquired,59
1644,8220,274.0,camera_3,lost_track,60
1645,8225,274.167,camera_2,reacquired,25
1645,8225,274.167,camera_2,removed,31
1645,8225,274.167,camera_3,reacquired,60
1646,8230,274.333,camera_1,removed,91
1646,8230,274.333,camera_2,lost_track,25
1647,8235,274.5,camera_1,removed,93
1647,8235,274.5,camera_3,lost_track,59
1647,8235,274.5,camera_3,lost_track,60
1649,8245,274.833,camera_1,removed,76
1649,8245,274.833,camera_2,reacquired,25
1649,8245,274.833,camera_3,lost_track,41
1650,8250,275.0,camera_3,removed,37
1650,8250,275.0,camera_3,removed,-1
1651,8255,275.167,camera_3,reacquired,37
1652,8260,275.333,camera_2,removed,-1
1654,8270,275.667,camera_3,reacquired,60
1654,8270,275.667,camera_3,removed,-1
1655,8275,275.833,camera_1,removed,92
1656,8280,276.0,camera_1,removed,88
1656,8280,276.0,camera_3,lost_track,60
1660,8300,276.667,camera_1,removed,89
1661,8305,276.833,camera_2,reacquired,30
1661,8305,276.833,camera_2,lost_track,25
1663,8315,277.167,camera_2,reacquired,25
1663,8315,277.167,camera_2,lost_track,30
1664,8320,277.333,camera_2,reacquired,30
1666,8330,277.667,camera_1,lost_track,85
1666,8330,277.667,camera_2,lost_track,30
1667,8335,277.833,camera_1,reacquired,85
1668,8340,278.0,camera_2,reacquired,30
1668,8340,278.0,camera_2,lost_track,25
1669,8345,278.167,camera_1,removed,-1
1669,8345,278.167,camera_3,removed,-1
1670,8350,278.333,camera_2,lost_track,30
1671,8355,278.5,camera_1,removed,-1
1672,8360,278.667,camera_3,reacquired,41
1673,8365,278.833,camera_2,reacquired,25
1674,8370,279.0,camera_3,removed,-1
1675,8375,279.167,camera_2,lost_track,25
1676,8380,279.333,camera_2,reacquired,30
1677,8385,279.5,camera_1,lost_track,90
1677,8385,279.5,camera_3,removed,59
1679,8395,279.833,camera_2,lost_track,30
1679,8395,279.833,camera_3,new_track,61
1679,8395,279.833,camera_3,removed,-1
1681,8405,280.167,camera_1,new_track,94
1681,8405,280.167,camera_1,lost_track,81
1681,8405,280.167,camera_2,reacquired,25
1682,8410,280.333,camera_1,new_track,95
1682,8410,280.333,camera_1,reacquired,81
1682,8410,280.333,camera_1,reacquired,90
1682,8410,280.333,camera_1,lost_track,94
1682,8410,280.333,camera_1,removed,-1
1682,8410,280.333,camera_2,reacquired,30
1682,8410,280.333,camera_2,lost_track,25
1683,8415,280.5,camera_3,lost_track,43
1683,8415,280.5,camera_3,removed,-1
1684,8420,280.667,camera_1,reacquired,94
1684,8420,280.667,camera_3,reacquired,43
1685,8425,280.833,camera_1,removed,-1
1685,8425,280.833,camera_3,lost_track,43
1686,8430,281.0,camera_1,lost_track,95
1686,8430,281.0,camera_3,reacquired,43
1686,8430,281.0,camera_3,removed,60
1688,8440,281.333,camera_1,reacquired,95
1689,8445,281.5,camera_1,lost_track,95
1689,8445,281.5,camera_1,removed,-1
1690,8450,281.667,camera_3,lost_track,61
1691,8455,281.833,camera_1,lost_track,85
1691,8455,281.833,camera_3,reacquired,61
1691,8455,281.833,camera_3,lost_track,43
1692,8460,282.0,camera_1,reacquired,85
1693,8465,282.167,camera_2,lost_track,30
1694,8470,282.333,camera_2,reacquired,30
1696,8480,282.667,camera_1,removed,-1
1696,8480,282.667,camera_2,lost_track,30
1697,8485,282.833,camera_1,lost_track,94
1697,8485,282.833,camera_3,reacquired,43
1697,8485,282.833,camera_3,lost_track,61
1698,8490,283.0,camera_3,reacquired,61
1699,8495,283.167,camera_1,reacquired,94
1699,8495,283.167,camera_1,lost_track,85
1699,8495,283.167,camera_3,lost_track,61
1700,8500,283.333,camera_1,reacquired,85
1700,8500,283.333,camera_1,lost_track,94
1700,8500,283.333,camera_2,reacquired,25
1701,8505,283.5,camera_1,reacquired,94
1701,8505,283.5,camera_1,lost_track,85
1702,8510,283.667,camera_1,lost_track,81
1703,8515,283.833,camera_1,reacquired,81
1703,8515,283.833,camera_1,reacquired,85
1703,8515,283.833,camera_2,removed,-1
1703,8515,283.833,camera_3,reacquired,61
1703,8515,283.833,camera_3,lost_track,43
1704,8520,284.0,camera_3,reacquired,43
1705,8525,284.167,camera_1,lost_track,81
1706,8530,284.333,camera_1,reacquired,81
1707,8535,284.5,camera_3,lost_track,61
1708,8540,284.667,camera_2,new_track,35
1708,8540,284.667,camera_3,reacquired,61
1708,8540,284.667,camera_3,lost_track,43
1709,8545,284.833,camera_1,lost_track,85
1709,8545,284.833,camera_2,lost_track,35
1709,8545,284.833,camera_3,removed,-1
1710,8550,285.0,camera_1,new_track,96
1710,8550,285.0,camera_1,reacquired,85
1710,8550,285.0,camera_1,removed,-1
1710,8550,285.0,camera_2,reacquired,30
1710,8550,285.0,camera_2,reacquired,35
1710,8550,285.0,camera_2,lost_track,25
1712,8560,285.333,camera_1,lost_track,96
1712,8560,285.333,camera_1,lost_track,85
1713,8565,285.5,camera_1,lost_track,90
1713,8565,285.5,camera_2,reacquired,25
1713,8565,285.5,camera_2,lost_track,30
1713,8565,285.5,camera_3,removed,-1
1714,8570,285.667,camera_1,reacquired,85
1715,8575,285.833,camera_1,reacquired,96
1715,8575,285.833,camera_3,lost_track,54
1716,8580,286.0,camera_1,lost_track,96
1716,8580,286.0,camera_1,lost_track,85
1716,8580,286.0,camera_2,reacquired,30
1716,8580,286.0,camera_2,lost_track,25
1717,8585,286.167,camera_1,reacquired,96
1717,8585,286.167,camera_2,lost_track,30
1717,8585,286.167,camera_2,removed,-1
1717,8585,286.167,camera_3,reacquired,54
1718,8590,286.333,camera_1,lost_track,94
1718,8590,286.333,camera_1,lost_track,86
1718,8590,286.333,camera_2,lost_track,35
1719,8595,286.5,camera_1,reacquired,94
1719,8595,286.5,camera_1,removed,95
1719,8595,286.5,camera_2,reacquired,30
1719,8595,286.5,camera_2,removed,-1
1720,8600,286.667,camera_1,reacquired,85
1720,8600,286.667,camera_1,lost_track,94
1720,8600,286.667,camera_1,removed,-1
1721,8605,286.833,camera_1,reacquired,94
1721,8605,286.833,camera_1,lost_track,81
1721,8605,286.833,camera_3,lost_track,37
1722,8610,287.0,camera_1,reacquired,81
1722,8610,287.0,camera_1,lost_track,63
1723,8615,287.167,camera_1,lost_track,96
1723,8615,287.167,camera_2,removed,-1
1724,8620,287.333,camera_1,lost_track,85
1724,8620,287.333,camera_1,removed,-1
1724,8620,287.333,camera_2,lost_track,30
1725,8625,287.5,camera_1,lost_track,94
1725,8625,287.5,camera_2,reacquired,30
1725,8625,287.5,camera_3,reacquired,43
1726,8630,287.667,camera_1,reacquired,96
1726,8630,287.667,camera_2,reacquired,25
1726,8630,287.667,camera_2,lost_track,30
1726,8630,287.667,camera_3,lost_track,43
1727,8635,287.833,camera_1,lost_track,96
1728,8640,288.0,camera_1,reacquired,94
1728,8640,288.0,camera_3,reacquired,43
1728,8640,288.0,camera_3,lost_track,61
1729,8645,288.167,camera_1,lost_track,81
1730,8650,288.333,camera_1,reacquired,81
1730,8650,288.333,camera_1,lost_track,94
1732,8660,288.667,camera_1,reacquired,63
1732,8660,288.667,camera_2,reacquired,30
1732,8660,288.667,camera_3,reacquired,61
1732,8660,288.667,camera_3,lost_track,43
1733,8665,288.833,camera_2,lost_track,30
1735,8675,289.167,camera_1,lost_track,81
1735,8675,289.167,camera_3,reacquired,43
1735,8675,289.167,camera_3,lost_track,61
1736,8680,289.333,camera_2,reacquired,30
1736,8680,289.333,camera_3,reacquired,61
1736,8680,289.333,camera_3,lost_track,43
1737,8685,289.5,camera_1,reacquired,81
1737,8685,289.5,camera_3,removed,-1
1738,8690,289.667,camera_1,lost_track,81
1738,8690,289.667,camera_3,reacquired,43
1738,8690,289.667,camera_3,lost_track,61
1739,8695,289.833,camera_1,removed,-1
1740,8700,290.0,camera_2,lost_track,30
1740,8700,290.0,camera_3,lost_track,20
1741,8705,290.167,camera_1,removed,-1
1743,8715,290.5,camera_1,removed,90
1743,8715,290.5,camera_2,lost_track,25
1745,8725,290.833,camera_2,reacquired,25
1746,8730,291.0,camera_1,reacquired,81
1746,8730,291.0,camera_2,lost_track,25
1747,8735,291.167,camera_1,removed,-1
1748,8740,291.333,camera_1,removed,86
1748,8740,291.333,camera_2,removed,35
1748,8740,291.333,camera_3,removed,-1
1749,8745,291.5,camera_1,removed,-1
1749,8745,291.5,camera_2,reacquired,25
1749,8745,291.5,camera_3,lost_track,18
1751,8755,291.833,camera_2,removed,-1
1751,8755,291.833,camera_3,removed,37
1752,8760,292.0,camera_1,lost_track,81
1754,8770,292.333,camera_1,removed,85
1754,8770,292.333,camera_2,removed,-1
1756,8780,292.667,camera_2,lost_track,25
1757,8785,292.833,camera_1,removed,96
1758,8790,293.0,camera_2,lost_track,14
1758,8790,293.0,camera_3,lost_track,56
1759,8795,293.167,camera_3,removed,-1
1760,8800,293.333,camera_1,removed,94
1760,8800,293.333,camera_2,reacquired,25
1760,8800,293.333,camera_2,removed,-1
1760,8800,293.333,camera_3,reacquired,18
1760,8800,293.333,camera_3,lost_track,41
1761,8805,293.5,camera_3,reacquired,41
1761,8805,293.5,camera_3,reacquired,56
1761,8805,293.5,camera_3,lost_track,18
1762,8810,293.667,camera_3,removed,-1
1764,8820,294.0,camera_1,new_track,97
1764,8820,294.0,camera_2,reacquired,30
1764,8820,294.0,camera_2,lost_track,8
1764,8820,294.0,camera_3,new_track,62
1764,8820,294.0,camera_3,lost_track,41
1764,8820,294.0,camera_3,lost_track,19
1765,8825,294.167,camera_2,reacquired,8
1765,8825,294.167,camera_2,lost_track,30
1765,8825,294.167,camera_2,removed,-1
1765,8825,294.167,camera_3,new_track,63
1765,8825,294.167,camera_3,reacquired,19
1766,8830,294.333,camera_1,lost_track,97
1766,8830,294.333,camera_1,lost_track,63
1766,8830,294.333,camera_2,reacquired,30
1766,8830,294.333,camera_2,lost_track,8
1766,8830,294.333,camera_2,lost_track,25
1767,8835,294.5,camera_1,reacquired,63
1767,8835,294.5,camera_1,removed,-1
1767,8835,294.5,camera_3,lost_track,63
1768,8840,294.667,camera_2,removed,-1
1768,8840,294.667,camera_3,reacquired,63
1768,8840,294.667,camera_3,removed,61
1768,8840,294.667,camera_3,removed,-1
1770,8850,295.0,camera_3,removed,20
1770,8850,295.0,camera_3,removed,-1
1771,8855,295.167,camera_1,lost_track,63
1771,8855,295.167,camera_3,lost_track,63
1772,8860,295.333,camera_1,new_track,98
1772,8860,295.333,camera_3,removed,-1
1773,8865,295.5,camera_1,reacquired,97
1773,8865,295.5,camera_1,removed,-1
1774,8870,295.667,camera_2,removed,-1
1775,8875,295.833,camera_1,removed,-1
1775,8875,295.833,camera_3,new_track,64
1777,8885,296.167,camera_1,new_track,99
1777,8885,296.167,camera_3,lost_track,19
1777,8885,296.167,camera_3,removed,-1
1778,8890,296.333,camera_1,lost_track,99
1778,8890,296.333,camera_3,reacquired,18
1778,8890,296.333,camera_3,lost_track,62
1779,8895,296.5,camera_1,lost_track,98
1779,8895,296.5,camera_2,new_track,36
1782,8910,297.0,camera_1,reacquired,63
1782,8910,297.0,camera_1,removed,81
1783,8915,297.167,camera_1,reacquired,99
1783,8915,297.167,camera_1,lost_track,97
1783,8915,297.167,camera_1,lost_track,63
1784,8920,297.333,camera_1,lost_track,99
1784,8920,297.333,camera_1,removed,-1
1785,8925,297.5,camera_1,reacquired,98
1786,8930,297.667,camera_1,reacquired,97
1786,8930,297.667,camera_3,reacquired,62
1787,8935,297.833,camera_3,lost_track,43
1788,8940,298.0,camera_1,reacquired,63
1788,8940,298.0,camera_1,lost_track,97
1788,8940,298.0,camera_2,removed,14
1788,8940,298.0,camera_3,removed,-1
1789,8945,298.167,camera_3,reacquired,19
1790,8950,298.333,camera_1,removed,-1
1790,8950,298.333,camera_3,lost_track,62
1791,8955,298.5,camera_1,reacquired,99
1791,8955,298.5,camera_1,lost_track,98
1791,8955,298.5,camera_1,lost_track,63
1791,8955,298.5,camera_2,lost_track,36
1792,8960,298.667,camera_1,reacquired,97
1792,8960,298.667,camera_1,lost_track,99
1792,8960,298.667,camera_1,removed,-1
1792,8960,298.667,camera_2,reacquired,36
1792,8960,298.667,camera_2,removed,-1
1792,8960,298.667,camera_3,lost_track,56
1793,8965,298.833,camera_1,new_track,100
1794,8970,299.0,camera_1,reacquired,98
1794,8970,299.0,camera_1,lost_track,97
1794,8970,299.0,camera_3,removed,41
1795,8975,299.167,camera_1,lost_track,98
1795,8975,299.167,camera_1,removed,-1
1796,8980,299.333,camera_2,removed,8
1796,8980,299.333,camera_2,removed,25
1796,8980,299.333,camera_3,removed,-1
1797,8985,299.5,camera_3,new_track,65
1797,8985,299.5,camera_3,lost_track,54
1798,8990,299.667,camera_1,new_track,101
1798,8990,299.667,camera_3,reacquired,54
1798,8990,299.667,camera_3,reacquired,62
1799,8995,299.833,camera_1,reacquired,98
1799,8995,299.833,camera_1,lost_track,100
1799,8995,299.833,camera_2,removed,-1
1800,9000,300.0,camera_1,lost_track,98
1800,9000,300.0,camera_3,lost_track,65
1801,9005,300.167,camera_1,reacquired,98
1801,9005,300.167,camera_3,removed,63
1804,9020,300.667,camera_2,lost_track,36
1805,9025,300.833,camera_1,removed,-1
1805,9025,300.833,camera_2,reacquired,36
1807,9035,301.167,camera_1,lost_track,98
1807,9035,301.167,camera_2,new_track,37
1809,9045,301.5,camera_1,lost_track,101
1810,9050,301.667,camera_1,removed,-1
1811,9055,301.833,camera_1,reacquired,101
1812,9060,302.0,camera_1,lost_track,101
1812,9060,302.0,camera_3,lost_track,19
1813,9065,302.167,camera_3,removed,-1
1814,9070,302.333,camera_1,reacquired,98
1814,9070,302.333,camera_1,reacquired,101
1814,9070,302.333,camera_2,lost_track,37
1815,9075,302.5,camera_2,reacquired,37
1815,9075,302.5,camera_2,removed,-1
1815,9075,302.5,camera_3,new_track,66
1815,9075,302.5,camera_3,reacquired,43
1815,9075,302.5,camera_3,lost_track,64
1816,9080,302.667,camera_1,lost_track,98
1817,9085,302.833,camera_1,reacquired,98
1817,9085,302.833,camera_3,removed,-1
1818,9090,303.0,camera_2,removed,-1
1819,9095,303.167,camera_1,reacquired,99
1819,9095,303.167,camera_1,lost_track,98
1819,9095,303.167,camera_1,removed,-1
1819,9095,303.167,camera_3,reacquired,19
1819,9095,303.167,camera_3,lost_track,18
1820,9100,303.333,camera_2,new_track,38
1820,9100,303.333,camera_3,new_track,67
1820,9100,303.333,camera_3,removed,-1
1821,9105,303.5,camera_1,lost_track,101
1821,9105,303.5,camera_1,removed,63
1821,9105,303.5,camera_2,lost_track,38
1822,9110,303.667,camera_2,new_track,39
1822,9110,303.667,camera_3,lost_track,67
1822,9110,303.667,camera_3,removed,56
1823,9115,303.833,camera_1,lost_track,99
1823,9115,303.833,camera_2,lost_track,39
1824,9120,304.0,camera_1,removed,97
1824,9120,304.0,camera_3,removed,-1
1825,9125,304.167,camera_2,removed,-1
1826,9130,304.333,camera_1,new_track,102
1826,9130,304.333,camera_1,reacquired,98
1826,9130,304.333,camera_1,reacquired,99
1826,9130,304.333,camera_2,reacquired,39
1827,9135,304.5,camera_1,lost_track,98
1827,9135,304.5,camera_1,lost_track,102
1828,9140,304.667,camera_1,reacquired,98
1828,9140,304.667,camera_2,lost_track,11
1828,9140,304.667,camera_3,lost_track,62
1829,9145,304.833,camera_1,lost_track,98
1829,9145,304.833,camera_1,removed,100
1829,9145,304.833,camera_2,reacquired,11
1829,9145,304.833,camera_2,reacquired,38
1829,9145,304.833,camera_2,lost_track,39
1829,9145,304.833,camera_2,removed,-1
1829,9145,304.833,camera_3,reacquired,62
1829,9145,304.833,camera_3,lost_track,66
1829,9145,304.833,camera_3,removed,-1
1830,9150,305.0,camera_2,lost_track,38
1830,9150,305.0,camera_3,new_track,68
1830,9150,305.0,camera_3,removed,65
1831,9155,305.167,camera_2,reacquired,38
1832,9160,305.333,camera_1,reacquired,98
1832,9160,305.333,camera_2,lost_track,38
1833,9165,305.5,camera_1,lost_track,98
1833,9165,305.5,camera_1,lost_track,99
1834,9170,305.667,camera_1,removed,-1
1834,9170,305.667,camera_2,reacquired,38
1836,9180,306.0,camera_2,lost_track,38
1836,9180,306.0,camera_2,removed,-1
1837,9185,306.167,camera_1,removed,-1
1837,9185,306.167,camera_2,reacquired,38
1837,9185,306.167,camera_3,lost_track,68
1838,9190,306.333,camera_1,reacquired,99
1839,9195,306.5,camera_3,reacquired,18
1839,9195,306.5,camera_3,lost_track,43
1840,9200,306.667,camera_3,removed,-1
1841,9205,306.833,camera_2,removed,-1
1842,9210,307.0,camera_1,removed,-1
1842,9210,307.0,camera_2,lost_track,36
1842,9210,307.0,camera_2,lost_track,38
1842,9210,307.0,camera_3,reacquired,68
1842,9210,307.0,camera_3,removed,-1
1843,9215,307.167,camera_3,lost_track,68
1844,9220,307.333,camera_2,new_track,40
1844,9220,307.333,camera_3,lost_track,62
1845,9225,307.5,camera_3,reacquired,68
1845,9225,307.5,camera_3,removed,64
1846,9230,307.667,camera_2,lost_track,40
1847,9235,307.833,camera_3,reacquired,62
1847,9235,307.833,camera_3,removed,-1
1848,9240,308.0,camera_1,removed,-1
1850,9250,308.333,camera_3,removed,-1
1851,9255,308.5,camera_1,removed,101
1851,9255,308.5,camera_2,lost_track,30
1851,9255,308.5,camera_3,new_track,69
1851,9255,308.5,camera_3,reacquired,43
1851,9255,308.5,camera_3,lost_track,68
1852,9260,308.667,camera_2,reacquired,30
1852,9260,308.667,camera_3,lost_track,69
1852,9260,308.667,camera_3,removed,67
1853,9265,308.833,camera_2,lost_track,30
1854,9270,309.0,camera_3,lost_track,18
1854,9270,309.0,camera_3,removed,-1
1855,9275,309.167,camera_1,lost_track,99
1855,9275,309.167,camera_2,reacquired,38
1855,9275,309.167,camera_2,lost_track,37
1855,9275,309.167,camera_3,reacquired,18
1857,9285,309.5,camera_1,new_track,103
1857,9285,309.5,camera_1,removed,102
1857,9285,309.5,camera_3,lost_track,18
1858,9290,309.667,camera_2,lost_track,38
1858,9290,309.667,camera_3,removed,-1
1859,9295,309.833,camera_2,new_track,41
1859,9295,309.833,camera_2,reacquired,38
1859,9295,309.833,camera_2,removed,39
1859,9295,309.833,camera_3,removed,66
1861,9305,310.167,camera_1,removed,-1
1862,9310,310.333,camera_3,reacquired,69
1862,9310,310.333,camera_3,lost_track,62
1862,9310,310.333,camera_3,removed,-1
1863,9315,310.5,camera_1,removed,98
1864,9320,310.667,camera_2,lost_track,38
1864,9320,310.667,camera_3,reacquired,62
1864,9320,310.667,camera_3,lost_track,43
1864,9320,310.667,camera_3,lost_track,54
1864,9320,310.667,camera_3,removed,-1
1865,9325,310.833,camera_2,reacquired,38
1865,9325,310.833,camera_3,reacquired,43
1865,9325,310.833,camera_3,reacquired,54
1867,9335,311.167,camera_3,lost_track,69
1868,9340,311.333,camera_1,new_track,104
1868,9340,311.333,camera_1,new_track,105
1869,9345,311.5,camera_1,lost_track,104
1870,9350,311.667,camera_1,reacquired,104
1870,9350,311.667,camera_2,lost_track,41
1871,9355,311.833,camera_1,lost_track,104
1871,9355,311.833,camera_2,reacquired,41
1872,9360,312.0,camera_1,lost_track,103
1872,9360,312.0,camera_2,reacquired,37
1872,9360,312.0,camera_2,removed,36
1873,9365,312.167,camera_2,lost_track,41
1874,9370,312.333,camera_3,reacquired,69
1875,9375,312.5,camera_3,removed,-1
1876,9380,312.667,camera_1,reacquired,103
1876,9380,312.667,camera_2,reacquired,41
1876,9380,312.667,camera_2,removed,40
1877,9385,312.833,camera_1,lost_track,103
1877,9385,312.833,camera_2,lost_track,41
1877,9385,312.833,camera_2,removed,-1
1877,9385,312.833,camera_3,lost_track,43
1877,9385,312.833,camera_3,lost_track,69
1878,9390,313.0,camera_1,reacquired,104
1878,9390,313.0,camera_2,lost_track,37
1879,9395,313.167,camera_1,new_track,106
1879,9395,313.167,camera_1,lost_track,104
1880,9400,313.333,camera_2,reacquired,41
1880,9400,313.333,camera_2,removed,-1
1881,9405,313.5,camera_1,removed,-1
1881,9405,313.5,camera_3,removed,68
1882,9410,313.667,camera_2,removed,-1
1883,9415,313.833,camera_2,removed,30
1883,9415,313.833,camera_3,new_track,70
1884,9420,314.0,camera_1,new_track,107
1884,9420,314.0,camera_3,removed,-1
1885,9425,314.167,camera_1,removed,99
1885,9425,314.167,camera_2,removed,-1
1885,9425,314.167,camera_3,lost_track,70
1886,9430,314.333,camera_3,new_track,71
1887,9435,314.5,camera_1,lost_track,105
1887,9435,314.5,camera_3,removed,18
1888,9440,314.667,camera_1,new_track,108
1888,9440,314.667,camera_1,lost_track,107
1888,9440,314.667,camera_3,removed,-1
1889,9445,314.833,camera_1,removed,-1
1889,9445,314.833,camera_3,lost_track,71
1890,9450,315.0,camera_3,reacquired,69
1891,9455,315.167,camera_2,lost_track,38
1891,9455,315.167,camera_3,reacquired,71
1892,9460,315.333,camera_1,lost_track,48
1892,9460,315.333,camera_3,new_track,72
1893,9465,315.5,camera_2,reacquired,38
1893,9465,315.5,camera_2,lost_track,9
1894,9470,315.667,camera_3,lost_track,72
1894,9470,315.667,camera_3,lost_track,71
1894,9470,315.667,camera_3,removed,-1
1895,9475,315.833,camera_1,reacquired,48
1895,9475,315.833,camera_1,lost_track,108
1895,9475,315.833,camera_3,reacquired,72
1896,9480,316.0,camera_1,lost_track,106
1896,9480,316.0,camera_2,removed,-1
1896,9480,316.0,camera_3,lost_track,72
1897,9485,316.167,camera_1,reacquired,105
1897,9485,316.167,camera_1,reacquired,108
1897,9485,316.167,camera_3,reacquired,71
1899,9495,316.5,camera_3,lost_track,19
1899,9495,316.5,camera_3,lost_track,71
1899,9495,316.5,camera_3,removed,-1
1900,9500,316.667,camera_3,reacquired,19
1902,9510,317.0,camera_1,lost_track,105
1902,9510,317.0,camera_1,lost_track,108
1903,9515,317.167,camera_1,reacquired,108
1903,9515,317.167,camera_3,reacquired,72
1904,9520,317.333,camera_2,removed,-1
1904,9520,317.333,camera_3,lost_track,72
1906,9530,317.667,camera_3,reacquired,72
1906,9530,317.667,camera_3,lost_track,19
1906,9530,317.667,camera_3,removed,-1
1907,9535,317.833,camera_1,lost_track,108
1907,9535,317.833,camera_1,removed,103
1907,9535,317.833,camera_3,reacquired,71
1907,9535,317.833,camera_3,lost_track,72
1907,9535,317.833,camera_3,removed,43
1908,9540,318.0,camera_1,reacquired,108
1908,9540,318.0,camera_2,removed,37
1909,9545,318.167,camera_1,removed,104
1910,9550,318.333,camera_1,new_track,109
1911,9555,318.5,camera_3,reacquired,72
1911,9555,318.5,camera_3,lost_track,71
1911,9555,318.5,camera_3,removed,-1
1913,9565,318.833,camera_1,lost_track,109
1914,9570,319.0,camera_1,reacquired,109
1914,9570,319.0,camera_1,removed,-1
1914,9570,319.0,camera_3,new_track,73
1915,9575,319.167,camera_2,new_track,42
1915,9575,319.167,camera_3,removed,70
1917,9585,319.5,camera_2,lost_track,38
1918,9590,319.667,camera_1,removed,107
1918,9590,319.667,camera_2,reacquired,38
1918,9590,319.667,camera_2,lost_track,42
1919,9595,319.833,camera_2,lost_track,38
1922,9610,320.333,camera_1,lost_track,48
1923,9615,320.5,camera_2,removed,9
1923,9615,320.5,camera_3,removed,-1
1925,9625,320.833,camera_3,lost_track,72
1926,9630,321.0,camera_1,removed,106
1926,9630,321.0,camera_2,reacquired,38
1926,9630,321.0,camera_3,removed,-1
1927,9635,321.167,camera_2,lost_track,41
1928,9640,321.333,camera_2,removed,-1
1929,9645,321.5,camera_2,lost_track,38
1930,9650,321.667,camera_1,new_track,110
1930,9650,321.667,camera_2,new_track,43
1930,9650,321.667,camera_2,reacquired,38
1932,9660,322.0,camera_1,removed,105
1932,9660,322.0,camera_2,removed,-1
1932,9660,322.0,camera_3,lost_track,73
1932,9660,322.0,camera_3,removed,-1
1934,9670,322.333,camera_2,reacquired,41
1934,9670,322.333,camera_2,lost_track,43
1935,9675,322.5,camera_1,removed,-1
1935,9675,322.5,camera_2,new_track,44
1935,9675,322.5,camera_2,lost_track,41
1935,9675,322.5,camera_2,removed,-1
1936,9680,322.667,camera_3,new_track,74
1936,9680,322.667,camera_3,removed,19
1937,9685,322.833,camera_2,removed,-1
1938,9690,323.0,camera_3,lost_track,74
1941,9705,323.5,camera_3,removed,71
1942,9710,323.667,camera_1,removed,-1
1942,9710,323.667,camera_5,new_track,4
1942,9710,323.667,camera_5,removed,-1
1944,9720,324.0,camera_1,lost_track,109
1944,9720,324.0,camera_1,lost_track,110
1945,9725,324.167,camera_1,reacquired,110
1945,9725,324.167,camera_5,removed,-1
1946,9730,324.333,camera_1,lost_track,110
1946,9730,324.333,camera_2,reacquired,43
1946,9730,324.333,camera_2,lost_track,38
1946,9730,324.333,camera_3,new_track,75
1947,9735,324.5,camera_2,lost_track,43
1947,9735,324.5,camera_4,new_track,1
1948,9740,324.667,camera_2,removed,42
1948,9740,324.667,camera_3,removed,-1
1949,9745,324.833,camera_2,reacquired,41
1949,9745,324.833,camera_2,removed,-1
1950,9750,325.0,camera_4,lost_track,1
1950,9750,325.0,camera_5,removed,-1
1952,9760,325.333,camera_1,removed,48
1952,9760,325.333,camera_5,new_track,5
1953,9765,325.5,camera_1,removed,-1
1953,9765,325.5,camera_2,removed,-1
1953,9765,325.5,camera_5,new_track,6
1954,9770,325.667,camera_5,lost_track,6
1955,9775,325.833,camera_3,removed,72
1955,9775,325.833,camera_5,lost_track,5
1958,9790,326.333,camera_1,new_track,111
1958,9790,326.333,camera_3,lost_track,69
1958,9790,326.333,camera_5,new_track,7
1959,9795,326.5,camera_1,lost_track,111
1959,9795,326.5,camera_3,reacquired,69
1959,9795,326.5,camera_5,lost_track,7
1961,9805,326.833,camera_5,removed,-1
1962,9810,327.0,camera_1,removed,-1
1962,9810,327.0,camera_3,lost_track,69
1962,9810,327.0,camera_3,removed,73
1963,9815,327.167,camera_1,new_track,112
1963,9815,327.167,camera_3,reacquired,69
1964,9820,327.333,camera_2,new_track,45
1964,9820,327.333,camera_5,reacquired,6
1964,9820,327.333,camera_5,removed,-1
1965,9825,327.5,camera_1,lost_track,112
1965,9825,327.5,camera_5,lost_track,6
1966,9830,327.667,camera_5,reacquired,6
1966,9830,327.667,camera_5,removed,-1
1967,9835,327.833,camera_5,lost_track,6
1968,9840,328.0,camera_2,lost_track,45
1968,9840,328.0,camera_3,removed,74
1968,9840,328.0,camera_5,removed,-1
1970,9850,328.333,camera_2,lost_track,44
1972,9860,328.667,camera_2,reacquired,44
1974,9870,329.0,camera_1,removed,109
1976,9880,329.333,camera_1,removed,110
1976,9880,329.333,camera_2,removed,38
1977,9885,329.5,camera_2,removed,43
1979,9895,329.833,camera_5,lost_track,4
1980,9900,330.0,camera_3,removed,-1
1980,9900,330.0,camera_4,removed,1
1981,9905,330.167,camera_2,removed,-1
1982,9910,330.333,camera_1,reacquired,112
1982,9910,330.333,camera_1,lost_track,108
1982,9910,330.333,camera_5,reacquired,4
1983,9915,330.5,camera_2,new_track,46
1983,9915,330.5,camera_2,new_track,47
1983,9915,330.5,camera_5,lost_track,4
1985,9925,330.833,camera_2,removed,-1
1985,9925,330.833,camera_3,lost_track,75
1985,9925,330.833,camera_5,removed,5
1986,9930,331.0,camera_3,new_track,76
1986,9930,331.0,camera_3,removed,-1
1987,9935,331.167,camera_1,lost_track,112
1987,9935,331.167,camera_2,lost_track,47
1988,9940,331.333,camera_1,new_track,113
1988,9940,331.333,camera_2,new_track,48
1989,9945,331.5,camera_1,removed,-1
1989,9945,331.5,camera_1,removed,111
1989,9945,331.5,camera_5,removed,7
1990,9950,331.667,camera_2,reacquired,47
1990,9950,331.667,camera_2,lost_track,48
1990,9950,331.667,camera_2,removed,-1
1991,9955,331.833,camera_1,removed,-1
1991,9955,331.833,camera_2,reacquired,48
1992,9960,332.0,camera_1,new_track,114
1992,9960,332.0,camera_2,lost_track,47
1996,9980,332.667,camera_3,lost_track,69
1997,9985,332.833,camera_3,reacquired,69
1997,9985,332.833,camera_3,lost_track,62
1997,9985,332.833,camera_5,removed,6
1998,9990,333.0,camera_2,removed,45
1998,9990,333.0,camera_2,removed,-1
1998,9990,333.0,camera_3,new_track,77
1998,9990,333.0,camera_3,reacquired,62
1999,9995,333.167,camera_2,reacquired,47
2000,10000,333.333,camera_2,lost_track,47
2001,10005,333.5,camera_1,new_track,115
2002,10010,333.667,camera_1,lost_track,113
2002,10010,333.667,camera_1,removed,-1
2002,10010,333.667,camera_2,removed,-1
2002,10010,333.667,camera_3,lost_track,62
2002,10010,333.667,camera_3,removed,-1
2003,10015,333.833,camera_1,reacquired,108
2003,10015,333.833,camera_3,reacquired,62
2004,10020,334.0,camera_2,new_track,49
2004,10020,334.0,camera_3,lost_track,77
2004,10020,334.0,camera_3,lost_track,69
2004,10020,334.0,camera_3,removed,-1
2005,10025,334.167,camera_1,reacquired,113
2005,10025,334.167,camera_1,lost_track,115
2005,10025,334.167,camera_1,removed,-1
2005,10025,334.167,camera_2,lost_track,49
2005,10025,334.167,camera_3,reacquired,69
2006,10030,334.333,camera_2,removed,-1
2008,10040,334.667,camera_1,removed,-1
2009,10045,334.833,camera_1,reacquired,115
2009,10045,334.833,camera_1,lost_track,113
2009,10045,334.833,camera_1,lost_track,108
2009,10045,334.833,camera_3,lost_track,76
2010,10050,335.0,camera_1,lost_track,115
2010,10050,335.0,camera_3,new_track,78
2011,10055,335.167,camera_3,lost_track,62
2011,10055,335.167,camera_3,removed,-1
2012,10060,335.333,camera_1,reacquired,113
2012,10060,335.333,camera_3,lost_track,78
2013,10065,335.5,camera_3,new_track,79
2013,10065,335.5,camera_3,reacquired,62
2013,10065,335.5,camera_3,lost_track,69
2013,10065,335.5,camera_5,removed,4
2014,10070,335.667,camera_2,lost_track,46
2014,10070,335.667,camera_3,reacquired,78
2014,10070,335.667,camera_3,removed,-1
2015,10075,335.833,camera_3,lost_track,78
2015,10075,335.833,camera_3,removed,75
2015,10075,335.833,camera_4,removed,-1
2016,10080,336.0,camera_3,reacquired,78
2016,10080,336.0,camera_4,new_track,2
2017,10085,336.167,camera_1,removed,112
2017,10085,336.167,camera_3,reacquired,76
2017,10085,336.167,camera_3,lost_track,54
2017,10085,336.167,camera_3,removed,-1
2018,10090,336.333,camera_3,lost_track,62
2018,10090,336.333,camera_3,lost_track,78
2019,10095,336.5,camera_2,reacquired,49
2019,10095,336.5,camera_2,lost_track,48
2019,10095,336.5,camera_3,reacquired,54
2020,10100,336.667,camera_2,removed,-1
2022,10110,337.0,camera_1,new_track,116
2022,10110,337.0,camera_1,removed,-1
2022,10110,337.0,camera_2,reacquired,48
2022,10110,337.0,camera_2,lost_track,49
2023,10115,337.167,camera_2,lost_track,48
2023,10115,337.167,camera_2,removed,-1
2024,10120,337.333,camera_1,lost_track,116
2024,10120,337.333,camera_2,reacquired,48
2024,10120,337.333,camera_3,new_track,80
2025,10125,337.5,camera_1,new_track,117
2026,10130,337.667,camera_3,lost_track,54
2026,10130,337.667,camera_3,removed,-1
2026,10130,337.667,camera_4,lost_track,2
2027,10135,337.833,camera_2,lost_track,44
2027,10135,337.833,camera_4,removed,-1
2028,10140,338.0,camera_1,lost_track,117
2028,10140,338.0,camera_2,removed,-1
2028,10140,338.0,camera_3,reacquired,69
2028,10140,338.0,camera_3,lost_track,80
2028,10140,338.0,camera_3,lost_track,79
2029,10145,338.167,camera_1,reacquired,117
2029,10145,338.167,camera_1,removed,-1
2029,10145,338.167,camera_2,new_track,50
2029,10145,338.167,camera_3,reacquired,80
2030,10150,338.333,camera_2,removed,47
2030,10150,338.333,camera_3,lost_track,69
2031,10155,338.5,camera_2,removed,-1
2031,10155,338.5,camera_3,new_track,81
2034,10170,339.0,camera_1,new_track,118
2034,10170,339.0,camera_3,reacquired,69
2034,10170,339.0,camera_3,lost_track,80
2034,10170,339.0,camera_3,lost_track,81
2034,10170,339.0,camera_3,removed,77
2035,10175,339.167,camera_1,reacquired,116
2035,10175,339.167,camera_1,lost_track,118
2035,10175,339.167,camera_1,removed,-1
2035,10175,339.167,camera_5,new_track,8
2036,10180,339.333,camera_1,lost_track,117
2036,10180,339.333,camera_2,lost_track,48
2036,10180,339.333,camera_5,removed,-1
2038,10190,339.667,camera_3,lost_track,69
2039,10195,339.833,camera_1,removed,108
2039,10195,339.833,camera_2,new_track,51
2039,10195,339.833,camera_2,lost_track,41
2040,10200,340.0,camera_1,removed,115
2040,10200,340.0,camera_2,reacquired,41
2040,10200,340.0,camera_2,removed,-1
2041,10205,340.167,camera_1,lost_track,114
2041,10205,340.167,camera_1,removed,-1
2042,10210,340.333,camera_2,removed,-1
2043,10215,340.5,camera_1,new_track,119
2043,10215,340.5,camera_5,new_track,9
2043,10215,340.5,camera_5,lost_track,8
2044,10220,340.667,camera_2,removed,46
2044,10220,340.667,camera_3,removed,-1
2044,10220,340.667,camera_5,removed,-1
2045,10225,340.833,camera_2,removed,-1
2045,10225,340.833,camera_3,new_track,82
2046,10230,341.0,camera_1,lost_track,116
2046,10230,341.0,camera_3,lost_track,76
2048,10240,341.333,camera_2,lost_track,51
2048,10240,341.333,camera_2,removed,-1
2048,10240,341.333,camera_3,new_track,83
2048,10240,341.333,camera_3,removed,78
2048,10240,341.333,camera_3,removed,62
2048,10240,341.333,camera_3,removed,-1
2049,10245,341.5,camera_2,reacquired,51
2049,10245,341.5,camera_3,lost_track,82
2049,10245,341.5,camera_3,lost_track,83
2050,10250,341.667,camera_2,lost_track,50
2050,10250,341.667,camera_2,lost_track,51
2050,10250,341.667,camera_3,new_track,84
2050,10250,341.667,camera_6,removed,-1
2052,10260,342.0,camera_2,reacquired,49
2052,10260,342.0,camera_4,new_track,3
2052,10260,342.0,camera_6,new_track,7
2053,10265,342.167,camera_2,reacquired,51
2054,10270,342.333,camera_2,removed,-1
2054,10270,342.333,camera_3,removed,-1
2055,10275,342.5,camera_2,lost_track,51
2056,10280,342.667,camera_3,removed,54
2056,10280,342.667,camera_4,lost_track,3
2056,10280,342.667,camera_4,removed,2
2057,10285,342.833,camera_2,lost_track,11
2057,10285,342.833,camera_2,removed,44
2058,10290,343.0,camera_3,removed,79
2059,10295,343.167,camera_2,reacquired,11
2060,10300,343.333,camera_6,new_track,8
2061,10305,343.5,camera_1,lost_track,113
2062,10310,343.667,camera_1,removed,-1
2062,10310,343.667,camera_2,lost_track,49
2062,10310,343.667,camera_5,new_track,10
2062,10310,343.667,camera_6,lost_track,8
2062,10310,343.667,camera_6,lost_track,7
2063,10315,343.833,camera_2,reacquired,51
2063,10315,343.833,camera_6,new_track,9
2063,10315,343.833,camera_7,removed,-1
2064,10320,344.0,camera_2,lost_track,51
2064,10320,344.0,camera_3,removed,80
2064,10320,344.0,camera_3,removed,81
2064,10320,344.0,camera_5,lost_track,10
2064,10320,344.0,camera_5,removed,-1
2064,10320,344.0,camera_6,lost_track,9
2065,10325,344.167,camera_1,removed,118
2065,10325,344.167,camera_2,lost_track,41
2065,10325,344.167,camera_5,reacquired,10
2065,10325,344.167,camera_6,removed,-1
2065,10325,344.167,camera_7,new_track,5
2066,10330,344.333,camera_1,removed,117
2066,10330,344.333,camera_2,removed,48
2066,10330,344.333,camera_4,removed,-1
2067,10335,344.5,camera_3,lost_track,84
2067,10335,344.5,camera_5,removed,-1
2068,10340,344.667,camera_2,reacquired,41
2068,10340,344.667,camera_3,reacquired,83
2068,10340,344.667,camera_3,removed,69
2069,10345,344.833,camera_2,reacquired,51
2069,10345,344.833,camera_2,lost_track,41
2070,10350,345.0,camera_2,reacquired,41
2070,10350,345.0,camera_2,lost_track,51
2070,10350,345.0,camera_3,new_track,85
2070,10350,345.0,camera_5,lost_track,10
2071,10355,345.167,camera_1,removed,114
2071,10355,345.167,camera_2,removed,-1
2073,10365,345.5,camera_5,removed,8
2074,10370,345.667,camera_2,lost_track,41
2075,10375,345.833,camera_2,reacquired,41
2076,10380,346.0,camera_1,removed,116
2076,10380,346.0,camera_2,lost_track,41
2076,10380,346.0,camera_3,removed,76
2079,10395,346.5,camera_2,lost_track,11
2079,10395,346.5,camera_3,removed,82
2079,10395,346.5,camera_5,removed,-1
2080,10400,346.667,camera_2,removed,50
2081,10405,346.833,camera_2,new_track,52
2081,10405,346.833,camera_2,new_track,53
2081,10405,346.833,camera_2,reacquired,11
2082,10410,347.0,camera_2,lost_track,53
2082,10410,347.0,camera_5,removed,-1
2083,10415,347.167,camera_2,reacquired,41
2083,10415,347.167,camera_3,lost_track,85
2085,10425,347.5,camera_3,new_track,86
2086,10430,347.667,camera_3,lost_track,86
2086,10430,347.667,camera_4,removed,3
2086,10430,347.667,camera_5,removed,-1
2087,10435,347.833,camera_2,reacquired,51
2087,10435,347.833,camera_7,lost_track,5
2088,10440,348.0,camera_2,lost_track,41
2088,10440,348.0,camera_3,removed,-1
2089,10445,348.167,camera_3,new_track,87
2089,10445,348.167,camera_7,reacquired,5
2089,10445,348.167,camera_7,removed,-1
2090,10450,348.333,camera_3,lost_track,87
2091,10455,348.5,camera_1,removed,113
2091,10455,348.5,camera_2,reacquired,41
2092,10460,348.667,camera_2,removed,49
2092,10460,348.667,camera_6,removed,8
2092,10460,348.667,camera_6,removed,7
2093,10465,348.833,camera_1,lost_track,119
2094,10470,349.0,camera_6,removed,9
2096,10480,349.333,camera_2,new_track,54
2096,10480,349.333,camera_2,reacquired,53
2096,10480,349.333,camera_2,lost_track,11
2097,10485,349.5,camera_1,reacquired,119
2097,10485,349.5,camera_3,removed,84
2097,10485,349.5,camera_5,lost_track,9
2098,10490,349.667,camera_2,lost_track,41
2098,10490,349.667,camera_5,removed,-1
2100,10500,350.0,camera_2,reacquired,41
2100,10500,350.0,camera_3,reacquired,87
2100,10500,350.0,camera_5,removed,10
2103,10515,350.5,camera_2,lost_track,41
2103,10515,350.5,camera_2,lost_track,54
2103,10515,350.5,camera_3,lost_track,87
2104,10520,350.667,camera_3,reacquired,86
2104,10520,350.667,camera_3,lost_track,83
2105,10525,350.833,camera_2,reacquired,54
2105,10525,350.833,camera_3,new_track,88
2106,10530,351.0,camera_2,lost_track,54
2108,10540,351.333,camera_1,lost_track,119
2108,10540,351.333,camera_2,reacquired,41
2109,10545,351.5,camera_1,removed,-1
2109,10545,351.5,camera_2,reacquired,54
2109,10545,351.5,camera_7,lost_track,5
2110,10550,351.667,camera_7,removed,-1
2111,10555,351.833,camera_2,lost_track,41
2111,10555,351.833,camera_2,lost_track,54
2111,10555,351.833,camera_6,new_track,10
2112,10560,352.0,camera_2,reacquired,41
2112,10560,352.0,camera_2,reacquired,54
2112,10560,352.0,camera_6,new_track,11
2113,10565,352.167,camera_2,lost_track,41
2113,10565,352.167,camera_3,removed,85
2114,10570,352.333,camera_2,reacquired,41
2114,10570,352.333,camera_6,lost_track,11
2115,10575,352.5,camera_2,lost_track,54
2115,10575,352.5,camera_6,removed,-1
2116,10580,352.667,camera_2,reacquired,54
2118,10590,353.0,camera_3,lost_track,86
2119,10595,353.167,camera_2,lost_track,41
2119,10595,353.167,camera_3,new_track,89
2120,10600,353.333,camera_3,lost_track,89
2120,10600,353.333,camera_4,removed,-1
2121,10605,353.5,camera_2,reacquired,41
2122,10610,353.667,camera_2,lost_track,41
2123,10615,353.833,camera_2,reacquired,41
2123,10615,353.833,camera_2,lost_track,51
2123,10615,353.833,camera_3,reacquired,89
2124,10620,354.0,camera_2,reacquired,51
2124,10620,354.0,camera_3,lost_track,88
2124,10620,354.0,camera_6,lost_track,10
2125,10625,354.167,camera_3,new_track,90
2125,10625,354.167,camera_6,removed,-1
2126,10630,354.333,camera_1,reacquired,119
2126,10630,354.333,camera_2,removed,11
2126,10630,354.333,camera_3,lost_track,90
2127,10635,354.5,camera_2,lost_track,51
2127,10635,354.5,camera_2,removed,-1
2127,10635,354.5,camera_3,new_track,91
2127,10635,354.5,camera_5,removed,9
2128,10640,354.667,camera_2,new_track,55
2128,10640,354.667,camera_2,lost_track,41
2129,10645,354.833,camera_2,lost_track,54
2130,10650,355.0,camera_1,removed,-1
2130,10650,355.0,camera_3,lost_track,89
2131,10655,355.167,camera_1,new_track,120
2131,10655,355.167,camera_3,removed,-1
2132,10660,355.333,camera_1,lost_track,120
2132,10660,355.333,camera_5,new_track,11
2133,10665,355.5,camera_3,reacquired,90
2133,10665,355.5,camera_3,lost_track,91
2133,10665,355.5,camera_3,removed,87
2134,10670,355.667,camera_3,removed,83
2135,10675,355.833,camera_1,new_track,121
2136,10680,356.0,camera_1,lost_track,121
2137,10685,356.167,camera_3,reacquired,88
2137,10685,356.167,camera_3,lost_track,90
2138,10690,356.333,camera_5,new_track,12
2139,10695,356.5,camera_7,removed,5
2140,10700,356.667,camera_5,new_track,13
2140,10700,356.667,camera_5,removed,-1
2141,10705,356.833,camera_5,lost_track,13
2142,10710,357.0,camera_1,removed,-1
2143,10715,357.167,camera_1,reacquired,121
2143,10715,357.167,camera_1,lost_track,119
2143,10715,357.167,camera_5,lost_track,12
2144,10720,357.333,camera_1,new_track,122
2144,10720,357.333,camera_2,removed,-1
2144,10720,357.333,camera_5,reacquired,12
2144,10720,357.333,camera_5,reacquired,13
2144,10720,357.333,camera_5,removed,-1
2144,10720,357.333,camera_6,removed,11
2145,10725,357.5,camera_2,lost_track,55
2146,10730,357.667,camera_2,removed,-1
2146,10730,357.667,camera_4,new_track,4
2146,10730,357.667,camera_5,lost_track,11
2146,10730,357.667,camera_5,lost_track,13
2147,10735,357.833,camera_5,removed,-1
2148,10740,358.0,camera_3,removed,86
2150,10750,358.333,camera_4,lost_track,4
2152,10760,358.667,camera_5,new_track,14
2153,10765,358.833,camera_3,new_track,92
2154,10770,359.0,camera_3,lost_track,92
2154,10770,359.0,camera_6,removed,10
2155,10775,359.167,camera_3,new_track,93
2155,10775,359.167,camera_3,lost_track,88
2155,10775,359.167,camera_5,lost_track,14
2155,10775,359.167,camera_5,removed,-1
2157,10785,359.5,camera_2,removed,51
2157,10785,359.5,camera_5,reacquired,14
2158,10790,359.667,camera_2,removed,41
2159,10795,359.833,camera_2,removed,54
2159,10795,359.833,camera_5,lost_track,14
2160,10800,360.0,camera_3,removed,89
2160,10800,360.0,camera_5,reacquired,14
2162,10810,360.333,camera_1,removed,120
2163,10815,360.5,camera_3,removed,91
2163,10815,360.5,camera_5,lost_track,14
2163,10815,360.5,camera_5,removed,-1
2164,10820,360.667,camera_2,lost_track,52
2167,10835,361.167,camera_1,new_track,123
2167,10835,361.167,camera_3,removed,90
2167,10835,361.167,camera_5,reacquired,14
2168,10840,361.333,camera_1,lost_track,123
2168,10840,361.333,camera_1,removed,-1
2168,10840,361.333,camera_5,lost_track,14
2169,10845,361.5,camera_5,removed,-1
2172,10860,362.0,camera_2,new_track,56
2173,10865,362.167,camera_1,removed,119
2174,10870,362.333,camera_5,removed,-1
2175,10875,362.5,camera_1,lost_track,121
2175,10875,362.5,camera_2,removed,55
2176,10880,362.667,camera_1,new_track,124
2176,10880,362.667,camera_2,new_track,57
2176,10880,362.667,camera_5,new_track,15
2176,10880,362.667,camera_5,removed,11
2176,10880,362.667,camera_5,removed,13
2177,10885,362.833,camera_3,lost_track,93
2177,10885,362.833,camera_5,lost_track,15
2178,10890,363.0,camera_5,reacquired,15
2180,10900,363.333,camera_4,removed,4
2180,10900,363.333,camera_5,lost_track,15
2181,10905,363.5,camera_3,new_track,94
2181,10905,363.5,camera_3,new_track,95
2182,10910,363.667,camera_3,lost_track,94
2184,10920,364.0,camera_3,reacquired,94
2184,10920,364.0,camera_3,removed,92
2185,10925,364.167,camera_1,reacquired,123
2185,10925,364.167,camera_3,lost_track,94
2185,10925,364.167,camera_3,lost_track,95
2185,10925,364.167,camera_3,removed,88
2185,10925,364.167,camera_3,removed,-1
2186,10930,364.333,camera_1,lost_track,123
2186,10930,364.333,camera_3,new_track,96
2187,10935,364.5,camera_1,lost_track,124
2189,10945,364.833,camera_2,lost_track,56
2191,10955,365.167,camera_2,new_track,58
2191,10955,365.167,camera_2,new_track,59
2191,10955,365.167,camera_5,lost_track,12
2192,10960,365.333,camera_1,removed,-1
2192,10960,365.333,camera_3,removed,-1
2193,10965,365.5,camera_5,removed,-1
2194,10970,365.667,camera_2,removed,52
2196,10980,366.0,camera_5,reacquired,12
2197,10985,366.167,camera_5,lost_track,12
2198,10990,366.333,camera_5,removed,14
2199,10995,366.5,camera_1,lost_track,122
2199,10995,366.5,camera_1,removed,-1
2199,10995,366.5,camera_5,new_track,16
2200,11000,366.667,camera_1,new_track,125
2200,11000,366.667,camera_2,lost_track,58
2201,11005,366.833,camera_2,removed,-1
2204,11020,367.333,camera_4,new_track,5
2205,11025,367.5,camera_1,removed,121
2205,11025,367.5,camera_3,lost_track,96
2206,11030,367.667,camera_3,removed,-1
2207,11035,367.833,camera_3,removed,93
2207,11035,367.833,camera_5,removed,-1
2208,11040,368.0,camera_3,removed,-1
2209,11045,368.167,camera_3,new_track,97
2210,11050,368.333,camera_3,new_track,98
2210,11050,368.333,camera_4,lost_track,5
2210,11050,368.333,camera_5,removed,15
2213,11065,368.833,camera_5,new_track,17
2214,11070,369.0,camera_5,lost_track,17
2215,11075,369.167,camera_1,reacquired,123
2215,11075,369.167,camera_3,removed,95
2215,11075,369.167,camera_3,removed,94
2215,11075,369.167,camera_3,removed,-1
2217,11085,369.5,camera_1,lost_track,123
2217,11085,369.5,camera_1,removed,124
2218,11090,369.667,camera_1,reacquired,123
2218,11090,369.667,camera_5,reacquired,17
2219,11095,369.833,camera_2,new_track,60
2219,11095,369.833,camera_2,removed,56
2220,11100,370.0,camera_1,lost_track,123
2220,11100,370.0,camera_5,new_track,18
2221,11105,370.167,camera_3,lost_track,4
2221,11105,370.167,camera_5,lost_track,17
2222,11110,370.333,camera_2,lost_track,59
2222,11110,370.333,camera_3,reacquired,4
2222,11110,370.333,camera_3,lost_track,97
2222,11110,370.333,camera_5,lost_track,18
2223,11115,370.5,camera_3,reacquired,97
2223,11115,370.5,camera_3,removed,-1
2225,11125,370.833,camera_2,new_track,61
2225,11125,370.833,camera_3,lost_track,98
2226,11130,371.0,camera_2,reacquired,59
2226,11130,371.0,camera_5,new_track,19
2227,11135,371.167,camera_2,lost_track,59
2227,11135,371.167,camera_5,removed,12
2227,11135,371.167,camera_5,removed,-1
2228,11140,371.333,camera_1,lost_track,125
2229,11145,371.5,camera_1,removed,122
2229,11145,371.5,camera_1,removed,-1
2229,11145,371.5,camera_2,reacquired,59
2229,11145,371.5,camera_2,lost_track,57
2229,11145,371.5,camera_3,new_track,99
2229,11145,371.5,camera_5,new_track,20
2230,11150,371.667,camera_2,lost_track,59
2230,11150,371.667,camera_2,removed,58
2232,11160,372.0,camera_2,reacquired,57
2232,11160,372.0,camera_2,reacquired,59
2232,11160,372.0,camera_2,lost_track,60
2232,11160,372.0,camera_2,removed,-1
2232,11160,372.0,camera_3,lost_track,99
2233,11165,372.167,camera_2,lost_track,61
2233,11165,372.167,camera_5,lost_track,19
2234,11170,372.333,camera_2,reacquired,61
2234,11170,372.333,camera_5,reacquired,19
2234,11170,372.333,camera_5,removed,-1
2235,11175,372.5,camera_3,removed,96
2235,11175,372.5,camera_5,reacquired,18
2236,11180,372.667,camera_2,lost_track,61
2237,11185,372.833,camera_1,reacquired,123
2237,11185,372.833,camera_5,removed,-1
2239,11195,373.167,camera_3,removed,-1
2239,11195,373.167,camera_5,new_track,21
2240,11200,373.333,camera_4,new_track,6
2240,11200,373.333,camera_4,removed,5
2241,11205,373.5,camera_5,lost_track,19
2241,11205,373.5,camera_5,lost_track,20
2242,11210,373.667,camera_3,lost_track,97
2243,11215,373.833,camera_3,reacquired,97
2243,11215,373.833,camera_3,lost_track,4
2243,11215,373.833,camera_3,removed,-1
2243,11215,373.833,camera_4,lost_track,6
2243,11215,373.833,camera_5,reacquired,19
2243,11215,373.833,camera_5,lost_track,21
2244,11220,374.0,camera_3,new_track,100
2244,11220,374.0,camera_5,lost_track,18
2244,11220,374.0,camera_5,removed,-1
2245,11225,374.167,camera_2,lost_track,57
2245,11225,374.167,camera_3,new_track,101
2245,11225,374.167,camera_3,lost_track,100
2246,11230,374.333,camera_2,new_track,62
2246,11230,374.333,camera_2,lost_track,59
2246,11230,374.333,camera_3,lost_track,97
2246,11230,374.333,camera_3,lost_track,101
2246,11230,374.333,camera_5,reacquired,18
2246,11230,374.333,camera_5,removed,-1
2247,11235,374.5,camera_2,reacquired,57
2247,11235,374.5,camera_3,reacquired,100
2247,11235,374.5,camera_3,removed,-1
2248,11240,374.667,camera_2,lost_track,57
2248,11240,374.667,camera_5,reacquired,20
2248,11240,374.667,camera_5,lost_track,18
2248,11240,374.667,camera_5,removed,-1
2249,11245,374.833,camera_2,lost_track,62
2249,11245,374.833,camera_3,new_track,102
2249,11245,374.833,camera_5,lost_track,20
2251,11255,375.167,camera_5,reacquired,18
2251,11255,375.167,camera_5,removed,17
2252,11260,375.333,camera_2,reacquired,57
2252,11260,375.333,camera_5,lost_track,18
2253,11265,375.5,camera_5,new_track,22
2253,11265,375.5,camera_5,reacquired,18
2254,11270,375.667,camera_2,reacquired,59
2255,11275,375.833,camera_1,lost_track,123
2255,11275,375.833,camera_2,lost_track,57
2255,11275,375.833,camera_2,lost_track,59
2255,11275,375.833,camera_3,removed,98
2255,11275,375.833,camera_5,new_track,23
2255,11275,375.833,camera_5,lost_track,18
2256,11280,376.0,camera_2,reacquired,57
2256,11280,376.0,camera_2,lost_track,53
2256,11280,376.0,camera_5,new_track,24
2256,11280,376.0,camera_5,reacquired,18
2256,11280,376.0,camera_5,lost_track,23
2257,11285,376.167,camera_2,lost_track,57
2257,11285,376.167,camera_5,lost_track,18
2258,11290,376.333,camera_1,removed,125
2258,11290,376.333,camera_5,reacquired,18
2258,11290,376.333,camera_5,lost_track,16
2258,11290,376.333,camera_5,lost_track,24
2259,11295,376.5,camera_5,reacquired,24
2259,11295,376.5,camera_5,lost_track,18
2259,11295,376.5,camera_5,removed,-1
2260,11300,376.667,camera_2,reacquired,57
2260,11300,376.667,camera_2,reacquired,59
2260,11300,376.667,camera_3,reacquired,101
2260,11300,376.667,camera_3,lost_track,102
2262,11310,377.0,camera_2,lost_track,59
2262,11310,377.0,camera_2,removed,60
2262,11310,377.0,camera_3,lost_track,101
2262,11310,377.0,camera_3,removed,99
2263,11315,377.167,camera_2,reacquired,59
2263,11315,377.167,camera_3,removed,-1
2264,11320,377.333,camera_4,removed,-1
2264,11320,377.333,camera_5,reacquired,18
2264,11320,377.333,camera_5,lost_track,24
2265,11325,377.5,camera_4,new_track,7
2265,11325,377.5,camera_5,reacquired,24
2265,11325,377.5,camera_5,lost_track,18
2266,11330,377.667,camera_2,removed,61
2266,11330,377.667,camera_5,reacquired,18
2266,11330,377.667,camera_5,lost_track,22
2266,11330,377.667,camera_6,removed,-1
2267,11335,377.833,camera_3,lost_track,100
2267,11335,377.833,camera_5,lost_track,18
2267,11335,377.833,camera_5,removed,-1
2267,11335,377.833,camera_6,new_track,12
2268,11340,378.0,camera_3,reacquired,100
2269,11345,378.167,camera_4,removed,-1
2269,11345,378.167,camera_5,lost_track,24
2271,11355,378.5,camera_3,lost_track,100
2271,11355,378.5,camera_4,new_track,8
2272,11360,378.667,camera_4,removed,-1
2273,11365,378.833,camera_2,lost_track,59
2273,11365,378.833,camera_3,removed,4
2273,11365,378.833,camera_3,removed,-1
2273,11365,378.833,camera_4,new_track,9
2273,11365,378.833,camera_4,removed,6
2273,11365,378.833,camera_5,removed,21
2274,11370,379.0,camera_2,lost_track,57
2274,11370,379.0,camera_6,removed,-1
2275,11375,379.167,camera_2,reacquired,57
2276,11380,379.333,camera_3,removed,97
2276,11380,379.333,camera_4,lost_track,9
2276,11380,379.333,camera_6,new_track,13
2277,11385,379.5,camera_2,reacquired,59
2277,11385,379.5,camera_6,new_track,14
2278,11390,379.667,camera_2,new_track,63
2278,11390,379.667,camera_2,lost_track,57
2278,11390,379.667,camera_5,new_track,25
2278,11390,379.667,camera_5,removed,-1
2279,11395,379.833,camera_2,reacquired,57
2279,11395,379.833,camera_2,removed,62
2279,11395,379.833,camera_5,removed,20
2280,11400,380.0,camera_1,new_track,126
2280,11400,380.0,camera_6,lost_track,14
2280,11400,380.0,camera_6,removed,-1
2280,11400,380.0,camera_7,removed,-1
2281,11405,380.167,camera_1,lost_track,126
2281,11405,380.167,camera_2,lost_track,57
2281,11405,380.167,camera_2,lost_track,59
2281,11405,380.167,camera_2,lost_track,63
2281,11405,380.167,camera_4,lost_track,7
2281,11405,380.167,camera_5,removed,-1
2281,11405,380.167,camera_6,lost_track,12
2282,11410,380.333,camera_2,reacquired,57
2282,11410,380.333,camera_2,reacquired,59
2282,11410,380.333,camera_7,new_track,6
2283,11415,380.5,camera_2,new_track,64
2283,11415,380.5,camera_2,lost_track,57
2283,11415,380.5,camera_2,lost_track,59
2283,11415,380.5,camera_5,new_track,26
2283,11415,380.5,camera_5,reacquired,18
2284,11420,380.667,camera_2,reacquired,57
2284,11420,380.667,camera_2,reacquired,59
2284,11420,380.667,camera_2,lost_track,64
2284,11420,380.667,camera_5,new_track,27
2285,11425,380.833,camera_1,removed,123
2285,11425,380.833,camera_2,lost_track,59
2285,11425,380.833,camera_2,removed,-1
2285,11425,380.833,camera_5,lost_track,18
2286,11430,381.0,camera_2,removed,53
2286,11430,381.0,camera_5,reacquired,18
2286,11430,381.0,camera_5,lost_track,26
2286,11430,381.0,camera_5,removed,23
2287,11435,381.167,camera_4,lost_track,8
2288,11440,381.333,camera_5,lost_track,18
2288,11440,381.333,camera_5,removed,16
2288,11440,381.333,camera_6,new_track,15
2290,11450,381.667,camera_1,reacquired,126
2290,11450,381.667,camera_2,new_track,65
2290,11450,381.667,camera_3,removed,102
2290,11450,381.667,camera_5,reacquired,26
2290,11450,381.667,camera_5,lost_track,19
2290,11450,381.667,camera_6,reacquired,14
2290,11450,381.667,camera_6,lost_track,13
2291,11455,381.833,camera_2,reacquired,64
2291,11455,381.833,camera_6,reacquired,13
2291,11455,381.833,camera_6,lost_track,14
2291,11455,381.833,camera_6,lost_track,15
2291,11455,381.833,camera_7,removed,-1
2292,11460,382.0,camera_1,removed,-1
2292,11460,382.0,camera_3,removed,101
2292,11460,382.0,camera_5,lost_track,26
2292,11460,382.0,camera_5,removed,-1
2292,11460,382.0,camera_6,lost_track,13
2292,11460,382.0,camera_7,new_track,7
2293,11465,382.167,camera_2,reacquired,59
2293,11465,382.167,camera_5,new_track,28
2294,11470,382.333,camera_2,lost_track,57
2294,11470,382.333,camera_5,lost_track,27
2294,11470,382.333,camera_5,removed,-1
2295,11475,382.5,camera_2,lost_track,64
2295,11475,382.5,camera_2,lost_track,59
2295,11475,382.5,camera_5,lost_track,28
2296,11480,382.667,camera_2,reacquired,64
2296,11480,382.667,camera_5,removed,22
2297,11485,382.833,camera_2,lost_track,64
2297,11485,382.833,camera_6,removed,-1
2298,11490,383.0,camera_5,new_track,29
2298,11490,383.0,camera_6,new_track,16
2299,11495,383.167,camera_2,reacquired,57
2299,11495,383.167,camera_2,reacquired,59
2299,11495,383.167,camera_5,lost_track,29
2299,11495,383.167,camera_5,removed,24
2301,11505,383.5,camera_2,reacquired,64
2301,11505,383.5,camera_2,lost_track,57
2301,11505,383.5,camera_2,lost_track,59
2301,11505,383.5,camera_3,new_track,103
2301,11505,383.5,camera_3,removed,100
2302,11510,383.667,camera_1,lost_track,126
2302,11510,383.667,camera_2,lost_track,64
2302,11510,383.667,camera_5,reacquired,29
2304,11520,384.0,camera_2,reacquired,59
2305,11525,384.167,camera_2,reacquired,57
2305,11525,384.167,camera_2,lost_track,65
2305,11525,384.167,camera_2,lost_track,59
2305,11525,384.167,camera_3,lost_track,103
2305,11525,384.167,camera_5,lost_track,29
2306,11530,384.333,camera_3,reacquired,103
2306,11530,384.333,camera_4,removed,9
2306,11530,384.333,camera_5,new_track,30
2307,11535,384.5,camera_2,reacquired,59
2307,11535,384.5,camera_2,reacquired,64
2307,11535,384.5,camera_2,lost_track,57
2308,11540,384.667,camera_2,lost_track,59
2308,11540,384.667,camera_3,lost_track,103
2308,11540,384.667,camera_4,removed,-1
2309,11545,384.833,camera_2,reacquired,59
2309,11545,384.833,camera_3,removed,-1
2309,11545,384.833,camera_5,new_track,31
2309,11545,384.833,camera_6,new_track,17
2310,11550,385.0,camera_5,lost_track,31
2310,11550,385.0,camera_5,removed,-1
2311,11555,385.167,camera_2,removed,63
2311,11555,385.167,camera_4,new_track,10
2311,11555,385.167,camera_4,removed,7
2311,11555,385.167,camera_6,removed,12
2311,11555,385.167,camera_7,new_track,8
2312,11560,385.333,camera_6,lost_track,17
2313,11565,385.5,camera_5,reacquired,29
2313,11565,385.5,camera_6,reacquired,15
2313,11565,385.5,camera_6,lost_track,16
2314,11570,385.667,camera_2,lost_track,59
2314,11570,385.667,camera_5,reacquired,28
2314,11570,385.667,camera_5,reacquired,31
2314,11570,385.667,camera_5,lost_track,29
2314,11570,385.667,camera_6,lost_track,15
2314,11570,385.667,camera_7,lost_track,7
2315,11575,385.833,camera_2,reacquired,59
2315,11575,385.833,camera_5,lost_track,28
2315,11575,385.833,camera_7,new_track,9
2315,11575,385.833,camera_7,removed,-1
2316,11580,386.0,camera_2,lost_track,64
2316,11580,386.0,camera_2,lost_track,59
2316,11580,386.0,camera_5,lost_track,31
2317,11585,386.167,camera_4,removed,8
2318,11590,386.333,camera_2,reacquired,64
2318,11590,386.333,camera_5,removed,18
2318,11590,386.333,camera_7,lost_track,6
2319,11595,386.5,camera_7,new_track,10
2319,11595,386.5,camera_7,removed,-1
2320,11600,386.667,camera_5,removed,19
2321,11605,386.833,camera_4,new_track,11
2321,11605,386.833,camera_6,removed,14
2322,11610,387.0,camera_5,removed,26
2322,11610,387.0,camera_6,removed,13
2324,11620,387.333,camera_2,reacquired,59
2324,11620,387.333,camera_4,lost_track,11
2324,11620,387.333,camera_5,lost_track,30
2324,11620,387.333,camera_5,removed,27
2325,11625,387.5,camera_2,lost_track,64
2325,11625,387.5,camera_2,lost_track,59
2325,11625,387.5,camera_5,new_track,32
2325,11625,387.5,camera_7,lost_track,8
2326,11630,387.667,camera_1,new_track,127
2326,11630,387.667,camera_2,new_track,66
2326,11630,387.667,camera_2,reacquired,59
2326,11630,387.667,camera_2,reacquired,64
2326,11630,387.667,camera_7,new_track,11
2326,11630,387.667,camera_7,removed,-1
2327,11635,387.833,camera_1,removed,-1
2327,11635,387.833,camera_2,lost_track,64
2327,11635,387.833,camera_2,lost_track,66
2327,11635,387.833,camera_4,lost_track,10
2327,11635,387.833,camera_5,reacquired,30
2328,11640,388.0,camera_1,lost_track,127
2328,11640,388.0,camera_2,removed,-1
2328,11640,388.0,camera_4,removed,-1
2328,11640,388.0,camera_5,lost_track,30
2329,11645,388.167,camera_5,reacquired,30
2330,11650,388.333,camera_5,removed,-1
2331,11655,388.5,camera_2,lost_track,59
2331,11655,388.5,camera_5,lost_track,30
2332,11660,388.667,camera_1,removed,126
2333,11665,388.833,camera_2,reacquired,64
2334,11670,389.0,camera_2,lost_track,64
2334,11670,389.0,camera_5,removed,-1
2334,11670,389.0,camera_6,reacquired,17
2334,11670,389.0,camera_6,removed,-1
2335,11675,389.167,camera_2,removed,65
2336,11680,389.333,camera_5,lost_track,25
2336,11680,389.333,camera_5,removed,-1
2336,11680,389.333,camera_6,removed,-1
2336,11680,389.333,camera_7,lost_track,9
2337,11685,389.5,camera_2,removed,57
2337,11685,389.5,camera_6,new_track,18
2338,11690,389.667,camera_3,removed,103
2341,11705,390.167,camera_5,removed,-1
2341,11705,390.167,camera_6,lost_track,18
2343,11715,390.5,camera_5,removed,-1
2343,11715,390.5,camera_6,removed,16
2343,11715,390.5,camera_6,removed,-1
2344,11720,390.667,camera_5,removed,29
2344,11720,390.667,camera_6,new_track,19
2344,11720,390.667,camera_6,removed,15
2344,11720,390.667,camera_7,removed,7
2345,11725,390.833,camera_5,removed,28
2345,11725,390.833,camera_5,removed,-1
2346,11730,391.0,camera_5,removed,31
2347,11735,391.167,camera_5,new_track,33
2348,11740,391.333,camera_5,lost_track,33
2348,11740,391.333,camera_7,removed,6
2349,11745,391.5,camera_2,reacquired,59
2349,11745,391.5,camera_5,reacquired,33
2350,11750,391.667,camera_6,lost_track,17
2351,11755,391.833,camera_6,removed,-1
2352,11760,392.0,camera_5,lost_track,33
2352,11760,392.0,camera_5,removed,-1
2353,11765,392.167,camera_5,reacquired,33
2354,11770,392.333,camera_4,removed,11
2354,11770,392.333,camera_5,lost_track,33
2355,11775,392.5,camera_5,reacquired,33
2355,11775,392.5,camera_7,removed,8
2356,11780,392.667,camera_2,new_track,67
2357,11785,392.833,camera_2,removed,66
2357,11785,392.833,camera_4,removed,10
2357,11785,392.833,camera_5,lost_track,33
2357,11785,392.833,camera_5,removed,-1
2358,11790,393.0,camera_1,removed,127
2358,11790,393.0,camera_2,lost_track,67
2358,11790,393.0,camera_5,new_track,34
2358,11790,393.0,camera_6,new_track,20
2359,11795,393.167,camera_2,reacquired,64
2359,11795,393.167,camera_2,lost_track,59
2360,11800,393.333,camera_2,reacquired,59
2360,11800,393.333,camera_6,lost_track,20
2360,11800,393.333,camera_7,new_track,12
2361,11805,393.5,camera_5,removed,30
2362,11810,393.667,camera_6,lost_track,19
2364,11820,394.0,camera_5,lost_track,32
2364,11820,394.0,camera_5,removed,-1
2364,11820,394.0,camera_7,lost_track,12
2365,11825,394.167,camera_7,new_track,13
2365,11825,394.167,camera_7,removed,-1
2366,11830,394.333,camera_1,new_track,128
2366,11830,394.333,camera_2,new_track,68
2366,11830,394.333,camera_5,removed,25
2366,11830,394.333,camera_7,removed,9
2368,11840,394.667,camera_1,lost_track,128
2368,11840,394.667,camera_2,lost_track,59
2369,11845,394.833,camera_2,reacquired,59
2369,11845,394.833,camera_2,lost_track,68
2370,11850,395.0,camera_2,lost_track,59
2370,11850,395.0,camera_4,new_track,12
2371,11855,395.167,camera_6,removed,18
2371,11855,395.167,camera_7,lost_track,10
2373,11865,395.5,camera_5,removed,-1
2373,11865,395.5,camera_7,new_track,14
2374,11870,395.667,camera_2,reacquired,59
2374,11870,395.667,camera_4,lost_track,12
2374,11870,395.667,camera_5,new_track,35
2374,11870,395.667,camera_7,lost_track,14
2375,11875,395.833,camera_4,removed,-1
2376,11880,396.0,camera_7,reacquired,14
2378,11890,396.333,camera_2,lost_track,59
2378,11890,396.333,camera_5,removed,-1
2379,11895,396.5,camera_2,lost_track,64
2380,11900,396.667,camera_6,removed,17
2381,11905,396.833,camera_5,new_track,36
2383,11915,397.167,camera_5,new_track,37
2384,11920,397.333,camera_7,reacquired,10
2385,11925,397.5,camera_7,lost_track,10
2386,11930,397.667,camera_5,removed,-1
2387,11935,397.833,camera_5,removed,33
2388,11940,398.0,camera_2,removed,67
2388,11940,398.0,camera_7,lost_track,14
2390,11950,398.333,camera_5,new_track,38
2390,11950,398.333,camera_6,removed,20
2391,11955,398.5,camera_5,removed,-1
2392,11960,398.667,camera_6,removed,19
2392,11960,398.667,camera_7,reacquired,10
2394,11970,399.0,camera_4,new_track,13
2394,11970,399.0,camera_5,lost_track,37
2394,11970,399.0,camera_5,lost_track,38
2394,11970,399.0,camera_5,removed,32
2394,11970,399.0,camera_7,removed,12
2395,11975,399.167,camera_5,new_track,39
2395,11975,399.167,camera_5,reacquired,38
2395,11975,399.167,camera_5,removed,-1
2395,11975,399.167,camera_7,lost_track,10
2395,11975,399.167,camera_7,removed,-1
2396,11980,399.333,camera_4,lost_track,13
2396,11980,399.333,camera_5,lost_track,35
2397,11985,399.5,camera_4,new_track,14
2397,11985,399.5,camera_5,removed,-1
2397,11985,399.5,camera_7,reacquired,10
2397,11985,399.5,camera_7,removed,-1
2398,11990,399.667,camera_1,removed,128
2398,11990,399.667,camera_4,lost_track,14
2398,11990,399.667,camera_5,lost_track,38
2399,11995,399.833,camera_2,removed,68
2400,12000,400.0,camera_2,new_track,69
2400,12000,400.0,camera_5,lost_track,39
2401,12005,400.167,camera_6,new_track,21
2402,12010,400.333,camera_1,new_track,129
2403,12015,400.5,camera_6,new_track,22
2404,12020,400.667,camera_1,lost_track,129
2404,12020,400.667,camera_2,lost_track,69
2404,12020,400.667,camera_4,removed,12
2406,12030,401.0,camera_7,lost_track,11
2407,12035,401.167,camera_6,new_track,23
2407,12035,401.167,camera_7,lost_track,10
2408,12040,401.333,camera_2,reacquired,64
2408,12040,401.333,camera_2,removed,59
2408,12040,401.333,camera_6,lost_track,22
2408,12040,401.333,camera_7,reacquired,10
2409,12045,401.5,camera_6,new_track,24
2409,12045,401.5,camera_6,removed,-1
2409,12045,401.5,camera_7,lost_track,10
2411,12055,401.833,camera_1,new_track,130
2411,12055,401.833,camera_2,new_track,70
2412,12060,402.0,camera_5,new_track,40
2412,12060,402.0,camera_5,reacquired,39
2412,12060,402.0,camera_5,lost_track,34
2412,12060,402.0,camera_6,lost_track,24
2413,12065,402.167,camera_2,removed,-1
2413,12065,402.167,camera_5,lost_track,39
2413,12065,402.167,camera_5,removed,-1
2413,12065,402.167,camera_6,reacquired,24
2413,12065,402.167,camera_6,removed,-1
2413,12065,402.167,camera_7,lost_track,13
2414,12070,402.333,camera_6,new_track,25
2414,12070,402.333,camera_6,lost_track,24
2414,12070,402.333,camera_7,removed,-1
2416,12080,402.667,camera_6,reacquired,24
2418,12090,403.0,camera_2,new_track,71
2418,12090,403.0,camera_2,removed,-1
2418,12090,403.0,camera_4,new_track,15
2418,12090,403.0,camera_7,removed,14
2419,12095,403.167,camera_2,lost_track,71
2419,12095,403.167,camera_3,removed,-1
2419,12095,403.167,camera_5,lost_track,40
2420,12100,403.333,camera_3,new_track,104
2421,12105,403.5,camera_2,lost_track,64
2421,12105,403.5,camera_5,lost_track,36
2422,12110,403.667,camera_2,reacquired,64
2422,12110,403.667,camera_2,reacquired,71
2424,12120,404.0,camera_5,removed,37
2424,12120,404.0,camera_6,lost_track,24
2426,12130,404.333,camera_2,lost_track,64
2426,12130,404.333,camera_2,lost_track,71
2426,12130,404.333,camera_4,removed,13
2426,12130,404.333,camera_5,removed,35
2426,12130,404.333,camera_6,reacquired,24
2426,12130,404.333,camera_6,lost_track,23
2427,12135,404.5,camera_6,lost_track,24
2428,12140,404.667,camera_4,removed,14
2428,12140,404.667,camera_5,removed,38
2430,12150,405.0,camera_1,lost_track,130
2430,12150,405.0,camera_6,lost_track,21
2431,12155,405.167,camera_1,removed,-1
2431,12155,405.167,camera_2,reacquired,64
2431,12155,405.167,camera_2,reacquired,71
2431,12155,405.167,camera_4,lost_track,15
2431,12155,405.167,camera_6,removed,-1
2432,12160,405.333,camera_3,new_track,105
2432,12160,405.333,camera_4,new_track,16
2432,12160,405.333,camera_6,lost_track,25
2433,12165,405.5,camera_1,reacquired,130
2433,12165,405.5,camera_1,removed,-1
2433,12165,405.5,camera_4,lost_track,16
2434,12170,405.667,camera_1,removed,129
2434,12170,405.667,camera_2,lost_track,64
2434,12170,405.667,camera_2,lost_track,71
2434,12170,405.667,camera_2,removed,69
2434,12170,405.667,camera_2,removed,-1
2435,12175,405.833,camera_5,removed,-1
2436,12180,406.0,camera_5,new_track,41
2436,12180,406.0,camera_7,removed,11
2437,12185,406.167,camera_2,reacquired,64
2437,12185,406.167,camera_2,reacquired,71
2438,12190,406.333,camera_6,removed,22
2439,12195,406.5,camera_7,removed,10
2440,12200,406.667,camera_2,new_track,72
2440,12200,406.667,camera_2,lost_track,71
2441,12205,406.833,camera_4,reacquired,16
2442,12210,407.0,camera_2,reacquired,71
2442,12210,407.0,camera_2,removed,-1
2442,12210,407.0,camera_5,new_track,42
2442,12210,407.0,camera_5,removed,34
2443,12215,407.167,camera_2,lost_track,64
2443,12215,407.167,camera_3,lost_track,105
2443,12215,407.167,camera_3,removed,-1
2443,12215,407.167,camera_4,reacquired,15
2443,12215,407.167,camera_4,lost_track,16
2443,12215,407.167,camera_5,removed,-1
2443,12215,407.167,camera_5,removed,39
2443,12215,407.167,camera_7,removed,13
2444,12220,407.333,camera_5,new_track,43
2446,12230,407.667,camera_2,removed,-1
2448,12240,408.0,camera_2,reacquired,64
2449,12245,408.167,camera_1,lost_track,130
2449,12245,408.167,camera_2,lost_track,64
2449,12245,408.167,camera_5,lost_track,41
2449,12245,408.167,camera_5,removed,40
2450,12250,408.333,camera_2,reacquired,64
2450,12250,408.333,camera_2,lost_track,72
2450,12250,408.333,camera_5,new_track,44
2451,12255,408.5,camera_1,removed,-1
2451,12255,408.5,camera_2,lost_track,70
2451,12255,408.5,camera_2,lost_track,71
2451,12255,408.5,camera_5,lost_track,43
2451,12255,408.5,camera_5,removed,36
2452,12260,408.667,camera_2,reacquired,71
2452,12260,408.667,camera_5,new_track,45
2452,12260,408.667,camera_5,removed,-1
2453,12265,408.833,camera_1,new_track,131
2453,12265,408.833,camera_2,new_track,73
2453,12265,408.833,camera_2,reacquired,72
2453,12265,408.833,camera_2,lost_track,64
2453,12265,408.833,camera_3,reacquired,105
2453,12265,408.833,camera_3,lost_track,104
2454,12270,409.0,camera_4,reacquired,16
2454,12270,409.0,camera_4,removed,-1
2455,12275,409.167,camera_1,removed,-1
2455,12275,409.167,camera_5,new_track,46
2455,12275,409.167,camera_5,removed,-1
2456,12280,409.333,camera_1,lost_track,131
2456,12280,409.333,camera_2,lost_track,72
2456,12280,409.333,camera_6,removed,23
2457,12285,409.5,camera_2,reacquired,64
2457,12285,409.5,camera_3,lost_track,105
2457,12285,409.5,camera_5,lost_track,44
2457,12285,409.5,camera_5,lost_track,45
2457,12285,409.5,camera_6,removed,24
2458,12290,409.667,camera_2,lost_track,64
2458,12290,409.667,camera_5,new_track,47
2458,12290,409.667,camera_5,removed,-1
2459,12295,409.833,camera_2,new_track,74
2459,12295,409.833,camera_2,reacquired,72
2459,12295,409.833,camera_2,lost_track,73
2459,12295,409.833,camera_4,lost_track,15
2460,12300,410.0,camera_1,removed,-1
2460,12300,410.0,camera_4,reacquired,15
2460,12300,410.0,camera_5,lost_track,46
2460,12300,410.0,camera_5,removed,-1
2460,12300,410.0,camera_6,removed,21
2461,12305,410.167,camera_5,reacquired,46
2462,12310,410.333,camera_2,removed,-1
2462,12310,410.333,camera_5,new_track,48
2462,12310,410.333,camera_6,removed,25
2463,12315,410.5,camera_1,new_track,132
2463,12315,410.5,camera_2,reacquired,64
2464,12320,410.667,camera_2,lost_track,64
2464,12320,410.667,camera_5,lost_track,47
2465,12325,410.833,camera_1,removed,-1
2465,12325,410.833,camera_2,lost_track,72
2465,12325,410.833,camera_5,removed,-1
2466,12330,411.0,camera_2,new_track,75
2466,12330,411.0,camera_2,reacquired,72
2467,12335,411.167,camera_1,removed,-1
2467,12335,411.167,camera_5,lost_track,48
2468,12340,411.333,camera_2,removed,-1
2468,12340,411.333,camera_5,lost_track,46
2469,12345,411.5,camera_2,lost_track,72
2469,12345,411.5,camera_3,removed,-1
2470,12350,411.667,camera_1,new_track,133
2470,12350,411.667,camera_2,reacquired,72
2471,12355,411.833,camera_2,new_track,76
2471,12355,411.833,camera_3,new_track,106
2473,12365,412.167,camera_5,removed,-1
2474,12370,412.333,camera_1,new_track,134
2474,12370,412.333,camera_3,removed,-1
2475,12375,412.5,camera_2,lost_track,72
2475,12375,412.5,camera_5,reacquired,46
2475,12375,412.5,camera_5,lost_track,42
2476,12380,412.667,camera_5,lost_track,46
2477,12385,412.833,camera_2,reacquired,72
2477,12385,412.833,camera_3,new_track,107
2477,12385,412.833,camera_5,removed,-1
2478,12390,413.0,camera_1,new_track,135
2478,12390,413.0,camera_2,removed,-1
2478,12390,413.0,camera_4,lost_track,15
2479,12395,413.167,camera_1,removed,130
2479,12395,413.167,camera_1,removed,-1
2479,12395,413.167,camera_5,removed,41
2480,12400,413.333,camera_1,lost_track,135
2480,12400,413.333,camera_2,lost_track,72
2480,12400,413.333,camera_2,removed,-1
2480,12400,413.333,camera_3,new_track,108
2481,12405,413.5,camera_2,removed,70
2481,12405,413.5,camera_5,removed,43
2482,12410,413.667,camera_2,reacquired,72
2482,12410,413.667,camera_2,reacquired,73
2482,12410,413.667,camera_2,removed,-1
2482,12410,413.667,camera_3,new_track,109
2483,12415,413.833,camera_2,lost_track,73
2483,12415,413.833,camera_3,removed,104
2484,12420,414.0,camera_2,new_track,77
2485,12425,414.167,camera_2,reacquired,64
2485,12425,414.167,camera_3,lost_track,108
2485,12425,414.167,camera_3,lost_track,109
2486,12430,414.333,camera_1,removed,131
2486,12430,414.333,camera_1,removed,-1
2486,12430,414.333,camera_2,lost_track,72
2486,12430,414.333,camera_2,lost_track,64
2486,12430,414.333,camera_3,removed,-1
2487,12435,414.5,camera_2,lost_track,75
2487,12435,414.5,camera_3,new_track,110
2487,12435,414.5,camera_3,reacquired,109
2487,12435,414.5,camera_3,removed,105
2487,12435,414.5,camera_5,removed,44
2487,12435,414.5,camera_5,removed,45
2488,12440,414.667,camera_1,removed,-1
2488,12440,414.667,camera_2,removed,-1
2489,12445,414.833,camera_3,lost_track,107
2491,12455,415.167,camera_3,new_track,111
2491,12455,415.167,camera_3,removed,-1
2492,12460,415.333,camera_2,reacquired,72
2492,12460,415.333,camera_2,lost_track,76
2493,12465,415.5,camera_2,reacquired,76
2493,12465,415.5,camera_2,lost_track,72
2493,12465,415.5,camera_2,lost_track,77
2493,12465,415.5,camera_2,removed,-1
2493,12465,415.5,camera_4,removed,-1
2494,12470,415.667,camera_5,removed,47
2495,12475,415.833,camera_1,lost_track,132
2495,12475,415.833,camera_3,lost_track,109
2495,12475,415.833,camera_4,new_track,17
2496,12480,416.0,camera_1,new_track,136
2496,12480,416.0,camera_2,new_track,78
2496,12480,416.0,camera_3,removed,-1
2497,12485,416.167,camera_2,reacquired,72
2497,12485,416.167,camera_2,lost_track,76
2497,12485,416.167,camera_5,removed,48
2498,12490,416.333,camera_1,reacquired,132
2498,12490,416.333,camera_1,lost_track,136
2498,12490,416.333,camera_2,removed,-1
2499,12495,416.5,camera_1,removed,-1
2499,12495,416.5,camera_2,reacquired,64
2499,12495,416.5,camera_2,lost_track,72
2500,12500,416.667,camera_1,lost_track,132
2500,12500,416.667,camera_2,lost_track,64
2501,12505,416.833,camera_1,removed,-1
2501,12505,416.833,camera_2,reacquired,72
2502,12510,417.0,camera_1,new_track,137
2502,12510,417.0,camera_3,removed,-1
2503,12515,417.167,camera_1,lost_track,137
2503,12515,417.167,camera_1,removed,-1
2503,12515,417.167,camera_2,reacquired,64
2503,12515,417.167,camera_2,lost_track,72
2504,12520,417.333,camera_2,lost_track,71
2505,12525,417.5,camera_2,reacquired,71
2505,12525,417.5,camera_4,lost_track,16
2505,12525,417.5,camera_5,removed,42
2506,12530,417.667,camera_2,lost_track,74
2506,12530,417.667,camera_2,lost_track,71
2506,12530,417.667,camera_3,lost_track,111
2506,12530,417.667,camera_5,removed,46
2507,12535,417.833,camera_3,new_track,112
2508,12540,418.0,camera_3,new_track,113
2508,12540,418.0,camera_4,removed,15
2509,12545,418.167,camera_2,reacquired,71
2509,12545,418.167,camera_3,lost_track,113
2509,12545,418.167,camera_3,removed,-1
2510,12550,418.333,camera_1,removed,135
2511,12555,418.5,camera_2,lost_track,71
2512,12560,418.667,camera_1,reacquired,132
2512,12560,418.667,camera_1,lost_track,134
2512,12560,418.667,camera_2,reacquired,71
2512,12560,418.667,camera_4,lost_track,17
2512,12560,418.667,camera_4,removed,-1
2513,12565,418.833,camera_2,new_track,79
2513,12565,418.833,camera_2,removed,73
2513,12565,418.833,camera_4,new_track,18
2514,12570,419.0,camera_1,lost_track,133
2514,12570,419.0,camera_2,lost_track,78
2515,12575,419.167,camera_2,lost_track,71
2515,12575,419.167,camera_3,lost_track,106
2515,12575,419.167,camera_3,removed,108
2516,12580,419.333,camera_2,new_track,80
2517,12585,419.5,camera_2,removed,75
2518,12590,419.667,camera_2,reacquired,71
2518,12590,419.667,camera_2,lost_track,80
2519,12595,419.833,camera_1,reacquired,134
2519,12595,419.833,camera_1,lost_track,132
2519,12595,419.833,camera_3,removed,107
2520,12600,420.0,camera_2,lost_track,64
2520,12600,420.0,camera_4,removed,-1
2521,12605,420.167,camera_3,lost_track,110
2522,12610,420.333,camera_2,lost_track,71
2522,12610,420.333,camera_4,new_track,19
2522,12610,420.333,camera_4,reacquired,16
2523,12615,420.5,camera_2,reacquired,71
2523,12615,420.5,camera_2,removed,77
2523,12615,420.5,camera_4,lost_track,19
2524,12620,420.667,camera_3,lost_track,112
2524,12620,420.667,camera_4,new_track,20
2525,12625,420.833,camera_3,new_track,114
2525,12625,420.833,camera_3,removed,109
2526,12630,421.0,camera_3,lost_track,114
2527,12635,421.167,camera_2,removed,76
2527,12635,421.167,camera_3,removed,-1
2528,12640,421.333,camera_1,removed,136
2529,12645,421.5,camera_2,reacquired,64
2530,12650,421.667,camera_2,lost_track,64
2530,12650,421.667,camera_2,lost_track,71
2530,12650,421.667,camera_4,lost_track,18
2531,12655,421.833,camera_2,reacquired,64
2532,12660,422.0,camera_2,lost_track,64
2532,12660,422.0,camera_5,removed,-1
2533,12665,422.167,camera_1,removed,137
2533,12665,422.167,camera_2,reacquired,64
2533,12665,422.167,camera_2,removed,72
2533,12665,422.167,camera_4,new_track,21
2533,12665,422.167,camera_5,new_track,49
2534,12670,422.333,camera_1,lost_track,134
2534,12670,422.333,camera_2,lost_track,64
2534,12670,422.333,camera_2,lost_track,79
2534,12670,422.333,camera_4,lost_track,21
2534,12670,422.333,camera_5,removed,-1
2535,12675,422.5,camera_2,reacquired,71
2536,12680,422.667,camera_2,removed,74
2536,12680,422.667,camera_3,removed,111
2536,12680,422.667,camera_4,reacquired,21
2537,12685,422.833,camera_2,lost_track,71
2538,12690,423.0,camera_2,reacquired,71
2538,12690,423.0,camera_4,lost_track,21
2539,12695,423.167,camera_2,lost_track,71
2539,12695,423.167,camera_3,removed,113
2540,12700,423.333,camera_2,reacquired,71
2540,12700,423.333,camera_4,reacquired,21
2542,12710,423.667,camera_4,lost_track,21
2542,12710,423.667,camera_4,removed,17
2543,12715,423.833,camera_5,lost_track,49
2544,12720,424.0,camera_1,removed,133
2544,12720,424.0,camera_2,lost_track,71
2544,12720,424.0,camera_2,removed,78
2545,12725,424.167,camera_2,reacquired,71
2545,12725,424.167,camera_3,removed,106
2546,12730,424.333,camera_2,lost_track,71
2547,12735,424.5,camera_4,reacquired,19
2547,12735,424.5,camera_4,lost_track,20
2548,12740,424.667,camera_2,removed,80
2549,12745,424.833,camera_1,removed,132
2549,12745,424.833,camera_2,removed,-1
2550,12750,425.0,camera_6,removed,-1
2551,12755,425.167,camera_3,reacquired,114
2551,12755,425.167,camera_3,removed,110
2551,12755,425.167,camera_4,lost_track,19
2551,12755,425.167,camera_6,new_track,26
2552,12760,425.333,camera_2,reacquired,71
2554,12770,425.667,camera_2,new_track,81
2554,12770,425.667,camera_3,removed,112
2558,12790,426.333,camera_1,new_track,138
2560,12800,426.667,camera_4,removed,18
2562,12810,427.0,camera_6,new_track,27
2564,12820,427.333,camera_1,removed,134
2564,12820,427.333,camera_2,removed,64
2564,12820,427.333,camera_2,removed,79
2565,12825,427.5,camera_4,reacquired,21
2565,12825,427.5,camera_6,lost_track,27
2565,12825,427.5,camera_7,removed,-1
2566,12830,427.667,camera_4,new_track,22
2566,12830,427.667,camera_4,lost_track,21
2566,12830,427.667,camera_6,lost_track,26
2566,12830,427.667,camera_6,removed,-1
2566,12830,427.667,camera_7,new_track,15
2567,12835,427.833,camera_2,new_track,82
2567,12835,427.833,camera_3,lost_track,114
2567,12835,427.833,camera_4,reacquired,21
2567,12835,427.833,camera_4,lost_track,22
2568,12840,428.0,camera_2,lost_track,82
2570,12850,428.333,camera_1,new_track,139
2571,12855,428.5,camera_1,lost_track,139
2571,12855,428.5,camera_2,reacquired,82
2572,12860,428.667,camera_2,lost_track,82
2573,12865,428.833,camera_2,reacquired,82
2573,12865,428.833,camera_3,removed,-1
2573,12865,428.833,camera_5,removed,49
2576,12880,429.333,camera_2,lost_track,82
2577,12885,429.5,camera_4,removed,20
2578,12890,429.667,camera_2,reacquired,82
2579,12895,429.833,camera_7,removed,-1
2580,12900,430.0,camera_5,new_track,50
2581,12905,430.167,camera_2,lost_track,82
2581,12905,430.167,camera_4,removed,19
2583,12915,430.5,camera_2,reacquired,82
2583,12915,430.5,camera_5,new_track,51
2585,12925,430.833,camera_2,lost_track,82
2585,12925,430.833,camera_4,new_track,23
2585,12925,430.833,camera_4,lost_track,16
2585,12925,430.833,camera_5,new_track,52
2585,12925,430.833,camera_5,removed,-1
2586,12930,431.0,camera_1,lost_track,138
2586,12930,431.0,camera_4,removed,-1
2587,12935,431.167,camera_1,removed,-1
2588,12940,431.333,camera_2,lost_track,71
2588,12940,431.333,camera_5,removed,-1
2589,12945,431.5,camera_2,lost_track,81
2590,12950,431.667,camera_4,reacquired,16
2590,12950,431.667,camera_4,removed,-1
2590,12950,431.667,camera_5,removed,-1
2590,12950,431.667,camera_7,lost_track,15
2592,12960,432.0,camera_4,lost_track,16
2592,12960,432.0,camera_4,removed,-1
2592,12960,432.0,camera_5,new_track,53
2593,12965,432.167,camera_7,reacquired,15
2594,12970,432.333,camera_4,removed,-1
2595,12975,432.5,camera_4,lost_track,21
2595,12975,432.5,camera_5,lost_track,52
2595,12975,432.5,camera_6,removed,27
2596,12980,432.667,camera_5,reacquired,52
2596,12980,432.667,camera_5,removed,-1
2596,12980,432.667,camera_6,removed,26
2597,12985,432.833,camera_3,removed,114
2597,12985,432.833,camera_4,removed,22
2598,12990,433.0,camera_4,new_track,24
2598,12990,433.0,camera_5,lost_track,51
2599,12995,433.167,camera_5,removed,-1
2600,13000,433.333,camera_5,new_track,54
2600,13000,433.333,camera_5,lost_track,50
2601,13005,433.5,camera_1,removed,139
2601,13005,433.5,camera_4,lost_track,24
2601,13005,433.5,camera_5,new_track,55
2601,13005,433.5,camera_5,lost_track,52
2601,13005,433.5,camera_5,removed,-1
2601,13005,433.5,camera_7,lost_track,15
2602,13010,433.667,camera_4,reacquired,24
2602,13010,433.667,camera_4,lost_track,23
2602,13010,433.667,camera_5,new_track,56
2602,13010,433.667,camera_7,new_track,16
2602,13010,433.667,camera_7,removed,-1
2603,13015,433.833,camera_2,reacquired,71
2603,13015,433.833,camera_2,reacquired,82
2603,13015,433.833,camera_5,lost_track,53
2605,13025,434.167,camera_4,lost_track,24
2605,13025,434.167,camera_5,new_track,57
2606,13030,434.333,camera_4,removed,-1
2606,13030,434.333,camera_5,lost_track,55
2607,13035,434.5,camera_2,lost_track,82
2607,13035,434.5,camera_5,removed,-1
2608,13040,434.667,camera_2,reacquired,82
2609,13045,434.833,camera_2,lost_track,82
2610,13050,435.0,camera_2,reacquired,82
2610,13050,435.0,camera_5,lost_track,56
2611,13055,435.167,camera_2,lost_track,71
2611,13055,435.167,camera_5,removed,-1
2613,13065,435.5,camera_5,removed,-1
2615,13075,435.833,camera_6,new_track,28
2616,13080,436.0,camera_1,removed,138
2616,13080,436.0,camera_2,lost_track,82
2616,13080,436.0,camera_5,removed,-1
2616,13080,436.0,camera_6,new_track,29
2617,13085,436.167,camera_6,removed,-1
2617,13085,436.167,camera_7,lost_track,16
2618,13090,436.333,camera_5,removed,-1
2619,13095,436.5,camera_2,removed,81
2621,13105,436.833,camera_2,reacquired,82
2621,13105,436.833,camera_5,removed,-1
2622,13110,437.0,camera_2,reacquired,71
2622,13110,437.0,camera_2,lost_track,82
2622,13110,437.0,camera_4,removed,16
2622,13110,437.0,camera_6,lost_track,29
2623,13115,437.167,camera_5,new_track,58
2625,13125,437.5,camera_4,removed,21
2625,13125,437.5,camera_5,lost_track,58
2625,13125,437.5,camera_5,removed,-1
2628,13140,438.0,camera_5,removed,51
2630,13150,438.333,camera_5,removed,50
2631,13155,438.5,camera_5,removed,52
2631,13155,438.5,camera_7,removed,15
2632,13160,438.667,camera_4,removed,23
2632,13160,438.667,camera_5,new_track,59
2632,13160,438.667,camera_5,removed,-1
2632,13160,438.667,camera_6,lost_track,28
2633,13165,438.833,camera_5,removed,53
2633,13165,438.833,camera_6,removed,-1
2634,13170,439.0,camera_5,new_track,60
2635,13175,439.167,camera_4,removed,24
2636,13180,439.333,camera_5,removed,55
2637,13185,439.5,camera_5,lost_track,60
2638,13190,439.667,camera_2,removed,-1
2638,13190,439.667,camera_5,lost_track,59
2639,13195,439.833,camera_2,lost_track,71
2639,13195,439.833,camera_5,reacquired,59
2639,13195,439.833,camera_5,removed,-1
2640,13200,440.0,camera_5,new_track,61
2640,13200,440.0,camera_5,new_track,62
2640,13200,440.0,camera_5,removed,56
2642,13210,440.333,camera_2,removed,-1
2642,13210,440.333,camera_5,lost_track,59
2645,13225,440.833,camera_2,new_track,83
2645,13225,440.833,camera_5,lost_track,57
2646,13230,441.0,camera_2,lost_track,83
2646,13230,441.0,camera_5,reacquired,57
2646,13230,441.0,camera_5,removed,-1
2647,13235,441.167,camera_2,reacquired,83
2647,13235,441.167,camera_7,removed,16
2648,13240,441.333,camera_2,lost_track,83
2648,13240,441.333,camera_2,removed,-1
2648,13240,441.333,camera_5,lost_track,57
2649,13245,441.5,camera_1,new_track,140
2649,13245,441.5,camera_5,lost_track,62
2650,13250,441.667,camera_2,new_track,84
2650,13250,441.667,camera_2,reacquired,71
2652,13260,442.0,camera_2,reacquired,83
2652,13260,442.0,camera_2,removed,82
2652,13260,442.0,camera_2,removed,-1
2652,13260,442.0,camera_5,removed,-1
2652,13260,442.0,camera_6,removed,29
2653,13265,442.167,camera_2,lost_track,83
2655,13275,442.5,camera_2,reacquired,83
2655,13275,442.5,camera_5,new_track,63
2655,13275,442.5,camera_5,reacquired,57
2655,13275,442.5,camera_5,lost_track,54
2655,13275,442.5,camera_5,removed,58
2656,13280,442.667,camera_2,lost_track,83
2656,13280,442.667,camera_5,reacquired,54
2656,13280,442.667,camera_5,lost_track,57
2656,13280,442.667,camera_5,lost_track,63
2657,13285,442.833,camera_1,lost_track,140
2658,13290,443.0,camera_1,removed,-1
2658,13290,443.0,camera_2,lost_track,84
2658,13290,443.0,camera_2,lost_track,71
2659,13295,443.167,camera_2,reacquired,71
2659,13295,443.167,camera_4,removed,-1
2659,13295,443.167,camera_5,reacquired,57
2659,13295,443.167,camera_5,lost_track,54
2660,13300,443.333,camera_4,new_track,25
2661,13305,443.5,camera_5,reacquired,63
2661,13305,443.5,camera_5,lost_track,57
2661,13305,443.5,camera_5,removed,-1
2662,13310,443.667,camera_4,lost_track,25
2662,13310,443.667,camera_6,removed,28
2663,13315,443.833,camera_4,removed,-1
2663,13315,443.833,camera_5,removed,-1
2664,13320,444.0,camera_2,lost_track,71
2665,13325,444.167,camera_2,reacquired,83
2666,13330,444.333,camera_5,new_track,64
2666,13330,444.333,camera_5,removed,-1
2667,13335,444.5,camera_2,reacquired,71
2667,13335,444.5,camera_2,lost_track,83
2667,13335,444.5,camera_5,new_track,65
2667,13335,444.5,camera_5,reacquired,57
2667,13335,444.5,camera_5,lost_track,64
2667,13335,444.5,camera_5,removed,60
2668,13340,444.667,camera_2,reacquired,83
2668,13340,444.667,camera_2,lost_track,71
2668,13340,444.667,camera_5,lost_track,57
2668,13340,444.667,camera_5,removed,-1
2669,13345,444.833,camera_2,reacquired,71
2669,13345,444.833,camera_2,lost_track,83
2669,13345,444.833,camera_5,reacquired,57
2669,13345,444.833,camera_5,lost_track,65
2670,13350,445.0,camera_2,removed,-1
2671,13355,445.167,camera_2,reacquired,83
2671,13355,445.167,camera_5,lost_track,57
2672,13360,445.333,camera_2,lost_track,71
2672,13360,445.333,camera_5,reacquired,64
2672,13360,445.333,camera_5,removed,59
2673,13365,445.5,camera_2,lost_track,83
2675,13375,445.833,camera_5,lost_track,64
2675,13375,445.833,camera_5,lost_track,63
2679,13395,446.5,camera_5,removed,62
2681,13405,446.833,camera_5,reacquired,64
2682,13410,447.0,camera_2,reacquired,71
2683,13415,447.167,camera_5,new_track,66
2686,13430,447.667,camera_2,lost_track,71
2687,13435,447.833,camera_1,removed,140
2687,13435,447.833,camera_5,reacquired,65
2687,13435,447.833,camera_5,lost_track,64
2688,13440,448.0,camera_2,reacquired,71
2688,13440,448.0,camera_2,removed,84
2688,13440,448.0,camera_5,new_track,67
2688,13440,448.0,camera_5,new_track,68
2688,13440,448.0,camera_5,lost_track,66
2689,13445,448.167,camera_2,removed,-1
2689,13445,448.167,camera_5,removed,54
2690,13450,448.333,camera_5,reacquired,66
2691,13455,448.5,camera_5,lost_track,66
2691,13455,448.5,camera_5,removed,-1
2692,13460,448.667,camera_4,removed,25
2693,13465,448.833,camera_5,lost_track,68
2695,13475,449.167,camera_5,reacquired,68
2696,13480,449.333,camera_5,removed,-1
2698,13490,449.667,camera_5,lost_track,68
2700,13500,450.0,camera_2,removed,-1
2700,13500,450.0,camera_5,lost_track,65
2700,13500,450.0,camera_5,lost_track,61
2701,13505,450.167,camera_5,removed,57
2702,13510,450.333,camera_2,removed,-1
2702,13510,450.333,camera_5,reacquired,65
2703,13515,450.5,camera_2,removed,83
2703,13515,450.5,camera_5,reacquired,61
2703,13515,450.5,camera_5,lost_track,65
2703,13515,450.5,camera_5,lost_track,67
2703,13515,450.5,camera_5,removed,-1
2704,13520,450.667,camera_5,new_track,69
2705,13525,450.833,camera_5,removed,63
2706,13530,451.0,camera_5,reacquired,65
2706,13530,451.0,camera_5,lost_track,61
2706,13530,451.0,camera_5,removed,-1
2709,13545,451.5,camera_5,reacquired,67
2709,13545,451.5,camera_5,lost_track,69
2710,13550,451.667,camera_5,reacquired,69
2710,13550,451.667,camera_5,lost_track,67
2713,13565,452.167,camera_2,lost_track,71
2713,13565,452.167,camera_5,new_track,70
2713,13565,452.167,camera_5,removed,-1
2714,13570,452.333,camera_2,reacquired,71
2714,13570,452.333,camera_5,new_track,71
2714,13570,452.333,camera_5,reacquired,68
2715,13575,452.5,camera_5,lost_track,68
2716,13580,452.667,camera_5,lost_track,70
2716,13580,452.667,camera_5,removed,-1
2717,13585,452.833,camera_5,reacquired,68
2717,13585,452.833,camera_5,removed,64
2719,13595,453.167,camera_5,new_track,72
2720,13600,453.333,camera_5,lost_track,68
2721,13605,453.5,camera_5,reacquired,68
2721,13605,453.5,camera_5,removed,66
2721,13605,453.5,camera_5,removed,-1
2722,13610,453.667,camera_2,removed,-1
2723,13615,453.833,camera_5,lost_track,68
2725,13625,454.167,camera_5,lost_track,72
2725,13625,454.167,camera_5,removed,-1
2726,13630,454.333,camera_2,new_track,85
2726,13630,454.333,camera_5,reacquired,70
2728,13640,454.667,camera_2,new_track,86
2728,13640,454.667,camera_4,removed,-1
2729,13645,454.833,camera_2,lost_track,85
2729,13645,454.833,camera_2,lost_track,71
2729,13645,454.833,camera_4,new_track,26
2729,13645,454.833,camera_5,lost_track,70
2729,13645,454.833,camera_5,removed,-1
2730,13650,455.0,camera_2,reacquired,71
2730,13650,455.0,camera_2,lost_track,86
2730,13650,455.0,camera_5,new_track,73
2731,13655,455.167,camera_2,reacquired,86
2731,13655,455.167,camera_4,lost_track,26
2731,13655,455.167,camera_5,reacquired,68
2731,13655,455.167,camera_5,reacquired,70
2732,13660,455.333,camera_5,lost_track,73
2732,13660,455.333,camera_5,lost_track,68
2733,13665,455.5,camera_2,new_track,87
2733,13665,455.5,camera_5,reacquired,68
2733,13665,455.5,camera_5,reacquired,73
2734,13670,455.667,camera_1,new_track,141
2734,13670,455.667,camera_5,lost_track,73
2734,13670,455.667,camera_5,lost_track,68
2734,13670,455.667,camera_5,lost_track,70
2735,13675,455.833,camera_2,lost_track,86
2736,13680,456.0,camera_1,lost_track,141
2736,13680,456.0,camera_2,reacquired,86
2736,13680,456.0,camera_2,lost_track,87
2736,13680,456.0,camera_5,reacquired,70
2736,13680,456.0,camera_5,removed,61
2736,13680,456.0,camera_5,removed,-1
2738,13690,456.333,camera_2,lost_track,86
2738,13690,456.333,camera_5,reacquired,68
2740,13700,456.667,camera_4,new_track,27
2740,13700,456.667,camera_5,lost_track,68
2740,13700,456.667,camera_5,removed,67
2740,13700,456.667,camera_5,removed,-1
2741,13705,456.833,camera_2,reacquired,86
2741,13705,456.833,camera_2,removed,-1
2741,13705,456.833,camera_5,new_track,74
2742,13710,457.0,camera_5,lost_track,65
2742,13710,457.0,camera_5,lost_track,69
2743,13715,457.167,camera_5,reacquired,73
2743,13715,457.167,camera_5,lost_track,70
2743,13715,457.167,camera_5,removed,-1
2744,13720,457.333,camera_2,lost_track,86
2744,13720,457.333,camera_5,reacquired,70
2745,13725,457.5,camera_2,reacquired,86
2745,13725,457.5,camera_5,removed,-1
2746,13730,457.667,camera_5,lost_track,71
2747,13735,457.833,camera_2,lost_track,86
2748,13740,458.0,camera_4,removed,-1
2750,13750,458.333,camera_2,reacquired,86
2750,13750,458.333,camera_4,new_track,28
2750,13750,458.333,camera_6,removed,-1
2751,13755,458.5,camera_4,removed,-1
2751,13755,458.5,camera_6,new_track,30
2752,13760,458.667,camera_2,new_track,88
2752,13760,458.667,camera_4,lost_track,28
2753,13765,458.833,camera_2,lost_track,86
2754,13770,459.0,camera_1,removed,-1
2754,13770,459.0,camera_5,lost_track,70
2755,13775,459.167,camera_2,new_track,89
2755,13775,459.167,camera_2,lost_track,88
2755,13775,459.167,camera_3,new_track,115
2755,13775,459.167,camera_5,reacquired,70
2755,13775,459.167,camera_5,removed,72
2756,13780,459.333,camera_1,new_track,142
2756,13780,459.333,camera_2,reacquired,86
2756,13780,459.333,camera_4,lost_track,27
2756,13780,459.333,camera_5,lost_track,70
2757,13785,459.5,camera_1,lost_track,142
2757,13785,459.5,camera_2,lost_track,89
2757,13785,459.5,camera_2,lost_track,86
2757,13785,459.5,camera_2,lost_track,71
2758,13790,459.667,camera_1,removed,-1
2758,13790,459.667,camera_2,reacquired,71
2759,13795,459.833,camera_2,removed,85
2760,13800,460.0,camera_2,new_track,90
2760,13800,460.0,camera_6,lost_track,30
2761,13805,460.167,camera_2,reacquired,86
2761,13805,460.167,camera_4,removed,26
2761,13805,460.167,camera_6,new_track,31
2762,13810,460.333,camera_2,removed,-1
2763,13815,460.5,camera_1,new_track,143
2763,13815,460.5,camera_5,lost_track,73
2763,13815,460.5,camera_5,lost_track,74
2763,13815,460.5,camera_6,new_track,32
2764,13820,460.667,camera_2,lost_track,86
2764,13820,460.667,camera_5,removed,-1
2764,13820,460.667,camera_6,lost_track,32
2765,13825,460.833,camera_6,lost_track,31
2765,13825,460.833,camera_6,removed,-1
2765,13825,460.833,camera_7,removed,-1
2766,13830,461.0,camera_1,removed,141
2766,13830,461.0,camera_2,removed,87
2766,13830,461.0,camera_7,new_track,17
2770,13850,461.667,camera_5,removed,68
2770,13850,461.667,camera_6,removed,-1
2772,13860,462.0,camera_2,lost_track,71
2772,13860,462.0,camera_5,removed,65
2772,13860,462.0,camera_5,removed,69
2772,13860,462.0,camera_6,new_track,33
2773,13865,462.167,camera_2,reacquired,71
2773,13865,462.167,camera_6,new_track,34
2774,13870,462.333,camera_2,lost_track,71
2776,13880,462.667,camera_3,removed,-1
2776,13880,462.667,camera_5,removed,71
2780,13900,463.333,camera_6,reacquired,32
2780,13900,463.333,camera_6,lost_track,34
2780,13900,463.333,camera_6,removed,-1
2781,13905,463.5,camera_6,new_track,35
2782,13910,463.667,camera_4,removed,28
2785,13925,464.167,camera_2,removed,88
2786,13930,464.333,camera_4,removed,27
2786,13930,464.333,camera_5,removed,70
2787,13935,464.5,camera_1,removed,142
2787,13935,464.5,camera_1,removed,-1
2787,13935,464.5,camera_2,removed,89
2787,13935,464.5,camera_7,new_track,18
2788,13940,464.667,camera_6,lost_track,33
2789,13945,464.833,camera_6,removed,-1
2789,13945,464.833,camera_7,lost_track,17
2789,13945,464.833,camera_7,removed,-1
2790,13950,465.0,camera_6,removed,30
2790,13950,465.0,camera_7,new_track,19
2791,13955,465.167,camera_6,lost_track,32
2791,13955,465.167,camera_7,removed,-1
2792,13960,465.333,camera_1,removed,-1
2792,13960,465.333,camera_3,lost_track,115
2792,13960,465.333,camera_6,lost_track,35
2793,13965,465.5,camera_5,removed,73
2793,13965,465.5,camera_5,removed,74
2793,13965,465.5,camera_6,removed,-1
2793,13965,465.5,camera_7,new_track,20
2794,13970,465.667,camera_2,removed,86
2795,13975,465.833,camera_6,removed,31
2796,13980,466.0,camera_5,new_track,75
2796,13980,466.0,camera_5,removed,-1
2797,13985,466.167,camera_1,lost_track,143
2797,13985,466.167,camera_2,lost_track,90
2799,13995,466.5,camera_1,removed,-1
2800,14000,466.667,camera_7,lost_track,18
2801,14005,466.833,camera_7,removed,-1
2803,14015,467.167,camera_7,removed,-1
2804,14020,467.333,camera_2,removed,71
2805,14025,467.5,camera_5,lost_track,75
2807,14035,467.833,camera_7,new_track,21
2807,14035,467.833,camera_7,reacquired,18
2807,14035,467.833,camera_7,lost_track,20
2808,14040,468.0,camera_7,lost_track,21
2809,14045,468.167,camera_7,removed,-1
2810,14050,468.333,camera_6,removed,34
2810,14050,468.333,camera_7,lost_track,18
2811,14055,468.5,camera_6,removed,-1
2811,14055,468.5,camera_7,reacquired,21
2811,14055,468.5,camera_7,lost_track,19
2812,14060,468.667,camera_7,new_track,22
2813,14065,468.833,camera_6,new_track,36
2813,14065,468.833,camera_7,lost_track,21
2813,14065,468.833,camera_7,lost_track,22
2814,14070,469.0,camera_7,removed,-1
2818,14090,469.667,camera_6,removed,33
2819,14095,469.833,camera_7,removed,17
2821,14105,470.167,camera_6,removed,32
2821,14105,470.167,camera_6,removed,-1
2822,14110,470.333,camera_3,removed,115
2822,14110,470.333,camera_6,new_track,37
2822,14110,470.333,camera_6,removed,35
2823,14115,470.5,camera_6,lost_track,37
2823,14115,470.5,camera_7,removed,-1
2824,14120,470.667,camera_6,lost_track,36
2825,14125,470.833,camera_6,removed,-1
2825,14125,470.833,camera_7,new_track,23
2827,14135,471.167,camera_1,removed,143
2827,14135,471.167,camera_2,removed,90
2835,14175,472.5,camera_5,removed,75
2836,14180,472.667,camera_7,reacquired,22
2836,14180,472.667,camera_7,lost_track,23
2837,14185,472.833,camera_7,new_track,24
2837,14185,472.833,camera_7,removed,20
2838,14190,473.0,camera_7,lost_track,22
2839,14195,473.167,camera_7,new_track,25
2839,14195,473.167,camera_7,lost_track,24
2840,14200,473.333,camera_7,removed,18
2841,14205,473.5,camera_7,reacquired,24
2841,14205,473.5,camera_7,lost_track,25
2841,14205,473.5,camera_7,removed,19
2843,14215,473.833,camera_7,removed,21
2847,14235,474.5,camera_7,lost_track,24
2850,14250,475.0,camera_7,reacquired,24
2853,14265,475.5,camera_6,removed,37
2854,14270,475.667,camera_6,removed,36
2857,14285,476.167,camera_7,lost_track,24
2860,14300,476.667,camera_7,reacquired,24
2866,14330,477.667,camera_7,removed,23
2867,14335,477.833,camera_7,new_track,26
2867,14335,477.833,camera_7,lost_track,24
2868,14340,478.0,camera_2,removed,-1
2868,14340,478.0,camera_7,removed,22
2869,14345,478.167,camera_7,reacquired,24
2871,14355,478.5,camera_7,removed,25
2872,14360,478.667,camera_7,lost_track,24
2879,14395,479.833,camera_7,reacquired,24
2879,14395,479.833,camera_7,removed,-1
2880,14400,480.0,camera_7,lost_track,24
2881,14405,480.167,camera_7,removed,-1
2882,14410,480.333,camera_7,new_track,27
2882,14410,480.333,camera_7,reacquired,24
2884,14420,480.667,camera_3,removed,-1
2884,14420,480.667,camera_7,lost_track,27
2885,14425,480.833,camera_7,new_track,28
2887,14435,481.167,camera_7,removed,-1
2888,14440,481.333,camera_7,new_track,29
2888,14440,481.333,camera_7,new_track,30
2889,14445,481.5,camera_2,new_track,91
2889,14445,481.5,camera_7,lost_track,24
2897,14485,482.833,camera_6,new_track,38
2897,14485,482.833,camera_7,lost_track,30
2897,14485,482.833,camera_7,removed,-1
2898,14490,483.0,camera_6,new_track,39
2898,14490,483.0,camera_7,lost_track,28
2899,14495,483.167,camera_2,lost_track,91
2899,14495,483.167,camera_7,removed,-1
2900,14500,483.333,camera_7,reacquired,30
2901,14505,483.5,camera_6,lost_track,39
2901,14505,483.5,camera_7,lost_track,30
2902,14510,483.667,camera_6,removed,-1
2902,14510,483.667,camera_7,lost_track,29
2903,14515,483.833,camera_7,new_track,31
2907,14535,484.5,camera_7,reacquired,30
2909,14545,484.833,camera_7,lost_track,31
2910,14550,485.0,camera_7,reacquired,27
2910,14550,485.0,camera_7,removed,-1
2912,14560,485.333,camera_7,removed,-1
2913,14565,485.5,camera_7,lost_track,27
2913,14565,485.5,camera_7,lost_track,30
2914,14570,485.667,camera_6,new_track,40
2914,14570,485.667,camera_6,removed,-1
2915,14575,485.833,camera_2,new_track,92
2915,14575,485.833,camera_6,new_track,41
2915,14575,485.833,camera_7,removed,-1
2917,14585,486.167,camera_6,lost_track,41
2917,14585,486.167,camera_6,lost_track,38
2917,14585,486.167,camera_7,reacquired,29
2918,14590,486.333,camera_2,lost_track,92
2919,14595,486.5,camera_7,removed,24
2922,14610,487.0,camera_2,reacquired,92
2923,14615,487.167,camera_7,lost_track,26
2924,14620,487.333,camera_5,removed,-1
2924,14620,487.333,camera_7,reacquired,26
2924,14620,487.333,camera_7,removed,-1
2925,14625,487.5,camera_5,new_track,76
2927,14635,487.833,camera_6,lost_track,40
2928,14640,488.0,camera_7,removed,28
2929,14645,488.167,camera_2,removed,91
2931,14655,488.5,camera_6,removed,39
2934,14670,489.0,camera_5,removed,-1
2935,14675,489.167,camera_1,new_track,144
2935,14675,489.167,camera_2,new_track,93
2935,14675,489.167,camera_5,new_track,77
2937,14685,489.5,camera_1,lost_track,144
2938,14690,489.667,camera_1,removed,-1
2939,14695,489.833,camera_2,lost_track,93
2939,14695,489.833,camera_7,removed,31
2941,14705,490.167,camera_4,new_track,29
2942,14710,490.333,camera_2,lost_track,92
2942,14710,490.333,camera_5,lost_track,77
2943,14715,490.5,camera_1,new_track,145
2943,14715,490.5,camera_2,new_track,94
2943,14715,490.5,camera_2,reacquired,92
2943,14715,490.5,camera_5,new_track,78
2943,14715,490.5,camera_7,removed,27
2943,14715,490.5,camera_7,removed,30
2944,14720,490.667,camera_2,lost_track,92
2944,14720,490.667,camera_5,lost_track,78
2944,14720,490.667,camera_7,lost_track,29
2945,14725,490.833,camera_5,new_track,79
2945,14725,490.833,camera_7,new_track,32
2946,14730,491.0,camera_4,lost_track,29
2947,14735,491.167,camera_2,reacquired,92
2947,14735,491.167,camera_4,removed,-1
2947,14735,491.167,camera_6,removed,41
2947,14735,491.167,camera_6,removed,38
2948,14740,491.333,camera_2,lost_track,92
2948,14740,491.333,camera_2,removed,-1
2949,14745,491.5,camera_3,removed,-1
2950,14750,491.667,camera_7,lost_track,32
2950,14750,491.667,camera_7,removed,-1
2951,14755,491.833,camera_1,removed,-1
2951,14755,491.833,camera_3,new_track,116
2951,14755,491.833,camera_7,reacquired,32
2952,14760,492.0,camera_2,reacquired,92
2953,14765,492.167,camera_1,lost_track,145
2953,14765,492.167,camera_2,lost_track,92
2954,14770,492.333,camera_2,reacquired,92
2954,14770,492.333,camera_4,removed,-1
2955,14775,492.5,camera_4,new_track,30
2955,14775,492.5,camera_7,lost_track,26
2956,14780,492.667,camera_5,removed,-1
2956,14780,492.667,camera_7,reacquired,26
2956,14780,492.667,camera_7,removed,-1
2957,14785,492.833,camera_6,removed,40
2958,14790,493.0,camera_2,lost_track,94
2959,14795,493.167,camera_5,lost_track,76
2959,14795,493.167,camera_5,lost_track,79
2960,14800,493.333,camera_5,removed,-1
2961,14805,493.5,camera_4,new_track,31
2962,14810,493.667,camera_3,lost_track,116
2962,14810,493.667,camera_4,removed,-1
2964,14820,494.0,camera_2,lost_track,92
2964,14820,494.0,camera_7,lost_track,26
2965,14825,494.167,camera_7,removed,-1
2966,14830,494.333,camera_6,new_track,42
2967,14835,494.5,camera_1,removed,144
2967,14835,494.5,camera_4,lost_track,30
2967,14835,494.5,camera_6,new_track,43
2968,14840,494.667,camera_3,new_track,117
2968,14840,494.667,camera_4,removed,-1
2969,14845,494.833,camera_2,removed,93
2969,14845,494.833,camera_6,lost_track,43
2969,14845,494.833,camera_6,removed,-1
2972,14860,495.333,camera_2,reacquired,92
2972,14860,495.333,camera_5,removed,77
2973,14865,495.5,camera_2,new_track,95
2974,14870,495.667,camera_1,new_track,146
2974,14870,495.667,camera_2,lost_track,92
2974,14870,495.667,camera_3,removed,-1
2974,14870,495.667,camera_5,removed,78
2974,14870,495.667,camera_7,removed,29
2975,14875,495.833,camera_3,lost_track,117
2976,14880,496.0,camera_3,new_track,118
2976,14880,496.0,camera_4,removed,29
2978,14890,496.333,camera_6,lost_track,42
2979,14895,496.5,camera_2,reacquired,92
2979,14895,496.5,camera_3,new_track,119
2979,14895,496.5,camera_4,reacquired,30
2979,14895,496.5,camera_4,lost_track,31
2980,14900,496.667,camera_4,lost_track,30
2981,14905,496.833,camera_2,lost_track,95
2981,14905,496.833,camera_4,removed,-1
2982,14910,497.0,camera_4,new_track,32
2983,14915,497.167,camera_1,removed,145
2983,14915,497.167,camera_4,lost_track,32
2984,14920,497.333,camera_5,removed,-1
2985,14925,497.5,camera_2,removed,-1
2985,14925,497.5,camera_5,new_track,80
2986,14930,497.667,camera_2,new_track,96
2987,14935,497.833,camera_2,new_track,97
2988,14940,498.0,camera_2,removed,94
2989,14945,498.167,camera_1,new_track,147
2989,14945,498.167,camera_3,lost_track,118
2989,14945,498.167,camera_5,removed,76
2989,14945,498.167,camera_5,removed,79
2990,14950,498.333,camera_2,lost_track,92
2990,14950,498.333,camera_3,removed,-1
2991,14955,498.5,camera_1,removed,-1
2991,14955,498.5,camera_2,reacquired,92
2991,14955,498.5,camera_2,lost_track,97
2992,14960,498.667,camera_1,new_track,148
2992,14960,498.667,camera_2,new_track,98
2992,14960,498.667,camera_3,removed,116
2993,14965,498.833,camera_1,lost_track,148
2993,14965,498.833,camera_5,lost_track,80
2994,14970,499.0,camera_7,removed,26
2995,14975,499.167,camera_1,new_track,149
2996,14980,499.333,camera_1,lost_track,147
2998,14990,499.667,camera_1,lost_track,146
2999,14995,499.833,camera_3,new_track,120
2999,14995,499.833,camera_6,removed,43
3002,15010,500.333,camera_2,reacquired,97
3002,15010,500.333,camera_2,lost_track,92
3005,15025,500.833,camera_2,new_track,99
3005,15025,500.833,camera_2,lost_track,97
3005,15025,500.833,camera_3,removed,117
3006,15030,501.0,camera_2,reacquired,97
3006,15030,501.0,camera_2,lost_track,99
3007,15035,501.167,camera_3,removed,-1
3008,15040,501.333,camera_2,reacquired,92
3008,15040,501.333,camera_2,reacquired,99
3008,15040,501.333,camera_6,removed,42
3009,15045,501.5,camera_2,lost_track,97
3009,15045,501.5,camera_2,lost_track,99
3009,15045,501.5,camera_4,removed,31
3010,15050,501.667,camera_4,removed,30
3011,15055,501.833,camera_2,reacquired,97
3011,15055,501.833,camera_2,lost_track,92
3011,15055,501.833,camera_2,removed,95
3013,15065,502.167,camera_2,reacquired,92
3013,15065,502.167,camera_2,lost_track,97
3013,15065,502.167,camera_4,removed,32
3014,15070,502.333,camera_2,reacquired,97
3014,15070,502.333,camera_2,lost_track,92
3015,15075,502.5,camera_1,removed,-1
3015,15075,502.5,camera_2,lost_track,97
3016,15080,502.667,camera_1,new_track,150
3016,15080,502.667,camera_2,reacquired,97
3018,15090,503.0,camera_7,lost_track,32
3019,15095,503.167,camera_3,removed,118
3019,15095,503.167,camera_7,removed,-1
3020,15100,503.333,camera_6,new_track,44
3021,15105,503.5,camera_2,removed,-1
3022,15110,503.667,camera_1,lost_track,150
3022,15110,503.667,camera_2,new_track,100
3022,15110,503.667,camera_2,reacquired,92
3022,15110,503.667,camera_6,new_track,45
3023,15115,503.833,camera_1,new_track,151
3023,15115,503.833,camera_1,removed,148
3023,15115,503.833,camera_2,lost_track,97
3023,15115,503.833,camera_2,lost_track,98
3023,15115,503.833,camera_2,lost_track,100
3023,15115,503.833,camera_2,removed,-1
3023,15115,503.833,camera_5,removed,80
3024,15120,504.0,camera_2,reacquired,100
3024,15120,504.0,camera_3,new_track,121
3024,15120,504.0,camera_3,lost_track,119
3024,15120,504.0,camera_6,lost_track,45
3025,15125,504.167,camera_2,removed,-1
3025,15125,504.167,camera_3,new_track,122
3026,15130,504.333,camera_1,new_track,152
3026,15130,504.333,camera_1,removed,147
3026,15130,504.333,camera_3,lost_track,122
3027,15135,504.5,camera_2,lost_track,100
3027,15135,504.5,camera_3,new_track,123
3027,15135,504.5,camera_3,removed,-1
3028,15140,504.667,camera_1,lost_track,152
3028,15140,504.667,camera_1,lost_track,149
3028,15140,504.667,camera_1,removed,146
3028,15140,504.667,camera_1,removed,-1
3028,15140,504.667,camera_2,reacquired,97
3028,15140,504.667,camera_2,reacquired,100
3028,15140,504.667,camera_2,lost_track,92
3028,15140,504.667,camera_3,lost_track,123
3029,15145,504.833,camera_1,reacquired,149
3029,15145,504.833,camera_2,reacquired,98
3029,15145,504.833,camera_3,new_track,124
3030,15150,505.0,camera_1,new_track,153
3030,15150,505.0,camera_1,lost_track,149
3030,15150,505.0,camera_2,lost_track,100
3031,15155,505.167,camera_3,lost_track,124
3032,15160,505.333,camera_1,new_track,154
3032,15160,505.333,camera_1,lost_track,153
3033,15165,505.5,camera_1,reacquired,153
3033,15165,505.5,camera_3,lost_track,121
3033,15165,505.5,camera_3,removed,-1
3034,15170,505.667,camera_6,lost_track,44
3035,15175,505.833,camera_3,new_track,125
3035,15175,505.833,camera_3,reacquired,121
3035,15175,505.833,camera_3,lost_track,120
3035,15175,505.833,camera_6,removed,-1
3036,15180,506.0,camera_1,lost_track,153
3036,15180,506.0,camera_1,removed,-1
3036,15180,506.0,camera_2,lost_track,97
3036,15180,506.0,camera_5,removed,-1
3037,15185,506.167,camera_5,new_track,81
3038,15190,506.333,camera_1,lost_track,151
3038,15190,506.333,camera_2,lost_track,96
3038,15190,506.333,camera_5,removed,-1
3039,15195,506.5,camera_2,reacquired,97
3039,15195,506.5,camera_2,removed,99
3040,15200,506.667,camera_2,reacquired,100
3040,15200,506.667,camera_2,lost_track,97
3041,15205,506.833,camera_5,new_track,82
3043,15215,507.167,camera_2,lost_track,100
3044,15220,507.333,camera_3,lost_track,125
3045,15225,507.5,camera_2,reacquired,97
3045,15225,507.5,camera_2,reacquired,100
3045,15225,507.5,camera_3,reacquired,125
3045,15225,507.5,camera_3,removed,-1
3046,15230,507.667,camera_2,lost_track,100
3046,15230,507.667,camera_3,reacquired,122
3046,15230,507.667,camera_3,lost_track,125
3047,15235,507.833,camera_5,lost_track,81
3048,15240,508.0,camera_5,removed,-1
3048,15240,508.0,camera_7,removed,32
3050,15250,508.333,camera_2,lost_track,97
3050,15250,508.333,camera_3,reacquired,123
3050,15250,508.333,camera_3,lost_track,122
3051,15255,508.5,camera_2,new_track,101
3051,15255,508.5,camera_2,reacquired,100
3052,15260,508.667,camera_1,removed,150
3052,15260,508.667,camera_1,removed,-1
3052,15260,508.667,camera_3,new_track,126
3053,15265,508.833,camera_1,new_track,155
3054,15270,509.0,camera_3,removed,119
3054,15270,509.0,camera_6,removed,45
3054,15270,509.0,camera_6,removed,-1
3055,15275,509.167,camera_3,lost_track,126
3055,15275,509.167,camera_6,new_track,46
3058,15290,509.667,camera_1,removed,152
3058,15290,509.667,camera_2,lost_track,101
3058,15290,509.667,camera_2,removed,92
3059,15295,509.833,camera_2,new_track,102
3059,15295,509.833,camera_3,reacquired,126
3060,15300,510.0,camera_1,lost_track,155
3060,15300,510.0,camera_1,removed,149
3060,15300,510.0,camera_2,reacquired,97
3060,15300,510.0,camera_2,lost_track,102
3061,15305,510.167,camera_2,lost_track,100
3061,15305,510.167,camera_3,lost_track,126
3061,15305,510.167,camera_3,removed,124
3062,15310,510.333,camera_2,reacquired,100
3062,15310,510.333,camera_2,lost_track,97
3063,15315,510.5,camera_2,removed,-1
3063,15315,510.5,camera_3,reacquired,126
3064,15320,510.667,camera_3,lost_track,126
3064,15320,510.667,camera_6,removed,44
3065,15325,510.833,camera_3,removed,120
3065,15325,510.833,camera_6,new_track,47
3066,15330,511.0,camera_1,removed,153
3066,15330,511.0,camera_2,reacquired,97
3067,15335,511.167,camera_3,reacquired,122
3067,15335,511.167,camera_3,lost_track,123
3067,15335,511.167,camera_3,removed,-1
3067,15335,511.167,camera_6,lost_track,46
3067,15335,511.167,camera_6,lost_track,47
3067,15335,511.167,camera_7,removed,-1
3068,15340,511.333,camera_1,removed,151
3068,15340,511.333,camera_2,lost_track,97
3068,15340,511.333,camera_2,removed,96
3068,15340,511.333,camera_6,removed,-1
3068,15340,511.333,camera_7,new_track,33
3070,15350,511.667,camera_2,lost_track,100
3070,15350,511.667,camera_5,lost_track,82
3071,15355,511.833,camera_2,reacquired,100
3071,15355,511.833,camera_3,lost_track,122
3074,15370,512.333,camera_1,removed,-1
3074,15370,512.333,camera_2,new_track,103
3074,15370,512.333,camera_3,reacquired,122
3074,15370,512.333,camera_3,removed,-1
3076,15380,512.667,camera_3,removed,125
3077,15385,512.833,camera_5,removed,81
3077,15385,512.833,camera_6,removed,-1
3078,15390,513.0,camera_2,lost_track,103
3078,15390,513.0,camera_6,new_track,48
3079,15395,513.167,camera_2,reacquired,103
3079,15395,513.167,camera_5,removed,-1
3080,15400,513.333,camera_5,new_track,83
3081,15405,513.5,camera_2,lost_track,103
3081,15405,513.5,camera_2,removed,-1
3081,15405,513.5,camera_5,lost_track,83
3082,15410,513.667,camera_2,reacquired,103
3083,15415,513.833,camera_2,lost_track,103
3084,15420,514.0,camera_2,lost_track,100
3085,15425,514.167,camera_5,removed,-1
3086,15430,514.333,camera_2,reacquired,100
3086,15430,514.333,camera_2,reacquired,103
3087,15435,514.5,camera_2,lost_track,98
3087,15435,514.5,camera_2,removed,-1
3087,15435,514.5,camera_3,lost_track,121
3088,15440,514.667,camera_2,removed,101
3089,15445,514.833,camera_1,lost_track,154
3089,15445,514.833,camera_3,reacquired,121
3089,15445,514.833,camera_3,removed,-1
3090,15450,515.0,camera_1,removed,155
3090,15450,515.0,camera_2,removed,102
3090,15450,515.0,camera_6,new_track,49
3091,15455,515.167,camera_3,lost_track,121
3091,15455,515.167,camera_5,new_track,84
3092,15460,515.333,camera_2,lost_track,103
3092,15460,515.333,camera_3,new_track,127
3092,15460,515.333,camera_5,new_track,85
3093,15465,515.5,camera_3,reacquired,126
3093,15465,515.5,camera_5,lost_track,85
3093,15465,515.5,camera_7,removed,-1
3094,15470,515.667,camera_3,lost_track,127
3094,15470,515.667,camera_5,reacquired,85
3094,15470,515.667,camera_7,new_track,34
3097,15485,516.167,camera_2,reacquired,103
3097,15485,516.167,camera_3,removed,123
3097,15485,516.167,camera_6,removed,46
3097,15485,516.167,camera_6,removed,47
3098,15490,516.333,camera_2,removed,97
3098,15490,516.333,camera_2,removed,-1
3098,15490,516.333,camera_7,lost_track,34
3099,15495,516.5,camera_3,new_track,128
3099,15495,516.5,camera_5,removed,-1
3099,15495,516.5,camera_7,removed,-1
3100,15500,516.667,camera_2,lost_track,103
3100,15500,516.667,camera_3,lost_track,128
3100,15500,516.667,camera_5,removed,82
3101,15505,516.833,camera_2,reacquired,103
3104,15520,517.333,camera_5,lost_track,85
3105,15525,517.5,camera_2,lost_track,103
3105,15525,517.5,camera_6,lost_track,49
3106,15530,517.667,camera_2,reacquired,103
3106,15530,517.667,camera_5,removed,-1
3106,15530,517.667,camera_6,reacquired,49
3107,15535,517.833,camera_5,new_track,86
3107,15535,517.833,camera_5,reacquired,85
3107,15535,517.833,camera_6,lost_track,49
3108,15540,518.0,camera_5,removed,-1
3108,15540,518.0,camera_6,reacquired,49
3109,15545,518.167,camera_5,lost_track,85
3109,15545,518.167,camera_6,lost_track,49
3109,15545,518.167,camera_6,removed,-1
3111,15555,518.5,camera_5,removed,83
3113,15565,518.833,camera_2,lost_track,103
3114,15570,519.0,camera_5,new_track,87
3115,15575,519.167,camera_2,reacquired,103
3115,15575,519.167,camera_6,lost_track,48
3116,15580,519.333,camera_3,reacquired,127
3116,15580,519.333,camera_3,lost_track,126
3116,15580,519.333,camera_6,removed,-1
3117,15585,519.5,camera_2,removed,98
3117,15585,519.5,camera_3,lost_track,127
3117,15585,519.5,camera_5,lost_track,87
3119,15595,519.833,camera_1,removed,154
3119,15595,519.833,camera_2,lost_track,103
3119,15595,519.833,camera_3,reacquired,126
3119,15595,519.833,camera_3,removed,-1
3120,15600,520.0,camera_1,removed,-1
3120,15600,520.0,camera_2,reacquired,103
3121,15605,520.167,camera_1,new_track,156
3121,15605,520.167,camera_2,new_track,104
3121,15605,520.167,camera_3,removed,121
3121,15605,520.167,camera_7,lost_track,33
3122,15610,520.333,camera_3,new_track,129
3122,15610,520.333,camera_3,lost_track,126
3122,15610,520.333,camera_6,new_track,50
3122,15610,520.333,camera_7,removed,-1
3123,15615,520.5,camera_3,reacquired,127
3123,15615,520.5,camera_3,lost_track,129
3124,15620,520.667,camera_3,reacquired,128
3124,15620,520.667,camera_3,removed,-1
3124,15620,520.667,camera_5,new_track,88
3124,15620,520.667,camera_6,new_track,51
3125,15625,520.833,camera_4,new_track,33
3125,15625,520.833,camera_5,lost_track,86
3125,15625,520.833,camera_6,lost_track,51
3127,15635,521.167,camera_3,lost_track,127
3127,15635,521.167,camera_6,removed,-1
3128,15640,521.333,camera_4,lost_track,33
3128,15640,521.333,camera_7,removed,34
3130,15650,521.667,camera_2,lost_track,100
3130,15650,521.667,camera_2,lost_track,103
3130,15650,521.667,camera_2,removed,-1
3131,15655,521.833,camera_2,new_track,105
3131,15655,521.833,camera_2,reacquired,100
3132,15660,522.0,camera_5,new_track,89
3133,15665,522.167,camera_5,lost_track,89
3134,15670,522.333,camera_1,removed,-1
3135,15675,522.5,camera_2,lost_track,105
3135,15675,522.5,camera_5,reacquired,89
3136,15680,522.667,camera_2,new_track,106
3136,15680,522.667,camera_2,lost_track,100
3136,15680,522.667,camera_2,removed,-1
3136,15680,522.667,camera_5,reacquired,85
3136,15680,522.667,camera_5,lost_track,88
3136,15680,522.667,camera_5,lost_track,89
3137,15685,522.833,camera_2,reacquired,100
3137,15685,522.833,camera_5,reacquired,88
3137,15685,522.833,camera_5,lost_track,85
3138,15690,523.0,camera_4,new_track,34
3138,15690,523.0,camera_5,new_track,90
3138,15690,523.0,camera_6,lost_track,50
3139,15695,523.167,camera_2,reacquired,103
3139,15695,523.167,camera_6,removed,49
3139,15695,523.167,camera_6,removed,-1
3140,15700,523.333,camera_2,lost_track,106
3140,15700,523.333,camera_5,lost_track,90
3141,15705,523.5,camera_2,reacquired,106
3141,15705,523.5,camera_2,lost_track,103
3141,15705,523.5,camera_3,lost_track,122
3141,15705,523.5,camera_5,lost_track,88
3141,15705,523.5,camera_5,lost_track,84
3142,15710,523.667,camera_2,lost_track,100
3142,15710,523.667,camera_5,removed,-1
3143,15715,523.833,camera_2,lost_track,106
3145,15725,524.167,camera_2,reacquired,100
3145,15725,524.167,camera_2,reacquired,103
3145,15725,524.167,camera_6,removed,48
3146,15730,524.333,camera_2,lost_track,103
3146,15730,524.333,camera_5,new_track,91
3147,15735,524.5,camera_5,removed,87
3148,15740,524.667,camera_2,lost_track,100
3148,15740,524.667,camera_6,removed,-1
3149,15745,524.833,camera_6,new_track,52
3150,15750,525.0,camera_2,reacquired,100
3151,15755,525.167,camera_4,lost_track,34
3151,15755,525.167,camera_7,removed,33
3152,15760,525.333,camera_2,lost_track,100
3152,15760,525.333,camera_3,removed,126
3152,15760,525.333,camera_3,removed,-1
3152,15760,525.333,camera_4,new_track,35
3152,15760,525.333,camera_5,new_track,92
3153,15765,525.5,camera_2,reacquired,100
3153,15765,525.5,camera_3,new_track,130
3153,15765,525.5,camera_3,removed,129
3153,15765,525.5,camera_4,lost_track,35
3153,15765,525.5,camera_5,reacquired,90
3154,15770,525.667,camera_2,removed,-1
3154,15770,525.667,camera_3,new_track,131
3154,15770,525.667,camera_5,lost_track,90
3155,15775,525.833,camera_5,removed,86
3155,15775,525.833,camera_6,removed,51
3156,15780,526.0,camera_2,removed,-1
3156,15780,526.0,camera_3,lost_track,131
3157,15785,526.167,camera_3,removed,127
3158,15790,526.333,camera_4,removed,33
3159,15795,526.5,camera_1,lost_track,156
3159,15795,526.5,camera_5,reacquired,85
3159,15795,526.5,camera_5,lost_track,91
3159,15795,526.5,camera_6,new_track,53
3161,15805,526.833,camera_1,reacquired,156
3161,15805,526.833,camera_4,new_track,36
3162,15810,527.0,camera_4,lost_track,36
3162,15810,527.0,camera_6,lost_track,53
3162,15810,527.0,camera_7,removed,-1
3163,15815,527.167,camera_2,lost_track,100
3163,15815,527.167,camera_4,reacquired,36
3163,15815,527.167,camera_6,lost_track,52
3164,15820,527.333,camera_2,reacquired,100
3165,15825,527.5,camera_2,lost_track,100
3165,15825,527.5,camera_2,removed,105
3165,15825,527.5,camera_3,reacquired,131
3165,15825,527.5,camera_7,new_track,35
3166,15830,527.667,camera_3,new_track,132
3166,15830,527.667,camera_5,removed,89
3167,15835,527.833,camera_1,lost_track,156
3167,15835,527.833,camera_3,lost_track,131
3167,15835,527.833,camera_3,lost_track,132
3167,15835,527.833,camera_5,lost_track,85
3168,15840,528.0,camera_1,reacquired,156
3168,15840,528.0,camera_5,new_track,93
3168,15840,528.0,camera_5,new_track,94
3168,15840,528.0,camera_6,removed,50
3169,15845,528.167,camera_2,reacquired,100
3169,15845,528.167,camera_5,lost_track,93
3170,15850,528.333,camera_2,lost_track,100
3170,15850,528.333,camera_3,lost_track,130
3170,15850,528.333,camera_4,reacquired,35
3170,15850,528.333,camera_5,lost_track,94
3171,15855,528.5,camera_3,removed,122
3171,15855,528.5,camera_5,removed,88
3171,15855,528.5,camera_5,removed,84
3172,15860,528.667,camera_2,reacquired,100
3173,15865,528.833,camera_1,lost_track,156
3173,15865,528.833,camera_2,removed,106
3174,15870,529.0,camera_1,reacquired,156
3174,15870,529.0,camera_3,removed,-1
3175,15875,529.167,camera_2,removed,-1
3176,15880,529.333,camera_2,removed,103
3176,15880,529.333,camera_5,reacquired,94
3176,15880,529.333,camera_5,removed,-1
3180,15900,530.0,camera_1,lost_track,156
3180,15900,530.0,camera_5,reacquired,85
3180,15900,530.0,camera_5,reacquired,93
3180,15900,530.0,camera_5,lost_track,94
3181,15905,530.167,camera_2,lost_track,104
3181,15905,530.167,camera_3,removed,-1
3181,15905,530.167,camera_4,lost_track,36
3181,15905,530.167,camera_4,removed,34
3182,15910,530.333,camera_1,removed,-1
3182,15910,530.333,camera_5,lost_track,93
3184,15920,530.667,camera_2,new_track,107
3184,15920,530.667,camera_3,removed,-1
3184,15920,530.667,camera_5,removed,90
3185,15925,530.833,camera_1,reacquired,156
3185,15925,530.833,camera_5,reacquired,93
3187,15935,531.167,camera_5,lost_track,93
3188,15940,531.333,camera_1,lost_track,156
3188,15940,531.333,camera_2,lost_track,107
3189,15945,531.5,camera_5,removed,91
3190,15950,531.667,camera_2,lost_track,100
3190,15950,531.667,camera_5,reacquired,93
3191,15955,531.833,camera_3,removed,-1
3191,15955,531.833,camera_5,lost_track,93
3192,15960,532.0,camera_6,removed,53
3193,15965,532.167,camera_2,reacquired,100
3193,15965,532.167,camera_6,removed,52
3194,15970,532.333,camera_2,lost_track,100
3195,15975,532.5,camera_2,reacquired,100
3196,15980,532.667,camera_2,lost_track,100
3196,15980,532.667,camera_5,lost_track,92
3197,15985,532.833,camera_3,removed,131
3197,15985,532.833,camera_3,removed,132
3198,15990,533.0,camera_5,lost_track,85
3200,16000,533.333,camera_3,removed,130
3206,16030,534.333,camera_6,removed,-1
3207,16035,534.5,camera_6,new_track,54
3207,16035,534.5,camera_6,new_track,55
3209,16045,534.833,camera_7,removed,-1
3210,16050,535.0,camera_3,removed,-1
3210,16050,535.0,camera_5,removed,94
3211,16055,535.167,camera_2,removed,104
3211,16055,535.167,camera_4,removed,36
3214,16070,535.667,camera_3,removed,-1
3214,16070,535.667,camera_7,lost_track,35
3215,16075,535.833,camera_7,new_track,36
3216,16080,536.0,camera_6,new_track,56
3218,16090,536.333,camera_1,removed,156
3218,16090,536.333,camera_2,removed,107
3218,16090,536.333,camera_6,lost_track,56
3219,16095,536.5,camera_6,reacquired,56
3220,16100,536.667,camera_6,lost_track,56
3221,16105,536.833,camera_5,removed,93
3221,16105,536.833,camera_6,reacquired,56
3226,16130,537.667,camera_2,removed,100
3226,16130,537.667,camera_5,removed,92
3227,16135,537.833,camera_7,new_track,37
3228,16140,538.0,camera_5,removed,85
3229,16145,538.167,camera_6,lost_track,54
3230,16150,538.333,camera_6,removed,-1
3232,16160,538.667,camera_6,lost_track,56
3232,16160,538.667,camera_7,new_track,38
3235,16175,539.167,camera_2,new_track,108
3235,16175,539.167,camera_6,lost_track,55
3236,16180,539.333,camera_2,lost_track,108
3237,16185,539.5,camera_7,new_track,39
3237,16185,539.5,camera_7,lost_track,38
3237,16185,539.5,camera_7,removed,-1
3238,16190,539.667,camera_7,lost_track,36
3239,16195,539.833,camera_7,new_track,40
3239,16195,539.833,camera_7,removed,-1
3241,16205,540.167,camera_2,reacquired,108
3241,16205,540.167,camera_7,lost_track,40
3242,16210,540.333,camera_7,removed,-1
3243,16215,540.5,camera_3,new_track,133
3243,16215,540.5,camera_7,reacquired,38
3244,16220,540.667,camera_2,removed,-1
3244,16220,540.667,camera_3,removed,-1
3244,16220,540.667,camera_7,removed,35
3245,16225,540.833,camera_7,lost_track,38
3246,16230,541.0,camera_2,new_track,109
3246,16230,541.0,camera_2,lost_track,108
3246,16230,541.0,camera_3,lost_track,133
3246,16230,541.0,camera_7,removed,-1
3247,16235,541.167,camera_6,new_track,57
3248,16240,541.333,camera_2,lost_track,109
3248,16240,541.333,camera_6,reacquired,56
3249,16245,541.5,camera_2,reacquired,109
3250,16250,541.667,camera_2,reacquired,108
3250,16250,541.667,camera_2,lost_track,109
3250,16250,541.667,camera_3,reacquired,133
3251,16255,541.833,camera_6,lost_track,56
3253,16265,542.167,camera_2,reacquired,109
3253,16265,542.167,camera_2,lost_track,108
3255,16275,542.5,camera_2,reacquired,108
3256,16280,542.667,camera_2,lost_track,109
3257,16285,542.833,camera_3,removed,-1
3258,16290,543.0,camera_2,removed,-1
3258,16290,543.0,camera_3,lost_track,133
3259,16295,543.167,camera_3,reacquired,133
3259,16295,543.167,camera_6,removed,54
3260,16300,543.333,camera_2,lost_track,108
3260,16300,543.333,camera_3,lost_track,133
3260,16300,543.333,camera_5,new_track,95
3261,16305,543.5,camera_2,reacquired,108
3261,16305,543.5,camera_3,reacquired,133
3262,16310,543.667,camera_2,removed,-1
3262,16310,543.667,camera_5,new_track,96
3263,16315,543.833,camera_2,lost_track,108
3263,16315,543.833,camera_3,lost_track,128
3263,16315,543.833,camera_4,lost_track,35
3263,16315,543.833,camera_6,lost_track,57
3264,16320,544.0,camera_5,lost_track,96
3264,16320,544.0,camera_6,removed,-1
3265,16325,544.167,camera_3,reacquired,128
3265,16325,544.167,camera_6,removed,55
3265,16325,544.167,camera_7,reacquired,38
3265,16325,544.167,camera_7,lost_track,37
3266,16330,544.333,camera_2,new_track,110
3267,16335,544.5,camera_1,new_track,157
3267,16335,544.5,camera_2,reacquired,109
3267,16335,544.5,camera_7,lost_track,38
3268,16340,544.667,camera_2,lost_track,109
3268,16340,544.667,camera_7,removed,36
3268,16340,544.667,camera_7,removed,-1
3269,16345,544.833,camera_1,lost_track,157
3269,16345,544.833,camera_2,reacquired,108
3269,16345,544.833,camera_2,lost_track,110
3269,16345,544.833,camera_3,lost_track,133
3270,16350,545.0,camera_2,lost_track,108
3270,16350,545.0,camera_5,removed,-1
3271,16355,545.167,camera_2,reacquired,108
3271,16355,545.167,camera_5,new_track,97
3271,16355,545.167,camera_6,new_track,58
3271,16355,545.167,camera_6,reacquired,56
3271,16355,545.167,camera_7,removed,40
3272,16360,545.333,camera_2,reacquired,109
3272,16360,545.333,camera_2,lost_track,108
3272,16360,545.333,camera_2,removed,-1
3273,16365,545.5,camera_3,removed,-1
3273,16365,545.5,camera_6,lost_track,56
3273,16365,545.5,camera_7,lost_track,39
3274,16370,545.667,camera_3,reacquired,133
3274,16370,545.667,camera_7,removed,-1
3275,16375,545.833,camera_6,new_track,59
3276,16380,546.0,camera_2,lost_track,109
3276,16380,546.0,camera_3,lost_track,133
3276,16380,546.0,camera_6,reacquired,56
3277,16385,546.167,camera_2,reacquired,108
3277,16385,546.167,camera_3,reacquired,133
3277,16385,546.167,camera_5,lost_track,95
3278,16390,546.333,camera_2,removed,-1
3278,16390,546.333,camera_3,lost_track,133
3278,16390,546.333,camera_3,removed,-1
3278,16390,546.333,camera_5,removed,-1
3279,16395,546.5,camera_6,lost_track,56
3280,16400,546.667,camera_1,new_track,158
3281,16405,546.833,camera_2,new_track,111
3281,16405,546.833,camera_5,lost_track,97
3282,16410,547.0,camera_5,removed,-1
3282,16410,547.0,camera_6,lost_track,58
3283,16415,547.167,camera_3,removed,-1
3283,16415,547.167,camera_6,removed,-1
3286,16430,547.667,camera_3,removed,-1
3286,16430,547.667,camera_6,new_track,60
3287,16435,547.833,camera_2,lost_track,108
3287,16435,547.833,camera_2,removed,-1
3288,16440,548.0,camera_2,new_track,112
3288,16440,548.0,camera_3,new_track,134
3288,16440,548.0,camera_5,new_track,98
3289,16445,548.167,camera_2,reacquired,108
3289,16445,548.167,camera_2,lost_track,112
3289,16445,548.167,camera_6,lost_track,59
3290,16450,548.333,camera_6,removed,-1
3292,16460,548.667,camera_2,reacquired,109
3292,16460,548.667,camera_3,lost_track,128
3293,16465,548.833,camera_2,lost_track,109
3293,16465,548.833,camera_4,removed,35
3293,16465,548.833,camera_6,removed,57
3294,16470,549.0,camera_3,reacquired,128
3294,16470,549.0,camera_3,removed,-1
3294,16470,549.0,camera_5,removed,96
3294,16470,549.0,camera_6,reacquired,56
3295,16475,549.167,camera_2,reacquired,109
3295,16475,549.167,camera_7,removed,37
3296,16480,549.333,camera_2,new_track,113
3296,16480,549.333,camera_5,lost_track,98
3296,16480,549.333,camera_5,removed,-1
3297,16485,549.5,camera_2,lost_track,109
3297,16485,549.5,camera_7,removed,38
3298,16490,549.667,camera_2,lost_track,108
3298,16490,549.667,camera_5,new_track,99
3299,16495,549.833,camera_1,new_track,159
3299,16495,549.833,camera_1,removed,157
3299,16495,549.833,camera_2,reacquired,109
3299,16495,549.833,camera_2,lost_track,111
3299,16495,549.833,camera_2,removed,110
3300,16500,550.0,camera_1,lost_track,159
3300,16500,550.0,camera_6,lost_track,56
3300,16500,550.0,camera_7,new_track,41
3301,16505,550.167,camera_1,reacquired,159
3301,16505,550.167,camera_3,removed,-1
3302,16510,550.333,camera_3,new_track,135
3302,16510,550.333,camera_6,lost_track,60
3303,16515,550.5,camera_7,removed,39
3304,16520,550.667,camera_2,reacquired,108
3304,16520,550.667,camera_2,lost_track,109
3304,16520,550.667,camera_3,removed,-1
3305,16525,550.833,camera_1,lost_track,159
3305,16525,550.833,camera_2,reacquired,109
3305,16525,550.833,camera_2,lost_track,108
3306,16530,551.0,camera_1,removed,-1
3306,16530,551.0,camera_2,new_track,114
3306,16530,551.0,camera_5,removed,-1
3307,16535,551.167,camera_2,lost_track,114
3307,16535,551.167,camera_5,lost_track,99
3307,16535,551.167,camera_5,removed,95
3307,16535,551.167,camera_7,lost_track,41
3308,16540,551.333,camera_1,new_track,160
3308,16540,551.333,camera_2,new_track,115
3308,16540,551.333,camera_2,reacquired,108
3308,16540,551.333,camera_2,lost_track,109
3308,16540,551.333,camera_3,reacquired,133
3308,16540,551.333,camera_6,new_track,61
3308,16540,551.333,camera_7,removed,-1
3309,16545,551.5,camera_2,lost_track,108
3309,16545,551.5,camera_3,lost_track,134
3309,16545,551.5,camera_6,reacquired,56
3310,16550,551.667,camera_2,reacquired,112
3310,16550,551.667,camera_3,lost_track,133
3311,16555,551.833,camera_2,reacquired,108
3311,16555,551.833,camera_2,reacquired,109
3311,16555,551.833,camera_2,lost_track,112
3311,16555,551.833,camera_5,removed,97
3312,16560,552.0,camera_6,removed,58
3313,16565,552.167,camera_2,lost_track,108
3313,16565,552.167,camera_6,lost_track,56
3314,16570,552.333,camera_3,lost_track,135
3315,16575,552.5,camera_3,new_track,136
3316,16580,552.667,camera_2,lost_track,109
3317,16585,552.833,camera_2,reacquired,109
3318,16590,553.0,camera_2,reacquired,108
3319,16595,553.167,camera_1,lost_track,158
3319,16595,553.167,camera_2,lost_track,109
3319,16595,553.167,camera_6,removed,59
3320,16600,553.333,camera_1,removed,-1
3321,16605,553.5,camera_2,reacquired,109
3321,16605,553.5,camera_3,reacquired,133
3322,16610,553.667,camera_2,lost_track,109
3322,16610,553.667,camera_3,lost_track,128
3322,16610,553.667,camera_6,lost_track,61
3323,16615,553.833,camera_1,new_track,161
3323,16615,553.833,camera_3,removed,-1
3323,16615,553.833,camera_6,removed,-1
3324,16620,554.0,camera_2,reacquired,109
3324,16620,554.0,camera_2,lost_track,108
3324,16620,554.0,camera_3,reacquired,128
3324,16620,554.0,camera_3,lost_track,133
3325,16625,554.167,camera_1,lost_track,161
3326,16630,554.333,camera_1,reacquired,161
3326,16630,554.333,camera_2,lost_track,109
3326,16630,554.333,camera_3,new_track,137
3326,16630,554.333,camera_5,removed,98
3328,16640,554.667,camera_1,new_track,162
3328,16640,554.667,camera_2,reacquired,108
3328,16640,554.667,camera_2,reacquired,112
3329,16645,554.833,camera_1,lost_track,160
3329,16645,554.833,camera_2,removed,111
3330,16650,555.0,camera_1,removed,-1
3330,16650,555.0,camera_2,removed,-1
3330,16650,555.0,camera_5,new_track,100
3331,16655,555.167,camera_2,reacquired,109
3331,16655,555.167,camera_2,lost_track,112
3332,16660,555.333,camera_2,lost_track,113
3332,16660,555.333,camera_2,lost_track,108
3332,16660,555.333,camera_2,lost_track,109
3332,16660,555.333,camera_6,removed,60
3334,16670,555.667,camera_3,lost_track,136
3334,16670,555.667,camera_3,removed,-1
3335,16675,555.833,camera_1,removed,159
3335,16675,555.833,camera_4,new_track,37
3337,16685,556.167,camera_1,lost_track,161
3337,16685,556.167,camera_1,removed,-1
3337,16685,556.167,camera_2,reacquired,108
3337,16685,556.167,camera_2,reacquired,114
3337,16685,556.167,camera_5,removed,99
3337,16685,556.167,camera_7,removed,41
3338,16690,556.333,camera_1,new_track,163
3339,16695,556.5,camera_1,lost_track,162
3339,16695,556.5,camera_3,removed,134
3339,16695,556.5,camera_5,lost_track,100
3340,16700,556.667,camera_1,new_track,164
3340,16700,556.667,camera_2,lost_track,108
3341,16705,556.833,camera_2,removed,-1
3341,16705,556.833,camera_3,new_track,138
3341,16705,556.833,camera_3,new_track,139
3342,16710,557.0,camera_2,lost_track,115
3342,16710,557.0,camera_3,lost_track,139
3343,16715,557.167,camera_3,removed,-1
3343,16715,557.167,camera_6,removed,56
3344,16720,557.333,camera_2,reacquired,109
3344,16720,557.333,camera_3,new_track,140
3344,16720,557.333,camera_3,removed,135
3344,16720,557.333,camera_4,new_track,38
3345,16725,557.5,camera_3,lost_track,137
3346,16730,557.667,camera_2,reacquired,108
3347,16735,557.833,camera_1,removed,-1
3348,16740,558.0,camera_2,lost_track,108
3348,16740,558.0,camera_2,lost_track,109
3348,16740,558.0,camera_3,reacquired,137
3348,16740,558.0,camera_5,new_track,101
3349,16745,558.167,camera_1,removed,158
3349,16745,558.167,camera_2,removed,-1
3349,16745,558.167,camera_5,new_track,102
3350,16750,558.333,camera_2,new_track,116
3350,16750,558.333,camera_2,reacquired,109
3351,16755,558.5,camera_4,lost_track,37
3351,16755,558.5,camera_5,removed,-1
3352,16760,558.667,camera_2,reacquired,108
3352,16760,558.667,camera_2,lost_track,114
3352,16760,558.667,camera_3,lost_track,128
3352,16760,558.667,camera_4,removed,-1
3352,16760,558.667,camera_6,removed,61
3353,16765,558.833,camera_2,reacquired,114
3353,16765,558.833,camera_2,removed,-1
3353,16765,558.833,camera_3,reacquired,139
3353,16765,558.833,camera_4,lost_track,38
3354,16770,559.0,camera_3,reacquired,128
3354,16770,559.0,camera_3,removed,133
3354,16770,559.0,camera_3,removed,-1
3354,16770,559.0,camera_4,removed,-1
3354,16770,559.0,camera_5,lost_track,102
3355,16775,559.167,camera_2,new_track,117
3355,16775,559.167,camera_2,lost_track,109
3355,16775,559.167,camera_3,lost_track,139
3355,16775,559.167,camera_3,lost_track,140
3356,16780,559.333,camera_2,reacquired,109
3356,16780,559.333,camera_3,reacquired,139
3356,16780,559.333,camera_3,reacquired,140
3356,16780,559.333,camera_3,removed,-1
3356,16780,559.333,camera_5,reacquired,102
3357,16785,559.5,camera_2,new_track,118
3357,16785,559.5,camera_3,lost_track,128
3357,16785,559.5,camera_5,lost_track,102
3358,16790,559.667,camera_1,lost_track,164
3358,16790,559.667,camera_2,lost_track,109
3358,16790,559.667,camera_3,reacquired,128
3358,16790,559.667,camera_3,lost_track,139
3358,16790,559.667,camera_5,reacquired,102
3359,16795,559.833,camera_1,removed,160
3359,16795,559.833,camera_2,lost_track,108
3359,16795,559.833,camera_5,removed,-1
3360,16800,560.0,camera_1,reacquired,164
3360,16800,560.0,camera_2,lost_track,117
3361,16805,560.167,camera_1,new_track,165
3361,16805,560.167,camera_2,removed,112
3361,16805,560.167,camera_5,lost_track,102
3362,16810,560.333,camera_1,lost_track,164
3362,16810,560.333,camera_2,reacquired,117
3362,16810,560.333,camera_2,removed,113
3363,16815,560.5,camera_1,removed,-1
3363,16815,560.5,camera_2,reacquired,108
3364,16820,560.667,camera_2,lost_track,108
3364,16820,560.667,camera_3,removed,136
3364,16820,560.667,camera_3,removed,-1
3364,16820,560.667,camera_5,reacquired,102
3365,16825,560.833,camera_1,lost_track,165
3365,16825,560.833,camera_3,lost_track,137
3366,16830,561.0,camera_1,reacquired,165
3367,16835,561.167,camera_1,removed,161
3367,16835,561.167,camera_2,new_track,119
3368,16840,561.333,camera_2,lost_track,114
3368,16840,561.333,camera_2,lost_track,116
3368,16840,561.333,camera_3,reacquired,139
3368,16840,561.333,camera_3,removed,-1
3369,16845,561.5,camera_1,removed,162
3369,16845,561.5,camera_2,new_track,120
3369,16845,561.5,camera_3,lost_track,139
3369,16845,561.5,camera_5,lost_track,102
3369,16845,561.5,camera_5,removed,100
3370,16850,561.667,camera_1,lost_track,163
3370,16850,561.667,camera_2,reacquired,109
3370,16850,561.667,camera_2,reacquired,114
3370,16850,561.667,camera_2,reacquired,116
3370,16850,561.667,camera_2,lost_track,120
3370,16850,561.667,camera_2,lost_track,119
3371,16855,561.833,camera_1,reacquired,163
3371,16855,561.833,camera_1,removed,-1
3371,16855,561.833,camera_3,removed,-1
3371,16855,561.833,camera_5,new_track,103
3372,16860,562.0,camera_1,lost_track,163
3372,16860,562.0,camera_2,removed,115
3373,16865,562.167,camera_1,new_track,166
3373,16865,562.167,camera_2,reacquired,108
3373,16865,562.167,camera_2,lost_track,117
3373,16865,562.167,camera_3,lost_track,138
3373,16865,562.167,camera_4,new_track,39
3373,16865,562.167,camera_5,removed,-1
3374,16870,562.333,camera_1,removed,-1
3374,16870,562.333,camera_2,reacquired,117
3374,16870,562.333,camera_2,lost_track,116
3374,16870,562.333,camera_2,lost_track,109
3375,16875,562.5,camera_1,lost_track,165
3375,16875,562.5,camera_2,lost_track,108
3375,16875,562.5,camera_2,lost_track,118
3376,16880,562.667,camera_2,new_track,121
3376,16880,562.667,camera_2,reacquired,109
3376,16880,562.667,camera_2,removed,-1
3377,16885,562.833,camera_3,reacquired,137
3377,16885,562.833,camera_3,removed,-1
3378,16890,563.0,camera_2,removed,-1
3378,16890,563.0,camera_4,lost_track,39
3379,16895,563.167,camera_2,new_track,122
3379,16895,563.167,camera_2,lost_track,109
3380,16900,563.333,camera_2,reacquired,109
3381,16905,563.5,camera_2,lost_track,121
3381,16905,563.5,camera_4,removed,37
3382,16910,563.667,camera_2,reacquired,121
3382,16910,563.667,camera_2,lost_track,117
3382,16910,563.667,camera_2,removed,-1
3382,16910,563.667,camera_3,removed,-1
3383,16915,563.833,camera_1,removed,-1
3383,16915,563.833,camera_2,lost_track,109
3383,16915,563.833,camera_4,removed,38
3384,16920,564.0,camera_2,reacquired,117
3384,16920,564.0,camera_2,lost_track,121
3384,16920,564.0,camera_3,lost_track,128
3384,16920,564.0,camera_3,removed,-1
3385,16925,564.167,camera_2,new_track,123
3385,16925,564.167,camera_2,lost_track,117
3386,16930,564.333,camera_1,removed,-1
3386,16930,564.333,camera_3,reacquired,128
3386,16930,564.333,camera_5,lost_track,101
3387,16935,564.5,camera_2,reacquired,108
3388,16940,564.667,camera_1,new_track,167
3388,16940,564.667,camera_2,new_track,124
3388,16940,564.667,camera_2,reacquired,117
3388,16940,564.667,camera_2,lost_track,108
3388,16940,564.667,camera_3,new_track,141
3389,16945,564.833,camera_1,removed,-1
3389,16945,564.833,camera_3,lost_track,128
3390,16950,565.0,camera_3,removed,-1
3390,16950,565.0,camera_5,reacquired,101
3390,16950,565.0,camera_5,lost_track,103
3390,16950,565.0,camera_5,removed,-1
3391,16955,565.167,camera_2,new_track,125
3391,16955,565.167,camera_2,reacquired,108
3391,16955,565.167,camera_5,lost_track,101
3392,16960,565.333,camera_1,removed,164
3392,16960,565.333,camera_2,lost_track,108
3392,16960,565.333,camera_2,lost_track,117
3392,16960,565.333,camera_3,reacquired,128
3392,16960,565.333,camera_3,lost_track,141
3392,16960,565.333,camera_5,removed,-1
3393,16965,565.5,camera_2,reacquired,108
3393,16965,565.5,camera_2,reacquired,117
3394,16970,565.667,camera_2,removed,-1
3394,16970,565.667,camera_3,new_track,142
3395,16975,565.833,camera_2,lost_track,117
3395,16975,565.833,camera_3,lost_track,137
3396,16980,566.0,camera_2,lost_track,108
3397,16985,566.167,camera_3,new_track,143
3398,16990,566.333,camera_3,reacquired,137
3399,16995,566.5,camera_1,new_track,168
