loop_i,video_fid,t_sec,camera_id,kind,track_id
0,0,0.0,camera_1,new_track,1
0,0,0.0,camera_2,new_track,1
0,0,0.0,camera_2,new_track,2
0,0,0.0,camera_3,new_track,1
0,0,0.0,camera_3,new_track,2
0,0,0.0,camera_3,new_track,3
0,0,0.0,camera_7,new_track,1
0,0,0.0,camera_7,new_track,2
0,0,0.0,camera_7,new_track,3
3,15,0.5,camera_3,new_track,4
4,20,0.667,camera_3,lost_track,2
5,25,0.833,camera_2,new_track,3
5,25,0.833,camera_3,reacquired,2
9,45,1.5,camera_1,lost_track,1
9,45,1.5,camera_3,new_track,5
11,55,1.833,camera_2,lost_track,1
11,55,1.833,camera_2,lost_track,2
12,60,2.0,camera_2,new_track,4
12,60,2.0,camera_2,reacquired,2
13,65,2.167,camera_2,lost_track,2
15,75,2.5,camera_3,lost_track,5
16,80,2.667,camera_3,new_track,6
16,80,2.667,camera_3,lost_track,4
17,85,2.833,camera_3,new_track,7
18,90,3.0,camera_3,lost_track,6
19,95,3.167,camera_3,new_track,8
19,95,3.167,camera_3,reacquired,4
20,100,3.333,camera_2,lost_track,4
22,110,3.667,camera_3,lost_track,8
23,115,3.833,camera_3,reacquired,8
24,120,4.0,camera_3,new_track,9
25,125,4.167,camera_1,new_track,2
25,125,4.167,camera_3,lost_track,4
28,140,4.667,camera_3,reacquired,4
28,140,4.667,camera_3,lost_track,8
29,145,4.833,camera_3,new_track,10
29,145,4.833,camera_3,lost_track,3
32,160,5.333,camera_3,reacquired,8
33,165,5.5,camera_1,new_track,3
33,165,5.5,camera_1,new_track,4
35,175,5.833,camera_1,new_track,5
35,175,5.833,camera_1,lost_track,3
35,175,5.833,camera_3,lost_track,4
36,180,6.0,camera_2,new_track,5
39,195,6.5,camera_1,removed,1
41,205,6.833,camera_2,removed,1
43,215,7.167,camera_1,new_track,6
43,215,7.167,camera_2,removed,2
43,215,7.167,camera_3,new_track,11
45,225,7.5,camera_1,lost_track,2
45,225,7.5,camera_3,removed,5
48,240,8.0,camera_1,lost_track,5
48,240,8.0,camera_3,removed,6
49,245,8.167,camera_1,reacquired,5
50,250,8.333,camera_2,removed,4
55,275,9.167,camera_1,lost_track,5
56,280,9.333,camera_7,lost_track,1
57,285,9.5,camera_7,new_track,4
59,295,9.833,camera_3,removed,3
59,295,9.833,camera_7,reacquired,1
61,305,10.167,camera_7,lost_track,1
65,325,10.833,camera_1,removed,3
65,325,10.833,camera_3,reacquired,4
65,325,10.833,camera_3,lost_track,8
65,325,10.833,camera_7,reacquired,1
67,335,11.167,camera_1,lost_track,6
67,335,11.167,camera_2,new_track,6
67,335,11.167,camera_7,lost_track,4
68,340,11.333,camera_1,new_track,7
68,340,11.333,camera_1,reacquired,6
69,345,11.5,camera_1,new_track,8
69,345,11.5,camera_7,lost_track,1
70,350,11.667,camera_3,lost_track,9
70,350,11.667,camera_7,reacquired,1
71,355,11.833,camera_3,new_track,12
72,360,12.0,camera_3,lost_track,10
73,365,12.167,camera_1,new_track,9
74,370,12.333,camera_7,reacquired,4
74,370,12.333,camera_7,lost_track,1
75,375,12.5,camera_1,removed,2
75,375,12.5,camera_6,new_track,1
75,375,12.5,camera_7,lost_track,4
77,385,12.833,camera_1,lost_track,4
77,385,12.833,camera_3,lost_track,12
77,385,12.833,camera_6,new_track,2
78,390,13.0,camera_2,lost_track,6
79,395,13.167,camera_1,reacquired,4
79,395,13.167,camera_2,reacquired,6
79,395,13.167,camera_7,reacquired,1
79,395,13.167,camera_7,lost_track,2
80,400,13.333,camera_6,lost_track,2
81,405,13.5,camera_7,reacquired,4
81,405,13.5,camera_7,lost_track,1
82,410,13.667,camera_6,new_track,3
82,410,13.667,camera_7,lost_track,4
84,420,14.0,camera_6,new_track,4
85,425,14.167,camera_1,removed,5
86,430,14.333,camera_1,lost_track,4
86,430,14.333,camera_3,reacquired,12
89,445,14.833,camera_1,lost_track,6
91,455,15.167,camera_1,reacquired,6
91,455,15.167,camera_6,lost_track,4
91,455,15.167,camera_7,lost_track,3
92,460,15.333,camera_1,reacquired,4
92,460,15.333,camera_1,lost_track,6
92,460,15.333,camera_3,lost_track,4
93,465,15.5,camera_1,new_track,10
94,470,15.667,camera_6,lost_track,1
94,470,15.667,camera_7,reacquired,3
95,475,15.833,camera_3,reacquired,4
95,475,15.833,camera_3,removed,8
96,480,16.0,camera_3,reacquired,9
96,480,16.0,camera_6,lost_track,3
97,485,16.167,camera_1,lost_track,9
97,485,16.167,camera_1,lost_track,10
98,490,16.333,camera_1,lost_track,8
100,500,16.667,camera_2,new_track,7
100,500,16.667,camera_3,lost_track,9
101,505,16.833,camera_3,reacquired,9
101,505,16.833,camera_5,new_track,1
102,510,17.0,camera_3,removed,10
107,535,17.833,camera_5,new_track,2
109,545,18.167,camera_7,removed,2
110,550,18.333,camera_1,reacquired,10
110,550,18.333,camera_6,removed,2
111,555,18.5,camera_5,lost_track,1
111,555,18.5,camera_7,removed,1
112,560,18.667,camera_2,new_track,8
112,560,18.667,camera_7,removed,4
113,565,18.833,camera_1,new_track,11
113,565,18.833,camera_2,lost_track,3
114,570,19.0,camera_2,new_track,9
114,570,19.0,camera_3,lost_track,4
116,580,19.333,camera_2,new_track,10
116,580,19.333,camera_3,reacquired,4
116,580,19.333,camera_3,lost_track,9
116,580,19.333,camera_5,lost_track,2
118,590,19.667,camera_3,lost_track,12
119,595,19.833,camera_2,lost_track,6
119,595,19.833,camera_3,new_track,13
120,600,20.0,camera_1,lost_track,7
121,605,20.167,camera_6,removed,4
122,610,20.333,camera_1,removed,6
123,615,20.5,camera_3,new_track,14
124,620,20.667,camera_1,new_track,12
124,620,20.667,camera_6,removed,1
125,625,20.833,camera_1,reacquired,7
125,625,20.833,camera_1,lost_track,10
125,625,20.833,camera_3,new_track,15
125,625,20.833,camera_7,lost_track,3
126,630,21.0,camera_6,new_track,5
126,630,21.0,camera_6,removed,3
127,635,21.167,camera_1,removed,9
127,635,21.167,camera_2,reacquired,6
127,635,21.167,camera_3,new_track,16
127,635,21.167,camera_6,new_track,6
128,640,21.333,camera_1,lost_track,7
128,640,21.333,camera_1,removed,8
128,640,21.333,camera_3,lost_track,13
128,640,21.333,camera_6,lost_track,5
129,645,21.5,camera_1,lost_track,12
129,645,21.5,camera_3,new_track,17
129,645,21.5,camera_3,lost_track,4
129,645,21.5,camera_6,new_track,7
129,645,21.5,camera_6,lost_track,6
130,650,21.667,camera_1,reacquired,7
130,650,21.667,camera_1,reacquired,12
132,660,22.0,camera_2,lost_track,6
132,660,22.0,camera_3,lost_track,17
133,665,22.167,camera_3,reacquired,17
134,670,22.333,camera_2,reacquired,6
135,675,22.5,camera_2,lost_track,7
135,675,22.5,camera_3,reacquired,13
136,680,22.667,camera_3,new_track,18
136,680,22.667,camera_3,lost_track,17
138,690,23.0,camera_2,reacquired,7
138,690,23.0,camera_3,lost_track,18
139,695,23.167,camera_1,new_track,13
139,695,23.167,camera_1,lost_track,7
139,695,23.167,camera_6,lost_track,7
141,705,23.5,camera_2,lost_track,7
141,705,23.5,camera_3,reacquired,18
141,705,23.5,camera_5,removed,1
142,710,23.667,camera_3,lost_track,18
143,715,23.833,camera_2,removed,3
146,730,24.333,camera_3,removed,9
146,730,24.333,camera_5,new_track,3
146,730,24.333,camera_5,removed,2
148,740,24.667,camera_3,new_track,19
148,740,24.667,camera_3,removed,12
150,750,25.0,camera_1,lost_track,13
150,750,25.0,camera_3,lost_track,19
151,755,25.167,camera_1,reacquired,13
152,760,25.333,camera_1,lost_track,12
152,760,25.333,camera_3,reacquired,19
153,765,25.5,camera_1,lost_track,13
154,770,25.667,camera_1,new_track,14
154,770,25.667,camera_2,new_track,11
154,770,25.667,camera_3,reacquired,18
154,770,25.667,camera_3,lost_track,19
154,770,25.667,camera_5,lost_track,3
155,775,25.833,camera_1,removed,10
155,775,25.833,camera_7,removed,3
158,790,26.333,camera_1,reacquired,13
158,790,26.333,camera_6,removed,5
159,795,26.5,camera_1,lost_track,13
159,795,26.5,camera_3,lost_track,18
159,795,26.5,camera_3,removed,4
159,795,26.5,camera_6,removed,6
160,800,26.667,camera_3,reacquired,18
160,800,26.667,camera_3,lost_track,16
162,810,27.0,camera_3,new_track,20
163,815,27.167,camera_1,reacquired,13
163,815,27.167,camera_2,new_track,12
163,815,27.167,camera_3,reacquired,16
163,815,27.167,camera_3,lost_track,13
164,820,27.333,camera_2,lost_track,12
166,830,27.667,camera_3,removed,17
167,835,27.833,camera_1,lost_track,14
167,835,27.833,camera_3,reacquired,19
167,835,27.833,camera_3,lost_track,18
167,835,27.833,camera_3,lost_track,14
168,840,28.0,camera_1,reacquired,14
168,840,28.0,camera_3,new_track,21
168,840,28.0,camera_3,lost_track,16
169,845,28.167,camera_1,removed,7
169,845,28.167,camera_3,new_track,22
169,845,28.167,camera_3,lost_track,2
169,845,28.167,camera_6,removed,7
170,850,28.333,camera_2,new_track,13
170,850,28.333,camera_2,lost_track,10
170,850,28.333,camera_3,reacquired,18
171,855,28.5,camera_1,new_track,15
171,855,28.5,camera_2,removed,7
171,855,28.5,camera_3,reacquired,2
171,855,28.5,camera_3,lost_track,11
171,855,28.5,camera_3,lost_track,22
173,865,28.833,camera_1,lost_track,13
173,865,28.833,camera_3,reacquired,11
173,865,28.833,camera_3,reacquired,16
174,870,29.0,camera_3,lost_track,1
176,880,29.333,camera_1,reacquired,13
176,880,29.333,camera_2,lost_track,5
176,880,29.333,camera_3,lost_track,18
177,885,29.5,camera_3,reacquired,18
178,890,29.667,camera_1,lost_track,14
178,890,29.667,camera_2,lost_track,13
179,895,29.833,camera_1,reacquired,14
179,895,29.833,camera_3,reacquired,22
180,900,30.0,camera_3,lost_track,16
180,900,30.0,camera_3,lost_track,2
181,905,30.167,camera_3,reacquired,2
181,905,30.167,camera_3,lost_track,22
182,910,30.333,camera_1,removed,12
182,910,30.333,camera_3,reacquired,22
182,910,30.333,camera_3,lost_track,7
183,915,30.5,camera_2,new_track,14
183,915,30.5,camera_3,lost_track,11
184,920,30.667,camera_3,new_track,23
184,920,30.667,camera_3,lost_track,2
184,920,30.667,camera_5,removed,3
186,930,31.0,camera_1,new_track,16
186,930,31.0,camera_1,lost_track,13
186,930,31.0,camera_3,new_track,24
188,940,31.333,camera_1,reacquired,13
188,940,31.333,camera_3,reacquired,16
189,945,31.5,camera_1,lost_track,4
190,950,31.667,camera_3,reacquired,11
190,950,31.667,camera_3,lost_track,24
191,955,31.833,camera_3,lost_track,18
192,960,32.0,camera_3,reacquired,1
192,960,32.0,camera_3,lost_track,11
193,965,32.167,camera_1,new_track,17
193,965,32.167,camera_3,removed,13
194,970,32.333,camera_2,removed,12
197,985,32.833,camera_3,removed,14
199,995,33.167,camera_1,lost_track,13
200,1000,33.333,camera_2,removed,10
200,1000,33.333,camera_3,reacquired,11
203,1015,33.833,camera_1,lost_track,11
205,1025,34.167,camera_3,lost_track,11
206,1030,34.333,camera_2,removed,5
208,1040,34.667,camera_1,reacquired,13
208,1040,34.667,camera_2,removed,13
209,1045,34.833,camera_1,lost_track,17
209,1045,34.833,camera_1,lost_track,14
210,1050,35.0,camera_1,reacquired,14
212,1060,35.333,camera_1,reacquired,17
212,1060,35.333,camera_3,removed,7
214,1070,35.667,camera_3,removed,2
219,1095,36.5,camera_1,removed,4
220,1100,36.667,camera_3,new_track,25
220,1100,36.667,camera_3,removed,24
221,1105,36.833,camera_3,removed,18
223,1115,37.167,camera_1,lost_track,14
224,1120,37.333,camera_1,reacquired,14
226,1130,37.667,camera_3,lost_track,19
228,1140,38.0,camera_1,lost_track,14
229,1145,38.167,camera_1,new_track,18
229,1145,38.167,camera_2,new_track,15
229,1145,38.167,camera_3,reacquired,19
231,1155,38.5,camera_3,lost_track,19
233,1165,38.833,camera_1,lost_track,17
233,1165,38.833,camera_1,removed,11
235,1175,39.167,camera_3,removed,11
237,1185,39.5,camera_1,new_track,19
240,1200,40.0,camera_1,reacquired,17
240,1200,40.0,camera_1,lost_track,19
241,1205,40.167,camera_1,reacquired,19
243,1215,40.5,camera_1,new_track,20
243,1215,40.5,camera_1,lost_track,17
244,1220,40.667,camera_1,reacquired,17
244,1220,40.667,camera_1,lost_track,15
245,1225,40.833,camera_1,lost_track,18
247,1235,41.167,camera_1,reacquired,15
247,1235,41.167,camera_1,lost_track,17
248,1240,41.333,camera_1,new_track,21
248,1240,41.333,camera_1,lost_track,15
249,1245,41.5,camera_1,reacquired,15
249,1245,41.5,camera_1,lost_track,21
249,1245,41.5,camera_3,new_track,26
250,1250,41.667,camera_1,reacquired,21
253,1265,42.167,camera_3,lost_track,26
258,1290,43.0,camera_1,removed,14
261,1305,43.5,camera_3,removed,19
275,1375,45.833,camera_1,removed,18
277,1385,46.167,camera_1,removed,17
283,1415,47.167,camera_3,removed,26
289,1445,48.167,camera_3,lost_track,15
291,1455,48.5,camera_1,lost_track,15
291,1455,48.5,camera_3,reacquired,15
294,1470,49.0,camera_1,new_track,22
296,1480,49.333,camera_2,lost_track,15
299,1495,49.833,camera_1,lost_track,22
306,1530,51.0,camera_2,lost_track,6
307,1535,51.167,camera_3,new_track,27
308,1540,51.333,camera_1,lost_track,19
308,1540,51.333,camera_3,new_track,28
309,1545,51.5,camera_1,lost_track,20
310,1550,51.667,camera_1,reacquired,20
311,1555,51.833,camera_1,reacquired,19
313,1565,52.167,camera_1,lost_track,20
315,1575,52.5,camera_1,new_track,23
316,1580,52.667,camera_2,reacquired,6
316,1580,52.667,camera_3,lost_track,15
317,1585,52.833,camera_1,lost_track,19
317,1585,52.833,camera_3,reacquired,15
318,1590,53.0,camera_2,reacquired,15
321,1605,53.5,camera_1,lost_track,23
321,1605,53.5,camera_1,removed,15
322,1610,53.667,camera_1,new_track,24
322,1610,53.667,camera_3,lost_track,27
325,1625,54.167,camera_1,lost_track,24
326,1630,54.333,camera_1,new_track,25
327,1635,54.5,camera_3,new_track,29
329,1645,54.833,camera_1,removed,22
329,1645,54.833,camera_3,lost_track,16
329,1645,54.833,camera_3,lost_track,21
330,1650,55.0,camera_3,reacquired,16
332,1660,55.333,camera_1,lost_track,13
332,1660,55.333,camera_3,lost_track,15
334,1670,55.667,camera_1,reacquired,13
334,1670,55.667,camera_3,reacquired,15
335,1675,55.833,camera_3,reacquired,21
335,1675,55.833,camera_3,lost_track,15
336,1680,56.0,camera_1,lost_track,13
336,1680,56.0,camera_3,lost_track,21
337,1685,56.167,camera_3,reacquired,15
337,1685,56.167,camera_3,reacquired,21
338,1690,56.333,camera_1,new_track,26
338,1690,56.333,camera_1,lost_track,16
338,1690,56.333,camera_3,new_track,30
339,1695,56.5,camera_3,lost_track,15
341,1705,56.833,camera_1,new_track,27
341,1705,56.833,camera_1,lost_track,26
341,1705,56.833,camera_3,lost_track,29
342,1710,57.0,camera_1,reacquired,16
342,1710,57.0,camera_3,reacquired,29
343,1715,57.167,camera_1,removed,20
343,1715,57.167,camera_3,reacquired,15
343,1715,57.167,camera_3,lost_track,29
343,1715,57.167,camera_3,lost_track,30
344,1720,57.333,camera_1,new_track,28
344,1720,57.333,camera_3,lost_track,15
345,1725,57.5,camera_3,reacquired,29
345,1725,57.5,camera_3,reacquired,30
346,1730,57.667,camera_3,lost_track,29
347,1735,57.833,camera_1,removed,19
348,1740,58.0,camera_3,reacquired,29
351,1755,58.5,camera_1,removed,23
352,1760,58.667,camera_3,removed,27
355,1775,59.167,camera_1,removed,24
356,1780,59.333,camera_1,new_track,29
356,1780,59.333,camera_3,lost_track,21
357,1785,59.5,camera_3,new_track,32
357,1785,59.5,camera_3,new_track,31
361,1805,60.167,camera_1,lost_track,16
361,1805,60.167,camera_3,reacquired,21
362,1810,60.333,camera_3,lost_track,21
363,1815,60.5,camera_3,lost_track,31
366,1830,61.0,camera_1,removed,13
371,1855,61.833,camera_1,removed,26
374,1870,62.333,camera_3,removed,15
379,1895,63.167,camera_3,reacquired,21
379,1895,63.167,camera_3,reacquired,31
380,1900,63.333,camera_3,lost_track,31
391,1955,65.167,camera_1,removed,16
392,1960,65.333,camera_1,lost_track,29
393,1965,65.5,camera_1,reacquired,29
395,1975,65.833,camera_3,lost_track,21
397,1985,66.167,camera_3,reacquired,21
398,1990,66.333,camera_3,reacquired,31
399,1995,66.5,camera_3,lost_track,29
401,2005,66.833,camera_1,lost_track,29
401,2005,66.833,camera_3,reacquired,29
403,2015,67.167,camera_3,lost_track,31
407,2035,67.833,camera_3,reacquired,31
408,2040,68.0,camera_3,lost_track,31
412,2060,68.667,camera_3,reacquired,31
413,2065,68.833,camera_1,lost_track,28
413,2065,68.833,camera_3,lost_track,31
414,2070,69.0,camera_1,reacquired,28
415,2075,69.167,camera_1,new_track,30
415,2075,69.167,camera_3,lost_track,30
416,2080,69.333,camera_1,lost_track,25
416,2080,69.333,camera_3,reacquired,31
417,2085,69.5,camera_3,reacquired,30
418,2090,69.667,camera_3,lost_track,31
424,2120,70.667,camera_1,new_track,31
427,2135,71.167,camera_1,lost_track,28
427,2135,71.167,camera_3,new_track,33
427,2135,71.167,camera_3,lost_track,30
429,2145,71.5,camera_3,reacquired,30
431,2155,71.833,camera_1,removed,29
431,2155,71.833,camera_3,reacquired,31
433,2165,72.167,camera_3,new_track,34
433,2165,72.167,camera_3,lost_track,30
435,2175,72.5,camera_1,reacquired,28
435,2175,72.5,camera_2,lost_track,15
436,2180,72.667,camera_1,reacquired,25
437,2185,72.833,camera_1,lost_track,31
437,2185,72.833,camera_3,lost_track,29
438,2190,73.0,camera_1,reacquired,31
439,2195,73.167,camera_1,lost_track,28
440,2200,73.333,camera_1,lost_track,21
442,2210,73.667,camera_1,lost_track,25
443,2215,73.833,camera_2,new_track,16
443,2215,73.833,camera_3,lost_track,31
444,2220,74.0,camera_3,lost_track,33
445,2225,74.167,camera_3,new_track,35
447,2235,74.5,camera_2,lost_track,16
449,2245,74.833,camera_3,reacquired,29
450,2250,75.0,camera_1,new_track,32
450,2250,75.0,camera_1,new_track,33
450,2250,75.0,camera_3,lost_track,21
451,2255,75.167,camera_3,reacquired,21
452,2260,75.333,camera_1,new_track,34
452,2260,75.333,camera_3,lost_track,21
453,2265,75.5,camera_1,lost_track,34
454,2270,75.667,camera_1,reacquired,34
454,2270,75.667,camera_3,reacquired,21
455,2275,75.833,camera_3,lost_track,35
456,2280,76.0,camera_3,reacquired,35
457,2285,76.167,camera_1,new_track,35
457,2285,76.167,camera_1,new_track,36
457,2285,76.167,camera_3,reacquired,33
457,2285,76.167,camera_3,lost_track,1
457,2285,76.167,camera_3,lost_track,34
458,2290,76.333,camera_1,lost_track,27
458,2290,76.333,camera_3,new_track,36
459,2295,76.5,camera_1,lost_track,32
460,2300,76.667,camera_3,reacquired,34
461,2305,76.833,camera_1,lost_track,36
461,2305,76.833,camera_3,reacquired,1
461,2305,76.833,camera_3,lost_track,36
462,2310,77.0,camera_1,reacquired,36
463,2315,77.167,camera_1,lost_track,34
463,2315,77.167,camera_3,removed,30
465,2325,77.5,camera_2,removed,15
468,2340,78.0,camera_3,lost_track,21
469,2345,78.167,camera_1,removed,28
470,2350,78.333,camera_1,lost_track,36
470,2350,78.333,camera_1,removed,21
470,2350,78.333,camera_3,lost_track,34
471,2355,78.5,camera_1,reacquired,36
471,2355,78.5,camera_3,lost_track,1
472,2360,78.667,camera_1,removed,25
473,2365,78.833,camera_3,removed,31
476,2380,79.333,camera_3,reacquired,1
477,2385,79.5,camera_2,removed,16
478,2390,79.667,camera_3,reacquired,21
479,2395,79.833,camera_3,reacquired,34
479,2395,79.833,camera_3,lost_track,1
480,2400,80.0,camera_1,lost_track,36
481,2405,80.167,camera_3,reacquired,1
481,2405,80.167,camera_3,lost_track,35
483,2415,80.5,camera_1,lost_track,35
483,2415,80.5,camera_3,lost_track,1
484,2420,80.667,camera_3,reacquired,1
485,2425,80.833,camera_3,lost_track,21
486,2430,81.0,camera_3,lost_track,1
487,2435,81.167,camera_3,reacquired,1
488,2440,81.333,camera_1,removed,27
488,2440,81.333,camera_3,reacquired,21
489,2445,81.5,camera_1,reacquired,36
489,2445,81.5,camera_1,removed,32
489,2445,81.5,camera_3,lost_track,1
491,2455,81.833,camera_3,removed,36
492,2460,82.0,camera_1,reacquired,35
492,2460,82.0,camera_3,lost_track,33
493,2465,82.167,camera_1,removed,34
493,2465,82.167,camera_2,lost_track,6
495,2475,82.5,camera_1,lost_track,36
495,2475,82.5,camera_3,new_track,37
496,2480,82.667,camera_1,reacquired,36
496,2480,82.667,camera_3,lost_track,29
497,2485,82.833,camera_1,lost_track,36
497,2485,82.833,camera_3,reacquired,29
498,2490,83.0,camera_1,new_track,37
498,2490,83.0,camera_1,reacquired,36
498,2490,83.0,camera_3,lost_track,29
499,2495,83.167,camera_3,reacquired,29
500,2500,83.333,camera_3,lost_track,29
502,2510,83.667,camera_3,reacquired,29
503,2515,83.833,camera_3,lost_track,29
504,2520,84.0,camera_3,reacquired,29
511,2555,85.167,camera_3,removed,35
513,2565,85.5,camera_3,lost_track,21
514,2570,85.667,camera_3,reacquired,21
519,2595,86.5,camera_3,lost_track,29
519,2595,86.5,camera_3,removed,1
522,2610,87.0,camera_3,removed,33
523,2615,87.167,camera_2,removed,6
526,2630,87.667,camera_3,reacquired,29
531,2655,88.5,camera_1,lost_track,36
533,2665,88.833,camera_1,lost_track,37
535,2675,89.167,camera_1,reacquired,37
538,2690,89.667,camera_1,lost_track,37
541,2705,90.167,camera_1,reacquired,36
542,2710,90.333,camera_1,reacquired,37
542,2710,90.333,camera_3,lost_track,29
544,2720,90.667,camera_1,lost_track,36
549,2745,91.5,camera_1,reacquired,36
549,2745,91.5,camera_1,lost_track,37
550,2750,91.667,camera_1,reacquired,37
555,2775,92.5,camera_1,lost_track,37
556,2780,92.667,camera_3,new_track,38
557,2785,92.833,camera_1,lost_track,36
558,2790,93.0,camera_1,new_track,38
558,2790,93.0,camera_1,reacquired,36
560,2800,93.333,camera_3,reacquired,29
563,2815,93.833,camera_3,lost_track,29
569,2845,94.833,camera_1,lost_track,36
569,2845,94.833,camera_3,reacquired,29
569,2845,94.833,camera_3,lost_track,21
573,2865,95.5,camera_1,new_track,39
575,2875,95.833,camera_1,lost_track,39
577,2885,96.167,camera_3,reacquired,21
578,2890,96.333,camera_1,reacquired,39
579,2895,96.5,camera_1,lost_track,39
579,2895,96.5,camera_2,new_track,17
579,2895,96.5,camera_3,lost_track,21
581,2905,96.833,camera_1,reacquired,39
582,2910,97.0,camera_1,lost_track,39
585,2925,97.5,camera_1,removed,37
585,2925,97.5,camera_3,reacquired,21
586,2930,97.667,camera_3,lost_track,29
589,2945,98.167,camera_2,new_track,18
593,2965,98.833,camera_1,reacquired,39
593,2965,98.833,camera_2,lost_track,17
593,2965,98.833,camera_3,lost_track,37
594,2970,99.0,camera_3,reacquired,37
596,2980,99.333,camera_2,reacquired,17
599,2995,99.833,camera_1,removed,36
600,3000,100.0,camera_1,lost_track,39
602,3010,100.333,camera_1,reacquired,39
603,3015,100.5,camera_1,lost_track,39
605,3025,100.833,camera_1,reacquired,39
609,3045,101.5,camera_1,lost_track,39
616,3080,102.667,camera_3,removed,29
618,3090,103.0,camera_1,lost_track,31
619,3095,103.167,camera_1,reacquired,31
620,3100,103.333,camera_1,lost_track,38
621,3105,103.5,camera_1,new_track,40
622,3110,103.667,camera_3,new_track,39
630,3150,105.0,camera_1,new_track,41
632,3160,105.333,camera_1,reacquired,39
634,3170,105.667,camera_3,lost_track,39
635,3175,105.833,camera_3,reacquired,39
636,3180,106.0,camera_1,lost_track,41
636,3180,106.0,camera_1,lost_track,39
643,3215,107.167,camera_2,lost_track,18
644,3220,107.333,camera_1,new_track,42
645,3225,107.5,camera_3,new_track,40
650,3250,108.333,camera_1,removed,38
661,3305,110.167,camera_1,lost_track,31
662,3310,110.333,camera_1,reacquired,31
666,3330,111.0,camera_1,lost_track,30
666,3330,111.0,camera_1,removed,41
666,3330,111.0,camera_1,removed,39
667,3335,111.167,camera_1,lost_track,35
668,3340,111.333,camera_1,reacquired,30
668,3340,111.333,camera_1,lost_track,31
668,3340,111.333,camera_2,new_track,19
672,3360,112.0,camera_1,new_track,43
673,3365,112.167,camera_2,removed,18
681,3405,113.5,camera_1,lost_track,43
682,3410,113.667,camera_1,reacquired,43
684,3420,114.0,camera_1,lost_track,30
686,3430,114.333,camera_1,new_track,44
686,3430,114.333,camera_1,reacquired,30
687,3435,114.5,camera_1,lost_track,30
688,3440,114.667,camera_3,new_track,41
689,3445,114.833,camera_1,reacquired,30
691,3455,115.167,camera_3,new_track,42
691,3455,115.167,camera_3,lost_track,28
692,3460,115.333,camera_3,lost_track,37
693,3465,115.5,camera_1,lost_track,30
693,3465,115.5,camera_3,lost_track,38
693,3465,115.5,camera_3,lost_track,39
694,3470,115.667,camera_1,lost_track,43
694,3470,115.667,camera_3,reacquired,38
695,3475,115.833,camera_3,lost_track,41
697,3485,116.167,camera_1,removed,35
698,3490,116.333,camera_1,removed,31
700,3500,116.667,camera_1,lost_track,44
701,3505,116.833,camera_1,reacquired,30
701,3505,116.833,camera_1,reacquired,44
701,3505,116.833,camera_3,reacquired,37
703,3515,117.167,camera_3,lost_track,38
704,3520,117.333,camera_1,lost_track,40
705,3525,117.5,camera_1,lost_track,44
705,3525,117.5,camera_1,lost_track,30
706,3530,117.667,camera_1,reacquired,30
706,3530,117.667,camera_1,lost_track,42
707,3535,117.833,camera_1,new_track,45
707,3535,117.833,camera_1,reacquired,42
708,3540,118.0,camera_3,reacquired,38
716,3580,119.333,camera_3,lost_track,38
717,3585,119.5,camera_1,new_track,46
717,3585,119.5,camera_1,lost_track,42
718,3590,119.667,camera_1,reacquired,42
719,3595,119.833,camera_1,lost_track,42
720,3600,120.0,camera_1,reacquired,42
720,3600,120.0,camera_1,lost_track,30
721,3605,120.167,camera_1,reacquired,30
721,3605,120.167,camera_3,removed,28
723,3615,120.5,camera_3,removed,39
724,3620,120.667,camera_1,removed,43
724,3620,120.667,camera_3,reacquired,39
724,3620,120.667,camera_3,lost_track,37
725,3625,120.833,camera_3,removed,41
728,3640,121.333,camera_3,new_track,43
734,3670,122.333,camera_1,removed,40
735,3675,122.5,camera_1,removed,44
735,3675,122.5,camera_3,lost_track,43
737,3685,122.833,camera_3,reacquired,43
739,3695,123.167,camera_3,lost_track,43
741,3705,123.5,camera_3,reacquired,43
746,3730,124.333,camera_3,removed,38
751,3755,125.167,camera_3,new_track,44
751,3755,125.167,camera_3,lost_track,43
753,3765,125.5,camera_3,new_track,45
754,3770,125.667,camera_3,removed,37
760,3800,126.667,camera_1,new_track,47
770,3850,128.333,camera_2,lost_track,17
771,3855,128.5,camera_3,lost_track,16
781,3905,130.167,camera_1,lost_track,42
781,3905,130.167,camera_3,removed,43
783,3915,130.5,camera_3,reacquired,16
788,3940,131.333,camera_3,lost_track,16
795,3975,132.5,camera_3,lost_track,44
800,4000,133.333,camera_2,removed,17
800,4000,133.333,camera_3,reacquired,16
804,4020,134.0,camera_3,lost_track,16
806,4030,134.333,camera_1,lost_track,45
811,4055,135.167,camera_1,removed,42
812,4060,135.333,camera_3,lost_track,39
814,4070,135.667,camera_1,reacquired,45
815,4075,135.833,camera_1,lost_track,45
816,4080,136.0,camera_3,reacquired,44
820,4100,136.667,camera_1,new_track,48
822,4110,137.0,camera_1,new_track,49
822,4110,137.0,camera_1,reacquired,45
824,4120,137.333,camera_1,new_track,50
826,4130,137.667,camera_1,lost_track,45
834,4170,139.0,camera_3,removed,16
842,4210,140.333,camera_3,removed,39
846,4230,141.0,camera_3,new_track,46
847,4235,141.167,camera_1,lost_track,33
847,4235,141.167,camera_3,lost_track,46
850,4250,141.667,camera_3,reacquired,46
852,4260,142.0,camera_3,lost_track,45
852,4260,142.0,camera_3,lost_track,46
853,4265,142.167,camera_1,lost_track,48
853,4265,142.167,camera_3,reacquired,46
855,4275,142.5,camera_3,lost_track,46
856,4280,142.667,camera_1,removed,45
857,4285,142.833,camera_3,reacquired,46
874,4370,145.667,camera_3,lost_track,44
877,4385,146.167,camera_1,removed,33
882,4410,147.0,camera_3,removed,45
883,4415,147.167,camera_1,removed,48
885,4425,147.5,camera_1,new_track,51
886,4430,147.667,camera_1,lost_track,49
888,4440,148.0,camera_3,lost_track,32
891,4455,148.5,camera_1,new_track,52
891,4455,148.5,camera_1,lost_track,50
894,4470,149.0,camera_2,new_track,20
898,4490,149.667,camera_3,reacquired,44
902,4510,150.333,camera_1,reacquired,50
903,4515,150.5,camera_2,lost_track,19
904,4520,150.667,camera_1,lost_track,52
906,4530,151.0,camera_2,reacquired,19
906,4530,151.0,camera_2,lost_track,20
908,4540,151.333,camera_1,new_track,53
908,4540,151.333,camera_3,lost_track,44
909,4545,151.5,camera_1,new_track,54
909,4545,151.5,camera_1,lost_track,30
909,4545,151.5,camera_3,new_track,47
911,4555,151.833,camera_1,reacquired,30
911,4555,151.833,camera_1,lost_track,51
911,4555,151.833,camera_3,lost_track,42
911,4555,151.833,camera_3,lost_track,46
912,4560,152.0,camera_1,lost_track,54
912,4560,152.0,camera_3,reacquired,46
913,4565,152.167,camera_1,reacquired,54
914,4570,152.333,camera_1,lost_track,53
915,4575,152.5,camera_1,new_track,55
915,4575,152.5,camera_1,reacquired,53
916,4580,152.667,camera_1,lost_track,54
916,4580,152.667,camera_1,removed,49
916,4580,152.667,camera_3,new_track,48
918,4590,153.0,camera_1,reacquired,54
918,4590,153.0,camera_1,lost_track,55
918,4590,153.0,camera_3,removed,32
924,4620,154.0,camera_3,lost_track,48
926,4630,154.333,camera_1,lost_track,30
930,4650,155.0,camera_1,new_track,56
933,4665,155.5,camera_1,lost_track,56
934,4670,155.667,camera_1,removed,52
935,4675,155.833,camera_1,reacquired,56
935,4675,155.833,camera_1,lost_track,54
936,4680,156.0,camera_1,lost_track,53
936,4680,156.0,camera_2,removed,20
937,4685,156.167,camera_2,new_track,21
938,4690,156.333,camera_3,removed,44
939,4695,156.5,camera_3,new_track,49
940,4700,156.667,camera_3,new_track,50
941,4705,156.833,camera_1,removed,51
941,4705,156.833,camera_3,removed,42
942,4710,157.0,camera_1,reacquired,30
942,4710,157.0,camera_3,lost_track,46
946,4730,157.667,camera_3,reacquired,46
948,4740,158.0,camera_1,removed,55
949,4745,158.167,camera_1,lost_track,30
950,4750,158.333,camera_1,reacquired,30
954,4770,159.0,camera_1,reacquired,53
954,4770,159.0,camera_3,lost_track,46
954,4770,159.0,camera_3,removed,48
956,4780,159.333,camera_1,lost_track,53
959,4795,159.833,camera_1,reacquired,53
959,4795,159.833,camera_3,reacquired,46
960,4800,160.0,camera_3,lost_track,49
965,4825,160.833,camera_1,removed,54
969,4845,161.5,camera_1,lost_track,53
970,4850,161.667,camera_3,reacquired,49
974,4870,162.333,camera_1,lost_track,30
974,4870,162.333,camera_3,lost_track,46
981,4905,163.5,camera_1,reacquired,30
985,4925,164.167,camera_3,lost_track,50
986,4930,164.333,camera_2,lost_track,19
987,4935,164.5,camera_3,new_track,51
988,4940,164.667,camera_3,reacquired,50
989,4945,164.833,camera_1,lost_track,30
989,4945,164.833,camera_2,reacquired,19
996,4980,166.0,camera_1,reacquired,30
997,4985,166.167,camera_1,lost_track,30
999,4995,166.5,camera_1,removed,53
1001,5005,166.833,camera_1,reacquired,30
1001,5005,166.833,camera_1,lost_track,50
1004,5020,167.333,camera_3,removed,46
1005,5025,167.5,camera_1,new_track,57
1006,5030,167.667,camera_1,lost_track,30
1013,5065,168.833,camera_2,lost_track,21
1015,5075,169.167,camera_2,reacquired,21
1025,5125,170.833,camera_3,lost_track,51
1026,5130,171.0,camera_3,reacquired,51
1028,5140,171.333,camera_1,new_track,58
1029,5145,171.5,camera_1,new_track,59
1029,5145,171.5,camera_2,new_track,22
1031,5155,171.833,camera_1,removed,50
1033,5165,172.167,camera_2,lost_track,21
1035,5175,172.5,camera_2,reacquired,21
1036,5180,172.667,camera_1,removed,30
1036,5180,172.667,camera_2,lost_track,21
1040,5200,173.333,camera_2,reacquired,21
1041,5205,173.5,camera_2,lost_track,21
1043,5215,173.833,camera_3,lost_track,51
1044,5220,174.0,camera_2,new_track,23
1045,5225,174.167,camera_2,reacquired,21
1045,5225,174.167,camera_2,lost_track,23
1046,5230,174.333,camera_1,lost_track,58
1047,5235,174.5,camera_1,new_track,60
1047,5235,174.5,camera_1,reacquired,58
1048,5240,174.667,camera_1,new_track,61
1049,5245,174.833,camera_1,lost_track,60
1049,5245,174.833,camera_2,lost_track,21
1050,5250,175.0,camera_1,reacquired,60
1054,5270,175.667,camera_2,lost_track,22
1057,5285,176.167,camera_2,new_track,24
1057,5285,176.167,camera_2,reacquired,23
1058,5290,176.333,camera_2,lost_track,23
1059,5295,176.5,camera_2,reacquired,21
1068,5340,178.0,camera_2,reacquired,22
1071,5355,178.5,camera_2,lost_track,22
1073,5365,178.833,camera_1,new_track,62
1073,5365,178.833,camera_3,removed,51
1088,5440,181.333,camera_2,removed,23
1099,5495,183.167,camera_1,lost_track,62
1101,5505,183.5,camera_2,removed,22
1103,5515,183.833,camera_1,lost_track,56
1104,5520,184.0,camera_1,new_track,64
1104,5520,184.0,camera_1,new_track,63
1111,5555,185.167,camera_1,lost_track,64
1112,5560,185.333,camera_1,lost_track,46
1113,5565,185.5,camera_1,new_track,65
1122,5610,187.0,camera_2,lost_track,24
1129,5645,188.167,camera_1,removed,62
1131,5655,188.5,camera_2,reacquired,24
1133,5665,188.833,camera_1,removed,56
1135,5675,189.167,camera_1,lost_track,65
1135,5675,189.167,camera_1,lost_track,58
1136,5680,189.333,camera_1,new_track,66
1141,5705,190.167,camera_1,removed,64
1142,5710,190.333,camera_1,lost_track,66
1142,5710,190.333,camera_1,removed,46
1145,5725,190.833,camera_1,new_track,67
1162,5810,193.667,camera_1,new_track,68
1165,5825,194.167,camera_1,lost_track,67
1165,5825,194.167,camera_1,removed,65
1165,5825,194.167,camera_1,removed,58
1166,5830,194.333,camera_1,lost_track,68
1167,5835,194.5,camera_1,reacquired,67
1169,5845,194.833,camera_1,new_track,69
1172,5860,195.333,camera_1,removed,66
1175,5875,195.833,camera_1,new_track,70
1175,5875,195.833,camera_2,lost_track,21
1179,5895,196.5,camera_1,lost_track,67
1185,5925,197.5,camera_3,new_track,52
1188,5940,198.0,camera_1,lost_track,60
1188,5940,198.0,camera_1,lost_track,69
1189,5945,198.167,camera_2,lost_track,24
1190,5950,198.333,camera_1,reacquired,67
1191,5955,198.5,camera_1,new_track,71
1193,5965,198.833,camera_1,reacquired,69
1196,5980,199.333,camera_1,removed,68
1198,5990,199.667,camera_1,reacquired,60
1202,6010,200.333,camera_3,lost_track,52
1203,6015,200.5,camera_1,lost_track,69
1204,6020,200.667,camera_1,lost_track,60
1205,6025,200.833,camera_2,removed,21
1212,6060,202.0,camera_1,reacquired,60
1217,6085,202.833,camera_3,lost_track,50
1218,6090,203.0,camera_3,new_track,53
1219,6095,203.167,camera_2,removed,24
1220,6100,203.333,camera_3,reacquired,50
1226,6130,204.333,camera_1,lost_track,61
1227,6135,204.5,camera_1,lost_track,60
1227,6135,204.5,camera_3,new_track,54
1228,6140,204.667,camera_1,reacquired,61
1228,6140,204.667,camera_1,lost_track,67
1228,6140,204.667,camera_1,lost_track,71
1228,6140,204.667,camera_3,lost_track,53
1229,6145,204.833,camera_1,reacquired,60
1230,6150,205.0,camera_1,new_track,72
1230,6150,205.0,camera_1,lost_track,60
1230,6150,205.0,camera_3,reacquired,53
1231,6155,205.167,camera_1,reacquired,67
1231,6155,205.167,camera_1,reacquired,71
1231,6155,205.167,camera_1,lost_track,72
1232,6160,205.333,camera_1,reacquired,72
1232,6160,205.333,camera_1,lost_track,67
1232,6160,205.333,camera_1,lost_track,71
1232,6160,205.333,camera_3,removed,52
1233,6165,205.5,camera_1,removed,69
1234,6170,205.667,camera_1,reacquired,60
1234,6170,205.667,camera_1,reacquired,67
1234,6170,205.667,camera_1,lost_track,63
1236,6180,206.0,camera_1,lost_track,67
1237,6185,206.167,camera_1,reacquired,63
1237,6185,206.167,camera_1,lost_track,72
1237,6185,206.167,camera_1,lost_track,60
1238,6190,206.333,camera_1,reacquired,60
1238,6190,206.333,camera_1,reacquired,72
1238,6190,206.333,camera_1,lost_track,59
1240,6200,206.667,camera_1,lost_track,61
1241,6205,206.833,camera_1,new_track,73
1242,6210,207.0,camera_3,lost_track,50
1244,6220,207.333,camera_1,reacquired,59
1244,6220,207.333,camera_3,reacquired,50
1247,6235,207.833,camera_1,new_track,74
1249,6245,208.167,camera_1,lost_track,59
1253,6265,208.833,camera_3,lost_track,50
1254,6270,209.0,camera_1,reacquired,59
1255,6275,209.167,camera_1,lost_track,59
1256,6280,209.333,camera_1,new_track,75
1257,6285,209.5,camera_1,new_track,76
1258,6290,209.667,camera_3,reacquired,50
1260,6300,210.0,camera_1,lost_track,76
1261,6305,210.167,camera_1,lost_track,72
1262,6310,210.333,camera_1,lost_track,63
1262,6310,210.333,camera_1,removed,71
1264,6320,210.667,camera_1,lost_track,75
1265,6325,210.833,camera_1,reacquired,75
1266,6330,211.0,camera_1,new_track,77
1266,6330,211.0,camera_1,removed,67
1269,6345,211.5,camera_1,reacquired,72
1270,6350,211.667,camera_1,removed,61
1270,6350,211.667,camera_3,lost_track,50
1274,6370,212.333,camera_1,lost_track,75
1275,6375,212.5,camera_1,reacquired,75
1276,6380,212.667,camera_1,new_track,78
1281,6405,213.5,camera_1,lost_track,78
1285,6425,214.167,camera_1,removed,59
1287,6435,214.5,camera_1,reacquired,78
1288,6440,214.667,camera_1,new_track,79
1290,6450,215.0,camera_1,removed,76
1292,6460,215.333,camera_1,removed,63
1294,6470,215.667,camera_1,lost_track,79
1295,6475,215.833,camera_1,reacquired,79
1295,6475,215.833,camera_1,lost_track,78
1300,6500,216.667,camera_3,new_track,55
1300,6500,216.667,camera_3,removed,50
1306,6530,217.667,camera_1,lost_track,74
1322,6610,220.333,camera_1,lost_track,79
1325,6625,220.833,camera_1,removed,78
1330,6650,221.667,camera_3,lost_track,55
1333,6665,222.167,camera_1,new_track,80
1333,6665,222.167,camera_3,lost_track,53
1335,6675,222.5,camera_1,lost_track,80
1336,6680,222.667,camera_1,removed,74
1342,6710,223.667,camera_3,reacquired,55
1343,6715,223.833,camera_1,lost_track,57
1344,6720,224.0,camera_1,lost_track,77
1345,6725,224.167,camera_1,reacquired,77
1346,6730,224.333,camera_1,lost_track,72
1349,6745,224.833,camera_1,lost_track,73
1352,6760,225.333,camera_1,removed,79
1356,6780,226.0,camera_1,reacquired,73
1357,6785,226.167,camera_1,new_track,81
1361,6805,226.833,camera_1,reacquired,72
1363,6815,227.167,camera_3,removed,53
1364,6820,227.333,camera_3,new_track,56
1365,6825,227.5,camera_1,new_track,82
1365,6825,227.5,camera_1,removed,80
1366,6830,227.667,camera_3,lost_track,34
1367,6835,227.833,camera_1,lost_track,73
1367,6835,227.833,camera_2,new_track,25
1369,6845,228.167,camera_1,new_track,83
1369,6845,228.167,camera_1,lost_track,75
1370,6850,228.333,camera_3,reacquired,34
1371,6855,228.5,camera_1,lost_track,83
1372,6860,228.667,camera_1,reacquired,75
1373,6865,228.833,camera_1,removed,57
1376,6880,229.333,camera_1,reacquired,83
1377,6885,229.5,camera_1,lost_track,75
1377,6885,229.5,camera_1,lost_track,77
1378,6890,229.667,camera_1,lost_track,72
1379,6895,229.833,camera_3,lost_track,56
1381,6905,230.167,camera_1,reacquired,75
1381,6905,230.167,camera_3,lost_track,55
1382,6910,230.333,camera_1,reacquired,72
1382,6910,230.333,camera_3,new_track,57
1382,6910,230.333,camera_3,reacquired,55
1383,6915,230.5,camera_1,lost_track,72
1386,6930,231.0,camera_3,lost_track,55
1390,6950,231.667,camera_1,new_track,84
1391,6955,231.833,camera_1,lost_track,84
1391,6955,231.833,camera_3,reacquired,55
1392,6960,232.0,camera_1,reacquired,84
1393,6965,232.167,camera_1,lost_track,75
1395,6975,232.5,camera_1,new_track,85
1395,6975,232.5,camera_1,reacquired,75
1396,6980,232.667,camera_1,lost_track,84
1397,6985,232.833,camera_1,removed,73
1397,6985,232.833,camera_3,lost_track,55
1399,6995,233.167,camera_1,lost_track,82
1399,6995,233.167,camera_1,lost_track,75
1400,7000,233.333,camera_1,reacquired,75
1401,7005,233.5,camera_3,reacquired,55
1405,7025,234.167,camera_1,lost_track,60
1405,7025,234.167,camera_2,new_track,26
1406,7030,234.333,camera_1,reacquired,60
1407,7035,234.5,camera_1,removed,77
1409,7045,234.833,camera_3,removed,56
1412,7060,235.333,camera_1,lost_track,85
1413,7065,235.5,camera_1,removed,72
1417,7085,236.167,camera_1,new_track,86
1418,7090,236.333,camera_3,lost_track,55
1423,7115,237.167,camera_3,new_track,58
1424,7120,237.333,camera_1,new_track,87
1426,7130,237.667,camera_1,lost_track,75
1426,7130,237.667,camera_1,lost_track,70
1426,7130,237.667,camera_1,removed,84
1428,7140,238.0,camera_1,new_track,88
1428,7140,238.0,camera_1,reacquired,75
1428,7140,238.0,camera_3,lost_track,58
1429,7145,238.167,camera_1,removed,82
1431,7155,238.5,camera_1,lost_track,88
1433,7165,238.833,camera_1,reacquired,70
1435,7175,239.167,camera_1,new_track,89
1435,7175,239.167,camera_1,reacquired,88
1438,7190,239.667,camera_1,lost_track,81
1438,7190,239.667,camera_1,lost_track,60
1442,7210,240.333,camera_1,removed,85
1443,7215,240.5,camera_1,lost_track,86
1444,7220,240.667,camera_3,lost_track,57
1446,7230,241.0,camera_3,new_track,59
1448,7240,241.333,camera_1,lost_track,88
1448,7240,241.333,camera_2,lost_track,19
1448,7240,241.333,camera_3,removed,55
1455,7275,242.5,camera_2,reacquired,19
1456,7280,242.667,camera_1,new_track,90
1456,7280,242.667,camera_1,lost_track,75
1456,7280,242.667,camera_2,lost_track,26
1457,7285,242.833,camera_1,reacquired,75
1457,7285,242.833,camera_1,reacquired,81
1458,7290,243.0,camera_1,lost_track,75
1458,7290,243.0,camera_3,removed,58
1462,7310,243.667,camera_1,lost_track,87
1462,7310,243.667,camera_3,lost_track,54
1463,7315,243.833,camera_2,new_track,27
1466,7330,244.333,camera_2,new_track,28
1466,7330,244.333,camera_2,lost_track,27
1467,7335,244.5,camera_1,lost_track,90
1467,7335,244.5,camera_2,reacquired,26
1467,7335,244.5,camera_2,lost_track,9
1468,7340,244.667,camera_1,reacquired,90
1468,7340,244.667,camera_1,removed,60
1468,7340,244.667,camera_2,reacquired,9
1468,7340,244.667,camera_2,lost_track,28
1469,7345,244.833,camera_1,reacquired,75
1470,7350,245.0,camera_1,lost_track,81
1470,7350,245.0,camera_3,reacquired,57
1471,7355,245.167,camera_3,reacquired,54
1472,7360,245.333,camera_1,reacquired,81
1472,7360,245.333,camera_3,lost_track,57
1473,7365,245.5,camera_1,lost_track,81
1473,7365,245.5,camera_1,removed,86
1473,7365,245.5,camera_3,reacquired,57
1474,7370,245.667,camera_1,new_track,91
1474,7370,245.667,camera_1,lost_track,83
1475,7375,245.833,camera_1,reacquired,81
1477,7385,246.167,camera_1,new_track,92
1477,7385,246.167,camera_1,reacquired,83
1478,7390,246.333,camera_1,lost_track,81
1478,7390,246.333,camera_1,removed,88
1479,7395,246.5,camera_1,new_track,93
1479,7395,246.5,camera_1,lost_track,75
1479,7395,246.5,camera_2,lost_track,26
1482,7410,247.0,camera_1,reacquired,75
1482,7410,247.0,camera_1,lost_track,92
1483,7415,247.167,camera_1,reacquired,81
1484,7420,247.333,camera_1,lost_track,81
1485,7425,247.5,camera_1,reacquired,81
1486,7430,247.667,camera_1,lost_track,47
1487,7435,247.833,camera_1,reacquired,47
1487,7435,247.833,camera_1,lost_track,75
1488,7440,248.0,camera_2,new_track,29
1491,7455,248.5,camera_1,lost_track,90
1491,7455,248.5,camera_2,lost_track,29
1492,7460,248.667,camera_1,reacquired,90
1492,7460,248.667,camera_1,removed,87
1492,7460,248.667,camera_2,reacquired,29
1492,7460,248.667,camera_2,lost_track,19
1493,7465,248.833,camera_2,reacquired,19
1494,7470,249.0,camera_1,lost_track,93
1496,7480,249.333,camera_2,removed,27
1498,7490,249.667,camera_2,removed,28
1499,7495,249.833,camera_1,reacquired,75
1499,7495,249.833,camera_1,lost_track,89
1499,7495,249.833,camera_1,lost_track,91
1501,7505,250.167,camera_2,reacquired,26
1503,7515,250.5,camera_1,lost_track,81
1504,7520,250.667,camera_1,lost_track,90
1504,7520,250.667,camera_3,lost_track,57
1505,7525,250.833,camera_2,lost_track,26
1509,7545,251.5,camera_1,lost_track,83
1510,7550,251.667,camera_1,reacquired,89
1510,7550,251.667,camera_3,reacquired,57
1511,7555,251.833,camera_1,reacquired,83
1512,7560,252.0,camera_1,new_track,94
1512,7560,252.0,camera_1,new_track,95
1512,7560,252.0,camera_1,reacquired,90
1512,7560,252.0,camera_1,removed,92
1513,7565,252.167,camera_1,lost_track,83
1513,7565,252.167,camera_2,reacquired,26
1514,7570,252.333,camera_1,reacquired,83
1515,7575,252.5,camera_1,lost_track,75
1518,7590,253.0,camera_2,lost_track,26
1518,7590,253.0,camera_2,lost_track,19
1521,7605,253.5,camera_1,lost_track,94
1522,7610,253.667,camera_3,lost_track,57
1523,7615,253.833,camera_1,reacquired,94
1523,7615,253.833,camera_3,new_track,60
1524,7620,254.0,camera_1,removed,93
1524,7620,254.0,camera_2,reacquired,19
1524,7620,254.0,camera_3,reacquired,57
1524,7620,254.0,camera_3,lost_track,49
1525,7625,254.167,camera_3,reacquired,49
1526,7630,254.333,camera_1,lost_track,89
1526,7630,254.333,camera_1,lost_track,94
1526,7630,254.333,camera_1,lost_track,95
1527,7635,254.5,camera_1,lost_track,83
1528,7640,254.667,camera_1,new_track,96
1528,7640,254.667,camera_1,reacquired,94
1528,7640,254.667,camera_2,lost_track,19
1529,7645,254.833,camera_1,new_track,97
1529,7645,254.833,camera_1,removed,91
1530,7650,255.0,camera_1,reacquired,95
1532,7660,255.333,camera_1,lost_track,94
1532,7660,255.333,camera_3,lost_track,57
1533,7665,255.5,camera_1,reacquired,94
1533,7665,255.5,camera_1,removed,81
1533,7665,255.5,camera_3,reacquired,57
1534,7670,255.667,camera_1,new_track,98
1534,7670,255.667,camera_1,lost_track,95
1534,7670,255.667,camera_2,new_track,30
1536,7680,256.0,camera_2,lost_track,30
1537,7685,256.167,camera_3,lost_track,20
1538,7690,256.333,camera_3,new_track,61
1541,7705,256.833,camera_1,new_track,99
1541,7705,256.833,camera_1,lost_track,98
1541,7705,256.833,camera_3,lost_track,49
1543,7715,257.167,camera_1,reacquired,98
1545,7725,257.5,camera_1,removed,75
1546,7730,257.667,camera_1,reacquired,95
1546,7730,257.667,camera_1,lost_track,96
1547,7735,257.833,camera_1,reacquired,96
1548,7740,258.0,camera_1,lost_track,94
1548,7740,258.0,camera_2,removed,26
1548,7740,258.0,camera_3,reacquired,49
1550,7750,258.333,camera_1,lost_track,95
1551,7755,258.5,camera_1,reacquired,95
1551,7755,258.5,camera_3,lost_track,49
1552,7760,258.667,camera_1,reacquired,94
1552,7760,258.667,camera_1,lost_track,99
1552,7760,258.667,camera_3,lost_track,57
1555,7775,259.167,camera_3,reacquired,57
1556,7780,259.333,camera_1,reacquired,99
1556,7780,259.333,camera_1,lost_track,94
1556,7780,259.333,camera_1,removed,89
1557,7785,259.5,camera_1,reacquired,94
1557,7785,259.5,camera_1,removed,83
1558,7790,259.667,camera_2,reacquired,19
1560,7800,260.0,camera_1,lost_track,99
1562,7810,260.333,camera_3,lost_track,54
1564,7820,260.667,camera_3,lost_track,59
1566,7830,261.0,camera_2,removed,30
1567,7835,261.167,camera_3,removed,20
1569,7845,261.5,camera_1,lost_track,96
1571,7855,261.833,camera_1,reacquired,96
1573,7865,262.167,camera_2,new_track,31
1573,7865,262.167,camera_3,new_track,62
1573,7865,262.167,camera_3,reacquired,59
1574,7870,262.333,camera_1,lost_track,95
1574,7870,262.333,camera_2,lost_track,31
1574,7870,262.333,camera_3,lost_track,59
1574,7870,262.333,camera_3,lost_track,62
1575,7875,262.5,camera_1,reacquired,95
1576,7880,262.667,camera_3,reacquired,62
1581,7905,263.5,camera_3,removed,49
1582,7910,263.667,camera_1,lost_track,96
1583,7915,263.833,camera_1,new_track,100
1583,7915,263.833,camera_1,new_track,101
1585,7925,264.167,camera_1,new_track,102
1586,7930,264.333,camera_1,lost_track,100
1587,7935,264.5,camera_1,lost_track,102
1589,7945,264.833,camera_1,lost_track,95
1590,7950,265.0,camera_1,new_track,103
1590,7950,265.0,camera_1,reacquired,95
1590,7950,265.0,camera_1,removed,99
1590,7950,265.0,camera_3,new_track,63
1592,7960,265.333,camera_1,reacquired,102
1592,7960,265.333,camera_1,lost_track,70
1592,7960,265.333,camera_3,removed,54
1593,7965,265.5,camera_1,lost_track,95
1595,7975,265.833,camera_1,reacquired,95
1595,7975,265.833,camera_1,reacquired,96
1595,7975,265.833,camera_3,lost_track,34
1596,7980,266.0,camera_1,lost_track,101
1596,7980,266.0,camera_1,lost_track,102
1597,7985,266.167,camera_1,reacquired,70
1597,7985,266.167,camera_1,lost_track,94
1598,7990,266.333,camera_1,lost_track,96
1599,7995,266.5,camera_1,reacquired,94
1599,7995,266.5,camera_2,lost_track,29
1599,7995,266.5,camera_3,reacquired,34
1600,8000,266.667,camera_3,lost_track,34
1601,8005,266.833,camera_1,reacquired,96
1604,8020,267.333,camera_1,lost_track,96
1604,8020,267.333,camera_2,removed,31
1604,8020,267.333,camera_3,removed,59
1605,8025,267.5,camera_1,reacquired,100
1606,8030,267.667,camera_1,new_track,104
1607,8035,267.833,camera_1,lost_track,100
1608,8040,268.0,camera_1,reacquired,100
1608,8040,268.0,camera_1,lost_track,104
1609,8045,268.167,camera_1,reacquired,104
1610,8050,268.333,camera_1,lost_track,104
1613,8065,268.833,camera_2,reacquired,29
1613,8065,268.833,camera_3,new_track,64
1615,8075,269.167,camera_3,lost_track,63
1616,8080,269.333,camera_1,reacquired,104
1616,8080,269.333,camera_1,lost_track,100
1616,8080,269.333,camera_1,lost_track,95
1616,8080,269.333,camera_3,reacquired,63
1617,8085,269.5,camera_1,reacquired,95
1618,8090,269.667,camera_3,lost_track,64
1619,8095,269.833,camera_1,lost_track,104
1621,8105,270.167,camera_1,new_track,105
1621,8105,270.167,camera_1,lost_track,103
1625,8125,270.833,camera_1,lost_track,105
1626,8130,271.0,camera_1,removed,101
1626,8130,271.0,camera_1,removed,102
1630,8150,271.667,camera_3,removed,34
1632,8160,272.0,camera_2,lost_track,19
1634,8170,272.333,camera_1,removed,96
1636,8180,272.667,camera_2,reacquired,19
1646,8230,274.333,camera_1,removed,100
1648,8240,274.667,camera_3,removed,64
1649,8245,274.833,camera_1,removed,104
1650,8250,275.0,camera_3,lost_track,47
1651,8255,275.167,camera_1,removed,103
1655,8275,275.833,camera_1,removed,105
1656,8280,276.0,camera_2,lost_track,19
1661,8305,276.833,camera_2,reacquired,19
1673,8365,278.833,camera_3,new_track,65
1678,8390,279.667,camera_1,lost_track,95
1679,8395,279.833,camera_3,new_track,66
1680,8400,280.0,camera_3,removed,47
1681,8405,280.167,camera_1,new_track,106
1681,8405,280.167,camera_1,lost_track,94
1682,8410,280.333,camera_1,new_track,107
1682,8410,280.333,camera_1,reacquired,94
1682,8410,280.333,camera_1,reacquired,95
1682,8410,280.333,camera_1,lost_track,106
1684,8420,280.667,camera_1,reacquired,106
1684,8420,280.667,camera_2,lost_track,19
1686,8430,281.0,camera_1,lost_track,107
1687,8435,281.167,camera_1,reacquired,107
1687,8435,281.167,camera_2,reacquired,19
1690,8450,281.667,camera_1,lost_track,107
1690,8450,281.667,camera_3,lost_track,66
1691,8455,281.833,camera_1,reacquired,107
1691,8455,281.833,camera_3,reacquired,66
1691,8455,281.833,camera_3,lost_track,60
1697,8485,282.833,camera_1,lost_track,107
1697,8485,282.833,camera_3,reacquired,60
1698,8490,283.0,camera_1,reacquired,107
1701,8505,283.5,camera_1,lost_track,106
1702,8510,283.667,camera_1,reacquired,106
1702,8510,283.667,camera_1,lost_track,94
1703,8515,283.833,camera_1,reacquired,94
1703,8515,283.833,camera_2,lost_track,25
1703,8515,283.833,camera_3,lost_track,66
1704,8520,284.0,camera_3,reacquired,66
1709,8545,284.833,camera_2,reacquired,25
1709,8545,284.833,camera_3,lost_track,66
1709,8545,284.833,camera_3,lost_track,62
1710,8550,285.0,camera_1,new_track,108
1710,8550,285.0,camera_3,reacquired,62
1712,8560,285.333,camera_3,reacquired,66
1712,8560,285.333,camera_3,lost_track,60
1715,8575,285.833,camera_1,lost_track,108
1715,8575,285.833,camera_3,lost_track,62
1716,8580,286.0,camera_1,lost_track,98
1716,8580,286.0,camera_1,lost_track,107
1716,8580,286.0,camera_1,lost_track,95
1717,8585,286.167,camera_3,reacquired,62
1718,8590,286.333,camera_3,lost_track,57
1719,8595,286.5,camera_1,new_track,109
1720,8600,286.667,camera_1,lost_track,97
1721,8605,286.833,camera_2,lost_track,19
1721,8605,286.833,camera_2,lost_track,29
1722,8610,287.0,camera_1,lost_track,90
1722,8610,287.0,camera_3,lost_track,63
1723,8615,287.167,camera_3,reacquired,57
1723,8615,287.167,camera_3,lost_track,62
1725,8625,287.5,camera_1,reacquired,107
1725,8625,287.5,camera_2,reacquired,19
1727,8635,287.833,camera_1,lost_track,107
1727,8635,287.833,camera_1,lost_track,109
1728,8640,288.0,camera_1,lost_track,70
1729,8645,288.167,camera_1,lost_track,106
1730,8650,288.333,camera_1,reacquired,106
1732,8660,288.667,camera_1,reacquired,90
1732,8660,288.667,camera_1,lost_track,106
1732,8660,288.667,camera_3,reacquired,60
1732,8660,288.667,camera_3,lost_track,66
1734,8670,289.0,camera_1,reacquired,106
1734,8670,289.0,camera_1,lost_track,94
1734,8670,289.0,camera_3,reacquired,66
1734,8670,289.0,camera_3,lost_track,60
1736,8680,289.333,camera_1,lost_track,106
1737,8685,289.5,camera_1,reacquired,106
1738,8690,289.667,camera_1,lost_track,106
1740,8700,290.0,camera_3,lost_track,23
1745,8725,290.833,camera_1,removed,108
1746,8730,291.0,camera_1,reacquired,106
1746,8730,291.0,camera_1,removed,98
1746,8730,291.0,camera_1,removed,95
1747,8735,291.167,camera_2,lost_track,25
1749,8745,291.5,camera_3,lost_track,21
1750,8750,291.667,camera_1,removed,97
1751,8755,291.833,camera_1,reacquired,94
1751,8755,291.833,camera_1,lost_track,90
1751,8755,291.833,camera_2,removed,29
1752,8760,292.0,camera_3,removed,63
1753,8765,292.167,camera_3,removed,62
1755,8775,292.5,camera_1,lost_track,106
1756,8780,292.667,camera_2,lost_track,19
1757,8785,292.833,camera_1,removed,107
1757,8785,292.833,camera_1,removed,109
1758,8790,293.0,camera_1,removed,70
1758,8790,293.0,camera_3,lost_track,61
1760,8800,293.333,camera_3,reacquired,21
1760,8800,293.333,camera_3,lost_track,65
1761,8805,293.5,camera_2,reacquired,19
1761,8805,293.5,camera_2,lost_track,14
1761,8805,293.5,camera_3,reacquired,61
1761,8805,293.5,camera_3,reacquired,65
1761,8805,293.5,camera_3,lost_track,21
1764,8820,294.0,camera_1,new_track,110
1764,8820,294.0,camera_3,new_track,67
1764,8820,294.0,camera_3,lost_track,65
1764,8820,294.0,camera_3,removed,60
1765,8825,294.167,camera_1,reacquired,106
1765,8825,294.167,camera_3,new_track,68
1765,8825,294.167,camera_3,lost_track,22
1766,8830,294.333,camera_1,lost_track,106
1766,8830,294.333,camera_1,lost_track,110
1766,8830,294.333,camera_3,new_track,69
1767,8835,294.5,camera_2,reacquired,25
1767,8835,294.5,camera_3,lost_track,68
1768,8840,294.667,camera_2,lost_track,19
1768,8840,294.667,camera_3,reacquired,68
1770,8850,295.0,camera_3,removed,23
1771,8855,295.167,camera_2,lost_track,25
1771,8855,295.167,camera_3,lost_track,68
1772,8860,295.333,camera_1,new_track,111
1772,8860,295.333,camera_1,lost_track,94
1773,8865,295.5,camera_1,reacquired,110
1773,8865,295.5,camera_2,reacquired,25
1775,8875,295.833,camera_2,lost_track,25
1775,8875,295.833,camera_3,new_track,70
1775,8875,295.833,camera_3,reacquired,65
1775,8875,295.833,camera_3,lost_track,69
1777,8885,296.167,camera_1,new_track,112
1777,8885,296.167,camera_3,lost_track,65
1778,8890,296.333,camera_2,reacquired,25
1778,8890,296.333,camera_3,reacquired,21
1778,8890,296.333,camera_3,lost_track,67
1780,8900,296.667,camera_1,reacquired,90
1780,8900,296.667,camera_1,lost_track,110
1780,8900,296.667,camera_1,lost_track,111
1782,8910,297.0,camera_1,reacquired,94
1783,8915,297.167,camera_1,lost_track,90
1785,8925,297.5,camera_1,reacquired,111
1785,8925,297.5,camera_1,lost_track,112
1785,8925,297.5,camera_1,lost_track,94
1786,8930,297.667,camera_1,reacquired,106
1786,8930,297.667,camera_3,reacquired,67
1787,8935,297.833,camera_3,reacquired,69
1787,8935,297.833,camera_3,lost_track,66
1788,8940,298.0,camera_3,lost_track,69
1789,8945,298.167,camera_1,reacquired,110
1789,8945,298.167,camera_1,lost_track,106
1789,8945,298.167,camera_3,new_track,71
1790,8950,298.333,camera_1,reacquired,106
1790,8950,298.333,camera_1,reacquired,112
1790,8950,298.333,camera_1,lost_track,110
1790,8950,298.333,camera_3,lost_track,67
1791,8955,298.5,camera_1,reacquired,90
1791,8955,298.5,camera_1,lost_track,106
1791,8955,298.5,camera_2,removed,14
1792,8960,298.667,camera_1,lost_track,112
1792,8960,298.667,camera_1,lost_track,111
1792,8960,298.667,camera_3,lost_track,61
1793,8965,298.833,camera_1,new_track,113
1794,8970,299.0,camera_1,reacquired,111
1794,8970,299.0,camera_1,lost_track,90
1795,8975,299.167,camera_3,removed,22
1796,8980,299.333,camera_1,lost_track,111
1797,8985,299.5,camera_3,new_track,72
1797,8985,299.5,camera_3,lost_track,57
1798,8990,299.667,camera_1,new_track,114
1798,8990,299.667,camera_2,removed,19
1798,8990,299.667,camera_3,reacquired,57
1798,8990,299.667,camera_3,reacquired,67
1799,8995,299.833,camera_1,reacquired,111
1799,8995,299.833,camera_1,lost_track,113
1800,9000,300.0,camera_3,lost_track,72
1801,9005,300.167,camera_3,removed,68
1807,9035,301.167,camera_1,lost_track,111
1807,9035,301.167,camera_2,new_track,32
1807,9035,301.167,camera_3,removed,65
1809,9045,301.5,camera_1,lost_track,114
1810,9050,301.667,camera_1,reacquired,114
1812,9060,302.0,camera_3,lost_track,71
1813,9065,302.167,camera_1,lost_track,114
1814,9070,302.333,camera_1,reacquired,111
1814,9070,302.333,camera_1,reacquired,114
1814,9070,302.333,camera_2,lost_track,32
1815,9075,302.5,camera_1,removed,94
1815,9075,302.5,camera_2,reacquired,32
1815,9075,302.5,camera_3,new_track,73
1815,9075,302.5,camera_3,reacquired,66
1815,9075,302.5,camera_3,lost_track,70
1818,9090,303.0,camera_3,removed,69
1819,9095,303.167,camera_1,reacquired,112
1819,9095,303.167,camera_3,reacquired,71
1819,9095,303.167,camera_3,lost_track,21
1820,9100,303.333,camera_1,lost_track,111
1820,9100,303.333,camera_1,removed,110
1820,9100,303.333,camera_2,new_track,33
1820,9100,303.333,camera_3,new_track,74
1821,9105,303.5,camera_1,lost_track,114
1821,9105,303.5,camera_1,removed,106
1821,9105,303.5,camera_2,lost_track,33
1822,9110,303.667,camera_2,new_track,34
1822,9110,303.667,camera_3,lost_track,74
1822,9110,303.667,camera_3,removed,61
1823,9115,303.833,camera_1,lost_track,112
1824,9120,304.0,camera_1,removed,90
1826,9130,304.333,camera_1,new_track,115
1826,9130,304.333,camera_1,reacquired,111
1826,9130,304.333,camera_1,reacquired,112
1827,9135,304.5,camera_1,lost_track,111
1828,9140,304.667,camera_1,reacquired,111
1828,9140,304.667,camera_1,lost_track,115
1828,9140,304.667,camera_2,lost_track,11
1828,9140,304.667,camera_3,lost_track,67
1829,9145,304.833,camera_1,removed,113
1829,9145,304.833,camera_2,reacquired,11
1829,9145,304.833,camera_2,reacquired,33
1829,9145,304.833,camera_2,lost_track,34
1829,9145,304.833,camera_3,reacquired,67
1829,9145,304.833,camera_3,lost_track,73
1830,9150,305.0,camera_3,new_track,75
1830,9150,305.0,camera_3,removed,72
1833,9165,305.5,camera_1,lost_track,111
1833,9165,305.5,camera_2,lost_track,33
1834,9170,305.667,camera_1,lost_track,112
1834,9170,305.667,camera_2,reacquired,33
1837,9185,306.167,camera_3,lost_track,75
1838,9190,306.333,camera_1,reacquired,111
1839,9195,306.5,camera_3,reacquired,21
1839,9195,306.5,camera_3,lost_track,66
1842,9210,307.0,camera_2,lost_track,25
1842,9210,307.0,camera_3,reacquired,75
1843,9215,307.167,camera_3,lost_track,75
1844,9220,307.333,camera_2,new_track,35
1844,9220,307.333,camera_3,lost_track,67
1845,9225,307.5,camera_3,reacquired,75
1845,9225,307.5,camera_3,removed,70
1846,9230,307.667,camera_2,lost_track,33
1846,9230,307.667,camera_2,lost_track,35
1847,9235,307.833,camera_3,reacquired,67
1851,9255,308.5,camera_1,removed,114
1851,9255,308.5,camera_3,new_track,76
1851,9255,308.5,camera_3,reacquired,66
1851,9255,308.5,camera_3,lost_track,75
1852,9260,308.667,camera_2,reacquired,33
1852,9260,308.667,camera_2,lost_track,8
1852,9260,308.667,camera_3,lost_track,76
1852,9260,308.667,camera_3,removed,74
1855,9275,309.167,camera_3,lost_track,21
1856,9280,309.333,camera_2,lost_track,32
1857,9285,309.5,camera_1,new_track,116
1858,9290,309.667,camera_1,removed,115
1859,9295,309.833,camera_2,new_track,36
1859,9295,309.833,camera_2,removed,34
1859,9295,309.833,camera_3,removed,73
1862,9310,310.333,camera_3,reacquired,76
1862,9310,310.333,camera_3,lost_track,67
1864,9320,310.667,camera_1,removed,112
1864,9320,310.667,camera_3,reacquired,67
1864,9320,310.667,camera_3,lost_track,57
1864,9320,310.667,camera_3,lost_track,66
1865,9325,310.833,camera_3,reacquired,57
1865,9325,310.833,camera_3,reacquired,66
1868,9340,311.333,camera_1,new_track,117
1872,9360,312.0,camera_2,reacquired,32
1872,9360,312.0,camera_2,removed,25
1873,9365,312.167,camera_1,lost_track,116
1873,9365,312.167,camera_2,lost_track,36
1875,9375,312.5,camera_1,lost_track,117
1876,9380,312.667,camera_1,reacquired,116
1876,9380,312.667,camera_2,reacquired,36
1876,9380,312.667,camera_2,removed,35
1877,9385,312.833,camera_2,lost_track,36
1878,9390,313.0,camera_1,reacquired,117
1879,9395,313.167,camera_1,new_track,118
1879,9395,313.167,camera_1,lost_track,117
1879,9395,313.167,camera_2,lost_track,32
1879,9395,313.167,camera_3,lost_track,66
1880,9400,313.333,camera_2,reacquired,32
1880,9400,313.333,camera_3,lost_track,76
1881,9405,313.5,camera_2,reacquired,36
1881,9405,313.5,camera_3,reacquired,76
1881,9405,313.5,camera_3,removed,75
1882,9410,313.667,camera_2,removed,8
1883,9415,313.833,camera_2,lost_track,36
1883,9415,313.833,camera_3,new_track,77
1883,9415,313.833,camera_3,lost_track,76
1885,9425,314.167,camera_3,removed,21
1886,9430,314.333,camera_3,new_track,78
1888,9440,314.667,camera_1,new_track,119
1890,9450,315.0,camera_3,reacquired,66
1891,9455,315.167,camera_2,lost_track,33
1892,9460,315.333,camera_1,lost_track,111
1892,9460,315.333,camera_3,new_track,79
1893,9465,315.5,camera_2,reacquired,33
1893,9465,315.5,camera_2,lost_track,9
1893,9465,315.5,camera_3,lost_track,77
1894,9470,315.667,camera_1,reacquired,111
1894,9470,315.667,camera_1,lost_track,116
1895,9475,315.833,camera_1,lost_track,111
1896,9480,316.0,camera_3,lost_track,78
1897,9485,316.167,camera_1,reacquired,116
1897,9485,316.167,camera_3,reacquired,78
1898,9490,316.333,camera_1,lost_track,118
1899,9495,316.5,camera_3,lost_track,71
1900,9500,316.667,camera_3,reacquired,71
1903,9515,317.167,camera_2,reacquired,36
1904,9520,317.333,camera_2,lost_track,36
1904,9520,317.333,camera_3,lost_track,78
1907,9535,317.833,camera_3,reacquired,78
1907,9535,317.833,camera_3,lost_track,79
1907,9535,317.833,camera_3,lost_track,71
1908,9540,318.0,camera_3,reacquired,79
1908,9540,318.0,camera_3,lost_track,78
1909,9545,318.167,camera_1,removed,117
1913,9565,318.833,camera_3,removed,76
1914,9570,319.0,camera_3,new_track,80
1915,9575,319.167,camera_2,new_track,37
1918,9590,319.667,camera_2,lost_track,37
1923,9615,320.5,camera_1,lost_track,119
1923,9615,320.5,camera_2,removed,9
1923,9615,320.5,camera_3,removed,77
1925,9625,320.833,camera_1,reacquired,119
1925,9625,320.833,camera_1,lost_track,47
1925,9625,320.833,camera_1,removed,111
1925,9625,320.833,camera_3,lost_track,79
1928,9640,321.333,camera_1,removed,118
1928,9640,321.333,camera_2,lost_track,32
1930,9650,321.667,camera_1,new_track,120
1930,9650,321.667,camera_2,new_track,38
1932,9660,322.0,camera_3,lost_track,80
1934,9670,322.333,camera_2,reacquired,32
1934,9670,322.333,camera_2,removed,36
1935,9675,322.5,camera_2,new_track,39
1936,9680,322.667,camera_2,lost_track,38
1936,9680,322.667,camera_3,new_track,81
1937,9685,322.833,camera_3,removed,71
1938,9690,323.0,camera_2,lost_track,32
1938,9690,323.0,camera_3,lost_track,81
1938,9690,323.0,camera_3,removed,78
1942,9710,323.667,camera_5,new_track,4
1944,9720,324.0,camera_1,lost_track,120
1944,9720,324.0,camera_1,lost_track,116
1945,9725,324.167,camera_1,reacquired,120
1946,9730,324.333,camera_1,lost_track,120
1946,9730,324.333,camera_2,lost_track,33
1946,9730,324.333,camera_3,new_track,82
1947,9735,324.5,camera_4,new_track,1
1948,9740,324.667,camera_2,removed,37
1949,9745,324.833,camera_2,reacquired,32
1950,9750,325.0,camera_4,lost_track,1
1952,9760,325.333,camera_5,new_track,5
1953,9765,325.5,camera_5,new_track,6
1955,9775,325.833,camera_1,removed,47
1955,9775,325.833,camera_3,removed,79
1955,9775,325.833,camera_5,lost_track,6
1958,9790,326.333,camera_1,new_track,121
1958,9790,326.333,camera_5,new_track,7
1959,9795,326.5,camera_1,lost_track,121
1960,9800,326.667,camera_5,lost_track,5
1960,9800,326.667,camera_5,lost_track,7
1961,9805,326.833,camera_5,reacquired,7
1962,9810,327.0,camera_3,removed,80
1963,9815,327.167,camera_1,new_track,122
1964,9820,327.333,camera_2,new_track,40
1965,9825,327.5,camera_1,lost_track,122
1966,9830,327.667,camera_2,removed,38
1968,9840,328.0,camera_3,removed,81
1969,9845,328.167,camera_2,lost_track,40
1972,9860,328.667,camera_5,lost_track,7
1974,9870,329.0,camera_1,removed,116
1976,9880,329.333,camera_1,removed,120
1976,9880,329.333,camera_2,removed,33
1980,9900,330.0,camera_4,removed,1
1982,9910,330.333,camera_1,reacquired,122
1982,9910,330.333,camera_1,lost_track,119
1983,9915,330.5,camera_2,new_track,41
1983,9915,330.5,camera_2,new_track,42
1984,9920,330.667,camera_5,lost_track,4
1985,9925,330.833,camera_3,lost_track,82
1985,9925,330.833,camera_5,removed,6
1986,9930,331.0,camera_3,new_track,83
1987,9935,331.167,camera_1,lost_track,122
1987,9935,331.167,camera_2,lost_track,42
1988,9940,331.333,camera_1,new_track,123
1988,9940,331.333,camera_2,new_track,43
1989,9945,331.5,camera_1,removed,121
1990,9950,331.667,camera_2,reacquired,42
1990,9950,331.667,camera_2,lost_track,43
1990,9950,331.667,camera_5,removed,5
1991,9955,331.833,camera_2,reacquired,43
1992,9960,332.0,camera_1,new_track,124
1994,9970,332.333,camera_2,lost_track,42
1996,9980,332.667,camera_3,lost_track,66
1997,9985,332.833,camera_3,reacquired,66
1997,9985,332.833,camera_3,lost_track,67
1998,9990,333.0,camera_3,new_track,84
1998,9990,333.0,camera_3,reacquired,67
1999,9995,333.167,camera_2,new_track,44
1999,9995,333.167,camera_2,removed,40
2001,10005,333.5,camera_1,new_track,125
2001,10005,333.5,camera_2,lost_track,44
2002,10010,333.667,camera_1,lost_track,123
2002,10010,333.667,camera_3,lost_track,67
2002,10010,333.667,camera_5,removed,7
2003,10015,333.833,camera_1,reacquired,119
2003,10015,333.833,camera_2,reacquired,44
2003,10015,333.833,camera_3,reacquired,67
2004,10020,334.0,camera_3,lost_track,66
2004,10020,334.0,camera_3,lost_track,84
2005,10025,334.167,camera_1,reacquired,123
2005,10025,334.167,camera_1,lost_track,125
2005,10025,334.167,camera_2,lost_track,44
2005,10025,334.167,camera_3,reacquired,66
2009,10045,334.833,camera_1,reacquired,125
2009,10045,334.833,camera_1,lost_track,119
2009,10045,334.833,camera_3,lost_track,83
2010,10050,335.0,camera_1,lost_track,123
2010,10050,335.0,camera_1,lost_track,125
2010,10050,335.0,camera_3,new_track,85
2011,10055,335.167,camera_3,lost_track,67
2012,10060,335.333,camera_1,reacquired,123
2013,10065,335.5,camera_3,new_track,86
2013,10065,335.5,camera_3,reacquired,67
2013,10065,335.5,camera_3,lost_track,66
2014,10070,335.667,camera_2,lost_track,41
2014,10070,335.667,camera_5,removed,4
2015,10075,335.833,camera_3,removed,82
2016,10080,336.0,camera_4,new_track,2
2017,10085,336.167,camera_1,removed,122
2017,10085,336.167,camera_2,reacquired,42
2017,10085,336.167,camera_3,reacquired,83
2017,10085,336.167,camera_3,lost_track,57
2018,10090,336.333,camera_2,lost_track,42
2018,10090,336.333,camera_3,lost_track,67
2022,10110,337.0,camera_1,new_track,126
2022,10110,337.0,camera_2,lost_track,43
2024,10120,337.333,camera_1,lost_track,126
2024,10120,337.333,camera_2,reacquired,42
2024,10120,337.333,camera_3,new_track,87
2025,10125,337.5,camera_1,new_track,127
2025,10125,337.5,camera_2,new_track,45
2025,10125,337.5,camera_3,reacquired,57
2025,10125,337.5,camera_3,lost_track,85
2026,10130,337.667,camera_2,lost_track,42
2027,10135,337.833,camera_2,lost_track,39
2027,10135,337.833,camera_3,lost_track,57
2027,10135,337.833,camera_4,lost_track,2
2028,10140,338.0,camera_1,lost_track,127
2028,10140,338.0,camera_3,reacquired,66
2028,10140,338.0,camera_3,lost_track,86
2028,10140,338.0,camera_3,lost_track,87
2029,10145,338.167,camera_1,reacquired,127
2029,10145,338.167,camera_2,new_track,46
2029,10145,338.167,camera_3,reacquired,87
2031,10155,338.5,camera_3,new_track,88
2031,10155,338.5,camera_3,lost_track,66
2034,10170,339.0,camera_1,new_track,128
2034,10170,339.0,camera_3,lost_track,88
2034,10170,339.0,camera_3,removed,84
2035,10175,339.167,camera_1,reacquired,126
2035,10175,339.167,camera_1,lost_track,128
2035,10175,339.167,camera_2,removed,44
2035,10175,339.167,camera_5,new_track,8
2036,10180,339.333,camera_1,lost_track,127
2036,10180,339.333,camera_2,lost_track,45
2036,10180,339.333,camera_3,reacquired,66
2037,10185,339.5,camera_3,lost_track,87
2038,10190,339.667,camera_3,lost_track,66
2039,10195,339.833,camera_1,removed,119
2039,10195,339.833,camera_2,new_track,47
2040,10200,340.0,camera_1,removed,125
2041,10205,340.167,camera_1,lost_track,124
2043,10215,340.5,camera_1,new_track,129
2043,10215,340.5,camera_5,new_track,9
2043,10215,340.5,camera_5,lost_track,8
2044,10220,340.667,camera_2,removed,41
2045,10225,340.833,camera_3,new_track,89
2046,10230,341.0,camera_1,lost_track,126
2047,10235,341.167,camera_3,lost_track,83
2048,10240,341.333,camera_3,new_track,90
2048,10240,341.333,camera_3,removed,67
2049,10245,341.5,camera_3,lost_track,89
2049,10245,341.5,camera_3,lost_track,90
2050,10250,341.667,camera_2,lost_track,46
2050,10250,341.667,camera_3,new_track,91
2052,10260,342.0,camera_2,removed,43
2052,10260,342.0,camera_4,new_track,3
2052,10260,342.0,camera_6,new_track,8
2053,10265,342.167,camera_2,new_track,48
2055,10275,342.5,camera_3,removed,85
2056,10280,342.667,camera_2,removed,42
2056,10280,342.667,camera_4,lost_track,3
2057,10285,342.833,camera_2,lost_track,47
2057,10285,342.833,camera_2,removed,39
2057,10285,342.833,camera_3,removed,57
2057,10285,342.833,camera_4,removed,2
2058,10290,343.0,camera_3,removed,86
2060,10300,343.333,camera_6,new_track,9
2061,10305,343.5,camera_1,lost_track,123
2062,10310,343.667,camera_2,lost_track,48
2062,10310,343.667,camera_5,new_track,10
2062,10310,343.667,camera_6,lost_track,8
2062,10310,343.667,camera_6,lost_track,9
2063,10315,343.833,camera_2,reacquired,47
2063,10315,343.833,camera_6,new_track,10
2064,10320,344.0,camera_3,removed,88
2064,10320,344.0,camera_6,lost_track,10
2065,10325,344.167,camera_1,removed,128
2065,10325,344.167,camera_2,lost_track,47
2065,10325,344.167,camera_7,new_track,5
2066,10330,344.333,camera_1,removed,127
2066,10330,344.333,camera_2,removed,45
2067,10335,344.5,camera_3,lost_track,91
2067,10335,344.5,camera_3,removed,87
2068,10340,344.667,camera_3,reacquired,90
2068,10340,344.667,camera_3,removed,66
2069,10345,344.833,camera_2,reacquired,47
2069,10345,344.833,camera_2,lost_track,32
2070,10350,345.0,camera_2,reacquired,32
2070,10350,345.0,camera_2,lost_track,47
2070,10350,345.0,camera_3,new_track,92
2070,10350,345.0,camera_5,lost_track,10
2071,10355,345.167,camera_1,removed,124
2073,10365,345.5,camera_5,removed,8
2076,10380,346.0,camera_1,removed,126
2076,10380,346.0,camera_2,lost_track,32
2077,10385,346.167,camera_3,removed,83
2079,10395,346.5,camera_3,removed,89
2080,10400,346.667,camera_2,removed,46
2081,10405,346.833,camera_2,new_track,49
2083,10415,347.167,camera_2,reacquired,32
2083,10415,347.167,camera_3,lost_track,92
2085,10425,347.5,camera_3,new_track,93
2086,10430,347.667,camera_4,removed,3
2087,10435,347.833,camera_2,reacquired,47
2089,10445,348.167,camera_3,lost_track,93
2091,10455,348.5,camera_1,removed,123
2092,10460,348.667,camera_2,removed,48
2092,10460,348.667,camera_6,removed,8
2092,10460,348.667,camera_6,removed,9
2093,10465,348.833,camera_1,lost_track,129
2094,10470,349.0,camera_6,removed,10
2096,10480,349.333,camera_2,new_track,50
2097,10485,349.5,camera_1,reacquired,129
2097,10485,349.5,camera_3,removed,91
2097,10485,349.5,camera_5,lost_track,9
2100,10500,350.0,camera_5,removed,10
2101,10505,350.167,camera_3,new_track,94
2103,10515,350.5,camera_3,lost_track,94
2104,10520,350.667,camera_2,lost_track,32
2104,10520,350.667,camera_3,reacquired,94
2104,10520,350.667,camera_3,lost_track,90
2105,10525,350.833,camera_3,new_track,95
2108,10540,351.333,camera_1,lost_track,129
2108,10540,351.333,camera_2,reacquired,32
2109,10545,351.5,camera_7,lost_track,5
2111,10555,351.833,camera_6,new_track,11
2112,10560,352.0,camera_6,new_track,12
2113,10565,352.167,camera_3,removed,92
2114,10570,352.333,camera_6,lost_track,12
2119,10595,353.167,camera_3,removed,93
2120,10600,353.333,camera_3,lost_track,94
2123,10615,353.833,camera_3,reacquired,94
2124,10620,354.0,camera_3,lost_track,95
2124,10620,354.0,camera_6,lost_track,11
2125,10625,354.167,camera_3,new_track,96
2126,10630,354.333,camera_1,reacquired,129
2126,10630,354.333,camera_3,lost_track,96
2127,10635,354.5,camera_3,new_track,97
2127,10635,354.5,camera_5,removed,9
2128,10640,354.667,camera_2,new_track,51
2129,10645,354.833,camera_2,lost_track,32
2129,10645,354.833,camera_2,lost_track,50
2131,10655,355.167,camera_1,new_track,130
2131,10655,355.167,camera_3,lost_track,94
2132,10660,355.333,camera_1,lost_track,130
2132,10660,355.333,camera_2,lost_track,47
2132,10660,355.333,camera_5,new_track,11
2133,10665,355.5,camera_2,reacquired,50
2133,10665,355.5,camera_3,reacquired,96
2133,10665,355.5,camera_3,lost_track,97
2134,10670,355.667,camera_2,lost_track,50
2134,10670,355.667,camera_3,removed,90
2135,10675,355.833,camera_1,new_track,131
2136,10680,356.0,camera_1,lost_track,131
2137,10685,356.167,camera_3,reacquired,95
2137,10685,356.167,camera_3,lost_track,96
2138,10690,356.333,camera_5,new_track,12
2139,10695,356.5,camera_7,removed,5
2140,10700,356.667,camera_5,new_track,13
2141,10705,356.833,camera_5,lost_track,13
2143,10715,357.167,camera_1,reacquired,131
2143,10715,357.167,camera_1,lost_track,129
2144,10720,357.333,camera_1,new_track,132
2144,10720,357.333,camera_5,reacquired,13
2144,10720,357.333,camera_6,removed,12
2145,10725,357.5,camera_2,lost_track,51
2146,10730,357.667,camera_4,new_track,4
2146,10730,357.667,camera_5,lost_track,11
2146,10730,357.667,camera_5,lost_track,13
2150,10750,358.333,camera_4,lost_track,4
2152,10760,358.667,camera_5,new_track,14
2153,10765,358.833,camera_3,new_track,98
2154,10770,359.0,camera_3,lost_track,98
2154,10770,359.0,camera_6,removed,11
2155,10775,359.167,camera_3,new_track,99
2155,10775,359.167,camera_3,lost_track,95
2156,10780,359.333,camera_5,lost_track,14
2158,10790,359.667,camera_5,new_track,15
2159,10795,359.833,camera_2,removed,32
2161,10805,360.167,camera_3,removed,94
2162,10810,360.333,camera_1,removed,130
2162,10810,360.333,camera_2,removed,47
2163,10815,360.5,camera_3,removed,97
2163,10815,360.5,camera_5,lost_track,15
2164,10820,360.667,camera_2,lost_track,49
2164,10820,360.667,camera_2,removed,50
2167,10835,361.167,camera_1,new_track,133
2167,10835,361.167,camera_3,removed,96
2167,10835,361.167,camera_5,reacquired,15
2168,10840,361.333,camera_5,lost_track,15
2169,10845,361.5,camera_1,lost_track,133
2172,10860,362.0,camera_2,new_track,52
2173,10865,362.167,camera_1,removed,129
2175,10875,362.5,camera_1,lost_track,131
2175,10875,362.5,camera_2,removed,51
2176,10880,362.667,camera_1,new_track,134
2176,10880,362.667,camera_2,new_track,53
2176,10880,362.667,camera_5,new_track,16
2176,10880,362.667,camera_5,removed,11
2176,10880,362.667,camera_5,removed,13
2177,10885,362.833,camera_3,lost_track,99
2180,10900,363.333,camera_4,removed,4
2181,10905,363.5,camera_3,new_track,100
2181,10905,363.5,camera_3,new_track,101
2181,10905,363.5,camera_5,lost_track,16
2182,10910,363.667,camera_3,lost_track,100
2184,10920,364.0,camera_3,reacquired,100
2184,10920,364.0,camera_3,removed,98
2185,10925,364.167,camera_3,lost_track,101
2185,10925,364.167,camera_3,removed,95
2186,10930,364.333,camera_3,new_track,102
2186,10930,364.333,camera_3,lost_track,100
2186,10930,364.333,camera_5,removed,14
2187,10935,364.5,camera_1,lost_track,134
2191,10955,365.167,camera_2,new_track,54
2191,10955,365.167,camera_2,new_track,55
2193,10965,365.5,camera_5,lost_track,12
2194,10970,365.667,camera_2,removed,49
2196,10980,366.0,camera_5,reacquired,12
2197,10985,366.167,camera_5,lost_track,12
2198,10990,366.333,camera_5,removed,15
2199,10995,366.5,camera_1,removed,133
2199,10995,366.5,camera_5,new_track,17
2200,11000,366.667,camera_1,new_track,135
2200,11000,366.667,camera_1,lost_track,132
2200,11000,366.667,camera_2,lost_track,54
2204,11020,367.333,camera_4,new_track,5
2205,11025,367.5,camera_1,removed,131
2205,11025,367.5,camera_3,lost_track,102
2207,11035,367.833,camera_3,removed,99
2209,11045,368.167,camera_3,new_track,103
2210,11050,368.333,camera_3,new_track,104
2210,11050,368.333,camera_4,lost_track,5
2211,11055,368.5,camera_5,removed,16
2213,11065,368.833,camera_5,new_track,18
2215,11075,369.167,camera_3,removed,101
2216,11080,369.333,camera_1,new_track,136
2216,11080,369.333,camera_3,removed,100
2217,11085,369.5,camera_1,removed,134
2219,11095,369.833,camera_2,new_track,56
2220,11100,370.0,camera_5,new_track,19
2222,11110,370.333,camera_3,lost_track,103
2223,11115,370.5,camera_2,lost_track,55
2223,11115,370.5,camera_3,reacquired,103
2223,11115,370.5,camera_5,lost_track,18
2225,11125,370.833,camera_1,lost_track,136
2226,11130,371.0,camera_2,reacquired,55
2226,11130,371.0,camera_3,lost_track,104
2226,11130,371.0,camera_5,new_track,20
2227,11135,371.167,camera_5,removed,12
2228,11140,371.333,camera_1,lost_track,135
2228,11140,371.333,camera_2,lost_track,55
2229,11145,371.5,camera_2,reacquired,55
2229,11145,371.5,camera_3,new_track,105
2229,11145,371.5,camera_5,new_track,21
2230,11150,371.667,camera_1,removed,132
2230,11150,371.667,camera_2,removed,54
2232,11160,372.0,camera_2,lost_track,55
2233,11165,372.167,camera_2,new_track,57
2233,11165,372.167,camera_2,lost_track,56
2233,11165,372.167,camera_5,lost_track,20
2234,11170,372.333,camera_5,reacquired,20
2234,11170,372.333,camera_5,lost_track,19
2235,11175,372.5,camera_3,removed,102
2235,11175,372.5,camera_5,new_track,22
2238,11190,373.0,camera_1,new_track,137
2239,11195,373.167,camera_5,new_track,23
2240,11200,373.333,camera_4,new_track,6
2240,11200,373.333,camera_4,removed,5
2240,11200,373.333,camera_5,lost_track,22
2241,11205,373.5,camera_5,new_track,24
2242,11210,373.667,camera_3,lost_track,105
2242,11210,373.667,camera_3,lost_track,103
2242,11210,373.667,camera_5,reacquired,22
2242,11210,373.667,camera_5,lost_track,20
2242,11210,373.667,camera_5,lost_track,21
2243,11215,373.833,camera_3,reacquired,103
2243,11215,373.833,camera_3,lost_track,25
2243,11215,373.833,camera_5,reacquired,20
2243,11215,373.833,camera_5,lost_track,23
2244,11220,374.0,camera_3,new_track,106
2244,11220,374.0,camera_4,lost_track,6
2244,11220,374.0,camera_5,lost_track,24
2245,11225,374.167,camera_3,new_track,107
2245,11225,374.167,camera_3,lost_track,106
2245,11225,374.167,camera_5,lost_track,22
2246,11230,374.333,camera_2,new_track,58
2246,11230,374.333,camera_2,lost_track,53
2246,11230,374.333,camera_3,lost_track,107
2246,11230,374.333,camera_3,lost_track,103
2246,11230,374.333,camera_5,reacquired,24
2247,11235,374.5,camera_3,reacquired,106
2248,11240,374.667,camera_5,reacquired,21
2249,11245,374.833,camera_2,lost_track,57
2249,11245,374.833,camera_2,lost_track,58
2249,11245,374.833,camera_3,new_track,108
2249,11245,374.833,camera_5,lost_track,21
2251,11255,375.167,camera_5,lost_track,24
2253,11265,375.5,camera_2,reacquired,53
2253,11265,375.5,camera_2,reacquired,57
2253,11265,375.5,camera_5,new_track,25
2253,11265,375.5,camera_5,reacquired,24
2253,11265,375.5,camera_5,removed,18
2255,11275,375.833,camera_1,lost_track,137
2255,11275,375.833,camera_1,removed,136
2255,11275,375.833,camera_2,lost_track,53
2255,11275,375.833,camera_5,new_track,26
2256,11280,376.0,camera_2,reacquired,53
2256,11280,376.0,camera_2,lost_track,11
2256,11280,376.0,camera_3,removed,104
2256,11280,376.0,camera_5,new_track,27
2256,11280,376.0,camera_5,lost_track,26
2257,11285,376.167,camera_2,lost_track,53
2258,11290,376.333,camera_1,removed,135
2258,11290,376.333,camera_2,lost_track,57
2258,11290,376.333,camera_2,lost_track,52
2258,11290,376.333,camera_5,lost_track,17
2260,11300,376.667,camera_2,reacquired,53
2260,11300,376.667,camera_2,reacquired,57
2260,11300,376.667,camera_3,reacquired,107
2260,11300,376.667,camera_3,lost_track,108
2260,11300,376.667,camera_5,new_track,28
2260,11300,376.667,camera_5,lost_track,27
2262,11310,377.0,camera_2,reacquired,52
2262,11310,377.0,camera_2,removed,55
2262,11310,377.0,camera_3,lost_track,107
2262,11310,377.0,camera_5,lost_track,24
2263,11315,377.167,camera_2,removed,56
2264,11320,377.333,camera_5,removed,19
2265,11325,377.5,camera_4,new_track,7
2266,11330,377.667,camera_5,lost_track,25
2267,11335,377.833,camera_6,new_track,13
2270,11350,378.333,camera_5,lost_track,28
2271,11355,378.5,camera_3,lost_track,106
2271,11355,378.5,camera_4,new_track,8
2272,11360,378.667,camera_3,removed,105
2273,11365,378.833,camera_3,removed,25
2273,11365,378.833,camera_4,new_track,9
2273,11365,378.833,camera_5,removed,23
2274,11370,379.0,camera_2,lost_track,57
2274,11370,379.0,camera_2,lost_track,53
2274,11370,379.0,camera_4,removed,6
2275,11375,379.167,camera_2,reacquired,57
2275,11375,379.167,camera_2,lost_track,52
2275,11375,379.167,camera_5,removed,22
2276,11380,379.333,camera_3,removed,103
2276,11380,379.333,camera_4,lost_track,9
2276,11380,379.333,camera_6,new_track,14
2277,11385,379.5,camera_6,new_track,15
2278,11390,379.667,camera_2,new_track,59
2278,11390,379.667,camera_5,new_track,29
2279,11395,379.833,camera_2,reacquired,53
2279,11395,379.833,camera_2,removed,58
2279,11395,379.833,camera_5,removed,21
2280,11400,380.0,camera_1,new_track,138
2280,11400,380.0,camera_6,lost_track,15
2281,11405,380.167,camera_1,lost_track,138
2281,11405,380.167,camera_2,lost_track,57
2281,11405,380.167,camera_2,lost_track,59
2281,11405,380.167,camera_4,lost_track,7
2281,11405,380.167,camera_6,lost_track,13
2282,11410,380.333,camera_2,reacquired,57
2282,11410,380.333,camera_7,new_track,6
2283,11415,380.5,camera_2,new_track,60
2283,11415,380.5,camera_5,new_track,30
2284,11420,380.667,camera_5,new_track,31
2285,11425,380.833,camera_1,removed,137
2285,11425,380.833,camera_2,new_track,61
2285,11425,380.833,camera_2,lost_track,57
2286,11430,381.0,camera_2,lost_track,53
2286,11430,381.0,camera_2,removed,11
2286,11430,381.0,camera_5,removed,26
2287,11435,381.167,camera_4,lost_track,8
2288,11440,381.333,camera_5,removed,17
2288,11440,381.333,camera_6,new_track,16
2289,11445,381.5,camera_2,reacquired,57
2289,11445,381.5,camera_5,lost_track,30
2290,11450,381.667,camera_1,reacquired,138
2290,11450,381.667,camera_2,new_track,62
2290,11450,381.667,camera_2,lost_track,57
2290,11450,381.667,camera_3,removed,108
2290,11450,381.667,camera_5,reacquired,30
2290,11450,381.667,camera_5,lost_track,20
2290,11450,381.667,camera_5,removed,27
2290,11450,381.667,camera_6,reacquired,15
2290,11450,381.667,camera_6,lost_track,14
2291,11455,381.833,camera_6,reacquired,14
2291,11455,381.833,camera_6,lost_track,16
2291,11455,381.833,camera_6,lost_track,15
2292,11460,382.0,camera_2,reacquired,53
2292,11460,382.0,camera_3,removed,107
2292,11460,382.0,camera_5,removed,24
2292,11460,382.0,camera_6,lost_track,14
2292,11460,382.0,camera_7,new_track,7
2293,11465,382.167,camera_2,reacquired,57
2293,11465,382.167,camera_5,new_track,32
2293,11465,382.167,camera_5,lost_track,30
2294,11470,382.333,camera_2,lost_track,61
2294,11470,382.333,camera_5,lost_track,31
2295,11475,382.5,camera_2,lost_track,57
2295,11475,382.5,camera_2,lost_track,53
2295,11475,382.5,camera_5,lost_track,32
2296,11480,382.667,camera_5,removed,25
2298,11490,383.0,camera_5,new_track,33
2298,11490,383.0,camera_6,new_track,17
2299,11495,383.167,camera_2,reacquired,53
2299,11495,383.167,camera_2,reacquired,57
2299,11495,383.167,camera_5,lost_track,33
2300,11500,383.333,camera_5,removed,28
2301,11505,383.5,camera_3,new_track,109
2301,11505,383.5,camera_3,removed,106
2302,11510,383.667,camera_1,lost_track,138
2302,11510,383.667,camera_2,lost_track,57
2302,11510,383.667,camera_2,lost_track,53
2302,11510,383.667,camera_5,reacquired,33
2304,11520,384.0,camera_2,reacquired,57
2305,11525,384.167,camera_2,reacquired,53
2305,11525,384.167,camera_2,lost_track,62
2305,11525,384.167,camera_2,removed,52
2306,11530,384.333,camera_2,lost_track,57
2306,11530,384.333,camera_4,removed,9
2306,11530,384.333,camera_5,new_track,34
2308,11540,384.667,camera_3,lost_track,109
2308,11540,384.667,camera_5,lost_track,33
2309,11545,384.833,camera_5,new_track,35
2309,11545,384.833,camera_6,new_track,18
2311,11555,385.167,camera_2,removed,59
2311,11555,385.167,camera_4,new_track,10
2311,11555,385.167,camera_4,removed,7
2311,11555,385.167,camera_5,reacquired,32
2311,11555,385.167,camera_6,removed,13
2311,11555,385.167,camera_7,new_track,8
2312,11560,385.333,camera_5,lost_track,32
2312,11560,385.333,camera_6,lost_track,18
2313,11565,385.5,camera_6,reacquired,16
2314,11570,385.667,camera_5,reacquired,32
2314,11570,385.667,camera_6,lost_track,17
2314,11570,385.667,camera_7,lost_track,7
2315,11575,385.833,camera_6,lost_track,16
2315,11575,385.833,camera_7,new_track,9
2316,11580,386.0,camera_2,lost_track,53
2316,11580,386.0,camera_5,lost_track,32
2317,11585,386.167,camera_4,removed,8
2317,11585,386.167,camera_5,lost_track,35
2318,11590,386.333,camera_7,lost_track,6
2319,11595,386.5,camera_7,new_track,10
2320,11600,386.667,camera_5,removed,20
2321,11605,386.833,camera_4,new_track,11
2321,11605,386.833,camera_6,removed,15
2322,11610,387.0,camera_6,removed,14
2323,11615,387.167,camera_5,removed,30
2324,11620,387.333,camera_2,reacquired,53
2324,11620,387.333,camera_2,removed,61
2324,11620,387.333,camera_4,lost_track,11
2324,11620,387.333,camera_5,lost_track,34
2324,11620,387.333,camera_5,removed,31
2325,11625,387.5,camera_2,lost_track,60
2325,11625,387.5,camera_2,lost_track,53
2325,11625,387.5,camera_5,new_track,36
2325,11625,387.5,camera_7,lost_track,8
2326,11630,387.667,camera_1,new_track,139
2326,11630,387.667,camera_2,new_track,63
2326,11630,387.667,camera_2,reacquired,53
2326,11630,387.667,camera_2,reacquired,60
2326,11630,387.667,camera_7,new_track,11
2327,11635,387.833,camera_2,lost_track,63
2327,11635,387.833,camera_4,lost_track,10
2327,11635,387.833,camera_5,reacquired,34
2328,11640,388.0,camera_1,lost_track,139
2328,11640,388.0,camera_5,lost_track,34
2329,11645,388.167,camera_5,reacquired,34
2331,11655,388.5,camera_2,lost_track,53
2332,11660,388.667,camera_1,removed,138
2333,11665,388.833,camera_5,lost_track,34
2334,11670,389.0,camera_6,reacquired,18
2335,11675,389.167,camera_2,removed,62
2336,11680,389.333,camera_2,removed,57
2336,11680,389.333,camera_5,lost_track,29
2336,11680,389.333,camera_7,lost_track,9
2337,11685,389.5,camera_6,new_track,19
2338,11690,389.667,camera_3,removed,109
2338,11690,389.667,camera_5,removed,33
2341,11705,390.167,camera_6,lost_track,19
2344,11720,390.667,camera_6,new_track,20
2344,11720,390.667,camera_6,removed,17
2344,11720,390.667,camera_7,removed,7
2345,11725,390.833,camera_6,removed,16
2346,11730,391.0,camera_5,removed,32
2347,11735,391.167,camera_5,new_track,37
2347,11735,391.167,camera_5,removed,35
2348,11740,391.333,camera_7,removed,6
2349,11745,391.5,camera_2,reacquired,53
2350,11750,391.667,camera_6,lost_track,18
2354,11770,392.333,camera_4,removed,11
2355,11775,392.5,camera_7,removed,8
2357,11785,392.833,camera_2,removed,63
2357,11785,392.833,camera_4,removed,10
2358,11790,393.0,camera_1,removed,139
2358,11790,393.0,camera_5,new_track,38
2358,11790,393.0,camera_6,new_track,21
2360,11800,393.333,camera_6,lost_track,21
2360,11800,393.333,camera_7,new_track,12
2362,11810,393.667,camera_6,lost_track,20
2363,11815,393.833,camera_5,removed,34
2364,11820,394.0,camera_5,lost_track,36
2364,11820,394.0,camera_7,lost_track,12
2365,11825,394.167,camera_5,lost_track,37
2365,11825,394.167,camera_7,new_track,13
2366,11830,394.333,camera_1,new_track,140
2366,11830,394.333,camera_2,new_track,64
2366,11830,394.333,camera_5,removed,29
2366,11830,394.333,camera_7,removed,9
2368,11840,394.667,camera_1,lost_track,140
2369,11845,394.833,camera_2,lost_track,64
2370,11850,395.0,camera_4,new_track,12
2371,11855,395.167,camera_6,removed,19
2371,11855,395.167,camera_7,lost_track,10
2373,11865,395.5,camera_7,new_track,14
2374,11870,395.667,camera_4,lost_track,12
2374,11870,395.667,camera_5,new_track,39
2374,11870,395.667,camera_7,lost_track,14
2376,11880,396.0,camera_7,reacquired,14
2380,11900,396.667,camera_6,removed,18
2381,11905,396.833,camera_5,new_track,40
2383,11915,397.167,camera_2,lost_track,53
2383,11915,397.167,camera_5,new_track,41
2384,11920,397.333,camera_7,reacquired,10
2385,11925,397.5,camera_7,lost_track,10
2388,11940,398.0,camera_7,lost_track,14
2390,11950,398.333,camera_5,new_track,42
2390,11950,398.333,camera_6,removed,21
2392,11960,398.667,camera_6,removed,20
2392,11960,398.667,camera_7,reacquired,10
2394,11970,399.0,camera_4,new_track,13
2394,11970,399.0,camera_5,lost_track,42
2394,11970,399.0,camera_5,removed,36
2394,11970,399.0,camera_7,removed,12
2395,11975,399.167,camera_5,new_track,43
2395,11975,399.167,camera_5,reacquired,42
2395,11975,399.167,camera_5,removed,37
2396,11980,399.333,camera_4,lost_track,13
2396,11980,399.333,camera_5,lost_track,41
2397,11985,399.5,camera_4,new_track,14
2398,11990,399.667,camera_1,removed,140
2398,11990,399.667,camera_4,lost_track,14
2398,11990,399.667,camera_5,lost_track,42
2399,11995,399.833,camera_2,removed,64
2399,11995,399.833,camera_5,lost_track,39
2400,12000,400.0,camera_2,new_track,65
2401,12005,400.167,camera_6,new_track,22
2402,12010,400.333,camera_1,new_track,141
2403,12015,400.5,camera_6,new_track,23
2404,12020,400.667,camera_1,lost_track,141
2404,12020,400.667,camera_2,lost_track,65
2404,12020,400.667,camera_4,removed,12
2406,12030,401.0,camera_7,lost_track,11
2407,12035,401.167,camera_6,new_track,24
2408,12040,401.333,camera_6,lost_track,23
2409,12045,401.5,camera_6,new_track,25
2409,12045,401.5,camera_7,lost_track,13
2411,12055,401.833,camera_1,new_track,142
2411,12055,401.833,camera_2,new_track,66
2411,12055,401.833,camera_5,reacquired,39
2412,12060,402.0,camera_2,reacquired,53
2412,12060,402.0,camera_5,lost_track,38
2413,12065,402.167,camera_7,lost_track,10
2414,12070,402.333,camera_2,lost_track,53
2414,12070,402.333,camera_6,new_track,26
2415,12075,402.5,camera_2,reacquired,53
2418,12090,403.0,camera_4,new_track,15
2418,12090,403.0,camera_7,removed,14
2420,12100,403.333,camera_3,new_track,110
2420,12100,403.333,camera_5,lost_track,39
2421,12105,403.5,camera_5,lost_track,40
2424,12120,404.0,camera_6,lost_track,25
2426,12130,404.333,camera_4,removed,13
2426,12130,404.333,camera_5,removed,41
2426,12130,404.333,camera_6,reacquired,25
2426,12130,404.333,camera_6,lost_track,24
2427,12135,404.5,camera_2,lost_track,53
2428,12140,404.667,camera_4,removed,14
2428,12140,404.667,camera_5,removed,42
2428,12140,404.667,camera_6,lost_track,25
2430,12150,405.0,camera_1,lost_track,142
2430,12150,405.0,camera_6,lost_track,22
2431,12155,405.167,camera_2,reacquired,53
2431,12155,405.167,camera_4,lost_track,15
2432,12160,405.333,camera_3,new_track,111
2432,12160,405.333,camera_4,new_track,16
2432,12160,405.333,camera_6,lost_track,26
2433,12165,405.5,camera_1,reacquired,142
2433,12165,405.5,camera_4,lost_track,16
2434,12170,405.667,camera_1,removed,141
2434,12170,405.667,camera_2,removed,65
2436,12180,406.0,camera_2,lost_track,53
2436,12180,406.0,camera_5,new_track,44
2436,12180,406.0,camera_7,removed,11
2437,12185,406.167,camera_2,reacquired,53
2438,12190,406.333,camera_2,new_track,67
2438,12190,406.333,camera_6,removed,23
2439,12195,406.5,camera_7,removed,13
2441,12205,406.833,camera_2,lost_track,67
2441,12205,406.833,camera_4,reacquired,16
2442,12210,407.0,camera_5,new_track,45
2442,12210,407.0,camera_5,removed,38
2443,12215,407.167,camera_2,new_track,68
2443,12215,407.167,camera_4,reacquired,15
2443,12215,407.167,camera_4,lost_track,16
2443,12215,407.167,camera_7,removed,10
2444,12220,407.333,camera_3,lost_track,111
2444,12220,407.333,camera_5,new_track,46
2449,12245,408.167,camera_1,lost_track,142
2449,12245,408.167,camera_5,lost_track,44
2450,12250,408.333,camera_5,new_track,47
2450,12250,408.333,camera_5,removed,39
2451,12255,408.5,camera_2,lost_track,53
2451,12255,408.5,camera_5,lost_track,46
2451,12255,408.5,camera_5,removed,40
2452,12260,408.667,camera_2,reacquired,53
2452,12260,408.667,camera_2,lost_track,66
2452,12260,408.667,camera_5,new_track,48
2453,12265,408.833,camera_1,new_track,143
2453,12265,408.833,camera_2,new_track,69
2454,12270,409.0,camera_3,reacquired,111
2454,12270,409.0,camera_3,lost_track,110
2454,12270,409.0,camera_4,reacquired,16
2455,12275,409.167,camera_5,new_track,49
2456,12280,409.333,camera_1,lost_track,143
2456,12280,409.333,camera_6,removed,24
2457,12285,409.5,camera_3,lost_track,111
2457,12285,409.5,camera_5,lost_track,48
2457,12285,409.5,camera_5,lost_track,47
2458,12290,409.667,camera_5,new_track,50
2458,12290,409.667,camera_6,removed,25
2459,12295,409.833,camera_2,new_track,70
2459,12295,409.833,camera_2,lost_track,69
2459,12295,409.833,camera_4,lost_track,15
2460,12300,410.0,camera_4,reacquired,15
2460,12300,410.0,camera_6,removed,22
2462,12310,410.333,camera_5,new_track,51
2462,12310,410.333,camera_6,removed,26
2463,12315,410.5,camera_1,new_track,144
2464,12320,410.667,camera_5,lost_track,50
2464,12320,410.667,camera_5,lost_track,43
2466,12330,411.0,camera_2,new_track,71
2467,12335,411.167,camera_5,lost_track,51
2468,12340,411.333,camera_5,lost_track,49
2470,12350,411.667,camera_1,new_track,145
2471,12355,411.833,camera_2,new_track,72
2471,12355,411.833,camera_2,removed,67
2471,12355,411.833,camera_3,new_track,112
2474,12370,412.333,camera_1,new_track,146
2475,12375,412.5,camera_5,reacquired,49
2475,12375,412.5,camera_5,lost_track,45
2477,12385,412.833,camera_3,new_track,113
2477,12385,412.833,camera_5,lost_track,49
2478,12390,413.0,camera_1,new_track,147
2478,12390,413.0,camera_4,lost_track,15
2479,12395,413.167,camera_1,removed,142
2479,12395,413.167,camera_5,removed,44
2480,12400,413.333,camera_2,lost_track,60
2480,12400,413.333,camera_3,new_track,114
2481,12405,413.5,camera_5,removed,46
2482,12410,413.667,camera_1,lost_track,147
2482,12410,413.667,camera_2,reacquired,69
2482,12410,413.667,camera_2,removed,66
2482,12410,413.667,camera_3,new_track,115
2483,12415,413.833,camera_2,lost_track,69
2484,12420,414.0,camera_2,new_track,73
2484,12420,414.0,camera_2,reacquired,60
2484,12420,414.0,camera_3,removed,110
2485,12425,414.167,camera_3,lost_track,115
2486,12430,414.333,camera_1,removed,143
2487,12435,414.5,camera_2,lost_track,71
2487,12435,414.5,camera_3,new_track,116
2487,12435,414.5,camera_3,reacquired,115
2487,12435,414.5,camera_3,lost_track,114
2487,12435,414.5,camera_3,removed,111
2487,12435,414.5,camera_5,removed,48
2487,12435,414.5,camera_5,removed,47
2489,12445,414.833,camera_3,lost_track,113
2490,12450,415.0,camera_2,lost_track,68
2491,12455,415.167,camera_3,new_track,117
2492,12460,415.333,camera_2,reacquired,68
2492,12460,415.333,camera_2,lost_track,72
2493,12465,415.5,camera_2,reacquired,72
2493,12465,415.5,camera_2,lost_track,73
2494,12470,415.667,camera_5,removed,50
2494,12470,415.667,camera_5,removed,43
2495,12475,415.833,camera_3,lost_track,115
2495,12475,415.833,camera_4,new_track,17
2496,12480,416.0,camera_1,new_track,148
2496,12480,416.0,camera_2,new_track,74
2497,12485,416.167,camera_5,removed,51
2498,12490,416.333,camera_1,lost_track,148
2498,12490,416.333,camera_2,lost_track,72
2499,12495,416.5,camera_2,lost_track,68
2501,12505,416.833,camera_2,reacquired,68
2502,12510,417.0,camera_1,new_track,149
2503,12515,417.167,camera_1,lost_track,149
2504,12520,417.333,camera_1,lost_track,144
2504,12520,417.333,camera_2,lost_track,53
2505,12525,417.5,camera_2,reacquired,53
2505,12525,417.5,camera_4,lost_track,16
2505,12525,417.5,camera_5,removed,45
2506,12530,417.667,camera_2,lost_track,68
2507,12535,417.833,camera_2,lost_track,70
2507,12535,417.833,camera_3,new_track,118
2507,12535,417.833,camera_5,removed,49
2508,12540,418.0,camera_3,new_track,119
2508,12540,418.0,camera_3,lost_track,117
2508,12540,418.0,camera_4,removed,15
2509,12545,418.167,camera_3,lost_track,119
2512,12560,418.667,camera_1,removed,147
2512,12560,418.667,camera_4,lost_track,17
2513,12565,418.833,camera_2,new_track,75
2513,12565,418.833,camera_2,removed,69
2513,12565,418.833,camera_4,new_track,18
2514,12570,419.0,camera_1,lost_track,145
2515,12575,419.167,camera_2,lost_track,74
2515,12575,419.167,camera_3,lost_track,112
2516,12580,419.333,camera_2,new_track,76
2517,12585,419.5,camera_2,removed,71
2517,12585,419.5,camera_3,removed,114
2519,12595,419.833,camera_2,lost_track,76
2519,12595,419.833,camera_3,removed,113
2521,12605,420.167,camera_3,lost_track,116
2522,12610,420.333,camera_4,new_track,19
2522,12610,420.333,camera_4,reacquired,16
2523,12615,420.5,camera_2,removed,73
2523,12615,420.5,camera_4,lost_track,19
2524,12620,420.667,camera_3,lost_track,118
2524,12620,420.667,camera_4,new_track,20
2525,12625,420.833,camera_3,new_track,120
2525,12625,420.833,camera_3,removed,115
2527,12635,421.167,camera_3,lost_track,120
2528,12640,421.333,camera_1,removed,148
2528,12640,421.333,camera_2,removed,72
2530,12650,421.667,camera_2,lost_track,53
2531,12655,421.833,camera_4,lost_track,18
2533,12665,422.167,camera_1,removed,149
2533,12665,422.167,camera_4,new_track,21
2533,12665,422.167,camera_5,new_track,52
2534,12670,422.333,camera_1,lost_track,146
2534,12670,422.333,camera_1,removed,144
2534,12670,422.333,camera_2,lost_track,75
2534,12670,422.333,camera_2,lost_track,60
2535,12675,422.5,camera_2,reacquired,53
2536,12680,422.667,camera_2,removed,68
2537,12685,422.833,camera_2,removed,70
2538,12690,423.0,camera_3,removed,117
2539,12695,423.167,camera_3,removed,119
2542,12710,423.667,camera_4,removed,17
2543,12715,423.833,camera_4,lost_track,21
2543,12715,423.833,camera_5,lost_track,52
2544,12720,424.0,camera_1,removed,145
2545,12725,424.167,camera_2,removed,74
2545,12725,424.167,camera_3,removed,112
2546,12730,424.333,camera_2,lost_track,53
2547,12735,424.5,camera_4,reacquired,19
2547,12735,424.5,camera_4,lost_track,20
2549,12745,424.833,camera_2,removed,76
2551,12755,425.167,camera_3,removed,116
2551,12755,425.167,camera_4,lost_track,19
2551,12755,425.167,camera_6,new_track,27
2552,12760,425.333,camera_2,reacquired,53
2552,12760,425.333,camera_3,new_track,121
2554,12770,425.667,camera_2,new_track,77
2554,12770,425.667,camera_3,removed,118
2557,12785,426.167,camera_3,removed,120
2558,12790,426.333,camera_1,new_track,150
2561,12805,426.833,camera_4,removed,18
2562,12810,427.0,camera_6,new_track,28
2564,12820,427.333,camera_1,removed,146
2564,12820,427.333,camera_2,removed,75
2564,12820,427.333,camera_2,removed,60
2565,12825,427.5,camera_4,reacquired,21
2566,12830,427.667,camera_4,new_track,22
2566,12830,427.667,camera_6,lost_track,28
2566,12830,427.667,camera_7,new_track,15
2567,12835,427.833,camera_2,new_track,78
2567,12835,427.833,camera_3,lost_track,121
2567,12835,427.833,camera_4,lost_track,22
2567,12835,427.833,camera_6,lost_track,27
2570,12850,428.333,camera_1,new_track,151
2571,12855,428.5,camera_1,lost_track,151
2573,12865,428.833,camera_5,removed,52
2577,12885,429.5,camera_4,removed,20
2580,12900,430.0,camera_5,new_track,53
2581,12905,430.167,camera_4,removed,19
2583,12915,430.5,camera_5,new_track,54
2585,12925,430.833,camera_4,new_track,23
2585,12925,430.833,camera_4,lost_track,16
2585,12925,430.833,camera_5,new_track,55
2586,12930,431.0,camera_1,lost_track,150
2588,12940,431.333,camera_2,lost_track,53
2589,12945,431.5,camera_2,lost_track,77
2590,12950,431.667,camera_4,reacquired,16
2590,12950,431.667,camera_7,lost_track,15
2592,12960,432.0,camera_2,lost_track,78
2592,12960,432.0,camera_4,lost_track,16
2592,12960,432.0,camera_5,new_track,56
2593,12965,432.167,camera_7,reacquired,15
2595,12975,432.5,camera_5,lost_track,55
2596,12980,432.667,camera_4,lost_track,21
2596,12980,432.667,camera_5,reacquired,55
2596,12980,432.667,camera_6,removed,28
2597,12985,432.833,camera_3,removed,121
2597,12985,432.833,camera_4,reacquired,21
2597,12985,432.833,camera_4,lost_track,23
2597,12985,432.833,camera_4,removed,22
2597,12985,432.833,camera_6,removed,27
2598,12990,433.0,camera_4,new_track,24
2598,12990,433.0,camera_5,lost_track,54
2600,13000,433.333,camera_5,new_track,57
2601,13005,433.5,camera_1,removed,151
2601,13005,433.5,camera_4,lost_track,24
2601,13005,433.5,camera_5,new_track,58
2601,13005,433.5,camera_7,lost_track,15
2602,13010,433.667,camera_5,new_track,59
2602,13010,433.667,camera_7,new_track,16
2603,13015,433.833,camera_2,reacquired,53
2603,13015,433.833,camera_5,lost_track,55
2604,13020,434.0,camera_5,lost_track,56
2605,13025,434.167,camera_2,new_track,79
2605,13025,434.167,camera_4,lost_track,21
2606,13030,434.333,camera_5,lost_track,58
2611,13055,435.167,camera_2,lost_track,53
2614,13070,435.667,camera_5,lost_track,59
2615,13075,435.833,camera_2,reacquired,53
2615,13075,435.833,camera_2,lost_track,79
2615,13075,435.833,camera_6,new_track,29
2616,13080,436.0,camera_1,removed,150
2616,13080,436.0,camera_6,new_track,30
2617,13085,436.167,camera_7,lost_track,16
2619,13095,436.5,camera_2,removed,77
2622,13110,437.0,camera_2,removed,78
2622,13110,437.0,camera_4,removed,16
2623,13115,437.167,camera_5,new_track,60
2623,13115,437.167,camera_6,lost_track,30
2625,13125,437.5,camera_5,lost_track,60
2627,13135,437.833,camera_4,removed,23
2628,13140,438.0,camera_5,removed,54
2631,13155,438.5,camera_4,removed,24
2631,13155,438.5,camera_7,removed,15
2632,13160,438.667,camera_5,new_track,61
2632,13160,438.667,camera_6,lost_track,29
2633,13165,438.833,camera_5,removed,55
2634,13170,439.0,camera_5,new_track,62
2634,13170,439.0,camera_5,removed,56
2635,13175,439.167,camera_4,removed,21
2636,13180,439.333,camera_5,removed,58
2638,13190,439.667,camera_5,lost_track,62
2640,13200,440.0,camera_5,new_track,64
2640,13200,440.0,camera_5,new_track,63
2642,13210,440.333,camera_5,reacquired,60
2642,13210,440.333,camera_5,lost_track,61
2644,13220,440.667,camera_5,lost_track,60
2644,13220,440.667,camera_5,removed,59
2645,13225,440.833,camera_2,new_track,80
2645,13225,440.833,camera_2,removed,79
2645,13225,440.833,camera_5,lost_track,64
2645,13225,440.833,camera_5,lost_track,53
2646,13230,441.0,camera_5,reacquired,53
2647,13235,441.167,camera_7,removed,16
2648,13240,441.333,camera_5,new_track,65
2649,13245,441.5,camera_1,new_track,152
2649,13245,441.5,camera_5,lost_track,53
2650,13250,441.667,camera_2,new_track,81
2651,13255,441.833,camera_5,lost_track,65
2653,13265,442.167,camera_6,removed,30
2655,13275,442.5,camera_5,new_track,66
2655,13275,442.5,camera_5,reacquired,53
2656,13280,442.667,camera_5,lost_track,57
2657,13285,442.833,camera_2,lost_track,80
2657,13285,442.833,camera_5,lost_track,66
2658,13290,443.0,camera_1,lost_track,152
2658,13290,443.0,camera_2,lost_track,81
2658,13290,443.0,camera_2,lost_track,53
2659,13295,443.167,camera_2,reacquired,53
2660,13300,443.333,camera_4,new_track,25
2661,13305,443.5,camera_5,new_track,67
2662,13310,443.667,camera_4,lost_track,25
2662,13310,443.667,camera_5,lost_track,53
2662,13310,443.667,camera_6,removed,29
2663,13315,443.833,camera_5,reacquired,53
2665,13325,444.167,camera_2,reacquired,80
2666,13330,444.333,camera_5,new_track,68
2667,13335,444.5,camera_5,new_track,69
2668,13340,444.667,camera_5,removed,62
2670,13350,445.0,camera_5,lost_track,69
2672,13360,445.333,camera_2,lost_track,53
2672,13360,445.333,camera_5,removed,61
2673,13365,445.5,camera_5,lost_track,53
2674,13370,445.667,camera_5,lost_track,68
2674,13370,445.667,camera_5,removed,60
2675,13375,445.833,camera_5,lost_track,67
2675,13375,445.833,camera_5,removed,64
2681,13405,446.833,camera_5,removed,65
2682,13410,447.0,camera_2,reacquired,53
2683,13415,447.167,camera_5,new_track,70
2684,13420,447.333,camera_5,new_track,71
2686,13430,447.667,camera_5,removed,57
2687,13435,447.833,camera_5,removed,66
2688,13440,448.0,camera_1,removed,152
2688,13440,448.0,camera_2,removed,81
2688,13440,448.0,camera_5,new_track,72
2688,13440,448.0,camera_5,new_track,73
2690,13450,448.333,camera_5,lost_track,70
2692,13460,448.667,camera_4,removed,25
2698,13490,449.667,camera_5,lost_track,71
2700,13500,450.0,camera_5,lost_track,63
2700,13500,450.0,camera_5,removed,69
2701,13505,450.167,camera_5,lost_track,72
2702,13510,450.333,camera_5,reacquired,72
2703,13515,450.5,camera_5,reacquired,63
2703,13515,450.5,camera_5,lost_track,73
2703,13515,450.5,camera_5,removed,53
2704,13520,450.667,camera_5,new_track,74
2704,13520,450.667,camera_5,removed,68
2705,13525,450.833,camera_5,lost_track,72
2705,13525,450.833,camera_5,removed,67
2706,13530,451.0,camera_5,reacquired,72
2706,13530,451.0,camera_5,lost_track,63
2709,13545,451.5,camera_5,reacquired,73
2709,13545,451.5,camera_5,lost_track,74
2710,13550,451.667,camera_5,reacquired,74
2713,13565,452.167,camera_5,new_track,75
2714,13570,452.333,camera_5,new_track,76
2715,13575,452.5,camera_5,lost_track,73
2717,13585,452.833,camera_5,lost_track,75
2718,13590,453.0,camera_5,new_track,77
2719,13595,453.167,camera_5,new_track,78
2720,13600,453.333,camera_5,removed,70
2722,13610,453.667,camera_5,lost_track,77
2726,13630,454.333,camera_5,lost_track,78
2727,13635,454.5,camera_5,new_track,79
2728,13640,454.667,camera_2,new_track,82
2728,13640,454.667,camera_5,removed,71
2729,13645,454.833,camera_4,new_track,26
2730,13650,455.0,camera_5,new_track,80
2731,13655,455.167,camera_4,lost_track,26
2732,13660,455.333,camera_5,lost_track,80
2733,13665,455.5,camera_2,new_track,83
2733,13665,455.5,camera_5,reacquired,78
2733,13665,455.5,camera_5,reacquired,80
2734,13670,455.667,camera_1,new_track,153
2734,13670,455.667,camera_5,lost_track,78
2736,13680,456.0,camera_1,lost_track,153
2736,13680,456.0,camera_2,lost_track,83
2736,13680,456.0,camera_5,lost_track,80
2736,13680,456.0,camera_5,removed,63
2738,13690,456.333,camera_5,new_track,81
2740,13700,456.667,camera_4,new_track,27
2742,13710,457.0,camera_5,reacquired,78
2742,13710,457.0,camera_5,lost_track,72
2742,13710,457.0,camera_5,lost_track,74
2744,13720,457.333,camera_5,reacquired,74
2744,13720,457.333,camera_5,lost_track,78
2745,13725,457.5,camera_5,removed,73
2746,13730,457.667,camera_5,lost_track,76
2747,13735,457.833,camera_2,lost_track,82
2747,13735,457.833,camera_5,removed,75
2749,13745,458.167,camera_2,reacquired,82
2750,13750,458.333,camera_4,new_track,28
2751,13755,458.5,camera_6,new_track,31
2752,13760,458.667,camera_2,new_track,84
2752,13760,458.667,camera_4,lost_track,28
2752,13760,458.667,camera_5,removed,77
2755,13775,459.167,camera_2,new_track,85
2755,13775,459.167,camera_2,lost_track,82
2755,13775,459.167,camera_2,lost_track,84
2755,13775,459.167,camera_3,new_track,122
2756,13780,459.333,camera_1,new_track,154
2756,13780,459.333,camera_2,reacquired,82
2757,13785,459.5,camera_1,lost_track,154
2757,13785,459.5,camera_2,lost_track,82
2757,13785,459.5,camera_2,lost_track,85
2757,13785,459.5,camera_4,lost_track,27
2758,13790,459.667,camera_5,lost_track,79
2760,13800,460.0,camera_2,new_track,86
2760,13800,460.0,camera_6,lost_track,31
2761,13805,460.167,camera_2,reacquired,82
2761,13805,460.167,camera_4,removed,26
2761,13805,460.167,camera_6,new_track,32
2763,13815,460.5,camera_1,new_track,155
2763,13815,460.5,camera_5,lost_track,81
2763,13815,460.5,camera_5,lost_track,74
2763,13815,460.5,camera_6,new_track,33
2764,13820,460.667,camera_6,lost_track,33
2766,13830,461.0,camera_1,removed,153
2766,13830,461.0,camera_2,removed,83
2766,13830,461.0,camera_5,removed,80
2766,13830,461.0,camera_6,lost_track,32
2766,13830,461.0,camera_7,new_track,17
2768,13840,461.333,camera_2,lost_track,80
2772,13860,462.0,camera_5,removed,72
2772,13860,462.0,camera_6,new_track,34
2773,13865,462.167,camera_2,lost_track,82
2773,13865,462.167,camera_6,new_track,35
2774,13870,462.333,camera_2,lost_track,53
2774,13870,462.333,camera_5,removed,78
2776,13880,462.667,camera_5,removed,76
2780,13900,463.333,camera_6,reacquired,33
2780,13900,463.333,camera_6,lost_track,35
2781,13905,463.5,camera_6,new_track,36
2782,13910,463.667,camera_4,removed,28
2785,13925,464.167,camera_2,removed,84
2787,13935,464.5,camera_1,removed,154
2787,13935,464.5,camera_2,removed,85
2787,13935,464.5,camera_4,removed,27
2787,13935,464.5,camera_7,new_track,18
2788,13940,464.667,camera_5,removed,79
2790,13950,465.0,camera_6,lost_track,34
2790,13950,465.0,camera_6,removed,31
2790,13950,465.0,camera_7,new_track,19
2790,13950,465.0,camera_7,lost_track,17
2791,13955,465.167,camera_6,lost_track,33
2792,13960,465.333,camera_3,lost_track,122
2793,13965,465.5,camera_5,removed,81
2793,13965,465.5,camera_5,removed,74
2793,13965,465.5,camera_6,lost_track,36
2793,13965,465.5,camera_7,new_track,20
2796,13980,466.0,camera_5,new_track,82
2796,13980,466.0,camera_6,removed,32
2797,13985,466.167,camera_1,lost_track,155
2797,13985,466.167,camera_2,lost_track,86
2798,13990,466.333,camera_2,removed,80
2800,14000,466.667,camera_7,lost_track,18
2803,14015,467.167,camera_2,removed,82
2804,14020,467.333,camera_2,removed,53
2805,14025,467.5,camera_5,lost_track,82
2807,14035,467.833,camera_7,new_track,21
2807,14035,467.833,camera_7,reacquired,18
2807,14035,467.833,camera_7,lost_track,20
2808,14040,468.0,camera_7,lost_track,21
2810,14050,468.333,camera_6,removed,35
2810,14050,468.333,camera_7,lost_track,18
2811,14055,468.5,camera_7,reacquired,21
2811,14055,468.5,camera_7,lost_track,19
2812,14060,468.667,camera_7,new_track,22
2813,14065,468.833,camera_6,new_track,37
2813,14065,468.833,camera_7,lost_track,21
2813,14065,468.833,camera_7,lost_track,22
2820,14100,470.0,camera_6,removed,34
2820,14100,470.0,camera_7,removed,17
2821,14105,470.167,camera_6,removed,33
2822,14110,470.333,camera_3,removed,122
2822,14110,470.333,camera_6,new_track,38
2823,14115,470.5,camera_6,lost_track,38
2823,14115,470.5,camera_6,removed,36
2825,14125,470.833,camera_6,lost_track,37
2825,14125,470.833,camera_7,new_track,23
2827,14135,471.167,camera_1,removed,155
2827,14135,471.167,camera_2,removed,86
2835,14175,472.5,camera_5,removed,82
2836,14180,472.667,camera_7,reacquired,22
2836,14180,472.667,camera_7,lost_track,23
2837,14185,472.833,camera_7,new_track,24
2837,14185,472.833,camera_7,removed,20
2838,14190,473.0,camera_7,lost_track,22
2839,14195,473.167,camera_7,new_track,25
2840,14200,473.333,camera_7,removed,18
2841,14205,473.5,camera_7,lost_track,25
2841,14205,473.5,camera_7,removed,19
2843,14215,473.833,camera_7,removed,21
2853,14265,475.5,camera_6,removed,38
2855,14275,475.833,camera_6,removed,37
2866,14330,477.667,camera_7,removed,23
2867,14335,477.833,camera_7,new_track,26
2868,14340,478.0,camera_7,lost_track,24
2868,14340,478.0,camera_7,removed,22
2869,14345,478.167,camera_7,reacquired,24
2871,14355,478.5,camera_7,removed,25
2881,14405,480.167,camera_7,lost_track,24
2882,14410,480.333,camera_7,new_track,27
2882,14410,480.333,camera_7,reacquired,24
2884,14420,480.667,camera_7,lost_track,27
2885,14425,480.833,camera_7,new_track,28
2888,14440,481.333,camera_7,new_track,29
2888,14440,481.333,camera_7,new_track,30
2889,14445,481.5,camera_2,new_track,87
2889,14445,481.5,camera_7,lost_track,24
2897,14485,482.833,camera_6,new_track,39
2898,14490,483.0,camera_6,new_track,40
2898,14490,483.0,camera_7,lost_track,28
2899,14495,483.167,camera_2,lost_track,87
2902,14510,483.667,camera_7,lost_track,29
2902,14510,483.667,camera_7,lost_track,30
2903,14515,483.833,camera_6,lost_track,40
2903,14515,483.833,camera_7,new_track,31
2906,14530,484.333,camera_7,reacquired,30
2909,14545,484.833,camera_7,lost_track,31
2910,14550,485.0,camera_7,reacquired,27
2913,14565,485.5,camera_7,lost_track,27
2913,14565,485.5,camera_7,lost_track,30
2914,14570,485.667,camera_6,new_track,41
2915,14575,485.833,camera_2,new_track,88
2915,14575,485.833,camera_6,new_track,42
2917,14585,486.167,camera_6,lost_track,42
2917,14585,486.167,camera_6,lost_track,39
2917,14585,486.167,camera_7,reacquired,29
2919,14595,486.5,camera_2,lost_track,88
2919,14595,486.5,camera_7,removed,24
2922,14610,487.0,camera_2,reacquired,88
2925,14625,487.5,camera_5,new_track,83
2927,14635,487.833,camera_6,lost_track,41
2928,14640,488.0,camera_7,removed,28
2929,14645,488.167,camera_2,removed,87
2933,14665,488.833,camera_6,removed,40
2935,14675,489.167,camera_1,new_track,156
2935,14675,489.167,camera_2,new_track,89
2935,14675,489.167,camera_5,new_track,84
2937,14685,489.5,camera_1,lost_track,156
2939,14695,489.833,camera_2,lost_track,89
2939,14695,489.833,camera_7,removed,31
2941,14705,490.167,camera_4,new_track,29
2942,14710,490.333,camera_5,lost_track,84
2943,14715,490.5,camera_1,new_track,157
2943,14715,490.5,camera_2,new_track,90
2943,14715,490.5,camera_5,new_track,85
2943,14715,490.5,camera_7,removed,27
2943,14715,490.5,camera_7,removed,30
2944,14720,490.667,camera_5,lost_track,85
2944,14720,490.667,camera_7,lost_track,29
2945,14725,490.833,camera_5,new_track,86
2945,14725,490.833,camera_7,new_track,32
2946,14730,491.0,camera_4,lost_track,29
2947,14735,491.167,camera_6,removed,42
2947,14735,491.167,camera_6,removed,39
2950,14750,491.667,camera_7,lost_track,32
2951,14755,491.833,camera_3,new_track,123
2951,14755,491.833,camera_7,reacquired,32
2954,14770,492.333,camera_1,lost_track,157
2955,14775,492.5,camera_4,new_track,30
2957,14785,492.833,camera_6,removed,41
2959,14795,493.167,camera_2,lost_track,90
2959,14795,493.167,camera_5,lost_track,83
2959,14795,493.167,camera_5,lost_track,86
2961,14805,493.5,camera_4,new_track,31
2963,14815,493.833,camera_3,lost_track,123
2964,14820,494.0,camera_2,lost_track,88
2964,14820,494.0,camera_7,lost_track,26
2966,14830,494.333,camera_6,new_track,43
2967,14835,494.5,camera_1,removed,156
2967,14835,494.5,camera_4,lost_track,30
2967,14835,494.5,camera_6,new_track,44
2968,14840,494.667,camera_3,new_track,124
2969,14845,494.833,camera_2,removed,89
2969,14845,494.833,camera_6,lost_track,44
2972,14860,495.333,camera_2,reacquired,88
2972,14860,495.333,camera_5,removed,84
2973,14865,495.5,camera_2,new_track,91
2974,14870,495.667,camera_1,new_track,158
2974,14870,495.667,camera_2,lost_track,88
2974,14870,495.667,camera_5,removed,85
2974,14870,495.667,camera_7,removed,29
2975,14875,495.833,camera_3,lost_track,124
2976,14880,496.0,camera_3,new_track,125
2976,14880,496.0,camera_4,removed,29
2978,14890,496.333,camera_6,lost_track,43
2979,14895,496.5,camera_2,reacquired,88
2979,14895,496.5,camera_3,new_track,126
2979,14895,496.5,camera_4,reacquired,30
2979,14895,496.5,camera_4,lost_track,31
2980,14900,496.667,camera_4,lost_track,30
2981,14905,496.833,camera_2,lost_track,91
2982,14910,497.0,camera_4,new_track,32
2983,14915,497.167,camera_4,lost_track,32
2984,14920,497.333,camera_1,removed,157
2985,14925,497.5,camera_5,new_track,87
2986,14930,497.667,camera_2,new_track,92
2987,14935,497.833,camera_2,new_track,93
2989,14945,498.167,camera_1,new_track,159
2989,14945,498.167,camera_2,removed,90
2989,14945,498.167,camera_3,lost_track,125
2989,14945,498.167,camera_5,removed,83
2989,14945,498.167,camera_5,removed,86
2992,14960,498.667,camera_1,new_track,160
2992,14960,498.667,camera_2,new_track,94
2993,14965,498.833,camera_1,lost_track,160
2993,14965,498.833,camera_3,removed,123
2993,14965,498.833,camera_5,lost_track,87
2994,14970,499.0,camera_7,removed,26
2995,14975,499.167,camera_1,new_track,161
2996,14980,499.333,camera_1,lost_track,159
2998,14990,499.667,camera_1,lost_track,158
2999,14995,499.833,camera_3,new_track,127
2999,14995,499.833,camera_6,removed,44
3003,15015,500.5,camera_2,lost_track,88
3005,15025,500.833,camera_2,new_track,95
3005,15025,500.833,camera_3,removed,124
3006,15030,501.0,camera_2,lost_track,95
3008,15040,501.333,camera_2,reacquired,88
3008,15040,501.333,camera_2,reacquired,95
3008,15040,501.333,camera_6,removed,43
3009,15045,501.5,camera_2,lost_track,93
3009,15045,501.5,camera_4,removed,31
3010,15050,501.667,camera_2,reacquired,93
3010,15050,501.667,camera_2,lost_track,95
3010,15050,501.667,camera_4,removed,30
3011,15055,501.833,camera_2,lost_track,88
3011,15055,501.833,camera_2,removed,91
3013,15065,502.167,camera_2,reacquired,88
3013,15065,502.167,camera_4,removed,32
3014,15070,502.333,camera_2,lost_track,88
3016,15080,502.667,camera_1,new_track,162
3018,15090,503.0,camera_7,lost_track,32
3019,15095,503.167,camera_3,removed,125
3020,15100,503.333,camera_6,new_track,45
3022,15110,503.667,camera_1,lost_track,162
3022,15110,503.667,camera_2,new_track,96
3022,15110,503.667,camera_2,reacquired,88
3022,15110,503.667,camera_6,new_track,46
3023,15115,503.833,camera_1,new_track,163
3023,15115,503.833,camera_1,removed,160
3023,15115,503.833,camera_2,lost_track,94
3023,15115,503.833,camera_5,removed,87
3024,15120,504.0,camera_2,lost_track,93
3024,15120,504.0,camera_3,new_track,128
3024,15120,504.0,camera_3,lost_track,126
3024,15120,504.0,camera_6,lost_track,46
3025,15125,504.167,camera_3,new_track,129
3026,15130,504.333,camera_1,new_track,164
3026,15130,504.333,camera_1,removed,159
3026,15130,504.333,camera_3,lost_track,129
3027,15135,504.5,camera_2,lost_track,96
3027,15135,504.5,camera_3,new_track,130
3028,15140,504.667,camera_1,lost_track,164
3028,15140,504.667,camera_1,removed,158
3028,15140,504.667,camera_2,reacquired,93
3028,15140,504.667,camera_2,reacquired,96
3028,15140,504.667,camera_2,lost_track,88
3028,15140,504.667,camera_3,lost_track,130
3029,15145,504.833,camera_2,reacquired,94
3029,15145,504.833,camera_3,new_track,131
3030,15150,505.0,camera_1,new_track,165
3030,15150,505.0,camera_2,lost_track,96
3031,15155,505.167,camera_1,lost_track,161
3031,15155,505.167,camera_2,reacquired,96
3031,15155,505.167,camera_3,lost_track,131
3032,15160,505.333,camera_1,new_track,166
3032,15160,505.333,camera_2,lost_track,96
3034,15170,505.667,camera_6,lost_track,45
3036,15180,506.0,camera_1,lost_track,165
3037,15185,506.167,camera_2,lost_track,93
3037,15185,506.167,camera_5,new_track,88
3038,15190,506.333,camera_1,lost_track,163
3038,15190,506.333,camera_2,reacquired,93
3038,15190,506.333,camera_2,lost_track,92
3040,15200,506.667,camera_2,reacquired,96
3040,15200,506.667,camera_2,removed,95
3041,15205,506.833,camera_5,new_track,89
3044,15220,507.333,camera_3,reacquired,129
3044,15220,507.333,camera_3,lost_track,128
3044,15220,507.333,camera_3,lost_track,127
3045,15225,507.5,camera_3,new_track,132
3046,15230,507.667,camera_2,lost_track,96
3047,15235,507.833,camera_5,lost_track,88
3048,15240,508.0,camera_7,removed,32
3051,15255,508.5,camera_2,new_track,97
3052,15260,508.667,camera_1,removed,162
3052,15260,508.667,camera_2,new_track,98
3052,15260,508.667,camera_3,new_track,133
3053,15265,508.833,camera_1,new_track,167
3054,15270,509.0,camera_3,removed,126
3054,15270,509.0,camera_6,removed,46
3055,15275,509.167,camera_6,new_track,47
3056,15280,509.333,camera_3,lost_track,133
3058,15290,509.667,camera_1,removed,164
3058,15290,509.667,camera_2,lost_track,97
3058,15290,509.667,camera_2,removed,88
3058,15290,509.667,camera_3,removed,130
3059,15295,509.833,camera_2,new_track,99
3059,15295,509.833,camera_3,reacquired,133
3060,15300,510.0,camera_1,lost_track,167
3060,15300,510.0,camera_2,lost_track,99
3061,15305,510.167,camera_1,removed,161
3061,15305,510.167,camera_2,lost_track,98
3061,15305,510.167,camera_3,removed,131
3062,15310,510.333,camera_2,reacquired,98
3064,15320,510.667,camera_6,removed,45
3065,15325,510.833,camera_3,lost_track,133
3065,15325,510.833,camera_6,new_track,48
3066,15330,511.0,camera_1,removed,165
3067,15335,511.167,camera_6,lost_track,48
3067,15335,511.167,camera_6,lost_track,47
3068,15340,511.333,camera_1,removed,163
3068,15340,511.333,camera_2,removed,92
3068,15340,511.333,camera_7,new_track,33
3070,15350,511.667,camera_5,lost_track,89
3073,15365,512.167,camera_3,lost_track,129
3074,15370,512.333,camera_2,new_track,100
3074,15370,512.333,camera_3,reacquired,129
3074,15370,512.333,camera_3,removed,128
3074,15370,512.333,camera_3,removed,127
3076,15380,512.667,camera_2,removed,96
3077,15385,512.833,camera_5,removed,88
3078,15390,513.0,camera_6,new_track,49
3080,15400,513.333,camera_5,new_track,90
3088,15440,514.667,camera_2,removed,97
3088,15440,514.667,camera_3,lost_track,132
3089,15445,514.833,camera_1,lost_track,166
3089,15445,514.833,camera_2,lost_track,94
3090,15450,515.0,camera_1,removed,167
3090,15450,515.0,camera_2,removed,99
3090,15450,515.0,camera_3,new_track,134
3090,15450,515.0,camera_6,new_track,50
3092,15460,515.333,camera_5,new_track,91
3094,15470,515.667,camera_7,new_track,34
3095,15475,515.833,camera_3,removed,133
3096,15480,516.0,camera_3,reacquired,133
3097,15485,516.167,camera_3,lost_track,134
3097,15485,516.167,camera_6,removed,48
3097,15485,516.167,camera_6,removed,47
3098,15490,516.333,camera_3,new_track,135
3098,15490,516.333,camera_7,lost_track,34
3100,15500,516.667,camera_5,removed,89
3101,15505,516.833,camera_3,lost_track,133
3107,15535,517.833,camera_5,new_track,92
3109,15545,518.167,camera_5,lost_track,91
3109,15545,518.167,camera_6,lost_track,50
3114,15570,519.0,camera_5,new_track,93
3115,15575,519.167,camera_6,lost_track,49
3117,15585,519.5,camera_3,lost_track,135
3118,15590,519.667,camera_3,removed,132
3118,15590,519.667,camera_5,lost_track,93
3119,15595,519.833,camera_1,removed,166
3119,15595,519.833,camera_2,removed,94
3119,15595,519.833,camera_3,new_track,136
3121,15605,520.167,camera_1,new_track,168
3121,15605,520.167,camera_2,new_track,101
3121,15605,520.167,camera_7,lost_track,33
3122,15610,520.333,camera_3,new_track,137
3122,15610,520.333,camera_3,lost_track,136
3122,15610,520.333,camera_6,new_track,51
3123,15615,520.5,camera_3,reacquired,135
3123,15615,520.5,camera_3,lost_track,137
3124,15620,520.667,camera_3,reacquired,133
3124,15620,520.667,camera_3,reacquired,136
3124,15620,520.667,camera_3,lost_track,135
3124,15620,520.667,camera_5,new_track,94
3124,15620,520.667,camera_6,new_track,52
3125,15625,520.833,camera_4,new_track,33
3125,15625,520.833,camera_5,lost_track,92
3127,15635,521.167,camera_3,lost_track,133
3127,15635,521.167,camera_3,removed,134
3127,15635,521.167,camera_6,lost_track,52
3128,15640,521.333,camera_4,lost_track,33
3128,15640,521.333,camera_7,removed,34
3130,15650,521.667,camera_2,lost_track,98
3131,15655,521.833,camera_2,new_track,102
3131,15655,521.833,camera_2,reacquired,98
3132,15660,522.0,camera_5,new_track,95
3133,15665,522.167,camera_5,lost_track,95
3135,15675,522.5,camera_2,lost_track,102
3135,15675,522.5,camera_5,reacquired,95
3136,15680,522.667,camera_5,reacquired,91
3136,15680,522.667,camera_5,lost_track,94
3137,15685,522.833,camera_5,reacquired,94
3137,15685,522.833,camera_5,lost_track,91
3137,15685,522.833,camera_5,lost_track,95
3138,15690,523.0,camera_4,new_track,34
3138,15690,523.0,camera_5,new_track,96
3138,15690,523.0,camera_6,lost_track,51
3139,15695,523.167,camera_6,removed,50
3140,15700,523.333,camera_5,lost_track,96
3141,15705,523.5,camera_3,lost_track,129
3141,15705,523.5,camera_5,lost_track,90
3141,15705,523.5,camera_5,lost_track,94
3142,15710,523.667,camera_2,lost_track,100
3143,15715,523.833,camera_2,lost_track,98
3143,15715,523.833,camera_2,lost_track,93
3145,15725,524.167,camera_2,reacquired,98
3145,15725,524.167,camera_2,reacquired,100
3145,15725,524.167,camera_6,removed,49
3146,15730,524.333,camera_5,new_track,97
3148,15740,524.667,camera_2,reacquired,93
3148,15740,524.667,camera_5,removed,93
3149,15745,524.833,camera_2,lost_track,98
3149,15745,524.833,camera_2,lost_track,100
3149,15745,524.833,camera_2,lost_track,93
3149,15745,524.833,camera_6,new_track,53
3150,15750,525.0,camera_2,reacquired,98
3150,15750,525.0,camera_2,reacquired,100
3151,15755,525.167,camera_2,reacquired,93
3151,15755,525.167,camera_4,lost_track,34
3151,15755,525.167,camera_7,removed,33
3152,15760,525.333,camera_4,new_track,35
3152,15760,525.333,camera_5,new_track,98
3153,15765,525.5,camera_3,new_track,138
3153,15765,525.5,camera_3,reacquired,133
3153,15765,525.5,camera_3,removed,137
3153,15765,525.5,camera_4,lost_track,35
3153,15765,525.5,camera_5,reacquired,96
3154,15770,525.667,camera_3,removed,135
3154,15770,525.667,camera_5,lost_track,96
3155,15775,525.833,camera_5,removed,92
3157,15785,526.167,camera_6,removed,52
3158,15790,526.333,camera_4,removed,33
3159,15795,526.5,camera_5,reacquired,91
3159,15795,526.5,camera_5,lost_track,97
3159,15795,526.5,camera_6,new_track,54
3161,15805,526.833,camera_4,new_track,36
3162,15810,527.0,camera_4,lost_track,36
3162,15810,527.0,camera_6,lost_track,54
3163,15815,527.167,camera_4,reacquired,36
3164,15820,527.333,camera_2,lost_track,100
3164,15820,527.333,camera_6,lost_track,53
3165,15825,527.5,camera_2,removed,102
3165,15825,527.5,camera_7,new_track,35
3166,15830,527.667,camera_2,lost_track,98
3166,15830,527.667,camera_3,new_track,139
3167,15835,527.833,camera_2,lost_track,93
3167,15835,527.833,camera_5,lost_track,91
3167,15835,527.833,camera_5,removed,95
3168,15840,528.0,camera_5,new_track,99
3168,15840,528.0,camera_5,new_track,100
3168,15840,528.0,camera_6,removed,51
3169,15845,528.167,camera_2,reacquired,98
3169,15845,528.167,camera_5,lost_track,99
3170,15850,528.333,camera_2,lost_track,98
3170,15850,528.333,camera_3,lost_track,138
3170,15850,528.333,camera_3,lost_track,139
3170,15850,528.333,camera_3,lost_track,133
3170,15850,528.333,camera_4,reacquired,35
3170,15850,528.333,camera_5,lost_track,100
3171,15855,528.5,camera_2,reacquired,93
3171,15855,528.5,camera_3,removed,129
3171,15855,528.5,camera_5,removed,90
3171,15855,528.5,camera_5,removed,94
3172,15860,528.667,camera_2,reacquired,98
3176,15880,529.333,camera_5,reacquired,100
3180,15900,530.0,camera_1,lost_track,168
3180,15900,530.0,camera_3,reacquired,133
3180,15900,530.0,camera_5,reacquired,91
3180,15900,530.0,camera_5,reacquired,99
3180,15900,530.0,camera_5,lost_track,100
3181,15905,530.167,camera_2,lost_track,101
3181,15905,530.167,camera_4,lost_track,36
3181,15905,530.167,camera_4,removed,34
3182,15910,530.333,camera_3,lost_track,133
3183,15915,530.5,camera_3,reacquired,133
3183,15915,530.5,camera_5,lost_track,99
3184,15920,530.667,camera_2,new_track,103
3184,15920,530.667,camera_3,lost_track,133
3184,15920,530.667,camera_5,removed,96
3185,15925,530.833,camera_1,reacquired,168
3185,15925,530.833,camera_5,reacquired,99
3188,15940,531.333,camera_1,lost_track,168
3188,15940,531.333,camera_2,lost_track,103
3188,15940,531.333,camera_5,lost_track,99
3189,15945,531.5,camera_5,removed,97
3190,15950,531.667,camera_5,reacquired,99
3192,15960,532.0,camera_2,lost_track,98
3192,15960,532.0,camera_5,lost_track,99
3192,15960,532.0,camera_6,removed,54
3193,15965,532.167,camera_2,reacquired,98
3194,15970,532.333,camera_2,lost_track,98
3194,15970,532.333,camera_2,removed,100
3194,15970,532.333,camera_6,removed,53
3195,15975,532.5,camera_2,reacquired,98
3196,15980,532.667,camera_2,lost_track,98
3196,15980,532.667,camera_5,lost_track,98
3198,15990,533.0,camera_5,lost_track,91
3200,16000,533.333,camera_3,removed,138
3200,16000,533.333,camera_3,removed,139
3207,16035,534.5,camera_6,new_track,56
3207,16035,534.5,camera_6,new_track,55
3210,16050,535.0,camera_2,lost_track,93
3210,16050,535.0,camera_5,removed,100
3211,16055,535.167,camera_2,removed,101
3211,16055,535.167,camera_4,removed,36
3214,16070,535.667,camera_3,removed,133
3214,16070,535.667,camera_7,lost_track,35
3215,16075,535.833,camera_7,new_track,36
3216,16080,536.0,camera_6,new_track,57
3218,16090,536.333,camera_1,removed,168
3218,16090,536.333,camera_2,removed,103
3222,16110,537.0,camera_5,removed,99
3226,16130,537.667,camera_2,reacquired,98
3226,16130,537.667,camera_5,removed,98
3227,16135,537.833,camera_2,lost_track,98
3227,16135,537.833,camera_7,new_track,37
3228,16140,538.0,camera_5,removed,91
3229,16145,538.167,camera_6,lost_track,55
3232,16160,538.667,camera_7,new_track,38
3233,16165,538.833,camera_6,lost_track,57
3234,16170,539.0,camera_2,reacquired,98
3235,16175,539.167,camera_6,lost_track,56
3236,16180,539.333,camera_2,lost_track,98
3237,16185,539.5,camera_7,new_track,39
3237,16185,539.5,camera_7,lost_track,38
3238,16190,539.667,camera_7,lost_track,36
3239,16195,539.833,camera_7,new_track,40
3240,16200,540.0,camera_2,removed,93
3241,16205,540.167,camera_2,reacquired,98
3241,16205,540.167,camera_7,lost_track,40
3243,16215,540.5,camera_3,new_track,140
3243,16215,540.5,camera_7,reacquired,38
3244,16220,540.667,camera_7,removed,35
3245,16225,540.833,camera_7,lost_track,38
3246,16230,541.0,camera_2,new_track,104
3246,16230,541.0,camera_2,lost_track,98
3247,16235,541.167,camera_6,reacquired,57
3249,16245,541.5,camera_6,new_track,58
3250,16250,541.667,camera_2,reacquired,98
3252,16260,542.0,camera_6,lost_track,58
3254,16270,542.333,camera_2,lost_track,98
3255,16275,542.5,camera_2,reacquired,98
3259,16295,543.167,camera_6,removed,55
3260,16300,543.333,camera_5,new_track,101
3262,16310,543.667,camera_5,new_track,102
3263,16315,543.833,camera_2,lost_track,104
3263,16315,543.833,camera_4,lost_track,35
3263,16315,543.833,camera_6,lost_track,57
3264,16320,544.0,camera_5,lost_track,102
3265,16325,544.167,camera_6,removed,56
3265,16325,544.167,camera_7,reacquired,38
3265,16325,544.167,camera_7,lost_track,37
3266,16330,544.333,camera_2,new_track,105
3267,16335,544.5,camera_1,new_track,169
3267,16335,544.5,camera_2,lost_track,98
3267,16335,544.5,camera_7,lost_track,38
3268,16340,544.667,camera_7,removed,36
3269,16345,544.833,camera_1,lost_track,169
3269,16345,544.833,camera_2,reacquired,98
3269,16345,544.833,camera_2,lost_track,105
3271,16355,545.167,camera_5,new_track,103
3271,16355,545.167,camera_6,new_track,59
3271,16355,545.167,camera_7,removed,40
3272,16360,545.333,camera_2,lost_track,98
3272,16360,545.333,camera_6,new_track,60
3273,16365,545.5,camera_6,lost_track,60
3273,16365,545.5,camera_7,lost_track,39
3275,16375,545.833,camera_2,new_track,106
3275,16375,545.833,camera_6,new_track,61
3276,16380,546.0,camera_6,reacquired,60
3277,16385,546.167,camera_5,lost_track,101
3278,16390,546.333,camera_2,reacquired,98
3279,16395,546.5,camera_3,lost_track,140
3280,16400,546.667,camera_1,new_track,170
3280,16400,546.667,camera_2,lost_track,106
3280,16400,546.667,camera_6,lost_track,60
3281,16405,546.833,camera_2,new_track,107
3281,16405,546.833,camera_5,lost_track,103
3282,16410,547.0,camera_6,lost_track,59
3282,16410,547.0,camera_6,removed,58
3284,16420,547.333,camera_2,reacquired,106
3286,16430,547.667,camera_2,lost_track,106
3286,16430,547.667,camera_6,new_track,62
3288,16440,548.0,camera_3,new_track,141
3288,16440,548.0,camera_5,new_track,104
3289,16445,548.167,camera_6,lost_track,61
3292,16460,548.667,camera_2,reacquired,106
3293,16465,548.833,camera_2,removed,104
3293,16465,548.833,camera_3,lost_track,136
3293,16465,548.833,camera_4,removed,35
3293,16465,548.833,camera_6,removed,57
3294,16470,549.0,camera_3,reacquired,136
3294,16470,549.0,camera_5,removed,102
3295,16475,549.167,camera_6,new_track,63
3295,16475,549.167,camera_7,removed,37
3296,16480,549.333,camera_2,new_track,108
3296,16480,549.333,camera_5,lost_track,104
3297,16485,549.5,camera_7,removed,38
3298,16490,549.667,camera_2,lost_track,98
3298,16490,549.667,camera_5,new_track,105
3299,16495,549.833,camera_1,new_track,171
3299,16495,549.833,camera_1,removed,169
3299,16495,549.833,camera_2,lost_track,107
3299,16495,549.833,camera_2,removed,105
3300,16500,550.0,camera_7,new_track,41
3301,16505,550.167,camera_6,lost_track,63
3302,16510,550.333,camera_3,new_track,142
3302,16510,550.333,camera_6,lost_track,62
3303,16515,550.5,camera_7,removed,39
3304,16520,550.667,camera_2,reacquired,98
3305,16525,550.833,camera_1,lost_track,171
3305,16525,550.833,camera_3,reacquired,140
3305,16525,550.833,camera_3,lost_track,136
3306,16530,551.0,camera_2,new_track,109
3306,16530,551.0,camera_2,lost_track,98
3306,16530,551.0,camera_3,reacquired,136
3306,16530,551.0,camera_3,lost_track,140
3307,16535,551.167,camera_2,lost_track,109
3307,16535,551.167,camera_5,lost_track,105
3307,16535,551.167,camera_5,removed,101
3307,16535,551.167,camera_7,lost_track,41
3308,16540,551.333,camera_1,new_track,172
3308,16540,551.333,camera_2,new_track,110
3308,16540,551.333,camera_6,new_track,64
3309,16545,551.5,camera_3,lost_track,141
3310,16550,551.667,camera_2,reacquired,98
3310,16550,551.667,camera_6,new_track,65
3310,16550,551.667,camera_6,removed,60
3311,16555,551.833,camera_2,lost_track,98
3311,16555,551.833,camera_5,removed,103
3312,16560,552.0,camera_6,removed,59
3313,16565,552.167,camera_6,lost_track,65
3314,16570,552.333,camera_2,reacquired,98
3314,16570,552.333,camera_2,lost_track,108
3314,16570,552.333,camera_3,lost_track,142
3315,16575,552.5,camera_3,new_track,143
3319,16595,553.167,camera_1,lost_track,170
3319,16595,553.167,camera_2,new_track,111
3319,16595,553.167,camera_6,removed,61
3322,16610,553.667,camera_6,lost_track,64
3323,16615,553.833,camera_1,new_track,173
3324,16620,554.0,camera_2,lost_track,111
3325,16625,554.167,camera_1,lost_track,173
3326,16630,554.333,camera_1,reacquired,173
3326,16630,554.333,camera_3,new_track,144
3326,16630,554.333,camera_5,removed,104
3328,16640,554.667,camera_1,new_track,174
3328,16640,554.667,camera_2,reacquired,111
3329,16645,554.833,camera_1,lost_track,172
3329,16645,554.833,camera_2,new_track,112
3329,16645,554.833,camera_2,removed,107
3330,16650,555.0,camera_5,new_track,106
3331,16655,555.167,camera_6,removed,63
3332,16660,555.333,camera_2,lost_track,112
3332,16660,555.333,camera_2,lost_track,98
3332,16660,555.333,camera_6,removed,62
3334,16670,555.667,camera_2,lost_track,111
3334,16670,555.667,camera_3,lost_track,143
3335,16675,555.833,camera_1,removed,171
3335,16675,555.833,camera_4,new_track,37
3336,16680,556.0,camera_2,lost_track,106
3336,16680,556.0,camera_3,removed,140
3337,16685,556.167,camera_1,lost_track,173
3337,16685,556.167,camera_2,reacquired,106
3337,16685,556.167,camera_2,reacquired,109
3337,16685,556.167,camera_2,reacquired,111
3337,16685,556.167,camera_5,removed,105
3337,16685,556.167,camera_7,removed,41
3338,16690,556.333,camera_1,new_track,175
3339,16695,556.5,camera_1,lost_track,174
3339,16695,556.5,camera_3,removed,141
3339,16695,556.5,camera_5,lost_track,106
3340,16700,556.667,camera_1,new_track,176
3341,16705,556.833,camera_3,new_track,145
3341,16705,556.833,camera_3,new_track,146
3342,16710,557.0,camera_2,lost_track,106
3342,16710,557.0,camera_2,lost_track,110
3342,16710,557.0,camera_2,lost_track,111
3342,16710,557.0,camera_3,lost_track,146
3343,16715,557.167,camera_6,removed,65
3344,16720,557.333,camera_2,reacquired,106
3344,16720,557.333,camera_2,removed,108
3344,16720,557.333,camera_3,new_track,147
3344,16720,557.333,camera_3,removed,142
3344,16720,557.333,camera_4,new_track,38
3345,16725,557.5,camera_3,lost_track,144
3346,16730,557.667,camera_2,reacquired,111
3348,16740,558.0,camera_2,lost_track,111
3348,16740,558.0,camera_3,reacquired,144
3348,16740,558.0,camera_5,new_track,107
3349,16745,558.167,camera_1,removed,170
3349,16745,558.167,camera_5,new_track,108
3350,16750,558.333,camera_2,new_track,113
3351,16755,558.5,camera_4,lost_track,37
3352,16760,558.667,camera_2,reacquired,111
3352,16760,558.667,camera_2,lost_track,109
3352,16760,558.667,camera_3,lost_track,136
3352,16760,558.667,camera_6,removed,64
3353,16765,558.833,camera_2,reacquired,109
3353,16765,558.833,camera_3,reacquired,146
3353,16765,558.833,camera_4,lost_track,38
3354,16770,559.0,camera_3,reacquired,136
3355,16775,559.167,camera_2,new_track,114
3355,16775,559.167,camera_3,lost_track,147
3356,16780,559.333,camera_3,reacquired,147
3357,16785,559.5,camera_2,new_track,115
3358,16790,559.667,camera_3,lost_track,146
3359,16795,559.833,camera_1,removed,172
3360,16800,560.0,camera_2,lost_track,111
3361,16805,560.167,camera_1,new_track,177
3362,16810,560.333,camera_2,reacquired,111
3362,16810,560.333,camera_2,removed,112
3362,16810,560.333,camera_2,removed,98
3363,16815,560.5,camera_1,lost_track,176
3364,16820,560.667,camera_3,removed,143
3365,16825,560.833,camera_1,lost_track,177
3365,16825,560.833,camera_3,lost_track,144
3366,16830,561.0,camera_1,reacquired,177
3367,16835,561.167,camera_1,removed,173
3367,16835,561.167,camera_2,new_track,116
3368,16840,561.333,camera_2,lost_track,109
3368,16840,561.333,camera_3,reacquired,146
3369,16845,561.5,camera_1,removed,174
3369,16845,561.5,camera_2,new_track,117
3369,16845,561.5,camera_2,lost_track,113
3369,16845,561.5,camera_5,lost_track,108
3369,16845,561.5,camera_5,removed,106
3370,16850,561.667,camera_1,lost_track,175
3370,16850,561.667,camera_2,reacquired,109
3370,16850,561.667,camera_2,reacquired,113
3370,16850,561.667,camera_2,lost_track,117
3371,16855,561.833,camera_1,reacquired,175
3371,16855,561.833,camera_2,lost_track,116
3371,16855,561.833,camera_5,new_track,109
3372,16860,562.0,camera_1,lost_track,175
3372,16860,562.0,camera_2,removed,110
3372,16860,562.0,camera_3,lost_track,146
3373,16865,562.167,camera_1,new_track,178
3373,16865,562.167,camera_3,lost_track,145
3373,16865,562.167,camera_4,new_track,39
3374,16870,562.333,camera_2,lost_track,113
3375,16875,562.5,camera_2,lost_track,115
3376,16880,562.667,camera_1,lost_track,177
3376,16880,562.667,camera_2,new_track,118
3377,16885,562.833,camera_3,reacquired,144
3378,16890,563.0,camera_4,lost_track,39
3379,16895,563.167,camera_2,new_track,119
3381,16905,563.5,camera_2,lost_track,118
3381,16905,563.5,camera_2,lost_track,111
3381,16905,563.5,camera_4,removed,37
3382,16910,563.667,camera_2,reacquired,118
3383,16915,563.833,camera_4,removed,38
3384,16920,564.0,camera_2,lost_track,118
3384,16920,564.0,camera_3,lost_track,136
3385,16925,564.167,camera_2,new_track,120
3386,16930,564.333,camera_3,reacquired,136
3386,16930,564.333,camera_5,lost_track,107
3387,16935,564.5,camera_2,reacquired,111
3387,16935,564.5,camera_2,lost_track,114
3388,16940,564.667,camera_1,new_track,179
3388,16940,564.667,camera_2,new_track,121
3388,16940,564.667,camera_2,reacquired,114
3388,16940,564.667,camera_3,new_track,148
3389,16945,564.833,camera_3,lost_track,136
3390,16950,565.0,camera_2,lost_track,111
3390,16950,565.0,camera_5,reacquired,107
3390,16950,565.0,camera_5,lost_track,109
3391,16955,565.167,camera_2,new_track,122
3391,16955,565.167,camera_2,reacquired,111
3392,16960,565.333,camera_2,lost_track,106
3392,16960,565.333,camera_2,lost_track,114
3392,16960,565.333,camera_3,reacquired,136
3392,16960,565.333,camera_3,lost_track,148
3392,16960,565.333,camera_5,lost_track,107
3393,16965,565.5,camera_1,removed,176
3393,16965,565.5,camera_2,reacquired,114
3394,16970,565.667,camera_3,new_track,149
3395,16975,565.833,camera_2,lost_track,114
3396,16980,566.0,camera_2,lost_track,111
3397,16985,566.167,camera_3,new_track,150
3399,16995,566.5,camera_1,new_track,180
