loop_i,video_fid,t_sec,camera_id,kind,track_id
0,0,0.0,camera_1,new_track,1
0,0,0.0,camera_1,new_track,2
0,0,0.0,camera_2,new_track,1
0,0,0.0,camera_2,new_track,2
0,0,0.0,camera_2,new_track,3
0,0,0.0,camera_2,new_track,4
0,0,0.0,camera_2,new_track,5
0,0,0.0,camera_3,new_track,1
0,0,0.0,camera_3,new_track,2
0,0,0.0,camera_3,new_track,3
0,0,0.0,camera_3,new_track,4
1,5,0.167,camera_3,lost_track,4
3,15,0.5,camera_3,new_track,5
3,15,0.5,camera_3,reacquired,4
4,20,0.667,camera_3,new_track,6
4,20,0.667,camera_3,removed,-1
5,25,0.833,camera_2,removed,-1
5,25,0.833,camera_3,new_track,7
5,25,0.833,camera_3,lost_track,4
8,40,1.333,camera_3,lost_track,5
9,45,1.5,camera_2,new_track,6
10,50,1.667,camera_2,lost_track,6
10,50,1.667,camera_3,lost_track,6
11,55,1.833,camera_3,removed,-1
13,65,2.167,camera_3,new_track,8
14,70,2.333,camera_3,removed,-1
15,75,2.5,camera_1,removed,-1
15,75,2.5,camera_2,reacquired,6
15,75,2.5,camera_2,lost_track,4
15,75,2.5,camera_3,lost_track,8
16,80,2.667,camera_1,new_track,3
16,80,2.667,camera_3,reacquired,8
17,85,2.833,camera_3,reacquired,5
17,85,2.833,camera_3,lost_track,8
18,90,3.0,camera_2,new_track,8
18,90,3.0,camera_2,new_track,7
19,95,3.167,camera_1,lost_track,2
19,95,3.167,camera_2,lost_track,8
19,95,3.167,camera_2,lost_track,7
24,120,4.0,camera_1,reacquired,2
24,120,4.0,camera_2,lost_track,5
25,125,4.167,camera_1,new_track,4
25,125,4.167,camera_3,lost_track,3
27,135,4.5,camera_1,lost_track,4
28,140,4.667,camera_3,reacquired,3
31,155,5.167,camera_1,lost_track,3
32,160,5.333,camera_2,reacquired,5
32,160,5.333,camera_3,new_track,9
33,165,5.5,camera_3,lost_track,9
34,170,5.667,camera_2,removed,-1
35,175,5.833,camera_3,removed,4
37,185,6.167,camera_3,lost_track,7
38,190,6.333,camera_1,removed,-1
38,190,6.333,camera_2,reacquired,8
38,190,6.333,camera_3,lost_track,5
38,190,6.333,camera_3,removed,-1
39,195,6.5,camera_2,lost_track,5
39,195,6.5,camera_2,removed,-1
39,195,6.5,camera_3,new_track,10
40,200,6.667,camera_2,reacquired,5
40,200,6.667,camera_3,removed,6
41,205,6.833,camera_2,lost_track,5
41,205,6.833,camera_3,removed,-1
42,210,7.0,camera_2,reacquired,5
44,220,7.333,camera_1,reacquired,3
45,225,7.5,camera_1,reacquired,4
45,225,7.5,camera_2,removed,4
46,230,7.667,camera_2,lost_track,8
46,230,7.667,camera_2,lost_track,6
47,235,7.833,camera_2,reacquired,8
47,235,7.833,camera_3,removed,8
49,245,8.167,camera_2,removed,7
50,250,8.333,camera_1,lost_track,4
50,250,8.333,camera_2,lost_track,2
51,255,8.5,camera_2,reacquired,2
51,255,8.5,camera_2,removed,-1
53,265,8.833,camera_2,new_track,9
53,265,8.833,camera_3,removed,-1
55,275,9.167,camera_3,new_track,11
57,285,9.5,camera_2,lost_track,8
58,290,9.667,camera_2,reacquired,8
59,295,9.833,camera_1,reacquired,4
59,295,9.833,camera_2,lost_track,8
60,300,10.0,camera_3,new_track,12
61,305,10.167,camera_1,removed,-1
62,310,10.333,camera_1,new_track,5
62,310,10.333,camera_1,lost_track,4
62,310,10.333,camera_3,lost_track,12
63,315,10.5,camera_1,removed,-1
63,315,10.5,camera_3,reacquired,12
63,315,10.5,camera_3,lost_track,3
63,315,10.5,camera_3,removed,9
64,320,10.667,camera_1,lost_track,5
64,320,10.667,camera_2,lost_track,9
64,320,10.667,camera_3,lost_track,12
64,320,10.667,camera_3,removed,-1
65,325,10.833,camera_1,new_track,6
65,325,10.833,camera_1,removed,-1
65,325,10.833,camera_2,reacquired,9
66,330,11.0,camera_3,reacquired,3
66,330,11.0,camera_3,reacquired,12
67,335,11.167,camera_1,lost_track,3
67,335,11.167,camera_3,lost_track,12
67,335,11.167,camera_3,removed,7
68,340,11.333,camera_2,lost_track,9
68,340,11.333,camera_3,removed,5
69,345,11.5,camera_2,reacquired,9
69,345,11.5,camera_2,lost_track,5
70,350,11.667,camera_2,reacquired,5
71,355,11.833,camera_2,lost_track,9
72,360,12.0,camera_2,lost_track,5
73,365,12.167,camera_1,new_track,7
73,365,12.167,camera_2,reacquired,5
75,375,12.5,camera_1,lost_track,2
75,375,12.5,camera_3,reacquired,12
75,375,12.5,camera_3,removed,-1
76,380,12.667,camera_1,reacquired,2
76,380,12.667,camera_2,reacquired,9
76,380,12.667,camera_2,removed,6
76,380,12.667,camera_3,lost_track,10
77,385,12.833,camera_2,lost_track,9
77,385,12.833,camera_3,lost_track,11
77,385,12.833,camera_3,removed,-1
78,390,13.0,camera_2,reacquired,9
78,390,13.0,camera_2,lost_track,5
78,390,13.0,camera_3,lost_track,12
80,400,13.333,camera_2,removed,-1
81,405,13.5,camera_2,lost_track,9
83,415,13.833,camera_1,reacquired,4
83,415,13.833,camera_1,lost_track,7
83,415,13.833,camera_3,removed,-1
83,415,13.833,camera_5,new_track,1
84,420,14.0,camera_1,lost_track,4
84,420,14.0,camera_2,reacquired,8
85,425,14.167,camera_1,reacquired,7
85,425,14.167,camera_1,lost_track,2
85,425,14.167,camera_5,removed,-1
86,430,14.333,camera_1,reacquired,2
86,430,14.333,camera_1,lost_track,7
86,430,14.333,camera_2,new_track,10
86,430,14.333,camera_2,reacquired,5
86,430,14.333,camera_3,removed,-1
87,435,14.5,camera_1,lost_track,6
87,435,14.5,camera_2,lost_track,2
87,435,14.5,camera_2,lost_track,5
88,440,14.667,camera_2,lost_track,10
88,440,14.667,camera_5,removed,-1
90,450,15.0,camera_3,reacquired,11
91,455,15.167,camera_2,removed,-1
91,455,15.167,camera_3,reacquired,12
92,460,15.333,camera_2,reacquired,10
92,460,15.333,camera_3,lost_track,12
94,470,15.667,camera_1,removed,5
94,470,15.667,camera_2,removed,-1
94,470,15.667,camera_3,reacquired,12
95,475,15.833,camera_1,reacquired,7
95,475,15.833,camera_3,new_track,13
95,475,15.833,camera_3,lost_track,12
96,480,16.0,camera_1,lost_track,7
97,485,16.167,camera_1,reacquired,7
97,485,16.167,camera_1,removed,3
98,490,16.333,camera_1,lost_track,2
99,495,16.5,camera_1,reacquired,2
99,495,16.5,camera_1,lost_track,7
101,505,16.833,camera_3,reacquired,12
102,510,17.0,camera_1,reacquired,7
102,510,17.0,camera_1,lost_track,2
102,510,17.0,camera_1,removed,-1
102,510,17.0,camera_3,lost_track,12
102,510,17.0,camera_5,lost_track,1
103,515,17.167,camera_1,new_track,8
103,515,17.167,camera_2,new_track,11
103,515,17.167,camera_3,removed,-1
104,520,17.333,camera_3,lost_track,3
106,530,17.667,camera_3,removed,10
108,540,18.0,camera_1,reacquired,2
108,540,18.0,camera_1,lost_track,7
108,540,18.0,camera_3,reacquired,3
108,540,18.0,camera_3,reacquired,12
109,545,18.167,camera_1,reacquired,7
109,545,18.167,camera_1,lost_track,2
109,545,18.167,camera_2,new_track,12
109,545,18.167,camera_3,lost_track,12
110,550,18.333,camera_2,lost_track,12
110,550,18.333,camera_3,lost_track,13
111,555,18.5,camera_2,removed,9
111,555,18.5,camera_3,removed,-1
111,555,18.5,camera_6,removed,-1
112,560,18.667,camera_3,reacquired,12
113,565,18.833,camera_3,new_track,14
113,565,18.833,camera_6,new_track,1
114,570,19.0,camera_1,removed,4
114,570,19.0,camera_2,lost_track,10
115,575,19.167,camera_2,reacquired,10
116,580,19.333,camera_1,new_track,9
116,580,19.333,camera_1,removed,-1
116,580,19.333,camera_3,lost_track,12
117,585,19.5,camera_1,removed,6
117,585,19.5,camera_2,removed,2
117,585,19.5,camera_2,removed,5
117,585,19.5,camera_3,reacquired,12
118,590,19.667,camera_3,lost_track,12
119,595,19.833,camera_2,lost_track,11
120,600,20.0,camera_1,lost_track,8
120,600,20.0,camera_2,new_track,13
121,605,20.167,camera_2,removed,-1
121,605,20.167,camera_3,reacquired,12
122,610,20.333,camera_1,new_track,10
122,610,20.333,camera_1,removed,-1
122,610,20.333,camera_3,lost_track,12
125,625,20.833,camera_3,lost_track,14
126,630,21.0,camera_2,lost_track,10
127,635,21.167,camera_1,reacquired,8
127,635,21.167,camera_1,lost_track,10
127,635,21.167,camera_2,reacquired,10
132,660,22.0,camera_3,removed,-1
132,660,22.0,camera_5,removed,1
133,665,22.167,camera_2,lost_track,8
133,665,22.167,camera_6,new_track,2
134,670,22.333,camera_2,removed,-1
135,675,22.5,camera_1,reacquired,2
135,675,22.5,camera_1,lost_track,7
135,675,22.5,camera_2,new_track,14
135,675,22.5,camera_3,reacquired,12
136,680,22.667,camera_1,lost_track,9
137,685,22.833,camera_1,reacquired,7
137,685,22.833,camera_1,lost_track,2
137,685,22.833,camera_3,lost_track,12
137,685,22.833,camera_5,new_track,2
137,685,22.833,camera_6,lost_track,2
138,690,23.0,camera_1,reacquired,2
138,690,23.0,camera_1,lost_track,7
138,690,23.0,camera_2,lost_track,14
139,695,23.167,camera_2,removed,-1
139,695,23.167,camera_5,new_track,3
140,700,23.333,camera_2,removed,12
140,700,23.333,camera_3,removed,13
140,700,23.333,camera_5,lost_track,3
142,710,23.667,camera_1,lost_track,8
143,715,23.833,camera_1,removed,-1
146,730,24.333,camera_3,removed,-1
146,730,24.333,camera_6,new_track,3
147,735,24.5,camera_2,lost_track,13
147,735,24.5,camera_3,reacquired,12
148,740,24.667,camera_3,lost_track,11
149,745,24.833,camera_2,removed,11
149,745,24.833,camera_3,reacquired,11
149,745,24.833,camera_3,lost_track,12
149,745,24.833,camera_4,new_track,1
150,750,25.0,camera_3,lost_track,11
155,775,25.833,camera_2,lost_track,10
155,775,25.833,camera_3,removed,14
155,775,25.833,camera_5,lost_track,2
156,780,26.0,camera_5,removed,-1
157,785,26.167,camera_1,removed,10
157,785,26.167,camera_2,reacquired,10
158,790,26.333,camera_2,lost_track,10
160,800,26.667,camera_2,removed,-1
163,815,27.167,camera_2,removed,8
166,830,27.667,camera_1,removed,9
167,835,27.833,camera_6,new_track,4
167,835,27.833,camera_6,removed,2
168,840,28.0,camera_1,removed,7
168,840,28.0,camera_2,removed,14
168,840,28.0,camera_6,lost_track,3
170,850,28.333,camera_5,removed,3
172,860,28.667,camera_1,removed,8
173,865,28.833,camera_3,removed,-1
173,865,28.833,camera_6,reacquired,3
174,870,29.0,camera_3,lost_track,2
175,875,29.167,camera_3,reacquired,2
176,880,29.333,camera_6,lost_track,3
177,885,29.5,camera_2,removed,13
177,885,29.5,camera_6,new_track,5
177,885,29.5,camera_6,removed,-1
178,890,29.667,camera_6,lost_track,5
179,895,29.833,camera_3,lost_track,2
179,895,29.833,camera_3,removed,12
180,900,30.0,camera_2,removed,-1
180,900,30.0,camera_3,new_track,15
180,900,30.0,camera_3,reacquired,2
180,900,30.0,camera_3,removed,11
181,905,30.167,camera_3,lost_track,2
183,915,30.5,camera_6,lost_track,4
184,920,30.667,camera_6,reacquired,4
184,920,30.667,camera_6,removed,-1
185,925,30.833,camera_5,removed,2
186,930,31.0,camera_3,reacquired,2
187,935,31.167,camera_2,removed,-1
187,935,31.167,camera_6,lost_track,1
188,940,31.333,camera_2,new_track,15
188,940,31.333,camera_2,removed,10
188,940,31.333,camera_4,lost_track,1
188,940,31.333,camera_6,removed,-1
189,945,31.5,camera_2,new_track,16
189,945,31.5,camera_3,new_track,16
193,965,32.167,camera_3,lost_track,2
193,965,32.167,camera_3,removed,-1
194,970,32.333,camera_3,lost_track,3
195,975,32.5,camera_1,removed,-1
195,975,32.5,camera_3,reacquired,2
196,980,32.667,camera_3,reacquired,3
196,980,32.667,camera_3,lost_track,2
197,985,32.833,camera_3,reacquired,2
198,990,33.0,camera_1,new_track,11
198,990,33.0,camera_5,new_track,4
199,995,33.167,camera_6,lost_track,4
200,1000,33.333,camera_3,new_track,17
203,1015,33.833,camera_3,lost_track,15
204,1020,34.0,camera_2,new_track,17
205,1025,34.167,camera_3,lost_track,17
206,1030,34.333,camera_3,new_track,18
206,1030,34.333,camera_6,removed,3
207,1035,34.5,camera_2,removed,-1
207,1035,34.5,camera_3,reacquired,17
208,1040,34.667,camera_2,lost_track,17
208,1040,34.667,camera_3,lost_track,17
208,1040,34.667,camera_6,removed,5
209,1045,34.833,camera_1,lost_track,11
209,1045,34.833,camera_3,lost_track,2
210,1050,35.0,camera_1,lost_track,1
210,1050,35.0,camera_3,new_track,19
210,1050,35.0,camera_3,reacquired,17
210,1050,35.0,camera_5,new_track,5
211,1055,35.167,camera_1,reacquired,1
211,1055,35.167,camera_1,reacquired,11
211,1055,35.167,camera_5,removed,-1
212,1060,35.333,camera_1,lost_track,11
212,1060,35.333,camera_5,new_track,6
213,1065,35.5,camera_3,lost_track,17
213,1065,35.5,camera_5,new_track,7
214,1070,35.667,camera_5,removed,-1
215,1075,35.833,camera_3,reacquired,2
215,1075,35.833,camera_3,reacquired,17
215,1075,35.833,camera_3,lost_track,16
215,1075,35.833,camera_5,lost_track,7
216,1080,36.0,camera_2,lost_track,15
216,1080,36.0,camera_3,lost_track,3
217,1085,36.167,camera_2,removed,-1
217,1085,36.167,camera_6,removed,1
218,1090,36.333,camera_1,new_track,12
218,1090,36.333,camera_2,new_track,18
218,1090,36.333,camera_3,removed,-1
218,1090,36.333,camera_4,removed,1
218,1090,36.333,camera_5,reacquired,7
220,1100,36.667,camera_1,lost_track,2
220,1100,36.667,camera_3,reacquired,3
220,1100,36.667,camera_4,new_track,2
221,1105,36.833,camera_1,reacquired,2
221,1105,36.833,camera_3,lost_track,17
221,1105,36.833,camera_5,lost_track,7
222,1110,37.0,camera_3,lost_track,3
224,1120,37.333,camera_5,lost_track,4
224,1120,37.333,camera_5,lost_track,6
225,1125,37.5,camera_1,lost_track,1
225,1125,37.5,camera_2,removed,-1
225,1125,37.5,camera_5,removed,-1
226,1130,37.667,camera_3,new_track,20
226,1130,37.667,camera_5,new_track,8
227,1135,37.833,camera_2,new_track,19
227,1135,37.833,camera_3,reacquired,17
227,1135,37.833,camera_3,removed,-1
228,1140,38.0,camera_1,removed,-1
228,1140,38.0,camera_5,removed,-1
229,1145,38.167,camera_1,reacquired,1
229,1145,38.167,camera_2,lost_track,19
229,1145,38.167,camera_3,lost_track,19
229,1145,38.167,camera_6,removed,4
230,1150,38.333,camera_1,lost_track,1
231,1155,38.5,camera_3,reacquired,16
231,1155,38.5,camera_3,reacquired,19
231,1155,38.5,camera_3,lost_track,17
231,1155,38.5,camera_3,lost_track,18
231,1155,38.5,camera_4,new_track,3
232,1160,38.667,camera_3,reacquired,17
232,1160,38.667,camera_3,lost_track,19
232,1160,38.667,camera_5,new_track,9
232,1160,38.667,camera_5,lost_track,5
232,1160,38.667,camera_5,removed,-1
232,1160,38.667,camera_6,new_track,6
233,1165,38.833,camera_3,reacquired,19
233,1165,38.833,camera_3,lost_track,17
233,1165,38.833,camera_3,lost_track,2
233,1165,38.833,camera_3,removed,15
233,1165,38.833,camera_5,lost_track,9
234,1170,39.0,camera_3,reacquired,2
234,1170,39.0,camera_3,reacquired,17
234,1170,39.0,camera_3,lost_track,19
234,1170,39.0,camera_5,removed,-1
235,1175,39.167,camera_2,lost_track,16
236,1180,39.333,camera_4,lost_track,3
236,1180,39.333,camera_5,reacquired,5
236,1180,39.333,camera_5,lost_track,8
236,1180,39.333,camera_5,removed,-1
237,1185,39.5,camera_3,reacquired,19
237,1185,39.5,camera_3,lost_track,16
238,1190,39.667,camera_2,removed,17
238,1190,39.667,camera_3,lost_track,19
238,1190,39.667,camera_4,new_track,4
239,1195,39.833,camera_3,lost_track,2
240,1200,40.0,camera_3,reacquired,2
240,1200,40.0,camera_5,new_track,10
240,1200,40.0,camera_5,new_track,11
240,1200,40.0,camera_5,removed,-1
240,1200,40.0,camera_6,lost_track,6
241,1205,40.167,camera_5,lost_track,10
241,1205,40.167,camera_6,new_track,7
242,1210,40.333,camera_1,removed,11
242,1210,40.333,camera_3,reacquired,19
242,1210,40.333,camera_3,lost_track,2
242,1210,40.333,camera_4,lost_track,4
242,1210,40.333,camera_5,reacquired,10
244,1220,40.667,camera_3,lost_track,19
244,1220,40.667,camera_5,new_track,12
244,1220,40.667,camera_5,lost_track,10
244,1220,40.667,camera_5,lost_track,11
245,1225,40.833,camera_1,lost_track,12
245,1225,40.833,camera_3,reacquired,19
245,1225,40.833,camera_5,lost_track,5
246,1230,41.0,camera_2,lost_track,18
246,1230,41.0,camera_2,removed,15
246,1230,41.0,camera_3,lost_track,19
246,1230,41.0,camera_5,new_track,13
246,1230,41.0,camera_6,new_track,8
247,1235,41.167,camera_3,reacquired,19
247,1235,41.167,camera_5,lost_track,13
248,1240,41.333,camera_3,lost_track,19
248,1240,41.333,camera_5,reacquired,5
249,1245,41.5,camera_5,reacquired,11
251,1255,41.833,camera_5,removed,7
252,1260,42.0,camera_3,lost_track,17
252,1260,42.0,camera_3,lost_track,20
252,1260,42.0,camera_3,removed,3
252,1260,42.0,camera_5,reacquired,10
253,1265,42.167,camera_3,reacquired,20
253,1265,42.167,camera_5,removed,-1
254,1270,42.333,camera_3,removed,-1
254,1270,42.333,camera_5,removed,4
254,1270,42.333,camera_5,removed,6
255,1275,42.5,camera_3,reacquired,17
256,1280,42.667,camera_3,removed,-1
259,1295,43.167,camera_2,removed,19
259,1295,43.167,camera_5,lost_track,12
260,1300,43.333,camera_1,removed,1
260,1300,43.333,camera_3,lost_track,17
260,1300,43.333,camera_5,removed,-1
261,1305,43.5,camera_3,removed,18
262,1310,43.667,camera_1,lost_track,2
263,1315,43.833,camera_1,reacquired,2
263,1315,43.833,camera_3,reacquired,17
263,1315,43.833,camera_5,removed,9
263,1315,43.833,camera_6,lost_track,8
264,1320,44.0,camera_3,lost_track,17
264,1320,44.0,camera_5,removed,-1
265,1325,44.167,camera_2,removed,16
265,1325,44.167,camera_3,reacquired,17
266,1330,44.333,camera_3,lost_track,17
266,1330,44.333,camera_4,removed,3
266,1330,44.333,camera_5,new_track,14
266,1330,44.333,camera_5,lost_track,10
266,1330,44.333,camera_5,removed,8
267,1335,44.5,camera_3,removed,16
267,1335,44.5,camera_5,removed,-1
267,1335,44.5,camera_6,reacquired,8
267,1335,44.5,camera_6,removed,-1
268,1340,44.667,camera_5,lost_track,11
269,1345,44.833,camera_3,reacquired,17
269,1345,44.833,camera_5,new_track,15
269,1345,44.833,camera_5,reacquired,10
269,1345,44.833,camera_5,lost_track,14
269,1345,44.833,camera_5,removed,-1
269,1345,44.833,camera_6,new_track,9
269,1345,44.833,camera_6,lost_track,8
270,1350,45.0,camera_5,lost_track,10
270,1350,45.0,camera_6,removed,6
271,1355,45.167,camera_3,reacquired,2
272,1360,45.333,camera_3,lost_track,17
272,1360,45.333,camera_3,lost_track,2
272,1360,45.333,camera_4,removed,4
272,1360,45.333,camera_5,reacquired,14
272,1360,45.333,camera_5,lost_track,5
272,1360,45.333,camera_5,lost_track,15
273,1365,45.5,camera_3,reacquired,17
273,1365,45.5,camera_3,removed,-1
273,1365,45.5,camera_5,reacquired,5
273,1365,45.5,camera_5,reacquired,15
274,1370,45.667,camera_3,reacquired,2
275,1375,45.833,camera_1,removed,12
275,1375,45.833,camera_6,lost_track,7
276,1380,46.0,camera_2,removed,18
276,1380,46.0,camera_3,lost_track,20
276,1380,46.0,camera_5,lost_track,14
276,1380,46.0,camera_6,removed,-1
277,1385,46.167,camera_3,reacquired,20
277,1385,46.167,camera_3,lost_track,17
277,1385,46.167,camera_3,lost_track,2
277,1385,46.167,camera_5,removed,13
278,1390,46.333,camera_3,reacquired,17
278,1390,46.333,camera_3,removed,19
279,1395,46.5,camera_3,lost_track,17
279,1395,46.5,camera_6,new_track,10
280,1400,46.667,camera_3,reacquired,2
280,1400,46.667,camera_3,reacquired,17
280,1400,46.667,camera_3,lost_track,20
280,1400,46.667,camera_5,reacquired,14
281,1405,46.833,camera_3,lost_track,2
283,1415,47.167,camera_5,new_track,16
284,1420,47.333,camera_3,removed,-1
284,1420,47.333,camera_5,removed,-1
285,1425,47.5,camera_5,new_track,17
285,1425,47.5,camera_5,lost_track,16
285,1425,47.5,camera_6,lost_track,10
285,1425,47.5,camera_6,removed,-1
286,1430,47.667,camera_5,lost_track,14
286,1430,47.667,camera_5,lost_track,15
287,1435,47.833,camera_1,new_track,13
287,1435,47.833,camera_2,new_track,20
287,1435,47.833,camera_5,reacquired,14
287,1435,47.833,camera_5,reacquired,15
287,1435,47.833,camera_6,removed,-1
288,1440,48.0,camera_3,removed,-1
288,1440,48.0,camera_5,new_track,18
289,1445,48.167,camera_5,lost_track,18
289,1445,48.167,camera_5,removed,12
290,1450,48.333,camera_3,removed,-1
290,1450,48.333,camera_5,new_track,19
290,1450,48.333,camera_5,reacquired,18
290,1450,48.333,camera_5,lost_track,15
291,1455,48.5,camera_5,reacquired,15
291,1455,48.5,camera_5,lost_track,18
291,1455,48.5,camera_5,lost_track,5
292,1460,48.667,camera_5,reacquired,5
292,1460,48.667,camera_5,reacquired,18
292,1460,48.667,camera_6,lost_track,9
293,1465,48.833,camera_5,lost_track,15
293,1465,48.833,camera_6,removed,-1
294,1470,49.0,camera_5,new_track,20
294,1470,49.0,camera_5,removed,-1
296,1480,49.333,camera_5,lost_track,14
297,1485,49.5,camera_2,new_track,21
297,1485,49.5,camera_5,lost_track,5
298,1490,49.667,camera_5,removed,11
299,1495,49.833,camera_5,removed,-1
299,1495,49.833,camera_6,removed,8
300,1500,50.0,camera_3,lost_track,17
300,1500,50.0,camera_5,new_track,21
300,1500,50.0,camera_5,removed,10
301,1505,50.167,camera_2,lost_track,21
303,1515,50.5,camera_4,new_track,5
304,1520,50.667,camera_4,lost_track,5
304,1520,50.667,camera_5,lost_track,20
305,1525,50.833,camera_5,reacquired,20
305,1525,50.833,camera_5,lost_track,18
305,1525,50.833,camera_6,removed,7
306,1530,51.0,camera_3,removed,-1
306,1530,51.0,camera_4,new_track,6
306,1530,51.0,camera_5,reacquired,18
307,1535,51.167,camera_4,reacquired,5
307,1535,51.167,camera_4,lost_track,2
307,1535,51.167,camera_4,lost_track,6
308,1540,51.333,camera_3,new_track,21
308,1540,51.333,camera_4,lost_track,5
308,1540,51.333,camera_4,removed,-1
308,1540,51.333,camera_5,lost_track,18
309,1545,51.5,camera_2,lost_track,3
309,1545,51.5,camera_5,removed,-1
310,1550,51.667,camera_2,reacquired,3
310,1550,51.667,camera_3,removed,20
310,1550,51.667,camera_5,lost_track,19
310,1550,51.667,camera_5,lost_track,20
311,1555,51.833,camera_3,removed,2
311,1555,51.833,camera_5,new_track,22
311,1555,51.833,camera_5,lost_track,17
312,1560,52.0,camera_3,reacquired,2
312,1560,52.0,camera_3,lost_track,21
312,1560,52.0,camera_5,reacquired,16
312,1560,52.0,camera_5,removed,-1
313,1565,52.167,camera_2,new_track,22
313,1565,52.167,camera_5,new_track,24
313,1565,52.167,camera_5,new_track,23
315,1575,52.5,camera_2,new_track,23
315,1575,52.5,camera_6,removed,10
316,1580,52.667,camera_2,lost_track,23
316,1580,52.667,camera_5,reacquired,14
316,1580,52.667,camera_5,lost_track,21
317,1585,52.833,camera_2,lost_track,20
317,1585,52.833,camera_2,removed,-1
317,1585,52.833,camera_3,lost_track,2
317,1585,52.833,camera_5,lost_track,14
318,1590,53.0,camera_2,new_track,24
318,1590,53.0,camera_3,removed,-1
319,1595,53.167,camera_1,removed,-1
319,1595,53.167,camera_2,lost_track,24
319,1595,53.167,camera_3,new_track,22
320,1600,53.333,camera_2,new_track,25
320,1600,53.333,camera_2,reacquired,20
320,1600,53.333,camera_2,removed,-1
320,1600,53.333,camera_3,removed,-1
321,1605,53.5,camera_1,lost_track,2
321,1605,53.5,camera_1,removed,-1
321,1605,53.5,camera_2,reacquired,23
322,1610,53.667,camera_1,reacquired,2
322,1610,53.667,camera_2,lost_track,20
322,1610,53.667,camera_2,lost_track,23
322,1610,53.667,camera_2,removed,-1
322,1610,53.667,camera_6,removed,9
323,1615,53.833,camera_2,reacquired,20
323,1615,53.833,camera_3,removed,-1
323,1615,53.833,camera_5,removed,15
324,1620,54.0,camera_1,removed,-1
324,1620,54.0,camera_2,reacquired,23
324,1620,54.0,camera_2,lost_track,20
324,1620,54.0,camera_3,new_track,23
325,1625,54.167,camera_2,lost_track,23
325,1625,54.167,camera_3,lost_track,22
325,1625,54.167,camera_5,lost_track,24
325,1625,54.167,camera_5,removed,-1
326,1630,54.333,camera_3,new_track,24
327,1635,54.5,camera_2,lost_track,25
327,1635,54.5,camera_5,new_track,25
327,1635,54.5,camera_5,removed,5
327,1635,54.5,camera_5,removed,-1
328,1640,54.667,camera_1,lost_track,13
328,1640,54.667,camera_2,lost_track,22
328,1640,54.667,camera_3,reacquired,22
328,1640,54.667,camera_3,lost_track,24
329,1645,54.833,camera_3,reacquired,24
329,1645,54.833,camera_3,removed,-1
329,1645,54.833,camera_5,lost_track,23
330,1650,55.0,camera_3,lost_track,22
330,1650,55.0,camera_3,removed,17
330,1650,55.0,camera_4,new_track,7
330,1650,55.0,camera_5,new_track,26
331,1655,55.167,camera_2,removed,21
331,1655,55.167,camera_3,lost_track,24
331,1655,55.167,camera_5,removed,-1
332,1660,55.333,camera_3,new_track,25
332,1660,55.333,camera_5,new_track,27
333,1665,55.5,camera_5,lost_track,27
334,1670,55.667,camera_3,lost_track,23
334,1670,55.667,camera_5,reacquired,14
335,1675,55.833,camera_5,new_track,28
335,1675,55.833,camera_5,lost_track,26
337,1685,56.167,camera_4,removed,2
337,1685,56.167,camera_4,removed,6
337,1685,56.167,camera_5,new_track,29
338,1690,56.333,camera_4,removed,5
338,1690,56.333,camera_5,reacquired,26
338,1690,56.333,camera_5,removed,18
339,1695,56.5,camera_3,lost_track,25
340,1700,56.667,camera_3,reacquired,22
340,1700,56.667,camera_5,removed,19
340,1700,56.667,camera_5,removed,20
341,1705,56.833,camera_5,removed,17
342,1710,57.0,camera_3,reacquired,24
342,1710,57.0,camera_3,lost_track,22
342,1710,57.0,camera_3,removed,21
342,1710,57.0,camera_4,lost_track,7
344,1720,57.333,camera_5,lost_track,29
344,1720,57.333,camera_5,lost_track,14
345,1725,57.5,camera_3,new_track,26
345,1725,57.5,camera_5,new_track,30
345,1725,57.5,camera_5,reacquired,29
345,1725,57.5,camera_5,lost_track,28
345,1725,57.5,camera_5,removed,-1
346,1730,57.667,camera_3,reacquired,22
346,1730,57.667,camera_5,lost_track,26
346,1730,57.667,camera_5,removed,21
347,1735,57.833,camera_2,new_track,26
347,1735,57.833,camera_3,lost_track,26
347,1735,57.833,camera_3,removed,2
347,1735,57.833,camera_5,removed,-1
348,1740,58.0,camera_1,removed,-1
348,1740,58.0,camera_3,lost_track,24
349,1745,58.167,camera_1,new_track,14
349,1745,58.167,camera_2,removed,24
349,1745,58.167,camera_3,reacquired,24
349,1745,58.167,camera_3,lost_track,22
350,1750,58.333,camera_1,lost_track,14
351,1755,58.5,camera_1,removed,-1
351,1755,58.5,camera_2,lost_track,26
351,1755,58.5,camera_5,removed,-1
352,1760,58.667,camera_5,lost_track,30
353,1765,58.833,camera_5,reacquired,30
354,1770,59.0,camera_2,removed,20
354,1770,59.0,camera_3,reacquired,26
354,1770,59.0,camera_3,lost_track,24
354,1770,59.0,camera_3,removed,-1
355,1775,59.167,camera_2,removed,23
355,1775,59.167,camera_5,removed,24
356,1780,59.333,camera_5,lost_track,16
356,1780,59.333,camera_5,removed,-1
357,1785,59.5,camera_2,removed,25
357,1785,59.5,camera_5,reacquired,16
358,1790,59.667,camera_1,removed,13
358,1790,59.667,camera_2,removed,22
358,1790,59.667,camera_5,new_track,31
359,1795,59.833,camera_3,new_track,27
359,1795,59.833,camera_5,removed,23
360,1800,60.0,camera_1,removed,-1
360,1800,60.0,camera_5,removed,-1
361,1805,60.167,camera_1,new_track,15
361,1805,60.167,camera_2,new_track,27
361,1805,60.167,camera_5,lost_track,16
362,1810,60.333,camera_5,reacquired,16
363,1815,60.5,camera_5,lost_track,25
363,1815,60.5,camera_5,lost_track,31
363,1815,60.5,camera_5,removed,27
364,1820,60.667,camera_3,removed,-1
364,1820,60.667,camera_3,removed,23
364,1820,60.667,camera_5,reacquired,31
365,1825,60.833,camera_3,lost_track,26
365,1825,60.833,camera_5,removed,-1
366,1830,61.0,camera_3,removed,-1
366,1830,61.0,camera_5,lost_track,16
367,1835,61.167,camera_5,reacquired,16
368,1840,61.333,camera_5,lost_track,29
369,1845,61.5,camera_3,removed,25
369,1845,61.5,camera_5,reacquired,29
369,1845,61.5,camera_5,lost_track,16
369,1845,61.5,camera_5,removed,-1
370,1850,61.667,camera_1,removed,-1
370,1850,61.667,camera_5,reacquired,16
371,1855,61.833,camera_2,removed,-1
371,1855,61.833,camera_3,removed,-1
371,1855,61.833,camera_5,lost_track,29
372,1860,62.0,camera_1,reacquired,14
372,1860,62.0,camera_1,lost_track,15
372,1860,62.0,camera_4,removed,7
372,1860,62.0,camera_5,new_track,32
372,1860,62.0,camera_5,lost_track,31
373,1865,62.167,camera_1,lost_track,14
373,1865,62.167,camera_6,new_track,11
374,1870,62.333,camera_5,new_track,33
374,1870,62.333,camera_5,reacquired,31
374,1870,62.333,camera_5,lost_track,30
374,1870,62.333,camera_5,removed,14
375,1875,62.5,camera_2,lost_track,27
375,1875,62.5,camera_5,removed,28
376,1880,62.667,camera_2,removed,-1
376,1880,62.667,camera_5,removed,26
378,1890,63.0,camera_5,new_track,34
379,1895,63.167,camera_3,reacquired,24
379,1895,63.167,camera_3,lost_track,27
379,1895,63.167,camera_3,removed,22
379,1895,63.167,camera_4,new_track,8
379,1895,63.167,camera_5,new_track,35
379,1895,63.167,camera_5,reacquired,30
379,1895,63.167,camera_5,lost_track,31
379,1895,63.167,camera_5,removed,-1
380,1900,63.333,camera_5,lost_track,33
380,1900,63.333,camera_5,lost_track,34
381,1905,63.5,camera_2,removed,26
381,1905,63.5,camera_5,reacquired,31
381,1905,63.5,camera_5,lost_track,32
381,1905,63.5,camera_5,lost_track,30
382,1910,63.667,camera_5,reacquired,30
383,1915,63.833,camera_1,lost_track,2
383,1915,63.833,camera_4,lost_track,8
383,1915,63.833,camera_5,removed,-1
384,1920,64.0,camera_1,reacquired,2
384,1920,64.0,camera_2,removed,-1
385,1925,64.167,camera_5,lost_track,30
385,1925,64.167,camera_5,lost_track,31
385,1925,64.167,camera_5,removed,-1
386,1930,64.333,camera_5,lost_track,35
387,1935,64.5,camera_5,reacquired,31
387,1935,64.5,camera_5,reacquired,33
388,1940,64.667,camera_2,new_track,28
388,1940,64.667,camera_5,reacquired,35
388,1940,64.667,camera_5,lost_track,33
388,1940,64.667,camera_5,lost_track,31
388,1940,64.667,camera_6,removed,-1
389,1945,64.833,camera_2,lost_track,3
389,1945,64.833,camera_5,lost_track,16
389,1945,64.833,camera_6,new_track,12
390,1950,65.0,camera_2,reacquired,3
390,1950,65.0,camera_5,new_track,36
390,1950,65.0,camera_5,reacquired,30
390,1950,65.0,camera_5,removed,-1
391,1955,65.167,camera_5,reacquired,29
392,1960,65.333,camera_5,reacquired,16
392,1960,65.333,camera_5,lost_track,29
393,1965,65.5,camera_5,reacquired,29
393,1965,65.5,camera_5,lost_track,30
393,1965,65.5,camera_5,removed,25
394,1970,65.667,camera_5,lost_track,29
395,1975,65.833,camera_3,removed,26
395,1975,65.833,camera_5,lost_track,16
396,1980,66.0,camera_2,lost_track,3
396,1980,66.0,camera_5,reacquired,30
396,1980,66.0,camera_6,new_track,13
397,1985,66.167,camera_5,removed,-1
397,1985,66.167,camera_6,lost_track,12
398,1990,66.333,camera_5,lost_track,30
398,1990,66.333,camera_6,new_track,14
398,1990,66.333,camera_6,new_track,15
399,1995,66.5,camera_3,removed,-1
399,1995,66.5,camera_5,new_track,37
399,1995,66.5,camera_5,reacquired,30
399,1995,66.5,camera_6,lost_track,13
400,2000,66.667,camera_3,lost_track,24
400,2000,66.667,camera_6,reacquired,13
400,2000,66.667,camera_6,removed,-1
401,2005,66.833,camera_3,new_track,28
401,2005,66.833,camera_5,removed,-1
402,2010,67.0,camera_1,removed,15
402,2010,67.0,camera_3,reacquired,24
402,2010,67.0,camera_3,lost_track,28
402,2010,67.0,camera_4,new_track,9
403,2015,67.167,camera_1,removed,14
403,2015,67.167,camera_5,new_track,38
403,2015,67.167,camera_6,removed,-1
404,2020,67.333,camera_5,reacquired,16
404,2020,67.333,camera_5,lost_track,22
405,2025,67.5,camera_2,removed,27
407,2035,67.833,camera_5,lost_track,16
407,2035,67.833,camera_5,lost_track,30
407,2035,67.833,camera_6,removed,-1
408,2040,68.0,camera_5,reacquired,16
408,2040,68.0,camera_5,reacquired,30
408,2040,68.0,camera_5,removed,-1
409,2045,68.167,camera_3,removed,27
410,2050,68.333,camera_5,removed,34
410,2050,68.333,camera_6,new_track,16
411,2055,68.5,camera_5,removed,32
411,2055,68.5,camera_5,removed,-1
411,2055,68.5,camera_6,lost_track,16
413,2065,68.833,camera_3,new_track,29
413,2065,68.833,camera_4,removed,8
413,2065,68.833,camera_5,lost_track,38
414,2070,69.0,camera_6,removed,-1
415,2075,69.167,camera_3,lost_track,29
415,2075,69.167,camera_6,lost_track,15
416,2080,69.333,camera_1,lost_track,2
416,2080,69.333,camera_3,reacquired,29
416,2080,69.333,camera_4,lost_track,9
417,2085,69.5,camera_1,reacquired,2
417,2085,69.5,camera_3,lost_track,29
417,2085,69.5,camera_5,reacquired,38
418,2090,69.667,camera_1,lost_track,2
418,2090,69.667,camera_5,removed,33
418,2090,69.667,camera_5,removed,31
419,2095,69.833,camera_1,reacquired,2
421,2105,70.167,camera_5,lost_track,38
421,2105,70.167,camera_5,lost_track,30
421,2105,70.167,camera_5,removed,-1
422,2110,70.333,camera_5,reacquired,38
422,2110,70.333,camera_5,lost_track,35
422,2110,70.333,camera_6,lost_track,13
422,2110,70.333,camera_7,new_track,1
423,2115,70.5,camera_5,new_track,39
423,2115,70.5,camera_5,reacquired,30
423,2115,70.5,camera_5,reacquired,35
424,2120,70.667,camera_5,lost_track,35
424,2120,70.667,camera_5,removed,29
424,2120,70.667,camera_5,removed,-1
424,2120,70.667,camera_6,lost_track,14
425,2125,70.833,camera_5,lost_track,37
425,2125,70.833,camera_5,lost_track,30
425,2125,70.833,camera_5,lost_track,39
426,2130,71.0,camera_2,removed,3
426,2130,71.0,camera_5,reacquired,37
426,2130,71.0,camera_7,lost_track,1
427,2135,71.167,camera_2,new_track,29
427,2135,71.167,camera_5,reacquired,30
427,2135,71.167,camera_6,removed,12
427,2135,71.167,camera_7,new_track,2
429,2145,71.5,camera_2,lost_track,29
430,2150,71.667,camera_5,new_track,40
431,2155,71.833,camera_3,reacquired,29
431,2155,71.833,camera_3,lost_track,24
431,2155,71.833,camera_5,removed,-1
432,2160,72.0,camera_3,removed,28
432,2160,72.0,camera_5,reacquired,35
432,2160,72.0,camera_5,lost_track,40
432,2160,72.0,camera_5,lost_track,30
433,2165,72.167,camera_3,reacquired,28
433,2165,72.167,camera_3,lost_track,29
433,2165,72.167,camera_5,reacquired,40
434,2170,72.333,camera_3,removed,-1
434,2170,72.333,camera_5,removed,22
435,2175,72.5,camera_5,new_track,41
435,2175,72.5,camera_5,lost_track,40
435,2175,72.5,camera_5,lost_track,35
436,2180,72.667,camera_5,lost_track,41
437,2185,72.833,camera_5,lost_track,16
438,2190,73.0,camera_5,reacquired,16
439,2195,73.167,camera_5,reacquired,35
439,2195,73.167,camera_6,lost_track,11
440,2200,73.333,camera_3,reacquired,29
440,2200,73.333,camera_3,lost_track,28
440,2200,73.333,camera_5,reacquired,39
440,2200,73.333,camera_5,reacquired,40
440,2200,73.333,camera_5,lost_track,37
440,2200,73.333,camera_5,lost_track,38
440,2200,73.333,camera_6,removed,-1
441,2205,73.5,camera_3,reacquired,24
441,2205,73.5,camera_3,lost_track,29
441,2205,73.5,camera_5,reacquired,37
441,2205,73.5,camera_5,reacquired,38
441,2205,73.5,camera_5,lost_track,39
441,2205,73.5,camera_6,removed,16
442,2210,73.667,camera_5,reacquired,39
442,2210,73.667,camera_5,lost_track,40
442,2210,73.667,camera_5,lost_track,37
443,2215,73.833,camera_2,new_track,30
443,2215,73.833,camera_2,lost_track,28
443,2215,73.833,camera_2,removed,-1
443,2215,73.833,camera_5,reacquired,37
443,2215,73.833,camera_5,reacquired,40
443,2215,73.833,camera_5,lost_track,39
444,2220,74.0,camera_4,reacquired,9
444,2220,74.0,camera_4,removed,-1
444,2220,74.0,camera_5,lost_track,40
444,2220,74.0,camera_5,lost_track,35
445,2225,74.167,camera_5,reacquired,35
445,2225,74.167,camera_5,reacquired,39
445,2225,74.167,camera_5,lost_track,37
445,2225,74.167,camera_6,removed,15
446,2230,74.333,camera_2,reacquired,28
448,2240,74.667,camera_5,reacquired,37
448,2240,74.667,camera_5,lost_track,39
449,2245,74.833,camera_5,reacquired,39
449,2245,74.833,camera_5,removed,-1
450,2250,75.0,camera_5,new_track,42
450,2250,75.0,camera_5,lost_track,39
451,2255,75.167,camera_5,reacquired,39
451,2255,75.167,camera_5,lost_track,16
451,2255,75.167,camera_5,lost_track,37
452,2260,75.333,camera_5,new_track,43
452,2260,75.333,camera_5,reacquired,16
452,2260,75.333,camera_5,reacquired,37
452,2260,75.333,camera_5,lost_track,35
452,2260,75.333,camera_6,removed,13
453,2265,75.5,camera_2,lost_track,30
453,2265,75.5,camera_5,lost_track,42
453,2265,75.5,camera_5,lost_track,37
453,2265,75.5,camera_5,lost_track,39
454,2270,75.667,camera_5,lost_track,36
454,2270,75.667,camera_6,removed,14
455,2275,75.833,camera_7,lost_track,2
456,2280,76.0,camera_5,removed,-1
456,2280,76.0,camera_7,removed,1
456,2280,76.0,camera_7,removed,-1
458,2290,76.333,camera_5,removed,-1
459,2295,76.5,camera_2,reacquired,30
459,2295,76.5,camera_2,removed,29
460,2300,76.667,camera_4,new_track,10
461,2305,76.833,camera_5,new_track,44
462,2310,77.0,camera_2,lost_track,30
462,2310,77.0,camera_3,new_track,30
462,2310,77.0,camera_5,lost_track,44
462,2310,77.0,camera_5,removed,30
463,2315,77.167,camera_2,removed,-1
463,2315,77.167,camera_3,lost_track,24
463,2315,77.167,camera_5,reacquired,44
464,2320,77.333,camera_3,reacquired,24
465,2325,77.5,camera_3,lost_track,24
466,2330,77.667,camera_5,removed,41
466,2330,77.667,camera_5,removed,-1
467,2335,77.833,camera_2,reacquired,30
467,2335,77.833,camera_5,reacquired,41
467,2335,77.833,camera_5,lost_track,44
468,2340,78.0,camera_5,lost_track,38
469,2345,78.167,camera_2,lost_track,30
469,2345,78.167,camera_2,removed,-1
469,2345,78.167,camera_5,reacquired,38
469,2345,78.167,camera_5,reacquired,39
469,2345,78.167,camera_5,reacquired,44
469,2345,78.167,camera_5,lost_track,41
469,2345,78.167,camera_5,removed,-1
469,2345,78.167,camera_6,removed,11
470,2350,78.333,camera_1,new_track,16
470,2350,78.333,camera_2,new_track,31
470,2350,78.333,camera_2,reacquired,30
470,2350,78.333,camera_3,removed,28
470,2350,78.333,camera_5,lost_track,39
471,2355,78.5,camera_3,removed,29
471,2355,78.5,camera_5,removed,-1
472,2360,78.667,camera_5,lost_track,43
473,2365,78.833,camera_4,new_track,11
473,2365,78.833,camera_5,removed,-1
474,2370,79.0,camera_5,removed,40
475,2375,79.167,camera_5,new_track,45
476,2380,79.333,camera_5,lost_track,44
476,2380,79.333,camera_5,removed,-1
477,2385,79.5,camera_1,lost_track,2
478,2390,79.667,camera_1,reacquired,2
480,2400,80.0,camera_2,lost_track,30
480,2400,80.0,camera_5,new_track,46
481,2405,80.167,camera_3,new_track,31
481,2405,80.167,camera_5,lost_track,16
481,2405,80.167,camera_5,lost_track,45
482,2410,80.333,camera_4,new_track,12
482,2410,80.333,camera_4,lost_track,9
482,2410,80.333,camera_5,removed,35
483,2415,80.5,camera_4,lost_track,10
483,2415,80.5,camera_4,lost_track,12
483,2415,80.5,camera_5,reacquired,45
483,2415,80.5,camera_5,removed,42
483,2415,80.5,camera_5,removed,37
484,2420,80.667,camera_4,reacquired,10
484,2420,80.667,camera_5,new_track,47
484,2420,80.667,camera_5,removed,36
485,2425,80.833,camera_5,lost_track,45
485,2425,80.833,camera_5,lost_track,47
485,2425,80.833,camera_7,removed,2
486,2430,81.0,camera_1,removed,-1
486,2430,81.0,camera_5,reacquired,45
486,2430,81.0,camera_5,reacquired,47
487,2435,81.167,camera_1,new_track,17
487,2435,81.167,camera_5,lost_track,45
488,2440,81.333,camera_2,new_track,32
488,2440,81.333,camera_5,lost_track,47
489,2445,81.5,camera_5,reacquired,47
490,2450,81.667,camera_2,lost_track,32
491,2455,81.833,camera_2,removed,-1
491,2455,81.833,camera_5,lost_track,47
492,2460,82.0,camera_5,reacquired,47
495,2475,82.5,camera_1,lost_track,17
495,2475,82.5,camera_3,removed,24
495,2475,82.5,camera_4,lost_track,10
495,2475,82.5,camera_7,removed,-1
496,2480,82.667,camera_7,new_track,3
497,2485,82.833,camera_5,new_track,48
497,2485,82.833,camera_5,lost_track,47
499,2495,83.167,camera_2,lost_track,1
499,2495,83.167,camera_5,reacquired,47
499,2495,83.167,camera_5,lost_track,48
499,2495,83.167,camera_5,removed,41
500,2500,83.333,camera_2,reacquired,1
500,2500,83.333,camera_4,lost_track,11
500,2500,83.333,camera_4,removed,-1
500,2500,83.333,camera_5,lost_track,47
500,2500,83.333,camera_5,removed,39
501,2505,83.5,camera_5,new_track,49
502,2510,83.667,camera_3,new_track,32
502,2510,83.667,camera_5,removed,43
504,2520,84.0,camera_4,reacquired,12
504,2520,84.0,camera_5,reacquired,47
505,2525,84.167,camera_4,removed,-1
505,2525,84.167,camera_5,lost_track,47
506,2530,84.333,camera_5,removed,44
506,2530,84.333,camera_5,removed,-1
507,2535,84.5,camera_5,reacquired,47
507,2535,84.5,camera_5,lost_track,46
508,2540,84.667,camera_2,lost_track,31
508,2540,84.667,camera_5,new_track,50
508,2540,84.667,camera_5,reacquired,46
508,2540,84.667,camera_5,removed,-1
510,2550,85.0,camera_2,removed,30
510,2550,85.0,camera_5,lost_track,50
510,2550,85.0,camera_5,lost_track,46
511,2555,85.167,camera_5,removed,16
512,2560,85.333,camera_2,reacquired,31
512,2560,85.333,camera_4,removed,9
513,2565,85.5,camera_5,new_track,51
513,2565,85.5,camera_5,lost_track,47
514,2570,85.667,camera_5,reacquired,47
515,2575,85.833,camera_1,lost_track,16
515,2575,85.833,camera_5,new_track,52
515,2575,85.833,camera_5,reacquired,46
515,2575,85.833,camera_5,removed,-1
516,2580,86.0,camera_5,lost_track,46
516,2580,86.0,camera_5,lost_track,47
517,2585,86.167,camera_1,lost_track,2
517,2585,86.167,camera_5,reacquired,46
517,2585,86.167,camera_5,reacquired,47
517,2585,86.167,camera_5,lost_track,52
517,2585,86.167,camera_5,removed,45
518,2590,86.333,camera_1,reacquired,2
519,2595,86.5,camera_3,new_track,33
519,2595,86.5,camera_5,lost_track,51
520,2600,86.667,camera_2,removed,32
520,2600,86.667,camera_5,reacquired,51
521,2605,86.833,camera_3,lost_track,33
524,2620,87.333,camera_3,lost_track,32
524,2620,87.333,camera_3,removed,-1
525,2625,87.5,camera_1,removed,17
525,2625,87.5,camera_3,new_track,34
525,2625,87.5,camera_4,removed,10
525,2625,87.5,camera_5,lost_track,47
526,2630,87.667,camera_4,new_track,13
526,2630,87.667,camera_5,lost_track,51
527,2635,87.833,camera_4,lost_track,13
527,2635,87.833,camera_5,reacquired,51
528,2640,88.0,camera_3,removed,-1
528,2640,88.0,camera_5,removed,-1
529,2645,88.167,camera_1,removed,-1
529,2645,88.167,camera_5,lost_track,51
529,2645,88.167,camera_5,removed,48
530,2650,88.333,camera_1,new_track,18
530,2650,88.333,camera_4,removed,11
530,2650,88.333,camera_5,reacquired,50
530,2650,88.333,camera_5,reacquired,51
530,2650,88.333,camera_5,lost_track,38
531,2655,88.5,camera_2,new_track,33
531,2655,88.5,camera_4,lost_track,12
531,2655,88.5,camera_5,lost_track,51
532,2660,88.667,camera_1,new_track,19
532,2660,88.667,camera_5,new_track,53
533,2665,88.833,camera_5,new_track,54
533,2665,88.833,camera_5,reacquired,51
533,2665,88.833,camera_5,lost_track,50
534,2670,89.0,camera_1,lost_track,19
534,2670,89.0,camera_5,lost_track,54
534,2670,89.0,camera_5,removed,-1
535,2675,89.167,camera_1,removed,-1
535,2675,89.167,camera_5,new_track,55
536,2680,89.333,camera_3,lost_track,34
536,2680,89.333,camera_5,reacquired,47
536,2680,89.333,camera_5,lost_track,51
536,2680,89.333,camera_5,lost_track,53
536,2680,89.333,camera_5,lost_track,55
537,2685,89.5,camera_1,removed,-1
537,2685,89.5,camera_3,reacquired,34
537,2685,89.5,camera_5,reacquired,52
537,2685,89.5,camera_5,reacquired,55
537,2685,89.5,camera_5,removed,-1
538,2690,89.667,camera_1,new_track,20
538,2690,89.667,camera_3,lost_track,34
539,2695,89.833,camera_2,removed,-1
539,2695,89.833,camera_3,reacquired,34
539,2695,89.833,camera_3,removed,-1
539,2695,89.833,camera_5,removed,-1
542,2710,90.333,camera_2,new_track,34
542,2710,90.333,camera_3,new_track,35
542,2710,90.333,camera_5,lost_track,55
543,2715,90.5,camera_1,lost_track,20
543,2715,90.5,camera_5,reacquired,55
543,2715,90.5,camera_5,removed,-1
544,2720,90.667,camera_1,reacquired,20
544,2720,90.667,camera_5,lost_track,55
545,2725,90.833,camera_1,removed,16
546,2730,91.0,camera_3,lost_track,34
547,2735,91.167,camera_2,lost_track,34
547,2735,91.167,camera_4,new_track,14
549,2745,91.5,camera_1,lost_track,20
549,2745,91.5,camera_5,reacquired,51
549,2745,91.5,camera_5,reacquired,55
550,2750,91.667,camera_1,reacquired,20
550,2750,91.667,camera_5,lost_track,51
550,2750,91.667,camera_5,lost_track,55
550,2750,91.667,camera_7,removed,-1
551,2755,91.833,camera_3,removed,33
551,2755,91.833,camera_3,removed,-1
552,2760,92.0,camera_3,lost_track,35
552,2760,92.0,camera_4,new_track,15
553,2765,92.167,camera_2,lost_track,33
554,2770,92.333,camera_2,reacquired,34
554,2770,92.333,camera_2,removed,-1
554,2770,92.333,camera_3,lost_track,30
554,2770,92.333,camera_3,removed,32
555,2775,92.5,camera_1,lost_track,20
555,2775,92.5,camera_3,removed,-1
555,2775,92.5,camera_5,lost_track,52
555,2775,92.5,camera_5,lost_track,47
556,2780,92.667,camera_2,lost_track,34
556,2780,92.667,camera_3,new_track,36
556,2780,92.667,camera_4,new_track,16
556,2780,92.667,camera_5,reacquired,47
556,2780,92.667,camera_5,reacquired,52
557,2785,92.833,camera_1,reacquired,20
557,2785,92.833,camera_4,lost_track,14
557,2785,92.833,camera_4,removed,13
557,2785,92.833,camera_5,lost_track,49
559,2795,93.167,camera_1,lost_track,20
559,2795,93.167,camera_2,new_track,35
559,2795,93.167,camera_3,new_track,37
559,2795,93.167,camera_3,lost_track,36
560,2800,93.333,camera_1,reacquired,20
560,2800,93.333,camera_3,reacquired,30
560,2800,93.333,camera_3,lost_track,37
560,2800,93.333,camera_3,removed,-1
560,2800,93.333,camera_5,removed,38
561,2805,93.5,camera_2,reacquired,34
561,2805,93.5,camera_4,removed,12
563,2815,93.833,camera_1,new_track,21
563,2815,93.833,camera_5,removed,50
564,2820,94.0,camera_1,removed,19
564,2820,94.0,camera_4,new_track,17
564,2820,94.0,camera_5,removed,54
565,2825,94.167,camera_3,reacquired,36
565,2825,94.167,camera_3,lost_track,30
566,2830,94.333,camera_2,new_track,36
566,2830,94.333,camera_5,lost_track,52
566,2830,94.333,camera_5,removed,53
567,2835,94.5,camera_1,lost_track,20
567,2835,94.5,camera_2,lost_track,34
567,2835,94.5,camera_5,reacquired,52
568,2840,94.667,camera_2,new_track,37
568,2840,94.667,camera_3,lost_track,36
569,2845,94.833,camera_3,reacquired,36
569,2845,94.833,camera_5,removed,-1
570,2850,95.0,camera_5,reacquired,49
570,2850,95.0,camera_5,lost_track,47
571,2855,95.167,camera_1,lost_track,18
571,2855,95.167,camera_2,lost_track,37
571,2855,95.167,camera_3,lost_track,36
571,2855,95.167,camera_6,new_track,17
573,2865,95.5,camera_2,lost_track,36
573,2865,95.5,camera_3,reacquired,36
573,2865,95.5,camera_5,new_track,56
573,2865,95.5,camera_7,lost_track,3
574,2870,95.667,camera_5,lost_track,56
574,2870,95.667,camera_6,new_track,18
575,2875,95.833,camera_4,removed,-1
575,2875,95.833,camera_5,lost_track,52
576,2880,96.0,camera_3,lost_track,36
576,2880,96.0,camera_3,removed,34
576,2880,96.0,camera_4,lost_track,17
576,2880,96.0,camera_5,reacquired,52
576,2880,96.0,camera_5,removed,-1
577,2885,96.167,camera_3,reacquired,36
577,2885,96.167,camera_4,reacquired,17
577,2885,96.167,camera_4,removed,-1
577,2885,96.167,camera_5,reacquired,47
577,2885,96.167,camera_5,lost_track,46
577,2885,96.167,camera_6,lost_track,18
578,2890,96.333,camera_5,new_track,57
578,2890,96.333,camera_5,removed,-1
579,2895,96.5,camera_4,lost_track,15
579,2895,96.5,camera_5,lost_track,57
580,2900,96.667,camera_4,removed,-1
580,2900,96.667,camera_5,reacquired,57
580,2900,96.667,camera_5,removed,51
580,2900,96.667,camera_5,removed,55
582,2910,97.0,camera_2,lost_track,35
582,2910,97.0,camera_3,removed,35
583,2915,97.167,camera_2,removed,33
583,2915,97.167,camera_5,lost_track,52
584,2920,97.333,camera_3,lost_track,36
584,2920,97.333,camera_3,removed,-1
585,2925,97.5,camera_4,removed,-1
585,2925,97.5,camera_5,lost_track,47
585,2925,97.5,camera_5,removed,-1
587,2935,97.833,camera_1,reacquired,20
587,2935,97.833,camera_1,removed,-1
587,2935,97.833,camera_4,removed,14
587,2935,97.833,camera_5,removed,-1
587,2935,97.833,camera_6,removed,-1
588,2940,98.0,camera_1,lost_track,20
588,2940,98.0,camera_2,lost_track,31
588,2940,98.0,camera_3,reacquired,30
588,2940,98.0,camera_5,new_track,58
588,2940,98.0,camera_6,new_track,19
589,2945,98.167,camera_3,removed,-1
589,2945,98.167,camera_5,reacquired,52
589,2945,98.167,camera_5,lost_track,58
590,2950,98.333,camera_3,removed,37
591,2955,98.5,camera_3,lost_track,31
591,2955,98.5,camera_5,removed,-1
592,2960,98.667,camera_3,reacquired,31
592,2960,98.667,camera_3,removed,-1
593,2965,98.833,camera_3,lost_track,31
594,2970,99.0,camera_3,lost_track,30
594,2970,99.0,camera_5,new_track,59
594,2970,99.0,camera_6,removed,-1
595,2975,99.167,camera_3,reacquired,30
597,2985,99.5,camera_2,removed,34
597,2985,99.5,camera_3,lost_track,30
597,2985,99.5,camera_6,removed,-1
598,2990,99.667,camera_3,reacquired,30
598,2990,99.667,camera_5,lost_track,59
599,2995,99.833,camera_2,reacquired,36
599,2995,99.833,camera_5,reacquired,59
599,2995,99.833,camera_5,lost_track,57
599,2995,99.833,camera_5,removed,-1
600,3000,100.0,camera_2,lost_track,36
600,3000,100.0,camera_3,lost_track,30
601,3005,100.167,camera_1,removed,18
601,3005,100.167,camera_2,removed,37
601,3005,100.167,camera_4,lost_track,17
601,3005,100.167,camera_5,new_track,60
602,3010,100.333,camera_4,removed,-1
602,3010,100.333,camera_5,lost_track,49
602,3010,100.333,camera_5,lost_track,59
602,3010,100.333,camera_6,new_track,20
602,3010,100.333,camera_6,removed,-1
603,3015,100.5,camera_3,reacquired,30
603,3015,100.5,camera_5,reacquired,49
603,3015,100.5,camera_5,lost_track,60
603,3015,100.5,camera_5,removed,-1
603,3015,100.5,camera_7,removed,3
604,3020,100.667,camera_3,lost_track,30
604,3020,100.667,camera_5,new_track,61
604,3020,100.667,camera_5,reacquired,59
604,3020,100.667,camera_5,removed,56
604,3020,100.667,camera_6,new_track,21
605,3025,100.833,camera_5,new_track,62
605,3025,100.833,camera_5,lost_track,59
605,3025,100.833,camera_6,lost_track,21
605,3025,100.833,camera_6,removed,-1
606,3030,101.0,camera_2,new_track,38
606,3030,101.0,camera_3,reacquired,30
606,3030,101.0,camera_5,reacquired,59
606,3030,101.0,camera_5,lost_track,61
606,3030,101.0,camera_6,lost_track,20
607,3035,101.167,camera_1,reacquired,20
607,3035,101.167,camera_1,removed,-1
607,3035,101.167,camera_5,new_track,63
607,3035,101.167,camera_5,removed,46
607,3035,101.167,camera_6,removed,18
607,3035,101.167,camera_6,removed,-1
607,3035,101.167,camera_7,new_track,4
608,3040,101.333,camera_1,lost_track,20
608,3040,101.333,camera_4,lost_track,16
608,3040,101.333,camera_5,removed,-1
608,3040,101.333,camera_6,new_track,22
609,3045,101.5,camera_2,lost_track,38
609,3045,101.5,camera_3,lost_track,30
609,3045,101.5,camera_4,removed,15
609,3045,101.5,camera_5,lost_track,59
609,3045,101.5,camera_6,lost_track,19
610,3050,101.667,camera_5,removed,-1
611,3055,101.833,camera_1,reacquired,20
611,3055,101.833,camera_2,new_track,39
612,3060,102.0,camera_2,removed,35
614,3070,102.333,camera_1,lost_track,20
614,3070,102.333,camera_2,lost_track,39
614,3070,102.333,camera_3,reacquired,30
614,3070,102.333,camera_3,removed,36
615,3075,102.5,camera_1,removed,-1
615,3075,102.5,camera_5,lost_track,52
615,3075,102.5,camera_5,removed,-1
615,3075,102.5,camera_5,removed,47
616,3080,102.667,camera_3,lost_track,30
616,3080,102.667,camera_5,new_track,64
617,3085,102.833,camera_3,reacquired,30
618,3090,103.0,camera_2,removed,31
618,3090,103.0,camera_3,lost_track,30
618,3090,103.0,camera_5,lost_track,63
618,3090,103.0,camera_6,lost_track,17
619,3095,103.167,camera_5,removed,58
619,3095,103.167,camera_6,removed,-1
620,3100,103.333,camera_3,reacquired,30
621,3105,103.5,camera_3,lost_track,30
622,3110,103.667,camera_6,reacquired,21
623,3115,103.833,camera_3,new_track,38
623,3115,103.833,camera_3,removed,31
623,3115,103.833,camera_6,lost_track,21
624,3120,104.0,camera_6,reacquired,21
624,3120,104.0,camera_6,removed,-1
625,3125,104.167,camera_6,new_track,23
626,3130,104.333,camera_1,removed,-1
626,3130,104.333,camera_3,lost_track,38
626,3130,104.333,camera_5,reacquired,59
626,3130,104.333,camera_6,lost_track,21
627,3135,104.5,camera_1,new_track,22
627,3135,104.5,camera_2,new_track,40
627,3135,104.5,camera_3,reacquired,30
627,3135,104.5,camera_5,lost_track,62
627,3135,104.5,camera_5,removed,-1
627,3135,104.5,camera_6,removed,-1
627,3135,104.5,camera_7,new_track,5
628,3140,104.667,camera_3,lost_track,30
628,3140,104.667,camera_5,new_track,65
628,3140,104.667,camera_5,lost_track,59
628,3140,104.667,camera_6,lost_track,22
628,3140,104.667,camera_7,lost_track,5
629,3145,104.833,camera_5,new_track,66
629,3145,104.833,camera_5,lost_track,65
629,3145,104.833,camera_5,removed,57
629,3145,104.833,camera_7,removed,-1
630,3150,105.0,camera_2,removed,36
630,3150,105.0,camera_7,new_track,6
631,3155,105.167,camera_3,removed,-1
631,3155,105.167,camera_4,removed,17
633,3165,105.5,camera_5,removed,60
634,3170,105.667,camera_3,removed,-1
635,3175,105.833,camera_3,new_track,39
635,3175,105.833,camera_5,reacquired,62
635,3175,105.833,camera_5,lost_track,66
635,3175,105.833,camera_6,reacquired,21
636,3180,106.0,camera_5,removed,61
636,3180,106.0,camera_6,removed,20
637,3185,106.167,camera_3,reacquired,30
637,3185,106.167,camera_5,reacquired,59
638,3190,106.333,camera_2,new_track,41
638,3190,106.333,camera_2,removed,-1
638,3190,106.333,camera_3,lost_track,30
638,3190,106.333,camera_4,removed,16
638,3190,106.333,camera_6,lost_track,21
638,3190,106.333,camera_7,reacquired,5
639,3195,106.5,camera_1,reacquired,20
639,3195,106.5,camera_1,removed,-1
639,3195,106.5,camera_2,removed,38
639,3195,106.5,camera_3,reacquired,30
639,3195,106.5,camera_5,reacquired,65
639,3195,106.5,camera_5,lost_track,59
639,3195,106.5,camera_5,lost_track,62
639,3195,106.5,camera_5,removed,-1
639,3195,106.5,camera_6,lost_track,23
639,3195,106.5,camera_6,removed,19
639,3195,106.5,camera_6,removed,-1
640,3200,106.667,camera_5,lost_track,65
640,3200,106.667,camera_7,lost_track,5
641,3205,106.833,camera_3,lost_track,30
641,3205,106.833,camera_5,lost_track,64
641,3205,106.833,camera_5,removed,-1
641,3205,106.833,camera_7,new_track,7
642,3210,107.0,camera_3,reacquired,30
643,3215,107.167,camera_2,lost_track,41
643,3215,107.167,camera_5,new_track,67
643,3215,107.167,camera_5,reacquired,64
644,3220,107.333,camera_1,new_track,23
644,3220,107.333,camera_2,new_track,42
644,3220,107.333,camera_2,removed,-1
644,3220,107.333,camera_2,removed,39
644,3220,107.333,camera_5,removed,-1
645,3225,107.5,camera_3,lost_track,30
645,3225,107.5,camera_5,lost_track,67
645,3225,107.5,camera_5,removed,52
646,3230,107.667,camera_3,new_track,40
646,3230,107.667,camera_3,reacquired,30
646,3230,107.667,camera_5,lost_track,64
647,3235,107.833,camera_3,new_track,41
647,3235,107.833,camera_3,lost_track,40
647,3235,107.833,camera_3,lost_track,30
648,3240,108.0,camera_1,lost_track,23
648,3240,108.0,camera_3,reacquired,30
648,3240,108.0,camera_5,reacquired,64
648,3240,108.0,camera_5,removed,63
648,3240,108.0,camera_6,removed,17
649,3245,108.167,camera_1,reacquired,23
650,3250,108.333,camera_1,lost_track,20
650,3250,108.333,camera_3,removed,-1
651,3255,108.5,camera_5,lost_track,64
653,3265,108.833,camera_1,lost_track,23
654,3270,109.0,camera_2,lost_track,42
655,3275,109.167,camera_4,new_track,18
656,3280,109.333,camera_3,removed,38
656,3280,109.333,camera_4,lost_track,18
656,3280,109.333,camera_7,removed,-1
657,3285,109.5,camera_4,removed,-1
657,3285,109.5,camera_7,new_track,8
657,3285,109.5,camera_7,lost_track,7
658,3290,109.667,camera_3,lost_track,41
658,3290,109.667,camera_4,new_track,19
658,3290,109.667,camera_5,lost_track,49
658,3290,109.667,camera_5,removed,-1
658,3290,109.667,camera_6,removed,22
659,3295,109.833,camera_3,new_track,42
660,3300,110.0,camera_3,lost_track,42
660,3300,110.0,camera_3,lost_track,30
660,3300,110.0,camera_3,removed,-1
660,3300,110.0,camera_5,reacquired,64
661,3305,110.167,camera_3,reacquired,30
662,3310,110.333,camera_5,new_track,68
665,3325,110.833,camera_3,lost_track,30
665,3325,110.833,camera_3,removed,-1
665,3325,110.833,camera_5,removed,66
666,3330,111.0,camera_5,lost_track,64
666,3330,111.0,camera_5,lost_track,68
667,3335,111.167,camera_3,new_track,43
668,3340,111.333,camera_6,removed,21
669,3345,111.5,camera_3,lost_track,39
669,3345,111.5,camera_5,removed,59
669,3345,111.5,camera_5,removed,62
669,3345,111.5,camera_6,removed,23
670,3350,111.667,camera_3,removed,-1
670,3350,111.667,camera_5,removed,65
670,3350,111.667,camera_7,removed,5
672,3360,112.0,camera_3,lost_track,43
672,3360,112.0,camera_3,removed,-1
673,3365,112.167,camera_2,removed,41
673,3365,112.167,camera_3,reacquired,43
674,3370,112.333,camera_3,lost_track,43
674,3370,112.333,camera_3,removed,-1
675,3375,112.5,camera_3,new_track,44
675,3375,112.5,camera_5,removed,67
677,3385,112.833,camera_3,removed,40
677,3385,112.833,camera_5,new_track,69
678,3390,113.0,camera_2,lost_track,40
678,3390,113.0,camera_5,removed,-1
679,3395,113.167,camera_1,lost_track,22
679,3395,113.167,camera_2,removed,-1
679,3395,113.167,camera_3,removed,-1
680,3400,113.333,camera_1,removed,20
683,3415,113.833,camera_1,removed,23
683,3415,113.833,camera_3,new_track,45
683,3415,113.833,camera_7,removed,-1
684,3420,114.0,camera_2,removed,42
684,3420,114.0,camera_3,lost_track,45
685,3425,114.167,camera_6,new_track,24
686,3430,114.333,camera_4,removed,18
686,3430,114.333,camera_6,new_track,25
686,3430,114.333,camera_7,lost_track,6
687,3435,114.5,camera_3,reacquired,30
687,3435,114.5,camera_7,removed,7
688,3440,114.667,camera_3,lost_track,30
688,3440,114.667,camera_3,removed,41
688,3440,114.667,camera_5,removed,49
689,3445,114.833,camera_3,reacquired,30
689,3445,114.833,camera_6,lost_track,25
690,3450,115.0,camera_3,lost_track,44
690,3450,115.0,camera_3,removed,42
690,3450,115.0,camera_5,lost_track,69
691,3455,115.167,camera_3,reacquired,44
691,3455,115.167,camera_5,removed,-1
692,3460,115.333,camera_3,lost_track,44
693,3465,115.5,camera_3,lost_track,30
695,3475,115.833,camera_3,removed,-1
696,3480,116.0,camera_5,removed,64
696,3480,116.0,camera_5,removed,68
697,3485,116.167,camera_3,new_track,46
697,3485,116.167,camera_3,new_track,47
698,3490,116.333,camera_2,new_track,43
699,3495,116.5,camera_2,new_track,44
699,3495,116.5,camera_3,removed,39
699,3495,116.5,camera_4,lost_track,19
699,3495,116.5,camera_6,removed,-1
700,3500,116.667,camera_2,lost_track,44
700,3500,116.667,camera_6,new_track,26
703,3515,117.167,camera_2,reacquired,44
703,3515,117.167,camera_6,lost_track,24
704,3520,117.333,camera_1,new_track,24
704,3520,117.333,camera_2,lost_track,44
704,3520,117.333,camera_3,removed,43
704,3520,117.333,camera_3,removed,-1
705,3525,117.5,camera_2,reacquired,44
705,3525,117.5,camera_3,new_track,48
706,3530,117.667,camera_2,lost_track,44
706,3530,117.667,camera_3,lost_track,47
708,3540,118.0,camera_2,removed,40
708,3540,118.0,camera_6,new_track,27
709,3545,118.167,camera_1,removed,22
709,3545,118.167,camera_3,reacquired,47
710,3550,118.333,camera_1,lost_track,24
710,3550,118.333,camera_3,lost_track,47
710,3550,118.333,camera_7,lost_track,8
711,3555,118.5,camera_2,lost_track,43
711,3555,118.5,camera_3,lost_track,1
711,3555,118.5,camera_5,new_track,70
711,3555,118.5,camera_7,new_track,9
712,3560,118.667,camera_3,reacquired,30
712,3560,118.667,camera_3,removed,-1
713,3565,118.833,camera_6,lost_track,27
713,3565,118.833,camera_7,new_track,10
713,3565,118.833,camera_7,removed,-1
714,3570,119.0,camera_3,removed,45
715,3575,119.167,camera_3,removed,-1
715,3575,119.167,camera_6,lost_track,26
715,3575,119.167,camera_7,lost_track,10
715,3575,119.167,camera_7,removed,-1
716,3580,119.333,camera_7,new_track,11
716,3580,119.333,camera_7,removed,6
718,3590,119.667,camera_3,lost_track,46
719,3595,119.833,camera_3,lost_track,30
719,3595,119.833,camera_6,removed,25
720,3600,120.0,camera_3,reacquired,1
720,3600,120.0,camera_3,reacquired,47
720,3600,120.0,camera_3,lost_track,48
720,3600,120.0,camera_3,removed,-1
720,3600,120.0,camera_5,removed,69
722,3610,120.333,camera_3,removed,44
722,3610,120.333,camera_5,removed,-1
723,3615,120.5,camera_1,new_track,25
723,3615,120.5,camera_2,new_track,45
723,3615,120.5,camera_3,lost_track,47
724,3620,120.667,camera_3,reacquired,30
724,3620,120.667,camera_3,reacquired,48
724,3620,120.667,camera_3,lost_track,1
724,3620,120.667,camera_3,removed,-1
724,3620,120.667,camera_5,lost_track,70
725,3625,120.833,camera_5,removed,-1
729,3645,121.5,camera_4,removed,19
731,3655,121.833,camera_3,new_track,49
732,3660,122.0,camera_7,removed,-1
733,3665,122.167,camera_6,removed,24
734,3670,122.333,camera_7,lost_track,11
735,3675,122.5,camera_7,reacquired,11
736,3680,122.667,camera_2,removed,44
736,3680,122.667,camera_7,lost_track,9
736,3680,122.667,camera_7,removed,-1
737,3685,122.833,camera_3,lost_track,30
737,3685,122.833,camera_7,reacquired,9
738,3690,123.0,camera_3,reacquired,30
738,3690,123.0,camera_5,removed,-1
738,3690,123.0,camera_7,lost_track,9
739,3695,123.167,camera_3,new_track,50
739,3695,123.167,camera_5,new_track,71
739,3695,123.167,camera_7,removed,-1
740,3700,123.333,camera_1,removed,24
740,3700,123.333,camera_7,new_track,12
740,3700,123.333,camera_7,removed,8
741,3705,123.5,camera_2,removed,43
741,3705,123.5,camera_7,reacquired,10
741,3705,123.5,camera_7,lost_track,12
742,3710,123.667,camera_7,reacquired,12
742,3710,123.667,camera_7,lost_track,10
743,3715,123.833,camera_3,lost_track,50
743,3715,123.833,camera_6,removed,27
744,3720,124.0,camera_7,lost_track,12
745,3725,124.167,camera_3,new_track,51
745,3725,124.167,camera_6,removed,26
746,3730,124.333,camera_7,reacquired,12
746,3730,124.333,camera_7,removed,-1
747,3735,124.5,camera_1,new_track,26
747,3735,124.5,camera_2,lost_track,45
747,3735,124.5,camera_5,removed,-1
747,3735,124.5,camera_7,reacquired,9
748,3740,124.667,camera_3,removed,46
748,3740,124.667,camera_7,lost_track,9
748,3740,124.667,camera_7,lost_track,12
749,3745,124.833,camera_2,new_track,46
749,3745,124.833,camera_7,reacquired,9
749,3745,124.833,camera_7,removed,-1
750,3750,125.0,camera_5,removed,-1
750,3750,125.0,camera_7,lost_track,9
751,3755,125.167,camera_3,removed,-1
751,3755,125.167,camera_5,new_track,72
751,3755,125.167,camera_7,reacquired,9
751,3755,125.167,camera_7,lost_track,11
752,3760,125.333,camera_7,removed,-1
753,3765,125.5,camera_1,lost_track,25
753,3765,125.5,camera_1,lost_track,26
753,3765,125.5,camera_3,removed,47
754,3770,125.667,camera_1,reacquired,25
754,3770,125.667,camera_1,reacquired,26
754,3770,125.667,camera_1,removed,-1
754,3770,125.667,camera_2,removed,-1
754,3770,125.667,camera_3,removed,1
754,3770,125.667,camera_5,removed,70
756,3780,126.0,camera_3,lost_track,51
756,3780,126.0,camera_7,removed,-1
757,3785,126.167,camera_3,lost_track,30
758,3790,126.333,camera_3,new_track,52
758,3790,126.333,camera_3,removed,-1
759,3795,126.5,camera_3,new_track,53
760,3800,126.667,camera_3,removed,-1
761,3805,126.833,camera_1,lost_track,25
761,3805,126.833,camera_3,new_track,54
761,3805,126.833,camera_3,lost_track,53
761,3805,126.833,camera_7,removed,-1
762,3810,127.0,camera_1,lost_track,26
762,3810,127.0,camera_3,new_track,55
762,3810,127.0,camera_3,lost_track,54
762,3810,127.0,camera_5,removed,-1
762,3810,127.0,camera_7,reacquired,11
762,3810,127.0,camera_7,lost_track,9
763,3815,127.167,camera_1,new_track,27
763,3815,127.167,camera_1,reacquired,25
763,3815,127.167,camera_1,lost_track,21
763,3815,127.167,camera_3,lost_track,52
763,3815,127.167,camera_5,new_track,73
763,3815,127.167,camera_7,removed,-1
764,3820,127.333,camera_1,reacquired,26
764,3820,127.333,camera_5,lost_track,72
764,3820,127.333,camera_5,removed,-1
765,3825,127.5,camera_1,lost_track,26
765,3825,127.5,camera_3,reacquired,52
765,3825,127.5,camera_3,lost_track,55
765,3825,127.5,camera_5,lost_track,71
766,3830,127.667,camera_3,reacquired,53
766,3830,127.667,camera_3,reacquired,55
766,3830,127.667,camera_5,reacquired,71
767,3835,127.833,camera_3,removed,-1
767,3835,127.833,camera_5,reacquired,72
768,3840,128.0,camera_1,removed,-1
768,3840,128.0,camera_2,new_track,47
768,3840,128.0,camera_3,lost_track,48
768,3840,128.0,camera_3,lost_track,55
770,3850,128.333,camera_1,removed,-1
770,3850,128.333,camera_5,lost_track,72
771,3855,128.5,camera_3,reacquired,48
771,3855,128.5,camera_3,reacquired,50
771,3855,128.5,camera_3,reacquired,55
771,3855,128.5,camera_3,lost_track,49
771,3855,128.5,camera_3,lost_track,53
772,3860,128.667,camera_3,lost_track,55
772,3860,128.667,camera_7,reacquired,9
772,3860,128.667,camera_7,lost_track,11
772,3860,128.667,camera_7,removed,10
772,3860,128.667,camera_7,removed,-1
773,3865,128.833,camera_3,reacquired,30
773,3865,128.833,camera_3,reacquired,55
773,3865,128.833,camera_3,lost_track,52
774,3870,129.0,camera_3,lost_track,55
777,3885,129.5,camera_2,removed,45
777,3885,129.5,camera_7,reacquired,11
778,3890,129.667,camera_5,removed,-1
778,3890,129.667,camera_7,removed,12
778,3890,129.667,camera_7,removed,-1
781,3905,130.167,camera_5,new_track,74
782,3910,130.333,camera_6,new_track,28
782,3910,130.333,camera_7,new_track,13
783,3915,130.5,camera_3,lost_track,50
783,3915,130.5,camera_7,lost_track,11
783,3915,130.5,camera_7,lost_track,13
784,3920,130.667,camera_5,removed,-1
784,3920,130.667,camera_6,new_track,29
785,3925,130.833,camera_6,lost_track,29
785,3925,130.833,camera_7,removed,-1
786,3930,131.0,camera_2,lost_track,46
786,3930,131.0,camera_3,removed,51
786,3930,131.0,camera_6,new_track,30
786,3930,131.0,camera_6,removed,-1
786,3930,131.0,camera_7,reacquired,13
786,3930,131.0,camera_7,lost_track,9
787,3935,131.167,camera_1,reacquired,21
787,3935,131.167,camera_1,lost_track,25
787,3935,131.167,camera_1,lost_track,27
787,3935,131.167,camera_2,reacquired,46
787,3935,131.167,camera_2,removed,-1
787,3935,131.167,camera_6,reacquired,29
788,3940,131.333,camera_5,lost_track,74
788,3940,131.333,camera_7,lost_track,13
789,3945,131.5,camera_5,new_track,75
790,3950,131.667,camera_2,lost_track,46
790,3950,131.667,camera_2,lost_track,47
790,3950,131.667,camera_5,removed,-1
791,3955,131.833,camera_2,removed,-1
791,3955,131.833,camera_6,lost_track,29
791,3955,131.833,camera_7,reacquired,13
791,3955,131.833,camera_7,lost_track,4
792,3960,132.0,camera_3,removed,54
792,3960,132.0,camera_4,new_track,20
792,3960,132.0,camera_5,reacquired,74
792,3960,132.0,camera_6,new_track,31
793,3965,132.167,camera_4,lost_track,20
793,3965,132.167,camera_5,lost_track,74
793,3965,132.167,camera_6,removed,-1
793,3965,132.167,camera_7,lost_track,13
793,3965,132.167,camera_7,removed,-1
794,3970,132.333,camera_4,new_track,21
794,3970,132.333,camera_5,lost_track,73
794,3970,132.333,camera_6,reacquired,29
795,3975,132.5,camera_1,removed,26
795,3975,132.5,camera_4,lost_track,21
795,3975,132.5,camera_5,reacquired,73
797,3985,132.833,camera_3,new_track,56
797,3985,132.833,camera_6,lost_track,28
797,3985,132.833,camera_6,lost_track,29
798,3990,133.0,camera_5,reacquired,74
798,3990,133.0,camera_6,removed,-1
799,3995,133.167,camera_5,lost_track,74
799,3995,133.167,camera_6,lost_track,31
800,4000,133.333,camera_5,reacquired,74
800,4000,133.333,camera_5,removed,72
800,4000,133.333,camera_6,reacquired,31
801,4005,133.5,camera_3,removed,49
801,4005,133.5,camera_3,removed,53
801,4005,133.5,camera_3,removed,-1
801,4005,133.5,camera_5,lost_track,75
802,4010,133.667,camera_5,new_track,76
803,4015,133.833,camera_3,removed,52
803,4015,133.833,camera_5,lost_track,74
804,4020,134.0,camera_3,removed,55
805,4025,134.167,camera_3,lost_track,30
805,4025,134.167,camera_5,removed,-1
805,4025,134.167,camera_6,lost_track,30
806,4030,134.333,camera_2,new_track,48
806,4030,134.333,camera_3,reacquired,30
806,4030,134.333,camera_5,new_track,77
806,4030,134.333,camera_6,removed,-1
808,4040,134.667,camera_5,reacquired,74
808,4040,134.667,camera_5,removed,-1
809,4045,134.833,camera_5,lost_track,74
810,4050,135.0,camera_5,reacquired,74
810,4050,135.0,camera_5,removed,-1
810,4050,135.0,camera_6,removed,-1
811,4055,135.167,camera_4,reacquired,21
811,4055,135.167,camera_4,removed,-1
811,4055,135.167,camera_6,new_track,32
812,4060,135.333,camera_5,lost_track,74
812,4060,135.333,camera_5,removed,-1
813,4065,135.5,camera_1,new_track,28
813,4065,135.5,camera_2,new_track,49
813,4065,135.5,camera_3,removed,50
813,4065,135.5,camera_5,lost_track,77
813,4065,135.5,camera_7,removed,11
814,4070,135.667,camera_3,lost_track,56
814,4070,135.667,camera_5,new_track,78
815,4075,135.833,camera_1,lost_track,28
815,4075,135.833,camera_3,new_track,57
815,4075,135.833,camera_4,reacquired,20
815,4075,135.833,camera_4,lost_track,21
815,4075,135.833,camera_5,reacquired,74
816,4080,136.0,camera_7,removed,9
817,4085,136.167,camera_1,removed,25
817,4085,136.167,camera_1,removed,27
817,4085,136.167,camera_4,lost_track,20
817,4085,136.167,camera_6,reacquired,29
818,4090,136.333,camera_6,new_track,33
819,4095,136.5,camera_2,lost_track,48
819,4095,136.5,camera_3,removed,-1
819,4095,136.5,camera_6,lost_track,33
819,4095,136.5,camera_6,lost_track,29
820,4100,136.667,camera_1,removed,-1
820,4100,136.667,camera_2,removed,46
820,4100,136.667,camera_2,removed,47
820,4100,136.667,camera_6,reacquired,33
821,4105,136.833,camera_1,new_track,29
821,4105,136.833,camera_3,reacquired,56
821,4105,136.833,camera_3,removed,-1
821,4105,136.833,camera_7,removed,4
822,4110,137.0,camera_2,new_track,50
822,4110,137.0,camera_5,removed,-1
822,4110,137.0,camera_6,lost_track,31
823,4115,137.167,camera_3,lost_track,56
823,4115,137.167,camera_3,removed,-1
823,4115,137.167,camera_5,lost_track,78
823,4115,137.167,camera_6,lost_track,33
823,4115,137.167,camera_7,removed,13
824,4120,137.333,camera_1,reacquired,28
824,4120,137.333,camera_2,removed,-1
824,4120,137.333,camera_3,new_track,58
824,4120,137.333,camera_5,lost_track,76
825,4125,137.5,camera_1,new_track,30
825,4125,137.5,camera_1,lost_track,28
825,4125,137.5,camera_3,lost_track,57
825,4125,137.5,camera_5,new_track,79
825,4125,137.5,camera_7,removed,-1
826,4130,137.667,camera_1,removed,-1
826,4130,137.667,camera_5,lost_track,79
826,4130,137.667,camera_6,lost_track,32
826,4130,137.667,camera_7,new_track,14
827,4135,137.833,camera_6,removed,28
827,4135,137.833,camera_6,removed,-1
827,4135,137.833,camera_7,removed,-1
828,4140,138.0,camera_2,removed,-1
828,4140,138.0,camera_5,lost_track,74
829,4145,138.167,camera_1,removed,-1
829,4145,138.167,camera_3,lost_track,30
830,4150,138.333,camera_3,reacquired,30
831,4155,138.5,camera_3,new_track,59
831,4155,138.5,camera_3,lost_track,30
831,4155,138.5,camera_5,removed,75
831,4155,138.5,camera_5,removed,-1
832,4160,138.667,camera_3,reacquired,30
832,4160,138.667,camera_5,new_track,80
833,4165,138.833,camera_3,lost_track,59
834,4170,139.0,camera_3,reacquired,59
834,4170,139.0,camera_3,lost_track,30
834,4170,139.0,camera_5,new_track,81
834,4170,139.0,camera_5,lost_track,73
835,4175,139.167,camera_3,reacquired,30
835,4175,139.167,camera_5,lost_track,81
835,4175,139.167,camera_6,removed,30
837,4185,139.5,camera_2,lost_track,49
838,4190,139.667,camera_2,new_track,51
841,4205,140.167,camera_5,lost_track,71
842,4210,140.333,camera_2,removed,-1
843,4215,140.5,camera_2,new_track,52
843,4215,140.5,camera_3,lost_track,30
843,4215,140.5,camera_5,removed,77
844,4220,140.667,camera_1,lost_track,29
844,4220,140.667,camera_2,lost_track,50
844,4220,140.667,camera_2,lost_track,51
844,4220,140.667,camera_3,lost_track,59
845,4225,140.833,camera_1,reacquired,29
845,4225,140.833,camera_2,new_track,53
845,4225,140.833,camera_2,removed,-1
845,4225,140.833,camera_3,reacquired,30
845,4225,140.833,camera_3,reacquired,59
845,4225,140.833,camera_4,removed,21
847,4235,141.167,camera_1,new_track,31
847,4235,141.167,camera_4,removed,20
847,4235,141.167,camera_5,reacquired,79
847,4235,141.167,camera_5,lost_track,80
848,4240,141.333,camera_3,lost_track,59
849,4245,141.5,camera_2,removed,48
849,4245,141.5,camera_5,removed,-1
849,4245,141.5,camera_6,removed,29
850,4250,141.667,camera_3,removed,-1
850,4250,141.667,camera_5,lost_track,79
851,4255,141.833,camera_1,removed,-1
851,4255,141.833,camera_2,lost_track,52
851,4255,141.833,camera_3,reacquired,59
851,4255,141.833,camera_5,removed,-1
852,4260,142.0,camera_2,reacquired,52
852,4260,142.0,camera_3,lost_track,58
852,4260,142.0,camera_6,removed,31
853,4265,142.167,camera_1,removed,-1
853,4265,142.167,camera_3,lost_track,59
853,4265,142.167,camera_3,lost_track,30
853,4265,142.167,camera_3,removed,56
853,4265,142.167,camera_5,removed,78
853,4265,142.167,camera_6,new_track,34
853,4265,142.167,camera_6,removed,33
854,4270,142.333,camera_3,removed,-1
854,4270,142.333,camera_5,removed,76
855,4275,142.5,camera_1,removed,28
855,4275,142.5,camera_3,reacquired,30
855,4275,142.5,camera_3,removed,57
856,4280,142.667,camera_3,reacquired,59
856,4280,142.667,camera_3,lost_track,30
856,4280,142.667,camera_3,removed,-1
856,4280,142.667,camera_6,removed,32
857,4285,142.833,camera_3,reacquired,30
858,4290,143.0,camera_5,removed,74
859,4295,143.167,camera_1,lost_track,31
860,4300,143.333,camera_1,removed,-1
861,4305,143.5,camera_3,new_track,60
861,4305,143.5,camera_3,lost_track,30
862,4310,143.667,camera_3,reacquired,30
863,4315,143.833,camera_1,reacquired,31
864,4320,144.0,camera_3,removed,-1
864,4320,144.0,camera_5,removed,73
865,4325,144.167,camera_5,removed,81
866,4330,144.333,camera_1,new_track,32
866,4330,144.333,camera_1,removed,-1
867,4335,144.5,camera_1,lost_track,32
867,4335,144.5,camera_2,removed,49
868,4340,144.667,camera_1,lost_track,30
868,4340,144.667,camera_1,lost_track,31
868,4340,144.667,camera_3,lost_track,59
868,4340,144.667,camera_6,new_track,35
869,4345,144.833,camera_2,lost_track,52
869,4345,144.833,camera_3,reacquired,59
870,4350,145.0,camera_1,removed,-1
871,4355,145.167,camera_3,lost_track,30
871,4355,145.167,camera_5,removed,71
872,4360,145.333,camera_1,new_track,33
872,4360,145.333,camera_6,new_track,36
873,4365,145.5,camera_7,removed,-1
874,4370,145.667,camera_2,lost_track,53
874,4370,145.667,camera_2,removed,50
874,4370,145.667,camera_2,removed,51
874,4370,145.667,camera_3,new_track,61
874,4370,145.667,camera_3,lost_track,59
874,4370,145.667,camera_3,removed,-1
874,4370,145.667,camera_4,new_track,22
875,4375,145.833,camera_1,removed,-1
875,4375,145.833,camera_3,lost_track,60
875,4375,145.833,camera_6,lost_track,36
876,4380,146.0,camera_3,lost_track,61
876,4380,146.0,camera_3,removed,-1
876,4380,146.0,camera_6,reacquired,36
876,4380,146.0,camera_6,removed,-1
877,4385,146.167,camera_5,removed,80
878,4390,146.333,camera_3,reacquired,30
879,4395,146.5,camera_3,lost_track,30
880,4400,146.667,camera_5,removed,79
880,4400,146.667,camera_6,lost_track,36
881,4405,146.833,camera_1,lost_track,33
881,4405,146.833,camera_6,lost_track,35
881,4405,146.833,camera_6,removed,-1
882,4410,147.0,camera_3,reacquired,30
882,4410,147.0,camera_3,removed,58
885,4425,147.5,camera_5,new_track,82
886,4430,147.667,camera_3,lost_track,30
887,4435,147.833,camera_1,lost_track,29
887,4435,147.833,camera_5,new_track,83
888,4440,148.0,camera_1,removed,-1
889,4445,148.167,camera_3,reacquired,30
889,4445,148.167,camera_5,removed,-1
891,4455,148.5,camera_3,lost_track,30
892,4460,148.667,camera_3,removed,-1
893,4465,148.833,camera_3,new_track,62
894,4470,149.0,camera_6,reacquired,36
894,4470,149.0,camera_6,lost_track,34
895,4475,149.167,camera_6,removed,-1
895,4475,149.167,camera_7,lost_track,14
896,4480,149.333,camera_6,reacquired,35
897,4485,149.5,camera_1,new_track,34
897,4485,149.5,camera_1,removed,32
898,4490,149.667,camera_1,removed,30
898,4490,149.667,camera_1,removed,31
898,4490,149.667,camera_5,lost_track,83
899,4495,149.833,camera_2,removed,52
900,4500,150.0,camera_5,reacquired,83
900,4500,150.0,camera_6,lost_track,35
904,4520,150.667,camera_2,removed,53
904,4520,150.667,camera_3,removed,59
905,4525,150.833,camera_3,removed,60
905,4525,150.833,camera_5,new_track,84
906,4530,151.0,camera_3,removed,61
906,4530,151.0,camera_5,lost_track,83
907,4535,151.167,camera_5,reacquired,83
911,4555,151.833,camera_1,removed,33
912,4560,152.0,camera_1,removed,-1
912,4560,152.0,camera_5,new_track,85
913,4565,152.167,camera_1,new_track,35
913,4565,152.167,camera_5,lost_track,83
914,4570,152.333,camera_2,new_track,54
914,4570,152.333,camera_6,lost_track,36
915,4575,152.5,camera_5,reacquired,83
915,4575,152.5,camera_6,removed,-1
917,4585,152.833,camera_1,removed,29
917,4585,152.833,camera_5,lost_track,83
919,4595,153.167,camera_2,lost_track,54
920,4600,153.333,camera_2,reacquired,54
920,4600,153.333,camera_2,removed,-1
920,4600,153.333,camera_3,new_track,63
920,4600,153.333,camera_5,reacquired,83
921,4605,153.5,camera_3,removed,30
922,4610,153.667,camera_2,lost_track,54
923,4615,153.833,camera_1,lost_track,35
923,4615,153.833,camera_3,new_track,64
923,4615,153.833,camera_5,lost_track,83
923,4615,153.833,camera_5,removed,-1
924,4620,154.0,camera_1,new_track,36
924,4620,154.0,camera_5,reacquired,83
924,4620,154.0,camera_6,removed,34
925,4625,154.167,camera_5,new_track,86
925,4625,154.167,camera_5,lost_track,83
925,4625,154.167,camera_7,removed,14
926,4630,154.333,camera_5,reacquired,83
927,4635,154.5,camera_3,removed,-1
928,4640,154.667,camera_1,lost_track,34
928,4640,154.667,camera_3,lost_track,64
929,4645,154.833,camera_1,new_track,37
929,4645,154.833,camera_3,new_track,65
929,4645,154.833,camera_5,lost_track,83
930,4650,155.0,camera_2,new_track,56
930,4650,155.0,camera_2,new_track,55
930,4650,155.0,camera_6,removed,35
932,4660,155.333,camera_1,removed,-1
934,4670,155.667,camera_1,lost_track,37
934,4670,155.667,camera_2,new_track,57
935,4675,155.833,camera_2,lost_track,56
935,4675,155.833,camera_2,removed,-1
935,4675,155.833,camera_4,new_track,23
936,4680,156.0,camera_1,reacquired,37
936,4680,156.0,camera_1,removed,-1
936,4680,156.0,camera_4,lost_track,23
937,4685,156.167,camera_2,new_track,58
937,4685,156.167,camera_4,removed,-1
938,4690,156.333,camera_4,new_track,24
938,4690,156.333,camera_5,lost_track,85
939,4695,156.5,camera_4,new_track,25
939,4695,156.5,camera_4,new_track,26
939,4695,156.5,camera_4,lost_track,24
939,4695,156.5,camera_5,lost_track,84
939,4695,156.5,camera_5,removed,-1
940,4700,156.667,camera_2,lost_track,58
941,4705,156.833,camera_2,removed,-1
941,4705,156.833,camera_4,lost_track,25
942,4710,157.0,camera_4,removed,-1
942,4710,157.0,camera_5,reacquired,84
942,4710,157.0,camera_5,lost_track,82
943,4715,157.167,camera_2,new_track,59
943,4715,157.167,camera_3,lost_track,65
943,4715,157.167,camera_3,removed,-1
943,4715,157.167,camera_4,reacquired,24
944,4720,157.333,camera_2,lost_track,59
944,4720,157.333,camera_6,removed,36
945,4725,157.5,camera_2,removed,-1
945,4725,157.5,camera_4,lost_track,24
945,4725,157.5,camera_4,removed,-1
945,4725,157.5,camera_5,new_track,87
946,4730,157.667,camera_2,new_track,60
946,4730,157.667,camera_3,new_track,66
946,4730,157.667,camera_3,new_track,67
946,4730,157.667,camera_4,reacquired,23
946,4730,157.667,camera_5,removed,-1
947,4735,157.833,camera_1,lost_track,36
947,4735,157.833,camera_2,lost_track,60
947,4735,157.833,camera_4,lost_track,23
947,4735,157.833,camera_5,reacquired,83
948,4740,158.0,camera_1,removed,-1
948,4740,158.0,camera_2,lost_track,57
948,4740,158.0,camera_3,lost_track,62
948,4740,158.0,camera_4,removed,-1
948,4740,158.0,camera_5,lost_track,83
948,4740,158.0,camera_5,removed,-1
949,4745,158.167,camera_3,reacquired,62
950,4750,158.333,camera_2,removed,-1
950,4750,158.333,camera_5,new_track,88
950,4750,158.333,camera_5,reacquired,83
951,4755,158.5,camera_2,reacquired,59
951,4755,158.5,camera_3,lost_track,66
951,4755,158.5,camera_5,lost_track,88
952,4760,158.667,camera_2,removed,54
952,4760,158.667,camera_3,reacquired,66
952,4760,158.667,camera_5,lost_track,84
953,4765,158.833,camera_1,removed,35
953,4765,158.833,camera_2,lost_track,59
953,4765,158.833,camera_3,lost_track,62
953,4765,158.833,camera_5,new_track,89
954,4770,159.0,camera_1,removed,-1
955,4775,159.167,camera_3,lost_track,67
955,4775,159.167,camera_4,new_track,27
956,4780,159.333,camera_3,reacquired,62
956,4780,159.333,camera_5,lost_track,89
956,4780,159.333,camera_5,lost_track,83
956,4780,159.333,camera_5,removed,-1
957,4785,159.5,camera_1,removed,-1
958,4790,159.667,camera_1,removed,34
958,4790,159.667,camera_3,lost_track,62
958,4790,159.667,camera_3,removed,64
959,4795,159.833,camera_2,reacquired,59
959,4795,159.833,camera_3,reacquired,62
959,4795,159.833,camera_5,reacquired,83
960,4800,160.0,camera_2,lost_track,59
960,4800,160.0,camera_5,lost_track,83
961,4805,160.167,camera_1,new_track,38
961,4805,160.167,camera_1,lost_track,37
961,4805,160.167,camera_2,reacquired,59
961,4805,160.167,camera_5,reacquired,89
962,4810,160.333,camera_1,lost_track,38
962,4810,160.333,camera_3,lost_track,66
962,4810,160.333,camera_5,new_track,90
963,4815,160.5,camera_2,removed,-1
963,4815,160.5,camera_5,lost_track,87
964,4820,160.667,camera_5,removed,-1
965,4825,160.833,camera_2,removed,56
965,4825,160.833,camera_5,lost_track,90
966,4830,161.0,camera_4,reacquired,24
966,4830,161.0,camera_4,lost_track,27
966,4830,161.0,camera_5,reacquired,90
967,4835,161.167,camera_2,new_track,61
967,4835,161.167,camera_3,new_track,68
967,4835,161.167,camera_3,removed,-1
968,4840,161.333,camera_5,new_track,91
968,4840,161.333,camera_5,lost_track,90
968,4840,161.333,camera_5,removed,85
969,4845,161.5,camera_5,lost_track,89
970,4850,161.667,camera_1,reacquired,38
970,4850,161.667,camera_2,removed,58
970,4850,161.667,camera_5,new_track,92
970,4850,161.667,camera_5,reacquired,83
970,4850,161.667,camera_5,removed,-1
971,4855,161.833,camera_4,removed,25
971,4855,161.833,camera_5,reacquired,89
972,4860,162.0,camera_4,lost_track,26
972,4860,162.0,camera_5,lost_track,92
972,4860,162.0,camera_5,removed,82
973,4865,162.167,camera_3,removed,65
973,4865,162.167,camera_4,lost_track,24
973,4865,162.167,camera_5,reacquired,92
973,4865,162.167,camera_5,lost_track,89
973,4865,162.167,camera_5,removed,-1
974,4870,162.333,camera_2,lost_track,61
975,4875,162.5,camera_2,reacquired,61
976,4880,162.667,camera_1,lost_track,38
977,4885,162.833,camera_1,removed,36
977,4885,162.833,camera_2,lost_track,61
977,4885,162.833,camera_2,removed,60
977,4885,162.833,camera_4,removed,23
977,4885,162.833,camera_5,reacquired,89
977,4885,162.833,camera_5,removed,-1
978,4890,163.0,camera_2,removed,57
978,4890,163.0,camera_3,reacquired,66
978,4890,163.0,camera_3,lost_track,62
978,4890,163.0,camera_5,lost_track,89
979,4895,163.167,camera_3,removed,-1
979,4895,163.167,camera_5,reacquired,89
979,4895,163.167,camera_5,removed,-1
980,4900,163.333,camera_5,lost_track,89
981,4905,163.5,camera_5,removed,88
982,4910,163.667,camera_5,reacquired,88
982,4910,163.667,camera_5,reacquired,89
982,4910,163.667,camera_5,lost_track,92
982,4910,163.667,camera_5,removed,84
982,4910,163.667,camera_5,removed,-1
983,4915,163.833,camera_5,reacquired,92
983,4915,163.833,camera_5,lost_track,88
984,4920,164.0,camera_5,lost_track,83
985,4925,164.167,camera_1,reacquired,38
985,4925,164.167,camera_3,reacquired,62
985,4925,164.167,camera_3,removed,67
986,4930,164.333,camera_3,lost_track,66
986,4930,164.333,camera_5,lost_track,89
986,4930,164.333,camera_5,lost_track,92
987,4935,164.5,camera_5,reacquired,83
987,4935,164.5,camera_5,reacquired,89
988,4940,164.667,camera_2,new_track,62
988,4940,164.667,camera_5,lost_track,89
989,4945,164.833,camera_5,reacquired,88
991,4955,165.167,camera_1,removed,37
991,4955,165.167,camera_5,lost_track,88
991,4955,165.167,camera_5,lost_track,86
992,4960,165.333,camera_1,removed,-1
992,4960,165.333,camera_2,lost_track,62
992,4960,165.333,camera_2,removed,-1
992,4960,165.333,camera_3,removed,-1
993,4965,165.5,camera_2,reacquired,62
993,4965,165.5,camera_5,removed,87
995,4975,165.833,camera_2,lost_track,28
996,4980,166.0,camera_1,removed,-1
996,4980,166.0,camera_4,removed,27
997,4985,166.167,camera_2,reacquired,28
998,4990,166.333,camera_2,lost_track,62
998,4990,166.333,camera_5,removed,90
1000,5000,166.667,camera_1,new_track,39
1001,5005,166.833,camera_5,new_track,93
1001,5005,166.833,camera_5,removed,-1
1002,5010,167.0,camera_2,removed,-1
1002,5010,167.0,camera_3,new_track,69
1002,5010,167.0,camera_4,removed,26
1002,5010,167.0,camera_5,lost_track,93
1003,5015,167.167,camera_4,removed,24
1004,5020,167.333,camera_2,removed,-1
1004,5020,167.333,camera_3,removed,-1
1005,5025,167.5,camera_2,reacquired,62
1005,5025,167.5,camera_5,lost_track,83
1006,5030,167.667,camera_2,lost_track,62
1006,5030,167.667,camera_5,reacquired,83
1007,5035,167.833,camera_1,lost_track,38
1007,5035,167.833,camera_2,removed,61
1007,5035,167.833,camera_3,lost_track,63
1007,5035,167.833,camera_5,lost_track,83
1008,5040,168.0,camera_3,new_track,70
1008,5040,168.0,camera_3,lost_track,69
1009,5045,168.167,camera_3,reacquired,69
1010,5050,168.333,camera_2,reacquired,62
1010,5050,168.333,camera_2,removed,-1
1010,5050,168.333,camera_5,lost_track,91
1011,5055,168.5,camera_5,reacquired,83
1011,5055,168.5,camera_5,reacquired,91
1012,5060,168.667,camera_2,lost_track,62
1013,5065,168.833,camera_5,lost_track,91
1014,5070,169.0,camera_5,lost_track,83
1015,5075,169.167,camera_5,reacquired,83
1016,5080,169.333,camera_2,reacquired,62
1016,5080,169.333,camera_2,lost_track,28
1016,5080,169.333,camera_3,lost_track,69
1016,5080,169.333,camera_3,removed,66
1016,5080,169.333,camera_3,removed,-1
1016,5080,169.333,camera_5,removed,92
1018,5090,169.667,camera_3,reacquired,69
1018,5090,169.667,camera_5,removed,89
1019,5095,169.833,camera_1,new_track,40
1019,5095,169.833,camera_3,lost_track,69
1019,5095,169.833,camera_5,lost_track,83
1020,5100,170.0,camera_2,lost_track,59
1020,5100,170.0,camera_5,reacquired,91
1021,5105,170.167,camera_3,reacquired,69
1021,5105,170.167,camera_5,removed,88
1021,5105,170.167,camera_5,removed,86
1022,5110,170.333,camera_3,lost_track,69
1022,5110,170.333,camera_5,reacquired,83
1022,5110,170.333,camera_5,removed,-1
1023,5115,170.5,camera_1,lost_track,39
1023,5115,170.5,camera_3,reacquired,69
1024,5120,170.667,camera_1,reacquired,39
1024,5120,170.667,camera_1,removed,-1
1024,5120,170.667,camera_3,lost_track,69
1024,5120,170.667,camera_5,lost_track,91
1025,5125,170.833,camera_1,lost_track,39
1025,5125,170.833,camera_5,reacquired,91
1025,5125,170.833,camera_5,lost_track,83
1026,5130,171.0,camera_1,reacquired,39
1026,5130,171.0,camera_1,removed,-1
1027,5135,171.167,camera_3,reacquired,69
1027,5135,171.167,camera_5,reacquired,83
1027,5135,171.167,camera_5,lost_track,91
1029,5145,171.5,camera_3,lost_track,69
1029,5145,171.5,camera_3,removed,-1
1029,5145,171.5,camera_5,lost_track,83
1031,5155,171.833,camera_1,lost_track,39
1031,5155,171.833,camera_3,reacquired,69
1032,5160,172.0,camera_1,removed,-1
1032,5160,172.0,camera_3,lost_track,69
1032,5160,172.0,camera_5,removed,93
1033,5165,172.167,camera_5,reacquired,91
1034,5170,172.333,camera_3,reacquired,69
1034,5170,172.333,camera_3,lost_track,70
1035,5175,172.5,camera_3,reacquired,70
1035,5175,172.5,camera_3,lost_track,69
1037,5185,172.833,camera_1,removed,38
1037,5185,172.833,camera_2,lost_track,55
1037,5185,172.833,camera_3,removed,63
1037,5185,172.833,camera_5,reacquired,83
1037,5185,172.833,camera_5,lost_track,91
1038,5190,173.0,camera_3,removed,-1
1039,5195,173.167,camera_3,lost_track,70
1039,5195,173.167,camera_4,new_track,28
1039,5195,173.167,camera_5,lost_track,83
1040,5200,173.333,camera_5,reacquired,83
1041,5205,173.5,camera_2,removed,-1
1041,5205,173.5,camera_5,lost_track,83
1042,5210,173.667,camera_2,new_track,63
1042,5210,173.667,camera_3,reacquired,69
1042,5210,173.667,camera_5,reacquired,83
1042,5210,173.667,camera_5,reacquired,91
1043,5215,173.833,camera_2,removed,-1
1043,5215,173.833,camera_3,lost_track,69
1044,5220,174.0,camera_3,reacquired,69
1044,5220,174.0,camera_5,lost_track,91
1044,5220,174.0,camera_5,lost_track,83
1046,5230,174.333,camera_2,removed,28
1047,5235,174.5,camera_2,new_track,64
1048,5240,174.667,camera_2,lost_track,64
1048,5240,174.667,camera_2,removed,-1
1050,5250,175.0,camera_2,removed,59
1051,5255,175.167,camera_2,reacquired,64
1052,5260,175.333,camera_2,lost_track,64
1052,5260,175.333,camera_5,reacquired,83
1053,5265,175.5,camera_3,lost_track,69
1053,5265,175.5,camera_5,lost_track,83
1054,5270,175.667,camera_3,reacquired,69
1055,5275,175.833,camera_3,lost_track,69
1057,5285,176.167,camera_3,reacquired,69
1059,5295,176.5,camera_2,reacquired,64
1059,5295,176.5,camera_3,lost_track,69
1059,5295,176.5,camera_5,reacquired,83
1060,5300,176.667,camera_2,lost_track,64
1061,5305,176.833,camera_1,removed,39
1061,5305,176.833,camera_2,reacquired,64
1061,5305,176.833,camera_2,removed,-1
1062,5310,177.0,camera_2,new_track,65
1062,5310,177.0,camera_2,lost_track,64
1063,5315,177.167,camera_1,lost_track,40
1064,5320,177.333,camera_1,removed,-1
1064,5320,177.333,camera_2,lost_track,62
1065,5325,177.5,camera_5,removed,-1
1066,5330,177.667,camera_5,reacquired,91
1067,5335,177.833,camera_2,removed,55
1067,5335,177.833,camera_3,lost_track,68
1067,5335,177.833,camera_5,removed,-1
1068,5340,178.0,camera_5,lost_track,83
1068,5340,178.0,camera_5,lost_track,91
1069,5345,178.167,camera_2,lost_track,63
1069,5345,178.167,camera_3,new_track,71
1069,5345,178.167,camera_3,removed,70
1069,5345,178.167,camera_5,reacquired,91
1070,5350,178.333,camera_5,reacquired,83
1071,5355,178.5,camera_2,reacquired,62
1071,5355,178.5,camera_2,removed,-1
1071,5355,178.5,camera_5,removed,-1
1072,5360,178.667,camera_2,lost_track,65
1072,5360,178.667,camera_4,new_track,29
1072,5360,178.667,camera_5,new_track,94
1073,5365,178.833,camera_2,reacquired,65
1073,5365,178.833,camera_3,reacquired,69
1073,5365,178.833,camera_5,lost_track,94
1074,5370,179.0,camera_5,reacquired,94
1074,5370,179.0,camera_5,removed,-1
1075,5375,179.167,camera_5,lost_track,91
1076,5380,179.333,camera_2,lost_track,62
1076,5380,179.333,camera_5,reacquired,91
1076,5380,179.333,camera_5,lost_track,94
1077,5385,179.5,camera_2,reacquired,62
1077,5385,179.5,camera_2,lost_track,65
1077,5385,179.5,camera_5,reacquired,94
1077,5385,179.5,camera_5,lost_track,91
1078,5390,179.667,camera_2,reacquired,65
1078,5390,179.667,camera_2,lost_track,62
1079,5395,179.833,camera_2,reacquired,62
1079,5395,179.833,camera_5,new_track,95
1080,5400,180.0,camera_2,lost_track,65
1081,5405,180.167,camera_2,reacquired,65
1081,5405,180.167,camera_2,lost_track,62
1083,5415,180.5,camera_2,reacquired,62
1083,5415,180.5,camera_2,lost_track,65
1084,5420,180.667,camera_5,removed,-1
1085,5425,180.833,camera_3,lost_track,69
1086,5430,181.0,camera_5,lost_track,95
1086,5430,181.0,camera_5,removed,-1
1087,5435,181.167,camera_3,reacquired,69
1087,5435,181.167,camera_5,reacquired,95
1089,5445,181.5,camera_5,removed,-1
1090,5450,181.667,camera_3,lost_track,69
1091,5455,181.833,camera_3,reacquired,69
1092,5460,182.0,camera_2,removed,64
1092,5460,182.0,camera_3,lost_track,69
1092,5460,182.0,camera_5,removed,-1
1093,5465,182.167,camera_1,removed,40
1094,5470,182.333,camera_3,reacquired,69
1094,5470,182.333,camera_5,new_track,96
1095,5475,182.5,camera_5,new_track,97
1095,5475,182.5,camera_5,lost_track,96
1095,5475,182.5,camera_5,removed,-1
1096,5480,182.667,camera_5,reacquired,96
1096,5480,182.667,camera_5,lost_track,97
1097,5485,182.833,camera_3,removed,68
1097,5485,182.833,camera_5,new_track,98
1097,5485,182.833,camera_5,reacquired,97
1097,5485,182.833,camera_5,removed,-1
1099,5495,183.167,camera_2,removed,63
1101,5505,183.5,camera_5,lost_track,97
1102,5510,183.667,camera_3,lost_track,69
1102,5510,183.667,camera_5,reacquired,97
1102,5510,183.667,camera_5,lost_track,98
1102,5510,183.667,camera_5,removed,-1
1103,5515,183.833,camera_5,lost_track,96
1103,5515,183.833,camera_5,lost_track,95
1104,5520,184.0,camera_3,reacquired,69
1104,5520,184.0,camera_5,reacquired,95
1104,5520,184.0,camera_5,lost_track,83
1105,5525,184.167,camera_3,lost_track,69
1105,5525,184.167,camera_3,lost_track,71
1105,5525,184.167,camera_5,reacquired,83
1105,5525,184.167,camera_5,reacquired,96
1105,5525,184.167,camera_5,reacquired,98
1106,5530,184.333,camera_3,reacquired,71
1106,5530,184.333,camera_4,new_track,30
1106,5530,184.333,camera_5,lost_track,83
1107,5535,184.5,camera_2,new_track,66
1107,5535,184.5,camera_2,new_track,67
1107,5535,184.5,camera_3,lost_track,71
1107,5535,184.5,camera_4,removed,-1
1107,5535,184.5,camera_5,reacquired,83
1107,5535,184.5,camera_5,lost_track,98
1107,5535,184.5,camera_5,removed,91
1108,5540,184.667,camera_2,lost_track,66
1108,5540,184.667,camera_3,removed,-1
1108,5540,184.667,camera_4,lost_track,30
1108,5540,184.667,camera_5,lost_track,97
1109,5545,184.833,camera_4,lost_track,28
1109,5545,184.833,camera_4,removed,-1
1109,5545,184.833,camera_5,removed,-1
1110,5550,185.0,camera_2,reacquired,66
1110,5550,185.0,camera_4,reacquired,28
1110,5550,185.0,camera_5,new_track,99
1110,5550,185.0,camera_5,reacquired,97
1111,5555,185.167,camera_2,new_track,68
1111,5555,185.167,camera_5,new_track,100
1111,5555,185.167,camera_5,lost_track,97
1111,5555,185.167,camera_5,lost_track,83
1112,5560,185.333,camera_1,new_track,41
1112,5560,185.333,camera_2,lost_track,66
1112,5560,185.333,camera_5,new_track,101
1112,5560,185.333,camera_5,lost_track,100
1113,5565,185.5,camera_2,removed,65
1114,5570,185.667,camera_5,reacquired,100
1114,5570,185.667,camera_5,lost_track,101
1115,5575,185.833,camera_5,lost_track,100
1115,5575,185.833,camera_5,lost_track,94
1116,5580,186.0,camera_2,lost_track,62
1116,5580,186.0,camera_3,reacquired,69
1116,5580,186.0,camera_5,reacquired,100
1117,5585,186.167,camera_2,reacquired,66
1117,5585,186.167,camera_5,lost_track,100
1119,5595,186.5,camera_3,lost_track,69
1120,5600,186.667,camera_2,lost_track,66
1120,5600,186.667,camera_3,new_track,72
1121,5605,186.833,camera_5,removed,-1
1122,5610,187.0,camera_2,reacquired,62
1122,5610,187.0,camera_5,new_track,102
1123,5615,187.167,camera_2,reacquired,66
1123,5615,187.167,camera_2,lost_track,62
1123,5615,187.167,camera_5,reacquired,97
1123,5615,187.167,camera_5,reacquired,100
1123,5615,187.167,camera_5,lost_track,99
1124,5620,187.333,camera_2,reacquired,62
1124,5620,187.333,camera_3,lost_track,72
1124,5620,187.333,camera_3,removed,-1
1124,5620,187.333,camera_5,lost_track,100
1125,5625,187.5,camera_2,lost_track,66
1125,5625,187.5,camera_3,new_track,73
1125,5625,187.5,camera_5,reacquired,98
1125,5625,187.5,camera_5,lost_track,96
1125,5625,187.5,camera_5,removed,-1
1126,5630,187.667,camera_2,lost_track,62
1126,5630,187.667,camera_3,reacquired,69
1126,5630,187.667,camera_5,reacquired,83
1126,5630,187.667,camera_5,reacquired,99
1127,5635,187.833,camera_3,lost_track,69
1127,5635,187.833,camera_5,lost_track,97
1127,5635,187.833,camera_5,lost_track,99
1128,5640,188.0,camera_2,removed,-1
1128,5640,188.0,camera_3,lost_track,73
1128,5640,188.0,camera_4,lost_track,22
1129,5645,188.167,camera_3,reacquired,73
1129,5645,188.167,camera_3,removed,-1
1129,5645,188.167,camera_5,reacquired,99
1130,5650,188.333,camera_2,reacquired,62
1130,5650,188.333,camera_2,reacquired,66
1130,5650,188.333,camera_3,reacquired,69
1130,5650,188.333,camera_4,lost_track,28
1131,5655,188.5,camera_2,new_track,69
1131,5655,188.5,camera_2,lost_track,62
1131,5655,188.5,camera_4,reacquired,28
1131,5655,188.5,camera_4,removed,-1
1131,5655,188.5,camera_5,lost_track,99
1132,5660,188.667,camera_3,lost_track,69
1132,5660,188.667,camera_5,reacquired,96
1132,5660,188.667,camera_5,reacquired,99
1132,5660,188.667,camera_5,lost_track,98
1133,5665,188.833,camera_3,reacquired,69
1133,5665,188.833,camera_5,lost_track,99
1134,5670,189.0,camera_2,reacquired,62
1134,5670,189.0,camera_2,lost_track,66
1134,5670,189.0,camera_3,lost_track,69
1134,5670,189.0,camera_5,lost_track,83
1135,5675,189.167,camera_5,reacquired,98
1135,5675,189.167,camera_5,lost_track,96
1136,5680,189.333,camera_2,lost_track,69
1136,5680,189.333,camera_2,lost_track,62
1136,5680,189.333,camera_5,reacquired,97
1137,5685,189.5,camera_3,removed,71
1137,5685,189.5,camera_5,reacquired,96
1137,5685,189.5,camera_5,lost_track,97
1137,5685,189.5,camera_5,lost_track,98
1138,5690,189.667,camera_1,removed,-1
1138,5690,189.667,camera_2,reacquired,62
1138,5690,189.667,camera_4,removed,30
1138,5690,189.667,camera_5,lost_track,102
1139,5695,189.833,camera_2,new_track,70
1139,5695,189.833,camera_2,lost_track,62
1139,5695,189.833,camera_5,reacquired,102
1139,5695,189.833,camera_5,removed,-1
1140,5700,190.0,camera_4,removed,-1
1141,5705,190.167,camera_1,new_track,42
1141,5705,190.167,camera_5,lost_track,95
1142,5710,190.333,camera_1,lost_track,42
1142,5710,190.333,camera_4,new_track,31
1142,5710,190.333,camera_5,removed,-1
1144,5720,190.667,camera_3,reacquired,69
1144,5720,190.667,camera_5,removed,101
1145,5725,190.833,camera_5,removed,94
1145,5725,190.833,camera_5,removed,-1
1146,5730,191.0,camera_2,lost_track,70
1146,5730,191.0,camera_3,removed,-1
1146,5730,191.0,camera_5,reacquired,99
1147,5735,191.167,camera_2,reacquired,62
1147,5735,191.167,camera_2,removed,-1
1147,5735,191.167,camera_5,new_track,103
1148,5740,191.333,camera_1,new_track,43
1148,5740,191.333,camera_2,new_track,72
1148,5740,191.333,camera_2,new_track,71
1149,5745,191.5,camera_2,reacquired,66
1149,5745,191.5,camera_2,lost_track,62
1149,5745,191.5,camera_3,lost_track,69
1149,5745,191.5,camera_5,lost_track,99
1149,5745,191.5,camera_5,lost_track,103
1150,5750,191.667,camera_2,removed,-1
1150,5750,191.667,camera_5,reacquired,98
1150,5750,191.667,camera_5,lost_track,102
1152,5760,192.0,camera_1,new_track,44
1153,5765,192.167,camera_2,removed,-1
1153,5765,192.167,camera_4,lost_track,29
1154,5770,192.333,camera_2,lost_track,72
1154,5770,192.333,camera_2,lost_track,66
1154,5770,192.333,camera_3,removed,72
1154,5770,192.333,camera_5,reacquired,99
1154,5770,192.333,camera_5,removed,100
1155,5775,192.5,camera_1,lost_track,44
1155,5775,192.5,camera_3,removed,-1
1155,5775,192.5,camera_5,lost_track,99
1157,5785,192.833,camera_2,new_track,73
1157,5785,192.833,camera_2,removed,-1
1158,5790,193.0,camera_2,reacquired,66
1158,5790,193.0,camera_2,lost_track,73
1158,5790,193.0,camera_4,removed,22
1159,5795,193.167,camera_1,lost_track,43
1159,5795,193.167,camera_2,new_track,74
1159,5795,193.167,camera_2,new_track,75
1159,5795,193.167,camera_3,reacquired,69
1160,5800,193.333,camera_1,reacquired,43
1160,5800,193.333,camera_2,lost_track,66
1160,5800,193.333,camera_2,lost_track,75
1161,5805,193.5,camera_1,lost_track,43
1161,5805,193.5,camera_3,lost_track,73
1162,5810,193.667,camera_1,reacquired,43
1162,5810,193.667,camera_2,reacquired,75
1162,5810,193.667,camera_3,lost_track,69
1163,5815,193.833,camera_2,lost_track,75
1163,5815,193.833,camera_3,removed,-1
1163,5815,193.833,camera_5,reacquired,102
1163,5815,193.833,camera_5,lost_track,98
1164,5820,194.0,camera_2,reacquired,66
1164,5820,194.0,camera_4,lost_track,31
1164,5820,194.0,camera_5,removed,83
1165,5825,194.167,camera_1,removed,-1
1165,5825,194.167,camera_3,reacquired,73
1165,5825,194.167,camera_3,removed,-1
1166,5830,194.333,camera_2,removed,69
1166,5830,194.333,camera_5,lost_track,96
1167,5835,194.5,camera_2,lost_track,71
1167,5835,194.5,camera_2,removed,-1
1167,5835,194.5,camera_3,new_track,74
1167,5835,194.5,camera_5,removed,97
1167,5835,194.5,camera_5,removed,-1
1168,5840,194.667,camera_2,reacquired,71
1168,5840,194.667,camera_3,new_track,75
1168,5840,194.667,camera_3,reacquired,69
1168,5840,194.667,camera_3,removed,-1
1169,5845,194.833,camera_3,lost_track,69
1170,5850,195.0,camera_2,reacquired,62
1170,5850,195.0,camera_2,removed,-1
1170,5850,195.0,camera_3,lost_track,75
1171,5855,195.167,camera_1,removed,-1
1171,5855,195.167,camera_3,lost_track,74
1171,5855,195.167,camera_5,removed,95
1172,5860,195.333,camera_1,new_track,45
1172,5860,195.333,camera_1,new_track,46
1172,5860,195.333,camera_1,removed,42
1172,5860,195.333,camera_2,lost_track,67
1172,5860,195.333,camera_3,reacquired,74
1172,5860,195.333,camera_3,reacquired,75
1173,5865,195.5,camera_1,lost_track,46
1173,5865,195.5,camera_4,lost_track,28
1174,5870,195.667,camera_1,lost_track,45
1174,5870,195.667,camera_2,new_track,76
1174,5870,195.667,camera_3,reacquired,69
1174,5870,195.667,camera_3,removed,-1
1175,5875,195.833,camera_1,reacquired,45
1175,5875,195.833,camera_3,new_track,76
1175,5875,195.833,camera_3,lost_track,69
1176,5880,196.0,camera_1,lost_track,41
1176,5880,196.0,camera_2,removed,70
1176,5880,196.0,camera_3,lost_track,75
1176,5880,196.0,camera_3,lost_track,76
1178,5890,196.333,camera_3,lost_track,62
1178,5890,196.333,camera_5,new_track,104
1179,5895,196.5,camera_1,reacquired,41
1179,5895,196.5,camera_1,lost_track,43
1179,5895,196.5,camera_2,lost_track,71
1179,5895,196.5,camera_3,reacquired,76
1179,5895,196.5,camera_5,removed,103
1179,5895,196.5,camera_6,new_track,37
1180,5900,196.667,camera_1,reacquired,46
1180,5900,196.667,camera_2,reacquired,71
1181,5905,196.833,camera_1,new_track,47
1181,5905,196.833,camera_1,lost_track,46
1182,5910,197.0,camera_1,reacquired,43
1183,5915,197.167,camera_1,lost_track,41
1183,5915,197.167,camera_1,removed,-1
1183,5915,197.167,camera_3,reacquired,62
1183,5915,197.167,camera_4,removed,29
1184,5920,197.333,camera_1,reacquired,41
1184,5920,197.333,camera_1,lost_track,47
1184,5920,197.333,camera_2,removed,72
1184,5920,197.333,camera_3,lost_track,62
1185,5925,197.5,camera_1,removed,44
1185,5925,197.5,camera_2,lost_track,71
1185,5925,197.5,camera_3,reacquired,62
1185,5925,197.5,camera_5,removed,99
1186,5930,197.667,camera_2,reacquired,71
1187,5935,197.833,camera_1,lost_track,43
1187,5935,197.833,camera_3,reacquired,69
1187,5935,197.833,camera_3,reacquired,75
1188,5940,198.0,camera_2,removed,73
1188,5940,198.0,camera_3,lost_track,76
1188,5940,198.0,camera_3,lost_track,69
1189,5945,198.167,camera_2,removed,-1
1189,5945,198.167,camera_3,lost_track,75
1192,5960,198.667,camera_1,reacquired,43
1192,5960,198.667,camera_2,lost_track,66
1192,5960,198.667,camera_6,removed,-1
1193,5965,198.833,camera_1,lost_track,41
1193,5965,198.833,camera_2,reacquired,66
1193,5965,198.833,camera_2,removed,75
1193,5965,198.833,camera_2,removed,-1
1193,5965,198.833,camera_5,removed,98
1193,5965,198.833,camera_6,new_track,38
1194,5970,199.0,camera_1,reacquired,41
1194,5970,199.0,camera_1,lost_track,45
1194,5970,199.0,camera_2,lost_track,66
1194,5970,199.0,camera_4,removed,31
1195,5975,199.167,camera_1,reacquired,46
1195,5975,199.167,camera_2,removed,-1
1196,5980,199.333,camera_1,reacquired,47
1196,5980,199.333,camera_1,lost_track,46
1196,5980,199.333,camera_5,lost_track,104
1196,5980,199.333,camera_5,removed,96
1197,5985,199.5,camera_1,new_track,48
1197,5985,199.5,camera_1,reacquired,46
1197,5985,199.5,camera_1,lost_track,43
1198,5990,199.667,camera_1,reacquired,43
1198,5990,199.667,camera_3,reacquired,69
1198,5990,199.667,camera_3,removed,-1
1198,5990,199.667,camera_5,reacquired,104
1199,5995,199.833,camera_1,lost_track,43
1199,5995,199.833,camera_3,lost_track,69
1200,6000,200.0,camera_1,lost_track,48
1201,6005,200.167,camera_2,removed,-1
1202,6010,200.333,camera_1,lost_track,46
1202,6010,200.333,camera_2,new_track,77
1202,6010,200.333,camera_2,new_track,78
1202,6010,200.333,camera_2,removed,67
1202,6010,200.333,camera_3,new_track,77
1202,6010,200.333,camera_7,new_track,15
1203,6015,200.5,camera_3,lost_track,74
1203,6015,200.5,camera_3,lost_track,77
1203,6015,200.5,camera_4,removed,28
1204,6020,200.667,camera_2,lost_track,78
1204,6020,200.667,camera_3,reacquired,74
1204,6020,200.667,camera_4,new_track,32
1204,6020,200.667,camera_7,removed,-1
1205,6025,200.833,camera_1,reacquired,46
1205,6025,200.833,camera_2,lost_track,77
1205,6025,200.833,camera_3,reacquired,75
1205,6025,200.833,camera_3,lost_track,74
1205,6025,200.833,camera_5,removed,-1
1206,6030,201.0,camera_1,removed,-1
1206,6030,201.0,camera_2,reacquired,77
1206,6030,201.0,camera_3,lost_track,75
1206,6030,201.0,camera_5,lost_track,104
1206,6030,201.0,camera_7,lost_track,15
1207,6035,201.167,camera_2,lost_track,77
1207,6035,201.167,camera_3,reacquired,76
1207,6035,201.167,camera_3,reacquired,77
1207,6035,201.167,camera_5,new_track,105
1207,6035,201.167,camera_7,removed,-1
1208,6040,201.333,camera_2,reacquired,77
1208,6040,201.333,camera_3,reacquired,75
1208,6040,201.333,camera_3,lost_track,77
1208,6040,201.333,camera_3,removed,-1
1209,6045,201.5,camera_2,lost_track,68
1209,6045,201.5,camera_2,removed,-1
1209,6045,201.5,camera_6,lost_track,38
1210,6050,201.667,camera_2,reacquired,78
1210,6050,201.667,camera_2,lost_track,77
1210,6050,201.667,camera_5,lost_track,105
1211,6055,201.833,camera_3,lost_track,75
1211,6055,201.833,camera_3,removed,-1
1212,6060,202.0,camera_6,reacquired,38
1213,6065,202.167,camera_5,lost_track,102
1215,6075,202.5,camera_1,removed,-1
1215,6075,202.5,camera_2,reacquired,68
1215,6075,202.5,camera_2,lost_track,76
1215,6075,202.5,camera_3,reacquired,69
1217,6085,202.833,camera_3,lost_track,69
1217,6085,202.833,camera_3,removed,-1
1217,6085,202.833,camera_5,new_track,106
1218,6090,203.0,camera_3,reacquired,69
1219,6095,203.167,camera_2,reacquired,76
1219,6095,203.167,camera_3,reacquired,75
1219,6095,203.167,camera_3,lost_track,76
1219,6095,203.167,camera_5,reacquired,105
1220,6100,203.333,camera_2,lost_track,76
1220,6100,203.333,camera_3,lost_track,75
1221,6105,203.5,camera_3,reacquired,75
1222,6110,203.667,camera_1,removed,-1
1222,6110,203.667,camera_3,lost_track,69
1222,6110,203.667,camera_3,removed,-1
1222,6110,203.667,camera_4,lost_track,32
1222,6110,203.667,camera_5,new_track,107
1222,6110,203.667,camera_5,new_track,108
1223,6115,203.833,camera_3,lost_track,75
1223,6115,203.833,camera_4,removed,-1
1223,6115,203.833,camera_5,lost_track,107
1224,6120,204.0,camera_1,lost_track,47
1224,6120,204.0,camera_1,removed,45
1224,6120,204.0,camera_2,removed,66
1224,6120,204.0,camera_3,reacquired,69
1225,6125,204.167,camera_1,new_track,49
1225,6125,204.167,camera_3,lost_track,69
1225,6125,204.167,camera_5,lost_track,108
1226,6130,204.333,camera_1,removed,-1
1226,6130,204.333,camera_5,reacquired,108
1226,6130,204.333,camera_5,removed,-1
1227,6135,204.5,camera_3,removed,-1
1227,6135,204.5,camera_7,new_track,16
1228,6140,204.667,camera_1,removed,-1
1228,6140,204.667,camera_2,lost_track,71
1228,6140,204.667,camera_3,reacquired,69
1228,6140,204.667,camera_5,reacquired,107
1229,6145,204.833,camera_1,removed,43
1229,6145,204.833,camera_2,reacquired,71
1229,6145,204.833,camera_2,lost_track,74
1229,6145,204.833,camera_5,reacquired,104
1229,6145,204.833,camera_5,lost_track,105
1229,6145,204.833,camera_5,lost_track,108
1230,6150,205.0,camera_1,removed,48
1230,6150,205.0,camera_1,removed,-1
1230,6150,205.0,camera_2,reacquired,74
1230,6150,205.0,camera_5,lost_track,104
1230,6150,205.0,camera_5,removed,-1
1231,6155,205.167,camera_1,lost_track,49
1231,6155,205.167,camera_2,removed,-1
1231,6155,205.167,camera_3,new_track,78
1231,6155,205.167,camera_5,reacquired,105
1231,6155,205.167,camera_5,reacquired,108
1232,6160,205.333,camera_1,reacquired,49
1232,6160,205.333,camera_1,removed,-1
1232,6160,205.333,camera_2,lost_track,74
1233,6165,205.5,camera_2,lost_track,78
1233,6165,205.5,camera_2,removed,-1
1233,6165,205.5,camera_3,lost_track,69
1233,6165,205.5,camera_5,lost_track,105
1233,6165,205.5,camera_5,lost_track,108
1233,6165,205.5,camera_7,lost_track,16
1234,6170,205.667,camera_1,removed,-1
1234,6170,205.667,camera_2,new_track,79
1234,6170,205.667,camera_7,new_track,17
1235,6175,205.833,camera_3,removed,74
1235,6175,205.833,camera_6,lost_track,38
1236,6180,206.0,camera_5,reacquired,105
1236,6180,206.0,camera_7,removed,15
1238,6190,206.333,camera_3,removed,77
1238,6190,206.333,camera_6,lost_track,37
1239,6195,206.5,camera_1,removed,-1
1240,6200,206.667,camera_1,lost_track,41
1240,6200,206.667,camera_2,removed,77
1240,6200,206.667,camera_3,lost_track,78
1241,6205,206.833,camera_1,removed,-1
1241,6205,206.833,camera_2,removed,-1
1241,6205,206.833,camera_3,reacquired,78
1241,6205,206.833,camera_3,removed,-1
1242,6210,207.0,camera_5,removed,-1
1243,6215,207.167,camera_5,removed,102
1244,6220,207.333,camera_5,lost_track,105
1245,6225,207.5,camera_2,lost_track,68
1245,6225,207.5,camera_5,new_track,109
1245,6225,207.5,camera_5,lost_track,107
1246,6230,207.667,camera_3,lost_track,78
1246,6230,207.667,camera_5,removed,-1
1247,6235,207.833,camera_3,removed,-1
1248,6240,208.0,camera_2,removed,-1
1248,6240,208.0,camera_3,new_track,79
1249,6245,208.167,camera_3,removed,76
1250,6250,208.333,camera_2,removed,76
1251,6255,208.5,camera_1,new_track,50
1251,6255,208.5,camera_3,reacquired,75
1252,6260,208.667,camera_4,removed,32
1252,6260,208.667,camera_5,removed,-1
1254,6270,209.0,camera_1,removed,-1
1254,6270,209.0,camera_1,removed,47
1255,6275,209.167,camera_3,lost_track,75
1256,6280,209.333,camera_6,new_track,39
1258,6290,209.667,camera_1,removed,-1
1260,6300,210.0,camera_1,lost_track,46
1260,6300,210.0,camera_3,removed,-1
1260,6300,210.0,camera_5,removed,104
1261,6305,210.167,camera_1,reacquired,46
1261,6305,210.167,camera_3,lost_track,79
1262,6310,210.333,camera_2,removed,74
1262,6310,210.333,camera_3,reacquired,79
1263,6315,210.5,camera_1,lost_track,46
1263,6315,210.5,camera_2,removed,78
1263,6315,210.5,camera_3,lost_track,79
1263,6315,210.5,camera_3,removed,69
1263,6315,210.5,camera_5,lost_track,109
1263,6315,210.5,camera_5,removed,108
1263,6315,210.5,camera_7,removed,16
1264,6320,210.667,camera_5,reacquired,109
1265,6325,210.833,camera_6,removed,38
1266,6330,211.0,camera_3,reacquired,75
1267,6335,211.167,camera_6,removed,-1
1268,6340,211.333,camera_3,lost_track,73
1268,6340,211.333,camera_5,lost_track,109
1268,6340,211.333,camera_6,new_track,40
1268,6340,211.333,camera_6,removed,37
1269,6345,211.5,camera_2,lost_track,79
1269,6345,211.5,camera_2,removed,-1
1269,6345,211.5,camera_3,reacquired,73
1269,6345,211.5,camera_3,lost_track,75
1269,6345,211.5,camera_3,removed,-1
1269,6345,211.5,camera_4,removed,-1
1269,6345,211.5,camera_5,reacquired,109
1269,6345,211.5,camera_6,lost_track,40
1270,6350,211.667,camera_1,removed,41
1271,6355,211.833,camera_3,removed,-1
1271,6355,211.833,camera_4,new_track,33
1271,6355,211.833,camera_5,lost_track,109
1271,6355,211.833,camera_6,reacquired,40
1272,6360,212.0,camera_5,removed,-1
1274,6370,212.333,camera_3,new_track,80
1274,6370,212.333,camera_5,reacquired,109
1274,6370,212.333,camera_5,removed,105
1275,6375,212.5,camera_2,removed,68
1275,6375,212.5,camera_5,removed,107
1275,6375,212.5,camera_6,lost_track,40
1275,6375,212.5,camera_7,new_track,18
1276,6380,212.667,camera_1,lost_track,50
1276,6380,212.667,camera_2,new_track,80
1276,6380,212.667,camera_3,removed,78
1276,6380,212.667,camera_6,lost_track,39
1276,6380,212.667,camera_7,lost_track,18
1277,6385,212.833,camera_2,lost_track,80
1277,6385,212.833,camera_5,lost_track,109
1277,6385,212.833,camera_5,removed,-1
1277,6385,212.833,camera_6,removed,-1
1277,6385,212.833,camera_7,removed,-1
1278,6390,213.0,camera_7,new_track,19
1279,6395,213.167,camera_5,reacquired,109
1280,6400,213.333,camera_2,removed,-1
1281,6405,213.5,camera_1,new_track,51
1282,6410,213.667,camera_3,removed,-1
1283,6415,213.833,camera_5,new_track,110
1284,6420,214.0,camera_5,removed,-1
1285,6425,214.167,camera_1,lost_track,51
1285,6425,214.167,camera_5,new_track,111
1286,6430,214.333,camera_1,reacquired,51
1286,6430,214.333,camera_1,removed,-1
1287,6435,214.5,camera_2,lost_track,71
1289,6445,214.833,camera_3,lost_track,62
1290,6450,215.0,camera_1,lost_track,51
1290,6450,215.0,camera_2,removed,-1
1290,6450,215.0,camera_3,new_track,81
1291,6455,215.167,camera_1,new_track,52
1291,6455,215.167,camera_2,new_track,81
1291,6455,215.167,camera_2,lost_track,62
1292,6460,215.333,camera_3,lost_track,80
1292,6460,215.333,camera_3,lost_track,81
1292,6460,215.333,camera_4,lost_track,33
1292,6460,215.333,camera_5,new_track,112
1293,6465,215.5,camera_1,removed,46
1293,6465,215.5,camera_3,reacquired,62
1293,6465,215.5,camera_3,removed,79
1293,6465,215.5,camera_7,lost_track,19
1294,6470,215.667,camera_3,new_track,82
1294,6470,215.667,camera_3,reacquired,80
1294,6470,215.667,camera_7,reacquired,19
1294,6470,215.667,camera_7,removed,-1
1295,6475,215.833,camera_1,lost_track,49
1295,6475,215.833,camera_5,removed,-1
1296,6480,216.0,camera_2,new_track,82
1296,6480,216.0,camera_5,lost_track,112
1296,6480,216.0,camera_5,lost_track,111
1297,6485,216.167,camera_5,reacquired,112
1298,6490,216.333,camera_1,removed,-1
1298,6490,216.333,camera_3,removed,-1
1299,6495,216.5,camera_2,lost_track,82
1299,6495,216.5,camera_2,removed,79
1299,6495,216.5,camera_3,removed,75
1301,6505,216.833,camera_5,lost_track,112
1303,6515,217.167,camera_3,lost_track,73
1304,6520,217.333,camera_2,removed,-1
1305,6525,217.5,camera_6,removed,40
1306,6530,217.667,camera_1,lost_track,52
1306,6530,217.667,camera_1,removed,50
1306,6530,217.667,camera_5,lost_track,110
1306,6530,217.667,camera_6,removed,39
1306,6530,217.667,camera_7,removed,18
1307,6535,217.833,camera_1,reacquired,52
1307,6535,217.833,camera_2,new_track,83
1307,6535,217.833,camera_2,removed,80
1307,6535,217.833,camera_5,removed,-1
1310,6550,218.333,camera_1,lost_track,52
1311,6555,218.5,camera_5,removed,-1
1312,6560,218.667,camera_5,lost_track,109
1313,6565,218.833,camera_2,lost_track,83
1313,6565,218.833,camera_2,removed,-1
1313,6565,218.833,camera_5,new_track,113
1313,6565,218.833,camera_5,removed,-1
1314,6570,219.0,camera_5,reacquired,109
1314,6570,219.0,camera_5,lost_track,113
1314,6570,219.0,camera_6,removed,-1
1315,6575,219.167,camera_2,reacquired,83
1315,6575,219.167,camera_5,reacquired,113
1315,6575,219.167,camera_5,lost_track,109
1316,6580,219.333,camera_3,lost_track,80
1316,6580,219.333,camera_6,new_track,41
1317,6585,219.5,camera_2,removed,71
1317,6585,219.5,camera_3,reacquired,80
1318,6590,219.667,camera_3,new_track,83
1319,6595,219.833,camera_3,lost_track,80
1319,6595,219.833,camera_3,lost_track,83
1320,6600,220.0,camera_1,removed,51
1320,6600,220.0,camera_2,removed,-1
1321,6605,220.167,camera_2,removed,62
1321,6605,220.167,camera_3,lost_track,62
1322,6610,220.333,camera_3,reacquired,80
1322,6610,220.333,camera_3,removed,81
1322,6610,220.333,camera_4,removed,33
1323,6615,220.5,camera_3,removed,-1
1323,6615,220.5,camera_6,new_track,42
1325,6625,220.833,camera_1,removed,49
1325,6625,220.833,camera_5,reacquired,109
1326,6630,221.0,camera_3,new_track,84
1326,6630,221.0,camera_5,lost_track,109
1326,6630,221.0,camera_5,removed,111
1327,6635,221.167,camera_2,removed,-1
1327,6635,221.167,camera_5,reacquired,109
1327,6635,221.167,camera_6,lost_track,42
1327,6635,221.167,camera_7,removed,-1
1328,6640,221.333,camera_3,lost_track,82
1328,6640,221.333,camera_6,lost_track,41
1329,6645,221.5,camera_2,removed,82
1329,6645,221.5,camera_3,reacquired,82
1329,6645,221.5,camera_5,lost_track,113
1329,6645,221.5,camera_5,lost_track,109
1329,6645,221.5,camera_6,removed,-1
1329,6645,221.5,camera_7,new_track,20
1330,6650,221.667,camera_7,lost_track,20
1331,6655,221.833,camera_3,removed,-1
1331,6655,221.833,camera_5,removed,112
1331,6655,221.833,camera_7,new_track,21
1333,6665,222.167,camera_3,new_track,85
1333,6665,222.167,camera_3,removed,73
1333,6665,222.167,camera_4,new_track,34
1333,6665,222.167,camera_7,lost_track,21
1334,6670,222.333,camera_7,removed,-1
1335,6675,222.5,camera_1,new_track,53
1335,6675,222.5,camera_3,lost_track,82
1336,6680,222.667,camera_3,reacquired,82
1336,6680,222.667,camera_3,lost_track,80
1336,6680,222.667,camera_5,removed,110
1338,6690,223.0,camera_3,reacquired,80
1338,6690,223.0,camera_3,removed,-1
1338,6690,223.0,camera_4,lost_track,34
1340,6700,223.333,camera_1,lost_track,53
1340,6700,223.333,camera_1,removed,52
1340,6700,223.333,camera_2,new_track,84
1340,6700,223.333,camera_5,removed,-1
1341,6705,223.5,camera_1,reacquired,53
1341,6705,223.5,camera_1,removed,-1
1341,6705,223.5,camera_3,lost_track,84
1341,6705,223.5,camera_7,new_track,22
1342,6710,223.667,camera_1,new_track,54
1342,6710,223.667,camera_3,reacquired,83
1343,6715,223.833,camera_1,lost_track,54
1344,6720,224.0,camera_3,lost_track,80
1345,6725,224.167,camera_5,removed,-1
1345,6725,224.167,camera_7,lost_track,22
1346,6730,224.333,camera_1,lost_track,53
1346,6730,224.333,camera_2,lost_track,84
1347,6735,224.5,camera_3,new_track,86
1347,6735,224.5,camera_3,removed,-1
1350,6750,225.0,camera_3,new_track,87
1350,6750,225.0,camera_3,removed,-1
1351,6755,225.167,camera_3,removed,62
1352,6760,225.333,camera_2,removed,-1
1353,6765,225.5,camera_7,new_track,23
1354,6770,225.667,camera_3,removed,-1
1355,6775,225.833,camera_3,reacquired,80
1355,6775,225.833,camera_3,lost_track,85
1355,6775,225.833,camera_5,lost_track,106
1356,6780,226.0,camera_3,reacquired,85
1356,6780,226.0,camera_5,removed,-1
1357,6785,226.167,camera_1,new_track,55
1357,6785,226.167,camera_3,lost_track,80
1357,6785,226.167,camera_6,removed,42
1357,6785,226.167,camera_7,lost_track,23
1358,6790,226.333,camera_2,removed,-1
1358,6790,226.333,camera_3,lost_track,82
1358,6790,226.333,camera_3,lost_track,87
1358,6790,226.333,camera_6,removed,41
1359,6795,226.5,camera_2,new_track,85
1359,6795,226.5,camera_3,new_track,88
1359,6795,226.5,camera_3,lost_track,83
1359,6795,226.5,camera_3,removed,-1
1359,6795,226.5,camera_5,removed,113
1359,6795,226.5,camera_5,removed,109
1360,6800,226.667,camera_3,reacquired,82
1360,6800,226.667,camera_3,lost_track,88
1360,6800,226.667,camera_7,removed,20
1362,6810,227.0,camera_3,reacquired,84
1362,6810,227.0,camera_3,lost_track,82
1363,6815,227.167,camera_3,lost_track,84
1363,6815,227.167,camera_6,removed,-1
1363,6815,227.167,camera_7,removed,21
1364,6820,227.333,camera_2,lost_track,1
1364,6820,227.333,camera_3,new_track,89
1364,6820,227.333,camera_3,removed,-1
1364,6820,227.333,camera_7,new_track,24
1365,6825,227.5,camera_2,reacquired,1
1365,6825,227.5,camera_3,reacquired,84
1365,6825,227.5,camera_6,new_track,43
1366,6830,227.667,camera_3,lost_track,84
1367,6835,227.833,camera_2,lost_track,83
1367,6835,227.833,camera_7,lost_track,24
1368,6840,228.0,camera_3,new_track,90
1368,6840,228.0,camera_3,reacquired,87
1368,6840,228.0,camera_3,lost_track,89
1368,6840,228.0,camera_4,removed,34
1368,6840,228.0,camera_7,new_track,25
1369,6845,228.167,camera_3,new_track,91
1370,6850,228.333,camera_2,reacquired,83
1370,6850,228.333,camera_3,lost_track,85
1371,6855,228.5,camera_3,lost_track,91
1371,6855,228.5,camera_3,lost_track,87
1372,6860,228.667,camera_3,reacquired,83
1372,6860,228.667,camera_3,reacquired,87
1373,6865,228.833,camera_1,removed,54
1373,6865,228.833,camera_3,lost_track,90
1373,6865,228.833,camera_3,removed,-1
1373,6865,228.833,camera_7,lost_track,25
1374,6870,229.0,camera_3,reacquired,90
1374,6870,229.0,camera_3,lost_track,48
1374,6870,229.0,camera_3,lost_track,87
1374,6870,229.0,camera_7,removed,-1
1375,6875,229.167,camera_3,reacquired,48
1375,6875,229.167,camera_3,removed,-1
1375,6875,229.167,camera_7,reacquired,25
1375,6875,229.167,camera_7,removed,22
1376,6880,229.333,camera_1,removed,53
1376,6880,229.333,camera_2,removed,84
1376,6880,229.333,camera_3,reacquired,80
1376,6880,229.333,camera_3,reacquired,85
1376,6880,229.333,camera_7,removed,-1
1377,6885,229.5,camera_2,lost_track,1
1377,6885,229.5,camera_3,reacquired,87
1377,6885,229.5,camera_3,lost_track,80
1377,6885,229.5,camera_7,lost_track,25
1378,6890,229.667,camera_3,lost_track,87
1378,6890,229.667,camera_7,reacquired,25
1378,6890,229.667,camera_7,removed,-1
1379,6895,229.833,camera_2,new_track,86
1379,6895,229.833,camera_2,reacquired,1
1379,6895,229.833,camera_3,reacquired,80
1379,6895,229.833,camera_3,reacquired,87
1379,6895,229.833,camera_7,lost_track,25
1380,6900,230.0,camera_2,lost_track,86
1380,6900,230.0,camera_3,lost_track,80
1380,6900,230.0,camera_3,lost_track,86
1380,6900,230.0,camera_6,new_track,44
1380,6900,230.0,camera_7,new_track,26
1382,6910,230.333,camera_6,lost_track,44
1383,6915,230.5,camera_6,lost_track,43
1383,6915,230.5,camera_7,removed,-1
1384,6920,230.667,camera_3,lost_track,87
1384,6920,230.667,camera_6,removed,-1
1384,6920,230.667,camera_7,new_track,27
1385,6925,230.833,camera_3,lost_track,83
1385,6925,230.833,camera_3,removed,-1
1385,6925,230.833,camera_5,removed,106
1385,6925,230.833,camera_7,reacquired,25
1385,6925,230.833,camera_7,lost_track,27
1385,6925,230.833,camera_7,removed,-1
1386,6930,231.0,camera_3,lost_track,90
1387,6935,231.167,camera_3,reacquired,90
1387,6935,231.167,camera_7,removed,23
1388,6940,231.333,camera_3,new_track,92
1388,6940,231.333,camera_3,reacquired,83
1388,6940,231.333,camera_3,lost_track,48
1389,6945,231.5,camera_3,lost_track,92
1390,6950,231.667,camera_3,removed,88
1390,6950,231.667,camera_3,removed,-1
1391,6955,231.833,camera_3,new_track,93
1391,6955,231.833,camera_3,reacquired,87
1392,6960,232.0,camera_3,removed,82
1392,6960,232.0,camera_7,lost_track,25
1392,6960,232.0,camera_7,lost_track,26
1393,6965,232.167,camera_3,new_track,94
1393,6965,232.167,camera_3,lost_track,93
1393,6965,232.167,camera_7,new_track,28
1394,6970,232.333,camera_3,lost_track,94
1394,6970,232.333,camera_7,reacquired,26
1395,6975,232.5,camera_7,reacquired,25
1395,6975,232.5,camera_7,lost_track,28
1395,6975,232.5,camera_7,removed,-1
1396,6980,232.667,camera_3,removed,84
1396,6980,232.667,camera_7,lost_track,26
1397,6985,232.833,camera_7,removed,24
1398,6990,233.0,camera_3,removed,89
1398,6990,233.0,camera_7,reacquired,27
1398,6990,233.0,camera_7,lost_track,25
1399,6995,233.167,camera_6,reacquired,44
1399,6995,233.167,camera_7,new_track,29
1399,6995,233.167,camera_7,lost_track,27
1400,7000,233.333,camera_3,removed,-1
1400,7000,233.333,camera_7,removed,-1
1401,7005,233.5,camera_3,lost_track,87
1401,7005,233.5,camera_3,removed,91
1402,7010,233.667,camera_3,reacquired,80
1402,7010,233.667,camera_3,reacquired,92
1402,7010,233.667,camera_6,removed,-1
1403,7015,233.833,camera_3,lost_track,90
1404,7020,234.0,camera_1,new_track,56
1404,7020,234.0,camera_2,new_track,87
1404,7020,234.0,camera_2,lost_track,85
1404,7020,234.0,camera_3,reacquired,90
1404,7020,234.0,camera_3,lost_track,80
1405,7025,234.167,camera_2,reacquired,85
1405,7025,234.167,camera_2,lost_track,87
1405,7025,234.167,camera_2,removed,-1
1406,7030,234.333,camera_3,lost_track,92
1406,7030,234.333,camera_3,lost_track,85
1407,7035,234.5,camera_1,lost_track,55
1407,7035,234.5,camera_3,reacquired,94
1407,7035,234.5,camera_7,lost_track,29
1408,7040,234.667,camera_3,reacquired,80
1408,7040,234.667,camera_3,removed,-1
1408,7040,234.667,camera_7,new_track,30
1408,7040,234.667,camera_7,removed,-1
1409,7045,234.833,camera_1,reacquired,55
1409,7045,234.833,camera_1,lost_track,56
1409,7045,234.833,camera_3,reacquired,85
1409,7045,234.833,camera_3,lost_track,80
1410,7050,235.0,camera_2,removed,86
1410,7050,235.0,camera_3,lost_track,90
1410,7050,235.0,camera_3,lost_track,94
1410,7050,235.0,camera_3,removed,86
1410,7050,235.0,camera_5,new_track,114
1411,7055,235.167,camera_1,new_track,57
1411,7055,235.167,camera_3,reacquired,93
1411,7055,235.167,camera_3,reacquired,94
1411,7055,235.167,camera_3,removed,-1
1412,7060,235.333,camera_3,lost_track,93
1412,7060,235.333,camera_5,new_track,115
1413,7065,235.5,camera_5,lost_track,115
1413,7065,235.5,camera_6,lost_track,44
1413,7065,235.5,camera_6,removed,43
1413,7065,235.5,camera_7,lost_track,30
1414,7070,235.667,camera_6,removed,-1
1415,7075,235.833,camera_1,lost_track,57
1415,7075,235.833,camera_2,lost_track,85
1417,7085,236.167,camera_3,lost_track,94
1418,7090,236.333,camera_3,reacquired,94
1418,7090,236.333,camera_3,removed,48
1418,7090,236.333,camera_5,new_track,116
1418,7090,236.333,camera_5,reacquired,115
1418,7090,236.333,camera_5,removed,-1
1420,7100,236.667,camera_3,reacquired,80
1420,7100,236.667,camera_3,lost_track,85
1421,7105,236.833,camera_3,reacquired,85
1421,7105,236.833,camera_3,lost_track,80
1422,7110,237.0,camera_3,lost_track,94
1422,7110,237.0,camera_5,new_track,117
1424,7120,237.333,camera_3,reacquired,94
1424,7120,237.333,camera_5,new_track,118
1424,7120,237.333,camera_5,lost_track,115
1425,7125,237.5,camera_7,removed,28
1426,7130,237.667,camera_5,new_track,119
1426,7130,237.667,camera_5,reacquired,115
1426,7130,237.667,camera_7,removed,26
1427,7135,237.833,camera_3,new_track,95
1427,7135,237.833,camera_3,lost_track,94
1427,7135,237.833,camera_5,lost_track,117
1427,7135,237.833,camera_5,lost_track,118
1428,7140,238.0,camera_3,reacquired,94
1428,7140,238.0,camera_3,lost_track,95
1428,7140,238.0,camera_5,lost_track,115
1428,7140,238.0,camera_5,lost_track,119
1428,7140,238.0,camera_7,reacquired,30
1428,7140,238.0,camera_7,removed,25
1429,7145,238.167,camera_1,new_track,58
1429,7145,238.167,camera_3,reacquired,80
1429,7145,238.167,camera_5,new_track,120
1429,7145,238.167,camera_5,new_track,121
1429,7145,238.167,camera_5,lost_track,114
1429,7145,238.167,camera_5,removed,-1
1429,7145,238.167,camera_7,removed,27
1429,7145,238.167,camera_7,removed,-1
1430,7150,238.333,camera_2,new_track,88
1430,7150,238.333,camera_3,lost_track,80
1430,7150,238.333,camera_5,reacquired,115
1430,7150,238.333,camera_5,lost_track,120
1431,7155,238.5,camera_3,reacquired,95
1431,7155,238.5,camera_3,lost_track,94
1431,7155,238.5,camera_3,removed,87
1432,7160,238.667,camera_2,lost_track,88
1432,7160,238.667,camera_5,lost_track,115
1432,7160,238.667,camera_5,lost_track,116
1432,7160,238.667,camera_7,new_track,31
1433,7165,238.833,camera_1,lost_track,58
1434,7170,239.0,camera_3,reacquired,94
1434,7170,239.0,camera_3,lost_track,95
1434,7170,239.0,camera_7,lost_track,31
1435,7175,239.167,camera_2,new_track,89
1435,7175,239.167,camera_2,removed,87
1435,7175,239.167,camera_3,lost_track,94
1436,7180,239.333,camera_2,removed,-1
1436,7180,239.333,camera_3,removed,92
1436,7180,239.333,camera_3,removed,-1
1437,7185,239.5,camera_2,reacquired,88
1437,7185,239.5,camera_2,lost_track,89
1437,7185,239.5,camera_7,removed,29
1438,7190,239.667,camera_6,removed,-1
1439,7195,239.833,camera_1,removed,56
1439,7195,239.833,camera_3,new_track,96
1439,7195,239.833,camera_5,reacquired,115
1440,7200,240.0,camera_3,reacquired,93
1440,7200,240.0,camera_3,removed,90
1440,7200,240.0,camera_5,reacquired,120
1440,7200,240.0,camera_6,new_track,45
1441,7205,240.167,camera_1,removed,-1
1441,7205,240.167,camera_5,lost_track,120
1443,7215,240.5,camera_1,new_track,59
1443,7215,240.5,camera_6,removed,44
1443,7215,240.5,camera_7,removed,-1
1444,7220,240.667,camera_3,lost_track,85
1444,7220,240.667,camera_5,lost_track,115
1445,7225,240.833,camera_1,removed,57
1445,7225,240.833,camera_2,removed,85
1445,7225,240.833,camera_3,reacquired,85
1445,7225,240.833,camera_3,lost_track,93
1445,7225,240.833,camera_5,removed,-1
1446,7230,241.0,camera_7,lost_track,19
1447,7235,241.167,camera_3,reacquired,80
1447,7235,241.167,camera_3,lost_track,96
1447,7235,241.167,camera_7,reacquired,19
1448,7240,241.333,camera_3,reacquired,96
1449,7245,241.5,camera_1,lost_track,59
1450,7250,241.667,camera_1,reacquired,59
1450,7250,241.667,camera_1,removed,-1
1450,7250,241.667,camera_2,removed,-1
1450,7250,241.667,camera_3,lost_track,96
1450,7250,241.667,camera_5,reacquired,115
1450,7250,241.667,camera_7,removed,-1
1451,7255,241.833,camera_3,reacquired,96
1451,7255,241.833,camera_5,reacquired,120
1452,7260,242.0,camera_3,lost_track,96
1452,7260,242.0,camera_5,lost_track,115
1453,7265,242.167,camera_5,lost_track,120
1453,7265,242.167,camera_7,lost_track,19
1453,7265,242.167,camera_7,removed,-1
1455,7275,242.5,camera_7,reacquired,19
1456,7280,242.667,camera_3,reacquired,96
1457,7285,242.833,camera_5,removed,117
1457,7285,242.833,camera_5,removed,118
1457,7285,242.833,camera_6,new_track,46
1458,7290,243.0,camera_3,lost_track,96
1458,7290,243.0,camera_5,reacquired,120
1458,7290,243.0,camera_5,removed,119
1459,7295,243.167,camera_3,reacquired,96
1459,7295,243.167,camera_5,removed,114
1459,7295,243.167,camera_6,lost_track,46
1460,7300,243.333,camera_5,lost_track,120
1460,7300,243.333,camera_7,removed,-1
1461,7305,243.5,camera_1,lost_track,55
1461,7305,243.5,camera_6,lost_track,45
1462,7310,243.667,camera_1,lost_track,59
1462,7310,243.667,camera_2,lost_track,88
1462,7310,243.667,camera_5,removed,116
1462,7310,243.667,camera_7,new_track,32
1463,7315,243.833,camera_1,removed,58
1464,7320,244.0,camera_2,lost_track,1
1464,7320,244.0,camera_3,removed,95
1464,7320,244.0,camera_7,lost_track,32
1464,7320,244.0,camera_7,removed,31
1465,7325,244.167,camera_2,reacquired,1
1465,7325,244.167,camera_2,reacquired,88
1465,7325,244.167,camera_3,removed,94
1465,7325,244.167,camera_7,removed,-1
1466,7330,244.333,camera_1,removed,-1
1466,7330,244.333,camera_7,reacquired,32
1467,7335,244.5,camera_1,reacquired,55
1467,7335,244.5,camera_2,removed,89
1467,7335,244.5,camera_2,removed,-1
1468,7340,244.667,camera_1,removed,-1
1469,7345,244.833,camera_7,lost_track,32
1470,7350,245.0,camera_7,reacquired,32
1471,7355,245.167,camera_2,lost_track,88
1471,7355,245.167,camera_3,removed,-1
1472,7360,245.333,camera_3,lost_track,96
1472,7360,245.333,camera_7,lost_track,30
1473,7365,245.5,camera_3,lost_track,80
1473,7365,245.5,camera_4,new_track,35
1473,7365,245.5,camera_7,reacquired,30
1475,7375,245.833,camera_1,lost_track,55
1475,7375,245.833,camera_3,reacquired,80
1475,7375,245.833,camera_3,removed,93
1476,7380,246.0,camera_3,reacquired,96
1478,7390,246.333,camera_4,lost_track,35
1479,7395,246.5,camera_2,lost_track,1
1479,7395,246.5,camera_3,removed,-1
1479,7395,246.5,camera_4,new_track,36
1479,7395,246.5,camera_7,lost_track,32
1479,7395,246.5,camera_7,lost_track,30
1480,7400,246.667,camera_4,lost_track,36
1480,7400,246.667,camera_7,new_track,33
1480,7400,246.667,camera_7,reacquired,30
1481,7405,246.833,camera_3,lost_track,85
1481,7405,246.833,camera_3,removed,-1
1481,7405,246.833,camera_4,removed,-1
1481,7405,246.833,camera_7,lost_track,33
1482,7410,247.0,camera_2,new_track,90
1482,7410,247.0,camera_4,new_track,37
1482,7410,247.0,camera_5,removed,115
1482,7410,247.0,camera_7,removed,-1
1484,7420,247.333,camera_1,new_track,60
1484,7420,247.333,camera_3,lost_track,96
1485,7425,247.5,camera_3,reacquired,96
1485,7425,247.5,camera_3,removed,-1
1485,7425,247.5,camera_7,new_track,34
1486,7430,247.667,camera_2,new_track,91
1487,7435,247.833,camera_2,lost_track,91
1487,7435,247.833,camera_3,lost_track,96
1487,7435,247.833,camera_3,removed,-1
1487,7435,247.833,camera_5,removed,-1
1487,7435,247.833,camera_6,reacquired,46
1487,7435,247.833,camera_6,removed,-1
1487,7435,247.833,camera_7,lost_track,34
1488,7440,248.0,camera_7,removed,-1
1489,7445,248.167,camera_5,lost_track,121
1490,7450,248.333,camera_3,new_track,97
1490,7450,248.333,camera_5,removed,120
1490,7450,248.333,camera_6,new_track,47
1491,7455,248.5,camera_6,removed,45
1492,7460,248.667,camera_1,removed,59
1493,7465,248.833,camera_5,new_track,122
1494,7470,249.0,camera_6,new_track,48
1496,7480,249.333,camera_5,new_track,123
1496,7480,249.333,camera_6,lost_track,48
1496,7480,249.333,camera_6,lost_track,47
1497,7485,249.5,camera_3,new_track,98
1497,7485,249.5,camera_4,lost_track,37
1497,7485,249.5,camera_5,lost_track,123
1498,7490,249.667,camera_3,lost_track,98
1498,7490,249.667,camera_7,new_track,35
1499,7495,249.833,camera_6,removed,-1
1500,7500,250.0,camera_2,new_track,92
1500,7500,250.0,camera_5,removed,-1
1500,7500,250.0,camera_7,lost_track,35
1501,7505,250.167,camera_2,removed,88
1501,7505,250.167,camera_3,new_track,99
1501,7505,250.167,camera_3,new_track,100
1501,7505,250.167,camera_3,lost_track,97
1502,7510,250.333,camera_3,reacquired,97
1503,7515,250.5,camera_1,removed,-1
1503,7515,250.5,camera_3,lost_track,100
1503,7515,250.5,camera_3,removed,-1
1503,7515,250.5,camera_7,lost_track,30
1504,7520,250.667,camera_2,lost_track,92
1504,7520,250.667,camera_3,reacquired,100
1504,7520,250.667,camera_7,removed,-1
1505,7525,250.833,camera_1,removed,55
1505,7525,250.833,camera_3,lost_track,100
1506,7530,251.0,camera_3,lost_track,97
1507,7535,251.167,camera_3,removed,-1
1507,7535,251.167,camera_7,new_track,36
1508,7540,251.333,camera_4,removed,35
1509,7545,251.5,camera_2,removed,1
1509,7545,251.5,camera_3,lost_track,99
1509,7545,251.5,camera_7,removed,32
1510,7550,251.667,camera_4,removed,36
1511,7555,251.833,camera_3,removed,85
1511,7555,251.833,camera_6,lost_track,46
1511,7555,251.833,camera_7,removed,33
1512,7560,252.0,camera_6,removed,-1
1513,7565,252.167,camera_3,new_track,101
1513,7565,252.167,camera_3,reacquired,97
1513,7565,252.167,camera_3,removed,-1
1514,7570,252.333,camera_3,lost_track,97
1514,7570,252.333,camera_5,removed,-1
1514,7570,252.333,camera_7,lost_track,36
1515,7575,252.5,camera_7,reacquired,36
1515,7575,252.5,camera_7,removed,-1
1516,7580,252.667,camera_2,new_track,93
1517,7585,252.833,camera_2,removed,91
1517,7585,252.833,camera_3,lost_track,101
1517,7585,252.833,camera_3,removed,96
1517,7585,252.833,camera_3,removed,-1
1517,7585,252.833,camera_7,removed,34
1518,7590,253.0,camera_1,new_track,61
1518,7590,253.0,camera_3,reacquired,101
1518,7590,253.0,camera_5,lost_track,122
1518,7590,253.0,camera_7,lost_track,36
1519,7595,253.167,camera_2,removed,-1
1519,7595,253.167,camera_5,removed,121
1519,7595,253.167,camera_6,new_track,49
1519,7595,253.167,camera_7,removed,-1
1521,7605,253.5,camera_5,removed,-1
1521,7605,253.5,camera_6,removed,-1
1522,7610,253.667,camera_5,new_track,124
1522,7610,253.667,camera_6,new_track,50
1524,7620,254.0,camera_2,lost_track,93
1525,7625,254.167,camera_2,new_track,94
1525,7625,254.167,camera_6,lost_track,50
1526,7630,254.333,camera_3,removed,-1
1526,7630,254.333,camera_6,removed,48
1526,7630,254.333,camera_6,removed,-1
1526,7630,254.333,camera_6,removed,47
1527,7635,254.5,camera_4,removed,37
1527,7635,254.5,camera_5,removed,123
1528,7640,254.667,camera_3,removed,98
1530,7650,255.0,camera_7,removed,35
1533,7665,255.5,camera_7,removed,30
1534,7670,255.667,camera_2,removed,92
1534,7670,255.667,camera_2,removed,-1
1535,7675,255.833,camera_2,new_track,95
1535,7675,255.833,camera_3,removed,100
1537,7685,256.167,camera_2,lost_track,95
1538,7690,256.333,camera_2,new_track,96
1539,7695,256.5,camera_2,lost_track,96
1539,7695,256.5,camera_3,reacquired,99
1539,7695,256.5,camera_3,removed,-1
1539,7695,256.5,camera_6,lost_track,49
1540,7700,256.667,camera_1,lost_track,61
1540,7700,256.667,camera_6,removed,-1
1541,7705,256.833,camera_1,lost_track,60
1541,7705,256.833,camera_2,lost_track,90
1541,7705,256.833,camera_3,lost_track,99
1541,7705,256.833,camera_6,removed,46
1542,7710,257.0,camera_2,new_track,97
1542,7710,257.0,camera_4,new_track,38
1542,7710,257.0,camera_5,new_track,125
1544,7720,257.333,camera_2,lost_track,94
1544,7720,257.333,camera_2,removed,-1
1544,7720,257.333,camera_3,removed,97
1544,7720,257.333,camera_4,removed,-1
1544,7720,257.333,camera_5,lost_track,125
1545,7725,257.5,camera_3,lost_track,80
1545,7725,257.5,camera_3,removed,-1
1546,7730,257.667,camera_5,lost_track,124
1547,7735,257.833,camera_4,new_track,39
1548,7740,258.0,camera_2,new_track,98
1548,7740,258.0,camera_5,removed,122
1548,7740,258.0,camera_7,removed,36
